{"type":"FeatureCollection","metadata":{"gemeente":"Apeldoorn","slug":"apeldoorn","by_category":{"bus_halte":393,"glasbak":324,"fietsenstalling":63,"supermarkt":50,"parkeergarage":49,"bouwmarkt":32,"sportveld":25,"drogisterij":23,"ov_knooppunt":10,"ns_station":7,"hogeschool":5,"milieustraat":4,"bibliotheek":4,"universiteit":4,"middelbare_school":4,"p_and_r":3,"ziekenhuis":2,"gemeentehuis":1,"winkelcentrum":1},"total":1004},"features":[{"type":"Feature","geometry":{"type":"Point","coordinates":[5.986678,52.159979]},"properties":{"category":"ns_station","name":"Beekbergen","operator":"Veluwsche Stoomtrein Maatschappij","osm_id":"node/2235176450"}},{"type":"Feature","geometry":{"type":"Point","coordinates":[6.003991,52.148288]},"properties":{"category":"ns_station","name":"Immenbergweg","operator":"Veluwsche Stoomtrein Maatschappij","osm_id":"node/2235176452"}},{"type":"Feature","geometry":{"type":"Point","coordinates":[6.029357,52.129368]},"properties":{"category":"ns_station","name":"Loenen","operator":"Veluwsche Stoomtrein Maatschappij","osm_id":"node/2235179252"}},{"type":"Feature","geometry":{"type":"Point","coordinates":[5.969786,52.208986]},"properties":{"category":"ns_station","name":"Apeldoorn","operator":"Veluwsche Stoomtrein Maatschappij","osm_id":"node/2235186029"}},{"type":"Feature","geometry":{"type":"Point","coordinates":[5.968973,52.209278]},"properties":{"category":"ns_station","name":"Apeldoorn","operator":"Nederlandse Spoorwegen","osm_id":"node/4530820009"}},{"type":"Feature","geometry":{"type":"Point","coordinates":[6.006105,52.215733]},"properties":{"category":"ns_station","name":"Apeldoorn Osseveld","operator":"","osm_id":"node/7606517379"}},{"type":"Feature","geometry":{"type":"Point","coordinates":[6.000663,52.205221]},"properties":{"category":"ns_station","name":"Apeldoorn De Maten","operator":"","osm_id":"node/7606517380"}},{"type":"Feature","geometry":{"type":"Point","coordinates":[5.959846,52.198869]},"properties":{"category":"bus_halte","name":"Eendrachtstraat","operator":"","osm_id":"node/45664676"}},{"type":"Feature","geometry":{"type":"Point","coordinates":[5.962212,52.179894]},"properties":{"category":"bus_halte","name":"Laan van Westenenk","operator":"","osm_id":"node/252801333"}},{"type":"Feature","geometry":{"type":"Point","coordinates":[5.941334,52.195184]},"properties":{"category":"bus_halte","name":"Schumanpark","operator":"","osm_id":"node/340367713"}},{"type":"Feature","geometry":{"type":"Point","coordinates":[5.997947,52.201892]},"properties":{"category":"bus_halte","name":"Laan van Erica","operator":"","osm_id":"node/343397188"}},{"type":"Feature","geometry":{"type":"Point","coordinates":[5.979816,52.199474]},"properties":{"category":"bus_halte","name":"Savornin Lohmanstraat","operator":"","osm_id":"node/385535401"}},{"type":"Feature","geometry":{"type":"Point","coordinates":[5.951767,52.186988]},"properties":{"category":"bus_halte","name":"Middachten","operator":"","osm_id":"node/464736970"}},{"type":"Feature","geometry":{"type":"Point","coordinates":[5.951995,52.186297]},"properties":{"category":"bus_halte","name":"Middachten","operator":"","osm_id":"node/464736971"}},{"type":"Feature","geometry":{"type":"Point","coordinates":[5.951201,52.182595]},"properties":{"category":"bus_halte","name":"Zuster Meyboomlaan","operator":"","osm_id":"node/467126236"}},{"type":"Feature","geometry":{"type":"Point","coordinates":[5.962053,52.186434]},"properties":{"category":"bus_halte","name":"Chopinlaan","operator":"","osm_id":"node/559539038"}},{"type":"Feature","geometry":{"type":"Point","coordinates":[5.958919,52.203321]},"properties":{"category":"bus_halte","name":"Zichtweg","operator":"","osm_id":"node/559555963"}},{"type":"Feature","geometry":{"type":"Point","coordinates":[5.959489,52.198985]},"properties":{"category":"bus_halte","name":"Eendrachtstraat","operator":"","osm_id":"node/559555965"}},{"type":"Feature","geometry":{"type":"Point","coordinates":[5.962017,52.195391]},"properties":{"category":"bus_halte","name":"Aluminiumweg","operator":"","osm_id":"node/559555966"}},{"type":"Feature","geometry":{"type":"Point","coordinates":[5.962093,52.192043]},"properties":{"category":"bus_halte","name":"Sebastiaanplein","operator":"","osm_id":"node/559572119"}},{"type":"Feature","geometry":{"type":"Point","coordinates":[5.958568,52.203136]},"properties":{"category":"bus_halte","name":"Zichtweg","operator":"","osm_id":"node/578455567"}},{"type":"Feature","geometry":{"type":"Point","coordinates":[6.041869,52.133465]},"properties":{"category":"bus_halte","name":"Voorsterweg","operator":"","osm_id":"node/593875496"}},{"type":"Feature","geometry":{"type":"Point","coordinates":[5.961586,52.16378]},"properties":{"category":"bus_halte","name":"Hagenbrug","operator":"","osm_id":"node/635988463"}},{"type":"Feature","geometry":{"type":"Point","coordinates":[5.961765,52.163697]},"properties":{"category":"bus_halte","name":"Hagenbrug","operator":"","osm_id":"node/635988465"}},{"type":"Feature","geometry":{"type":"Point","coordinates":[5.961917,52.179962]},"properties":{"category":"bus_halte","name":"Laan van Westenenk","operator":"","osm_id":"node/635988467"}},{"type":"Feature","geometry":{"type":"Point","coordinates":[5.962254,52.187464]},"properties":{"category":"bus_halte","name":"Chopinlaan","operator":"","osm_id":"node/635988481"}},{"type":"Feature","geometry":{"type":"Point","coordinates":[5.962296,52.19591]},"properties":{"category":"bus_halte","name":"Aluminiumweg","operator":"","osm_id":"node/635988484"}},{"type":"Feature","geometry":{"type":"Point","coordinates":[5.961606,52.210436]},"properties":{"category":"bus_halte","name":"Amaliapark","operator":"","osm_id":"node/635988488"}},{"type":"Feature","geometry":{"type":"Point","coordinates":[5.961384,52.210619]},"properties":{"category":"bus_halte","name":"Amaliapark","operator":"","osm_id":"node/635988492"}},{"type":"Feature","geometry":{"type":"Point","coordinates":[6.017417,52.11651]},"properties":{"category":"bus_halte","name":"Bruisbeek","operator":"","osm_id":"node/635988498"}},{"type":"Feature","geometry":{"type":"Point","coordinates":[6.017634,52.116078]},"properties":{"category":"bus_halte","name":"Bruisbeek","operator":"","osm_id":"node/635988502"}},{"type":"Feature","geometry":{"type":"Point","coordinates":[5.930071,52.184377]},"properties":{"category":"bus_halte","name":"De Cloese","operator":"","osm_id":"node/638746757"}},{"type":"Feature","geometry":{"type":"Point","coordinates":[5.931463,52.199035]},"properties":{"category":"bus_halte","name":"Paulus Potterlaan","operator":"","osm_id":"node/638746758"}},{"type":"Feature","geometry":{"type":"Point","coordinates":[5.930884,52.201338]},"properties":{"category":"bus_halte","name":"Ordenplein","operator":"","osm_id":"node/638746759"}},{"type":"Feature","geometry":{"type":"Point","coordinates":[5.929431,52.204617]},"properties":{"category":"bus_halte","name":"Mandala","operator":"","osm_id":"node/638746761"}},{"type":"Feature","geometry":{"type":"Point","coordinates":[5.929609,52.204442]},"properties":{"category":"bus_halte","name":"Mandala","operator":"","osm_id":"node/638746762"}},{"type":"Feature","geometry":{"type":"Point","coordinates":[5.949986,52.179645]},"properties":{"category":"bus_halte","name":"Randerode","operator":"","osm_id":"node/638746767"}},{"type":"Feature","geometry":{"type":"Point","coordinates":[5.950623,52.190162]},"properties":{"category":"bus_halte","name":"Vlietweg","operator":"","osm_id":"node/638746773"}},{"type":"Feature","geometry":{"type":"Point","coordinates":[5.951218,52.190733]},"properties":{"category":"bus_halte","name":"Vlietweg","operator":"","osm_id":"node/638746776"}},{"type":"Feature","geometry":{"type":"Point","coordinates":[5.954262,52.192077]},"properties":{"category":"bus_halte","name":"Hoenderparkweg","operator":"","osm_id":"node/638746777"}},{"type":"Feature","geometry":{"type":"Point","coordinates":[5.932604,52.198797]},"properties":{"category":"bus_halte","name":"Rembrandtlaan","operator":"","osm_id":"node/638746778"}},{"type":"Feature","geometry":{"type":"Point","coordinates":[5.934277,52.203038]},"properties":{"category":"bus_halte","name":"Albert Cuyplaan","operator":"","osm_id":"node/638746780"}},{"type":"Feature","geometry":{"type":"Point","coordinates":[5.938596,52.202123]},"properties":{"category":"bus_halte","name":"Mauvestraat","operator":"","osm_id":"node/638746782"}},{"type":"Feature","geometry":{"type":"Point","coordinates":[5.939073,52.204185]},"properties":{"category":"bus_halte","name":"Eburonenstraat","operator":"","osm_id":"node/638746783"}},{"type":"Feature","geometry":{"type":"Point","coordinates":[5.94161,52.204773]},"properties":{"category":"bus_halte","name":"Edelweisslaan","operator":"","osm_id":"node/638746786"}},{"type":"Feature","geometry":{"type":"Point","coordinates":[5.945053,52.205454]},"properties":{"category":"bus_halte","name":"Blekersweg","operator":"","osm_id":"node/638746795"}},{"type":"Feature","geometry":{"type":"Point","coordinates":[5.946178,52.20571]},"properties":{"category":"bus_halte","name":"Blekersweg","operator":"","osm_id":"node/638746796"}},{"type":"Feature","geometry":{"type":"Point","coordinates":[5.949427,52.206533]},"properties":{"category":"bus_halte","name":"Prinses Beatrixlaan","operator":"","osm_id":"node/638746799"}},{"type":"Feature","geometry":{"type":"Point","coordinates":[5.949399,52.206664]},"properties":{"category":"bus_halte","name":"Prinses Beatrixlaan","operator":"","osm_id":"node/638746800"}},{"type":"Feature","geometry":{"type":"Point","coordinates":[5.955826,52.192623]},"properties":{"category":"bus_halte","name":"Hoenderparkweg","operator":"","osm_id":"node/638746801"}},{"type":"Feature","geometry":{"type":"Point","coordinates":[5.962269,52.193231]},"properties":{"category":"bus_halte","name":"Sebastiaanplein","operator":"","osm_id":"node/638746802"}},{"type":"Feature","geometry":{"type":"Point","coordinates":[5.958442,52.206061]},"properties":{"category":"bus_halte","name":"Laan van de Mensenrechten","operator":"","osm_id":"node/638746812"}},{"type":"Feature","geometry":{"type":"Point","coordinates":[5.975353,52.206082]},"properties":{"category":"bus_halte","name":"Condorweg","operator":"","osm_id":"node/638746819"}},{"type":"Feature","geometry":{"type":"Point","coordinates":[5.927223,52.213787]},"properties":{"category":"bus_halte","name":"Apenheul","operator":"","osm_id":"node/638746821"}},{"type":"Feature","geometry":{"type":"Point","coordinates":[5.916216,52.227847]},"properties":{"category":"bus_halte","name":"Koningin Julianatoren","operator":"","osm_id":"node/638746822"}},{"type":"Feature","geometry":{"type":"Point","coordinates":[5.916902,52.227977]},"properties":{"category":"bus_halte","name":"Koningin Julianatoren","operator":"","osm_id":"node/638746823"}},{"type":"Feature","geometry":{"type":"Point","coordinates":[5.933911,52.210886]},"properties":{"category":"bus_halte","name":"Waltersingel","operator":"","osm_id":"node/638746828"}},{"type":"Feature","geometry":{"type":"Point","coordinates":[5.940137,52.211728]},"properties":{"category":"bus_halte","name":"Belastingkantoor","operator":"","osm_id":"node/638746831"}},{"type":"Feature","geometry":{"type":"Point","coordinates":[5.932664,52.215703]},"properties":{"category":"bus_halte","name":"Jachtlaan","operator":"","osm_id":"node/638746833"}},{"type":"Feature","geometry":{"type":"Point","coordinates":[5.953348,52.20806]},"properties":{"category":"bus_halte","name":"Ritbroekstraat","operator":"","osm_id":"node/638746841"}},{"type":"Feature","geometry":{"type":"Point","coordinates":[5.954314,52.208247]},"properties":{"category":"bus_halte","name":"Ritbroekstraat","operator":"","osm_id":"node/638746842"}},{"type":"Feature","geometry":{"type":"Point","coordinates":[5.944667,52.213517]},"properties":{"category":"bus_halte","name":"Schuttersweg","operator":"","osm_id":"node/638746843"}},{"type":"Feature","geometry":{"type":"Point","coordinates":[5.945663,52.214239]},"properties":{"category":"bus_halte","name":"Schuttersweg","operator":"","osm_id":"node/638746844"}},{"type":"Feature","geometry":{"type":"Point","coordinates":[5.949207,52.216011]},"properties":{"category":"bus_halte","name":"Bartelsweg","operator":"","osm_id":"node/638746845"}},{"type":"Feature","geometry":{"type":"Point","coordinates":[5.949559,52.216005]},"properties":{"category":"bus_halte","name":"Bartelsweg","operator":"","osm_id":"node/638746846"}},{"type":"Feature","geometry":{"type":"Point","coordinates":[5.954433,52.215564]},"properties":{"category":"bus_halte","name":"Politiebureau","operator":"","osm_id":"node/638746847"}},{"type":"Feature","geometry":{"type":"Point","coordinates":[5.954107,52.215782]},"properties":{"category":"bus_halte","name":"Politiebureau","operator":"","osm_id":"node/638746848"}},{"type":"Feature","geometry":{"type":"Point","coordinates":[5.95291,52.217019]},"properties":{"category":"bus_halte","name":"Burgemeester des Tombesplein","operator":"","osm_id":"node/638746849"}},{"type":"Feature","geometry":{"type":"Point","coordinates":[5.953149,52.217081]},"properties":{"category":"bus_halte","name":"Burgemeester des Tombesplein","operator":"","osm_id":"node/638746850"}},{"type":"Feature","geometry":{"type":"Point","coordinates":[5.944058,52.227363]},"properties":{"category":"bus_halte","name":"Paleis 't Loo","operator":"","osm_id":"node/638746855"}},{"type":"Feature","geometry":{"type":"Point","coordinates":[5.954406,52.221163]},"properties":{"category":"bus_halte","name":"Grote Kerk","operator":"","osm_id":"node/638746858"}},{"type":"Feature","geometry":{"type":"Point","coordinates":[5.953642,52.221657]},"properties":{"category":"bus_halte","name":"Grote Kerk","operator":"","osm_id":"node/638746859"}},{"type":"Feature","geometry":{"type":"Point","coordinates":[5.945021,52.227619]},"properties":{"category":"bus_halte","name":"Paleis 't Loo","operator":"","osm_id":"node/638746860"}},{"type":"Feature","geometry":{"type":"Point","coordinates":[5.947586,52.22674]},"properties":{"category":"bus_halte","name":"Gedenknaald","operator":"","osm_id":"node/638746861"}},{"type":"Feature","geometry":{"type":"Point","coordinates":[5.947369,52.226677]},"properties":{"category":"bus_halte","name":"Gedenknaald","operator":"","osm_id":"node/638746862"}},{"type":"Feature","geometry":{"type":"Point","coordinates":[5.950088,52.22453]},"properties":{"category":"bus_halte","name":"Bosweg","operator":"","osm_id":"node/638746863"}},{"type":"Feature","geometry":{"type":"Point","coordinates":[5.950253,52.224593]},"properties":{"category":"bus_halte","name":"Bosweg","operator":"","osm_id":"node/638746864"}},{"type":"Feature","geometry":{"type":"Point","coordinates":[5.957687,52.215044]},"properties":{"category":"bus_halte","name":"Bibliotheek","operator":"","osm_id":"node/638746866"}},{"type":"Feature","geometry":{"type":"Point","coordinates":[5.958107,52.215071]},"properties":{"category":"bus_halte","name":"Bibliotheek","operator":"","osm_id":"node/638746867"}},{"type":"Feature","geometry":{"type":"Point","coordinates":[5.960209,52.214173]},"properties":{"category":"bus_halte","name":"Leienplein","operator":"","osm_id":"node/638746868"}},{"type":"Feature","geometry":{"type":"Point","coordinates":[5.960178,52.214083]},"properties":{"category":"bus_halte","name":"Leienplein","operator":"","osm_id":"node/638746869"}},{"type":"Feature","geometry":{"type":"Point","coordinates":[5.965088,52.2156]},"properties":{"category":"bus_halte","name":"Marktplein","operator":"","osm_id":"node/638746871"}},{"type":"Feature","geometry":{"type":"Point","coordinates":[5.965116,52.215771]},"properties":{"category":"bus_halte","name":"Marktplein","operator":"","osm_id":"node/638746872"}},{"type":"Feature","geometry":{"type":"Point","coordinates":[5.971209,52.216518]},"properties":{"category":"bus_halte","name":"Brug Deventerstraat","operator":"","osm_id":"node/638746874"}},{"type":"Feature","geometry":{"type":"Point","coordinates":[5.970925,52.216704]},"properties":{"category":"bus_halte","name":"Brug Deventerstraat","operator":"","osm_id":"node/638746875"}},{"type":"Feature","geometry":{"type":"Point","coordinates":[5.957879,52.218976]},"properties":{"category":"bus_halte","name":"Oranjepark/Kerklaan","operator":"","osm_id":"node/638746876"}},{"type":"Feature","geometry":{"type":"Point","coordinates":[5.961252,52.219452]},"properties":{"category":"bus_halte","name":"Oranjepark/Regentesselaan","operator":"","osm_id":"node/638746878"}},{"type":"Feature","geometry":{"type":"Point","coordinates":[5.961121,52.225154]},"properties":{"category":"bus_halte","name":"Emmaplein","operator":"","osm_id":"node/638746879"}},{"type":"Feature","geometry":{"type":"Point","coordinates":[5.970605,52.221684]},"properties":{"category":"bus_halte","name":"Johan Steenbergenstraat","operator":"","osm_id":"node/638746880"}},{"type":"Feature","geometry":{"type":"Point","coordinates":[5.972381,52.218142]},"properties":{"category":"bus_halte","name":"Oosterlaan","operator":"","osm_id":"node/638746882"}},{"type":"Feature","geometry":{"type":"Point","coordinates":[5.972436,52.218246]},"properties":{"category":"bus_halte","name":"Oosterlaan","operator":"","osm_id":"node/638746883"}},{"type":"Feature","geometry":{"type":"Point","coordinates":[5.96785,52.227364]},"properties":{"category":"bus_halte","name":"Einsteinlaan","operator":"","osm_id":"node/638746886"}},{"type":"Feature","geometry":{"type":"Point","coordinates":[5.968115,52.22797]},"properties":{"category":"bus_halte","name":"Einsteinlaan","operator":"","osm_id":"node/638746887"}},{"type":"Feature","geometry":{"type":"Point","coordinates":[5.970806,52.226462]},"properties":{"category":"bus_halte","name":"Zwitsal","operator":"","osm_id":"node/638746888"}},{"type":"Feature","geometry":{"type":"Point","coordinates":[5.971346,52.226085]},"properties":{"category":"bus_halte","name":"Zwitsal","operator":"","osm_id":"node/638746889"}},{"type":"Feature","geometry":{"type":"Point","coordinates":[5.961572,52.229272]},"properties":{"category":"bus_halte","name":"Mercatorplein","operator":"","osm_id":"node/638746894"}},{"type":"Feature","geometry":{"type":"Point","coordinates":[5.965236,52.235086]},"properties":{"category":"bus_halte","name":"Jacobus Fruytierschool","operator":"","osm_id":"node/638746897"}},{"type":"Feature","geometry":{"type":"Point","coordinates":[5.968108,52.229479]},"properties":{"category":"bus_halte","name":"Erasmusstraat","operator":"","osm_id":"node/638746898"}},{"type":"Feature","geometry":{"type":"Point","coordinates":[5.965897,52.230855]},"properties":{"category":"bus_halte","name":"Stephensonstraat","operator":"","osm_id":"node/638746899"}},{"type":"Feature","geometry":{"type":"Point","coordinates":[5.968301,52.229641]},"properties":{"category":"bus_halte","name":"Erasmusstraat","operator":"","osm_id":"node/638746900"}},{"type":"Feature","geometry":{"type":"Point","coordinates":[5.967353,52.232784]},"properties":{"category":"bus_halte","name":"Curiestraat","operator":"","osm_id":"node/638746901"}},{"type":"Feature","geometry":{"type":"Point","coordinates":[5.967637,52.232514]},"properties":{"category":"bus_halte","name":"Curiestraat","operator":"","osm_id":"node/638746902"}},{"type":"Feature","geometry":{"type":"Point","coordinates":[5.969724,52.236022]},"properties":{"category":"bus_halte","name":"Lage Kamp","operator":"","osm_id":"node/638746904"}},{"type":"Feature","geometry":{"type":"Point","coordinates":[5.96986,52.236175]},"properties":{"category":"bus_halte","name":"Lage Kamp","operator":"","osm_id":"node/638746906"}},{"type":"Feature","geometry":{"type":"Point","coordinates":[5.969751,52.238906]},"properties":{"category":"bus_halte","name":"Hogekampweg","operator":"","osm_id":"node/638746907"}},{"type":"Feature","geometry":{"type":"Point","coordinates":[5.969919,52.239376]},"properties":{"category":"bus_halte","name":"Hogekampweg","operator":"","osm_id":"node/638746908"}},{"type":"Feature","geometry":{"type":"Point","coordinates":[5.969811,52.241787]},"properties":{"category":"bus_halte","name":"Prinsenweide","operator":"","osm_id":"node/638746909"}},{"type":"Feature","geometry":{"type":"Point","coordinates":[5.969929,52.241712]},"properties":{"category":"bus_halte","name":"Prinsenweide","operator":"","osm_id":"node/638746911"}},{"type":"Feature","geometry":{"type":"Point","coordinates":[5.970173,52.243777]},"properties":{"category":"bus_halte","name":"Kathage","operator":"","osm_id":"node/638746913"}},{"type":"Feature","geometry":{"type":"Point","coordinates":[5.974937,52.244652]},"properties":{"category":"bus_halte","name":"Lage Brink","operator":"","osm_id":"node/638746914"}},{"type":"Feature","geometry":{"type":"Point","coordinates":[5.977999,52.194299]},"properties":{"category":"bus_halte","name":"Marchantstraat","operator":"","osm_id":"node/638746916"}},{"type":"Feature","geometry":{"type":"Point","coordinates":[5.994897,52.193735]},"properties":{"category":"bus_halte","name":"Ferguutgaarde","operator":"","osm_id":"node/638746925"}},{"type":"Feature","geometry":{"type":"Point","coordinates":[5.995962,52.193574]},"properties":{"category":"bus_halte","name":"Ferguutgaarde","operator":"","osm_id":"node/638746926"}},{"type":"Feature","geometry":{"type":"Point","coordinates":[5.977276,52.203497]},"properties":{"category":"bus_halte","name":"Schaperstraat","operator":"","osm_id":"node/638746927"}},{"type":"Feature","geometry":{"type":"Point","coordinates":[5.981922,52.204533]},"properties":{"category":"bus_halte","name":"Wagenmakershoek","operator":"","osm_id":"node/638746928"}},{"type":"Feature","geometry":{"type":"Point","coordinates":[5.981719,52.204643]},"properties":{"category":"bus_halte","name":"Wagenmakershoek","operator":"","osm_id":"node/638746929"}},{"type":"Feature","geometry":{"type":"Point","coordinates":[5.990655,52.197433]},"properties":{"category":"bus_halte","name":"Kooikersdreef","operator":"","osm_id":"node/638746930"}},{"type":"Feature","geometry":{"type":"Point","coordinates":[5.990756,52.197974]},"properties":{"category":"bus_halte","name":"Kooikersdreef","operator":"","osm_id":"node/638746931"}},{"type":"Feature","geometry":{"type":"Point","coordinates":[5.99008,52.199652]},"properties":{"category":"bus_halte","name":"Imkersdreef","operator":"","osm_id":"node/638746932"}},{"type":"Feature","geometry":{"type":"Point","coordinates":[5.990391,52.200149]},"properties":{"category":"bus_halte","name":"Imkersdreef","operator":"","osm_id":"node/638746933"}},{"type":"Feature","geometry":{"type":"Point","coordinates":[5.98824,52.20426]},"properties":{"category":"bus_halte","name":"Glazeniershorst","operator":"","osm_id":"node/638746934"}},{"type":"Feature","geometry":{"type":"Point","coordinates":[5.988258,52.204114]},"properties":{"category":"bus_halte","name":"Glazeniershorst","operator":"","osm_id":"node/638746935"}},{"type":"Feature","geometry":{"type":"Point","coordinates":[5.996753,52.202383]},"properties":{"category":"bus_halte","name":"Laan van Erica","operator":"","osm_id":"node/638746936"}},{"type":"Feature","geometry":{"type":"Point","coordinates":[6.001578,52.186121]},"properties":{"category":"bus_halte","name":"Soldeniersveld","operator":"","osm_id":"node/638746938"}},{"type":"Feature","geometry":{"type":"Point","coordinates":[6.001734,52.189278]},"properties":{"category":"bus_halte","name":"Rentmeestersveld","operator":"","osm_id":"node/638746939"}},{"type":"Feature","geometry":{"type":"Point","coordinates":[6.002591,52.190618]},"properties":{"category":"bus_halte","name":"Eglantierlaan","operator":"","osm_id":"node/638746940"}},{"type":"Feature","geometry":{"type":"Point","coordinates":[6.006769,52.188624]},"properties":{"category":"bus_halte","name":"Kapelmeestershoeve","operator":"","osm_id":"node/638746941"}},{"type":"Feature","geometry":{"type":"Point","coordinates":[6.007333,52.188781]},"properties":{"category":"bus_halte","name":"Kapelmeestershoeve","operator":"","osm_id":"node/638746942"}},{"type":"Feature","geometry":{"type":"Point","coordinates":[6.001548,52.191912]},"properties":{"category":"bus_halte","name":"De Heemgaard","operator":"","osm_id":"node/638746943"}},{"type":"Feature","geometry":{"type":"Point","coordinates":[6.001226,52.191973]},"properties":{"category":"bus_halte","name":"De Heemgaard","operator":"","osm_id":"node/638746944"}},{"type":"Feature","geometry":{"type":"Point","coordinates":[6.011941,52.189587]},"properties":{"category":"bus_halte","name":"Bouwmeestershoeve","operator":"","osm_id":"node/638746945"}},{"type":"Feature","geometry":{"type":"Point","coordinates":[6.012414,52.190809]},"properties":{"category":"bus_halte","name":"Bouwmeestershoeve","operator":"","osm_id":"node/638746946"}},{"type":"Feature","geometry":{"type":"Point","coordinates":[6.010152,52.194643]},"properties":{"category":"bus_halte","name":"Valkeniersdonk","operator":"","osm_id":"node/638746947"}},{"type":"Feature","geometry":{"type":"Point","coordinates":[6.010495,52.194287]},"properties":{"category":"bus_halte","name":"Valkeniersdonk","operator":"","osm_id":"node/638746948"}},{"type":"Feature","geometry":{"type":"Point","coordinates":[6.003344,52.198506]},"properties":{"category":"bus_halte","name":"Rademakersdonk","operator":"","osm_id":"node/638746950"}},{"type":"Feature","geometry":{"type":"Point","coordinates":[6.000691,52.201167]},"properties":{"category":"bus_halte","name":"Jaromirgaarde","operator":"","osm_id":"node/638746951"}},{"type":"Feature","geometry":{"type":"Point","coordinates":[5.976938,52.211005]},"properties":{"category":"bus_halte","name":"Welgelegenbrug","operator":"","osm_id":"node/638746956"}},{"type":"Feature","geometry":{"type":"Point","coordinates":[5.977614,52.210497]},"properties":{"category":"bus_halte","name":"Welgelegenbrug","operator":"","osm_id":"node/638746957"}},{"type":"Feature","geometry":{"type":"Point","coordinates":[5.980968,52.210391]},"properties":{"category":"bus_halte","name":"Dianalaan","operator":"","osm_id":"node/638746958"}},{"type":"Feature","geometry":{"type":"Point","coordinates":[5.981317,52.210558]},"properties":{"category":"bus_halte","name":"Dianalaan","operator":"","osm_id":"node/638746959"}},{"type":"Feature","geometry":{"type":"Point","coordinates":[5.985221,52.212135]},"properties":{"category":"bus_halte","name":"Auroralaan","operator":"","osm_id":"node/638746960"}},{"type":"Feature","geometry":{"type":"Point","coordinates":[5.980618,52.214818]},"properties":{"category":"bus_halte","name":"Julianakerk","operator":"","osm_id":"node/638746961"}},{"type":"Feature","geometry":{"type":"Point","coordinates":[5.985735,52.212719]},"properties":{"category":"bus_halte","name":"Auroralaan","operator":"","osm_id":"node/638746963"}},{"type":"Feature","geometry":{"type":"Point","coordinates":[5.989692,52.214979]},"properties":{"category":"bus_halte","name":"De Tol","operator":"","osm_id":"node/638746966"}},{"type":"Feature","geometry":{"type":"Point","coordinates":[5.995385,52.217675]},"properties":{"category":"bus_halte","name":"Top Naeffstraat","operator":"","osm_id":"node/638746968"}},{"type":"Feature","geometry":{"type":"Point","coordinates":[5.995087,52.217671]},"properties":{"category":"bus_halte","name":"Top Naeffstraat","operator":"","osm_id":"node/638746969"}},{"type":"Feature","geometry":{"type":"Point","coordinates":[5.981076,52.222668]},"properties":{"category":"bus_halte","name":"Pinksterbloem","operator":"","osm_id":"node/638746972"}},{"type":"Feature","geometry":{"type":"Point","coordinates":[5.980872,52.222603]},"properties":{"category":"bus_halte","name":"Pinksterbloem","operator":"","osm_id":"node/638746973"}},{"type":"Feature","geometry":{"type":"Point","coordinates":[5.986716,52.219094]},"properties":{"category":"bus_halte","name":"Kruizemuntstraat","operator":"","osm_id":"node/638746974"}},{"type":"Feature","geometry":{"type":"Point","coordinates":[5.98679,52.21922]},"properties":{"category":"bus_halte","name":"Kruizemuntstraat","operator":"","osm_id":"node/638746975"}},{"type":"Feature","geometry":{"type":"Point","coordinates":[5.991638,52.221569]},"properties":{"category":"bus_halte","name":"Winkelcentrum de Mheen","operator":"","osm_id":"node/638746981"}},{"type":"Feature","geometry":{"type":"Point","coordinates":[5.991797,52.221727]},"properties":{"category":"bus_halte","name":"Winkelcentrum de Mheen","operator":"","osm_id":"node/638746982"}},{"type":"Feature","geometry":{"type":"Point","coordinates":[5.995591,52.224263]},"properties":{"category":"bus_halte","name":"Georg Hegelstraat","operator":"","osm_id":"node/638746985"}},{"type":"Feature","geometry":{"type":"Point","coordinates":[5.995447,52.223984]},"properties":{"category":"bus_halte","name":"Georg Hegelstraat","operator":"","osm_id":"node/638746986"}},{"type":"Feature","geometry":{"type":"Point","coordinates":[5.9996,52.207421]},"properties":{"category":"bus_halte","name":"Omnisport","operator":"","osm_id":"node/638746990"}},{"type":"Feature","geometry":{"type":"Point","coordinates":[5.998964,52.207835]},"properties":{"category":"bus_halte","name":"Omnisport","operator":"","osm_id":"node/638746991"}},{"type":"Feature","geometry":{"type":"Point","coordinates":[6.008157,52.214081]},"properties":{"category":"bus_halte","name":"Talma Borgh","operator":"","osm_id":"node/638746992"}},{"type":"Feature","geometry":{"type":"Point","coordinates":[6.010871,52.213555]},"properties":{"category":"bus_halte","name":"Het Kasteel","operator":"","osm_id":"node/638746993"}},{"type":"Feature","geometry":{"type":"Point","coordinates":[6.015011,52.216074]},"properties":{"category":"bus_halte","name":"Het Schip","operator":"","osm_id":"node/638746994"}},{"type":"Feature","geometry":{"type":"Point","coordinates":[6.015097,52.213579]},"properties":{"category":"bus_halte","name":"Houttuinen-Noord","operator":"","osm_id":"node/638746995"}},{"type":"Feature","geometry":{"type":"Point","coordinates":[5.997729,52.218929]},"properties":{"category":"bus_halte","name":"Dennenkamp","operator":"","osm_id":"node/638746996"}},{"type":"Feature","geometry":{"type":"Point","coordinates":[5.998312,52.219069]},"properties":{"category":"bus_halte","name":"Dennenkamp","operator":"","osm_id":"node/638746997"}},{"type":"Feature","geometry":{"type":"Point","coordinates":[6.003853,52.217999]},"properties":{"category":"bus_halte","name":"Linie","operator":"","osm_id":"node/638746999"}},{"type":"Feature","geometry":{"type":"Point","coordinates":[6.00379,52.21809]},"properties":{"category":"bus_halte","name":"Linie","operator":"","osm_id":"node/638747000"}},{"type":"Feature","geometry":{"type":"Point","coordinates":[6.007305,52.220339]},"properties":{"category":"bus_halte","name":"Het Firmament","operator":"","osm_id":"node/638747002"}},{"type":"Feature","geometry":{"type":"Point","coordinates":[6.014537,52.219528]},"properties":{"category":"bus_halte","name":"Zonnewende","operator":"","osm_id":"node/638747005"}},{"type":"Feature","geometry":{"type":"Point","coordinates":[6.012867,52.22168]},"properties":{"category":"bus_halte","name":"Balustrade","operator":"","osm_id":"node/638747006"}},{"type":"Feature","geometry":{"type":"Point","coordinates":[6.010677,52.224828]},"properties":{"category":"bus_halte","name":"GGNet","operator":"","osm_id":"node/638747007"}},{"type":"Feature","geometry":{"type":"Point","coordinates":[6.010942,52.225116]},"properties":{"category":"bus_halte","name":"GGNet","operator":"","osm_id":"node/638747008"}},{"type":"Feature","geometry":{"type":"Point","coordinates":[6.018814,52.228769]},"properties":{"category":"bus_halte","name":"Drostendijk","operator":"","osm_id":"node/638747009"}},{"type":"Feature","geometry":{"type":"Point","coordinates":[5.991954,52.232856]},"properties":{"category":"bus_halte","name":"Tangostraat","operator":"","osm_id":"node/638747018"}},{"type":"Feature","geometry":{"type":"Point","coordinates":[6.020291,52.229286]},"properties":{"category":"bus_halte","name":"Drostendijk","operator":"","osm_id":"node/638747021"}},{"type":"Feature","geometry":{"type":"Point","coordinates":[5.963714,52.178789]},"properties":{"category":"bus_halte","name":"Achmea","operator":"","osm_id":"node/638751979"}},{"type":"Feature","geometry":{"type":"Point","coordinates":[5.96824,52.178764]},"properties":{"category":"bus_halte","name":"FizzionParc","operator":"","osm_id":"node/638751980"}},{"type":"Feature","geometry":{"type":"Point","coordinates":[5.973513,52.178877]},"properties":{"category":"bus_halte","name":"Ekro","operator":"","osm_id":"node/638751981"}},{"type":"Feature","geometry":{"type":"Point","coordinates":[5.994823,52.182625]},"properties":{"category":"bus_halte","name":"Wilmersdorf","operator":"","osm_id":"node/638751984"}},{"type":"Feature","geometry":{"type":"Point","coordinates":[5.994514,52.182467]},"properties":{"category":"bus_halte","name":"Wilmersdorf","operator":"","osm_id":"node/638751986"}},{"type":"Feature","geometry":{"type":"Point","coordinates":[5.957677,52.129981]},"properties":{"category":"bus_halte","name":"Schalterdalweg","operator":"","osm_id":"node/639247740"}},{"type":"Feature","geometry":{"type":"Point","coordinates":[5.959465,52.139299]},"properties":{"category":"bus_halte","name":"Stoppelbergweg","operator":"","osm_id":"node/639247741"}},{"type":"Feature","geometry":{"type":"Point","coordinates":[5.960371,52.142163]},"properties":{"category":"bus_halte","name":"Stoppelbergweg","operator":"","osm_id":"node/639247742"}},{"type":"Feature","geometry":{"type":"Point","coordinates":[5.961176,52.146313]},"properties":{"category":"bus_halte","name":"Vossenfarm","operator":"","osm_id":"node/639247743"}},{"type":"Feature","geometry":{"type":"Point","coordinates":[5.961619,52.14752]},"properties":{"category":"bus_halte","name":"Vossenfarm","operator":"","osm_id":"node/639247744"}},{"type":"Feature","geometry":{"type":"Point","coordinates":[5.959792,52.152685]},"properties":{"category":"bus_halte","name":"Berg en Dalweg","operator":"","osm_id":"node/639247745"}},{"type":"Feature","geometry":{"type":"Point","coordinates":[5.959963,52.15211]},"properties":{"category":"bus_halte","name":"Berg en Dalweg","operator":"","osm_id":"node/639247746"}},{"type":"Feature","geometry":{"type":"Point","coordinates":[5.959381,52.159014]},"properties":{"category":"bus_halte","name":"De Smittenberg","operator":"","osm_id":"node/639247747"}},{"type":"Feature","geometry":{"type":"Point","coordinates":[5.960151,52.159988]},"properties":{"category":"bus_halte","name":"De Smittenberg","operator":"","osm_id":"node/639247748"}},{"type":"Feature","geometry":{"type":"Point","coordinates":[5.992693,52.202418]},"properties":{"category":"bus_halte","name":"Gijsbrechtgaarde","operator":"","osm_id":"node/639247797"}},{"type":"Feature","geometry":{"type":"Point","coordinates":[5.992634,52.202599]},"properties":{"category":"bus_halte","name":"Gijsbrechtgaarde","operator":"","osm_id":"node/639247798"}},{"type":"Feature","geometry":{"type":"Point","coordinates":[6.00461,52.186456]},"properties":{"category":"bus_halte","name":"Landdrostlaan","operator":"","osm_id":"node/639247799"}},{"type":"Feature","geometry":{"type":"Point","coordinates":[6.00477,52.187036]},"properties":{"category":"bus_halte","name":"Landdrostlaan","operator":"","osm_id":"node/639247800"}},{"type":"Feature","geometry":{"type":"Point","coordinates":[5.956597,52.225181]},"properties":{"category":"bus_halte","name":"Bas Backerlaan","operator":"","osm_id":"node/639305215"}},{"type":"Feature","geometry":{"type":"Point","coordinates":[5.958262,52.229308]},"properties":{"category":"bus_halte","name":"De Veenkamp","operator":"","osm_id":"node/639305216"}},{"type":"Feature","geometry":{"type":"Point","coordinates":[5.958501,52.229309]},"properties":{"category":"bus_halte","name":"De Veenkamp","operator":"","osm_id":"node/639305217"}},{"type":"Feature","geometry":{"type":"Point","coordinates":[5.957075,52.240282]},"properties":{"category":"bus_halte","name":"Wieselseweg","operator":"","osm_id":"node/639305220"}},{"type":"Feature","geometry":{"type":"Point","coordinates":[5.956875,52.240343]},"properties":{"category":"bus_halte","name":"Wieselseweg","operator":"","osm_id":"node/639305221"}},{"type":"Feature","geometry":{"type":"Point","coordinates":[5.952057,52.253816]},"properties":{"category":"bus_halte","name":"Papegaaiweg","operator":"","osm_id":"node/639305222"}},{"type":"Feature","geometry":{"type":"Point","coordinates":[5.952196,52.253824]},"properties":{"category":"bus_halte","name":"Papegaaiweg","operator":"","osm_id":"node/639305223"}},{"type":"Feature","geometry":{"type":"Point","coordinates":[5.958109,52.269292]},"properties":{"category":"bus_halte","name":"De Haere","operator":"","osm_id":"node/639305224"}},{"type":"Feature","geometry":{"type":"Point","coordinates":[5.957598,52.268751]},"properties":{"category":"bus_halte","name":"De Haere","operator":"","osm_id":"node/639305225"}},{"type":"Feature","geometry":{"type":"Point","coordinates":[5.957013,52.236278]},"properties":{"category":"bus_halte","name":"Van Heaftenkazerne","operator":"","osm_id":"node/639681251"}},{"type":"Feature","geometry":{"type":"Point","coordinates":[5.98443,52.228668]},"properties":{"category":"bus_halte","name":"Aidastraat","operator":"","osm_id":"node/639681286"}},{"type":"Feature","geometry":{"type":"Point","coordinates":[5.984915,52.22816]},"properties":{"category":"bus_halte","name":"Aidastraat","operator":"","osm_id":"node/639681290"}},{"type":"Feature","geometry":{"type":"Point","coordinates":[5.979195,52.230627]},"properties":{"category":"bus_halte","name":"Fauststraat","operator":"","osm_id":"node/639681292"}},{"type":"Feature","geometry":{"type":"Point","coordinates":[5.978433,52.230504]},"properties":{"category":"bus_halte","name":"Fauststraat","operator":"","osm_id":"node/639681294"}},{"type":"Feature","geometry":{"type":"Point","coordinates":[5.979052,52.239366]},"properties":{"category":"bus_halte","name":"Laan van de Dierenriem","operator":"","osm_id":"node/639681296"}},{"type":"Feature","geometry":{"type":"Point","coordinates":[5.989686,52.246096]},"properties":{"category":"bus_halte","name":"Laan van de Leeuw","operator":"","osm_id":"node/639681299"}},{"type":"Feature","geometry":{"type":"Point","coordinates":[5.988155,52.245873]},"properties":{"category":"bus_halte","name":"Laan van de Leeuw","operator":"","osm_id":"node/639681306"}},{"type":"Feature","geometry":{"type":"Point","coordinates":[5.738706,52.219558]},"properties":{"category":"bus_halte","name":"Ouwendorperweg","operator":"","osm_id":"node/640501502"}},{"type":"Feature","geometry":{"type":"Point","coordinates":[5.739371,52.219706]},"properties":{"category":"bus_halte","name":"Ouwendorperweg","operator":"","osm_id":"node/640501503"}},{"type":"Feature","geometry":{"type":"Point","coordinates":[5.752446,52.220196]},"properties":{"category":"bus_halte","name":"Koninklijke Luchtmacht","operator":"","osm_id":"node/640501505"}},{"type":"Feature","geometry":{"type":"Point","coordinates":[5.753491,52.220109]},"properties":{"category":"bus_halte","name":"Koninklijke Luchtmacht","operator":"","osm_id":"node/640501506"}},{"type":"Feature","geometry":{"type":"Point","coordinates":[5.752923,52.245581]},"properties":{"category":"bus_halte","name":"Garderenseweg","operator":"","osm_id":"node/640501510"}},{"type":"Feature","geometry":{"type":"Point","coordinates":[5.752864,52.24545]},"properties":{"category":"bus_halte","name":"Garderenseweg","operator":"","osm_id":"node/640501511"}},{"type":"Feature","geometry":{"type":"Point","coordinates":[5.77961,52.221178]},"properties":{"category":"bus_halte","name":"Kruispunt","operator":"","osm_id":"node/640501512"}},{"type":"Feature","geometry":{"type":"Point","coordinates":[5.7796,52.221017]},"properties":{"category":"bus_halte","name":"Kruispunt","operator":"","osm_id":"node/640501513"}},{"type":"Feature","geometry":{"type":"Point","coordinates":[5.763684,52.239784]},"properties":{"category":"bus_halte","name":"Bos en Heide","operator":"","osm_id":"node/640501515"}},{"type":"Feature","geometry":{"type":"Point","coordinates":[5.770929,52.233511]},"properties":{"category":"bus_halte","name":"Meerveld","operator":"","osm_id":"node/640501516"}},{"type":"Feature","geometry":{"type":"Point","coordinates":[5.771178,52.233548]},"properties":{"category":"bus_halte","name":"Meerveld","operator":"","osm_id":"node/640501517"}},{"type":"Feature","geometry":{"type":"Point","coordinates":[5.762624,52.240881]},"properties":{"category":"bus_halte","name":"Bos en Heide","operator":"","osm_id":"node/640501518"}},{"type":"Feature","geometry":{"type":"Point","coordinates":[5.759593,52.247766]},"properties":{"category":"bus_halte","name":"Café Uddelermeer","operator":"","osm_id":"node/640501519"}},{"type":"Feature","geometry":{"type":"Point","coordinates":[5.759778,52.247911]},"properties":{"category":"bus_halte","name":"Café Uddelermeer","operator":"","osm_id":"node/640501520"}},{"type":"Feature","geometry":{"type":"Point","coordinates":[5.767741,52.252687]},"properties":{"category":"bus_halte","name":"Bleeke Hoeve","operator":"","osm_id":"node/640501530"}},{"type":"Feature","geometry":{"type":"Point","coordinates":[5.768577,52.252792]},"properties":{"category":"bus_halte","name":"Bleeke Hoeve","operator":"","osm_id":"node/640501532"}},{"type":"Feature","geometry":{"type":"Point","coordinates":[5.779475,52.255609]},"properties":{"category":"bus_halte","name":"Uttilochweg","operator":"","osm_id":"node/640501533"}},{"type":"Feature","geometry":{"type":"Point","coordinates":[5.78033,52.256198]},"properties":{"category":"bus_halte","name":"Uttilochweg","operator":"","osm_id":"node/640501535"}},{"type":"Feature","geometry":{"type":"Point","coordinates":[5.78421,52.262562]},"properties":{"category":"bus_halte","name":"Markveldweg","operator":"","osm_id":"node/640501537"}},{"type":"Feature","geometry":{"type":"Point","coordinates":[5.784449,52.263038]},"properties":{"category":"bus_halte","name":"Markveldweg","operator":"","osm_id":"node/640501538"}},{"type":"Feature","geometry":{"type":"Point","coordinates":[5.785118,52.269146]},"properties":{"category":"bus_halte","name":"Noord Riezen","operator":"","osm_id":"node/640501539"}},{"type":"Feature","geometry":{"type":"Point","coordinates":[5.785396,52.269732]},"properties":{"category":"bus_halte","name":"Noord Riezen","operator":"","osm_id":"node/640501540"}},{"type":"Feature","geometry":{"type":"Point","coordinates":[5.848874,52.228966]},"properties":{"category":"bus_halte","name":"Het Aardhuis","operator":"","osm_id":"node/640501569"}},{"type":"Feature","geometry":{"type":"Point","coordinates":[5.848105,52.228619]},"properties":{"category":"bus_halte","name":"Het Aardhuis","operator":"","osm_id":"node/640501571"}},{"type":"Feature","geometry":{"type":"Point","coordinates":[5.876711,52.232743]},"properties":{"category":"bus_halte","name":"Echoput","operator":"","osm_id":"node/640501572"}},{"type":"Feature","geometry":{"type":"Point","coordinates":[5.876698,52.232885]},"properties":{"category":"bus_halte","name":"Echoput","operator":"","osm_id":"node/640501573"}},{"type":"Feature","geometry":{"type":"Point","coordinates":[5.875797,52.117906]},"properties":{"category":"bus_halte","name":"Centrum","operator":"","osm_id":"node/640539854"}},{"type":"Feature","geometry":{"type":"Point","coordinates":[5.875674,52.118023]},"properties":{"category":"bus_halte","name":"Centrum","operator":"","osm_id":"node/640539855"}},{"type":"Feature","geometry":{"type":"Point","coordinates":[5.885751,52.119057]},"properties":{"category":"bus_halte","name":"Krimweg Dorp","operator":"","osm_id":"node/640539859"}},{"type":"Feature","geometry":{"type":"Point","coordinates":[5.885606,52.119113]},"properties":{"category":"bus_halte","name":"Krimweg Dorp","operator":"","osm_id":"node/640539861"}},{"type":"Feature","geometry":{"type":"Point","coordinates":[5.874306,52.123349]},"properties":{"category":"bus_halte","name":"Laan van Eikenhof","operator":"","osm_id":"node/641279706"}},{"type":"Feature","geometry":{"type":"Point","coordinates":[5.87454,52.12344]},"properties":{"category":"bus_halte","name":"Laan van Eikenhof","operator":"","osm_id":"node/641279709"}},{"type":"Feature","geometry":{"type":"Point","coordinates":[5.893649,52.122732]},"properties":{"category":"bus_halte","name":"Miggelenbergweg","operator":"","osm_id":"node/641279710"}},{"type":"Feature","geometry":{"type":"Point","coordinates":[5.894212,52.122573]},"properties":{"category":"bus_halte","name":"Miggelenbergweg","operator":"","osm_id":"node/641279711"}},{"type":"Feature","geometry":{"type":"Point","coordinates":[5.913119,52.177987]},"properties":{"category":"bus_halte","name":"Van der Valk/De Cantharel","operator":"","osm_id":"node/641279713"}},{"type":"Feature","geometry":{"type":"Point","coordinates":[5.913187,52.177154]},"properties":{"category":"bus_halte","name":"Van der Valk/De Cantharel","operator":"","osm_id":"node/641279714"}},{"type":"Feature","geometry":{"type":"Point","coordinates":[5.918327,52.186115]},"properties":{"category":"bus_halte","name":"Hoog Buurloseweg","operator":"","osm_id":"node/641279716"}},{"type":"Feature","geometry":{"type":"Point","coordinates":[5.916799,52.185241]},"properties":{"category":"bus_halte","name":"Hoog Buurloseweg","operator":"","osm_id":"node/641279718"}},{"type":"Feature","geometry":{"type":"Point","coordinates":[5.937036,52.193413]},"properties":{"category":"bus_halte","name":"Laan van Spitsbergen","operator":"","osm_id":"node/641279721"}},{"type":"Feature","geometry":{"type":"Point","coordinates":[5.937254,52.193737]},"properties":{"category":"bus_halte","name":"Laan van Spitsbergen","operator":"","osm_id":"node/641279724"}},{"type":"Feature","geometry":{"type":"Point","coordinates":[5.94302,52.195653]},"properties":{"category":"bus_halte","name":"Schumanpark","operator":"","osm_id":"node/641279726"}},{"type":"Feature","geometry":{"type":"Point","coordinates":[5.948823,52.201356]},"properties":{"category":"bus_halte","name":"Jean Monnetpark","operator":"","osm_id":"node/641279729"}},{"type":"Feature","geometry":{"type":"Point","coordinates":[5.950228,52.20196]},"properties":{"category":"bus_halte","name":"Jean Monnetpark","operator":"","osm_id":"node/641279732"}},{"type":"Feature","geometry":{"type":"Point","coordinates":[5.956771,52.204921]},"properties":{"category":"bus_halte","name":"Christiaan Geurtsweg","operator":"","osm_id":"node/641279734"}},{"type":"Feature","geometry":{"type":"Point","coordinates":[5.957187,52.20527]},"properties":{"category":"bus_halte","name":"Christiaan Geurtsweg","operator":"","osm_id":"node/641279736"}},{"type":"Feature","geometry":{"type":"Point","coordinates":[6.024325,52.111164]},"properties":{"category":"bus_halte","name":"Bergakkerweg","operator":"","osm_id":"node/1712354283"}},{"type":"Feature","geometry":{"type":"Point","coordinates":[6.024389,52.111229]},"properties":{"category":"bus_halte","name":"Bergakkerweg","operator":"","osm_id":"node/1712354296"}},{"type":"Feature","geometry":{"type":"Point","coordinates":[5.986111,52.143436]},"properties":{"category":"bus_halte","name":"De Wipselberg","operator":"","osm_id":"node/1712354804"}},{"type":"Feature","geometry":{"type":"Point","coordinates":[5.985416,52.143864]},"properties":{"category":"bus_halte","name":"De Wipselberg","operator":"","osm_id":"node/1712354808"}},{"type":"Feature","geometry":{"type":"Point","coordinates":[6.032497,52.109122]},"properties":{"category":"bus_halte","name":"Harderwijkerweg","operator":"","osm_id":"node/1712354893"}},{"type":"Feature","geometry":{"type":"Point","coordinates":[6.032785,52.109181]},"properties":{"category":"bus_halte","name":"Harderwijkerweg","operator":"","osm_id":"node/1712354906"}},{"type":"Feature","geometry":{"type":"Point","coordinates":[5.977113,52.149427]},"properties":{"category":"bus_halte","name":"Hulleweg","operator":"","osm_id":"node/1712354980"}},{"type":"Feature","geometry":{"type":"Point","coordinates":[5.97595,52.150534]},"properties":{"category":"bus_halte","name":"Hulleweg","operator":"","osm_id":"node/1712354992"}},{"type":"Feature","geometry":{"type":"Point","coordinates":[6.000662,52.1342]},"properties":{"category":"bus_halte","name":"Hoge Bergweg","operator":"","osm_id":"node/1712355087"}},{"type":"Feature","geometry":{"type":"Point","coordinates":[6.000835,52.134294]},"properties":{"category":"bus_halte","name":"Hoge Bergweg","operator":"","osm_id":"node/1712355091"}},{"type":"Feature","geometry":{"type":"Point","coordinates":[5.963492,52.211999]},"properties":{"category":"bus_halte","name":"Hoofdstraat","operator":"","osm_id":"node/1712355182"}},{"type":"Feature","geometry":{"type":"Point","coordinates":[5.963688,52.159196]},"properties":{"category":"bus_halte","name":"Kerkweg","operator":"","osm_id":"node/1712355232"}},{"type":"Feature","geometry":{"type":"Point","coordinates":[5.96407,52.159453]},"properties":{"category":"bus_halte","name":"Kerkweg","operator":"","osm_id":"node/1712355246"}},{"type":"Feature","geometry":{"type":"Point","coordinates":[6.017287,52.119177]},"properties":{"category":"bus_halte","name":"Leeuwenbergweg","operator":"","osm_id":"node/1712355793"}},{"type":"Feature","geometry":{"type":"Point","coordinates":[6.017417,52.119281]},"properties":{"category":"bus_halte","name":"Leeuwenbergweg","operator":"","osm_id":"node/1712355814"}},{"type":"Feature","geometry":{"type":"Point","coordinates":[5.96217,52.221991]},"properties":{"category":"bus_halte","name":"Wilhelminapark","operator":"","osm_id":"node/1712355848"}},{"type":"Feature","geometry":{"type":"Point","coordinates":[5.967784,52.15905]},"properties":{"category":"bus_halte","name":"Zonnehuis","operator":"","osm_id":"node/1712355914"}},{"type":"Feature","geometry":{"type":"Point","coordinates":[5.968273,52.158348]},"properties":{"category":"bus_halte","name":"Zonnehuis","operator":"","osm_id":"node/1712355942"}},{"type":"Feature","geometry":{"type":"Point","coordinates":[5.962212,52.178387]},"properties":{"category":"bus_halte","name":"Laan van Malkenschoten","operator":"","osm_id":"node/2225064858"}},{"type":"Feature","geometry":{"type":"Point","coordinates":[5.961893,52.178311]},"properties":{"category":"bus_halte","name":"Laan van Malkenschoten","operator":"","osm_id":"node/2225066641"}},{"type":"Feature","geometry":{"type":"Point","coordinates":[5.96368,52.212003]},"properties":{"category":"bus_halte","name":"Hoofdstraat","operator":"","osm_id":"node/2750685437"}},{"type":"Feature","geometry":{"type":"Point","coordinates":[5.994999,52.23574]},"properties":{"category":"bus_halte","name":"Citroenvlinder","operator":"","osm_id":"node/3150478432"}},{"type":"Feature","geometry":{"type":"Point","coordinates":[5.991829,52.232868]},"properties":{"category":"bus_halte","name":"Tangostraat","operator":"","osm_id":"node/3242852475"}},{"type":"Feature","geometry":{"type":"Point","coordinates":[5.946821,52.182003]},"properties":{"category":"bus_halte","name":"Gelre Ziekenhuis","operator":"","osm_id":"node/3447124870"}},{"type":"Feature","geometry":{"type":"Point","coordinates":[6.006382,52.196407]},"properties":{"category":"bus_halte","name":"De Eglantier","operator":"","osm_id":"node/3448857894"}},{"type":"Feature","geometry":{"type":"Point","coordinates":[6.006903,52.196023]},"properties":{"category":"bus_halte","name":"De Eglantier","operator":"","osm_id":"node/3448857901"}},{"type":"Feature","geometry":{"type":"Point","coordinates":[5.988488,52.21466]},"properties":{"category":"bus_halte","name":"De Tol","operator":"","osm_id":"node/3455890762"}},{"type":"Feature","geometry":{"type":"Point","coordinates":[5.938224,52.199685]},"properties":{"category":"bus_halte","name":"Ferdinand Bollaan","operator":"","osm_id":"node/3457431727"}},{"type":"Feature","geometry":{"type":"Point","coordinates":[5.940831,52.204233]},"properties":{"category":"bus_halte","name":"Zanderijweg","operator":"","osm_id":"node/3457431728"}},{"type":"Feature","geometry":{"type":"Point","coordinates":[6.000562,52.239079]},"properties":{"category":"bus_halte","name":"Oesterzwam","operator":"","osm_id":"node/3457886045"}},{"type":"Feature","geometry":{"type":"Point","coordinates":[5.996022,52.236455]},"properties":{"category":"bus_halte","name":"Citroenvlinder","operator":"","osm_id":"node/3457886046"}},{"type":"Feature","geometry":{"type":"Point","coordinates":[6.005741,52.240825]},"properties":{"category":"bus_halte","name":"Zuidbroek","operator":"","osm_id":"node/3457886047"}},{"type":"Feature","geometry":{"type":"Point","coordinates":[6.001107,52.23922]},"properties":{"category":"bus_halte","name":"Oesterzwam","operator":"","osm_id":"node/3457886049"}},{"type":"Feature","geometry":{"type":"Point","coordinates":[5.977894,52.238822]},"properties":{"category":"bus_halte","name":"Laan van de Dierenriem","operator":"","osm_id":"node/3458018753"}},{"type":"Feature","geometry":{"type":"Point","coordinates":[5.969988,52.154878]},"properties":{"category":"bus_halte","name":"Koningsweg","operator":"","osm_id":"node/3852189113"}},{"type":"Feature","geometry":{"type":"Point","coordinates":[5.969373,52.15584]},"properties":{"category":"bus_halte","name":"Koningsweg","operator":"","osm_id":"node/3852189114"}},{"type":"Feature","geometry":{"type":"Point","coordinates":[5.966978,52.209733]},"properties":{"category":"bus_halte","name":"Stationsplein","operator":"","osm_id":"node/3900154401"}},{"type":"Feature","geometry":{"type":"Point","coordinates":[5.979945,52.199113]},"properties":{"category":"bus_halte","name":"Savornin Lohmanstraat","operator":"","osm_id":"node/3921904760"}},{"type":"Feature","geometry":{"type":"Point","coordinates":[5.862039,52.232273]},"properties":{"category":"bus_halte","name":"Oranjeoord","operator":"","osm_id":"node/3923840115"}},{"type":"Feature","geometry":{"type":"Point","coordinates":[5.863978,52.232408]},"properties":{"category":"bus_halte","name":"Oranjeoord","operator":"","osm_id":"node/3923840116"}},{"type":"Feature","geometry":{"type":"Point","coordinates":[5.957489,52.235835]},"properties":{"category":"bus_halte","name":"Van Heaftenkazerne","operator":"","osm_id":"node/3928866240"}},{"type":"Feature","geometry":{"type":"Point","coordinates":[6.034179,52.200614]},"properties":{"category":"bus_halte","name":"Ecofactorij","operator":"","osm_id":"node/3941320310"}},{"type":"Feature","geometry":{"type":"Point","coordinates":[6.033948,52.20065]},"properties":{"category":"bus_halte","name":"Ecofactorij","operator":"","osm_id":"node/3941320311"}},{"type":"Feature","geometry":{"type":"Point","coordinates":[6.062953,52.167668]},"properties":{"category":"bus_halte","name":"Elsbosweg","operator":"","osm_id":"node/3941320318"}},{"type":"Feature","geometry":{"type":"Point","coordinates":[6.064165,52.167824]},"properties":{"category":"bus_halte","name":"Elsbosweg","operator":"","osm_id":"node/3941320319"}},{"type":"Feature","geometry":{"type":"Point","coordinates":[6.008651,52.158368]},"properties":{"category":"bus_halte","name":"Achterse Kerkweg","operator":"","osm_id":"node/3941940209"}},{"type":"Feature","geometry":{"type":"Point","coordinates":[6.008715,52.158325]},"properties":{"category":"bus_halte","name":"Achterse Kerkweg","operator":"","osm_id":"node/3941940210"}},{"type":"Feature","geometry":{"type":"Point","coordinates":[6.005621,52.157337]},"properties":{"category":"bus_halte","name":"Dorpshuis","operator":"","osm_id":"node/3941977170"}},{"type":"Feature","geometry":{"type":"Point","coordinates":[6.005568,52.157441]},"properties":{"category":"bus_halte","name":"Dorpshuis","operator":"","osm_id":"node/3941977171"}},{"type":"Feature","geometry":{"type":"Point","coordinates":[6.03893,52.136374]},"properties":{"category":"bus_halte","name":"Hoofdweg","operator":"","osm_id":"node/3941977174"}},{"type":"Feature","geometry":{"type":"Point","coordinates":[5.992822,52.160658]},"properties":{"category":"bus_halte","name":"Molenberg","operator":"","osm_id":"node/3941977180"}},{"type":"Feature","geometry":{"type":"Point","coordinates":[5.992817,52.160782]},"properties":{"category":"bus_halte","name":"Molenberg","operator":"","osm_id":"node/3941977181"}},{"type":"Feature","geometry":{"type":"Point","coordinates":[6.001361,52.186144]},"properties":{"category":"bus_halte","name":"Soldeniersveld","operator":"","osm_id":"node/3941977190"}},{"type":"Feature","geometry":{"type":"Point","coordinates":[5.989454,52.16195]},"properties":{"category":"bus_halte","name":"Tullekensmolenweg","operator":"","osm_id":"node/3941977194"}},{"type":"Feature","geometry":{"type":"Point","coordinates":[5.989343,52.162035]},"properties":{"category":"bus_halte","name":"Tullekensmolenweg","operator":"","osm_id":"node/3941977195"}},{"type":"Feature","geometry":{"type":"Point","coordinates":[6.03206,52.15214]},"properties":{"category":"bus_halte","name":"Veendijk","operator":"","osm_id":"node/3941977196"}},{"type":"Feature","geometry":{"type":"Point","coordinates":[6.032061,52.152216]},"properties":{"category":"bus_halte","name":"Veendijk","operator":"","osm_id":"node/3941977197"}},{"type":"Feature","geometry":{"type":"Point","coordinates":[5.985489,52.163885]},"properties":{"category":"bus_halte","name":"Veldbrugweg","operator":"","osm_id":"node/3941977198"}},{"type":"Feature","geometry":{"type":"Point","coordinates":[5.985398,52.163936]},"properties":{"category":"bus_halte","name":"Veldbrugweg","operator":"","osm_id":"node/3941977199"}},{"type":"Feature","geometry":{"type":"Point","coordinates":[6.022374,52.152387]},"properties":{"category":"bus_halte","name":"Vinkenkamp","operator":"","osm_id":"node/3941977200"}},{"type":"Feature","geometry":{"type":"Point","coordinates":[6.022577,52.152443]},"properties":{"category":"bus_halte","name":"Vinkenkamp","operator":"","osm_id":"node/3941977201"}},{"type":"Feature","geometry":{"type":"Point","coordinates":[6.007101,52.155875]},"properties":{"category":"bus_halte","name":"Wittekruisweg","operator":"","osm_id":"node/3941977202"}},{"type":"Feature","geometry":{"type":"Point","coordinates":[6.006814,52.156332]},"properties":{"category":"bus_halte","name":"Wittekruisweg","operator":"","osm_id":"node/3941977203"}},{"type":"Feature","geometry":{"type":"Point","coordinates":[5.925845,52.182071]},"properties":{"category":"bus_halte","name":"Hoenderloseweg","operator":"","osm_id":"node/4639676490"}},{"type":"Feature","geometry":{"type":"Point","coordinates":[5.970681,52.209606]},"properties":{"category":"bus_halte","name":"Station","operator":"","osm_id":"node/4712449861"}},{"type":"Feature","geometry":{"type":"Point","coordinates":[5.957149,52.128705]},"properties":{"category":"bus_halte","name":"Schalterdalweg","operator":"","osm_id":"node/4749849634"}},{"type":"Feature","geometry":{"type":"Point","coordinates":[5.965106,52.215785]},"properties":{"category":"bus_halte","name":"Marktplein","operator":"","osm_id":"node/5442733878"}},{"type":"Feature","geometry":{"type":"Point","coordinates":[5.944555,52.235472]},"properties":{"category":"bus_halte","name":"Halte 3","operator":"","osm_id":"node/5807151903"}},{"type":"Feature","geometry":{"type":"Point","coordinates":[5.97082,52.209601]},"properties":{"category":"bus_halte","name":"Station","operator":"","osm_id":"node/6178889047"}},{"type":"Feature","geometry":{"type":"Point","coordinates":[5.971043,52.209578]},"properties":{"category":"bus_halte","name":"Station","operator":"","osm_id":"node/6178889048"}},{"type":"Feature","geometry":{"type":"Point","coordinates":[5.970112,52.209628]},"properties":{"category":"bus_halte","name":"Station","operator":"","osm_id":"node/6178889049"}},{"type":"Feature","geometry":{"type":"Point","coordinates":[5.970542,52.20961]},"properties":{"category":"bus_halte","name":"Station","operator":"","osm_id":"node/6178889050"}},{"type":"Feature","geometry":{"type":"Point","coordinates":[5.970275,52.209798]},"properties":{"category":"bus_halte","name":"Station","operator":"","osm_id":"node/6178889051"}},{"type":"Feature","geometry":{"type":"Point","coordinates":[5.970407,52.209619]},"properties":{"category":"bus_halte","name":"Station","operator":"","osm_id":"node/6178889052"}},{"type":"Feature","geometry":{"type":"Point","coordinates":[5.970259,52.209622]},"properties":{"category":"bus_halte","name":"Station","operator":"","osm_id":"node/6178889053"}},{"type":"Feature","geometry":{"type":"Point","coordinates":[5.971169,52.209571]},"properties":{"category":"bus_halte","name":"Station","operator":"","osm_id":"node/6178889054"}},{"type":"Feature","geometry":{"type":"Point","coordinates":[5.970944,52.209595]},"properties":{"category":"bus_halte","name":"Station","operator":"","osm_id":"node/6178889055"}},{"type":"Feature","geometry":{"type":"Point","coordinates":[5.98273,52.18458]},"properties":{"category":"bus_halte","name":"Saba","operator":"","osm_id":"node/6267584819"}},{"type":"Feature","geometry":{"type":"Point","coordinates":[5.980675,52.214906]},"properties":{"category":"bus_halte","name":"Julianakerk","operator":"","osm_id":"node/6267629506"}},{"type":"Feature","geometry":{"type":"Point","coordinates":[5.965095,52.235235]},"properties":{"category":"bus_halte","name":"Jacobus Fruytierschool","operator":"","osm_id":"node/6269210066"}},{"type":"Feature","geometry":{"type":"Point","coordinates":[5.975184,52.206512]},"properties":{"category":"bus_halte","name":"Condorweg","operator":"","osm_id":"node/8223014387"}},{"type":"Feature","geometry":{"type":"Point","coordinates":[5.977298,52.203771]},"properties":{"category":"bus_halte","name":"Schaperstraat","operator":"","osm_id":"node/8223014388"}},{"type":"Feature","geometry":{"type":"Point","coordinates":[5.978294,52.194057]},"properties":{"category":"bus_halte","name":"Marchantstraat","operator":"","osm_id":"node/8223014389"}},{"type":"Feature","geometry":{"type":"Point","coordinates":[5.940162,52.211649]},"properties":{"category":"bus_halte","name":"Belastingkantoor","operator":"","osm_id":"node/8223071399"}},{"type":"Feature","geometry":{"type":"Point","coordinates":[5.933952,52.210804]},"properties":{"category":"bus_halte","name":"Waltersingel","operator":"","osm_id":"node/8223071400"}},{"type":"Feature","geometry":{"type":"Point","coordinates":[5.959913,52.233756]},"properties":{"category":"bus_halte","name":"De Groene Hoven","operator":"","osm_id":"node/8223178194"}},{"type":"Feature","geometry":{"type":"Point","coordinates":[5.960078,52.233734]},"properties":{"category":"bus_halte","name":"De Groene Hoven","operator":"","osm_id":"node/8223178195"}},{"type":"Feature","geometry":{"type":"Point","coordinates":[5.975497,52.220603]},"properties":{"category":"bus_halte","name":"Zevenhuizenseweg","operator":"","osm_id":"node/9352956697"}},{"type":"Feature","geometry":{"type":"Point","coordinates":[5.975212,52.220733]},"properties":{"category":"bus_halte","name":"Zevenhuizenseweg","operator":"","osm_id":"node/9352956700"}},{"type":"Feature","geometry":{"type":"Point","coordinates":[5.979175,52.220637]},"properties":{"category":"bus_halte","name":"Zonnedauw","operator":"","osm_id":"node/9352956704"}},{"type":"Feature","geometry":{"type":"Point","coordinates":[5.979076,52.220335]},"properties":{"category":"bus_halte","name":"Zonnedauw","operator":"","osm_id":"node/9352956711"}},{"type":"Feature","geometry":{"type":"Point","coordinates":[5.984038,52.226671]},"properties":{"category":"bus_halte","name":"Salomonszegel","operator":"","osm_id":"node/9352987117"}},{"type":"Feature","geometry":{"type":"Point","coordinates":[5.984358,52.22678]},"properties":{"category":"bus_halte","name":"Salomonszegel","operator":"","osm_id":"node/9352987118"}},{"type":"Feature","geometry":{"type":"Point","coordinates":[5.987834,52.229534]},"properties":{"category":"bus_halte","name":"Winkelcentrum Anklaar","operator":"","osm_id":"node/9352987119"}},{"type":"Feature","geometry":{"type":"Point","coordinates":[5.986372,52.228268]},"properties":{"category":"bus_halte","name":"Winkelcentrum Anklaar","operator":"","osm_id":"node/9352987120"}},{"type":"Feature","geometry":{"type":"Point","coordinates":[5.955129,52.234462]},"properties":{"category":"bus_halte","name":"Lippe Biesterfeldstraat","operator":"","osm_id":"node/9412862956"}},{"type":"Feature","geometry":{"type":"Point","coordinates":[5.833298,52.177097]},"properties":{"category":"bus_halte","name":"Radio Kootwijk","operator":"","osm_id":"node/10097968746"}},{"type":"Feature","geometry":{"type":"Point","coordinates":[5.873248,52.218492]},"properties":{"category":"bus_halte","name":"Hoog Soeren","operator":"","osm_id":"node/10097968747"}},{"type":"Feature","geometry":{"type":"Point","coordinates":[5.989949,52.255545]},"properties":{"category":"bus_halte","name":"Beemte","operator":"","osm_id":"node/10098065975"}},{"type":"Feature","geometry":{"type":"Point","coordinates":[5.924354,52.220468]},"properties":{"category":"bus_halte","name":"Arendsburght","operator":"","osm_id":"node/10177902833"}},{"type":"Feature","geometry":{"type":"Point","coordinates":[5.952655,52.220161]},"properties":{"category":"bus_halte","name":"Orpheus","operator":"","osm_id":"node/10179161093"}},{"type":"Feature","geometry":{"type":"Point","coordinates":[5.946877,52.220261]},"properties":{"category":"bus_halte","name":"Koning Lodewijklaan","operator":"","osm_id":"node/10179161094"}},{"type":"Feature","geometry":{"type":"Point","coordinates":[5.940109,52.219751]},"properties":{"category":"bus_halte","name":"Robijnstraat","operator":"","osm_id":"node/10179161095"}},{"type":"Feature","geometry":{"type":"Point","coordinates":[5.929265,52.220403]},"properties":{"category":"bus_halte","name":"Burg. Roosmale Nepveulaan","operator":"","osm_id":"node/10179161096"}},{"type":"Feature","geometry":{"type":"Point","coordinates":[5.940408,52.223356]},"properties":{"category":"bus_halte","name":"Vonderlaan","operator":"","osm_id":"node/10180640700"}},{"type":"Feature","geometry":{"type":"Point","coordinates":[5.949153,52.229844]},"properties":{"category":"bus_halte","name":"Marechausseekazerne","operator":"","osm_id":"node/10180640701"}},{"type":"Feature","geometry":{"type":"Point","coordinates":[5.948384,52.233803]},"properties":{"category":"bus_halte","name":"Tuinmanslaan","operator":"","osm_id":"node/10180640702"}},{"type":"Feature","geometry":{"type":"Point","coordinates":[5.956517,52.224567]},"properties":{"category":"bus_halte","name":"Bas Backerlaan","operator":"","osm_id":"node/10180641204"}},{"type":"Feature","geometry":{"type":"Point","coordinates":[5.778726,52.221498]},"properties":{"category":"bus_halte","name":"Kruispunt","operator":"","osm_id":"node/10244898118"}},{"type":"Feature","geometry":{"type":"Point","coordinates":[5.778485,52.221503]},"properties":{"category":"bus_halte","name":"Kruispunt","operator":"","osm_id":"node/10244898119"}},{"type":"Feature","geometry":{"type":"Point","coordinates":[5.953837,52.193739]},"properties":{"category":"bus_halte","name":"Staalweg","operator":"","osm_id":"node/10267397295"}},{"type":"Feature","geometry":{"type":"Point","coordinates":[5.953893,52.193465]},"properties":{"category":"bus_halte","name":"Staalweg","operator":"","osm_id":"node/10267397298"}},{"type":"Feature","geometry":{"type":"Point","coordinates":[5.955329,52.200443]},"properties":{"category":"bus_halte","name":"Ruimzichtlaan","operator":"","osm_id":"node/10267397301"}},{"type":"Feature","geometry":{"type":"Point","coordinates":[5.955424,52.199959]},"properties":{"category":"bus_halte","name":"Ruimzichtlaan","operator":"","osm_id":"node/10267397302"}},{"type":"Feature","geometry":{"type":"Point","coordinates":[5.95424,52.202604]},"properties":{"category":"bus_halte","name":"Hezeweg","operator":"","osm_id":"node/10267397303"}},{"type":"Feature","geometry":{"type":"Point","coordinates":[5.954081,52.202628]},"properties":{"category":"bus_halte","name":"Hezeweg","operator":"","osm_id":"node/10267397304"}},{"type":"Feature","geometry":{"type":"Point","coordinates":[5.944016,52.185792]},"properties":{"category":"bus_halte","name":"Markendoel","operator":"","osm_id":"node/10267669027"}},{"type":"Feature","geometry":{"type":"Point","coordinates":[5.941109,52.186861]},"properties":{"category":"bus_halte","name":"Ugchelsegrensweg","operator":"","osm_id":"node/10267684815"}},{"type":"Feature","geometry":{"type":"Point","coordinates":[5.936128,52.184962]},"properties":{"category":"bus_halte","name":"De Ugchelse Kei","operator":"","osm_id":"node/10267684816"}},{"type":"Feature","geometry":{"type":"Point","coordinates":[5.932245,52.17936]},"properties":{"category":"bus_halte","name":"Heidehof","operator":"","osm_id":"node/10267684818"}},{"type":"Feature","geometry":{"type":"Point","coordinates":[5.934517,52.182501]},"properties":{"category":"bus_halte","name":"G.P. Duuringlaan","operator":"","osm_id":"node/10267684820"}},{"type":"Feature","geometry":{"type":"Point","coordinates":[5.941197,52.185278]},"properties":{"category":"bus_halte","name":"Richtersweg","operator":"","osm_id":"node/10267684821"}},{"type":"Feature","geometry":{"type":"Point","coordinates":[5.995697,52.227815]},"properties":{"category":"bus_halte","name":"Fugastraat","operator":"","osm_id":"node/10267779710"}},{"type":"Feature","geometry":{"type":"Point","coordinates":[5.996124,52.227693]},"properties":{"category":"bus_halte","name":"Fugastraat","operator":"","osm_id":"node/10267779711"}},{"type":"Feature","geometry":{"type":"Point","coordinates":[6.0024,52.199366]},"properties":{"category":"bus_halte","name":"Rademakersdonk","operator":"","osm_id":"node/10594710955"}},{"type":"Feature","geometry":{"type":"Point","coordinates":[5.946331,52.182207]},"properties":{"category":"bus_halte","name":"Molecatenlaan","operator":"","osm_id":"node/10730624652"}},{"type":"Feature","geometry":{"type":"Point","coordinates":[6.037812,52.198273]},"properties":{"category":"bus_halte","name":"IJsseldijk","operator":"","osm_id":"node/10925208645"}},{"type":"Feature","geometry":{"type":"Point","coordinates":[6.037942,52.198179]},"properties":{"category":"bus_halte","name":"IJsseldijk","operator":"","osm_id":"node/10925208646"}},{"type":"Feature","geometry":{"type":"Point","coordinates":[6.036282,52.144382]},"properties":{"category":"bus_halte","name":"Camping De Bosgraaf","operator":"","osm_id":"node/10925208652"}},{"type":"Feature","geometry":{"type":"Point","coordinates":[6.000679,52.18839]},"properties":{"category":"bus_halte","name":"Winkelcentrum Musketiersveld","operator":"","osm_id":"node/10925208653"}},{"type":"Feature","geometry":{"type":"Point","coordinates":[6.037107,52.132346]},"properties":{"category":"bus_halte","name":"Aventurijn","operator":"","osm_id":"node/10925208654"}},{"type":"Feature","geometry":{"type":"Point","coordinates":[5.985948,52.179806]},"properties":{"category":"bus_halte","name":"Lange Amerikaweg","operator":"","osm_id":"node/10925208655"}},{"type":"Feature","geometry":{"type":"Point","coordinates":[5.985438,52.179725]},"properties":{"category":"bus_halte","name":"Lange Amerikaweg","operator":"","osm_id":"node/10925208656"}},{"type":"Feature","geometry":{"type":"Point","coordinates":[6.000969,52.18801]},"properties":{"category":"bus_halte","name":"Winkelcentrum Musketiersveld","operator":"","osm_id":"node/10925208657"}},{"type":"Feature","geometry":{"type":"Point","coordinates":[5.954704,52.246691]},"properties":{"category":"bus_halte","name":"Logicx","operator":"","osm_id":"node/11094242305"}},{"type":"Feature","geometry":{"type":"Point","coordinates":[5.954646,52.246223]},"properties":{"category":"bus_halte","name":"Logicx","operator":"","osm_id":"node/11094471417"}},{"type":"Feature","geometry":{"type":"Point","coordinates":[5.970525,52.221937]},"properties":{"category":"bus_halte","name":"Johan Steenbergenstraat","operator":"","osm_id":"node/11223277423"}},{"type":"Feature","geometry":{"type":"Point","coordinates":[5.973379,52.179106]},"properties":{"category":"bus_halte","name":"Ekro","operator":"","osm_id":"node/11405518850"}},{"type":"Feature","geometry":{"type":"Point","coordinates":[5.957149,52.197613]},"properties":{"category":"bus_halte","name":"Boekenbus Coda","operator":"","osm_id":"node/11835171499"}},{"type":"Feature","geometry":{"type":"Point","coordinates":[6.001044,52.188038]},"properties":{"category":"bus_halte","name":"Winkelcentrum Musketiersveld","operator":"","osm_id":"node/12177233171"}},{"type":"Feature","geometry":{"type":"Point","coordinates":[5.908214,52.170148]},"properties":{"category":"bus_halte","name":"Het Leesten","operator":"","osm_id":"node/12178019344"}},{"type":"Feature","geometry":{"type":"Point","coordinates":[5.907631,52.170256]},"properties":{"category":"bus_halte","name":"Het Leesten","operator":"","osm_id":"node/12178019345"}},{"type":"Feature","geometry":{"type":"Point","coordinates":[5.963103,52.211823]},"properties":{"category":"bus_halte","name":"Hoofdstraat","operator":"","osm_id":"node/12181050377"}},{"type":"Feature","geometry":{"type":"Point","coordinates":[5.966964,52.194205]},"properties":{"category":"bus_halte","name":"Hofveld","operator":"","osm_id":"node/13452446968"}},{"type":"Feature","geometry":{"type":"Point","coordinates":[5.964943,52.194447]},"properties":{"category":"bus_halte","name":"Hofveld","operator":"","osm_id":"node/13452446969"}},{"type":"Feature","geometry":{"type":"Point","coordinates":[5.980432,52.189382]},"properties":{"category":"bus_halte","name":"Rijnstraat","operator":"","osm_id":"node/13452470047"}},{"type":"Feature","geometry":{"type":"Point","coordinates":[5.954895,52.212995]},"properties":{"category":"bus_halte","name":"Asselsestraat","operator":"","osm_id":"node/13452501736"}},{"type":"Feature","geometry":{"type":"Point","coordinates":[5.955252,52.212605]},"properties":{"category":"bus_halte","name":"Asselsestraat","operator":"","osm_id":"node/13452501737"}},{"type":"Feature","geometry":{"type":"Point","coordinates":[5.986678,52.159979]},"properties":{"category":"ov_knooppunt","name":"Beekbergen","operator":"Veluwsche Stoomtrein Maatschappij","osm_id":"node/2235176450"}},{"type":"Feature","geometry":{"type":"Point","coordinates":[6.003991,52.148288]},"properties":{"category":"ov_knooppunt","name":"Immenbergweg","operator":"Veluwsche Stoomtrein Maatschappij","osm_id":"node/2235176452"}},{"type":"Feature","geometry":{"type":"Point","coordinates":[6.029357,52.129368]},"properties":{"category":"ov_knooppunt","name":"Loenen","operator":"Veluwsche Stoomtrein Maatschappij","osm_id":"node/2235179252"}},{"type":"Feature","geometry":{"type":"Point","coordinates":[5.969786,52.208986]},"properties":{"category":"ov_knooppunt","name":"Apeldoorn","operator":"Veluwsche Stoomtrein Maatschappij","osm_id":"node/2235186029"}},{"type":"Feature","geometry":{"type":"Point","coordinates":[5.970195,52.209745]},"properties":{"category":"ov_knooppunt","name":"Station Apeldoorn","operator":"","osm_id":"node/3415908532"}},{"type":"Feature","geometry":{"type":"Point","coordinates":[5.968973,52.209278]},"properties":{"category":"ov_knooppunt","name":"Apeldoorn","operator":"Nederlandse Spoorwegen","osm_id":"node/4530820009"}},{"type":"Feature","geometry":{"type":"Point","coordinates":[6.006105,52.215733]},"properties":{"category":"ov_knooppunt","name":"Apeldoorn Osseveld","operator":"","osm_id":"node/7606517379"}},{"type":"Feature","geometry":{"type":"Point","coordinates":[6.000663,52.205221]},"properties":{"category":"ov_knooppunt","name":"Apeldoorn De Maten","operator":"","osm_id":"node/7606517380"}},{"type":"Feature","geometry":{"type":"Point","coordinates":[5.999056,52.195128]},"properties":{"category":"ov_knooppunt","name":"","operator":"","osm_id":"node/13049922057"}},{"type":"Feature","geometry":{"type":"Point","coordinates":[5.99918,52.195036]},"properties":{"category":"ov_knooppunt","name":"","operator":"","osm_id":"node/13049922062"}},{"type":"Feature","geometry":{"type":"Point","coordinates":[5.98394,52.181264]},"properties":{"category":"milieustraat","name":"Recycleplein Circulus","operator":"Circulus","osm_id":"node/464737032"}},{"type":"Feature","geometry":{"type":"Point","coordinates":[5.931186,52.200415]},"properties":{"category":"milieustraat","name":"","operator":"","osm_id":"node/5063669787"}},{"type":"Feature","geometry":{"type":"Point","coordinates":[5.985229,52.228513]},"properties":{"category":"milieustraat","name":"Statiegeld Retourshop","operator":"Verpackt","osm_id":"node/5743878298"}},{"type":"Feature","geometry":{"type":"Point","coordinates":[5.984484,52.182206]},"properties":{"category":"milieustraat","name":"Recycling Circulus/Foenix","operator":"","osm_id":"node/11439892963"}},{"type":"Feature","geometry":{"type":"Point","coordinates":[5.993927,52.221542]},"properties":{"category":"glasbak","name":"","operator":"","osm_id":"node/370390673"}},{"type":"Feature","geometry":{"type":"Point","coordinates":[5.941288,52.186016]},"properties":{"category":"glasbak","name":"","operator":"Retourette Ugchelen","osm_id":"node/464737046"}},{"type":"Feature","geometry":{"type":"Point","coordinates":[5.941212,52.185887]},"properties":{"category":"glasbak","name":"","operator":"Retourette Ugchelen","osm_id":"node/464737047"}},{"type":"Feature","geometry":{"type":"Point","coordinates":[5.978089,52.191606]},"properties":{"category":"glasbak","name":"","operator":"","osm_id":"node/692718567"}},{"type":"Feature","geometry":{"type":"Point","coordinates":[5.955143,52.199964]},"properties":{"category":"glasbak","name":"","operator":"","osm_id":"node/872693368"}},{"type":"Feature","geometry":{"type":"Point","coordinates":[5.967518,52.200245]},"properties":{"category":"glasbak","name":"","operator":"","osm_id":"node/888727992"}},{"type":"Feature","geometry":{"type":"Point","coordinates":[5.967848,52.205508]},"properties":{"category":"glasbak","name":"","operator":"","osm_id":"node/895656256"}},{"type":"Feature","geometry":{"type":"Point","coordinates":[5.954534,52.211658]},"properties":{"category":"glasbak","name":"","operator":"","osm_id":"node/895882344"}},{"type":"Feature","geometry":{"type":"Point","coordinates":[5.958481,52.229595]},"properties":{"category":"glasbak","name":"","operator":"","osm_id":"node/916613937"}},{"type":"Feature","geometry":{"type":"Point","coordinates":[5.985279,52.199708]},"properties":{"category":"glasbak","name":"","operator":"","osm_id":"node/1181572988"}},{"type":"Feature","geometry":{"type":"Point","coordinates":[5.785217,52.218942]},"properties":{"category":"glasbak","name":"","operator":"","osm_id":"node/2292480136"}},{"type":"Feature","geometry":{"type":"Point","coordinates":[5.94383,52.20813]},"properties":{"category":"glasbak","name":"","operator":"","osm_id":"node/2296765976"}},{"type":"Feature","geometry":{"type":"Point","coordinates":[5.880268,52.219975]},"properties":{"category":"glasbak","name":"","operator":"","osm_id":"node/2297572242"}},{"type":"Feature","geometry":{"type":"Point","coordinates":[5.972252,52.211665]},"properties":{"category":"glasbak","name":"Diftar","operator":"","osm_id":"node/3414372820"}},{"type":"Feature","geometry":{"type":"Point","coordinates":[6.008556,52.140919]},"properties":{"category":"glasbak","name":"","operator":"","osm_id":"node/4592873391"}},{"type":"Feature","geometry":{"type":"Point","coordinates":[6.003641,52.14384]},"properties":{"category":"glasbak","name":"","operator":"","osm_id":"node/4592873393"}},{"type":"Feature","geometry":{"type":"Point","coordinates":[6.001307,52.141807]},"properties":{"category":"glasbak","name":"","operator":"","osm_id":"node/4592908190"}},{"type":"Feature","geometry":{"type":"Point","coordinates":[6.031789,52.187759]},"properties":{"category":"glasbak","name":"","operator":"","osm_id":"node/4960523676"}},{"type":"Feature","geometry":{"type":"Point","coordinates":[5.965399,52.199011]},"properties":{"category":"glasbak","name":"","operator":"","osm_id":"node/5174410423"}},{"type":"Feature","geometry":{"type":"Point","coordinates":[5.966466,52.190283]},"properties":{"category":"glasbak","name":"","operator":"","osm_id":"node/5175999869"}},{"type":"Feature","geometry":{"type":"Point","coordinates":[5.833296,52.176841]},"properties":{"category":"glasbak","name":"","operator":"","osm_id":"node/5724011807"}},{"type":"Feature","geometry":{"type":"Point","coordinates":[5.955841,52.24095]},"properties":{"category":"glasbak","name":"","operator":"","osm_id":"node/5773938855"}},{"type":"Feature","geometry":{"type":"Point","coordinates":[5.788008,52.218575]},"properties":{"category":"glasbak","name":"","operator":"","osm_id":"node/5868968648"}},{"type":"Feature","geometry":{"type":"Point","coordinates":[5.790661,52.219001]},"properties":{"category":"glasbak","name":"","operator":"","osm_id":"node/5868968652"}},{"type":"Feature","geometry":{"type":"Point","coordinates":[5.79434,52.216856]},"properties":{"category":"glasbak","name":"","operator":"","osm_id":"node/5868968653"}},{"type":"Feature","geometry":{"type":"Point","coordinates":[5.793413,52.218475]},"properties":{"category":"glasbak","name":"","operator":"","osm_id":"node/5868968655"}},{"type":"Feature","geometry":{"type":"Point","coordinates":[5.786979,52.218688]},"properties":{"category":"glasbak","name":"","operator":"","osm_id":"node/5868968656"}},{"type":"Feature","geometry":{"type":"Point","coordinates":[6.006048,52.195856]},"properties":{"category":"glasbak","name":"","operator":"Albert Heijn","osm_id":"node/6214276939"}},{"type":"Feature","geometry":{"type":"Point","coordinates":[6.005372,52.195153]},"properties":{"category":"glasbak","name":"","operator":"Dekamarkt","osm_id":"node/6223451106"}},{"type":"Feature","geometry":{"type":"Point","coordinates":[5.971438,52.212094]},"properties":{"category":"glasbak","name":"","operator":"","osm_id":"node/6402301764"}},{"type":"Feature","geometry":{"type":"Point","coordinates":[5.971438,52.212111]},"properties":{"category":"glasbak","name":"","operator":"","osm_id":"node/6402301765"}},{"type":"Feature","geometry":{"type":"Point","coordinates":[6.004734,52.195708]},"properties":{"category":"glasbak","name":"","operator":"HEMA","osm_id":"node/7158899127"}},{"type":"Feature","geometry":{"type":"Point","coordinates":[5.995539,52.203126]},"properties":{"category":"glasbak","name":"","operator":"","osm_id":"node/7228276489"}},{"type":"Feature","geometry":{"type":"Point","coordinates":[5.944991,52.18721]},"properties":{"category":"glasbak","name":"","operator":"Circulus Berkel","osm_id":"node/7572587685"}},{"type":"Feature","geometry":{"type":"Point","coordinates":[6.005886,52.214327]},"properties":{"category":"glasbak","name":"","operator":"Circulus","osm_id":"node/7804910177"}},{"type":"Feature","geometry":{"type":"Point","coordinates":[6.006552,52.215392]},"properties":{"category":"glasbak","name":"","operator":"","osm_id":"node/7804953854"}},{"type":"Feature","geometry":{"type":"Point","coordinates":[6.004,52.128938]},"properties":{"category":"glasbak","name":"","operator":"","osm_id":"node/8271887274"}},{"type":"Feature","geometry":{"type":"Point","coordinates":[5.78806,52.219371]},"properties":{"category":"glasbak","name":"","operator":"","osm_id":"node/8888470913"}},{"type":"Feature","geometry":{"type":"Point","coordinates":[5.928234,52.204784]},"properties":{"category":"glasbak","name":"","operator":"","osm_id":"node/9874389504"}},{"type":"Feature","geometry":{"type":"Point","coordinates":[5.99025,52.226522]},"properties":{"category":"glasbak","name":"","operator":"","osm_id":"node/9928434273"}},{"type":"Feature","geometry":{"type":"Point","coordinates":[5.990281,52.226506]},"properties":{"category":"glasbak","name":"","operator":"","osm_id":"node/9928434274"}},{"type":"Feature","geometry":{"type":"Point","coordinates":[5.928956,52.219574]},"properties":{"category":"glasbak","name":"","operator":"","osm_id":"node/10291255218"}},{"type":"Feature","geometry":{"type":"Point","coordinates":[5.94645,52.218744]},"properties":{"category":"glasbak","name":"","operator":"","osm_id":"node/10291269121"}},{"type":"Feature","geometry":{"type":"Point","coordinates":[5.946484,52.218773]},"properties":{"category":"glasbak","name":"","operator":"","osm_id":"node/10291269122"}},{"type":"Feature","geometry":{"type":"Point","coordinates":[5.946482,52.218743]},"properties":{"category":"glasbak","name":"","operator":"","osm_id":"node/10291269123"}},{"type":"Feature","geometry":{"type":"Point","coordinates":[5.946451,52.218775]},"properties":{"category":"glasbak","name":"","operator":"","osm_id":"node/10291269124"}},{"type":"Feature","geometry":{"type":"Point","coordinates":[5.92892,52.219573]},"properties":{"category":"glasbak","name":"","operator":"","osm_id":"node/10291269509"}},{"type":"Feature","geometry":{"type":"Point","coordinates":[5.928998,52.219573]},"properties":{"category":"glasbak","name":"","operator":"","osm_id":"node/10291269510"}},{"type":"Feature","geometry":{"type":"Point","coordinates":[5.984022,52.223526]},"properties":{"category":"glasbak","name":"","operator":"Circulus","osm_id":"node/10291296982"}},{"type":"Feature","geometry":{"type":"Point","coordinates":[5.993824,52.222067]},"properties":{"category":"glasbak","name":"","operator":"Circulus","osm_id":"node/10304573966"}},{"type":"Feature","geometry":{"type":"Point","coordinates":[5.994187,52.222605]},"properties":{"category":"glasbak","name":"","operator":"Circulus","osm_id":"node/10304573967"}},{"type":"Feature","geometry":{"type":"Point","coordinates":[5.992889,52.220708]},"properties":{"category":"glasbak","name":"","operator":"Circulus","osm_id":"node/10304573968"}},{"type":"Feature","geometry":{"type":"Point","coordinates":[5.988911,52.216601]},"properties":{"category":"glasbak","name":"","operator":"Circulus","osm_id":"node/10304573969"}},{"type":"Feature","geometry":{"type":"Point","coordinates":[5.993317,52.219043]},"properties":{"category":"glasbak","name":"","operator":"Circulus","osm_id":"node/10304573970"}},{"type":"Feature","geometry":{"type":"Point","coordinates":[5.995533,52.219523]},"properties":{"category":"glasbak","name":"","operator":"Circulus","osm_id":"node/10304573971"}},{"type":"Feature","geometry":{"type":"Point","coordinates":[6.000706,52.217998]},"properties":{"category":"glasbak","name":"","operator":"Circulus","osm_id":"node/10304573972"}},{"type":"Feature","geometry":{"type":"Point","coordinates":[5.996698,52.218161]},"properties":{"category":"glasbak","name":"","operator":"Circulus","osm_id":"node/10304573973"}},{"type":"Feature","geometry":{"type":"Point","coordinates":[5.994765,52.214526]},"properties":{"category":"glasbak","name":"","operator":"Circulus","osm_id":"node/10304573974"}},{"type":"Feature","geometry":{"type":"Point","coordinates":[5.992228,52.213192]},"properties":{"category":"glasbak","name":"","operator":"Circulus","osm_id":"node/10304573975"}},{"type":"Feature","geometry":{"type":"Point","coordinates":[5.984,52.209763]},"properties":{"category":"glasbak","name":"","operator":"Circulus","osm_id":"node/10304573976"}},{"type":"Feature","geometry":{"type":"Point","coordinates":[5.988282,52.212038]},"properties":{"category":"glasbak","name":"","operator":"Circulus","osm_id":"node/10304573977"}},{"type":"Feature","geometry":{"type":"Point","coordinates":[5.984004,52.211809]},"properties":{"category":"glasbak","name":"","operator":"Circulus","osm_id":"node/10304573979"}},{"type":"Feature","geometry":{"type":"Point","coordinates":[5.977315,52.211041]},"properties":{"category":"glasbak","name":"","operator":"Circulus","osm_id":"node/10304573980"}},{"type":"Feature","geometry":{"type":"Point","coordinates":[5.976961,52.211709]},"properties":{"category":"glasbak","name":"","operator":"Circulus","osm_id":"node/10304573981"}},{"type":"Feature","geometry":{"type":"Point","coordinates":[5.975431,52.213305]},"properties":{"category":"glasbak","name":"","operator":"Circulus","osm_id":"node/10304573982"}},{"type":"Feature","geometry":{"type":"Point","coordinates":[5.974911,52.214038]},"properties":{"category":"glasbak","name":"","operator":"Circulus","osm_id":"node/10304573983"}},{"type":"Feature","geometry":{"type":"Point","coordinates":[5.974097,52.213636]},"properties":{"category":"glasbak","name":"","operator":"Circulus","osm_id":"node/10304573984"}},{"type":"Feature","geometry":{"type":"Point","coordinates":[5.971476,52.214228]},"properties":{"category":"glasbak","name":"","operator":"Circulus","osm_id":"node/10304573985"}},{"type":"Feature","geometry":{"type":"Point","coordinates":[5.969849,52.214367]},"properties":{"category":"glasbak","name":"","operator":"Circulus","osm_id":"node/10304573986"}},{"type":"Feature","geometry":{"type":"Point","coordinates":[5.971556,52.215249]},"properties":{"category":"glasbak","name":"","operator":"Circulus","osm_id":"node/10304573987"}},{"type":"Feature","geometry":{"type":"Point","coordinates":[5.970852,52.215158]},"properties":{"category":"glasbak","name":"","operator":"Circulus","osm_id":"node/10304573988"}},{"type":"Feature","geometry":{"type":"Point","coordinates":[5.970486,52.216272]},"properties":{"category":"glasbak","name":"","operator":"Circulus","osm_id":"node/10304573989"}},{"type":"Feature","geometry":{"type":"Point","coordinates":[5.975905,52.216102]},"properties":{"category":"glasbak","name":"","operator":"Circulus","osm_id":"node/10304573990"}},{"type":"Feature","geometry":{"type":"Point","coordinates":[5.97245,52.218267]},"properties":{"category":"glasbak","name":"","operator":"Circulus","osm_id":"node/10304573991"}},{"type":"Feature","geometry":{"type":"Point","coordinates":[5.983153,52.217274]},"properties":{"category":"glasbak","name":"","operator":"Circulus","osm_id":"node/10304573992"}},{"type":"Feature","geometry":{"type":"Point","coordinates":[5.979968,52.218836]},"properties":{"category":"glasbak","name":"","operator":"Circulus","osm_id":"node/10304573993"}},{"type":"Feature","geometry":{"type":"Point","coordinates":[5.98171,52.219174]},"properties":{"category":"glasbak","name":"","operator":"Circulus","osm_id":"node/10304573994"}},{"type":"Feature","geometry":{"type":"Point","coordinates":[5.979923,52.220105]},"properties":{"category":"glasbak","name":"","operator":"Circulus","osm_id":"node/10304573995"}},{"type":"Feature","geometry":{"type":"Point","coordinates":[5.976182,52.221498]},"properties":{"category":"glasbak","name":"","operator":"Circulus","osm_id":"node/10304573997"}},{"type":"Feature","geometry":{"type":"Point","coordinates":[5.979371,52.226513]},"properties":{"category":"glasbak","name":"","operator":"Circulus","osm_id":"node/10304573998"}},{"type":"Feature","geometry":{"type":"Point","coordinates":[5.98744,52.22534]},"properties":{"category":"glasbak","name":"","operator":"Circulus","osm_id":"node/10304573999"}},{"type":"Feature","geometry":{"type":"Point","coordinates":[5.981903,52.226982]},"properties":{"category":"glasbak","name":"","operator":"Circulus","osm_id":"node/10304574000"}},{"type":"Feature","geometry":{"type":"Point","coordinates":[5.981913,52.227]},"properties":{"category":"glasbak","name":"","operator":"Circulus","osm_id":"node/10304574001"}},{"type":"Feature","geometry":{"type":"Point","coordinates":[5.983939,52.227391]},"properties":{"category":"glasbak","name":"","operator":"Circulus","osm_id":"node/10304574002"}},{"type":"Feature","geometry":{"type":"Point","coordinates":[5.983967,52.227382]},"properties":{"category":"glasbak","name":"","operator":"Circulus","osm_id":"node/10304574003"}},{"type":"Feature","geometry":{"type":"Point","coordinates":[5.981023,52.228887]},"properties":{"category":"glasbak","name":"","operator":"Circulus","osm_id":"node/10304574004"}},{"type":"Feature","geometry":{"type":"Point","coordinates":[5.980983,52.228897]},"properties":{"category":"glasbak","name":"","operator":"Circulus","osm_id":"node/10304574005"}},{"type":"Feature","geometry":{"type":"Point","coordinates":[5.993008,52.227694]},"properties":{"category":"glasbak","name":"","operator":"Circulus","osm_id":"node/10304619387"}},{"type":"Feature","geometry":{"type":"Point","coordinates":[5.994226,52.2241]},"properties":{"category":"glasbak","name":"","operator":"Circulus","osm_id":"node/10304619388"}},{"type":"Feature","geometry":{"type":"Point","coordinates":[5.992523,52.224858]},"properties":{"category":"glasbak","name":"","operator":"Circulus","osm_id":"node/10304619389"}},{"type":"Feature","geometry":{"type":"Point","coordinates":[5.990393,52.225975]},"properties":{"category":"glasbak","name":"","operator":"Circulus","osm_id":"node/10304619390"}},{"type":"Feature","geometry":{"type":"Point","coordinates":[5.989195,52.226746]},"properties":{"category":"glasbak","name":"","operator":"Circulus","osm_id":"node/10304619391"}},{"type":"Feature","geometry":{"type":"Point","coordinates":[5.987772,52.227367]},"properties":{"category":"glasbak","name":"","operator":"Circulus","osm_id":"node/10304619392"}},{"type":"Feature","geometry":{"type":"Point","coordinates":[5.986471,52.228586]},"properties":{"category":"glasbak","name":"","operator":"Circulus","osm_id":"node/10304619393"}},{"type":"Feature","geometry":{"type":"Point","coordinates":[5.984619,52.228592]},"properties":{"category":"glasbak","name":"","operator":"Circulus","osm_id":"node/10304619394"}},{"type":"Feature","geometry":{"type":"Point","coordinates":[5.989406,52.2305]},"properties":{"category":"glasbak","name":"","operator":"Circulus","osm_id":"node/10304619395"}},{"type":"Feature","geometry":{"type":"Point","coordinates":[5.987166,52.230328]},"properties":{"category":"glasbak","name":"","operator":"Circulus","osm_id":"node/10304619396"}},{"type":"Feature","geometry":{"type":"Point","coordinates":[5.987943,52.230418]},"properties":{"category":"glasbak","name":"","operator":"Circulus","osm_id":"node/10304619397"}},{"type":"Feature","geometry":{"type":"Point","coordinates":[5.984928,52.232526]},"properties":{"category":"glasbak","name":"","operator":"Circulus","osm_id":"node/10304619398"}},{"type":"Feature","geometry":{"type":"Point","coordinates":[5.98554,52.231789]},"properties":{"category":"glasbak","name":"","operator":"Circulus","osm_id":"node/10304619399"}},{"type":"Feature","geometry":{"type":"Point","coordinates":[5.985514,52.231774]},"properties":{"category":"glasbak","name":"","operator":"Circulus","osm_id":"node/10304619400"}},{"type":"Feature","geometry":{"type":"Point","coordinates":[5.984101,52.231456]},"properties":{"category":"glasbak","name":"","operator":"Circulus","osm_id":"node/10304619401"}},{"type":"Feature","geometry":{"type":"Point","coordinates":[5.982667,52.232146]},"properties":{"category":"glasbak","name":"","operator":"Circulus","osm_id":"node/10304619402"}},{"type":"Feature","geometry":{"type":"Point","coordinates":[5.980106,52.230695]},"properties":{"category":"glasbak","name":"","operator":"Circulus","osm_id":"node/10304619403"}},{"type":"Feature","geometry":{"type":"Point","coordinates":[5.977987,52.234334]},"properties":{"category":"glasbak","name":"","operator":"Circulus","osm_id":"node/10304619404"}},{"type":"Feature","geometry":{"type":"Point","coordinates":[5.977878,52.233671]},"properties":{"category":"glasbak","name":"","operator":"Circulus","osm_id":"node/10304619405"}},{"type":"Feature","geometry":{"type":"Point","coordinates":[5.977692,52.233005]},"properties":{"category":"glasbak","name":"","operator":"Circulus","osm_id":"node/10304619406"}},{"type":"Feature","geometry":{"type":"Point","coordinates":[5.977511,52.232343]},"properties":{"category":"glasbak","name":"","operator":"Circulus","osm_id":"node/10304619407"}},{"type":"Feature","geometry":{"type":"Point","coordinates":[5.979395,52.188032]},"properties":{"category":"glasbak","name":"","operator":"Circulus","osm_id":"node/10614634732"}},{"type":"Feature","geometry":{"type":"Point","coordinates":[6.020117,52.114154]},"properties":{"category":"glasbak","name":"","operator":"","osm_id":"node/10846441997"}},{"type":"Feature","geometry":{"type":"Point","coordinates":[5.999156,52.16655]},"properties":{"category":"glasbak","name":"","operator":"","osm_id":"node/11036002740"}},{"type":"Feature","geometry":{"type":"Point","coordinates":[5.937146,52.216379]},"properties":{"category":"glasbak","name":"","operator":"","osm_id":"node/11205059732"}},{"type":"Feature","geometry":{"type":"Point","coordinates":[6.00658,52.215362]},"properties":{"category":"glasbak","name":"","operator":"","osm_id":"node/11245179816"}},{"type":"Feature","geometry":{"type":"Point","coordinates":[6.006564,52.215375]},"properties":{"category":"glasbak","name":"","operator":"Circulus","osm_id":"node/11245179817"}},{"type":"Feature","geometry":{"type":"Point","coordinates":[5.946547,52.21968]},"properties":{"category":"glasbak","name":"","operator":"Circulus","osm_id":"node/11245179818"}},{"type":"Feature","geometry":{"type":"Point","coordinates":[5.989652,52.255665]},"properties":{"category":"glasbak","name":"","operator":"Circulus","osm_id":"node/11245179819"}},{"type":"Feature","geometry":{"type":"Point","coordinates":[5.955867,52.240937]},"properties":{"category":"glasbak","name":"","operator":"Circulus","osm_id":"node/11245179820"}},{"type":"Feature","geometry":{"type":"Point","coordinates":[5.992985,52.227708]},"properties":{"category":"glasbak","name":"","operator":"Circulus","osm_id":"node/11245179821"}},{"type":"Feature","geometry":{"type":"Point","coordinates":[6.002871,52.229749]},"properties":{"category":"glasbak","name":"","operator":"Circulus","osm_id":"node/11245179822"}},{"type":"Feature","geometry":{"type":"Point","coordinates":[5.995472,52.235807]},"properties":{"category":"glasbak","name":"","operator":"Circulus","osm_id":"node/11245179823"}},{"type":"Feature","geometry":{"type":"Point","coordinates":[5.995488,52.235823]},"properties":{"category":"glasbak","name":"","operator":"Circulus","osm_id":"node/11245179824"}},{"type":"Feature","geometry":{"type":"Point","coordinates":[5.945289,52.219661]},"properties":{"category":"glasbak","name":"","operator":"Circulus","osm_id":"node/11451722657"}},{"type":"Feature","geometry":{"type":"Point","coordinates":[5.945426,52.219355]},"properties":{"category":"glasbak","name":"","operator":"Circulus","osm_id":"node/11451722658"}},{"type":"Feature","geometry":{"type":"Point","coordinates":[5.970505,52.223028]},"properties":{"category":"glasbak","name":"","operator":"Circulus","osm_id":"node/11494624795"}},{"type":"Feature","geometry":{"type":"Point","coordinates":[5.970479,52.223012]},"properties":{"category":"glasbak","name":"","operator":"Circulus","osm_id":"node/11494624796"}},{"type":"Feature","geometry":{"type":"Point","coordinates":[5.970524,52.223008]},"properties":{"category":"glasbak","name":"","operator":"Circulus","osm_id":"node/11494624797"}},{"type":"Feature","geometry":{"type":"Point","coordinates":[5.970518,52.222989]},"properties":{"category":"glasbak","name":"","operator":"Circulus","osm_id":"node/11494624798"}},{"type":"Feature","geometry":{"type":"Point","coordinates":[5.970473,52.222994]},"properties":{"category":"glasbak","name":"","operator":"Circulus","osm_id":"node/11494624799"}},{"type":"Feature","geometry":{"type":"Point","coordinates":[5.98008,52.230663]},"properties":{"category":"glasbak","name":"","operator":"Circulus","osm_id":"node/11494631766"}},{"type":"Feature","geometry":{"type":"Point","coordinates":[5.980093,52.23068]},"properties":{"category":"glasbak","name":"","operator":"Circulus","osm_id":"node/11494631767"}},{"type":"Feature","geometry":{"type":"Point","coordinates":[5.983381,52.231818]},"properties":{"category":"glasbak","name":"","operator":"Circulus","osm_id":"node/11494637478"}},{"type":"Feature","geometry":{"type":"Point","coordinates":[5.983394,52.231811]},"properties":{"category":"glasbak","name":"","operator":"Circulus","osm_id":"node/11494637479"}},{"type":"Feature","geometry":{"type":"Point","coordinates":[5.981902,52.232489]},"properties":{"category":"glasbak","name":"","operator":"Circulus","osm_id":"node/11494637480"}},{"type":"Feature","geometry":{"type":"Point","coordinates":[5.981935,52.232485]},"properties":{"category":"glasbak","name":"","operator":"Circulus","osm_id":"node/11494637481"}},{"type":"Feature","geometry":{"type":"Point","coordinates":[5.989039,52.234477]},"properties":{"category":"glasbak","name":"","operator":"Circulus","osm_id":"node/11494687678"}},{"type":"Feature","geometry":{"type":"Point","coordinates":[5.989071,52.234471]},"properties":{"category":"glasbak","name":"","operator":"Circulus","osm_id":"node/11494687679"}},{"type":"Feature","geometry":{"type":"Point","coordinates":[5.98894,52.234268]},"properties":{"category":"glasbak","name":"","operator":"Circulus","osm_id":"node/11494687680"}},{"type":"Feature","geometry":{"type":"Point","coordinates":[5.989317,52.234908]},"properties":{"category":"glasbak","name":"","operator":"Circulus","osm_id":"node/11494687681"}},{"type":"Feature","geometry":{"type":"Point","coordinates":[5.990451,52.236917]},"properties":{"category":"glasbak","name":"","operator":"Circulus","osm_id":"node/11494687682"}},{"type":"Feature","geometry":{"type":"Point","coordinates":[5.990482,52.236911]},"properties":{"category":"glasbak","name":"","operator":"Circulus","osm_id":"node/11494687683"}},{"type":"Feature","geometry":{"type":"Point","coordinates":[5.989296,52.234888]},"properties":{"category":"glasbak","name":"","operator":"Circulus","osm_id":"node/11494687684"}},{"type":"Feature","geometry":{"type":"Point","coordinates":[5.989985,52.236055]},"properties":{"category":"glasbak","name":"","operator":"Circulus","osm_id":"node/11494687685"}},{"type":"Feature","geometry":{"type":"Point","coordinates":[5.989962,52.236035]},"properties":{"category":"glasbak","name":"","operator":"Circulus","osm_id":"node/11494687686"}},{"type":"Feature","geometry":{"type":"Point","coordinates":[5.990489,52.236969]},"properties":{"category":"glasbak","name":"","operator":"Circulus","osm_id":"node/11494687687"}},{"type":"Feature","geometry":{"type":"Point","coordinates":[5.990514,52.236965]},"properties":{"category":"glasbak","name":"","operator":"Circulus","osm_id":"node/11494687688"}},{"type":"Feature","geometry":{"type":"Point","coordinates":[5.988916,52.234215]},"properties":{"category":"glasbak","name":"","operator":"Circulus","osm_id":"node/11494687689"}},{"type":"Feature","geometry":{"type":"Point","coordinates":[5.975788,52.211272]},"properties":{"category":"glasbak","name":"","operator":"Circulus","osm_id":"node/11523251468"}},{"type":"Feature","geometry":{"type":"Point","coordinates":[5.975437,52.211624]},"properties":{"category":"glasbak","name":"","operator":"","osm_id":"node/11523314051"}},{"type":"Feature","geometry":{"type":"Point","coordinates":[5.975456,52.21161]},"properties":{"category":"glasbak","name":"","operator":"","osm_id":"node/11523314052"}},{"type":"Feature","geometry":{"type":"Point","coordinates":[5.975474,52.211596]},"properties":{"category":"glasbak","name":"","operator":"","osm_id":"node/11523314053"}},{"type":"Feature","geometry":{"type":"Point","coordinates":[5.97576,52.211265]},"properties":{"category":"glasbak","name":"","operator":"Circulus","osm_id":"node/11523321169"}},{"type":"Feature","geometry":{"type":"Point","coordinates":[5.975728,52.211257]},"properties":{"category":"glasbak","name":"","operator":"Circulus","osm_id":"node/11523321170"}},{"type":"Feature","geometry":{"type":"Point","coordinates":[5.975699,52.21125]},"properties":{"category":"glasbak","name":"","operator":"Circulus","osm_id":"node/11523321171"}},{"type":"Feature","geometry":{"type":"Point","coordinates":[5.97567,52.211244]},"properties":{"category":"glasbak","name":"","operator":"Circulus","osm_id":"node/11523321172"}},{"type":"Feature","geometry":{"type":"Point","coordinates":[5.975641,52.211236]},"properties":{"category":"glasbak","name":"","operator":"Circulus","osm_id":"node/11523321173"}},{"type":"Feature","geometry":{"type":"Point","coordinates":[5.975612,52.21123]},"properties":{"category":"glasbak","name":"","operator":"Circulus","osm_id":"node/11523321174"}},{"type":"Feature","geometry":{"type":"Point","coordinates":[5.952591,52.215819]},"properties":{"category":"glasbak","name":"","operator":"Circulus","osm_id":"node/11833197109"}},{"type":"Feature","geometry":{"type":"Point","coordinates":[5.991895,52.221487]},"properties":{"category":"glasbak","name":"","operator":"Circulus","osm_id":"node/11880827352"}},{"type":"Feature","geometry":{"type":"Point","coordinates":[5.974326,52.229211]},"properties":{"category":"glasbak","name":"","operator":"","osm_id":"node/11880927737"}},{"type":"Feature","geometry":{"type":"Point","coordinates":[5.992623,52.22116]},"properties":{"category":"glasbak","name":"","operator":"","osm_id":"node/11919900343"}},{"type":"Feature","geometry":{"type":"Point","coordinates":[5.979884,52.220076]},"properties":{"category":"glasbak","name":"","operator":"Circulus","osm_id":"node/12099364594"}},{"type":"Feature","geometry":{"type":"Point","coordinates":[5.979903,52.220091]},"properties":{"category":"glasbak","name":"","operator":"Circulus","osm_id":"node/12099364595"}},{"type":"Feature","geometry":{"type":"Point","coordinates":[5.960555,52.212279]},"properties":{"category":"glasbak","name":"","operator":"","osm_id":"node/12102715556"}},{"type":"Feature","geometry":{"type":"Point","coordinates":[5.960598,52.212289]},"properties":{"category":"glasbak","name":"","operator":"","osm_id":"node/12102715557"}},{"type":"Feature","geometry":{"type":"Point","coordinates":[5.957082,52.217157]},"properties":{"category":"glasbak","name":"","operator":"","osm_id":"node/12102715561"}},{"type":"Feature","geometry":{"type":"Point","coordinates":[5.957058,52.217171]},"properties":{"category":"glasbak","name":"","operator":"","osm_id":"node/12102715562"}},{"type":"Feature","geometry":{"type":"Point","coordinates":[5.954979,52.218315]},"properties":{"category":"glasbak","name":"","operator":"","osm_id":"node/12102715575"}},{"type":"Feature","geometry":{"type":"Point","coordinates":[5.954945,52.21831]},"properties":{"category":"glasbak","name":"","operator":"","osm_id":"node/12102715576"}},{"type":"Feature","geometry":{"type":"Point","coordinates":[5.994246,52.224088]},"properties":{"category":"glasbak","name":"","operator":"Circulus","osm_id":"node/12103881541"}},{"type":"Feature","geometry":{"type":"Point","coordinates":[5.992627,52.224936]},"properties":{"category":"glasbak","name":"","operator":"","osm_id":"node/12103881542"}},{"type":"Feature","geometry":{"type":"Point","coordinates":[5.992604,52.224949]},"properties":{"category":"glasbak","name":"","operator":"","osm_id":"node/12103881543"}},{"type":"Feature","geometry":{"type":"Point","coordinates":[5.989207,52.226761]},"properties":{"category":"glasbak","name":"","operator":"Circulus","osm_id":"node/12103881544"}},{"type":"Feature","geometry":{"type":"Point","coordinates":[5.991816,52.221433]},"properties":{"category":"glasbak","name":"","operator":"Circulus","osm_id":"node/12103895985"}},{"type":"Feature","geometry":{"type":"Point","coordinates":[5.991868,52.221456]},"properties":{"category":"glasbak","name":"","operator":"Circulus","osm_id":"node/12103895986"}},{"type":"Feature","geometry":{"type":"Point","coordinates":[5.991828,52.221449]},"properties":{"category":"glasbak","name":"","operator":"Circulus","osm_id":"node/12103895987"}},{"type":"Feature","geometry":{"type":"Point","coordinates":[5.991881,52.221473]},"properties":{"category":"glasbak","name":"","operator":"Circulus","osm_id":"node/12103895988"}},{"type":"Feature","geometry":{"type":"Point","coordinates":[5.991856,52.221481]},"properties":{"category":"glasbak","name":"","operator":"Circulus","osm_id":"node/12103895989"}},{"type":"Feature","geometry":{"type":"Point","coordinates":[5.99187,52.221496]},"properties":{"category":"glasbak","name":"","operator":"Circulus","osm_id":"node/12103895990"}},{"type":"Feature","geometry":{"type":"Point","coordinates":[5.991855,52.221441]},"properties":{"category":"glasbak","name":"","operator":"Circulus","osm_id":"node/12103895991"}},{"type":"Feature","geometry":{"type":"Point","coordinates":[5.991842,52.221425]},"properties":{"category":"glasbak","name":"","operator":"Circulus","osm_id":"node/12103895992"}},{"type":"Feature","geometry":{"type":"Point","coordinates":[5.991841,52.221465]},"properties":{"category":"glasbak","name":"","operator":"Circulus","osm_id":"node/12103895993"}},{"type":"Feature","geometry":{"type":"Point","coordinates":[5.993946,52.221565]},"properties":{"category":"glasbak","name":"","operator":"","osm_id":"node/12103895994"}},{"type":"Feature","geometry":{"type":"Point","coordinates":[5.993793,52.222078]},"properties":{"category":"glasbak","name":"","operator":"Circulus","osm_id":"node/12103895995"}},{"type":"Feature","geometry":{"type":"Point","coordinates":[5.994199,52.222621]},"properties":{"category":"glasbak","name":"","operator":"Circulus","osm_id":"node/12103895996"}},{"type":"Feature","geometry":{"type":"Point","coordinates":[5.978128,52.220485]},"properties":{"category":"glasbak","name":"","operator":"Circulus","osm_id":"node/12104425218"}},{"type":"Feature","geometry":{"type":"Point","coordinates":[5.978157,52.220477]},"properties":{"category":"glasbak","name":"","operator":"Circulus","osm_id":"node/12104425219"}},{"type":"Feature","geometry":{"type":"Point","coordinates":[5.978108,52.220496]},"properties":{"category":"glasbak","name":"","operator":"Circulus","osm_id":"node/12104425220"}},{"type":"Feature","geometry":{"type":"Point","coordinates":[5.978185,52.22047]},"properties":{"category":"glasbak","name":"","operator":"Circulus","osm_id":"node/12104425221"}},{"type":"Feature","geometry":{"type":"Point","coordinates":[5.976159,52.221507]},"properties":{"category":"glasbak","name":"","operator":"Circulus","osm_id":"node/12104425222"}},{"type":"Feature","geometry":{"type":"Point","coordinates":[5.976239,52.221481]},"properties":{"category":"glasbak","name":"","operator":"Circulus","osm_id":"node/12104425223"}},{"type":"Feature","geometry":{"type":"Point","coordinates":[5.976213,52.22149]},"properties":{"category":"glasbak","name":"","operator":"Circulus","osm_id":"node/12104425224"}},{"type":"Feature","geometry":{"type":"Point","coordinates":[5.981888,52.226969]},"properties":{"category":"glasbak","name":"","operator":"Circulus","osm_id":"node/12104425225"}},{"type":"Feature","geometry":{"type":"Point","coordinates":[5.981941,52.227035]},"properties":{"category":"glasbak","name":"","operator":"Circulus","osm_id":"node/12104425226"}},{"type":"Feature","geometry":{"type":"Point","coordinates":[5.981954,52.227052]},"properties":{"category":"glasbak","name":"","operator":"Circulus","osm_id":"node/12104425227"}},{"type":"Feature","geometry":{"type":"Point","coordinates":[5.981929,52.227018]},"properties":{"category":"glasbak","name":"","operator":"Circulus","osm_id":"node/12104425228"}},{"type":"Feature","geometry":{"type":"Point","coordinates":[5.983987,52.227375]},"properties":{"category":"glasbak","name":"","operator":"Circulus","osm_id":"node/12104425229"}},{"type":"Feature","geometry":{"type":"Point","coordinates":[5.983882,52.227406]},"properties":{"category":"glasbak","name":"","operator":"Circulus","osm_id":"node/12104425230"}},{"type":"Feature","geometry":{"type":"Point","coordinates":[5.983854,52.227415]},"properties":{"category":"glasbak","name":"","operator":"Circulus","osm_id":"node/12104425231"}},{"type":"Feature","geometry":{"type":"Point","coordinates":[5.983911,52.227399]},"properties":{"category":"glasbak","name":"","operator":"Circulus","osm_id":"node/12104425232"}},{"type":"Feature","geometry":{"type":"Point","coordinates":[5.980932,52.228888]},"properties":{"category":"glasbak","name":"","operator":"Circulus","osm_id":"node/12104425233"}},{"type":"Feature","geometry":{"type":"Point","coordinates":[5.981063,52.228875]},"properties":{"category":"glasbak","name":"","operator":"Circulus","osm_id":"node/12104425234"}},{"type":"Feature","geometry":{"type":"Point","coordinates":[5.981103,52.228866]},"properties":{"category":"glasbak","name":"","operator":"Circulus","osm_id":"node/12104425235"}},{"type":"Feature","geometry":{"type":"Point","coordinates":[5.980942,52.228909]},"properties":{"category":"glasbak","name":"","operator":"Circulus","osm_id":"node/12104425236"}},{"type":"Feature","geometry":{"type":"Point","coordinates":[5.998858,52.225774]},"properties":{"category":"glasbak","name":"","operator":"Circulus","osm_id":"node/12104714391"}},{"type":"Feature","geometry":{"type":"Point","coordinates":[6.00285,52.2241]},"properties":{"category":"glasbak","name":"","operator":"Circulus","osm_id":"node/12104714392"}},{"type":"Feature","geometry":{"type":"Point","coordinates":[6.003721,52.223201]},"properties":{"category":"glasbak","name":"","operator":"Circulus","osm_id":"node/12104714393"}},{"type":"Feature","geometry":{"type":"Point","coordinates":[5.999035,52.221632]},"properties":{"category":"glasbak","name":"","operator":"Circulus","osm_id":"node/12104714394"}},{"type":"Feature","geometry":{"type":"Point","coordinates":[5.999758,52.221715]},"properties":{"category":"glasbak","name":"","operator":"Circulus","osm_id":"node/12104714395"}},{"type":"Feature","geometry":{"type":"Point","coordinates":[5.999064,52.22165]},"properties":{"category":"glasbak","name":"","operator":"Circulus","osm_id":"node/12104714396"}},{"type":"Feature","geometry":{"type":"Point","coordinates":[5.999778,52.221729]},"properties":{"category":"glasbak","name":"","operator":"Circulus","osm_id":"node/12104714397"}},{"type":"Feature","geometry":{"type":"Point","coordinates":[6.000354,52.221984]},"properties":{"category":"glasbak","name":"","operator":"Circulus","osm_id":"node/12104714398"}},{"type":"Feature","geometry":{"type":"Point","coordinates":[5.999015,52.221615]},"properties":{"category":"glasbak","name":"","operator":"Circulus","osm_id":"node/12104714399"}},{"type":"Feature","geometry":{"type":"Point","coordinates":[5.999728,52.221693]},"properties":{"category":"glasbak","name":"","operator":"Circulus","osm_id":"node/12104714400"}},{"type":"Feature","geometry":{"type":"Point","coordinates":[5.980069,52.230645]},"properties":{"category":"glasbak","name":"","operator":"Circulus","osm_id":"node/12104731521"}},{"type":"Feature","geometry":{"type":"Point","coordinates":[5.984589,52.228608]},"properties":{"category":"glasbak","name":"","operator":"Circulus","osm_id":"node/12104731522"}},{"type":"Feature","geometry":{"type":"Point","coordinates":[5.98714,52.230303]},"properties":{"category":"glasbak","name":"","operator":"Circulus","osm_id":"node/12104731523"}},{"type":"Feature","geometry":{"type":"Point","coordinates":[5.987151,52.230312]},"properties":{"category":"glasbak","name":"","operator":"Circulus","osm_id":"node/12104731524"}},{"type":"Feature","geometry":{"type":"Point","coordinates":[5.987958,52.230437]},"properties":{"category":"glasbak","name":"","operator":"Circulus","osm_id":"node/12104731525"}},{"type":"Feature","geometry":{"type":"Point","coordinates":[5.984897,52.232511]},"properties":{"category":"glasbak","name":"","operator":"Circulus","osm_id":"node/12104731526"}},{"type":"Feature","geometry":{"type":"Point","coordinates":[5.986136,52.232119]},"properties":{"category":"glasbak","name":"","operator":"Circulus","osm_id":"node/12104731527"}},{"type":"Feature","geometry":{"type":"Point","coordinates":[5.986107,52.232131]},"properties":{"category":"glasbak","name":"","operator":"Circulus","osm_id":"node/12104731528"}},{"type":"Feature","geometry":{"type":"Point","coordinates":[5.985558,52.231637]},"properties":{"category":"glasbak","name":"","operator":"Circulus","osm_id":"node/12104731529"}},{"type":"Feature","geometry":{"type":"Point","coordinates":[5.981146,52.232838]},"properties":{"category":"glasbak","name":"","operator":"Circulus","osm_id":"node/12104731530"}},{"type":"Feature","geometry":{"type":"Point","coordinates":[5.981173,52.232826]},"properties":{"category":"glasbak","name":"","operator":"Circulus","osm_id":"node/12104731531"}},{"type":"Feature","geometry":{"type":"Point","coordinates":[5.977539,52.23299]},"properties":{"category":"glasbak","name":"","operator":"Circulus","osm_id":"node/12104731532"}},{"type":"Feature","geometry":{"type":"Point","coordinates":[5.977567,52.232997]},"properties":{"category":"glasbak","name":"","operator":"Circulus","osm_id":"node/12104731533"}},{"type":"Feature","geometry":{"type":"Point","coordinates":[5.977596,52.233003]},"properties":{"category":"glasbak","name":"","operator":"Circulus","osm_id":"node/12104731534"}},{"type":"Feature","geometry":{"type":"Point","coordinates":[5.977623,52.233011]},"properties":{"category":"glasbak","name":"","operator":"Circulus","osm_id":"node/12104731535"}},{"type":"Feature","geometry":{"type":"Point","coordinates":[5.977667,52.232999]},"properties":{"category":"glasbak","name":"","operator":"Circulus","osm_id":"node/12104731536"}},{"type":"Feature","geometry":{"type":"Point","coordinates":[6.000383,52.222004]},"properties":{"category":"glasbak","name":"","operator":"Circulus","osm_id":"node/12104946101"}},{"type":"Feature","geometry":{"type":"Point","coordinates":[5.996074,52.223296]},"properties":{"category":"glasbak","name":"","operator":"Circulus","osm_id":"node/12104946102"}},{"type":"Feature","geometry":{"type":"Point","coordinates":[5.996049,52.223275]},"properties":{"category":"glasbak","name":"","operator":"Circulus","osm_id":"node/12104946103"}},{"type":"Feature","geometry":{"type":"Point","coordinates":[5.996623,52.223387]},"properties":{"category":"glasbak","name":"","operator":"Circulus","osm_id":"node/12104946104"}},{"type":"Feature","geometry":{"type":"Point","coordinates":[5.996651,52.223407]},"properties":{"category":"glasbak","name":"","operator":"Circulus","osm_id":"node/12104946105"}},{"type":"Feature","geometry":{"type":"Point","coordinates":[5.996027,52.223265]},"properties":{"category":"glasbak","name":"","operator":"Circulus","osm_id":"node/12104946106"}},{"type":"Feature","geometry":{"type":"Point","coordinates":[5.996673,52.223421]},"properties":{"category":"glasbak","name":"","operator":"Circulus","osm_id":"node/12104946107"}},{"type":"Feature","geometry":{"type":"Point","coordinates":[5.996603,52.223372]},"properties":{"category":"glasbak","name":"","operator":"Circulus","osm_id":"node/12104946108"}},{"type":"Feature","geometry":{"type":"Point","coordinates":[5.99224,52.213214]},"properties":{"category":"glasbak","name":"","operator":"Circulus","osm_id":"node/12613423336"}},{"type":"Feature","geometry":{"type":"Point","coordinates":[6.00279,52.216805]},"properties":{"category":"glasbak","name":"","operator":"Circulus","osm_id":"node/12697389868"}},{"type":"Feature","geometry":{"type":"Point","coordinates":[6.004583,52.21606]},"properties":{"category":"glasbak","name":"","operator":"Circulus","osm_id":"node/12697389869"}},{"type":"Feature","geometry":{"type":"Point","coordinates":[6.004521,52.216062]},"properties":{"category":"glasbak","name":"","operator":"Circulus","osm_id":"node/12697389870"}},{"type":"Feature","geometry":{"type":"Point","coordinates":[6.004507,52.216078]},"properties":{"category":"glasbak","name":"","operator":"Circulus","osm_id":"node/12697389871"}},{"type":"Feature","geometry":{"type":"Point","coordinates":[6.002759,52.216803]},"properties":{"category":"glasbak","name":"","operator":"Circulus","osm_id":"node/12697389872"}},{"type":"Feature","geometry":{"type":"Point","coordinates":[6.004534,52.216046]},"properties":{"category":"glasbak","name":"","operator":"Circulus","osm_id":"node/12697389873"}},{"type":"Feature","geometry":{"type":"Point","coordinates":[6.004466,52.216122]},"properties":{"category":"glasbak","name":"","operator":"Circulus","osm_id":"node/12697389874"}},{"type":"Feature","geometry":{"type":"Point","coordinates":[6.004555,52.216093]},"properties":{"category":"glasbak","name":"","operator":"Circulus","osm_id":"node/12697389875"}},{"type":"Feature","geometry":{"type":"Point","coordinates":[6.004529,52.216122]},"properties":{"category":"glasbak","name":"","operator":"Circulus","osm_id":"node/12697389876"}},{"type":"Feature","geometry":{"type":"Point","coordinates":[6.004517,52.216139]},"properties":{"category":"glasbak","name":"","operator":"Circulus","osm_id":"node/12697389877"}},{"type":"Feature","geometry":{"type":"Point","coordinates":[6.004502,52.216154]},"properties":{"category":"glasbak","name":"","operator":"Circulus","osm_id":"node/12697389878"}},{"type":"Feature","geometry":{"type":"Point","coordinates":[6.002818,52.21682]},"properties":{"category":"glasbak","name":"","operator":"Circulus","osm_id":"node/12697389879"}},{"type":"Feature","geometry":{"type":"Point","coordinates":[6.007038,52.216651]},"properties":{"category":"glasbak","name":"","operator":"Circulus","osm_id":"node/12697389880"}},{"type":"Feature","geometry":{"type":"Point","coordinates":[6.004426,52.216131]},"properties":{"category":"glasbak","name":"","operator":"Circulus","osm_id":"node/12697389881"}},{"type":"Feature","geometry":{"type":"Point","coordinates":[6.004569,52.216077]},"properties":{"category":"glasbak","name":"","operator":"Circulus","osm_id":"node/12697389882"}},{"type":"Feature","geometry":{"type":"Point","coordinates":[6.004482,52.216107]},"properties":{"category":"glasbak","name":"","operator":"Circulus","osm_id":"node/12697389883"}},{"type":"Feature","geometry":{"type":"Point","coordinates":[6.004455,52.216138]},"properties":{"category":"glasbak","name":"","operator":"Circulus","osm_id":"node/12697389884"}},{"type":"Feature","geometry":{"type":"Point","coordinates":[6.002767,52.215786]},"properties":{"category":"glasbak","name":"","operator":"Circulus","osm_id":"node/12697389885"}},{"type":"Feature","geometry":{"type":"Point","coordinates":[6.002821,52.216808]},"properties":{"category":"glasbak","name":"","operator":"Circulus","osm_id":"node/12697389886"}},{"type":"Feature","geometry":{"type":"Point","coordinates":[6.005275,52.21699]},"properties":{"category":"glasbak","name":"","operator":"Circulus","osm_id":"node/12697389888"}},{"type":"Feature","geometry":{"type":"Point","coordinates":[6.007016,52.216643]},"properties":{"category":"glasbak","name":"","operator":"Circulus","osm_id":"node/12697389889"}},{"type":"Feature","geometry":{"type":"Point","coordinates":[6.012488,52.218883]},"properties":{"category":"glasbak","name":"","operator":"Circulus","osm_id":"node/12697389890"}},{"type":"Feature","geometry":{"type":"Point","coordinates":[6.01396,52.222851]},"properties":{"category":"glasbak","name":"","operator":"Circulus","osm_id":"node/12697389891"}},{"type":"Feature","geometry":{"type":"Point","coordinates":[6.009355,52.22161]},"properties":{"category":"glasbak","name":"","operator":"Circulus","osm_id":"node/12697389892"}},{"type":"Feature","geometry":{"type":"Point","coordinates":[6.008357,52.221312]},"properties":{"category":"glasbak","name":"","operator":"Circulus","osm_id":"node/12697389893"}},{"type":"Feature","geometry":{"type":"Point","coordinates":[6.008387,52.221315]},"properties":{"category":"glasbak","name":"","operator":"Circulus","osm_id":"node/12697389894"}},{"type":"Feature","geometry":{"type":"Point","coordinates":[6.008402,52.221296]},"properties":{"category":"glasbak","name":"","operator":"Circulus","osm_id":"node/12697389895"}},{"type":"Feature","geometry":{"type":"Point","coordinates":[6.007948,52.221137]},"properties":{"category":"glasbak","name":"","operator":"Circulus","osm_id":"node/12697389896"}},{"type":"Feature","geometry":{"type":"Point","coordinates":[6.007572,52.221265]},"properties":{"category":"glasbak","name":"","operator":"Circulus","osm_id":"node/12697389897"}},{"type":"Feature","geometry":{"type":"Point","coordinates":[6.007907,52.221139]},"properties":{"category":"glasbak","name":"","operator":"Circulus","osm_id":"node/12697389898"}},{"type":"Feature","geometry":{"type":"Point","coordinates":[6.007149,52.221045]},"properties":{"category":"glasbak","name":"","operator":"Circulus","osm_id":"node/12697389899"}},{"type":"Feature","geometry":{"type":"Point","coordinates":[6.007655,52.221124]},"properties":{"category":"glasbak","name":"","operator":"Circulus","osm_id":"node/12697389900"}},{"type":"Feature","geometry":{"type":"Point","coordinates":[6.00661,52.221104]},"properties":{"category":"glasbak","name":"","operator":"Circulus","osm_id":"node/12697410301"}},{"type":"Feature","geometry":{"type":"Point","coordinates":[6.007702,52.221126]},"properties":{"category":"glasbak","name":"","operator":"Circulus","osm_id":"node/12697410302"}},{"type":"Feature","geometry":{"type":"Point","coordinates":[6.007759,52.221133]},"properties":{"category":"glasbak","name":"","operator":"Circulus","osm_id":"node/12697410303"}},{"type":"Feature","geometry":{"type":"Point","coordinates":[6.007812,52.221136]},"properties":{"category":"glasbak","name":"","operator":"Circulus","osm_id":"node/12697410304"}},{"type":"Feature","geometry":{"type":"Point","coordinates":[6.00786,52.221138]},"properties":{"category":"glasbak","name":"","operator":"Circulus","osm_id":"node/12697410305"}},{"type":"Feature","geometry":{"type":"Point","coordinates":[6.007173,52.221055]},"properties":{"category":"glasbak","name":"","operator":"Circulus","osm_id":"node/12697410306"}},{"type":"Feature","geometry":{"type":"Point","coordinates":[5.974087,52.213617]},"properties":{"category":"glasbak","name":"","operator":"Circulus","osm_id":"node/12723685418"}},{"type":"Feature","geometry":{"type":"Point","coordinates":[5.971525,52.215254]},"properties":{"category":"glasbak","name":"","operator":"Circulus","osm_id":"node/12723685419"}},{"type":"Feature","geometry":{"type":"Point","coordinates":[5.969918,52.215185]},"properties":{"category":"glasbak","name":"","operator":"Circulus","osm_id":"node/12723685420"}},{"type":"Feature","geometry":{"type":"Point","coordinates":[5.969909,52.215165]},"properties":{"category":"glasbak","name":"","operator":"Circulus","osm_id":"node/12723685421"}},{"type":"Feature","geometry":{"type":"Point","coordinates":[5.976674,52.212607]},"properties":{"category":"glasbak","name":"","operator":"Circulus","osm_id":"node/12723685422"}},{"type":"Feature","geometry":{"type":"Point","coordinates":[5.970482,52.216256]},"properties":{"category":"glasbak","name":"","operator":"Circulus","osm_id":"node/12723685423"}},{"type":"Feature","geometry":{"type":"Point","coordinates":[5.970827,52.215161]},"properties":{"category":"glasbak","name":"","operator":"Circulus","osm_id":"node/12723685424"}},{"type":"Feature","geometry":{"type":"Point","coordinates":[5.969852,52.214355]},"properties":{"category":"glasbak","name":"","operator":"Circulus","osm_id":"node/12723685425"}},{"type":"Feature","geometry":{"type":"Point","coordinates":[5.974058,52.213607]},"properties":{"category":"glasbak","name":"","operator":"Circulus","osm_id":"node/12723685426"}},{"type":"Feature","geometry":{"type":"Point","coordinates":[5.974918,52.214065]},"properties":{"category":"glasbak","name":"","operator":"Circulus","osm_id":"node/12723685427"}},{"type":"Feature","geometry":{"type":"Point","coordinates":[5.976196,52.213009]},"properties":{"category":"glasbak","name":"","operator":"Circulus","osm_id":"node/12723685428"}},{"type":"Feature","geometry":{"type":"Point","coordinates":[5.976684,52.212588]},"properties":{"category":"glasbak","name":"","operator":"Circulus","osm_id":"node/12723685429"}},{"type":"Feature","geometry":{"type":"Point","coordinates":[5.97696,52.21174]},"properties":{"category":"glasbak","name":"","operator":"Circulus","osm_id":"node/12723685430"}},{"type":"Feature","geometry":{"type":"Point","coordinates":[5.98409,52.211781]},"properties":{"category":"glasbak","name":"","operator":"Circulus","osm_id":"node/12723685431"}},{"type":"Feature","geometry":{"type":"Point","coordinates":[5.98406,52.21179]},"properties":{"category":"glasbak","name":"","operator":"Circulus","osm_id":"node/12723685432"}},{"type":"Feature","geometry":{"type":"Point","coordinates":[5.984032,52.2118]},"properties":{"category":"glasbak","name":"","operator":"Circulus","osm_id":"node/12723685433"}},{"type":"Feature","geometry":{"type":"Point","coordinates":[5.984117,52.211772]},"properties":{"category":"glasbak","name":"","operator":"Circulus","osm_id":"node/12723685434"}},{"type":"Feature","geometry":{"type":"Point","coordinates":[5.94289,52.209573]},"properties":{"category":"glasbak","name":"","operator":"","osm_id":"node/13001278898"}},{"type":"Feature","geometry":{"type":"Point","coordinates":[5.898251,52.128648]},"properties":{"category":"glasbak","name":"","operator":"","osm_id":"node/13074057252"}},{"type":"Feature","geometry":{"type":"Point","coordinates":[5.902622,52.130489]},"properties":{"category":"glasbak","name":"","operator":"","osm_id":"node/13078483341"}},{"type":"Feature","geometry":{"type":"Point","coordinates":[5.900945,52.128488]},"properties":{"category":"glasbak","name":"","operator":"","osm_id":"node/13086538568"}},{"type":"Feature","geometry":{"type":"Point","coordinates":[5.900037,52.129354]},"properties":{"category":"glasbak","name":"","operator":"","osm_id":"node/13086540854"}},{"type":"Feature","geometry":{"type":"Point","coordinates":[5.897614,52.13076]},"properties":{"category":"glasbak","name":"","operator":"","osm_id":"node/13086547198"}},{"type":"Feature","geometry":{"type":"Point","coordinates":[5.900923,52.128477]},"properties":{"category":"glasbak","name":"","operator":"","osm_id":"node/13086549500"}},{"type":"Feature","geometry":{"type":"Point","coordinates":[5.900086,52.129378]},"properties":{"category":"glasbak","name":"","operator":"","osm_id":"node/13086555655"}},{"type":"Feature","geometry":{"type":"Point","coordinates":[5.89761,52.130767]},"properties":{"category":"glasbak","name":"","operator":"","osm_id":"node/13086556094"}},{"type":"Feature","geometry":{"type":"Point","coordinates":[5.898247,52.128672]},"properties":{"category":"glasbak","name":"","operator":"","osm_id":"node/13086556095"}},{"type":"Feature","geometry":{"type":"Point","coordinates":[5.898239,52.128687]},"properties":{"category":"glasbak","name":"","operator":"","osm_id":"node/13086558820"}},{"type":"Feature","geometry":{"type":"Point","coordinates":[5.895092,52.131584]},"properties":{"category":"glasbak","name":"","operator":"","osm_id":"node/13086559344"}},{"type":"Feature","geometry":{"type":"Point","coordinates":[5.895078,52.131541]},"properties":{"category":"glasbak","name":"","operator":"","osm_id":"node/13086561127"}},{"type":"Feature","geometry":{"type":"Point","coordinates":[5.895085,52.131565]},"properties":{"category":"glasbak","name":"","operator":"","osm_id":"node/13086562277"}},{"type":"Feature","geometry":{"type":"Point","coordinates":[5.897602,52.130793]},"properties":{"category":"glasbak","name":"","operator":"","osm_id":"node/13086565641"}},{"type":"Feature","geometry":{"type":"Point","coordinates":[5.900115,52.129397]},"properties":{"category":"glasbak","name":"","operator":"","osm_id":"node/13086566018"}},{"type":"Feature","geometry":{"type":"Point","coordinates":[5.902594,52.130478]},"properties":{"category":"glasbak","name":"","operator":"","osm_id":"node/13087376074"}},{"type":"Feature","geometry":{"type":"Point","coordinates":[5.90257,52.130468]},"properties":{"category":"glasbak","name":"","operator":"","osm_id":"node/13087380076"}},{"type":"Feature","geometry":{"type":"Point","coordinates":[5.908832,52.166674]},"properties":{"category":"glasbak","name":"","operator":"","osm_id":"node/13418346249"}},{"type":"Feature","geometry":{"type":"Point","coordinates":[5.908843,52.166709]},"properties":{"category":"glasbak","name":"","operator":"","osm_id":"node/13418346251"}},{"type":"Feature","geometry":{"type":"Point","coordinates":[5.908837,52.166692]},"properties":{"category":"glasbak","name":"","operator":"","osm_id":"node/13418346252"}},{"type":"Feature","geometry":{"type":"Point","coordinates":[5.932965,52.198237]},"properties":{"category":"glasbak","name":"","operator":"","osm_id":"node/13436374389"}},{"type":"Feature","geometry":{"type":"Point","coordinates":[5.933706,52.19738]},"properties":{"category":"glasbak","name":"","operator":"","osm_id":"node/13436374390"}},{"type":"Feature","geometry":{"type":"Point","coordinates":[6.005696,52.196328]},"properties":{"category":"glasbak","name":"","operator":"","osm_id":"node/13476809240"}},{"type":"Feature","geometry":{"type":"Point","coordinates":[5.980385,52.221119]},"properties":{"category":"glasbak","name":"","operator":"Circulus","osm_id":"node/13522750527"}},{"type":"Feature","geometry":{"type":"Point","coordinates":[5.995329,52.208972]},"properties":{"category":"glasbak","name":"","operator":"","osm_id":"node/13523953356"}},{"type":"Feature","geometry":{"type":"Point","coordinates":[5.974613,52.194109]},"properties":{"category":"glasbak","name":"","operator":"","osm_id":"node/13671693405"}},{"type":"Feature","geometry":{"type":"Point","coordinates":[5.978634,52.189497]},"properties":{"category":"glasbak","name":"","operator":"Circulus","osm_id":"node/13724870597"}},{"type":"Feature","geometry":{"type":"Point","coordinates":[5.978952,52.188903]},"properties":{"category":"glasbak","name":"","operator":"Circulus","osm_id":"node/13724870598"}},{"type":"Feature","geometry":{"type":"Point","coordinates":[5.980107,52.186731]},"properties":{"category":"glasbak","name":"","operator":"Circulus","osm_id":"node/13724870599"}},{"type":"Feature","geometry":{"type":"Point","coordinates":[5.979823,52.187247]},"properties":{"category":"glasbak","name":"","operator":"Circulus","osm_id":"node/13724870600"}},{"type":"Feature","geometry":{"type":"Point","coordinates":[5.963941,52.215756]},"properties":{"category":"gemeentehuis","name":"Stadhuis Apeldoorn","operator":"Gemeente Apeldoorn","osm_id":"node/2687026741"}},{"type":"Feature","geometry":{"type":"Point","coordinates":[6.003707,52.193538]},"properties":{"category":"bibliotheek","name":"Coda De Maten","operator":"","osm_id":"node/2685673461"}},{"type":"Feature","geometry":{"type":"Point","coordinates":[5.983291,52.225307]},"properties":{"category":"bibliotheek","name":"CODA Prinses Margrietschool","operator":"CODA","osm_id":"node/2686216736"}},{"type":"Feature","geometry":{"type":"Point","coordinates":[5.958662,52.215435]},"properties":{"category":"bibliotheek","name":"CODA Centrale Bibliotheek","operator":"","osm_id":"node/2686315862"}},{"type":"Feature","geometry":{"type":"Point","coordinates":[5.97919,52.200022]},"properties":{"category":"bibliotheek","name":"CODA Zuid","operator":"","osm_id":"node/11429914505"}},{"type":"Feature","geometry":{"type":"Point","coordinates":[5.933973,52.211331]},"properties":{"category":"ziekenhuis","name":"Gelre Diagnostisch Centrum","operator":"","osm_id":"node/9084170794"}},{"type":"Feature","geometry":{"type":"Point","coordinates":[5.947161,52.181239]},"properties":{"category":"ziekenhuis","name":"Gelre ziekenhuizen","operator":"Gelre Ziekenhuizen","osm_id":"way/750698656"}},{"type":"Feature","geometry":{"type":"Point","coordinates":[5.971777,52.210011]},"properties":{"category":"universiteit","name":"Wittenborg University","operator":"","osm_id":"node/2687034176"}},{"type":"Feature","geometry":{"type":"Point","coordinates":[5.972546,52.209969]},"properties":{"category":"universiteit","name":"Fotovakschool","operator":"","osm_id":"node/2687036019"}},{"type":"Feature","geometry":{"type":"Point","coordinates":[5.973223,52.209552]},"properties":{"category":"universiteit","name":"Saxion","operator":"","osm_id":"node/2687037058"}},{"type":"Feature","geometry":{"type":"Point","coordinates":[5.964666,52.221175]},"properties":{"category":"universiteit","name":"Theologische Universiteit Apeldoorn","operator":"","osm_id":"way/540475561"}},{"type":"Feature","geometry":{"type":"Point","coordinates":[5.959674,52.211008]},"properties":{"category":"hogeschool","name":"Wittenborg","operator":"","osm_id":"node/11310588220"}},{"type":"Feature","geometry":{"type":"Point","coordinates":[5.955439,52.189592]},"properties":{"category":"hogeschool","name":"Politieacademie Apeldoorn Seminarielaan","operator":"","osm_id":"way/262881723"}},{"type":"Feature","geometry":{"type":"Point","coordinates":[5.958305,52.187903]},"properties":{"category":"hogeschool","name":"Politieacademie Concernlocatie","operator":"","osm_id":"way/476038369"}},{"type":"Feature","geometry":{"type":"Point","coordinates":[5.969693,52.230742]},"properties":{"category":"hogeschool","name":"Hoornbeeck College","operator":"Stichting voor Onderwijs op Reformatorische Grondslag","osm_id":"way/629966873"}},{"type":"Feature","geometry":{"type":"Point","coordinates":[5.778221,52.254607]},"properties":{"category":"hogeschool","name":"Jacobus Fruytier scholengemeenschap","operator":"","osm_id":"way/1201587479"}},{"type":"Feature","geometry":{"type":"Point","coordinates":[5.99864,52.236058]},"properties":{"category":"middelbare_school","name":"Het Kroonpad","operator":"De Onderwijsspecialisten","osm_id":"node/2683584891"}},{"type":"Feature","geometry":{"type":"Point","coordinates":[5.978633,52.229896]},"properties":{"category":"middelbare_school","name":"Gentiaan College","operator":"De Onderwijsspecialisten","osm_id":"node/2686225482"}},{"type":"Feature","geometry":{"type":"Point","coordinates":[5.979917,52.229601]},"properties":{"category":"middelbare_school","name":"De Bolster","operator":"De Onderwijsspecialisten","osm_id":"node/11109013544"}},{"type":"Feature","geometry":{"type":"Point","coordinates":[5.964545,52.196543]},"properties":{"category":"middelbare_school","name":"De Boog","operator":"CSO Apeldoorn","osm_id":"way/1197263928"}},{"type":"Feature","geometry":{"type":"Point","coordinates":[5.977628,52.184367]},"properties":{"category":"sportveld","name":"","operator":"","osm_id":"way/4793383"}},{"type":"Feature","geometry":{"type":"Point","coordinates":[5.996492,52.209827]},"properties":{"category":"sportveld","name":"Omnisportcentrum","operator":"","osm_id":"way/31858553"}},{"type":"Feature","geometry":{"type":"Point","coordinates":[5.929306,52.209918]},"properties":{"category":"sportveld","name":"","operator":"AGOVV","osm_id":"way/44400577"}},{"type":"Feature","geometry":{"type":"Point","coordinates":[5.929683,52.209033]},"properties":{"category":"sportveld","name":"","operator":"AGOVV","osm_id":"way/44400578"}},{"type":"Feature","geometry":{"type":"Point","coordinates":[5.929841,52.209547]},"properties":{"category":"sportveld","name":"","operator":"AGOVV","osm_id":"way/44400585"}},{"type":"Feature","geometry":{"type":"Point","coordinates":[5.984825,52.192109]},"properties":{"category":"sportveld","name":"De Matenhal","operator":"","osm_id":"way/44479960"}},{"type":"Feature","geometry":{"type":"Point","coordinates":[5.969008,52.225594]},"properties":{"category":"sportveld","name":"Sportpark Marialust","operator":"RAMS","osm_id":"way/60655026"}},{"type":"Feature","geometry":{"type":"Point","coordinates":[5.930624,52.219066]},"properties":{"category":"sportveld","name":"","operator":"","osm_id":"way/60657488"}},{"type":"Feature","geometry":{"type":"Point","coordinates":[6.008014,52.216642]},"properties":{"category":"sportveld","name":"Keerkring","operator":"Accres","osm_id":"way/262659644"}},{"type":"Feature","geometry":{"type":"Point","coordinates":[5.967415,52.184201]},"properties":{"category":"sportveld","name":"","operator":"","osm_id":"way/262907117"}},{"type":"Feature","geometry":{"type":"Point","coordinates":[5.96563,52.134908]},"properties":{"category":"sportveld","name":"","operator":"","osm_id":"way/507899265"}},{"type":"Feature","geometry":{"type":"Point","coordinates":[5.966469,52.134216]},"properties":{"category":"sportveld","name":"","operator":"","osm_id":"way/508190792"}},{"type":"Feature","geometry":{"type":"Point","coordinates":[5.923985,52.216087]},"properties":{"category":"sportveld","name":"Boschbad Apeldoorn","operator":"Accres Apeldoorn BV","osm_id":"way/623569047"}},{"type":"Feature","geometry":{"type":"Point","coordinates":[5.967382,52.184013]},"properties":{"category":"sportveld","name":"Aquacentrum Malkander","operator":"Accres","osm_id":"way/629191527"}},{"type":"Feature","geometry":{"type":"Point","coordinates":[5.965622,52.155296]},"properties":{"category":"sportveld","name":"","operator":"","osm_id":"way/759365068"}},{"type":"Feature","geometry":{"type":"Point","coordinates":[5.991863,52.20986]},"properties":{"category":"sportveld","name":"Sportcomplex de Voorwaarts","operator":"","osm_id":"way/1051888230"}},{"type":"Feature","geometry":{"type":"Point","coordinates":[5.919701,52.202259]},"properties":{"category":"sportveld","name":"Sportpark Orderbos","operator":"","osm_id":"way/1093530500"}},{"type":"Feature","geometry":{"type":"Point","coordinates":[5.986084,52.192506]},"properties":{"category":"sportveld","name":"Tennisvereniging De Maten","operator":"","osm_id":"way/1144300671"}},{"type":"Feature","geometry":{"type":"Point","coordinates":[5.939266,52.187627]},"properties":{"category":"sportveld","name":"","operator":"Tennisclub Ugchelen","osm_id":"way/1157271089"}},{"type":"Feature","geometry":{"type":"Point","coordinates":[5.964733,52.184146]},"properties":{"category":"sportveld","name":"","operator":"","osm_id":"way/1199231524"}},{"type":"Feature","geometry":{"type":"Point","coordinates":[6.035549,52.259137]},"properties":{"category":"sportveld","name":"Sportpark 't Hul","operator":"","osm_id":"way/1290913232"}},{"type":"Feature","geometry":{"type":"Point","coordinates":[6.026205,52.122285]},"properties":{"category":"sportveld","name":"Sportpark Lonapark","operator":"","osm_id":"way/1291237648"}},{"type":"Feature","geometry":{"type":"Point","coordinates":[5.92605,52.212941]},"properties":{"category":"sportveld","name":"Klimbos Apeldoorn","operator":"Klimbos Nederland","osm_id":"way/1306378779"}},{"type":"Feature","geometry":{"type":"Point","coordinates":[5.976522,52.184398]},"properties":{"category":"sportveld","name":"Sportpark Nagelpoel","operator":"","osm_id":"way/1419884253"}},{"type":"Feature","geometry":{"type":"Point","coordinates":[5.952894,52.188349]},"properties":{"category":"sportveld","name":"Sportpark de Winkeweijert","operator":"","osm_id":"way/1466182752"}},{"type":"Feature","geometry":{"type":"Point","coordinates":[5.99814,52.21248]},"properties":{"category":"winkelcentrum","name":"Woonboulevard Apeldoorn","operator":"","osm_id":"way/577751461"}},{"type":"Feature","geometry":{"type":"Point","coordinates":[6.003054,52.217188]},"properties":{"category":"supermarkt","name":"Albert Heijn","operator":"","osm_id":"node/34044782"}},{"type":"Feature","geometry":{"type":"Point","coordinates":[5.942053,52.185815]},"properties":{"category":"supermarkt","name":"Albert Heijn","operator":"","osm_id":"node/34045727"}},{"type":"Feature","geometry":{"type":"Point","coordinates":[5.973592,52.230053]},"properties":{"category":"supermarkt","name":"DekaMarkt","operator":"Deka Markt","osm_id":"node/202111813"}},{"type":"Feature","geometry":{"type":"Point","coordinates":[5.943349,52.187294]},"properties":{"category":"supermarkt","name":"DekaMarkt","operator":"DekaMarkt","osm_id":"node/464737051"}},{"type":"Feature","geometry":{"type":"Point","coordinates":[5.787342,52.218451]},"properties":{"category":"supermarkt","name":"Landal supermarkt","operator":"","osm_id":"node/529030689"}},{"type":"Feature","geometry":{"type":"Point","coordinates":[5.976364,52.199829]},"properties":{"category":"supermarkt","name":"ALDI","operator":"","osm_id":"node/1173628726"}},{"type":"Feature","geometry":{"type":"Point","coordinates":[6.003087,52.140231]},"properties":{"category":"supermarkt","name":"ParkShop","operator":"","osm_id":"node/1759732418"}},{"type":"Feature","geometry":{"type":"Point","coordinates":[6.003969,52.216501]},"properties":{"category":"supermarkt","name":"Dirk","operator":"","osm_id":"node/2683248181"}},{"type":"Feature","geometry":{"type":"Point","coordinates":[5.966149,52.190329]},"properties":{"category":"supermarkt","name":"Jumbo Van de Bunt","operator":"Van de Bunt","osm_id":"node/2685481404"}},{"type":"Feature","geometry":{"type":"Point","coordinates":[5.965034,52.18948]},"properties":{"category":"supermarkt","name":"Toon House","operator":"","osm_id":"node/2685487459"}},{"type":"Feature","geometry":{"type":"Point","coordinates":[5.97609,52.190701]},"properties":{"category":"supermarkt","name":"Lidl","operator":"Lidl Nederland GmbH","osm_id":"node/2685494094"}},{"type":"Feature","geometry":{"type":"Point","coordinates":[6.006003,52.195812]},"properties":{"category":"supermarkt","name":"Albert Heijn","operator":"","osm_id":"node/2685678017"}},{"type":"Feature","geometry":{"type":"Point","coordinates":[6.00534,52.195137]},"properties":{"category":"supermarkt","name":"DekaMarkt","operator":"","osm_id":"node/2685682549"}},{"type":"Feature","geometry":{"type":"Point","coordinates":[5.995416,52.203091]},"properties":{"category":"supermarkt","name":"PLUS","operator":"","osm_id":"node/2685900224"}},{"type":"Feature","geometry":{"type":"Point","coordinates":[5.985119,52.200216]},"properties":{"category":"supermarkt","name":"DekaMarkt","operator":"","osm_id":"node/2685911324"}},{"type":"Feature","geometry":{"type":"Point","coordinates":[5.992593,52.221249]},"properties":{"category":"supermarkt","name":"Jumbo Wiegmans","operator":"Wiegmans","osm_id":"node/2686223916"}},{"type":"Feature","geometry":{"type":"Point","coordinates":[5.960699,52.229459]},"properties":{"category":"supermarkt","name":"DekaMarkt","operator":"","osm_id":"node/2686310593"}},{"type":"Feature","geometry":{"type":"Point","coordinates":[5.957785,52.224602]},"properties":{"category":"supermarkt","name":"ALDI","operator":"","osm_id":"node/2686318907"}},{"type":"Feature","geometry":{"type":"Point","coordinates":[5.960015,52.229479]},"properties":{"category":"supermarkt","name":"Nettorama","operator":"","osm_id":"node/2686320700"}},{"type":"Feature","geometry":{"type":"Point","coordinates":[5.952209,52.21188]},"properties":{"category":"supermarkt","name":"Ekoplaza","operator":"","osm_id":"node/2686431344"}},{"type":"Feature","geometry":{"type":"Point","coordinates":[5.945786,52.219834]},"properties":{"category":"supermarkt","name":"SPAR Zweers","operator":"","osm_id":"node/2686433975"}},{"type":"Feature","geometry":{"type":"Point","coordinates":[5.95187,52.220352]},"properties":{"category":"supermarkt","name":"The Free From Shop","operator":"","osm_id":"node/2686442308"}},{"type":"Feature","geometry":{"type":"Point","coordinates":[5.976372,52.200375]},"properties":{"category":"supermarkt","name":"Promo","operator":"","osm_id":"node/2686853584"}},{"type":"Feature","geometry":{"type":"Point","coordinates":[5.967062,52.200374]},"properties":{"category":"supermarkt","name":"Albert Heijn","operator":"","osm_id":"node/2686858195"}},{"type":"Feature","geometry":{"type":"Point","coordinates":[5.967486,52.205728]},"properties":{"category":"supermarkt","name":"DekaMarkt","operator":"","osm_id":"node/2686858817"}},{"type":"Feature","geometry":{"type":"Point","coordinates":[5.965828,52.200436]},"properties":{"category":"supermarkt","name":"Özbaktat","operator":"","osm_id":"node/2686866104"}},{"type":"Feature","geometry":{"type":"Point","coordinates":[5.962121,52.215508]},"properties":{"category":"supermarkt","name":"Albert Heijn","operator":"","osm_id":"node/2687026841"}},{"type":"Feature","geometry":{"type":"Point","coordinates":[5.975111,52.210906]},"properties":{"category":"supermarkt","name":"Lidl","operator":"Lidl Nederland GmbH","osm_id":"node/2687034142"}},{"type":"Feature","geometry":{"type":"Point","coordinates":[5.965794,52.211479]},"properties":{"category":"supermarkt","name":"Oriental Foods","operator":"","osm_id":"node/2687039931"}},{"type":"Feature","geometry":{"type":"Point","coordinates":[5.877036,52.116601]},"properties":{"category":"supermarkt","name":"SPAR Mulder-Lindenburg","operator":"","osm_id":"node/2737232904"}},{"type":"Feature","geometry":{"type":"Point","coordinates":[5.962735,52.159422]},"properties":{"category":"supermarkt","name":"Albert Heijn","operator":"","osm_id":"node/2737378858"}},{"type":"Feature","geometry":{"type":"Point","coordinates":[6.020118,52.114407]},"properties":{"category":"supermarkt","name":"SPAR","operator":"","osm_id":"node/2737579188"}},{"type":"Feature","geometry":{"type":"Point","coordinates":[5.956789,52.22596]},"properties":{"category":"supermarkt","name":"Gimsel / De Groenterij","operator":"","osm_id":"node/3154370318"}},{"type":"Feature","geometry":{"type":"Point","coordinates":[6.000462,52.188273]},"properties":{"category":"supermarkt","name":"PLUS","operator":"","osm_id":"node/3314332383"}},{"type":"Feature","geometry":{"type":"Point","coordinates":[5.995789,52.235648]},"properties":{"category":"supermarkt","name":"PLUS","operator":"","osm_id":"node/3934887549"}},{"type":"Feature","geometry":{"type":"Point","coordinates":[5.932035,52.200474]},"properties":{"category":"supermarkt","name":"DekaMarkt","operator":"","osm_id":"node/4311816497"}},{"type":"Feature","geometry":{"type":"Point","coordinates":[5.973671,52.229742]},"properties":{"category":"supermarkt","name":"ALDI","operator":"","osm_id":"node/4872316441"}},{"type":"Feature","geometry":{"type":"Point","coordinates":[6.005577,52.194596]},"properties":{"category":"supermarkt","name":"Jumbo","operator":"","osm_id":"node/4886442787"}},{"type":"Feature","geometry":{"type":"Point","coordinates":[5.987077,52.22978]},"properties":{"category":"supermarkt","name":"Albert Heijn","operator":"","osm_id":"node/4956298452"}},{"type":"Feature","geometry":{"type":"Point","coordinates":[5.964853,52.135416]},"properties":{"category":"supermarkt","name":"De Hertenhorst","operator":"","osm_id":"node/5032702711"}},{"type":"Feature","geometry":{"type":"Point","coordinates":[5.943499,52.208542]},"properties":{"category":"supermarkt","name":"Albert Heijn","operator":"","osm_id":"node/5072598567"}},{"type":"Feature","geometry":{"type":"Point","coordinates":[5.985854,52.22882]},"properties":{"category":"supermarkt","name":"Lidl","operator":"Lidl Nederland GmbH","osm_id":"node/5743878295"}},{"type":"Feature","geometry":{"type":"Point","coordinates":[5.993287,52.221653]},"properties":{"category":"supermarkt","name":"Welkom","operator":"","osm_id":"node/6459450280"}},{"type":"Feature","geometry":{"type":"Point","coordinates":[5.954006,52.212314]},"properties":{"category":"supermarkt","name":"Nettorama","operator":"","osm_id":"node/6620617559"}},{"type":"Feature","geometry":{"type":"Point","coordinates":[5.90084,52.128565]},"properties":{"category":"supermarkt","name":"Parkshop","operator":"","osm_id":"node/8780964134"}},{"type":"Feature","geometry":{"type":"Point","coordinates":[5.923233,52.122139]},"properties":{"category":"supermarkt","name":"","operator":"","osm_id":"node/11775724592"}},{"type":"Feature","geometry":{"type":"Point","coordinates":[5.945594,52.199227]},"properties":{"category":"supermarkt","name":"ALDI","operator":"","osm_id":"node/11782237776"}},{"type":"Feature","geometry":{"type":"Point","coordinates":[5.783119,52.265425]},"properties":{"category":"supermarkt","name":"Boon's Markt","operator":"","osm_id":"node/12089149713"}},{"type":"Feature","geometry":{"type":"Point","coordinates":[5.975589,52.21051]},"properties":{"category":"supermarkt","name":"Dirk","operator":"","osm_id":"node/12107763280"}},{"type":"Feature","geometry":{"type":"Point","coordinates":[5.78064,52.259076]},"properties":{"category":"supermarkt","name":"Boon's Markt","operator":"","osm_id":"node/12766585103"}},{"type":"Feature","geometry":{"type":"Point","coordinates":[5.941727,52.186575]},"properties":{"category":"bouwmarkt","name":"Hubo","operator":"","osm_id":"node/683494317"}},{"type":"Feature","geometry":{"type":"Point","coordinates":[5.972002,52.235391]},"properties":{"category":"bouwmarkt","name":"BMN Bouwmaterialen","operator":"","osm_id":"node/2684311163"}},{"type":"Feature","geometry":{"type":"Point","coordinates":[5.97049,52.243847]},"properties":{"category":"bouwmarkt","name":"Würth","operator":"","osm_id":"node/2684321563"}},{"type":"Feature","geometry":{"type":"Point","coordinates":[5.933901,52.195072]},"properties":{"category":"bouwmarkt","name":"Gamma","operator":"","osm_id":"node/2685231726"}},{"type":"Feature","geometry":{"type":"Point","coordinates":[5.970483,52.178187]},"properties":{"category":"bouwmarkt","name":"Bouwmaat","operator":"","osm_id":"node/2685489169"}},{"type":"Feature","geometry":{"type":"Point","coordinates":[5.972999,52.180116]},"properties":{"category":"bouwmarkt","name":"Wildkamp","operator":"","osm_id":"node/2685492237"}},{"type":"Feature","geometry":{"type":"Point","coordinates":[5.973124,52.179627]},"properties":{"category":"bouwmarkt","name":"BMN Bouwmaterialen","operator":"","osm_id":"node/2685492582"}},{"type":"Feature","geometry":{"type":"Point","coordinates":[5.973806,52.179319]},"properties":{"category":"bouwmarkt","name":"Voskamp","operator":"","osm_id":"node/2685493000"}},{"type":"Feature","geometry":{"type":"Point","coordinates":[5.97882,52.17886]},"properties":{"category":"bouwmarkt","name":"Wasco","operator":"","osm_id":"node/2685494042"}},{"type":"Feature","geometry":{"type":"Point","coordinates":[5.981033,52.179349]},"properties":{"category":"bouwmarkt","name":"Van Buuren","operator":"","osm_id":"node/2685494051"}},{"type":"Feature","geometry":{"type":"Point","coordinates":[5.978276,52.179249]},"properties":{"category":"bouwmarkt","name":"Mastermate","operator":"","osm_id":"node/2685494088"}},{"type":"Feature","geometry":{"type":"Point","coordinates":[5.984589,52.179789]},"properties":{"category":"bouwmarkt","name":"Toolstation","operator":"","osm_id":"node/2685528036"}},{"type":"Feature","geometry":{"type":"Point","coordinates":[5.983202,52.206989]},"properties":{"category":"bouwmarkt","name":"Houthandel Gebroeders Rouwenhorst","operator":"","osm_id":"node/2685905338"}},{"type":"Feature","geometry":{"type":"Point","coordinates":[5.983988,52.208158]},"properties":{"category":"bouwmarkt","name":"Apeldoornse Houthandel","operator":"","osm_id":"node/2685908072"}},{"type":"Feature","geometry":{"type":"Point","coordinates":[5.984271,52.20663]},"properties":{"category":"bouwmarkt","name":"Sangers","operator":"","osm_id":"node/2685908776"}},{"type":"Feature","geometry":{"type":"Point","coordinates":[5.985061,52.213843]},"properties":{"category":"bouwmarkt","name":"Mega Meat","operator":"","osm_id":"node/2686216495"}},{"type":"Feature","geometry":{"type":"Point","coordinates":[5.975593,52.226543]},"properties":{"category":"bouwmarkt","name":"Warmteservice","operator":"","osm_id":"node/2686218316"}},{"type":"Feature","geometry":{"type":"Point","coordinates":[5.975548,52.226788]},"properties":{"category":"bouwmarkt","name":"Veeneman","operator":"","osm_id":"node/2686218453"}},{"type":"Feature","geometry":{"type":"Point","coordinates":[5.975792,52.227586]},"properties":{"category":"bouwmarkt","name":"Reerink","operator":"","osm_id":"node/2686219421"}},{"type":"Feature","geometry":{"type":"Point","coordinates":[5.957139,52.225883]},"properties":{"category":"bouwmarkt","name":"Kleinbussink","operator":"","osm_id":"node/2686320754"}},{"type":"Feature","geometry":{"type":"Point","coordinates":[5.955744,52.206111]},"properties":{"category":"bouwmarkt","name":"Deco Verf","operator":"","osm_id":"node/2686578840"}},{"type":"Feature","geometry":{"type":"Point","coordinates":[5.978879,52.19603]},"properties":{"category":"bouwmarkt","name":"Praxis","operator":"Praxis","osm_id":"node/2686855188"}},{"type":"Feature","geometry":{"type":"Point","coordinates":[5.792205,52.256517]},"properties":{"category":"bouwmarkt","name":"Boeve en Hop Houthandel","operator":"","osm_id":"node/2736921426"}},{"type":"Feature","geometry":{"type":"Point","coordinates":[6.019183,52.114896]},"properties":{"category":"bouwmarkt","name":"All4feet","operator":"","osm_id":"node/2737578046"}},{"type":"Feature","geometry":{"type":"Point","coordinates":[5.981494,52.239152]},"properties":{"category":"bouwmarkt","name":"Gamma","operator":"","osm_id":"node/3591818202"}},{"type":"Feature","geometry":{"type":"Point","coordinates":[6.02993,52.124716]},"properties":{"category":"bouwmarkt","name":"Hard- en Zachthout","operator":"","osm_id":"node/4387938250"}},{"type":"Feature","geometry":{"type":"Point","coordinates":[5.954524,52.244182]},"properties":{"category":"bouwmarkt","name":"Hoza Apeldoorn","operator":"","osm_id":"node/4883096122"}},{"type":"Feature","geometry":{"type":"Point","coordinates":[5.9724,52.21703]},"properties":{"category":"bouwmarkt","name":"Jongeneel","operator":"","osm_id":"node/4886443414"}},{"type":"Feature","geometry":{"type":"Point","coordinates":[5.986336,52.23666]},"properties":{"category":"bouwmarkt","name":"Karwei","operator":"","osm_id":"node/7376689217"}},{"type":"Feature","geometry":{"type":"Point","coordinates":[5.997898,52.206956]},"properties":{"category":"bouwmarkt","name":"HORNBACH","operator":"","osm_id":"node/7896235226"}},{"type":"Feature","geometry":{"type":"Point","coordinates":[5.932238,52.200378]},"properties":{"category":"bouwmarkt","name":"Multaparts","operator":"","osm_id":"node/8778873144"}},{"type":"Feature","geometry":{"type":"Point","coordinates":[5.94957,52.205746]},"properties":{"category":"bouwmarkt","name":"Hoogenberg Natuursteen","operator":"","osm_id":"node/8996153977"}},{"type":"Feature","geometry":{"type":"Point","coordinates":[5.94224,52.187008]},"properties":{"category":"drogisterij","name":"Kruidvat","operator":"Kruidvat","osm_id":"node/2203534456"}},{"type":"Feature","geometry":{"type":"Point","coordinates":[6.002908,52.217299]},"properties":{"category":"drogisterij","name":"Kruidvat","operator":"AS Watson Health & Beauty Benelux","osm_id":"node/2683245857"}},{"type":"Feature","geometry":{"type":"Point","coordinates":[6.005093,52.195169]},"properties":{"category":"drogisterij","name":"Kruidvat","operator":"Kruidvat","osm_id":"node/2685675910"}},{"type":"Feature","geometry":{"type":"Point","coordinates":[6.00493,52.196302]},"properties":{"category":"drogisterij","name":"Etos","operator":"","osm_id":"node/2685679880"}},{"type":"Feature","geometry":{"type":"Point","coordinates":[5.961772,52.215571]},"properties":{"category":"drogisterij","name":"Kruidvat","operator":"Kruidvat","osm_id":"node/2686316189"}},{"type":"Feature","geometry":{"type":"Point","coordinates":[5.956763,52.226222]},"properties":{"category":"drogisterij","name":"DA","operator":"DA","osm_id":"node/2686321448"}},{"type":"Feature","geometry":{"type":"Point","coordinates":[5.959089,52.229524]},"properties":{"category":"drogisterij","name":"Trekpleister","operator":"AS Watson Health & Beauty Benelux","osm_id":"node/2686321809"}},{"type":"Feature","geometry":{"type":"Point","coordinates":[5.952956,52.212142]},"properties":{"category":"drogisterij","name":"Brenda","operator":"","osm_id":"node/2686430182"}},{"type":"Feature","geometry":{"type":"Point","coordinates":[5.965283,52.199272]},"properties":{"category":"drogisterij","name":"Barcod","operator":"","osm_id":"node/2686857407"}},{"type":"Feature","geometry":{"type":"Point","coordinates":[5.96528,52.199159]},"properties":{"category":"drogisterij","name":"Natuurdrogist The Green Shop","operator":"","osm_id":"node/2686857500"}},{"type":"Feature","geometry":{"type":"Point","coordinates":[5.965284,52.199047]},"properties":{"category":"drogisterij","name":"Kruidvat","operator":"Kruidvat","osm_id":"node/2686857956"}},{"type":"Feature","geometry":{"type":"Point","coordinates":[5.961022,52.19799]},"properties":{"category":"drogisterij","name":"J. F. Scheltinga","operator":"","osm_id":"node/2686859192"}},{"type":"Feature","geometry":{"type":"Point","coordinates":[5.966015,52.199612]},"properties":{"category":"drogisterij","name":"Etos","operator":"","osm_id":"node/2686860958"}},{"type":"Feature","geometry":{"type":"Point","coordinates":[5.975731,52.210549]},"properties":{"category":"drogisterij","name":"Kruidvat","operator":"Kruidvat","osm_id":"node/2687031425"}},{"type":"Feature","geometry":{"type":"Point","coordinates":[5.96418,52.212878]},"properties":{"category":"drogisterij","name":"Etos","operator":"","osm_id":"node/2687042135"}},{"type":"Feature","geometry":{"type":"Point","coordinates":[5.966489,52.1592]},"properties":{"category":"drogisterij","name":"DA","operator":"","osm_id":"node/2737380870"}},{"type":"Feature","geometry":{"type":"Point","coordinates":[6.062809,52.167725]},"properties":{"category":"drogisterij","name":"Drogisterij Wansink","operator":"","osm_id":"node/2737707827"}},{"type":"Feature","geometry":{"type":"Point","coordinates":[5.932231,52.200532]},"properties":{"category":"drogisterij","name":"Kruidvat","operator":"Kruidvat","osm_id":"node/4311816493"}},{"type":"Feature","geometry":{"type":"Point","coordinates":[5.992903,52.221549]},"properties":{"category":"drogisterij","name":"Kruidvat","operator":"AS Watson Health & Beauty Benelux","osm_id":"node/4605696107"}},{"type":"Feature","geometry":{"type":"Point","coordinates":[5.964485,52.212972]},"properties":{"category":"drogisterij","name":"Kruidvat","operator":"Kruidvat","osm_id":"node/5635249476"}},{"type":"Feature","geometry":{"type":"Point","coordinates":[5.985715,52.229106]},"properties":{"category":"drogisterij","name":"Kruidvat","operator":"AS Watson Health & Beauty Benelux","osm_id":"node/5743878294"}},{"type":"Feature","geometry":{"type":"Point","coordinates":[5.986485,52.229237]},"properties":{"category":"drogisterij","name":"Etos","operator":"","osm_id":"node/5743878533"}},{"type":"Feature","geometry":{"type":"Point","coordinates":[5.943089,52.208604]},"properties":{"category":"drogisterij","name":"Etos","operator":"","osm_id":"node/10940015623"}},{"type":"Feature","geometry":{"type":"Point","coordinates":[5.957672,52.216106]},"properties":{"category":"fietsenstalling","name":"ACEC gebouw","operator":"","osm_id":"node/528712776"}},{"type":"Feature","geometry":{"type":"Point","coordinates":[5.963538,52.215873]},"properties":{"category":"fietsenstalling","name":"Stadhuis","operator":"Gemeente","osm_id":"node/528712782"}},{"type":"Feature","geometry":{"type":"Point","coordinates":[5.917602,52.185397]},"properties":{"category":"fietsenstalling","name":"","operator":"","osm_id":"node/673595385"}},{"type":"Feature","geometry":{"type":"Point","coordinates":[5.960296,52.215985]},"properties":{"category":"fietsenstalling","name":"","operator":"Gemeente Apeldoorn","osm_id":"node/2686310408"}},{"type":"Feature","geometry":{"type":"Point","coordinates":[5.96088,52.213651]},"properties":{"category":"fietsenstalling","name":"Fietsenstalling Mariastraat en Fietsdepot","operator":"Accress","osm_id":"node/2687037656"}},{"type":"Feature","geometry":{"type":"Point","coordinates":[5.964952,52.215218]},"properties":{"category":"fietsenstalling","name":"","operator":"Gemeente Apeldoorn","osm_id":"node/2687040433"}},{"type":"Feature","geometry":{"type":"Point","coordinates":[5.965916,52.208906]},"properties":{"category":"fietsenstalling","name":"","operator":"","osm_id":"node/3421897113"}},{"type":"Feature","geometry":{"type":"Point","coordinates":[5.969227,52.209687]},"properties":{"category":"fietsenstalling","name":"Fietspoint","operator":"NS Fiets","osm_id":"node/3421916266"}},{"type":"Feature","geometry":{"type":"Point","coordinates":[5.936357,52.220023]},"properties":{"category":"fietsenstalling","name":"","operator":"","osm_id":"node/5807966298"}},{"type":"Feature","geometry":{"type":"Point","coordinates":[5.980825,52.222633]},"properties":{"category":"fietsenstalling","name":"","operator":"","osm_id":"node/7072740174"}},{"type":"Feature","geometry":{"type":"Point","coordinates":[5.95988,52.161228]},"properties":{"category":"fietsenstalling","name":"","operator":"Hotel-Het Veluwse Bos","osm_id":"node/10114033229"}},{"type":"Feature","geometry":{"type":"Point","coordinates":[5.941829,52.185934]},"properties":{"category":"fietsenstalling","name":"","operator":"","osm_id":"node/13048899365"}},{"type":"Feature","geometry":{"type":"Point","coordinates":[5.963217,52.211642]},"properties":{"category":"fietsenstalling","name":"Hofstraat","operator":"","osm_id":"node/13114006432"}},{"type":"Feature","geometry":{"type":"Point","coordinates":[5.969315,52.20845]},"properties":{"category":"fietsenstalling","name":"","operator":"ProRail","osm_id":"way/29214703"}},{"type":"Feature","geometry":{"type":"Point","coordinates":[5.969517,52.208225]},"properties":{"category":"fietsenstalling","name":"","operator":"ROC Aventus Apeldoorn","osm_id":"way/29214704"}},{"type":"Feature","geometry":{"type":"Point","coordinates":[6.000311,52.205374]},"properties":{"category":"fietsenstalling","name":"","operator":"","osm_id":"way/136529144"}},{"type":"Feature","geometry":{"type":"Point","coordinates":[6.006593,52.215652]},"properties":{"category":"fietsenstalling","name":"","operator":"","osm_id":"way/136529146"}},{"type":"Feature","geometry":{"type":"Point","coordinates":[5.982969,52.22487]},"properties":{"category":"fietsenstalling","name":"","operator":"","osm_id":"way/220573069"}},{"type":"Feature","geometry":{"type":"Point","coordinates":[5.979812,52.238332]},"properties":{"category":"fietsenstalling","name":"","operator":"","osm_id":"way/262701407"}},{"type":"Feature","geometry":{"type":"Point","coordinates":[5.999597,52.193121]},"properties":{"category":"fietsenstalling","name":"","operator":"","osm_id":"way/262925276"}},{"type":"Feature","geometry":{"type":"Point","coordinates":[5.994114,52.202041]},"properties":{"category":"fietsenstalling","name":"","operator":"","osm_id":"way/262925356"}},{"type":"Feature","geometry":{"type":"Point","coordinates":[5.999608,52.193053]},"properties":{"category":"fietsenstalling","name":"","operator":"","osm_id":"way/262926061"}},{"type":"Feature","geometry":{"type":"Point","coordinates":[5.999567,52.193]},"properties":{"category":"fietsenstalling","name":"","operator":"","osm_id":"way/262926143"}},{"type":"Feature","geometry":{"type":"Point","coordinates":[5.980886,52.228356]},"properties":{"category":"fietsenstalling","name":"","operator":"","osm_id":"way/262994296"}},{"type":"Feature","geometry":{"type":"Point","coordinates":[5.992287,52.221469]},"properties":{"category":"fietsenstalling","name":"","operator":"","osm_id":"way/377124060"}},{"type":"Feature","geometry":{"type":"Point","coordinates":[5.969108,52.209603]},"properties":{"category":"fietsenstalling","name":"","operator":"","osm_id":"way/496109839"}},{"type":"Feature","geometry":{"type":"Point","coordinates":[5.992714,52.202367]},"properties":{"category":"fietsenstalling","name":"","operator":"","osm_id":"way/509168696"}},{"type":"Feature","geometry":{"type":"Point","coordinates":[6.016524,52.207604]},"properties":{"category":"fietsenstalling","name":"","operator":"","osm_id":"way/532565206"}},{"type":"Feature","geometry":{"type":"Point","coordinates":[5.999556,52.193204]},"properties":{"category":"fietsenstalling","name":"","operator":"","osm_id":"way/532945139"}},{"type":"Feature","geometry":{"type":"Point","coordinates":[5.999596,52.193256]},"properties":{"category":"fietsenstalling","name":"","operator":"","osm_id":"way/532945140"}},{"type":"Feature","geometry":{"type":"Point","coordinates":[5.999638,52.193309]},"properties":{"category":"fietsenstalling","name":"","operator":"","osm_id":"way/532945141"}},{"type":"Feature","geometry":{"type":"Point","coordinates":[5.999679,52.193361]},"properties":{"category":"fietsenstalling","name":"","operator":"","osm_id":"way/532945142"}},{"type":"Feature","geometry":{"type":"Point","coordinates":[5.999723,52.193413]},"properties":{"category":"fietsenstalling","name":"","operator":"","osm_id":"way/532945143"}},{"type":"Feature","geometry":{"type":"Point","coordinates":[5.999913,52.193646]},"properties":{"category":"fietsenstalling","name":"","operator":"","osm_id":"way/532945144"}},{"type":"Feature","geometry":{"type":"Point","coordinates":[5.999996,52.193619]},"properties":{"category":"fietsenstalling","name":"","operator":"","osm_id":"way/532945145"}},{"type":"Feature","geometry":{"type":"Point","coordinates":[6.006335,52.216106]},"properties":{"category":"fietsenstalling","name":"","operator":"","osm_id":"way/547252766"}},{"type":"Feature","geometry":{"type":"Point","coordinates":[6.000421,52.193658]},"properties":{"category":"fietsenstalling","name":"","operator":"","osm_id":"way/591333559"}},{"type":"Feature","geometry":{"type":"Point","coordinates":[6.05225,52.196894]},"properties":{"category":"fietsenstalling","name":"","operator":"","osm_id":"way/621133248"}},{"type":"Feature","geometry":{"type":"Point","coordinates":[5.993385,52.204504]},"properties":{"category":"fietsenstalling","name":"","operator":"","osm_id":"way/625300158"}},{"type":"Feature","geometry":{"type":"Point","coordinates":[5.943327,52.190339]},"properties":{"category":"fietsenstalling","name":"","operator":"","osm_id":"way/628001617"}},{"type":"Feature","geometry":{"type":"Point","coordinates":[5.942539,52.18983]},"properties":{"category":"fietsenstalling","name":"","operator":"","osm_id":"way/628552248"}},{"type":"Feature","geometry":{"type":"Point","coordinates":[5.942793,52.189823]},"properties":{"category":"fietsenstalling","name":"","operator":"","osm_id":"way/628552249"}},{"type":"Feature","geometry":{"type":"Point","coordinates":[5.943069,52.189812]},"properties":{"category":"fietsenstalling","name":"","operator":"","osm_id":"way/628552250"}},{"type":"Feature","geometry":{"type":"Point","coordinates":[6.000014,52.18716]},"properties":{"category":"fietsenstalling","name":"","operator":"","osm_id":"way/629208640"}},{"type":"Feature","geometry":{"type":"Point","coordinates":[5.96181,52.178357]},"properties":{"category":"fietsenstalling","name":"","operator":"","osm_id":"way/633827278"}},{"type":"Feature","geometry":{"type":"Point","coordinates":[5.950079,52.180033]},"properties":{"category":"fietsenstalling","name":"","operator":"","osm_id":"way/669287464"}},{"type":"Feature","geometry":{"type":"Point","coordinates":[5.97794,52.238986]},"properties":{"category":"fietsenstalling","name":"","operator":"","osm_id":"way/788980025"}},{"type":"Feature","geometry":{"type":"Point","coordinates":[6.010758,52.186953]},"properties":{"category":"fietsenstalling","name":"","operator":"","osm_id":"way/792081252"}},{"type":"Feature","geometry":{"type":"Point","coordinates":[5.972136,52.211384]},"properties":{"category":"fietsenstalling","name":"","operator":"","osm_id":"way/911529115"}},{"type":"Feature","geometry":{"type":"Point","coordinates":[6.000369,52.20546]},"properties":{"category":"fietsenstalling","name":"","operator":"","osm_id":"way/932648369"}},{"type":"Feature","geometry":{"type":"Point","coordinates":[5.863504,52.232329]},"properties":{"category":"fietsenstalling","name":"","operator":"","osm_id":"way/1092277231"}},{"type":"Feature","geometry":{"type":"Point","coordinates":[5.970524,52.14874]},"properties":{"category":"fietsenstalling","name":"","operator":"","osm_id":"way/1132359120"}},{"type":"Feature","geometry":{"type":"Point","coordinates":[5.970525,52.148773]},"properties":{"category":"fietsenstalling","name":"","operator":"","osm_id":"way/1132359121"}},{"type":"Feature","geometry":{"type":"Point","coordinates":[5.969714,52.148702]},"properties":{"category":"fietsenstalling","name":"","operator":"Pluryn","osm_id":"way/1132359130"}},{"type":"Feature","geometry":{"type":"Point","coordinates":[5.981813,52.174591]},"properties":{"category":"fietsenstalling","name":"","operator":"","osm_id":"way/1154094134"}},{"type":"Feature","geometry":{"type":"Point","coordinates":[5.959433,52.159525]},"properties":{"category":"fietsenstalling","name":"","operator":"","osm_id":"way/1189940983"}},{"type":"Feature","geometry":{"type":"Point","coordinates":[5.959418,52.159497]},"properties":{"category":"fietsenstalling","name":"","operator":"","osm_id":"way/1189940984"}},{"type":"Feature","geometry":{"type":"Point","coordinates":[5.966243,52.210157]},"properties":{"category":"fietsenstalling","name":"","operator":"","osm_id":"way/1219571467"}},{"type":"Feature","geometry":{"type":"Point","coordinates":[5.988702,52.224263]},"properties":{"category":"fietsenstalling","name":"","operator":"","osm_id":"way/1243174685"}},{"type":"Feature","geometry":{"type":"Point","coordinates":[5.989873,52.246155]},"properties":{"category":"fietsenstalling","name":"","operator":"","osm_id":"way/1252490005"}},{"type":"Feature","geometry":{"type":"Point","coordinates":[5.915891,52.227864]},"properties":{"category":"fietsenstalling","name":"","operator":"","osm_id":"way/1252533492"}},{"type":"Feature","geometry":{"type":"Point","coordinates":[5.961944,52.16374]},"properties":{"category":"fietsenstalling","name":"","operator":"","osm_id":"way/1254204388"}},{"type":"Feature","geometry":{"type":"Point","coordinates":[5.998541,52.206853]},"properties":{"category":"fietsenstalling","name":"","operator":"","osm_id":"way/1377276967"}},{"type":"Feature","geometry":{"type":"Point","coordinates":[5.953208,52.203323]},"properties":{"category":"parkeergarage","name":"","operator":"","osm_id":"node/313576987"}},{"type":"Feature","geometry":{"type":"Point","coordinates":[5.960815,52.211753]},"properties":{"category":"parkeergarage","name":"","operator":"","osm_id":"node/869225514"}},{"type":"Feature","geometry":{"type":"Point","coordinates":[5.957537,52.204545]},"properties":{"category":"parkeergarage","name":"","operator":"","osm_id":"node/2699768681"}},{"type":"Feature","geometry":{"type":"Point","coordinates":[5.96356,52.215949]},"properties":{"category":"parkeergarage","name":"Marktplein","operator":"Gemeente Apeldoorn","osm_id":"node/3408846599"}},{"type":"Feature","geometry":{"type":"Point","coordinates":[6.006297,52.194907]},"properties":{"category":"parkeergarage","name":"","operator":"","osm_id":"node/5049245019"}},{"type":"Feature","geometry":{"type":"Point","coordinates":[5.970226,52.21019]},"properties":{"category":"parkeergarage","name":"","operator":"Belastingdienst","osm_id":"node/10558532736"}},{"type":"Feature","geometry":{"type":"Point","coordinates":[5.979648,52.208433]},"properties":{"category":"parkeergarage","name":"","operator":"","osm_id":"way/75475817"}},{"type":"Feature","geometry":{"type":"Point","coordinates":[5.94839,52.18208]},"properties":{"category":"parkeergarage","name":"P1","operator":"Interparking","osm_id":"way/92240795"}},{"type":"Feature","geometry":{"type":"Point","coordinates":[5.945534,52.181537]},"properties":{"category":"parkeergarage","name":"Parkeervoorziening P2","operator":"","osm_id":"way/136438501"}},{"type":"Feature","geometry":{"type":"Point","coordinates":[6.015989,52.206519]},"properties":{"category":"parkeergarage","name":"","operator":"","osm_id":"way/262659671"}},{"type":"Feature","geometry":{"type":"Point","coordinates":[5.96213,52.23438]},"properties":{"category":"parkeergarage","name":"","operator":"","osm_id":"way/262781932"}},{"type":"Feature","geometry":{"type":"Point","coordinates":[5.984653,52.211814]},"properties":{"category":"parkeergarage","name":"","operator":"","osm_id":"way/262991112"}},{"type":"Feature","geometry":{"type":"Point","coordinates":[5.978424,52.210791]},"properties":{"category":"parkeergarage","name":"","operator":"ABN AMRO","osm_id":"way/262998144"}},{"type":"Feature","geometry":{"type":"Point","coordinates":[5.956088,52.215698]},"properties":{"category":"parkeergarage","name":"Museum Centrum","operator":"Q-Park","osm_id":"way/262999307"}},{"type":"Feature","geometry":{"type":"Point","coordinates":[5.953121,52.21734]},"properties":{"category":"parkeergarage","name":"","operator":"","osm_id":"way/263024185"}},{"type":"Feature","geometry":{"type":"Point","coordinates":[5.953943,52.217377]},"properties":{"category":"parkeergarage","name":"","operator":"","osm_id":"way/263025436"}},{"type":"Feature","geometry":{"type":"Point","coordinates":[5.954132,52.218987]},"properties":{"category":"parkeergarage","name":"","operator":"","osm_id":"way/263030197"}},{"type":"Feature","geometry":{"type":"Point","coordinates":[5.957272,52.205865]},"properties":{"category":"parkeergarage","name":"","operator":"Univé","osm_id":"way/263041641"}},{"type":"Feature","geometry":{"type":"Point","coordinates":[5.967877,52.194677]},"properties":{"category":"parkeergarage","name":"","operator":"","osm_id":"way/263069789"}},{"type":"Feature","geometry":{"type":"Point","coordinates":[5.973859,52.203062]},"properties":{"category":"parkeergarage","name":"","operator":"","osm_id":"way/263069824"}},{"type":"Feature","geometry":{"type":"Point","coordinates":[5.970415,52.211049]},"properties":{"category":"parkeergarage","name":"","operator":"","osm_id":"way/263083347"}},{"type":"Feature","geometry":{"type":"Point","coordinates":[5.962515,52.210366]},"properties":{"category":"parkeergarage","name":"","operator":"","osm_id":"way/263083354"}},{"type":"Feature","geometry":{"type":"Point","coordinates":[5.968451,52.213137]},"properties":{"category":"parkeergarage","name":"Haven Centrum","operator":"Gemeente Apeldoorn","osm_id":"way/263083764"}},{"type":"Feature","geometry":{"type":"Point","coordinates":[5.964072,52.215547]},"properties":{"category":"parkeergarage","name":"P1 Parkeergarage Marktplein","operator":"","osm_id":"way/263083872"}},{"type":"Feature","geometry":{"type":"Point","coordinates":[5.968617,52.213566]},"properties":{"category":"parkeergarage","name":"","operator":"","osm_id":"way/263083946"}},{"type":"Feature","geometry":{"type":"Point","coordinates":[5.97317,52.213422]},"properties":{"category":"parkeergarage","name":"","operator":"","osm_id":"way/263083971"}},{"type":"Feature","geometry":{"type":"Point","coordinates":[5.962657,52.211262]},"properties":{"category":"parkeergarage","name":"","operator":"","osm_id":"way/263083979"}},{"type":"Feature","geometry":{"type":"Point","coordinates":[5.960945,52.211017]},"properties":{"category":"parkeergarage","name":"Parkeergarage Brinklaan","operator":"","osm_id":"way/263085796"}},{"type":"Feature","geometry":{"type":"Point","coordinates":[5.984695,52.232274]},"properties":{"category":"parkeergarage","name":"","operator":"","osm_id":"way/390332091"}},{"type":"Feature","geometry":{"type":"Point","coordinates":[5.984164,52.231876]},"properties":{"category":"parkeergarage","name":"","operator":"","osm_id":"way/390332290"}},{"type":"Feature","geometry":{"type":"Point","coordinates":[5.957684,52.210083]},"properties":{"category":"parkeergarage","name":"","operator":"","osm_id":"way/484077979"}},{"type":"Feature","geometry":{"type":"Point","coordinates":[5.968906,52.210417]},"properties":{"category":"parkeergarage","name":"","operator":"","osm_id":"way/496109837"}},{"type":"Feature","geometry":{"type":"Point","coordinates":[5.97003,52.210605]},"properties":{"category":"parkeergarage","name":"","operator":"","osm_id":"way/496109844"}},{"type":"Feature","geometry":{"type":"Point","coordinates":[5.968288,52.208539]},"properties":{"category":"parkeergarage","name":"","operator":"","osm_id":"way/496281406"}},{"type":"Feature","geometry":{"type":"Point","coordinates":[5.96675,52.2086]},"properties":{"category":"parkeergarage","name":"","operator":"","osm_id":"way/496281426"}},{"type":"Feature","geometry":{"type":"Point","coordinates":[5.978195,52.211288]},"properties":{"category":"parkeergarage","name":"","operator":"","osm_id":"way/496496323"}},{"type":"Feature","geometry":{"type":"Point","coordinates":[5.968693,52.216522]},"properties":{"category":"parkeergarage","name":"","operator":"","osm_id":"way/497007669"}},{"type":"Feature","geometry":{"type":"Point","coordinates":[5.973112,52.212295]},"properties":{"category":"parkeergarage","name":"","operator":"","osm_id":"way/497007777"}},{"type":"Feature","geometry":{"type":"Point","coordinates":[5.954503,52.217847]},"properties":{"category":"parkeergarage","name":"","operator":"","osm_id":"way/497007837"}},{"type":"Feature","geometry":{"type":"Point","coordinates":[5.957218,52.204814]},"properties":{"category":"parkeergarage","name":"","operator":"","osm_id":"way/497008157"}},{"type":"Feature","geometry":{"type":"Point","coordinates":[5.943046,52.208841]},"properties":{"category":"parkeergarage","name":"","operator":"","osm_id":"way/497008378"}},{"type":"Feature","geometry":{"type":"Point","coordinates":[5.962185,52.213383]},"properties":{"category":"parkeergarage","name":"","operator":"Q-Park","osm_id":"way/497113705"}},{"type":"Feature","geometry":{"type":"Point","coordinates":[5.977315,52.211829]},"properties":{"category":"parkeergarage","name":"","operator":"","osm_id":"way/597408203"}},{"type":"Feature","geometry":{"type":"Point","coordinates":[5.97712,52.212522]},"properties":{"category":"parkeergarage","name":"","operator":"","osm_id":"way/605656773"}},{"type":"Feature","geometry":{"type":"Point","coordinates":[5.980267,52.23967]},"properties":{"category":"parkeergarage","name":"","operator":"","osm_id":"way/605656794"}},{"type":"Feature","geometry":{"type":"Point","coordinates":[5.92214,52.186198]},"properties":{"category":"parkeergarage","name":"","operator":"","osm_id":"way/605843279"}},{"type":"Feature","geometry":{"type":"Point","coordinates":[5.986128,52.229087]},"properties":{"category":"parkeergarage","name":"","operator":"Gemeente Apeldoorn","osm_id":"way/737483576"}},{"type":"Feature","geometry":{"type":"Point","coordinates":[5.948315,52.182094]},"properties":{"category":"parkeergarage","name":"","operator":"","osm_id":"way/1153806076"}},{"type":"Feature","geometry":{"type":"Point","coordinates":[5.999215,52.247893]},"properties":{"category":"parkeergarage","name":"","operator":"","osm_id":"way/1164917407"}},{"type":"Feature","geometry":{"type":"Point","coordinates":[5.971054,52.208702]},"properties":{"category":"p_and_r","name":"P+R Laan van de Mensenrechten","operator":"Q-Park","osm_id":"way/6319742"}},{"type":"Feature","geometry":{"type":"Point","coordinates":[6.000641,52.205568]},"properties":{"category":"p_and_r","name":"P+R Apeldoorn de Maten","operator":"","osm_id":"way/136529141"}},{"type":"Feature","geometry":{"type":"Point","coordinates":[6.02022,52.211967]},"properties":{"category":"p_and_r","name":"Albert Stoterplein","operator":"Scouting Marca Appoldro","osm_id":"way/195276758"}}]}