{"type":"FeatureCollection","metadata":{"gemeente":"Utrecht","slug":"utrecht","by_category":{"glasbak":2452,"bus_halte":635,"fietsenstalling":126,"supermarkt":90,"parkeergarage":86,"sportveld":48,"drogisterij":48,"universiteit":33,"bouwmarkt":32,"hogeschool":29,"ov_knooppunt":17,"bibliotheek":17,"winkelcentrum":12,"middelbare_school":10,"ns_station":9,"ziekenhuis":9,"p_and_r":9,"milieustraat":4,"gemeentehuis":3},"total":3669},"features":[{"type":"Feature","geometry":{"type":"Point","coordinates":[5.143262,52.066408]},"properties":{"category":"ns_station","name":"Utrecht Lunetten","operator":"","osm_id":"node/45095869"}},{"type":"Feature","geometry":{"type":"Point","coordinates":[5.109821,52.089393]},"properties":{"category":"ns_station","name":"Utrecht Centraal","operator":"","osm_id":"node/45198301"}},{"type":"Feature","geometry":{"type":"Point","coordinates":[5.043552,52.100215]},"properties":{"category":"ns_station","name":"Utrecht Terwijde","operator":"","osm_id":"node/45243362"}},{"type":"Feature","geometry":{"type":"Point","coordinates":[5.007619,52.102973]},"properties":{"category":"ns_station","name":"Vleuten","operator":"","osm_id":"node/232079045"}},{"type":"Feature","geometry":{"type":"Point","coordinates":[5.121878,52.078757]},"properties":{"category":"ns_station","name":"Utrecht Vaartsche Rijn","operator":"","osm_id":"node/1233812055"}},{"type":"Feature","geometry":{"type":"Point","coordinates":[5.131166,52.087942]},"properties":{"category":"ns_station","name":"Utrecht Maliebaan","operator":"NS","osm_id":"node/1673444987"}},{"type":"Feature","geometry":{"type":"Point","coordinates":[5.089354,52.103232]},"properties":{"category":"ns_station","name":"Utrecht Zuilen","operator":"","osm_id":"node/3105151948"}},{"type":"Feature","geometry":{"type":"Point","coordinates":[5.065243,52.098968]},"properties":{"category":"ns_station","name":"Utrecht Leidsche Rijn","operator":"","osm_id":"node/4864373374"}},{"type":"Feature","geometry":{"type":"Point","coordinates":[5.125762,52.110121]},"properties":{"category":"ns_station","name":"Utrecht Overvecht","operator":"","osm_id":"node/7606645163"}},{"type":"Feature","geometry":{"type":"Point","coordinates":[5.141623,52.091479]},"properties":{"category":"bus_halte","name":"Rosarium","operator":"","osm_id":"node/28898737"}},{"type":"Feature","geometry":{"type":"Point","coordinates":[5.143134,52.084909]},"properties":{"category":"bus_halte","name":"Hobbemastraat","operator":"","osm_id":"node/29797002"}},{"type":"Feature","geometry":{"type":"Point","coordinates":[5.142937,52.065813]},"properties":{"category":"bus_halte","name":"Station Lunetten","operator":"","osm_id":"node/30983812"}},{"type":"Feature","geometry":{"type":"Point","coordinates":[5.097329,52.093403]},"properties":{"category":"bus_halte","name":"Hasebroekstraat","operator":"","osm_id":"node/45215672"}},{"type":"Feature","geometry":{"type":"Point","coordinates":[5.141568,52.121014]},"properties":{"category":"bus_halte","name":"Zwembad Blauwkapel","operator":"","osm_id":"node/45333434"}},{"type":"Feature","geometry":{"type":"Point","coordinates":[5.132873,52.085903]},"properties":{"category":"bus_halte","name":"Oosterstraat","operator":"","osm_id":"node/101437442"}},{"type":"Feature","geometry":{"type":"Point","coordinates":[5.134046,52.08718]},"properties":{"category":"bus_halte","name":"Oudwijkerdwarsstraat","operator":"","osm_id":"node/101437446"}},{"type":"Feature","geometry":{"type":"Point","coordinates":[5.134947,52.087819]},"properties":{"category":"bus_halte","name":"Oudwijkerdwarsstraat","operator":"","osm_id":"node/101437449"}},{"type":"Feature","geometry":{"type":"Point","coordinates":[5.100734,52.075487]},"properties":{"category":"bus_halte","name":"Koningin Wilhelminalaan","operator":"","osm_id":"node/255604271"}},{"type":"Feature","geometry":{"type":"Point","coordinates":[5.10694,52.055922]},"properties":{"category":"bus_halte","name":"P+R Westraven","operator":"","osm_id":"node/258347476"}},{"type":"Feature","geometry":{"type":"Point","coordinates":[5.045702,52.09542]},"properties":{"category":"bus_halte","name":"Het Zand","operator":"","osm_id":"node/344435814"}},{"type":"Feature","geometry":{"type":"Point","coordinates":[5.045778,52.095439]},"properties":{"category":"bus_halte","name":"Het Zand","operator":"","osm_id":"node/361196258"}},{"type":"Feature","geometry":{"type":"Point","coordinates":[5.131791,52.065051]},"properties":{"category":"bus_halte","name":"Stelviobaan","operator":"","osm_id":"node/365879268"}},{"type":"Feature","geometry":{"type":"Point","coordinates":[5.132588,52.06573]},"properties":{"category":"bus_halte","name":"Stelviobaan","operator":"","osm_id":"node/365880648"}},{"type":"Feature","geometry":{"type":"Point","coordinates":[5.137051,52.066908]},"properties":{"category":"bus_halte","name":"Brennerbaan","operator":"","osm_id":"node/366366275"}},{"type":"Feature","geometry":{"type":"Point","coordinates":[5.138382,52.066972]},"properties":{"category":"bus_halte","name":"Brennerbaan","operator":"","osm_id":"node/366366582"}},{"type":"Feature","geometry":{"type":"Point","coordinates":[5.135952,52.058612]},"properties":{"category":"bus_halte","name":"De Koppel","operator":"","osm_id":"node/366609231"}},{"type":"Feature","geometry":{"type":"Point","coordinates":[5.13187,52.059532]},"properties":{"category":"bus_halte","name":"Simplonbaan","operator":"","osm_id":"node/366609471"}},{"type":"Feature","geometry":{"type":"Point","coordinates":[5.128226,52.06486]},"properties":{"category":"bus_halte","name":"Lunettenbaan","operator":"","osm_id":"node/366645728"}},{"type":"Feature","geometry":{"type":"Point","coordinates":[5.128725,52.064528]},"properties":{"category":"bus_halte","name":"Lunettenbaan","operator":"","osm_id":"node/366646198"}},{"type":"Feature","geometry":{"type":"Point","coordinates":[5.132179,52.063712]},"properties":{"category":"bus_halte","name":"Dolomieten","operator":"","osm_id":"node/366646862"}},{"type":"Feature","geometry":{"type":"Point","coordinates":[5.132162,52.063206]},"properties":{"category":"bus_halte","name":"Dolomieten","operator":"","osm_id":"node/366646981"}},{"type":"Feature","geometry":{"type":"Point","coordinates":[5.138149,52.060338]},"properties":{"category":"bus_halte","name":"Sleeswijk","operator":"","osm_id":"node/366651832"}},{"type":"Feature","geometry":{"type":"Point","coordinates":[5.138424,52.063322]},"properties":{"category":"bus_halte","name":"Betuwe","operator":"","osm_id":"node/366652383"}},{"type":"Feature","geometry":{"type":"Point","coordinates":[5.138704,52.06394]},"properties":{"category":"bus_halte","name":"Betuwe","operator":"","osm_id":"node/366652510"}},{"type":"Feature","geometry":{"type":"Point","coordinates":[5.140114,52.066973]},"properties":{"category":"bus_halte","name":"Texel","operator":"","osm_id":"node/366653716"}},{"type":"Feature","geometry":{"type":"Point","coordinates":[5.128971,52.069992]},"properties":{"category":"bus_halte","name":"Slotlaan","operator":"","osm_id":"node/370041223"}},{"type":"Feature","geometry":{"type":"Point","coordinates":[5.129118,52.06991]},"properties":{"category":"bus_halte","name":"Slotlaan","operator":"","osm_id":"node/370041263"}},{"type":"Feature","geometry":{"type":"Point","coordinates":[5.106906,52.056922]},"properties":{"category":"bus_halte","name":"P+R Westraven","operator":"","osm_id":"node/370168185"}},{"type":"Feature","geometry":{"type":"Point","coordinates":[5.108781,52.066665]},"properties":{"category":"bus_halte","name":"Europaplein Oost","operator":"","osm_id":"node/370168192"}},{"type":"Feature","geometry":{"type":"Point","coordinates":[5.10849,52.066912]},"properties":{"category":"bus_halte","name":"Europaplein Oost","operator":"","osm_id":"node/370168195"}},{"type":"Feature","geometry":{"type":"Point","coordinates":[5.10283,52.067682]},"properties":{"category":"bus_halte","name":"Vasco da Gamalaan","operator":"","osm_id":"node/370168216"}},{"type":"Feature","geometry":{"type":"Point","coordinates":[5.102365,52.068791]},"properties":{"category":"bus_halte","name":"Vasco da Gamalaan","operator":"","osm_id":"node/370168219"}},{"type":"Feature","geometry":{"type":"Point","coordinates":[5.099601,52.07115]},"properties":{"category":"bus_halte","name":"Afrikalaan","operator":"","osm_id":"node/370168221"}},{"type":"Feature","geometry":{"type":"Point","coordinates":[5.099226,52.072133]},"properties":{"category":"bus_halte","name":"Afrikalaan","operator":"","osm_id":"node/370168223"}},{"type":"Feature","geometry":{"type":"Point","coordinates":[5.100078,52.075168]},"properties":{"category":"bus_halte","name":"Koningin Wilhelminalaan","operator":"","osm_id":"node/370168225"}},{"type":"Feature","geometry":{"type":"Point","coordinates":[5.105511,52.073514]},"properties":{"category":"bus_halte","name":"Lanslaan","operator":"","osm_id":"node/370168228"}},{"type":"Feature","geometry":{"type":"Point","coordinates":[5.093305,52.073994]},"properties":{"category":"bus_halte","name":"Trumanlaan","operator":"","osm_id":"node/370168258"}},{"type":"Feature","geometry":{"type":"Point","coordinates":[5.093313,52.073823]},"properties":{"category":"bus_halte","name":"Trumanlaan","operator":"","osm_id":"node/370168260"}},{"type":"Feature","geometry":{"type":"Point","coordinates":[5.095067,52.071511]},"properties":{"category":"bus_halte","name":"Marco Pololaan","operator":"","osm_id":"node/370168262"}},{"type":"Feature","geometry":{"type":"Point","coordinates":[5.095676,52.071008]},"properties":{"category":"bus_halte","name":"Marco Pololaan","operator":"","osm_id":"node/370168264"}},{"type":"Feature","geometry":{"type":"Point","coordinates":[5.094481,52.069161]},"properties":{"category":"bus_halte","name":"Columbuslaan/Afrikalaan","operator":"","osm_id":"node/370168265"}},{"type":"Feature","geometry":{"type":"Point","coordinates":[5.094822,52.068972]},"properties":{"category":"bus_halte","name":"Columbuslaan/Afrikalaan","operator":"","osm_id":"node/370168267"}},{"type":"Feature","geometry":{"type":"Point","coordinates":[5.097013,52.066604]},"properties":{"category":"bus_halte","name":"Bontekoelaan","operator":"","osm_id":"node/370168268"}},{"type":"Feature","geometry":{"type":"Point","coordinates":[5.09701,52.066433]},"properties":{"category":"bus_halte","name":"Bontekoelaan","operator":"","osm_id":"node/370168271"}},{"type":"Feature","geometry":{"type":"Point","coordinates":[5.098915,52.064557]},"properties":{"category":"bus_halte","name":"Aziëlaan","operator":"U-OV","osm_id":"node/370168273"}},{"type":"Feature","geometry":{"type":"Point","coordinates":[5.099788,52.063441]},"properties":{"category":"bus_halte","name":"Woonboulevard","operator":"","osm_id":"node/370168275"}},{"type":"Feature","geometry":{"type":"Point","coordinates":[5.10069,52.062649]},"properties":{"category":"bus_halte","name":"Woonboulevard","operator":"","osm_id":"node/370168277"}},{"type":"Feature","geometry":{"type":"Point","coordinates":[5.082246,52.068868]},"properties":{"category":"bus_halte","name":"Papendorp Midden","operator":"","osm_id":"node/374577311"}},{"type":"Feature","geometry":{"type":"Point","coordinates":[5.081768,52.068799]},"properties":{"category":"bus_halte","name":"Papendorp Midden","operator":"","osm_id":"node/374577333"}},{"type":"Feature","geometry":{"type":"Point","coordinates":[5.078948,52.070929]},"properties":{"category":"bus_halte","name":"Papendorp-Noord P+R","operator":"","osm_id":"node/374577380"}},{"type":"Feature","geometry":{"type":"Point","coordinates":[5.084136,52.065349]},"properties":{"category":"bus_halte","name":"Papendorp Zuid","operator":"Arriva;Connexxion","osm_id":"node/374577459"}},{"type":"Feature","geometry":{"type":"Point","coordinates":[5.092617,52.078668]},"properties":{"category":"bus_halte","name":"24 Oktoberplein-Zuid","operator":"","osm_id":"node/374832587"}},{"type":"Feature","geometry":{"type":"Point","coordinates":[5.092159,52.079853]},"properties":{"category":"bus_halte","name":"24 Oktoberplein-Zuid","operator":"","osm_id":"node/374832592"}},{"type":"Feature","geometry":{"type":"Point","coordinates":[5.093028,52.081571]},"properties":{"category":"bus_halte","name":"24 Oktoberplein","operator":"","osm_id":"node/374832600"}},{"type":"Feature","geometry":{"type":"Point","coordinates":[5.091704,52.081559]},"properties":{"category":"bus_halte","name":"24 Oktoberplein","operator":"","osm_id":"node/374832606"}},{"type":"Feature","geometry":{"type":"Point","coordinates":[5.088351,52.082292]},"properties":{"category":"bus_halte","name":"Den Hommel","operator":"","osm_id":"node/374832628"}},{"type":"Feature","geometry":{"type":"Point","coordinates":[5.086495,52.083067]},"properties":{"category":"bus_halte","name":"Den Hommel","operator":"","osm_id":"node/374832720"}},{"type":"Feature","geometry":{"type":"Point","coordinates":[5.089824,52.074185]},"properties":{"category":"bus_halte","name":"Marshalllaan","operator":"","osm_id":"node/374832731"}},{"type":"Feature","geometry":{"type":"Point","coordinates":[5.09,52.074383]},"properties":{"category":"bus_halte","name":"Marshalllaan","operator":"","osm_id":"node/374832735"}},{"type":"Feature","geometry":{"type":"Point","coordinates":[5.086872,52.077259]},"properties":{"category":"bus_halte","name":"Peltlaan","operator":"","osm_id":"node/374832742"}},{"type":"Feature","geometry":{"type":"Point","coordinates":[5.087221,52.077486]},"properties":{"category":"bus_halte","name":"Peltlaan","operator":"","osm_id":"node/374832749"}},{"type":"Feature","geometry":{"type":"Point","coordinates":[5.090284,52.078534]},"properties":{"category":"bus_halte","name":"van Heuven Goedhartlaan","operator":"","osm_id":"node/374832753"}},{"type":"Feature","geometry":{"type":"Point","coordinates":[5.090868,52.078746]},"properties":{"category":"bus_halte","name":"van Heuven Goedhartlaan","operator":"","osm_id":"node/374832763"}},{"type":"Feature","geometry":{"type":"Point","coordinates":[5.094839,52.080148]},"properties":{"category":"bus_halte","name":"Van Bijnkershoeklaan","operator":"","osm_id":"node/374832767"}},{"type":"Feature","geometry":{"type":"Point","coordinates":[5.096305,52.08069]},"properties":{"category":"bus_halte","name":"Van Bijnkershoeklaan","operator":"","osm_id":"node/374832776"}},{"type":"Feature","geometry":{"type":"Point","coordinates":[5.097631,52.08312]},"properties":{"category":"bus_halte","name":"Overste den Oudenlaan","operator":"","osm_id":"node/374832782"}},{"type":"Feature","geometry":{"type":"Point","coordinates":[5.097878,52.08468]},"properties":{"category":"bus_halte","name":"Overste den Oudenlaan","operator":"","osm_id":"node/374832796"}},{"type":"Feature","geometry":{"type":"Point","coordinates":[5.096318,52.084945]},"properties":{"category":"bus_halte","name":"Ravellaan","operator":"","osm_id":"node/374832807"}},{"type":"Feature","geometry":{"type":"Point","coordinates":[5.099886,52.086809]},"properties":{"category":"bus_halte","name":"Graadt van Roggenweg","operator":"Arriva","osm_id":"node/374832821"}},{"type":"Feature","geometry":{"type":"Point","coordinates":[5.100967,52.08787]},"properties":{"category":"bus_halte","name":"Graadt van Roggenweg","operator":"","osm_id":"node/374832829"}},{"type":"Feature","geometry":{"type":"Point","coordinates":[5.11647,52.066631]},"properties":{"category":"bus_halte","name":"Socrateslaan","operator":"","osm_id":"node/379835947"}},{"type":"Feature","geometry":{"type":"Point","coordinates":[5.116149,52.066885]},"properties":{"category":"bus_halte","name":"Socrateslaan","operator":"","osm_id":"node/379835949"}},{"type":"Feature","geometry":{"type":"Point","coordinates":[5.113701,52.071322]},"properties":{"category":"bus_halte","name":"Maasplein","operator":"","osm_id":"node/381958192"}},{"type":"Feature","geometry":{"type":"Point","coordinates":[5.113711,52.070976]},"properties":{"category":"bus_halte","name":"Maasplein","operator":"","osm_id":"node/381958197"}},{"type":"Feature","geometry":{"type":"Point","coordinates":[5.114071,52.074183]},"properties":{"category":"bus_halte","name":"Waalstraat","operator":"","osm_id":"node/385037536"}},{"type":"Feature","geometry":{"type":"Point","coordinates":[5.114005,52.074797]},"properties":{"category":"bus_halte","name":"Waalstraat","operator":"","osm_id":"node/385605082"}},{"type":"Feature","geometry":{"type":"Point","coordinates":[5.122891,52.077855]},"properties":{"category":"bus_halte","name":"Station Vaartsche Rijn","operator":"","osm_id":"node/417241795"}},{"type":"Feature","geometry":{"type":"Point","coordinates":[5.122985,52.077631]},"properties":{"category":"bus_halte","name":"Station Vaartsche Rijn","operator":"","osm_id":"node/417241796"}},{"type":"Feature","geometry":{"type":"Point","coordinates":[5.113962,52.07752]},"properties":{"category":"bus_halte","name":"Balijelaan","operator":"","osm_id":"node/417241798"}},{"type":"Feature","geometry":{"type":"Point","coordinates":[5.007966,52.102263]},"properties":{"category":"bus_halte","name":"Station Vleuten","operator":"","osm_id":"node/441201463"}},{"type":"Feature","geometry":{"type":"Point","coordinates":[5.004084,52.099919]},"properties":{"category":"bus_halte","name":"Stroomrugbaan","operator":"","osm_id":"node/441310959"}},{"type":"Feature","geometry":{"type":"Point","coordinates":[5.031935,52.075297]},"properties":{"category":"bus_halte","name":"Zuid","operator":"","osm_id":"node/464444582"}},{"type":"Feature","geometry":{"type":"Point","coordinates":[5.031674,52.07525]},"properties":{"category":"bus_halte","name":"Zuid","operator":"","osm_id":"node/464444598"}},{"type":"Feature","geometry":{"type":"Point","coordinates":[5.04664,52.080704]},"properties":{"category":"bus_halte","name":"De Meern-Oost","operator":"","osm_id":"node/469114867"}},{"type":"Feature","geometry":{"type":"Point","coordinates":[5.04608,52.080883]},"properties":{"category":"bus_halte","name":"De Meern-Oost","operator":"","osm_id":"node/469114870"}},{"type":"Feature","geometry":{"type":"Point","coordinates":[5.059918,52.078614]},"properties":{"category":"bus_halte","name":"Strijkviertel Noord","operator":"","osm_id":"node/534834077"}},{"type":"Feature","geometry":{"type":"Point","coordinates":[5.059355,52.07888]},"properties":{"category":"bus_halte","name":"Strijkviertel Noord","operator":"","osm_id":"node/534834086"}},{"type":"Feature","geometry":{"type":"Point","coordinates":[5.156541,52.066473]},"properties":{"category":"bus_halte","name":"Koningsweg 175","operator":"","osm_id":"node/588375332"}},{"type":"Feature","geometry":{"type":"Point","coordinates":[5.157897,52.065645]},"properties":{"category":"bus_halte","name":"Koningsweg 175","operator":"","osm_id":"node/588375335"}},{"type":"Feature","geometry":{"type":"Point","coordinates":[5.040526,52.1124]},"properties":{"category":"bus_halte","name":"Rioolwaterzuivering","operator":"","osm_id":"node/608603071"}},{"type":"Feature","geometry":{"type":"Point","coordinates":[5.120155,52.059653]},"properties":{"category":"bus_halte","name":"IJsselsteinlaan","operator":"","osm_id":"node/614372429"}},{"type":"Feature","geometry":{"type":"Point","coordinates":[5.083798,52.085289]},"properties":{"category":"bus_halte","name":"Beethovenlaan","operator":"","osm_id":"node/642382736"}},{"type":"Feature","geometry":{"type":"Point","coordinates":[5.084245,52.084001]},"properties":{"category":"bus_halte","name":"Beethovenlaan","operator":"","osm_id":"node/642382738"}},{"type":"Feature","geometry":{"type":"Point","coordinates":[5.083096,52.086868]},"properties":{"category":"bus_halte","name":"Everard Meysterlaan","operator":"","osm_id":"node/642382741"}},{"type":"Feature","geometry":{"type":"Point","coordinates":[5.083258,52.08784]},"properties":{"category":"bus_halte","name":"Everard Meysterlaan","operator":"","osm_id":"node/642382742"}},{"type":"Feature","geometry":{"type":"Point","coordinates":[5.082959,52.090737]},"properties":{"category":"bus_halte","name":"Racinelaan","operator":"","osm_id":"node/642382744"}},{"type":"Feature","geometry":{"type":"Point","coordinates":[5.083332,52.090688]},"properties":{"category":"bus_halte","name":"Racinelaan","operator":"","osm_id":"node/642382746"}},{"type":"Feature","geometry":{"type":"Point","coordinates":[5.089323,52.094514]},"properties":{"category":"bus_halte","name":"Majellapark","operator":"","osm_id":"node/642382764"}},{"type":"Feature","geometry":{"type":"Point","coordinates":[5.090124,52.094295]},"properties":{"category":"bus_halte","name":"Majellapark","operator":"","osm_id":"node/642382765"}},{"type":"Feature","geometry":{"type":"Point","coordinates":[5.072673,52.117621]},"properties":{"category":"bus_halte","name":"Minister Talmastraat","operator":"","osm_id":"node/642382773"}},{"type":"Feature","geometry":{"type":"Point","coordinates":[5.08593,52.097971]},"properties":{"category":"bus_halte","name":"Schepenbuurt","operator":"","osm_id":"node/642382776"}},{"type":"Feature","geometry":{"type":"Point","coordinates":[5.086575,52.099181]},"properties":{"category":"bus_halte","name":"Schepenbuurt","operator":"","osm_id":"node/642382779"}},{"type":"Feature","geometry":{"type":"Point","coordinates":[5.083335,52.110406]},"properties":{"category":"bus_halte","name":"Muyskenweg","operator":"","osm_id":"node/642382812"}},{"type":"Feature","geometry":{"type":"Point","coordinates":[5.082736,52.11066]},"properties":{"category":"bus_halte","name":"Muyskenweg","operator":"","osm_id":"node/642382815"}},{"type":"Feature","geometry":{"type":"Point","coordinates":[5.086836,52.112901]},"properties":{"category":"bus_halte","name":"Prins Bernhardlaan","operator":"","osm_id":"node/642382819"}},{"type":"Feature","geometry":{"type":"Point","coordinates":[5.079772,52.117047]},"properties":{"category":"bus_halte","name":"De Bazelstraat","operator":"","osm_id":"node/642382824"}},{"type":"Feature","geometry":{"type":"Point","coordinates":[5.078595,52.11801]},"properties":{"category":"bus_halte","name":"De Bazelstraat","operator":"","osm_id":"node/642382827"}},{"type":"Feature","geometry":{"type":"Point","coordinates":[5.086852,52.113293]},"properties":{"category":"bus_halte","name":"Prins Bernhardlaan","operator":"","osm_id":"node/642382838"}},{"type":"Feature","geometry":{"type":"Point","coordinates":[5.072642,52.118988]},"properties":{"category":"bus_halte","name":"Professor Bavinckstraat","operator":"","osm_id":"node/642382841"}},{"type":"Feature","geometry":{"type":"Point","coordinates":[5.075717,52.119372]},"properties":{"category":"bus_halte","name":"Cornelis Smeenkstraat","operator":"","osm_id":"node/642382844"}},{"type":"Feature","geometry":{"type":"Point","coordinates":[5.121342,52.065849]},"properties":{"category":"bus_halte","name":"'t Goylaan","operator":"","osm_id":"node/642382846"}},{"type":"Feature","geometry":{"type":"Point","coordinates":[5.112581,52.080628]},"properties":{"category":"bus_halte","name":"Brederoplein","operator":"","osm_id":"node/642382853"}},{"type":"Feature","geometry":{"type":"Point","coordinates":[5.1107,52.08264]},"properties":{"category":"bus_halte","name":"Van der Goesstraat","operator":"","osm_id":"node/642382862"}},{"type":"Feature","geometry":{"type":"Point","coordinates":[5.11024,52.083416]},"properties":{"category":"bus_halte","name":"Van der Goesstraat","operator":"","osm_id":"node/642382865"}},{"type":"Feature","geometry":{"type":"Point","coordinates":[5.112795,52.080745]},"properties":{"category":"bus_halte","name":"Brederoplein","operator":"","osm_id":"node/642382869"}},{"type":"Feature","geometry":{"type":"Point","coordinates":[5.09802,52.093245]},"properties":{"category":"bus_halte","name":"Hasebroekstraat","operator":"","osm_id":"node/642382917"}},{"type":"Feature","geometry":{"type":"Point","coordinates":[5.104919,52.092044]},"properties":{"category":"bus_halte","name":"Moskeeplein","operator":"","osm_id":"node/642382927"}},{"type":"Feature","geometry":{"type":"Point","coordinates":[5.133035,52.085751]},"properties":{"category":"bus_halte","name":"Oosterstraat","operator":"","osm_id":"node/642382994"}},{"type":"Feature","geometry":{"type":"Point","coordinates":[5.135427,52.085897]},"properties":{"category":"bus_halte","name":"Homeruslaan","operator":"","osm_id":"node/642382999"}},{"type":"Feature","geometry":{"type":"Point","coordinates":[5.135858,52.085605]},"properties":{"category":"bus_halte","name":"Homeruslaan","operator":"","osm_id":"node/642383003"}},{"type":"Feature","geometry":{"type":"Point","coordinates":[5.140101,52.083138]},"properties":{"category":"bus_halte","name":"Diakonessenhuis-Noord","operator":"","osm_id":"node/642383023"}},{"type":"Feature","geometry":{"type":"Point","coordinates":[5.141138,52.083231]},"properties":{"category":"bus_halte","name":"Diakonessenhuis-Noord","operator":"","osm_id":"node/642383026"}},{"type":"Feature","geometry":{"type":"Point","coordinates":[5.139076,52.083951]},"properties":{"category":"bus_halte","name":"Adriaen van Ostadelaan","operator":"","osm_id":"node/642383029"}},{"type":"Feature","geometry":{"type":"Point","coordinates":[5.13194,52.091531]},"properties":{"category":"bus_halte","name":"Maliebaan","operator":"","osm_id":"node/642383065"}},{"type":"Feature","geometry":{"type":"Point","coordinates":[5.132407,52.09128]},"properties":{"category":"bus_halte","name":"Maliebaan","operator":"","osm_id":"node/642383070"}},{"type":"Feature","geometry":{"type":"Point","coordinates":[5.13599,52.089443]},"properties":{"category":"bus_halte","name":"Burgemeester Reigerstraat","operator":"","osm_id":"node/642383074"}},{"type":"Feature","geometry":{"type":"Point","coordinates":[5.13609,52.088882]},"properties":{"category":"bus_halte","name":"Burgemeester Reigerstraat","operator":"","osm_id":"node/642383081"}},{"type":"Feature","geometry":{"type":"Point","coordinates":[5.141668,52.094794]},"properties":{"category":"bus_halte","name":"Prinsesselaan","operator":"","osm_id":"node/642383104"}},{"type":"Feature","geometry":{"type":"Point","coordinates":[5.141679,52.094476]},"properties":{"category":"bus_halte","name":"Prinsesselaan","operator":"","osm_id":"node/642383108"}},{"type":"Feature","geometry":{"type":"Point","coordinates":[5.110858,52.098614]},"properties":{"category":"bus_halte","name":"Oudenoord","operator":"","osm_id":"node/642383119"}},{"type":"Feature","geometry":{"type":"Point","coordinates":[5.111707,52.098119]},"properties":{"category":"bus_halte","name":"Oudenoord","operator":"","osm_id":"node/642383123"}},{"type":"Feature","geometry":{"type":"Point","coordinates":[5.109623,52.100334]},"properties":{"category":"bus_halte","name":"David van Mollemstraat","operator":"","osm_id":"node/642383127"}},{"type":"Feature","geometry":{"type":"Point","coordinates":[5.108972,52.099713]},"properties":{"category":"bus_halte","name":"David van Mollemstraat","operator":"","osm_id":"node/642383131"}},{"type":"Feature","geometry":{"type":"Point","coordinates":[5.115458,52.099203]},"properties":{"category":"bus_halte","name":"Adelaarstraat","operator":"","osm_id":"node/642383157"}},{"type":"Feature","geometry":{"type":"Point","coordinates":[5.115647,52.099186]},"properties":{"category":"bus_halte","name":"Adelaarstraat","operator":"","osm_id":"node/642383162"}},{"type":"Feature","geometry":{"type":"Point","coordinates":[5.114714,52.101507]},"properties":{"category":"bus_halte","name":"Draaiweg","operator":"","osm_id":"node/642383165"}},{"type":"Feature","geometry":{"type":"Point","coordinates":[5.114446,52.101436]},"properties":{"category":"bus_halte","name":"Draaiweg","operator":"","osm_id":"node/642383168"}},{"type":"Feature","geometry":{"type":"Point","coordinates":[5.118784,52.099907]},"properties":{"category":"bus_halte","name":"Willem van Noortstraat","operator":"","osm_id":"node/642383171"}},{"type":"Feature","geometry":{"type":"Point","coordinates":[5.114468,52.103914]},"properties":{"category":"bus_halte","name":"Willem Dreeslaan","operator":"","osm_id":"node/642383174"}},{"type":"Feature","geometry":{"type":"Point","coordinates":[5.114756,52.104859]},"properties":{"category":"bus_halte","name":"Willem Dreeslaan","operator":"","osm_id":"node/642383179"}},{"type":"Feature","geometry":{"type":"Point","coordinates":[5.105856,52.116701]},"properties":{"category":"bus_halte","name":"Kaap Hoorndreef","operator":"","osm_id":"node/642383196"}},{"type":"Feature","geometry":{"type":"Point","coordinates":[5.112438,52.114574]},"properties":{"category":"bus_halte","name":"Winkelcentrum Overvecht","operator":"","osm_id":"node/642383200"}},{"type":"Feature","geometry":{"type":"Point","coordinates":[5.112209,52.114871]},"properties":{"category":"bus_halte","name":"Winkelcentrum Overvecht","operator":"","osm_id":"node/642383205"}},{"type":"Feature","geometry":{"type":"Point","coordinates":[5.114645,52.116689]},"properties":{"category":"bus_halte","name":"Theemsdreef","operator":"","osm_id":"node/642383211"}},{"type":"Feature","geometry":{"type":"Point","coordinates":[5.114438,52.116722]},"properties":{"category":"bus_halte","name":"Theemsdreef","operator":"","osm_id":"node/642383216"}},{"type":"Feature","geometry":{"type":"Point","coordinates":[5.11817,52.118896]},"properties":{"category":"bus_halte","name":"Landskroondreef","operator":"","osm_id":"node/642383220"}},{"type":"Feature","geometry":{"type":"Point","coordinates":[5.117893,52.118868]},"properties":{"category":"bus_halte","name":"Landskroondreef","operator":"","osm_id":"node/642383225"}},{"type":"Feature","geometry":{"type":"Point","coordinates":[5.12022,52.100758]},"properties":{"category":"bus_halte","name":"Willem van Noortstraat","operator":"","osm_id":"node/642383228"}},{"type":"Feature","geometry":{"type":"Point","coordinates":[5.122652,52.102264]},"properties":{"category":"bus_halte","name":"Willem van Noortplein","operator":"","osm_id":"node/642383233"}},{"type":"Feature","geometry":{"type":"Point","coordinates":[5.123097,52.102729]},"properties":{"category":"bus_halte","name":"Willem van Noortplein","operator":"","osm_id":"node/642383237"}},{"type":"Feature","geometry":{"type":"Point","coordinates":[5.122155,52.108023]},"properties":{"category":"bus_halte","name":"Meester Tripkade","operator":"","osm_id":"node/642383241"}},{"type":"Feature","geometry":{"type":"Point","coordinates":[5.121516,52.107241]},"properties":{"category":"bus_halte","name":"Meester Tripkade","operator":"","osm_id":"node/642383246"}},{"type":"Feature","geometry":{"type":"Point","coordinates":[5.124714,52.11126]},"properties":{"category":"bus_halte","name":"Station Overvecht","operator":"","osm_id":"node/642383280"}},{"type":"Feature","geometry":{"type":"Point","coordinates":[5.124937,52.111208]},"properties":{"category":"bus_halte","name":"Station Overvecht","operator":"","osm_id":"node/642383283"}},{"type":"Feature","geometry":{"type":"Point","coordinates":[5.126571,52.112857]},"properties":{"category":"bus_halte","name":"Berezinadreef","operator":"","osm_id":"node/642383287"}},{"type":"Feature","geometry":{"type":"Point","coordinates":[5.122426,52.115869]},"properties":{"category":"bus_halte","name":"Tamarinde","operator":"","osm_id":"node/642383298"}},{"type":"Feature","geometry":{"type":"Point","coordinates":[5.120914,52.116529]},"properties":{"category":"bus_halte","name":"Neckardreef","operator":"","osm_id":"node/642383303"}},{"type":"Feature","geometry":{"type":"Point","coordinates":[5.120709,52.117313]},"properties":{"category":"bus_halte","name":"Neckardreef","operator":"","osm_id":"node/642383307"}},{"type":"Feature","geometry":{"type":"Point","coordinates":[5.128705,52.116036]},"properties":{"category":"bus_halte","name":"Atlasdreef","operator":"","osm_id":"node/642383312"}},{"type":"Feature","geometry":{"type":"Point","coordinates":[5.12887,52.114291]},"properties":{"category":"bus_halte","name":"Donaudreef","operator":"","osm_id":"node/642383316"}},{"type":"Feature","geometry":{"type":"Point","coordinates":[5.129132,52.1143]},"properties":{"category":"bus_halte","name":"Donaudreef","operator":"","osm_id":"node/642383323"}},{"type":"Feature","geometry":{"type":"Point","coordinates":[5.128607,52.116256]},"properties":{"category":"bus_halte","name":"Atlasdreef","operator":"","osm_id":"node/642383328"}},{"type":"Feature","geometry":{"type":"Point","coordinates":[5.126155,52.116685]},"properties":{"category":"bus_halte","name":"Oderdreef","operator":"","osm_id":"node/642383333"}},{"type":"Feature","geometry":{"type":"Point","coordinates":[5.125817,52.117008]},"properties":{"category":"bus_halte","name":"Oderdreef","operator":"","osm_id":"node/642383336"}},{"type":"Feature","geometry":{"type":"Point","coordinates":[5.142535,52.084531]},"properties":{"category":"bus_halte","name":"Hobbemastraat","operator":"","osm_id":"node/642383338"}},{"type":"Feature","geometry":{"type":"Point","coordinates":[5.14461,52.086476]},"properties":{"category":"bus_halte","name":"De Hoogstraat","operator":"","osm_id":"node/642383345"}},{"type":"Feature","geometry":{"type":"Point","coordinates":[5.144855,52.086741]},"properties":{"category":"bus_halte","name":"De Hoogstraat","operator":"","osm_id":"node/642383350"}},{"type":"Feature","geometry":{"type":"Point","coordinates":[5.143916,52.089548]},"properties":{"category":"bus_halte","name":"Dillenburgstraat","operator":"","osm_id":"node/642383360"}},{"type":"Feature","geometry":{"type":"Point","coordinates":[5.144174,52.089337]},"properties":{"category":"bus_halte","name":"Dillenburgstraat","operator":"","osm_id":"node/642383363"}},{"type":"Feature","geometry":{"type":"Point","coordinates":[5.141695,52.091332]},"properties":{"category":"bus_halte","name":"Rosarium","operator":"","osm_id":"node/642383366"}},{"type":"Feature","geometry":{"type":"Point","coordinates":[5.142595,52.106557]},"properties":{"category":"bus_halte","name":"Kemal Ataturkstraat","operator":"","osm_id":"node/642383370"}},{"type":"Feature","geometry":{"type":"Point","coordinates":[5.142791,52.106541]},"properties":{"category":"bus_halte","name":"Kemal Ataturkstraat","operator":"","osm_id":"node/642383374"}},{"type":"Feature","geometry":{"type":"Point","coordinates":[5.145225,52.108693]},"properties":{"category":"bus_halte","name":"Simón Bolivarstraat","operator":"","osm_id":"node/642383377"}},{"type":"Feature","geometry":{"type":"Point","coordinates":[5.145012,52.1086]},"properties":{"category":"bus_halte","name":"Simón Bolivarstraat","operator":"","osm_id":"node/642383381"}},{"type":"Feature","geometry":{"type":"Point","coordinates":[5.145364,52.110515]},"properties":{"category":"bus_halte","name":"Pedro Luis Briónstraat","operator":"","osm_id":"node/642383383"}},{"type":"Feature","geometry":{"type":"Point","coordinates":[5.14539,52.110914]},"properties":{"category":"bus_halte","name":"Pedro Luis Briónstraat","operator":"","osm_id":"node/642383387"}},{"type":"Feature","geometry":{"type":"Point","coordinates":[5.145601,52.112637]},"properties":{"category":"bus_halte","name":"David Ben Goerionstraat","operator":"","osm_id":"node/642383390"}},{"type":"Feature","geometry":{"type":"Point","coordinates":[5.084145,52.116814]},"properties":{"category":"bus_halte","name":"J.M. de Muinck Keizerlaan","operator":"","osm_id":"node/642435321"}},{"type":"Feature","geometry":{"type":"Point","coordinates":[5.086064,52.125074]},"properties":{"category":"bus_halte","name":"Oregondreef","operator":"","osm_id":"node/642435324"}},{"type":"Feature","geometry":{"type":"Point","coordinates":[5.085065,52.12587]},"properties":{"category":"bus_halte","name":"Oregondreef","operator":"","osm_id":"node/642435325"}},{"type":"Feature","geometry":{"type":"Point","coordinates":[5.085316,52.127894]},"properties":{"category":"bus_halte","name":"Hudsondreef","operator":"","osm_id":"node/642435326"}},{"type":"Feature","geometry":{"type":"Point","coordinates":[5.085033,52.12784]},"properties":{"category":"bus_halte","name":"Hudsondreef","operator":"","osm_id":"node/642435327"}},{"type":"Feature","geometry":{"type":"Point","coordinates":[5.087288,52.123249]},"properties":{"category":"bus_halte","name":"Vechtsebanen","operator":"","osm_id":"node/642435329"}},{"type":"Feature","geometry":{"type":"Point","coordinates":[5.089328,52.122389]},"properties":{"category":"bus_halte","name":"Franciscusdreef","operator":"","osm_id":"node/642435332"}},{"type":"Feature","geometry":{"type":"Point","coordinates":[5.09627,52.120678]},"properties":{"category":"bus_halte","name":"Orinocodreef","operator":"","osm_id":"node/642435334"}},{"type":"Feature","geometry":{"type":"Point","coordinates":[5.096452,52.120727]},"properties":{"category":"bus_halte","name":"Orinocodreef","operator":"","osm_id":"node/642435336"}},{"type":"Feature","geometry":{"type":"Point","coordinates":[5.097062,52.123114]},"properties":{"category":"bus_halte","name":"Sint Maartendreef","operator":"","osm_id":"node/642435338"}},{"type":"Feature","geometry":{"type":"Point","coordinates":[5.096876,52.123241]},"properties":{"category":"bus_halte","name":"Sint Maartendreef","operator":"","osm_id":"node/642435344"}},{"type":"Feature","geometry":{"type":"Point","coordinates":[5.091807,52.125548]},"properties":{"category":"bus_halte","name":"Nebraskadreef","operator":"","osm_id":"node/642435346"}},{"type":"Feature","geometry":{"type":"Point","coordinates":[5.091817,52.125401]},"properties":{"category":"bus_halte","name":"Nebraskadreef","operator":"","osm_id":"node/642435348"}},{"type":"Feature","geometry":{"type":"Point","coordinates":[5.08777,52.127874]},"properties":{"category":"bus_halte","name":"Arizonadreef","operator":"","osm_id":"node/642435350"}},{"type":"Feature","geometry":{"type":"Point","coordinates":[5.088165,52.127776]},"properties":{"category":"bus_halte","name":"Arizonadreef","operator":"","osm_id":"node/642435352"}},{"type":"Feature","geometry":{"type":"Point","coordinates":[5.117037,52.060351]},"properties":{"category":"bus_halte","name":"Kastelenplantsoen","operator":"","osm_id":"node/642435355"}},{"type":"Feature","geometry":{"type":"Point","coordinates":[5.117867,52.060961]},"properties":{"category":"bus_halte","name":"Kastelenplantsoen","operator":"","osm_id":"node/642435358"}},{"type":"Feature","geometry":{"type":"Point","coordinates":[5.118594,52.063615]},"properties":{"category":"bus_halte","name":"Karperstraat","operator":"","osm_id":"node/642435359"}},{"type":"Feature","geometry":{"type":"Point","coordinates":[5.118312,52.063324]},"properties":{"category":"bus_halte","name":"Karperstraat","operator":"","osm_id":"node/642435361"}},{"type":"Feature","geometry":{"type":"Point","coordinates":[5.119879,52.066721]},"properties":{"category":"bus_halte","name":"Constant Erzeijstraat","operator":"","osm_id":"node/642435363"}},{"type":"Feature","geometry":{"type":"Point","coordinates":[5.121265,52.069517]},"properties":{"category":"bus_halte","name":"Rijnhuizenlaan","operator":"","osm_id":"node/642435365"}},{"type":"Feature","geometry":{"type":"Point","coordinates":[5.120851,52.068972]},"properties":{"category":"bus_halte","name":"Rijnhuizenlaan","operator":"","osm_id":"node/642435367"}},{"type":"Feature","geometry":{"type":"Point","coordinates":[5.122266,52.071718]},"properties":{"category":"bus_halte","name":"Aquamarijnlaan","operator":"","osm_id":"node/642435369"}},{"type":"Feature","geometry":{"type":"Point","coordinates":[5.122473,52.072629]},"properties":{"category":"bus_halte","name":"Aquamarijnlaan","operator":"","osm_id":"node/642435371"}},{"type":"Feature","geometry":{"type":"Point","coordinates":[5.123245,52.075394]},"properties":{"category":"bus_halte","name":"Tolsteegplantsoen","operator":"","osm_id":"node/642435378"}},{"type":"Feature","geometry":{"type":"Point","coordinates":[5.123096,52.075854]},"properties":{"category":"bus_halte","name":"Tolsteegplantsoen","operator":"","osm_id":"node/642435379"}},{"type":"Feature","geometry":{"type":"Point","coordinates":[5.105645,52.10293]},"properties":{"category":"bus_halte","name":"Nijenoord","operator":"","osm_id":"node/642435382"}},{"type":"Feature","geometry":{"type":"Point","coordinates":[5.105644,52.103209]},"properties":{"category":"bus_halte","name":"Nijenoord","operator":"","osm_id":"node/642435385"}},{"type":"Feature","geometry":{"type":"Point","coordinates":[5.10683,52.106051]},"properties":{"category":"bus_halte","name":"Anton Geesinkstraat","operator":"","osm_id":"node/642435386"}},{"type":"Feature","geometry":{"type":"Point","coordinates":[5.106075,52.105731]},"properties":{"category":"bus_halte","name":"Anton Geesinkstraat","operator":"","osm_id":"node/642435389"}},{"type":"Feature","geometry":{"type":"Point","coordinates":[5.108764,52.100658]},"properties":{"category":"bus_halte","name":"David van Mollemstraat","operator":"","osm_id":"node/642435391"}},{"type":"Feature","geometry":{"type":"Point","coordinates":[5.11042,52.107976]},"properties":{"category":"bus_halte","name":"Loevenhoutsedijk","operator":"","osm_id":"node/642435393"}},{"type":"Feature","geometry":{"type":"Point","coordinates":[5.110656,52.107948]},"properties":{"category":"bus_halte","name":"Loevenhoutsedijk","operator":"","osm_id":"node/642435395"}},{"type":"Feature","geometry":{"type":"Point","coordinates":[5.098373,52.118074]},"properties":{"category":"bus_halte","name":"Bogotádreef","operator":"","osm_id":"node/642435396"}},{"type":"Feature","geometry":{"type":"Point","coordinates":[5.098319,52.118207]},"properties":{"category":"bus_halte","name":"Bogotádreef","operator":"","osm_id":"node/642435398"}},{"type":"Feature","geometry":{"type":"Point","coordinates":[5.10201,52.118499]},"properties":{"category":"bus_halte","name":"Amazonedreef","operator":"","osm_id":"node/642435400"}},{"type":"Feature","geometry":{"type":"Point","coordinates":[5.102276,52.118005]},"properties":{"category":"bus_halte","name":"Amazonedreef","operator":"","osm_id":"node/642435402"}},{"type":"Feature","geometry":{"type":"Point","coordinates":[5.11376,52.109157]},"properties":{"category":"bus_halte","name":"Brailledreef","operator":"","osm_id":"node/642435406"}},{"type":"Feature","geometry":{"type":"Point","coordinates":[5.11417,52.109215]},"properties":{"category":"bus_halte","name":"Brailledreef","operator":"","osm_id":"node/642435408"}},{"type":"Feature","geometry":{"type":"Point","coordinates":[5.11566,52.110669]},"properties":{"category":"bus_halte","name":"Taagdreef","operator":"","osm_id":"node/642435413"}},{"type":"Feature","geometry":{"type":"Point","coordinates":[5.115646,52.110209]},"properties":{"category":"bus_halte","name":"Taagdreef","operator":"","osm_id":"node/642435415"}},{"type":"Feature","geometry":{"type":"Point","coordinates":[5.113808,52.118356]},"properties":{"category":"bus_halte","name":"Humberdreef","operator":"","osm_id":"node/642451322"}},{"type":"Feature","geometry":{"type":"Point","coordinates":[5.114481,52.118088]},"properties":{"category":"bus_halte","name":"Humberdreef","operator":"","osm_id":"node/642451325"}},{"type":"Feature","geometry":{"type":"Point","coordinates":[5.100828,52.124452]},"properties":{"category":"bus_halte","name":"Ammandreef","operator":"","osm_id":"node/642451328"}},{"type":"Feature","geometry":{"type":"Point","coordinates":[5.100759,52.124526]},"properties":{"category":"bus_halte","name":"Ammandreef","operator":"","osm_id":"node/642451331"}},{"type":"Feature","geometry":{"type":"Point","coordinates":[5.105366,52.125706]},"properties":{"category":"bus_halte","name":"Pekingdreef","operator":"","osm_id":"node/642451334"}},{"type":"Feature","geometry":{"type":"Point","coordinates":[5.10478,52.126073]},"properties":{"category":"bus_halte","name":"Pekingdreef","operator":"","osm_id":"node/642451337"}},{"type":"Feature","geometry":{"type":"Point","coordinates":[5.111443,52.119596]},"properties":{"category":"bus_halte","name":"Oranjerivierdreef","operator":"","osm_id":"node/642451338"}},{"type":"Feature","geometry":{"type":"Point","coordinates":[5.111335,52.119715]},"properties":{"category":"bus_halte","name":"Oranjerivierdreef","operator":"","osm_id":"node/642451339"}},{"type":"Feature","geometry":{"type":"Point","coordinates":[5.108923,52.124285]},"properties":{"category":"bus_halte","name":"Maniladreef","operator":"","osm_id":"node/642451340"}},{"type":"Feature","geometry":{"type":"Point","coordinates":[5.109052,52.12413]},"properties":{"category":"bus_halte","name":"Maniladreef","operator":"","osm_id":"node/642451342"}},{"type":"Feature","geometry":{"type":"Point","coordinates":[5.112238,52.122079]},"properties":{"category":"bus_halte","name":"Nijldreef","operator":"","osm_id":"node/642451344"}},{"type":"Feature","geometry":{"type":"Point","coordinates":[5.112292,52.122368]},"properties":{"category":"bus_halte","name":"Nijldreef","operator":"","osm_id":"node/642451347"}},{"type":"Feature","geometry":{"type":"Point","coordinates":[5.111404,52.115111]},"properties":{"category":"bus_halte","name":"Winkelcentrum Overvecht","operator":"","osm_id":"node/642960223"}},{"type":"Feature","geometry":{"type":"Point","coordinates":[5.111105,52.1156]},"properties":{"category":"bus_halte","name":"Winkelcentrum Overvecht","operator":"","osm_id":"node/642960224"}},{"type":"Feature","geometry":{"type":"Point","coordinates":[5.136161,52.058651]},"properties":{"category":"bus_halte","name":"De Koppel","operator":"","osm_id":"node/642971069"}},{"type":"Feature","geometry":{"type":"Point","coordinates":[5.132034,52.059517]},"properties":{"category":"bus_halte","name":"Simplonbaan","operator":"","osm_id":"node/642971071"}},{"type":"Feature","geometry":{"type":"Point","coordinates":[5.138264,52.060581]},"properties":{"category":"bus_halte","name":"Sleeswijk","operator":"","osm_id":"node/642971072"}},{"type":"Feature","geometry":{"type":"Point","coordinates":[5.129094,52.07193]},"properties":{"category":"bus_halte","name":"Robijnlaan","operator":"","osm_id":"node/642971074"}},{"type":"Feature","geometry":{"type":"Point","coordinates":[5.12558,52.072855]},"properties":{"category":"bus_halte","name":"Smaragdplein","operator":"","osm_id":"node/642971082"}},{"type":"Feature","geometry":{"type":"Point","coordinates":[5.126289,52.072734]},"properties":{"category":"bus_halte","name":"Smaragdplein","operator":"","osm_id":"node/642971085"}},{"type":"Feature","geometry":{"type":"Point","coordinates":[5.129283,52.072537]},"properties":{"category":"bus_halte","name":"Robijnlaan","operator":"","osm_id":"node/642971087"}},{"type":"Feature","geometry":{"type":"Point","coordinates":[5.130801,52.067782]},"properties":{"category":"bus_halte","name":"Brennerbrug","operator":"","osm_id":"node/642971089"}},{"type":"Feature","geometry":{"type":"Point","coordinates":[5.130763,52.067641]},"properties":{"category":"bus_halte","name":"Brennerbrug","operator":"","osm_id":"node/642971090"}},{"type":"Feature","geometry":{"type":"Point","coordinates":[5.126375,52.095298]},"properties":{"category":"bus_halte","name":"Wittevrouwenbrug","operator":"","osm_id":"node/642971094"}},{"type":"Feature","geometry":{"type":"Point","coordinates":[5.126544,52.095348]},"properties":{"category":"bus_halte","name":"Wittevrouwenbrug","operator":"","osm_id":"node/642971097"}},{"type":"Feature","geometry":{"type":"Point","coordinates":[5.12841,52.098109]},"properties":{"category":"bus_halte","name":"Kleinesingel","operator":"","osm_id":"node/642971099"}},{"type":"Feature","geometry":{"type":"Point","coordinates":[5.128305,52.098181]},"properties":{"category":"bus_halte","name":"Kleinesingel","operator":"","osm_id":"node/642971102"}},{"type":"Feature","geometry":{"type":"Point","coordinates":[5.136248,52.104117]},"properties":{"category":"bus_halte","name":"Hijmans van den Berghlaan","operator":"","osm_id":"node/642971110"}},{"type":"Feature","geometry":{"type":"Point","coordinates":[5.004734,52.090704]},"properties":{"category":"bus_halte","name":"Veldhuizerweg","operator":"","osm_id":"node/643040218"}},{"type":"Feature","geometry":{"type":"Point","coordinates":[5.005606,52.091371]},"properties":{"category":"bus_halte","name":"Veldhuizerweg","operator":"","osm_id":"node/643040223"}},{"type":"Feature","geometry":{"type":"Point","coordinates":[4.999647,52.093562]},"properties":{"category":"bus_halte","name":"Rivierkom Zuid","operator":"","osm_id":"node/643040226"}},{"type":"Feature","geometry":{"type":"Point","coordinates":[4.999819,52.095674]},"properties":{"category":"bus_halte","name":"Rivierkom Zuid","operator":"","osm_id":"node/643040229"}},{"type":"Feature","geometry":{"type":"Point","coordinates":[5.00908,52.096927]},"properties":{"category":"bus_halte","name":"Eyckenstein","operator":"","osm_id":"node/643040231"}},{"type":"Feature","geometry":{"type":"Point","coordinates":[5.009579,52.096461]},"properties":{"category":"bus_halte","name":"Eyckenstein","operator":"","osm_id":"node/643040235"}},{"type":"Feature","geometry":{"type":"Point","coordinates":[5.049105,52.072286]},"properties":{"category":"bus_halte","name":"Veldzigt-Zuid","operator":"","osm_id":"node/643040238"}},{"type":"Feature","geometry":{"type":"Point","coordinates":[5.05168,52.071925]},"properties":{"category":"bus_halte","name":"Rijnzathe","operator":"","osm_id":"node/643040242"}},{"type":"Feature","geometry":{"type":"Point","coordinates":[5.052019,52.07172]},"properties":{"category":"bus_halte","name":"Rijnzathe","operator":"","osm_id":"node/643040246"}},{"type":"Feature","geometry":{"type":"Point","coordinates":[5.0487,52.072718]},"properties":{"category":"bus_halte","name":"Veldzigt Zuid","operator":"","osm_id":"node/643040249"}},{"type":"Feature","geometry":{"type":"Point","coordinates":[5.078658,52.071408]},"properties":{"category":"bus_halte","name":"Papendorp-Noord P+R","operator":"","osm_id":"node/643040253"}},{"type":"Feature","geometry":{"type":"Point","coordinates":[5.013295,52.083999]},"properties":{"category":"bus_halte","name":"Veldhuizen","operator":"","osm_id":"node/643040257"}},{"type":"Feature","geometry":{"type":"Point","coordinates":[5.024194,52.084912]},"properties":{"category":"bus_halte","name":"De Balije","operator":"","osm_id":"node/643040267"}},{"type":"Feature","geometry":{"type":"Point","coordinates":[5.024662,52.084789]},"properties":{"category":"bus_halte","name":"De Balije","operator":"","osm_id":"node/643040270"}},{"type":"Feature","geometry":{"type":"Point","coordinates":[5.030628,52.083848]},"properties":{"category":"bus_halte","name":"Boekbinderslaan","operator":"","osm_id":"node/643040274"}},{"type":"Feature","geometry":{"type":"Point","coordinates":[5.031012,52.083669]},"properties":{"category":"bus_halte","name":"Boekbinderslaan","operator":"","osm_id":"node/643040291"}},{"type":"Feature","geometry":{"type":"Point","coordinates":[5.013492,52.08958]},"properties":{"category":"bus_halte","name":"De Tuinlanden","operator":"","osm_id":"node/643040294"}},{"type":"Feature","geometry":{"type":"Point","coordinates":[5.01333,52.089606]},"properties":{"category":"bus_halte","name":"De Tuinlanden","operator":"","osm_id":"node/643040296"}},{"type":"Feature","geometry":{"type":"Point","coordinates":[5.012181,52.094791]},"properties":{"category":"bus_halte","name":"Vleuterweide-Centrum","operator":"","osm_id":"node/643040299"}},{"type":"Feature","geometry":{"type":"Point","coordinates":[5.012107,52.094747]},"properties":{"category":"bus_halte","name":"Vleuterweide-Centrum","operator":"","osm_id":"node/643040301"}},{"type":"Feature","geometry":{"type":"Point","coordinates":[5.037281,52.082746]},"properties":{"category":"bus_halte","name":"Meernbrug","operator":"","osm_id":"node/643040303"}},{"type":"Feature","geometry":{"type":"Point","coordinates":[5.037696,52.082595]},"properties":{"category":"bus_halte","name":"Meernbrug","operator":"","osm_id":"node/643040307"}},{"type":"Feature","geometry":{"type":"Point","coordinates":[5.050142,52.07588]},"properties":{"category":"bus_halte","name":"Naamrijk","operator":"","osm_id":"node/643040310"}},{"type":"Feature","geometry":{"type":"Point","coordinates":[5.050315,52.075888]},"properties":{"category":"bus_halte","name":"Naamrijk","operator":"","osm_id":"node/643040313"}},{"type":"Feature","geometry":{"type":"Point","coordinates":[5.051098,52.079509]},"properties":{"category":"bus_halte","name":"Molensteijn","operator":"","osm_id":"node/643040316"}},{"type":"Feature","geometry":{"type":"Point","coordinates":[5.051086,52.079194]},"properties":{"category":"bus_halte","name":"Molensteijn","operator":"","osm_id":"node/643040320"}},{"type":"Feature","geometry":{"type":"Point","coordinates":[5.05242,52.086101]},"properties":{"category":"bus_halte","name":"Kreekraklaan","operator":"","osm_id":"node/643040323"}},{"type":"Feature","geometry":{"type":"Point","coordinates":[5.044291,52.09169]},"properties":{"category":"bus_halte","name":"Tweede Westerparklaan","operator":"","osm_id":"node/643040325"}},{"type":"Feature","geometry":{"type":"Point","coordinates":[5.044296,52.09097]},"properties":{"category":"bus_halte","name":"Tweede Westerparklaan","operator":"","osm_id":"node/643040329"}},{"type":"Feature","geometry":{"type":"Point","coordinates":[5.052235,52.086257]},"properties":{"category":"bus_halte","name":"Kreekraklaan","operator":"","osm_id":"node/643040331"}},{"type":"Feature","geometry":{"type":"Point","coordinates":[5.050869,52.088185]},"properties":{"category":"bus_halte","name":"Eerste Westerparklaan","operator":"","osm_id":"node/643040333"}},{"type":"Feature","geometry":{"type":"Point","coordinates":[5.051309,52.102125]},"properties":{"category":"bus_halte","name":"Duke Ellingtonstraat","operator":"","osm_id":"node/643040341"}},{"type":"Feature","geometry":{"type":"Point","coordinates":[5.051449,52.102017]},"properties":{"category":"bus_halte","name":"Duke Ellingtonstraat","operator":"","osm_id":"node/643040343"}},{"type":"Feature","geometry":{"type":"Point","coordinates":[5.044553,52.106772]},"properties":{"category":"bus_halte","name":"Musicalkade","operator":"U-OV","osm_id":"node/643040344"}},{"type":"Feature","geometry":{"type":"Point","coordinates":[5.044007,52.105418]},"properties":{"category":"bus_halte","name":"Musicalkade","operator":"","osm_id":"node/643040346"}},{"type":"Feature","geometry":{"type":"Point","coordinates":[5.042165,52.110035]},"properties":{"category":"bus_halte","name":"Walter Kollolaan","operator":"","osm_id":"node/643040355"}},{"type":"Feature","geometry":{"type":"Point","coordinates":[5.041877,52.110015]},"properties":{"category":"bus_halte","name":"Walter Kollolaan","operator":"","osm_id":"node/643040358"}},{"type":"Feature","geometry":{"type":"Point","coordinates":[5.04082,52.112566]},"properties":{"category":"bus_halte","name":"Rioolwaterzuivering","operator":"","osm_id":"node/643040360"}},{"type":"Feature","geometry":{"type":"Point","coordinates":[5.056994,52.085813]},"properties":{"category":"bus_halte","name":"Klifrakplantsoen","operator":"","osm_id":"node/643040370"}},{"type":"Feature","geometry":{"type":"Point","coordinates":[5.059888,52.085782]},"properties":{"category":"bus_halte","name":"Klifrakplantsoen","operator":"","osm_id":"node/643040373"}},{"type":"Feature","geometry":{"type":"Point","coordinates":[5.065668,52.085698]},"properties":{"category":"bus_halte","name":"Archeologiepark","operator":"","osm_id":"node/643040375"}},{"type":"Feature","geometry":{"type":"Point","coordinates":[5.065759,52.08559]},"properties":{"category":"bus_halte","name":"Archeologiepark","operator":"","osm_id":"node/643040378"}},{"type":"Feature","geometry":{"type":"Point","coordinates":[5.061718,52.091755]},"properties":{"category":"bus_halte","name":"Korianderstraat","operator":"","osm_id":"node/643040382"}},{"type":"Feature","geometry":{"type":"Point","coordinates":[5.062254,52.091865]},"properties":{"category":"bus_halte","name":"Korianderstraat","operator":"","osm_id":"node/643040385"}},{"type":"Feature","geometry":{"type":"Point","coordinates":[5.057945,52.101639]},"properties":{"category":"bus_halte","name":"Jazzsingel/Antonius Zkh","operator":"","osm_id":"node/643040400"}},{"type":"Feature","geometry":{"type":"Point","coordinates":[5.058407,52.10169]},"properties":{"category":"bus_halte","name":"Jazzsingel/Antonius Zkh","operator":"","osm_id":"node/643040404"}},{"type":"Feature","geometry":{"type":"Point","coordinates":[5.059908,52.102669]},"properties":{"category":"bus_halte","name":"Soestwetering/Antonius Ziekenhuis","operator":"","osm_id":"node/643040407"}},{"type":"Feature","geometry":{"type":"Point","coordinates":[5.05884,52.103491]},"properties":{"category":"bus_halte","name":"Soestwetering/Antonius Ziekenhuis","operator":"","osm_id":"node/643040417"}},{"type":"Feature","geometry":{"type":"Point","coordinates":[5.093841,52.106168]},"properties":{"category":"bus_halte","name":"Marnixlaan","operator":"","osm_id":"node/643040426"}},{"type":"Feature","geometry":{"type":"Point","coordinates":[5.093046,52.105891]},"properties":{"category":"bus_halte","name":"Marnixlaan","operator":"","osm_id":"node/643040429"}},{"type":"Feature","geometry":{"type":"Point","coordinates":[5.093322,52.10986]},"properties":{"category":"bus_halte","name":"Burg. Van Tuyllkade","operator":"","osm_id":"node/643040433"}},{"type":"Feature","geometry":{"type":"Point","coordinates":[5.093047,52.110029]},"properties":{"category":"bus_halte","name":"Burg. Van Tuyllkade","operator":"","osm_id":"node/643040436"}},{"type":"Feature","geometry":{"type":"Point","coordinates":[5.097139,52.109245]},"properties":{"category":"bus_halte","name":"Van Hoornekade","operator":"","osm_id":"node/643040439"}},{"type":"Feature","geometry":{"type":"Point","coordinates":[5.093753,52.112942]},"properties":{"category":"bus_halte","name":"Pionstraat","operator":"","osm_id":"node/643040442"}},{"type":"Feature","geometry":{"type":"Point","coordinates":[5.093825,52.113059]},"properties":{"category":"bus_halte","name":"Pionstraat","operator":"","osm_id":"node/643040446"}},{"type":"Feature","geometry":{"type":"Point","coordinates":[5.090634,52.114748]},"properties":{"category":"bus_halte","name":"De Dame","operator":"","osm_id":"node/643040455"}},{"type":"Feature","geometry":{"type":"Point","coordinates":[5.088657,52.117102]},"properties":{"category":"bus_halte","name":"Prinses Irenelaan","operator":"","osm_id":"node/643040457"}},{"type":"Feature","geometry":{"type":"Point","coordinates":[5.114606,52.077921]},"properties":{"category":"bus_halte","name":"Balijelaan","operator":"","osm_id":"node/643040458"}},{"type":"Feature","geometry":{"type":"Point","coordinates":[5.102705,52.106502]},"properties":{"category":"bus_halte","name":"Ondiep","operator":"","osm_id":"node/643040468"}},{"type":"Feature","geometry":{"type":"Point","coordinates":[5.10186,52.106951]},"properties":{"category":"bus_halte","name":"Ondiep","operator":"","osm_id":"node/643040470"}},{"type":"Feature","geometry":{"type":"Point","coordinates":[5.098777,52.108311]},"properties":{"category":"bus_halte","name":"Van Hoornekade","operator":"","osm_id":"node/643040475"}},{"type":"Feature","geometry":{"type":"Point","coordinates":[5.099051,52.109459]},"properties":{"category":"bus_halte","name":"Van Hoornekade","operator":"","osm_id":"node/643040477"}},{"type":"Feature","geometry":{"type":"Point","coordinates":[5.096705,52.108335]},"properties":{"category":"bus_halte","name":"Van Hoornekade","operator":"","osm_id":"node/643040479"}},{"type":"Feature","geometry":{"type":"Point","coordinates":[5.106604,52.11699]},"properties":{"category":"bus_halte","name":"Kaap Hoorndreef","operator":"","osm_id":"node/643040481"}},{"type":"Feature","geometry":{"type":"Point","coordinates":[5.129765,52.102111]},"properties":{"category":"bus_halte","name":"Eykmanplein","operator":"","osm_id":"node/643040483"}},{"type":"Feature","geometry":{"type":"Point","coordinates":[5.129866,52.102024]},"properties":{"category":"bus_halte","name":"Eykmanplein","operator":"","osm_id":"node/643040485"}},{"type":"Feature","geometry":{"type":"Point","coordinates":[5.125889,52.104721]},"properties":{"category":"bus_halte","name":"Juliusstraat","operator":"","osm_id":"node/643040486"}},{"type":"Feature","geometry":{"type":"Point","coordinates":[5.126958,52.104157]},"properties":{"category":"bus_halte","name":"Juliusstraat","operator":"","osm_id":"node/643040488"}},{"type":"Feature","geometry":{"type":"Point","coordinates":[5.072291,52.121443]},"properties":{"category":"bus_halte","name":"Jan van Zutphenlaan","operator":"","osm_id":"node/643224884"}},{"type":"Feature","geometry":{"type":"Point","coordinates":[5.073698,52.120719]},"properties":{"category":"bus_halte","name":"Jan van Zutphenlaan","operator":"","osm_id":"node/643224893"}},{"type":"Feature","geometry":{"type":"Point","coordinates":[5.14376,52.079059]},"properties":{"category":"bus_halte","name":"Herculesplein/Stadion","operator":"","osm_id":"node/643224912"}},{"type":"Feature","geometry":{"type":"Point","coordinates":[5.051801,52.116008]},"properties":{"category":"bus_halte","name":"Otto Hahnweg","operator":"","osm_id":"node/644036075"}},{"type":"Feature","geometry":{"type":"Point","coordinates":[5.051295,52.116314]},"properties":{"category":"bus_halte","name":"Otto Hahnweg","operator":"","osm_id":"node/644036080"}},{"type":"Feature","geometry":{"type":"Point","coordinates":[5.041599,52.125177]},"properties":{"category":"bus_halte","name":"Computerweg","operator":"","osm_id":"node/644036096"}},{"type":"Feature","geometry":{"type":"Point","coordinates":[5.041848,52.125133]},"properties":{"category":"bus_halte","name":"Computerweg","operator":"","osm_id":"node/644036098"}},{"type":"Feature","geometry":{"type":"Point","coordinates":[5.045939,52.121958]},"properties":{"category":"bus_halte","name":"Ambachtsweg","operator":"","osm_id":"node/644036101"}},{"type":"Feature","geometry":{"type":"Point","coordinates":[5.044927,52.122601]},"properties":{"category":"bus_halte","name":"Ambachtsweg","operator":"","osm_id":"node/644036103"}},{"type":"Feature","geometry":{"type":"Point","coordinates":[5.094485,52.125949]},"properties":{"category":"bus_halte","name":"Daelwijck","operator":"","osm_id":"node/644036136"}},{"type":"Feature","geometry":{"type":"Point","coordinates":[5.095957,52.126483]},"properties":{"category":"bus_halte","name":"Daelwijck","operator":"","osm_id":"node/644036139"}},{"type":"Feature","geometry":{"type":"Point","coordinates":[5.106525,52.117907]},"properties":{"category":"bus_halte","name":"Carnegiedreef","operator":"","osm_id":"node/644036251"}},{"type":"Feature","geometry":{"type":"Point","coordinates":[5.106237,52.118536]},"properties":{"category":"bus_halte","name":"Carnegiedreef","operator":"","osm_id":"node/644036255"}},{"type":"Feature","geometry":{"type":"Point","coordinates":[5.136903,52.102529]},"properties":{"category":"bus_halte","name":"Van Everdingenlaan","operator":"","osm_id":"node/644036261"}},{"type":"Feature","geometry":{"type":"Point","coordinates":[5.135122,52.102888]},"properties":{"category":"bus_halte","name":"Van Everdingenlaan","operator":"","osm_id":"node/644036266"}},{"type":"Feature","geometry":{"type":"Point","coordinates":[5.143465,52.10166]},"properties":{"category":"bus_halte","name":"Sartreweg","operator":"","osm_id":"node/644036275"}},{"type":"Feature","geometry":{"type":"Point","coordinates":[4.997759,52.119018]},"properties":{"category":"bus_halte","name":"Eikslaan","operator":"","osm_id":"node/644752234"}},{"type":"Feature","geometry":{"type":"Point","coordinates":[4.997695,52.11894]},"properties":{"category":"bus_halte","name":"Eikslaan","operator":"","osm_id":"node/644752237"}},{"type":"Feature","geometry":{"type":"Point","coordinates":[5.004094,52.11775]},"properties":{"category":"bus_halte","name":"Joostenlaan","operator":"","osm_id":"node/644752240"}},{"type":"Feature","geometry":{"type":"Point","coordinates":[5.004162,52.117781]},"properties":{"category":"bus_halte","name":"Joostenlaan","operator":"","osm_id":"node/644752243"}},{"type":"Feature","geometry":{"type":"Point","coordinates":[5.008934,52.11634]},"properties":{"category":"bus_halte","name":"Thematerweg","operator":"","osm_id":"node/644752246"}},{"type":"Feature","geometry":{"type":"Point","coordinates":[5.009008,52.116179]},"properties":{"category":"bus_halte","name":"Thematerweg","operator":"","osm_id":"node/644752249"}},{"type":"Feature","geometry":{"type":"Point","coordinates":[5.029378,52.088433]},"properties":{"category":"bus_halte","name":"Noorderbreedte","operator":"","osm_id":"node/644752272"}},{"type":"Feature","geometry":{"type":"Point","coordinates":[5.013713,52.103587]},"properties":{"category":"bus_halte","name":"Bottensteinweg","operator":"","osm_id":"node/644752286"}},{"type":"Feature","geometry":{"type":"Point","coordinates":[5.013898,52.103591]},"properties":{"category":"bus_halte","name":"Bottensteinweg","operator":"","osm_id":"node/644752289"}},{"type":"Feature","geometry":{"type":"Point","coordinates":[5.011976,52.10712]},"properties":{"category":"bus_halte","name":"Dorpsstraat","operator":"","osm_id":"node/644752292"}},{"type":"Feature","geometry":{"type":"Point","coordinates":[5.012127,52.107107]},"properties":{"category":"bus_halte","name":"Dorpsstraat","operator":"","osm_id":"node/644752295"}},{"type":"Feature","geometry":{"type":"Point","coordinates":[5.01365,52.105945]},"properties":{"category":"bus_halte","name":"Albert Schweitzerlaan","operator":"","osm_id":"node/644752297"}},{"type":"Feature","geometry":{"type":"Point","coordinates":[5.013722,52.105692]},"properties":{"category":"bus_halte","name":"Albert Schweitzerlaan","operator":"","osm_id":"node/644752300"}},{"type":"Feature","geometry":{"type":"Point","coordinates":[5.017649,52.10436]},"properties":{"category":"bus_halte","name":"Alenveltpark","operator":"","osm_id":"node/644752302"}},{"type":"Feature","geometry":{"type":"Point","coordinates":[5.017749,52.104315]},"properties":{"category":"bus_halte","name":"Alenveltpark","operator":"","osm_id":"node/644752304"}},{"type":"Feature","geometry":{"type":"Point","coordinates":[5.024505,52.106306]},"properties":{"category":"bus_halte","name":"De Reit","operator":"","osm_id":"node/644752305"}},{"type":"Feature","geometry":{"type":"Point","coordinates":[5.02145,52.108376]},"properties":{"category":"bus_halte","name":"Heinsmaat","operator":"","osm_id":"node/644752307"}},{"type":"Feature","geometry":{"type":"Point","coordinates":[5.013177,52.108906]},"properties":{"category":"bus_halte","name":"Henri Dunantlaan","operator":"","osm_id":"node/644752308"}},{"type":"Feature","geometry":{"type":"Point","coordinates":[5.013847,52.110217]},"properties":{"category":"bus_halte","name":"Henri Dunantlaan","operator":"","osm_id":"node/644752309"}},{"type":"Feature","geometry":{"type":"Point","coordinates":[5.014814,52.113321]},"properties":{"category":"bus_halte","name":"Rubenslaan","operator":"","osm_id":"node/644752310"}},{"type":"Feature","geometry":{"type":"Point","coordinates":[5.014855,52.113071]},"properties":{"category":"bus_halte","name":"Rubenslaan","operator":"","osm_id":"node/644752311"}},{"type":"Feature","geometry":{"type":"Point","coordinates":[5.022144,52.110195]},"properties":{"category":"bus_halte","name":"Vrijthof","operator":"","osm_id":"node/644752312"}},{"type":"Feature","geometry":{"type":"Point","coordinates":[5.022118,52.110283]},"properties":{"category":"bus_halte","name":"Vrijthof","operator":"","osm_id":"node/644752314"}},{"type":"Feature","geometry":{"type":"Point","coordinates":[4.985069,52.132352]},"properties":{"category":"bus_halte","name":"De Bom","operator":"","osm_id":"node/644752319"}},{"type":"Feature","geometry":{"type":"Point","coordinates":[4.985178,52.132343]},"properties":{"category":"bus_halte","name":"De Bom","operator":"","osm_id":"node/644752321"}},{"type":"Feature","geometry":{"type":"Point","coordinates":[4.998188,52.120576]},"properties":{"category":"bus_halte","name":"Brink","operator":"","osm_id":"node/644752327"}},{"type":"Feature","geometry":{"type":"Point","coordinates":[4.997679,52.120849]},"properties":{"category":"bus_halte","name":"Brink","operator":"","osm_id":"node/644752328"}},{"type":"Feature","geometry":{"type":"Point","coordinates":[4.998884,52.123576]},"properties":{"category":"bus_halte","name":"Ockhuizerweg","operator":"","osm_id":"node/644752329"}},{"type":"Feature","geometry":{"type":"Point","coordinates":[4.998707,52.123581]},"properties":{"category":"bus_halte","name":"Ockhuizerweg","operator":"","osm_id":"node/644752330"}},{"type":"Feature","geometry":{"type":"Point","coordinates":[4.993865,52.127732]},"properties":{"category":"bus_halte","name":"Polderweg","operator":"","osm_id":"node/644752331"}},{"type":"Feature","geometry":{"type":"Point","coordinates":[4.993804,52.127697]},"properties":{"category":"bus_halte","name":"Polderweg","operator":"","osm_id":"node/644752332"}},{"type":"Feature","geometry":{"type":"Point","coordinates":[5.148424,52.071966]},"properties":{"category":"bus_halte","name":"Koningsweg A27","operator":"","osm_id":"node/645013699"}},{"type":"Feature","geometry":{"type":"Point","coordinates":[5.148882,52.071803]},"properties":{"category":"bus_halte","name":"Koningsweg A27","operator":"","osm_id":"node/645013701"}},{"type":"Feature","geometry":{"type":"Point","coordinates":[5.149425,52.075549]},"properties":{"category":"bus_halte","name":"Laan van Maarschalkerweerd","operator":"","osm_id":"node/645013703"}},{"type":"Feature","geometry":{"type":"Point","coordinates":[5.14963,52.075705]},"properties":{"category":"bus_halte","name":"Laan van Maarschalkerweerd","operator":"","osm_id":"node/645013705"}},{"type":"Feature","geometry":{"type":"Point","coordinates":[5.135402,52.114572]},"properties":{"category":"bus_halte","name":"Vulcanusdreef","operator":"","osm_id":"node/646860804"}},{"type":"Feature","geometry":{"type":"Point","coordinates":[5.135511,52.114976]},"properties":{"category":"bus_halte","name":"Vulcanusdreef","operator":"","osm_id":"node/646860809"}},{"type":"Feature","geometry":{"type":"Point","coordinates":[5.14959,52.102953]},"properties":{"category":"bus_halte","name":"Veemarkt","operator":"","osm_id":"node/646860811"}},{"type":"Feature","geometry":{"type":"Point","coordinates":[5.148478,52.102421]},"properties":{"category":"bus_halte","name":"Veemarkt","operator":"","osm_id":"node/646860815"}},{"type":"Feature","geometry":{"type":"Point","coordinates":[5.141229,52.119798]},"properties":{"category":"bus_halte","name":"Zwembad Blauwkapel","operator":"","osm_id":"node/646860858"}},{"type":"Feature","geometry":{"type":"Point","coordinates":[5.072596,52.116639]},"properties":{"category":"bus_halte","name":"Patrimoniumstraat","operator":"","osm_id":"node/650961917"}},{"type":"Feature","geometry":{"type":"Point","coordinates":[5.071819,52.116927]},"properties":{"category":"bus_halte","name":"Patrimoniumstraat","operator":"","osm_id":"node/650961923"}},{"type":"Feature","geometry":{"type":"Point","coordinates":[5.080172,52.112111]},"properties":{"category":"bus_halte","name":"Gezondheidscentrum De Brug","operator":"","osm_id":"node/650961927"}},{"type":"Feature","geometry":{"type":"Point","coordinates":[5.080278,52.112188]},"properties":{"category":"bus_halte","name":"Gezondheidscentrum De Brug","operator":"","osm_id":"node/650961929"}},{"type":"Feature","geometry":{"type":"Point","coordinates":[5.075646,52.11483]},"properties":{"category":"bus_halte","name":"Jacob van Campenstraat","operator":"","osm_id":"node/650961931"}},{"type":"Feature","geometry":{"type":"Point","coordinates":[5.075886,52.114581]},"properties":{"category":"bus_halte","name":"Jacob van Campenstraat","operator":"","osm_id":"node/650961935"}},{"type":"Feature","geometry":{"type":"Point","coordinates":[5.066313,52.120236]},"properties":{"category":"bus_halte","name":"Sportpark Elinkwijk","operator":"","osm_id":"node/650962084"}},{"type":"Feature","geometry":{"type":"Point","coordinates":[5.066348,52.12007]},"properties":{"category":"bus_halte","name":"Sportpark Elinkwijk","operator":"","osm_id":"node/650962088"}},{"type":"Feature","geometry":{"type":"Point","coordinates":[5.005843,52.084349]},"properties":{"category":"bus_halte","name":"Wiericke","operator":"","osm_id":"node/652110264"}},{"type":"Feature","geometry":{"type":"Point","coordinates":[5.005916,52.084254]},"properties":{"category":"bus_halte","name":"Wiericke","operator":"","osm_id":"node/652110266"}},{"type":"Feature","geometry":{"type":"Point","coordinates":[5.028061,52.070456]},"properties":{"category":"bus_halte","name":"Reijerscop","operator":"","osm_id":"node/652110286"}},{"type":"Feature","geometry":{"type":"Point","coordinates":[5.029262,52.071949]},"properties":{"category":"bus_halte","name":"Reijerscop","operator":"Syntus Utrecht","osm_id":"node/652110288"}},{"type":"Feature","geometry":{"type":"Point","coordinates":[5.054776,52.071786]},"properties":{"category":"bus_halte","name":"Strijkviertel Zuid","operator":"","osm_id":"node/652110290"}},{"type":"Feature","geometry":{"type":"Point","coordinates":[5.054549,52.071652]},"properties":{"category":"bus_halte","name":"Strijkviertel Zuid","operator":"","osm_id":"node/652110293"}},{"type":"Feature","geometry":{"type":"Point","coordinates":[5.012823,52.084128]},"properties":{"category":"bus_halte","name":"Veldhuizen","operator":"","osm_id":"node/652110295"}},{"type":"Feature","geometry":{"type":"Point","coordinates":[5.033807,52.077843]},"properties":{"category":"bus_halte","name":"Laan 1954","operator":"","osm_id":"node/652110303"}},{"type":"Feature","geometry":{"type":"Point","coordinates":[5.035008,52.078641]},"properties":{"category":"bus_halte","name":"Laan 1954","operator":"","osm_id":"node/652110306"}},{"type":"Feature","geometry":{"type":"Point","coordinates":[5.057238,52.07652]},"properties":{"category":"bus_halte","name":"Recreatieplas","operator":"","osm_id":"node/652110315"}},{"type":"Feature","geometry":{"type":"Point","coordinates":[5.057211,52.076756]},"properties":{"category":"bus_halte","name":"Recreatieplas","operator":"","osm_id":"node/652110317"}},{"type":"Feature","geometry":{"type":"Point","coordinates":[5.047058,52.086778]},"properties":{"category":"bus_halte","name":"De Woerd","operator":"","osm_id":"node/666902997"}},{"type":"Feature","geometry":{"type":"Point","coordinates":[5.047491,52.085718]},"properties":{"category":"bus_halte","name":"De Woerd","operator":"","osm_id":"node/666902999"}},{"type":"Feature","geometry":{"type":"Point","coordinates":[5.027815,52.118263]},"properties":{"category":"bus_halte","name":"Heldinnenlaan","operator":"","osm_id":"node/872493125"}},{"type":"Feature","geometry":{"type":"Point","coordinates":[5.027011,52.118867]},"properties":{"category":"bus_halte","name":"Heldinnenlaan","operator":"","osm_id":"node/872493159"}},{"type":"Feature","geometry":{"type":"Point","coordinates":[5.153482,52.097974]},"properties":{"category":"bus_halte","name":"Archimedeslaan","operator":"","osm_id":"node/1018177907"}},{"type":"Feature","geometry":{"type":"Point","coordinates":[5.173731,52.084757]},"properties":{"category":"bus_halte","name":"Heidelberglaan","operator":"","osm_id":"node/1547545198"}},{"type":"Feature","geometry":{"type":"Point","coordinates":[5.121317,52.066078]},"properties":{"category":"bus_halte","name":"'t Goylaan","operator":"","osm_id":"node/1699967852"}},{"type":"Feature","geometry":{"type":"Point","coordinates":[5.12012,52.0668]},"properties":{"category":"bus_halte","name":"Constant Erzeijstraat","operator":"","osm_id":"node/1699967880"}},{"type":"Feature","geometry":{"type":"Point","coordinates":[5.155451,52.098145]},"properties":{"category":"bus_halte","name":"Archimedeslaan","operator":"","osm_id":"node/1711705293"}},{"type":"Feature","geometry":{"type":"Point","coordinates":[5.134734,52.107317]},"properties":{"category":"bus_halte","name":"De Lichtkring","operator":"","osm_id":"node/1711782416"}},{"type":"Feature","geometry":{"type":"Point","coordinates":[5.132891,52.107261]},"properties":{"category":"bus_halte","name":"De Lichtkring","operator":"","osm_id":"node/1711782469"}},{"type":"Feature","geometry":{"type":"Point","coordinates":[5.131042,52.105211]},"properties":{"category":"bus_halte","name":"Professor Dieperinklaan","operator":"","osm_id":"node/1711782494"}},{"type":"Feature","geometry":{"type":"Point","coordinates":[5.131357,52.105403]},"properties":{"category":"bus_halte","name":"Professor Dieperinklaan","operator":"","osm_id":"node/1711782523"}},{"type":"Feature","geometry":{"type":"Point","coordinates":[5.051302,52.088257]},"properties":{"category":"bus_halte","name":"Eerste Westerparklaan","operator":"","osm_id":"node/1711782582"}},{"type":"Feature","geometry":{"type":"Point","coordinates":[5.05943,52.11318]},"properties":{"category":"bus_halte","name":"Hyperonenweg","operator":"","osm_id":"node/1711782628"}},{"type":"Feature","geometry":{"type":"Point","coordinates":[5.059657,52.113194]},"properties":{"category":"bus_halte","name":"Hyperonenweg","operator":"","osm_id":"node/1711782641"}},{"type":"Feature","geometry":{"type":"Point","coordinates":[5.137179,52.106396]},"properties":{"category":"bus_halte","name":"De Gaard","operator":"","osm_id":"node/1711782663"}},{"type":"Feature","geometry":{"type":"Point","coordinates":[5.13703,52.106373]},"properties":{"category":"bus_halte","name":"De Gaard","operator":"","osm_id":"node/1711782686"}},{"type":"Feature","geometry":{"type":"Point","coordinates":[5.066878,52.105816]},"properties":{"category":"bus_halte","name":"Kernweg","operator":"","osm_id":"node/1711782738"}},{"type":"Feature","geometry":{"type":"Point","coordinates":[5.067014,52.106164]},"properties":{"category":"bus_halte","name":"Kernweg","operator":"","osm_id":"node/1711782741"}},{"type":"Feature","geometry":{"type":"Point","coordinates":[5.062152,52.110638]},"properties":{"category":"bus_halte","name":"Mesonweg","operator":"","osm_id":"node/1711782768"}},{"type":"Feature","geometry":{"type":"Point","coordinates":[5.061904,52.111102]},"properties":{"category":"bus_halte","name":"Mesonweg","operator":"","osm_id":"node/1711782782"}},{"type":"Feature","geometry":{"type":"Point","coordinates":[5.045713,52.117751]},"properties":{"category":"bus_halte","name":"Savannahweg","operator":"","osm_id":"node/1711782837"}},{"type":"Feature","geometry":{"type":"Point","coordinates":[5.045988,52.117955]},"properties":{"category":"bus_halte","name":"Savannahweg","operator":"","osm_id":"node/1711782843"}},{"type":"Feature","geometry":{"type":"Point","coordinates":[5.069128,52.100996]},"properties":{"category":"bus_halte","name":"Thoriumweg","operator":"","osm_id":"node/1711782850"}},{"type":"Feature","geometry":{"type":"Point","coordinates":[5.068953,52.101032]},"properties":{"category":"bus_halte","name":"Thoriumweg","operator":"","osm_id":"node/1711782855"}},{"type":"Feature","geometry":{"type":"Point","coordinates":[5.064647,52.108379]},"properties":{"category":"bus_halte","name":"Uraniumweg","operator":"","osm_id":"node/1711782858"}},{"type":"Feature","geometry":{"type":"Point","coordinates":[5.064297,52.108938]},"properties":{"category":"bus_halte","name":"Uraniumweg","operator":"","osm_id":"node/1711782875"}},{"type":"Feature","geometry":{"type":"Point","coordinates":[5.1369,52.109266]},"properties":{"category":"bus_halte","name":"Winklerlaan","operator":"","osm_id":"node/1711782959"}},{"type":"Feature","geometry":{"type":"Point","coordinates":[5.137537,52.109716]},"properties":{"category":"bus_halte","name":"Winklerlaan","operator":"","osm_id":"node/1711782976"}},{"type":"Feature","geometry":{"type":"Point","coordinates":[5.176007,52.083334]},"properties":{"category":"bus_halte","name":"Bolognalaan","operator":"","osm_id":"node/1723135261"}},{"type":"Feature","geometry":{"type":"Point","coordinates":[5.172718,52.083328]},"properties":{"category":"bus_halte","name":"Cambridgelaan","operator":"","osm_id":"node/1723135280"}},{"type":"Feature","geometry":{"type":"Point","coordinates":[5.141936,52.102547]},"properties":{"category":"bus_halte","name":"Sartreweg","operator":"","osm_id":"node/1723135666"}},{"type":"Feature","geometry":{"type":"Point","coordinates":[5.128915,52.092626]},"properties":{"category":"bus_halte","name":"Stadsschouwburg","operator":"","osm_id":"node/1723135688"}},{"type":"Feature","geometry":{"type":"Point","coordinates":[5.143026,52.065845]},"properties":{"category":"bus_halte","name":"Station Lunetten","operator":"","osm_id":"node/1723135723"}},{"type":"Feature","geometry":{"type":"Point","coordinates":[5.142856,52.065785]},"properties":{"category":"bus_halte","name":"Station Lunetten","operator":"","osm_id":"node/1723135729"}},{"type":"Feature","geometry":{"type":"Point","coordinates":[5.176705,52.08752]},"properties":{"category":"bus_halte","name":"Uppsalalaan","operator":"","osm_id":"node/1723135767"}},{"type":"Feature","geometry":{"type":"Point","coordinates":[5.179771,52.089536]},"properties":{"category":"bus_halte","name":"WKZ/Universiteitsweg","operator":"","osm_id":"node/1723135782"}},{"type":"Feature","geometry":{"type":"Point","coordinates":[5.086175,52.117398]},"properties":{"category":"bus_halte","name":"J.M. de Muinck Keizerlaan","operator":"","osm_id":"node/1723348349"}},{"type":"Feature","geometry":{"type":"Point","coordinates":[5.117542,52.115108]},"properties":{"category":"bus_halte","name":"Korfoedreef","operator":"","osm_id":"node/1723348351"}},{"type":"Feature","geometry":{"type":"Point","coordinates":[5.117676,52.115298]},"properties":{"category":"bus_halte","name":"Korfoedreef","operator":"","osm_id":"node/1723348355"}},{"type":"Feature","geometry":{"type":"Point","coordinates":[5.104299,52.116371]},"properties":{"category":"bus_halte","name":"Paranadreef","operator":"","osm_id":"node/1723348358"}},{"type":"Feature","geometry":{"type":"Point","coordinates":[5.104172,52.116532]},"properties":{"category":"bus_halte","name":"Paranadreef","operator":"","osm_id":"node/1723348359"}},{"type":"Feature","geometry":{"type":"Point","coordinates":[5.123247,52.113116]},"properties":{"category":"bus_halte","name":"Rubicondreef","operator":"","osm_id":"node/1723348367"}},{"type":"Feature","geometry":{"type":"Point","coordinates":[5.044028,52.099742]},"properties":{"category":"bus_halte","name":"Station Terwijde","operator":"","osm_id":"node/1723348370"}},{"type":"Feature","geometry":{"type":"Point","coordinates":[5.04302,52.102739]},"properties":{"category":"bus_halte","name":"Waterwinpark","operator":"","osm_id":"node/1723348385"}},{"type":"Feature","geometry":{"type":"Point","coordinates":[5.043145,52.10284]},"properties":{"category":"bus_halte","name":"Waterwinpark","operator":"","osm_id":"node/1723348389"}},{"type":"Feature","geometry":{"type":"Point","coordinates":[5.106622,52.07018]},"properties":{"category":"bus_halte","name":"Europaplein Noord","operator":"","osm_id":"node/2027071168"}},{"type":"Feature","geometry":{"type":"Point","coordinates":[5.043522,52.100007]},"properties":{"category":"bus_halte","name":"Station Terwijde","operator":"","osm_id":"node/2311562513"}},{"type":"Feature","geometry":{"type":"Point","coordinates":[5.089129,52.10326]},"properties":{"category":"bus_halte","name":"Station Zuilen","operator":"","osm_id":"node/2313520799"}},{"type":"Feature","geometry":{"type":"Point","coordinates":[5.089654,52.103258]},"properties":{"category":"bus_halte","name":"Station Zuilen","operator":"","osm_id":"node/2313520801"}},{"type":"Feature","geometry":{"type":"Point","coordinates":[5.062439,52.09709]},"properties":{"category":"bus_halte","name":"Jan Wolkerssingel","operator":"","osm_id":"node/2316450987"}},{"type":"Feature","geometry":{"type":"Point","coordinates":[5.062437,52.096922]},"properties":{"category":"bus_halte","name":"Jan Wolkerssingel","operator":"","osm_id":"node/2316451029"}},{"type":"Feature","geometry":{"type":"Point","coordinates":[5.182729,52.090242]},"properties":{"category":"bus_halte","name":"WKZ/PMC","operator":"","osm_id":"node/2321912348"}},{"type":"Feature","geometry":{"type":"Point","coordinates":[5.105543,52.09044]},"properties":{"category":"bus_halte","name":"Westplein","operator":"Flixbus;Eurolines","osm_id":"node/2339924304"}},{"type":"Feature","geometry":{"type":"Point","coordinates":[5.107855,52.096272]},"properties":{"category":"bus_halte","name":"Herenweg","operator":"","osm_id":"node/2339924437"}},{"type":"Feature","geometry":{"type":"Point","coordinates":[5.00138,52.098956]},"properties":{"category":"bus_halte","name":"Boterbloemsingel","operator":"","osm_id":"node/2339924452"}},{"type":"Feature","geometry":{"type":"Point","coordinates":[5.001741,52.0993]},"properties":{"category":"bus_halte","name":"Boterbloemsingel","operator":"","osm_id":"node/2339924458"}},{"type":"Feature","geometry":{"type":"Point","coordinates":[5.005547,52.099644]},"properties":{"category":"bus_halte","name":"Stroomrugbaan","operator":"","osm_id":"node/2339924460"}},{"type":"Feature","geometry":{"type":"Point","coordinates":[5.035232,52.100391]},"properties":{"category":"bus_halte","name":"Parkzichtlaan","operator":"","osm_id":"node/2339924469"}},{"type":"Feature","geometry":{"type":"Point","coordinates":[5.033182,52.100781]},"properties":{"category":"bus_halte","name":"Parkzichtlaan","operator":"","osm_id":"node/2339924477"}},{"type":"Feature","geometry":{"type":"Point","coordinates":[5.142919,52.10107]},"properties":{"category":"bus_halte","name":"Sartreweg","operator":"","osm_id":"node/2339924479"}},{"type":"Feature","geometry":{"type":"Point","coordinates":[5.107185,52.113848]},"properties":{"category":"bus_halte","name":"Einsteindreef","operator":"","osm_id":"node/2339924524"}},{"type":"Feature","geometry":{"type":"Point","coordinates":[5.107168,52.114593]},"properties":{"category":"bus_halte","name":"Einsteindreef","operator":"","osm_id":"node/2339924535"}},{"type":"Feature","geometry":{"type":"Point","coordinates":[5.178246,52.091897]},"properties":{"category":"bus_halte","name":"P+R Science Park","operator":"","osm_id":"node/2677610962"}},{"type":"Feature","geometry":{"type":"Point","coordinates":[5.132995,52.102882]},"properties":{"category":"bus_halte","name":"Hengeveldstraat","operator":"","osm_id":"node/2813360050"}},{"type":"Feature","geometry":{"type":"Point","coordinates":[5.125195,52.111341]},"properties":{"category":"bus_halte","name":"Station Overvecht","operator":"","osm_id":"node/2814523877"}},{"type":"Feature","geometry":{"type":"Point","coordinates":[5.124835,52.111367]},"properties":{"category":"bus_halte","name":"Station Overvecht","operator":"","osm_id":"node/2814533451"}},{"type":"Feature","geometry":{"type":"Point","coordinates":[5.089017,52.123302]},"properties":{"category":"bus_halte","name":"Franciscusdreef","operator":"","osm_id":"node/2825949982"}},{"type":"Feature","geometry":{"type":"Point","coordinates":[5.075723,52.118946]},"properties":{"category":"bus_halte","name":"Cornelis Smeenkstraat","operator":"","osm_id":"node/2902541919"}},{"type":"Feature","geometry":{"type":"Point","coordinates":[5.123027,52.093152]},"properties":{"category":"bus_halte","name":"Janskerkhof","operator":"","osm_id":"node/2902619171"}},{"type":"Feature","geometry":{"type":"Point","coordinates":[5.123515,52.087315]},"properties":{"category":"bus_halte","name":"Catharijneconvent","operator":"","osm_id":"node/2902647775"}},{"type":"Feature","geometry":{"type":"Point","coordinates":[5.121992,52.092477]},"properties":{"category":"bus_halte","name":"Janskerkhof","operator":"","osm_id":"node/2902647783"}},{"type":"Feature","geometry":{"type":"Point","coordinates":[5.124113,52.081934]},"properties":{"category":"bus_halte","name":"Tolsteegbrug","operator":"","osm_id":"node/2902651270"}},{"type":"Feature","geometry":{"type":"Point","coordinates":[5.124659,52.083477]},"properties":{"category":"bus_halte","name":"Centraal Museum","operator":"","osm_id":"node/2902651272"}},{"type":"Feature","geometry":{"type":"Point","coordinates":[5.125448,52.084888]},"properties":{"category":"bus_halte","name":"Universiteitsmuseum","operator":"","osm_id":"node/2902651274"}},{"type":"Feature","geometry":{"type":"Point","coordinates":[5.120078,52.083224]},"properties":{"category":"bus_halte","name":"Hoogh Boulandt","operator":"","osm_id":"node/2902655353"}},{"type":"Feature","geometry":{"type":"Point","coordinates":[5.118079,52.085754]},"properties":{"category":"bus_halte","name":"Nicolaas Beetsstraat","operator":"","osm_id":"node/2902655355"}},{"type":"Feature","geometry":{"type":"Point","coordinates":[5.117178,52.093497]},"properties":{"category":"bus_halte","name":"Neude","operator":"","osm_id":"node/2902824776"}},{"type":"Feature","geometry":{"type":"Point","coordinates":[5.118025,52.093491]},"properties":{"category":"bus_halte","name":"Neude","operator":"","osm_id":"node/2902824777"}},{"type":"Feature","geometry":{"type":"Point","coordinates":[5.105015,52.097742]},"properties":{"category":"bus_halte","name":"Viaduct","operator":"","osm_id":"node/2903257743"}},{"type":"Feature","geometry":{"type":"Point","coordinates":[5.104918,52.097905]},"properties":{"category":"bus_halte","name":"Viaduct","operator":"","osm_id":"node/2903257746"}},{"type":"Feature","geometry":{"type":"Point","coordinates":[5.098863,52.101311]},"properties":{"category":"bus_halte","name":"Plantage","operator":"","osm_id":"node/2903280490"}},{"type":"Feature","geometry":{"type":"Point","coordinates":[5.098621,52.101553]},"properties":{"category":"bus_halte","name":"Plantage","operator":"","osm_id":"node/2903280496"}},{"type":"Feature","geometry":{"type":"Point","coordinates":[5.095458,52.103277]},"properties":{"category":"bus_halte","name":"Watertoren","operator":"","osm_id":"node/2903293520"}},{"type":"Feature","geometry":{"type":"Point","coordinates":[5.09471,52.103819]},"properties":{"category":"bus_halte","name":"Watertoren","operator":"","osm_id":"node/2903293524"}},{"type":"Feature","geometry":{"type":"Point","coordinates":[5.095301,52.123689]},"properties":{"category":"bus_halte","name":"Klopvaart","operator":"","osm_id":"node/2905304791"}},{"type":"Feature","geometry":{"type":"Point","coordinates":[5.094747,52.123996]},"properties":{"category":"bus_halte","name":"Klopvaart","operator":"","osm_id":"node/2905304794"}},{"type":"Feature","geometry":{"type":"Point","coordinates":[5.091681,52.1056]},"properties":{"category":"bus_halte","name":"Sint-Josephlaan","operator":"","osm_id":"node/2905305781"}},{"type":"Feature","geometry":{"type":"Point","coordinates":[5.091139,52.105742]},"properties":{"category":"bus_halte","name":"Sint-Josephlaan","operator":"","osm_id":"node/2905305783"}},{"type":"Feature","geometry":{"type":"Point","coordinates":[5.127441,52.092829]},"properties":{"category":"bus_halte","name":"Stadsschouwburg","operator":"","osm_id":"node/2905317017"}},{"type":"Feature","geometry":{"type":"Point","coordinates":[5.126696,52.092946]},"properties":{"category":"bus_halte","name":"Stadsschouwburg","operator":"","osm_id":"node/2905317018"}},{"type":"Feature","geometry":{"type":"Point","coordinates":[5.131405,52.095373]},"properties":{"category":"bus_halte","name":"Wittevrouwen","operator":"","osm_id":"node/2905321897"}},{"type":"Feature","geometry":{"type":"Point","coordinates":[5.132157,52.095318]},"properties":{"category":"bus_halte","name":"Wittevrouwen","operator":"","osm_id":"node/2905321898"}},{"type":"Feature","geometry":{"type":"Point","coordinates":[5.138312,52.095582]},"properties":{"category":"bus_halte","name":"Oorsprongpark","operator":"","osm_id":"node/2905331637"}},{"type":"Feature","geometry":{"type":"Point","coordinates":[5.137515,52.095648]},"properties":{"category":"bus_halte","name":"Oorsprongpark","operator":"","osm_id":"node/2905331638"}},{"type":"Feature","geometry":{"type":"Point","coordinates":[5.149973,52.092151]},"properties":{"category":"bus_halte","name":"Rijnsweerd-Noord","operator":"","osm_id":"node/2905365293"}},{"type":"Feature","geometry":{"type":"Point","coordinates":[5.1507,52.09223]},"properties":{"category":"bus_halte","name":"Rijnsweerd-Noord","operator":"","osm_id":"node/2905365294"}},{"type":"Feature","geometry":{"type":"Point","coordinates":[5.114548,52.094483]},"properties":{"category":"bus_halte","name":"Sint Jacobsstraat","operator":"","osm_id":"node/2905400874"}},{"type":"Feature","geometry":{"type":"Point","coordinates":[5.114492,52.094273]},"properties":{"category":"bus_halte","name":"Sint Jacobsstraat","operator":"","osm_id":"node/2905400875"}},{"type":"Feature","geometry":{"type":"Point","coordinates":[5.083182,52.115047]},"properties":{"category":"bus_halte","name":"Prins Bernhardplein","operator":"","osm_id":"node/2905433115"}},{"type":"Feature","geometry":{"type":"Point","coordinates":[5.083142,52.115358]},"properties":{"category":"bus_halte","name":"Prins Bernhardplein","operator":"","osm_id":"node/2905433116"}},{"type":"Feature","geometry":{"type":"Point","coordinates":[5.157612,52.087651]},"properties":{"category":"bus_halte","name":"Rijnsweerd-Zuid","operator":"","osm_id":"node/2905463547"}},{"type":"Feature","geometry":{"type":"Point","coordinates":[5.15707,52.088057]},"properties":{"category":"bus_halte","name":"Rijnsweerd-Zuid","operator":"","osm_id":"node/2905463548"}},{"type":"Feature","geometry":{"type":"Point","coordinates":[5.168028,52.085356]},"properties":{"category":"bus_halte","name":"Padualaan","operator":"","osm_id":"node/2905528757"}},{"type":"Feature","geometry":{"type":"Point","coordinates":[5.168177,52.085876]},"properties":{"category":"bus_halte","name":"Padualaan","operator":"","osm_id":"node/2905528758"}},{"type":"Feature","geometry":{"type":"Point","coordinates":[5.08752,52.107873]},"properties":{"category":"bus_halte","name":"Sweder van Zuylenweg","operator":"","osm_id":"node/2907664646"}},{"type":"Feature","geometry":{"type":"Point","coordinates":[5.086343,52.108669]},"properties":{"category":"bus_halte","name":"Sweder van Zuylenweg","operator":"","osm_id":"node/2907664647"}},{"type":"Feature","geometry":{"type":"Point","coordinates":[5.17962,52.085108]},"properties":{"category":"bus_halte","name":"UMC Utrecht","operator":"","osm_id":"node/2907703412"}},{"type":"Feature","geometry":{"type":"Point","coordinates":[5.128131,52.08015]},"properties":{"category":"bus_halte","name":"Sterrenwijk","operator":"","osm_id":"node/2911733680"}},{"type":"Feature","geometry":{"type":"Point","coordinates":[5.12768,52.080708]},"properties":{"category":"bus_halte","name":"Sterrenwijk","operator":"","osm_id":"node/2911733681"}},{"type":"Feature","geometry":{"type":"Point","coordinates":[5.135155,52.079297]},"properties":{"category":"bus_halte","name":"Ina Boudier-Bakkerlaan","operator":"","osm_id":"node/2911791252"}},{"type":"Feature","geometry":{"type":"Point","coordinates":[5.133529,52.079283]},"properties":{"category":"bus_halte","name":"Ina Boudier-Bakkerlaan","operator":"","osm_id":"node/2911791253"}},{"type":"Feature","geometry":{"type":"Point","coordinates":[5.14863,52.07897]},"properties":{"category":"bus_halte","name":"Stadion Galgenwaard","operator":"","osm_id":"node/2911840217"}},{"type":"Feature","geometry":{"type":"Point","coordinates":[5.066987,52.075847]},"properties":{"category":"bus_halte","name":"Rijnvliet","operator":"","osm_id":"node/2982750895"}},{"type":"Feature","geometry":{"type":"Point","coordinates":[5.066406,52.07605]},"properties":{"category":"bus_halte","name":"Rijnvliet","operator":"","osm_id":"node/2982750896"}},{"type":"Feature","geometry":{"type":"Point","coordinates":[5.112983,52.092901]},"properties":{"category":"bus_halte","name":"Vredenburg","operator":"","osm_id":"node/3092851421"}},{"type":"Feature","geometry":{"type":"Point","coordinates":[5.113809,52.093086]},"properties":{"category":"bus_halte","name":"Vredenburg","operator":"","osm_id":"node/3092851422"}},{"type":"Feature","geometry":{"type":"Point","coordinates":[5.106911,52.062415]},"properties":{"category":"bus_halte","name":"Kanaleneiland Zuid","operator":"","osm_id":"node/3099586878"}},{"type":"Feature","geometry":{"type":"Point","coordinates":[5.008127,52.102378]},"properties":{"category":"bus_halte","name":"Station Vleuten","operator":"","osm_id":"node/3105101030"}},{"type":"Feature","geometry":{"type":"Point","coordinates":[5.138608,52.095124]},"properties":{"category":"bus_halte","name":"Oorsprongpark","operator":"","osm_id":"node/3227039272"}},{"type":"Feature","geometry":{"type":"Point","coordinates":[5.143109,52.065878]},"properties":{"category":"bus_halte","name":"Station Lunetten","operator":"","osm_id":"node/3292012609"}},{"type":"Feature","geometry":{"type":"Point","coordinates":[5.081652,52.067965]},"properties":{"category":"bus_halte","name":"Papendorp Midden","operator":"","osm_id":"node/3300465207"}},{"type":"Feature","geometry":{"type":"Point","coordinates":[5.081028,52.06891]},"properties":{"category":"bus_halte","name":"Papendorp Midden","operator":"","osm_id":"node/3300465208"}},{"type":"Feature","geometry":{"type":"Point","coordinates":[5.111014,52.093063]},"properties":{"category":"bus_halte","name":"Daalsesingel","operator":"","osm_id":"node/3430679515"}},{"type":"Feature","geometry":{"type":"Point","coordinates":[5.100116,52.075754]},"properties":{"category":"bus_halte","name":"Hof van Transwijk","operator":"","osm_id":"node/3828198641"}},{"type":"Feature","geometry":{"type":"Point","coordinates":[5.085413,52.118185]},"properties":{"category":"bus_halte","name":"J.M. de Muinck Keizerlaan","operator":"","osm_id":"node/3828198646"}},{"type":"Feature","geometry":{"type":"Point","coordinates":[5.074667,52.086297]},"properties":{"category":"bus_halte","name":"Dafne Schippersbrug","operator":"","osm_id":"node/3828406946"}},{"type":"Feature","geometry":{"type":"Point","coordinates":[5.075161,52.086605]},"properties":{"category":"bus_halte","name":"Dafne Schippersbrug","operator":"","osm_id":"node/3828406947"}},{"type":"Feature","geometry":{"type":"Point","coordinates":[5.123308,52.112908]},"properties":{"category":"bus_halte","name":"Rubicondreef","operator":"","osm_id":"node/3828406948"}},{"type":"Feature","geometry":{"type":"Point","coordinates":[5.016377,52.111697]},"properties":{"category":"bus_halte","name":"Vincent van Goghlaan","operator":"","osm_id":"node/3828575514"}},{"type":"Feature","geometry":{"type":"Point","coordinates":[5.093671,52.06268]},"properties":{"category":"bus_halte","name":"Papendorpseweg","operator":"","osm_id":"node/3831322159"}},{"type":"Feature","geometry":{"type":"Point","coordinates":[5.093954,52.063033]},"properties":{"category":"bus_halte","name":"Papendorpseweg","operator":"","osm_id":"node/3831322160"}},{"type":"Feature","geometry":{"type":"Point","coordinates":[5.052678,52.106229]},"properties":{"category":"bus_halte","name":"Rijpwetering","operator":"","osm_id":"node/3831322161"}},{"type":"Feature","geometry":{"type":"Point","coordinates":[5.051814,52.106977]},"properties":{"category":"bus_halte","name":"Rijpwetering","operator":"","osm_id":"node/3831322162"}},{"type":"Feature","geometry":{"type":"Point","coordinates":[5.072929,52.090595]},"properties":{"category":"bus_halte","name":"Willem-Alexanderpark","operator":"","osm_id":"node/3831322163"}},{"type":"Feature","geometry":{"type":"Point","coordinates":[5.072587,52.091749]},"properties":{"category":"bus_halte","name":"Willem-Alexanderpark","operator":"","osm_id":"node/3831322164"}},{"type":"Feature","geometry":{"type":"Point","coordinates":[5.100409,52.129725]},"properties":{"category":"bus_halte","name":"Fort De Gagel","operator":"","osm_id":"node/3835671708"}},{"type":"Feature","geometry":{"type":"Point","coordinates":[5.109304,52.088386]},"properties":{"category":"bus_halte","name":"CS Jaarbeurszijde","operator":"","osm_id":"node/3886203298"}},{"type":"Feature","geometry":{"type":"Point","coordinates":[5.108989,52.088733]},"properties":{"category":"bus_halte","name":"CS Jaarbeurszijde","operator":"","osm_id":"node/3886203299"}},{"type":"Feature","geometry":{"type":"Point","coordinates":[5.108637,52.089109]},"properties":{"category":"bus_halte","name":"CS Jaarbeurszijde","operator":"","osm_id":"node/3886203301"}},{"type":"Feature","geometry":{"type":"Point","coordinates":[5.108624,52.088949]},"properties":{"category":"bus_halte","name":"CS Jaarbeurszijde","operator":"","osm_id":"node/3886203302"}},{"type":"Feature","geometry":{"type":"Point","coordinates":[5.108266,52.089329]},"properties":{"category":"bus_halte","name":"CS Jaarbeurszijde","operator":"","osm_id":"node/3886203303"}},{"type":"Feature","geometry":{"type":"Point","coordinates":[5.1087,52.088513]},"properties":{"category":"bus_halte","name":"CS Jaarbeurszijde","operator":"","osm_id":"node/3886203304"}},{"type":"Feature","geometry":{"type":"Point","coordinates":[5.109165,52.087882]},"properties":{"category":"bus_halte","name":"CS Jaarbeurszijde","operator":"","osm_id":"node/3886203305"}},{"type":"Feature","geometry":{"type":"Point","coordinates":[5.108531,52.088558]},"properties":{"category":"bus_halte","name":"CS Jaarbeurszijde","operator":"","osm_id":"node/3886203307"}},{"type":"Feature","geometry":{"type":"Point","coordinates":[5.106441,52.089266]},"properties":{"category":"bus_halte","name":"CS Jaarbeursplein","operator":"","osm_id":"node/3889250149"}},{"type":"Feature","geometry":{"type":"Point","coordinates":[5.106283,52.089408]},"properties":{"category":"bus_halte","name":"CS Jaarbeursplein","operator":"","osm_id":"node/3889250150"}},{"type":"Feature","geometry":{"type":"Point","coordinates":[5.106242,52.08945]},"properties":{"category":"bus_halte","name":"CS Jaarbeursplein","operator":"","osm_id":"node/3889250151"}},{"type":"Feature","geometry":{"type":"Point","coordinates":[4.983015,52.119774]},"properties":{"category":"bus_halte","name":"Kasteel de Haar","operator":"","osm_id":"node/3891587424"}},{"type":"Feature","geometry":{"type":"Point","coordinates":[5.107311,52.062033]},"properties":{"category":"bus_halte","name":"Kanaleneiland Zuid","operator":"","osm_id":"node/3900552360"}},{"type":"Feature","geometry":{"type":"Point","coordinates":[5.020832,52.122212]},"properties":{"category":"bus_halte","name":"Haarrijn","operator":"U-OV","osm_id":"node/4009695726"}},{"type":"Feature","geometry":{"type":"Point","coordinates":[5.020855,52.122061]},"properties":{"category":"bus_halte","name":"Haarrijn","operator":"U-OV","osm_id":"node/4009695727"}},{"type":"Feature","geometry":{"type":"Point","coordinates":[5.018775,52.083649]},"properties":{"category":"bus_halte","name":"Europaweg","operator":"","osm_id":"node/4016516407"}},{"type":"Feature","geometry":{"type":"Point","coordinates":[5.018014,52.083804]},"properties":{"category":"bus_halte","name":"Europaweg","operator":"","osm_id":"node/4016516409"}},{"type":"Feature","geometry":{"type":"Point","coordinates":[5.110061,52.087582]},"properties":{"category":"bus_halte","name":"CS Jaarbeurszijde","operator":"","osm_id":"node/4208950425"}},{"type":"Feature","geometry":{"type":"Point","coordinates":[5.109711,52.087776]},"properties":{"category":"bus_halte","name":"CS Jaarbeurszijde","operator":"","osm_id":"node/4208950426"}},{"type":"Feature","geometry":{"type":"Point","coordinates":[5.109678,52.087993]},"properties":{"category":"bus_halte","name":"CS Jaarbeurszijde","operator":"","osm_id":"node/4208950427"}},{"type":"Feature","geometry":{"type":"Point","coordinates":[5.109389,52.088125]},"properties":{"category":"bus_halte","name":"CS Jaarbeurszijde","operator":"","osm_id":"node/4208950428"}},{"type":"Feature","geometry":{"type":"Point","coordinates":[5.109029,52.088516]},"properties":{"category":"bus_halte","name":"CS Jaarbeurszijde","operator":"","osm_id":"node/4208950429"}},{"type":"Feature","geometry":{"type":"Point","coordinates":[5.114875,52.078267]},"properties":{"category":"bus_halte","name":"Balijelaan","operator":"","osm_id":"node/4246084523"}},{"type":"Feature","geometry":{"type":"Point","coordinates":[5.114896,52.078422]},"properties":{"category":"bus_halte","name":"Balijelaan","operator":"","osm_id":"node/4246084524"}},{"type":"Feature","geometry":{"type":"Point","coordinates":[5.109055,52.088135]},"properties":{"category":"bus_halte","name":"CS Jaarbeurszijde","operator":"","osm_id":"node/4246119621"}},{"type":"Feature","geometry":{"type":"Point","coordinates":[5.109661,52.087489]},"properties":{"category":"bus_halte","name":"CS Jaarbeurszijde","operator":"","osm_id":"node/4246119622"}},{"type":"Feature","geometry":{"type":"Point","coordinates":[5.090387,52.123422]},"properties":{"category":"bus_halte","name":"Franciscusdreef","operator":"","osm_id":"node/4246713742"}},{"type":"Feature","geometry":{"type":"Point","coordinates":[5.09272,52.072661]},"properties":{"category":"bus_halte","name":"Kanaleneiland","operator":"","osm_id":"node/4246779307"}},{"type":"Feature","geometry":{"type":"Point","coordinates":[5.093498,52.072821]},"properties":{"category":"bus_halte","name":"Kanaleneiland","operator":"","osm_id":"node/4246779308"}},{"type":"Feature","geometry":{"type":"Point","coordinates":[5.106776,52.068822]},"properties":{"category":"bus_halte","name":"Europaplein Noord","operator":"","osm_id":"node/4249011684"}},{"type":"Feature","geometry":{"type":"Point","coordinates":[5.163401,52.084844]},"properties":{"category":"bus_halte","name":"Sorbonnelaan","operator":"","osm_id":"node/4250084597"}},{"type":"Feature","geometry":{"type":"Point","coordinates":[5.163621,52.084728]},"properties":{"category":"bus_halte","name":"Sorbonnelaan","operator":"","osm_id":"node/4250084600"}},{"type":"Feature","geometry":{"type":"Point","coordinates":[5.182744,52.089758]},"properties":{"category":"bus_halte","name":"WKZ/PMC","operator":"","osm_id":"node/4275685358"}},{"type":"Feature","geometry":{"type":"Point","coordinates":[5.119697,52.065814]},"properties":{"category":"bus_halte","name":"Hooft Graaflandstraat","operator":"","osm_id":"node/4340262629"}},{"type":"Feature","geometry":{"type":"Point","coordinates":[5.119524,52.065781]},"properties":{"category":"bus_halte","name":"Hooft Graaflandstraat","operator":"","osm_id":"node/4340262631"}},{"type":"Feature","geometry":{"type":"Point","coordinates":[5.069115,52.086319]},"properties":{"category":"bus_halte","name":"Burgemeester Verderlaan","operator":"","osm_id":"node/4340451272"}},{"type":"Feature","geometry":{"type":"Point","coordinates":[5.068932,52.086473]},"properties":{"category":"bus_halte","name":"Burgemeester Verderlaan","operator":"","osm_id":"node/4340451273"}},{"type":"Feature","geometry":{"type":"Point","coordinates":[5.050081,52.080046]},"properties":{"category":"bus_halte","name":"Veldzigt Noord","operator":"","osm_id":"node/4346238483"}},{"type":"Feature","geometry":{"type":"Point","coordinates":[5.050139,52.080149]},"properties":{"category":"bus_halte","name":"Veldzigt Noord","operator":"","osm_id":"node/4346238484"}},{"type":"Feature","geometry":{"type":"Point","coordinates":[5.106825,52.076547]},"properties":{"category":"bus_halte","name":"Balijebrug","operator":"","osm_id":"node/4347921309"}},{"type":"Feature","geometry":{"type":"Point","coordinates":[5.107125,52.076746]},"properties":{"category":"bus_halte","name":"Balijebrug","operator":"","osm_id":"node/4347921312"}},{"type":"Feature","geometry":{"type":"Point","coordinates":[5.04565,52.120102]},"properties":{"category":"bus_halte","name":"Niels Bohrweg","operator":"","osm_id":"node/4348358843"}},{"type":"Feature","geometry":{"type":"Point","coordinates":[5.046849,52.120602]},"properties":{"category":"bus_halte","name":"Niels Bohrweg","operator":"","osm_id":"node/4348358844"}},{"type":"Feature","geometry":{"type":"Point","coordinates":[5.065775,52.095597]},"properties":{"category":"bus_halte","name":"Centrumboulevard","operator":"","osm_id":"node/4514036998"}},{"type":"Feature","geometry":{"type":"Point","coordinates":[5.065488,52.095012]},"properties":{"category":"bus_halte","name":"Centrumboulevard","operator":"","osm_id":"node/4514036999"}},{"type":"Feature","geometry":{"type":"Point","coordinates":[5.067176,52.098331]},"properties":{"category":"bus_halte","name":"Station Leidsche Rijn","operator":"","osm_id":"node/4523825082"}},{"type":"Feature","geometry":{"type":"Point","coordinates":[5.067458,52.098326]},"properties":{"category":"bus_halte","name":"Station Leidsche Rijn","operator":"","osm_id":"node/4523825083"}},{"type":"Feature","geometry":{"type":"Point","coordinates":[5.067758,52.099724]},"properties":{"category":"bus_halte","name":"Wolfgang Pauliweg","operator":"","osm_id":"node/4525025283"}},{"type":"Feature","geometry":{"type":"Point","coordinates":[5.067749,52.100045]},"properties":{"category":"bus_halte","name":"Wolfgang Pauliweg","operator":"","osm_id":"node/4525025284"}},{"type":"Feature","geometry":{"type":"Point","coordinates":[5.06934,52.09559]},"properties":{"category":"bus_halte","name":"Berlijnplein","operator":"","osm_id":"node/4526734001"}},{"type":"Feature","geometry":{"type":"Point","coordinates":[5.070223,52.095842]},"properties":{"category":"bus_halte","name":"Berlijnplein","operator":"","osm_id":"node/4526734003"}},{"type":"Feature","geometry":{"type":"Point","coordinates":[5.024963,52.106834]},"properties":{"category":"bus_halte","name":"De Reit","operator":"","osm_id":"node/4619233515"}},{"type":"Feature","geometry":{"type":"Point","coordinates":[5.037491,52.087751]},"properties":{"category":"bus_halte","name":"Zuiderbreedte","operator":"","osm_id":"node/4619233517"}},{"type":"Feature","geometry":{"type":"Point","coordinates":[5.033629,52.11602]},"properties":{"category":"bus_halte","name":"The Food Spot","operator":"","osm_id":"node/4945193803"}},{"type":"Feature","geometry":{"type":"Point","coordinates":[5.033857,52.115771]},"properties":{"category":"bus_halte","name":"The Food Spot","operator":"","osm_id":"node/4945193804"}},{"type":"Feature","geometry":{"type":"Point","coordinates":[5.027656,52.117793]},"properties":{"category":"bus_halte","name":"Zwemstrand Haarrijn","operator":"","osm_id":"node/4945193806"}},{"type":"Feature","geometry":{"type":"Point","coordinates":[5.067767,52.100529]},"properties":{"category":"bus_halte","name":"Touringcarhalte Reactorweg","operator":"","osm_id":"node/4945239910"}},{"type":"Feature","geometry":{"type":"Point","coordinates":[5.121929,52.089931]},"properties":{"category":"bus_halte","name":"Domplein","operator":"","osm_id":"node/5129038017"}},{"type":"Feature","geometry":{"type":"Point","coordinates":[5.111167,52.09318]},"properties":{"category":"bus_halte","name":"Daalsesingel","operator":"","osm_id":"node/5371178494"}},{"type":"Feature","geometry":{"type":"Point","coordinates":[5.067586,52.098261]},"properties":{"category":"bus_halte","name":"Station Leidsche Rijn","operator":"","osm_id":"node/5414864022"}},{"type":"Feature","geometry":{"type":"Point","coordinates":[5.067692,52.098127]},"properties":{"category":"bus_halte","name":"Station Leidsche Rijn","operator":"","osm_id":"node/5414864036"}},{"type":"Feature","geometry":{"type":"Point","coordinates":[5.06725,52.098243]},"properties":{"category":"bus_halte","name":"Station Leidsche Rijn","operator":"","osm_id":"node/5414864037"}},{"type":"Feature","geometry":{"type":"Point","coordinates":[5.043245,52.101102]},"properties":{"category":"bus_halte","name":"Winkelcentrum Terwijde","operator":"","osm_id":"node/5556322687"}},{"type":"Feature","geometry":{"type":"Point","coordinates":[5.043182,52.101468]},"properties":{"category":"bus_halte","name":"Winkelcentrum Terwijde","operator":"","osm_id":"node/5556322688"}},{"type":"Feature","geometry":{"type":"Point","coordinates":[5.08401,52.065652]},"properties":{"category":"bus_halte","name":"Papendorp Zuid","operator":"Arriva;Connexxion","osm_id":"node/5740047820"}},{"type":"Feature","geometry":{"type":"Point","coordinates":[5.111074,52.090167]},"properties":{"category":"bus_halte","name":"CS Centrumzijde","operator":"","osm_id":"node/6126650774"}},{"type":"Feature","geometry":{"type":"Point","coordinates":[5.110995,52.090137]},"properties":{"category":"bus_halte","name":"CS Centrumzijde","operator":"","osm_id":"node/6126650776"}},{"type":"Feature","geometry":{"type":"Point","coordinates":[5.111522,52.089687]},"properties":{"category":"bus_halte","name":"CS Centrumzijde","operator":"","osm_id":"node/6126841033"}},{"type":"Feature","geometry":{"type":"Point","coordinates":[5.111297,52.089798]},"properties":{"category":"bus_halte","name":"CS Centrumzijde","operator":"","osm_id":"node/6126841035"}},{"type":"Feature","geometry":{"type":"Point","coordinates":[5.023889,52.106752]},"properties":{"category":"bus_halte","name":"De Reit","operator":"","osm_id":"node/6166451212"}},{"type":"Feature","geometry":{"type":"Point","coordinates":[5.021481,52.108038]},"properties":{"category":"bus_halte","name":"Heinsmaat","operator":"","osm_id":"node/6166451213"}},{"type":"Feature","geometry":{"type":"Point","coordinates":[5.105282,52.074749]},"properties":{"category":"bus_halte","name":"Lanslaan","operator":"","osm_id":"node/6205479600"}},{"type":"Feature","geometry":{"type":"Point","coordinates":[5.122115,52.093174]},"properties":{"category":"bus_halte","name":"Janskerkhof","operator":"","osm_id":"node/6573548055"}},{"type":"Feature","geometry":{"type":"Point","coordinates":[5.093519,52.072752]},"properties":{"category":"bus_halte","name":"Kanaleneiland","operator":"","osm_id":"node/6615330511"}},{"type":"Feature","geometry":{"type":"Point","coordinates":[5.094359,52.07331]},"properties":{"category":"bus_halte","name":"Kanaleneiland","operator":"","osm_id":"node/6615330513"}},{"type":"Feature","geometry":{"type":"Point","coordinates":[5.177787,52.091899]},"properties":{"category":"bus_halte","name":"P+R Science Park","operator":"","osm_id":"node/6625044082"}},{"type":"Feature","geometry":{"type":"Point","coordinates":[5.139903,52.079777]},"properties":{"category":"bus_halte","name":"Diakonessenhuis-Zuid","operator":"","osm_id":"node/7039498644"}},{"type":"Feature","geometry":{"type":"Point","coordinates":[5.140527,52.079626]},"properties":{"category":"bus_halte","name":"Diakonessenhuis-Zuid","operator":"","osm_id":"node/7039498647"}},{"type":"Feature","geometry":{"type":"Point","coordinates":[5.148403,52.079257]},"properties":{"category":"bus_halte","name":"Stadion Galgenwaard","operator":"","osm_id":"node/7039498648"}},{"type":"Feature","geometry":{"type":"Point","coordinates":[5.113077,52.111586]},"properties":{"category":"bus_halte","name":"Rhônedreef","operator":"","osm_id":"node/7039508837"}},{"type":"Feature","geometry":{"type":"Point","coordinates":[5.112489,52.111648]},"properties":{"category":"bus_halte","name":"Rhônedreef","operator":"","osm_id":"node/7039508839"}},{"type":"Feature","geometry":{"type":"Point","coordinates":[5.104571,52.057304]},"properties":{"category":"bus_halte","name":"P+R Westraven","operator":"","osm_id":"node/7039562206"}},{"type":"Feature","geometry":{"type":"Point","coordinates":[5.128498,52.08441]},"properties":{"category":"bus_halte","name":"Abstederbrug","operator":"","osm_id":"node/7782024294"}},{"type":"Feature","geometry":{"type":"Point","coordinates":[5.092088,52.116078]},"properties":{"category":"bus_halte","name":"Zwanenvechtplein","operator":"","osm_id":"node/7960228936"}},{"type":"Feature","geometry":{"type":"Point","coordinates":[5.067348,52.098109]},"properties":{"category":"bus_halte","name":"Station Leidsche Rijn","operator":"","osm_id":"node/8224325880"}},{"type":"Feature","geometry":{"type":"Point","coordinates":[5.103449,52.058089]},"properties":{"category":"bus_halte","name":"Rijkswaterstaat","operator":"","osm_id":"node/8602344469"}},{"type":"Feature","geometry":{"type":"Point","coordinates":[5.102462,52.0591]},"properties":{"category":"bus_halte","name":"Rijkswaterstaat","operator":"","osm_id":"node/8602344478"}},{"type":"Feature","geometry":{"type":"Point","coordinates":[5.008265,52.107312]},"properties":{"category":"bus_halte","name":"Van Woerdenstraat","operator":"","osm_id":"node/9382909080"}},{"type":"Feature","geometry":{"type":"Point","coordinates":[5.008069,52.107258]},"properties":{"category":"bus_halte","name":"Van Woerdenstraat","operator":"","osm_id":"node/9382909081"}},{"type":"Feature","geometry":{"type":"Point","coordinates":[5.178984,52.085102]},"properties":{"category":"bus_halte","name":"UMC Utrecht","operator":"","osm_id":"node/9965956144"}},{"type":"Feature","geometry":{"type":"Point","coordinates":[5.13295,52.077242]},"properties":{"category":"bus_halte","name":"Tijdelijke halte","operator":"","osm_id":"node/10796630798"}},{"type":"Feature","geometry":{"type":"Point","coordinates":[5.132942,52.077367]},"properties":{"category":"bus_halte","name":"Tijdelijke halte","operator":"","osm_id":"node/10796630799"}},{"type":"Feature","geometry":{"type":"Point","coordinates":[5.016231,52.112043]},"properties":{"category":"bus_halte","name":"Vincent van Goghlaan","operator":"","osm_id":"node/11897074632"}},{"type":"Feature","geometry":{"type":"Point","coordinates":[5.072049,52.076493]},"properties":{"category":"bus_halte","name":"Rijnvliet-Oost","operator":"","osm_id":"node/11897076571"}},{"type":"Feature","geometry":{"type":"Point","coordinates":[5.072302,52.075952]},"properties":{"category":"bus_halte","name":"Rijnvliet-Oost","operator":"","osm_id":"node/11897076572"}},{"type":"Feature","geometry":{"type":"Point","coordinates":[5.113393,52.090703]},"properties":{"category":"bus_halte","name":"Hoog Catharijne","operator":"","osm_id":"node/11897257274"}},{"type":"Feature","geometry":{"type":"Point","coordinates":[5.036862,52.114692]},"properties":{"category":"bus_halte","name":"Meijewetering","operator":"","osm_id":"node/11897433344"}},{"type":"Feature","geometry":{"type":"Point","coordinates":[5.107253,52.062228]},"properties":{"category":"bus_halte","name":"Kanaleneiland-Zuid","operator":"","osm_id":"node/12060178290"}},{"type":"Feature","geometry":{"type":"Point","coordinates":[5.103484,52.080181]},"properties":{"category":"bus_halte","name":"Dr. M.A. Tellegenlaan","operator":"","osm_id":"node/12836392544"}},{"type":"Feature","geometry":{"type":"Point","coordinates":[5.103127,52.079314]},"properties":{"category":"bus_halte","name":"Dr. M.A. Tellegenlaan","operator":"","osm_id":"node/12836392545"}},{"type":"Feature","geometry":{"type":"Point","coordinates":[5.174675,52.084939]},"properties":{"category":"bus_halte","name":"Heidelberglaan","operator":"","osm_id":"node/12891850735"}},{"type":"Feature","geometry":{"type":"Point","coordinates":[5.083968,52.096307]},"properties":{"category":"bus_halte","name":"Thomas à Kempisplantsoen","operator":"","osm_id":"node/13026515141"}},{"type":"Feature","geometry":{"type":"Point","coordinates":[5.083865,52.096747]},"properties":{"category":"bus_halte","name":"Thomas à Kempisplantsoen","operator":"","osm_id":"node/13026515142"}},{"type":"Feature","geometry":{"type":"Point","coordinates":[5.095706,52.075307]},"properties":{"category":"bus_halte","name":"Winkelcentrum Kanaleneiland","operator":"","osm_id":"node/13428394806"}},{"type":"Feature","geometry":{"type":"Point","coordinates":[5.093425,52.078416]},"properties":{"category":"bus_halte","name":"24 Oktoberplein-Zuid","operator":"","osm_id":"node/13428408326"}},{"type":"Feature","geometry":{"type":"Point","coordinates":[5.095347,52.07636]},"properties":{"category":"bus_halte","name":"Winkelcentrum Kanaleneiland","operator":"","osm_id":"node/13428408328"}},{"type":"Feature","geometry":{"type":"Point","coordinates":[5.107099,52.096535]},"properties":{"category":"bus_halte","name":"Herenweg","operator":"","osm_id":"node/13635200319"}},{"type":"Feature","geometry":{"type":"Point","coordinates":[5.143262,52.066408]},"properties":{"category":"ov_knooppunt","name":"Utrecht Lunetten","operator":"","osm_id":"node/45095869"}},{"type":"Feature","geometry":{"type":"Point","coordinates":[5.109821,52.089393]},"properties":{"category":"ov_knooppunt","name":"Utrecht Centraal","operator":"","osm_id":"node/45198301"}},{"type":"Feature","geometry":{"type":"Point","coordinates":[5.043552,52.100215]},"properties":{"category":"ov_knooppunt","name":"Utrecht Terwijde","operator":"","osm_id":"node/45243362"}},{"type":"Feature","geometry":{"type":"Point","coordinates":[5.007619,52.102973]},"properties":{"category":"ov_knooppunt","name":"Vleuten","operator":"","osm_id":"node/232079045"}},{"type":"Feature","geometry":{"type":"Point","coordinates":[5.116202,52.0806]},"properties":{"category":"ov_knooppunt","name":"Voetveer over de Kruisvaart","operator":"","osm_id":"node/283768490"}},{"type":"Feature","geometry":{"type":"Point","coordinates":[5.031286,52.093487]},"properties":{"category":"ov_knooppunt","name":"Pont","operator":"","osm_id":"node/675048727"}},{"type":"Feature","geometry":{"type":"Point","coordinates":[5.121878,52.078757]},"properties":{"category":"ov_knooppunt","name":"Utrecht Vaartsche Rijn","operator":"","osm_id":"node/1233812055"}},{"type":"Feature","geometry":{"type":"Point","coordinates":[5.131166,52.087942]},"properties":{"category":"ov_knooppunt","name":"Utrecht Maliebaan","operator":"NS","osm_id":"node/1673444987"}},{"type":"Feature","geometry":{"type":"Point","coordinates":[5.089354,52.103232]},"properties":{"category":"ov_knooppunt","name":"Utrecht Zuilen","operator":"","osm_id":"node/3105151948"}},{"type":"Feature","geometry":{"type":"Point","coordinates":[5.031116,52.09366]},"properties":{"category":"ov_knooppunt","name":"","operator":"","osm_id":"node/4075653643"}},{"type":"Feature","geometry":{"type":"Point","coordinates":[5.065243,52.098968]},"properties":{"category":"ov_knooppunt","name":"Utrecht Leidsche Rijn","operator":"","osm_id":"node/4864373374"}},{"type":"Feature","geometry":{"type":"Point","coordinates":[5.116308,52.080737]},"properties":{"category":"ov_knooppunt","name":"Voetveer over de Kruisvaart","operator":"","osm_id":"node/5848479492"}},{"type":"Feature","geometry":{"type":"Point","coordinates":[5.125762,52.110121]},"properties":{"category":"ov_knooppunt","name":"Utrecht Overvecht","operator":"","osm_id":"node/7606645163"}},{"type":"Feature","geometry":{"type":"Point","coordinates":[5.109782,52.089397]},"properties":{"category":"ov_knooppunt","name":"Utrecht Centraal","operator":"Nederlandse Spoorwegen","osm_id":"way/237005081"}},{"type":"Feature","geometry":{"type":"Point","coordinates":[5.106061,52.089365]},"properties":{"category":"ov_knooppunt","name":"CS Jaarbeursplein","operator":"","osm_id":"way/251026798"}},{"type":"Feature","geometry":{"type":"Point","coordinates":[5.109349,52.088283]},"properties":{"category":"ov_knooppunt","name":"Centraal Station Jaarbeurszijde","operator":"U-OV","osm_id":"way/374907295"}},{"type":"Feature","geometry":{"type":"Point","coordinates":[5.067452,52.098157]},"properties":{"category":"ov_knooppunt","name":"Station Leidsche Rijn","operator":"","osm_id":"way/735230562"}},{"type":"Feature","geometry":{"type":"Point","coordinates":[5.123029,52.072513]},"properties":{"category":"milieustraat","name":"Droppie","operator":"","osm_id":"node/695778251"}},{"type":"Feature","geometry":{"type":"Point","coordinates":[5.08323,52.10462]},"properties":{"category":"milieustraat","name":"Afvalscheidingsstation Tractieweg","operator":"","osm_id":"way/267036401"}},{"type":"Feature","geometry":{"type":"Point","coordinates":[5.143292,52.062241]},"properties":{"category":"milieustraat","name":"Afvalscheidingsstation Lunetten","operator":"Gemeente Utrecht","osm_id":"way/323358290"}},{"type":"Feature","geometry":{"type":"Point","coordinates":[5.003506,52.090407]},"properties":{"category":"milieustraat","name":"Afvalscheidingsstation De Stits","operator":"","osm_id":"way/419225158"}},{"type":"Feature","geometry":{"type":"Point","coordinates":[5.115173,52.080655]},"properties":{"category":"glasbak","name":"","operator":"","osm_id":"node/26911146"}},{"type":"Feature","geometry":{"type":"Point","coordinates":[5.090325,52.096175]},"properties":{"category":"glasbak","name":"2649","operator":"","osm_id":"node/28384120"}},{"type":"Feature","geometry":{"type":"Point","coordinates":[5.134047,52.079666]},"properties":{"category":"glasbak","name":"","operator":"","osm_id":"node/28897884"}},{"type":"Feature","geometry":{"type":"Point","coordinates":[5.131417,52.101891]},"properties":{"category":"glasbak","name":"","operator":"","osm_id":"node/28898839"}},{"type":"Feature","geometry":{"type":"Point","coordinates":[5.142399,52.084827]},"properties":{"category":"glasbak","name":"","operator":"","osm_id":"node/29797003"}},{"type":"Feature","geometry":{"type":"Point","coordinates":[5.087133,52.083034]},"properties":{"category":"glasbak","name":"","operator":"","osm_id":"node/29797253"}},{"type":"Feature","geometry":{"type":"Point","coordinates":[5.124481,52.071855]},"properties":{"category":"glasbak","name":"0398","operator":"","osm_id":"node/29841676"}},{"type":"Feature","geometry":{"type":"Point","coordinates":[5.103241,52.093203]},"properties":{"category":"glasbak","name":"6595","operator":"","osm_id":"node/29843504"}},{"type":"Feature","geometry":{"type":"Point","coordinates":[5.083299,52.084342]},"properties":{"category":"glasbak","name":"4401","operator":"","osm_id":"node/29846465"}},{"type":"Feature","geometry":{"type":"Point","coordinates":[5.125883,52.072535]},"properties":{"category":"glasbak","name":"","operator":"","osm_id":"node/30308199"}},{"type":"Feature","geometry":{"type":"Point","coordinates":[5.090378,52.093995]},"properties":{"category":"glasbak","name":"","operator":"","osm_id":"node/30354452"}},{"type":"Feature","geometry":{"type":"Point","coordinates":[5.088273,52.113487]},"properties":{"category":"glasbak","name":"","operator":"","osm_id":"node/30413649"}},{"type":"Feature","geometry":{"type":"Point","coordinates":[5.112256,52.08032]},"properties":{"category":"glasbak","name":"2805","operator":"","osm_id":"node/30604947"}},{"type":"Feature","geometry":{"type":"Point","coordinates":[5.120032,52.074952]},"properties":{"category":"glasbak","name":"","operator":"","osm_id":"node/30605974"}},{"type":"Feature","geometry":{"type":"Point","coordinates":[5.098086,52.066597]},"properties":{"category":"glasbak","name":"0477","operator":"","osm_id":"node/185291475"}},{"type":"Feature","geometry":{"type":"Point","coordinates":[5.09426,52.06627]},"properties":{"category":"glasbak","name":"","operator":"","osm_id":"node/185291478"}},{"type":"Feature","geometry":{"type":"Point","coordinates":[5.097127,52.069269]},"properties":{"category":"glasbak","name":"0378","operator":"","osm_id":"node/185659359"}},{"type":"Feature","geometry":{"type":"Point","coordinates":[5.09171,52.070778]},"properties":{"category":"glasbak","name":"2445","operator":"","osm_id":"node/244064502"}},{"type":"Feature","geometry":{"type":"Point","coordinates":[5.095542,52.064885]},"properties":{"category":"glasbak","name":"","operator":"","osm_id":"node/244064503"}},{"type":"Feature","geometry":{"type":"Point","coordinates":[5.103352,52.065957]},"properties":{"category":"glasbak","name":"","operator":"","osm_id":"node/246107028"}},{"type":"Feature","geometry":{"type":"Point","coordinates":[5.094654,52.075579]},"properties":{"category":"glasbak","name":"0481","operator":"","osm_id":"node/247116139"}},{"type":"Feature","geometry":{"type":"Point","coordinates":[5.095989,52.074754]},"properties":{"category":"glasbak","name":"0303","operator":"","osm_id":"node/247116153"}},{"type":"Feature","geometry":{"type":"Point","coordinates":[5.099617,52.06994]},"properties":{"category":"glasbak","name":"","operator":"","osm_id":"node/247129486"}},{"type":"Feature","geometry":{"type":"Point","coordinates":[5.093219,52.084239]},"properties":{"category":"glasbak","name":"","operator":"","osm_id":"node/248251753"}},{"type":"Feature","geometry":{"type":"Point","coordinates":[5.104703,52.074869]},"properties":{"category":"glasbak","name":"","operator":"","osm_id":"node/256106753"}},{"type":"Feature","geometry":{"type":"Point","coordinates":[5.099959,52.075961]},"properties":{"category":"glasbak","name":"0314","operator":"","osm_id":"node/257553781"}},{"type":"Feature","geometry":{"type":"Point","coordinates":[5.095491,52.077303]},"properties":{"category":"glasbak","name":"","operator":"","osm_id":"node/259451256"}},{"type":"Feature","geometry":{"type":"Point","coordinates":[5.093506,52.081721]},"properties":{"category":"glasbak","name":"","operator":"","osm_id":"node/262329467"}},{"type":"Feature","geometry":{"type":"Point","coordinates":[5.09977,52.087255]},"properties":{"category":"glasbak","name":"","operator":"","osm_id":"node/262903867"}},{"type":"Feature","geometry":{"type":"Point","coordinates":[5.104632,52.090647]},"properties":{"category":"glasbak","name":"6724","operator":"","osm_id":"node/262908600"}},{"type":"Feature","geometry":{"type":"Point","coordinates":[5.12878,52.103348]},"properties":{"category":"glasbak","name":"","operator":"","osm_id":"node/264118038"}},{"type":"Feature","geometry":{"type":"Point","coordinates":[5.117601,52.107241]},"properties":{"category":"glasbak","name":"","operator":"","osm_id":"node/290109739"}},{"type":"Feature","geometry":{"type":"Point","coordinates":[5.125726,52.105041]},"properties":{"category":"glasbak","name":"","operator":"","osm_id":"node/300898685"}},{"type":"Feature","geometry":{"type":"Point","coordinates":[5.129027,52.108013]},"properties":{"category":"glasbak","name":"","operator":"","osm_id":"node/300898688"}},{"type":"Feature","geometry":{"type":"Point","coordinates":[5.112229,52.080311]},"properties":{"category":"glasbak","name":"","operator":"","osm_id":"node/321056314"}},{"type":"Feature","geometry":{"type":"Point","coordinates":[5.03712,52.082194]},"properties":{"category":"glasbak","name":"","operator":"","osm_id":"node/348779122"}},{"type":"Feature","geometry":{"type":"Point","coordinates":[5.136421,52.065149]},"properties":{"category":"glasbak","name":"5480","operator":"","osm_id":"node/365435102"}},{"type":"Feature","geometry":{"type":"Point","coordinates":[5.136793,52.064363]},"properties":{"category":"glasbak","name":"3256","operator":"","osm_id":"node/365435312"}},{"type":"Feature","geometry":{"type":"Point","coordinates":[5.043933,52.094275]},"properties":{"category":"glasbak","name":"4733","operator":"","osm_id":"node/368865693"}},{"type":"Feature","geometry":{"type":"Point","coordinates":[5.114832,52.066326]},"properties":{"category":"glasbak","name":"","operator":"","osm_id":"node/379835937"}},{"type":"Feature","geometry":{"type":"Point","coordinates":[5.116638,52.070471]},"properties":{"category":"glasbak","name":"","operator":"","osm_id":"node/381958455"}},{"type":"Feature","geometry":{"type":"Point","coordinates":[5.11414,52.071524]},"properties":{"category":"glasbak","name":"","operator":"","osm_id":"node/385037534"}},{"type":"Feature","geometry":{"type":"Point","coordinates":[5.113192,52.074794]},"properties":{"category":"glasbak","name":"","operator":"","osm_id":"node/385605081"}},{"type":"Feature","geometry":{"type":"Point","coordinates":[5.086402,52.112613]},"properties":{"category":"glasbak","name":"","operator":"","osm_id":"node/398115789"}},{"type":"Feature","geometry":{"type":"Point","coordinates":[5.03764,52.109422]},"properties":{"category":"glasbak","name":"3545","operator":"","osm_id":"node/401958411"}},{"type":"Feature","geometry":{"type":"Point","coordinates":[5.087537,52.077871]},"properties":{"category":"glasbak","name":"2707","operator":"","osm_id":"node/408788039"}},{"type":"Feature","geometry":{"type":"Point","coordinates":[5.115787,52.077724]},"properties":{"category":"glasbak","name":"","operator":"","osm_id":"node/417241772"}},{"type":"Feature","geometry":{"type":"Point","coordinates":[5.129218,52.065135]},"properties":{"category":"glasbak","name":"","operator":"","osm_id":"node/433348773"}},{"type":"Feature","geometry":{"type":"Point","coordinates":[5.129569,52.110775]},"properties":{"category":"glasbak","name":"","operator":"","osm_id":"node/750702889"}},{"type":"Feature","geometry":{"type":"Point","coordinates":[5.11765,52.089539]},"properties":{"category":"glasbak","name":"","operator":"","osm_id":"node/874032619"}},{"type":"Feature","geometry":{"type":"Point","coordinates":[5.119601,52.088936]},"properties":{"category":"glasbak","name":"","operator":"","osm_id":"node/874401900"}},{"type":"Feature","geometry":{"type":"Point","coordinates":[5.124187,52.064387]},"properties":{"category":"glasbak","name":"","operator":"","osm_id":"node/907110111"}},{"type":"Feature","geometry":{"type":"Point","coordinates":[5.123545,52.061198]},"properties":{"category":"glasbak","name":"","operator":"","osm_id":"node/907166477"}},{"type":"Feature","geometry":{"type":"Point","coordinates":[5.094822,52.10398]},"properties":{"category":"glasbak","name":"","operator":"","osm_id":"node/917969383"}},{"type":"Feature","geometry":{"type":"Point","coordinates":[5.119549,52.059462]},"properties":{"category":"glasbak","name":"","operator":"","osm_id":"node/953831002"}},{"type":"Feature","geometry":{"type":"Point","coordinates":[5.116512,52.066315]},"properties":{"category":"glasbak","name":"","operator":"","osm_id":"node/969006112"}},{"type":"Feature","geometry":{"type":"Point","coordinates":[5.139206,52.063907]},"properties":{"category":"glasbak","name":"","operator":"","osm_id":"node/974719614"}},{"type":"Feature","geometry":{"type":"Point","coordinates":[5.136429,52.063697]},"properties":{"category":"glasbak","name":"","operator":"","osm_id":"node/974720257"}},{"type":"Feature","geometry":{"type":"Point","coordinates":[5.11519,52.080673]},"properties":{"category":"glasbak","name":"","operator":"","osm_id":"node/1054647304"}},{"type":"Feature","geometry":{"type":"Point","coordinates":[5.129414,52.078992]},"properties":{"category":"glasbak","name":"","operator":"","osm_id":"node/1312102353"}},{"type":"Feature","geometry":{"type":"Point","coordinates":[5.014013,52.086098]},"properties":{"category":"glasbak","name":"1634","operator":"","osm_id":"node/1312127733"}},{"type":"Feature","geometry":{"type":"Point","coordinates":[5.013634,52.084758]},"properties":{"category":"glasbak","name":"","operator":"Emmaus","osm_id":"node/1312127747"}},{"type":"Feature","geometry":{"type":"Point","coordinates":[5.015152,52.085073]},"properties":{"category":"glasbak","name":"1621","operator":"","osm_id":"node/1312127754"}},{"type":"Feature","geometry":{"type":"Point","coordinates":[5.124492,52.076038]},"properties":{"category":"glasbak","name":"","operator":"","osm_id":"node/1501469786"}},{"type":"Feature","geometry":{"type":"Point","coordinates":[5.136501,52.101856]},"properties":{"category":"glasbak","name":"","operator":"","osm_id":"node/1591093876"}},{"type":"Feature","geometry":{"type":"Point","coordinates":[5.121317,52.096499]},"properties":{"category":"glasbak","name":"","operator":"","osm_id":"node/1667275497"}},{"type":"Feature","geometry":{"type":"Point","coordinates":[5.131207,52.115896]},"properties":{"category":"glasbak","name":"","operator":"","osm_id":"node/1686637983"}},{"type":"Feature","geometry":{"type":"Point","coordinates":[5.094691,52.095797]},"properties":{"category":"glasbak","name":"7969","operator":"","osm_id":"node/1767827133"}},{"type":"Feature","geometry":{"type":"Point","coordinates":[5.131548,52.086162]},"properties":{"category":"glasbak","name":"","operator":"","osm_id":"node/1768369868"}},{"type":"Feature","geometry":{"type":"Point","coordinates":[5.108827,52.096201]},"properties":{"category":"glasbak","name":"","operator":"","osm_id":"node/1799103154"}},{"type":"Feature","geometry":{"type":"Point","coordinates":[5.137394,52.09603]},"properties":{"category":"glasbak","name":"6406","operator":"","osm_id":"node/1859857782"}},{"type":"Feature","geometry":{"type":"Point","coordinates":[5.136538,52.077116]},"properties":{"category":"glasbak","name":"","operator":"","osm_id":"node/2183395562"}},{"type":"Feature","geometry":{"type":"Point","coordinates":[5.127767,52.115905]},"properties":{"category":"glasbak","name":"","operator":"","osm_id":"node/2292526629"}},{"type":"Feature","geometry":{"type":"Point","coordinates":[5.01314,52.084239]},"properties":{"category":"glasbak","name":"","operator":"","osm_id":"node/2296688017"}},{"type":"Feature","geometry":{"type":"Point","coordinates":[5.128921,52.063632]},"properties":{"category":"glasbak","name":"3145","operator":"","osm_id":"node/2486008844"}},{"type":"Feature","geometry":{"type":"Point","coordinates":[5.128933,52.063653]},"properties":{"category":"glasbak","name":"","operator":"","osm_id":"node/2486009074"}},{"type":"Feature","geometry":{"type":"Point","coordinates":[5.139677,52.067312]},"properties":{"category":"glasbak","name":"","operator":"","osm_id":"node/2522131600"}},{"type":"Feature","geometry":{"type":"Point","coordinates":[5.100505,52.109709]},"properties":{"category":"glasbak","name":"","operator":"","osm_id":"node/2559881681"}},{"type":"Feature","geometry":{"type":"Point","coordinates":[5.100425,52.102151]},"properties":{"category":"glasbak","name":"","operator":"","osm_id":"node/2800752240"}},{"type":"Feature","geometry":{"type":"Point","coordinates":[5.098879,52.103048]},"properties":{"category":"glasbak","name":"","operator":"","osm_id":"node/2800752241"}},{"type":"Feature","geometry":{"type":"Point","coordinates":[5.108266,52.106537]},"properties":{"category":"glasbak","name":"","operator":"","osm_id":"node/2907769423"}},{"type":"Feature","geometry":{"type":"Point","coordinates":[5.127807,52.081032]},"properties":{"category":"glasbak","name":"","operator":"","osm_id":"node/3257821165"}},{"type":"Feature","geometry":{"type":"Point","coordinates":[5.089864,52.071216]},"properties":{"category":"glasbak","name":"7054","operator":"","osm_id":"node/3304933110"}},{"type":"Feature","geometry":{"type":"Point","coordinates":[5.098814,52.064243]},"properties":{"category":"glasbak","name":"","operator":"","osm_id":"node/3305012463"}},{"type":"Feature","geometry":{"type":"Point","coordinates":[5.091517,52.075958]},"properties":{"category":"glasbak","name":"","operator":"","osm_id":"node/3307822160"}},{"type":"Feature","geometry":{"type":"Point","coordinates":[5.100306,52.064769]},"properties":{"category":"glasbak","name":"","operator":"","osm_id":"node/3507573646"}},{"type":"Feature","geometry":{"type":"Point","coordinates":[5.09781,52.063772]},"properties":{"category":"glasbak","name":"3656","operator":"","osm_id":"node/3510964889"}},{"type":"Feature","geometry":{"type":"Point","coordinates":[5.097842,52.063783]},"properties":{"category":"glasbak","name":"3657","operator":"","osm_id":"node/3510964890"}},{"type":"Feature","geometry":{"type":"Point","coordinates":[5.097536,52.066055]},"properties":{"category":"glasbak","name":"7265","operator":"","osm_id":"node/3510990931"}},{"type":"Feature","geometry":{"type":"Point","coordinates":[5.097547,52.066038]},"properties":{"category":"glasbak","name":"4072","operator":"","osm_id":"node/3510990932"}},{"type":"Feature","geometry":{"type":"Point","coordinates":[5.098083,52.066572]},"properties":{"category":"glasbak","name":"0334","operator":"","osm_id":"node/3510990933"}},{"type":"Feature","geometry":{"type":"Point","coordinates":[5.098105,52.066579]},"properties":{"category":"glasbak","name":"0478","operator":"","osm_id":"node/3510990935"}},{"type":"Feature","geometry":{"type":"Point","coordinates":[5.098066,52.06659]},"properties":{"category":"glasbak","name":"0333","operator":"","osm_id":"node/3510990936"}},{"type":"Feature","geometry":{"type":"Point","coordinates":[5.050895,52.101332]},"properties":{"category":"glasbak","name":"5033","operator":"","osm_id":"node/3550591633"}},{"type":"Feature","geometry":{"type":"Point","coordinates":[5.050799,52.100546]},"properties":{"category":"glasbak","name":"5169","operator":"","osm_id":"node/3550592299"}},{"type":"Feature","geometry":{"type":"Point","coordinates":[5.046633,52.100707]},"properties":{"category":"glasbak","name":"3684","operator":"","osm_id":"node/3550596672"}},{"type":"Feature","geometry":{"type":"Point","coordinates":[5.081434,52.098145]},"properties":{"category":"glasbak","name":"2664","operator":"","osm_id":"node/3612322028"}},{"type":"Feature","geometry":{"type":"Point","coordinates":[5.009576,52.09429]},"properties":{"category":"glasbak","name":"2345","operator":"","osm_id":"node/3688382928"}},{"type":"Feature","geometry":{"type":"Point","coordinates":[5.103337,52.065976]},"properties":{"category":"glasbak","name":"3597","operator":"","osm_id":"node/3933094382"}},{"type":"Feature","geometry":{"type":"Point","coordinates":[5.103323,52.065991]},"properties":{"category":"glasbak","name":"2811","operator":"","osm_id":"node/3933094383"}},{"type":"Feature","geometry":{"type":"Point","coordinates":[5.103306,52.066008]},"properties":{"category":"glasbak","name":"3671","operator":"","osm_id":"node/3933094384"}},{"type":"Feature","geometry":{"type":"Point","coordinates":[5.103291,52.066026]},"properties":{"category":"glasbak","name":"3670","operator":"","osm_id":"node/3933094386"}},{"type":"Feature","geometry":{"type":"Point","coordinates":[5.103274,52.066043]},"properties":{"category":"glasbak","name":"3669","operator":"","osm_id":"node/3933094387"}},{"type":"Feature","geometry":{"type":"Point","coordinates":[5.103258,52.066059]},"properties":{"category":"glasbak","name":"3668","operator":"","osm_id":"node/3933094388"}},{"type":"Feature","geometry":{"type":"Point","coordinates":[5.014293,52.093015]},"properties":{"category":"glasbak","name":"7509","operator":"","osm_id":"node/4003899800"}},{"type":"Feature","geometry":{"type":"Point","coordinates":[5.177648,52.084606]},"properties":{"category":"glasbak","name":"","operator":"UMC Utrecht","osm_id":"node/4186224852"}},{"type":"Feature","geometry":{"type":"Point","coordinates":[5.177679,52.084606]},"properties":{"category":"glasbak","name":"","operator":"UMC Utrecht","osm_id":"node/4186224853"}},{"type":"Feature","geometry":{"type":"Point","coordinates":[5.177711,52.084606]},"properties":{"category":"glasbak","name":"","operator":"UMC Utrecht","osm_id":"node/4186224854"}},{"type":"Feature","geometry":{"type":"Point","coordinates":[5.04713,52.100582]},"properties":{"category":"glasbak","name":"7968","operator":"","osm_id":"node/4189545709"}},{"type":"Feature","geometry":{"type":"Point","coordinates":[5.043655,52.100775]},"properties":{"category":"glasbak","name":"7574","operator":"","osm_id":"node/4189545710"}},{"type":"Feature","geometry":{"type":"Point","coordinates":[5.172894,52.082334]},"properties":{"category":"glasbak","name":"2726","operator":"","osm_id":"node/4190459208"}},{"type":"Feature","geometry":{"type":"Point","coordinates":[5.172894,52.082354]},"properties":{"category":"glasbak","name":"2725","operator":"","osm_id":"node/4190459209"}},{"type":"Feature","geometry":{"type":"Point","coordinates":[5.172926,52.082335]},"properties":{"category":"glasbak","name":"4855","operator":"","osm_id":"node/4190459210"}},{"type":"Feature","geometry":{"type":"Point","coordinates":[5.172893,52.082373]},"properties":{"category":"glasbak","name":"5595","operator":"","osm_id":"node/4190459211"}},{"type":"Feature","geometry":{"type":"Point","coordinates":[5.172921,52.082372]},"properties":{"category":"glasbak","name":"2830","operator":"","osm_id":"node/4190459212"}},{"type":"Feature","geometry":{"type":"Point","coordinates":[5.172919,52.082391]},"properties":{"category":"glasbak","name":"2829","operator":"","osm_id":"node/4190459213"}},{"type":"Feature","geometry":{"type":"Point","coordinates":[5.172892,52.082391]},"properties":{"category":"glasbak","name":"5539","operator":"","osm_id":"node/4190459214"}},{"type":"Feature","geometry":{"type":"Point","coordinates":[5.172923,52.082354]},"properties":{"category":"glasbak","name":"5153","operator":"","osm_id":"node/4190459215"}},{"type":"Feature","geometry":{"type":"Point","coordinates":[5.005138,52.085186]},"properties":{"category":"glasbak","name":"6381","operator":"","osm_id":"node/4197289979"}},{"type":"Feature","geometry":{"type":"Point","coordinates":[4.998145,52.096699]},"properties":{"category":"glasbak","name":"4220","operator":"","osm_id":"node/4197289980"}},{"type":"Feature","geometry":{"type":"Point","coordinates":[5.014021,52.105137]},"properties":{"category":"glasbak","name":"7552","operator":"","osm_id":"node/4197289981"}},{"type":"Feature","geometry":{"type":"Point","coordinates":[5.013318,52.106083]},"properties":{"category":"glasbak","name":"7700","operator":"","osm_id":"node/4197289982"}},{"type":"Feature","geometry":{"type":"Point","coordinates":[5.018809,52.081624]},"properties":{"category":"glasbak","name":"4328","operator":"","osm_id":"node/4197536910"}},{"type":"Feature","geometry":{"type":"Point","coordinates":[5.016332,52.09203]},"properties":{"category":"glasbak","name":"8106","operator":"","osm_id":"node/4215266606"}},{"type":"Feature","geometry":{"type":"Point","coordinates":[5.044349,52.082677]},"properties":{"category":"glasbak","name":"","operator":"","osm_id":"node/4269566608"}},{"type":"Feature","geometry":{"type":"Point","coordinates":[5.140935,52.068224]},"properties":{"category":"glasbak","name":"","operator":"","osm_id":"node/4326645483"}},{"type":"Feature","geometry":{"type":"Point","coordinates":[5.118695,52.070297]},"properties":{"category":"glasbak","name":"","operator":"","osm_id":"node/4326645556"}},{"type":"Feature","geometry":{"type":"Point","coordinates":[5.125873,52.072435]},"properties":{"category":"glasbak","name":"3035","operator":"","osm_id":"node/4326645934"}},{"type":"Feature","geometry":{"type":"Point","coordinates":[5.088902,52.072008]},"properties":{"category":"glasbak","name":"4149","operator":"","osm_id":"node/4326645939"}},{"type":"Feature","geometry":{"type":"Point","coordinates":[5.087992,52.076145]},"properties":{"category":"glasbak","name":"7424","operator":"","osm_id":"node/4326646384"}},{"type":"Feature","geometry":{"type":"Point","coordinates":[5.096539,52.08312]},"properties":{"category":"glasbak","name":"1073","operator":"","osm_id":"node/4326646734"}},{"type":"Feature","geometry":{"type":"Point","coordinates":[5.127293,52.077914]},"properties":{"category":"glasbak","name":"7285","operator":"","osm_id":"node/4326858550"}},{"type":"Feature","geometry":{"type":"Point","coordinates":[5.137241,52.079278]},"properties":{"category":"glasbak","name":"","operator":"","osm_id":"node/4326858564"}},{"type":"Feature","geometry":{"type":"Point","coordinates":[5.134044,52.079685]},"properties":{"category":"glasbak","name":"5467","operator":"","osm_id":"node/4326858575"}},{"type":"Feature","geometry":{"type":"Point","coordinates":[5.100666,52.109613]},"properties":{"category":"glasbak","name":"","operator":"","osm_id":"node/4326878154"}},{"type":"Feature","geometry":{"type":"Point","coordinates":[5.104498,52.118471]},"properties":{"category":"glasbak","name":"","operator":"","osm_id":"node/4326878750"}},{"type":"Feature","geometry":{"type":"Point","coordinates":[5.10896,52.118812]},"properties":{"category":"glasbak","name":"","operator":"","osm_id":"node/4326878772"}},{"type":"Feature","geometry":{"type":"Point","coordinates":[5.107122,52.119932]},"properties":{"category":"glasbak","name":"","operator":"","osm_id":"node/4326878850"}},{"type":"Feature","geometry":{"type":"Point","coordinates":[5.090957,52.122397]},"properties":{"category":"glasbak","name":"","operator":"","osm_id":"node/4326878954"}},{"type":"Feature","geometry":{"type":"Point","coordinates":[5.140583,52.082765]},"properties":{"category":"glasbak","name":"","operator":"","osm_id":"node/4326888978"}},{"type":"Feature","geometry":{"type":"Point","coordinates":[5.119216,52.085345]},"properties":{"category":"glasbak","name":"","operator":"","osm_id":"node/4326889075"}},{"type":"Feature","geometry":{"type":"Point","coordinates":[5.146072,52.085825]},"properties":{"category":"glasbak","name":"","operator":"","osm_id":"node/4326889091"}},{"type":"Feature","geometry":{"type":"Point","coordinates":[5.131639,52.086177]},"properties":{"category":"glasbak","name":"","operator":"","osm_id":"node/4326889108"}},{"type":"Feature","geometry":{"type":"Point","coordinates":[5.144628,52.087098]},"properties":{"category":"glasbak","name":"","operator":"","osm_id":"node/4326889146"}},{"type":"Feature","geometry":{"type":"Point","coordinates":[5.144652,52.087105]},"properties":{"category":"glasbak","name":"","operator":"","osm_id":"node/4326889147"}},{"type":"Feature","geometry":{"type":"Point","coordinates":[5.119146,52.089715]},"properties":{"category":"glasbak","name":"","operator":"","osm_id":"node/4326889817"}},{"type":"Feature","geometry":{"type":"Point","coordinates":[5.114787,52.094676]},"properties":{"category":"glasbak","name":"","operator":"","osm_id":"node/4326890491"}},{"type":"Feature","geometry":{"type":"Point","coordinates":[5.129038,52.098878]},"properties":{"category":"glasbak","name":"","operator":"","osm_id":"node/4326890746"}},{"type":"Feature","geometry":{"type":"Point","coordinates":[5.124323,52.094891]},"properties":{"category":"glasbak","name":"","operator":"Universiteit Utrecht","osm_id":"node/4353835079"}},{"type":"Feature","geometry":{"type":"Point","coordinates":[5.124292,52.094894]},"properties":{"category":"glasbak","name":"","operator":"Universiteit Utrecht","osm_id":"node/4353835080"}},{"type":"Feature","geometry":{"type":"Point","coordinates":[5.124297,52.09491]},"properties":{"category":"glasbak","name":"","operator":"Universiteit Utrecht","osm_id":"node/4353835304"}},{"type":"Feature","geometry":{"type":"Point","coordinates":[5.051162,52.102902]},"properties":{"category":"glasbak","name":"6177","operator":"","osm_id":"node/4471227496"}},{"type":"Feature","geometry":{"type":"Point","coordinates":[5.084427,52.107605]},"properties":{"category":"glasbak","name":"","operator":"","osm_id":"node/4493958342"}},{"type":"Feature","geometry":{"type":"Point","coordinates":[5.013716,52.106562]},"properties":{"category":"glasbak","name":"2480","operator":"","osm_id":"node/4566611080"}},{"type":"Feature","geometry":{"type":"Point","coordinates":[5.175815,52.082488]},"properties":{"category":"glasbak","name":"4056","operator":"","osm_id":"node/4701295446"}},{"type":"Feature","geometry":{"type":"Point","coordinates":[5.096955,52.093675]},"properties":{"category":"glasbak","name":"","operator":"","osm_id":"node/4729881811"}},{"type":"Feature","geometry":{"type":"Point","coordinates":[4.99838,52.102383]},"properties":{"category":"glasbak","name":"5440","operator":"","osm_id":"node/4867481921"}},{"type":"Feature","geometry":{"type":"Point","coordinates":[4.997223,52.101947]},"properties":{"category":"glasbak","name":"","operator":"","osm_id":"node/4867481922"}},{"type":"Feature","geometry":{"type":"Point","coordinates":[5.098771,52.106352]},"properties":{"category":"glasbak","name":"","operator":"","osm_id":"node/5065833503"}},{"type":"Feature","geometry":{"type":"Point","coordinates":[5.021243,52.077724]},"properties":{"category":"glasbak","name":"","operator":"","osm_id":"node/5118534124"}},{"type":"Feature","geometry":{"type":"Point","coordinates":[5.022692,52.077716]},"properties":{"category":"glasbak","name":"","operator":"","osm_id":"node/5118534223"}},{"type":"Feature","geometry":{"type":"Point","coordinates":[5.023568,52.078293]},"properties":{"category":"glasbak","name":"6072","operator":"","osm_id":"node/5118542622"}},{"type":"Feature","geometry":{"type":"Point","coordinates":[5.023665,52.079203]},"properties":{"category":"glasbak","name":"","operator":"","osm_id":"node/5118550323"}},{"type":"Feature","geometry":{"type":"Point","coordinates":[5.03422,52.101868]},"properties":{"category":"glasbak","name":"6166","operator":"","osm_id":"node/5340515356"}},{"type":"Feature","geometry":{"type":"Point","coordinates":[5.034699,52.102469]},"properties":{"category":"glasbak","name":"4922","operator":"","osm_id":"node/5340515357"}},{"type":"Feature","geometry":{"type":"Point","coordinates":[5.036009,52.101735]},"properties":{"category":"glasbak","name":"5484","operator":"","osm_id":"node/5340515358"}},{"type":"Feature","geometry":{"type":"Point","coordinates":[5.037571,52.101662]},"properties":{"category":"glasbak","name":"4852","operator":"","osm_id":"node/5340515359"}},{"type":"Feature","geometry":{"type":"Point","coordinates":[5.039138,52.101575]},"properties":{"category":"glasbak","name":"","operator":"","osm_id":"node/5340515360"}},{"type":"Feature","geometry":{"type":"Point","coordinates":[5.040805,52.101481]},"properties":{"category":"glasbak","name":"3946","operator":"","osm_id":"node/5340515361"}},{"type":"Feature","geometry":{"type":"Point","coordinates":[5.018681,52.080843]},"properties":{"category":"glasbak","name":"","operator":"","osm_id":"node/5347836389"}},{"type":"Feature","geometry":{"type":"Point","coordinates":[5.138764,52.068962]},"properties":{"category":"glasbak","name":"","operator":"","osm_id":"node/5470078899"}},{"type":"Feature","geometry":{"type":"Point","coordinates":[5.133502,52.077383]},"properties":{"category":"glasbak","name":"","operator":"Rode Kruis","osm_id":"node/5559052043"}},{"type":"Feature","geometry":{"type":"Point","coordinates":[5.092252,52.077953]},"properties":{"category":"glasbak","name":"3706","operator":"","osm_id":"node/5743277525"}},{"type":"Feature","geometry":{"type":"Point","coordinates":[5.092311,52.07786]},"properties":{"category":"glasbak","name":"3707","operator":"","osm_id":"node/5743277526"}},{"type":"Feature","geometry":{"type":"Point","coordinates":[5.122116,52.075823]},"properties":{"category":"glasbak","name":"","operator":"","osm_id":"node/5811862330"}},{"type":"Feature","geometry":{"type":"Point","coordinates":[5.093106,52.077213]},"properties":{"category":"glasbak","name":"","operator":"","osm_id":"node/5902038173"}},{"type":"Feature","geometry":{"type":"Point","coordinates":[5.09391,52.076365]},"properties":{"category":"glasbak","name":"3703","operator":"","osm_id":"node/5902047711"}},{"type":"Feature","geometry":{"type":"Point","coordinates":[5.090172,52.113823]},"properties":{"category":"glasbak","name":"","operator":"","osm_id":"node/6040189812"}},{"type":"Feature","geometry":{"type":"Point","coordinates":[5.14183,52.091441]},"properties":{"category":"glasbak","name":"","operator":"","osm_id":"node/6051581974"}},{"type":"Feature","geometry":{"type":"Point","coordinates":[5.018804,52.081604]},"properties":{"category":"glasbak","name":"1695","operator":"","osm_id":"node/6260736455"}},{"type":"Feature","geometry":{"type":"Point","coordinates":[5.018684,52.080864]},"properties":{"category":"glasbak","name":"","operator":"","osm_id":"node/6260736459"}},{"type":"Feature","geometry":{"type":"Point","coordinates":[5.018688,52.080904]},"properties":{"category":"glasbak","name":"0411","operator":"","osm_id":"node/6260736473"}},{"type":"Feature","geometry":{"type":"Point","coordinates":[5.018686,52.080885]},"properties":{"category":"glasbak","name":"0410","operator":"","osm_id":"node/6260737086"}},{"type":"Feature","geometry":{"type":"Point","coordinates":[5.082345,52.090496]},"properties":{"category":"glasbak","name":"2658","operator":"","osm_id":"node/6762121032"}},{"type":"Feature","geometry":{"type":"Point","coordinates":[5.175813,52.082546]},"properties":{"category":"glasbak","name":"4053","operator":"","osm_id":"node/6953558656"}},{"type":"Feature","geometry":{"type":"Point","coordinates":[5.175815,52.082528]},"properties":{"category":"glasbak","name":"4054","operator":"","osm_id":"node/6953558657"}},{"type":"Feature","geometry":{"type":"Point","coordinates":[5.175815,52.082508]},"properties":{"category":"glasbak","name":"4055","operator":"","osm_id":"node/6953558658"}},{"type":"Feature","geometry":{"type":"Point","coordinates":[5.175817,52.082431]},"properties":{"category":"glasbak","name":"3979","operator":"","osm_id":"node/6953558659"}},{"type":"Feature","geometry":{"type":"Point","coordinates":[5.175815,52.082471]},"properties":{"category":"glasbak","name":"5135","operator":"","osm_id":"node/6953558660"}},{"type":"Feature","geometry":{"type":"Point","coordinates":[5.175817,52.082451]},"properties":{"category":"glasbak","name":"3978","operator":"","osm_id":"node/6953558661"}},{"type":"Feature","geometry":{"type":"Point","coordinates":[5.175816,52.082411]},"properties":{"category":"glasbak","name":"3948","operator":"","osm_id":"node/6953558662"}},{"type":"Feature","geometry":{"type":"Point","coordinates":[5.080925,52.088474]},"properties":{"category":"glasbak","name":"","operator":"","osm_id":"node/7141613918"}},{"type":"Feature","geometry":{"type":"Point","coordinates":[5.134039,52.079723]},"properties":{"category":"glasbak","name":"2902","operator":"","osm_id":"node/7179733820"}},{"type":"Feature","geometry":{"type":"Point","coordinates":[5.085191,52.086627]},"properties":{"category":"glasbak","name":"7057","operator":"","osm_id":"node/7288951174"}},{"type":"Feature","geometry":{"type":"Point","coordinates":[5.115518,52.102401]},"properties":{"category":"glasbak","name":"","operator":"","osm_id":"node/7599947980"}},{"type":"Feature","geometry":{"type":"Point","coordinates":[5.122591,52.102815]},"properties":{"category":"glasbak","name":"","operator":"","osm_id":"node/7600003615"}},{"type":"Feature","geometry":{"type":"Point","coordinates":[5.085943,52.076978]},"properties":{"category":"glasbak","name":"7049","operator":"","osm_id":"node/7650443600"}},{"type":"Feature","geometry":{"type":"Point","coordinates":[5.086229,52.074869]},"properties":{"category":"glasbak","name":"3574","operator":"","osm_id":"node/7650443612"}},{"type":"Feature","geometry":{"type":"Point","coordinates":[5.089704,52.076668]},"properties":{"category":"glasbak","name":"7464","operator":"","osm_id":"node/7650443663"}},{"type":"Feature","geometry":{"type":"Point","coordinates":[5.086697,52.075603]},"properties":{"category":"glasbak","name":"7053","operator":"","osm_id":"node/7650443679"}},{"type":"Feature","geometry":{"type":"Point","coordinates":[5.085981,52.077326]},"properties":{"category":"glasbak","name":"8184","operator":"","osm_id":"node/7650443683"}},{"type":"Feature","geometry":{"type":"Point","coordinates":[5.08828,52.076252]},"properties":{"category":"glasbak","name":"7461","operator":"","osm_id":"node/7650448101"}},{"type":"Feature","geometry":{"type":"Point","coordinates":[5.086174,52.074932]},"properties":{"category":"glasbak","name":"","operator":"","osm_id":"node/7650448117"}},{"type":"Feature","geometry":{"type":"Point","coordinates":[5.089843,52.079961]},"properties":{"category":"glasbak","name":"6073","operator":"","osm_id":"node/7660828172"}},{"type":"Feature","geometry":{"type":"Point","coordinates":[5.090644,52.078967]},"properties":{"category":"glasbak","name":"","operator":"","osm_id":"node/7660828173"}},{"type":"Feature","geometry":{"type":"Point","coordinates":[5.086951,52.079537]},"properties":{"category":"glasbak","name":"8197","operator":"","osm_id":"node/7660834056"}},{"type":"Feature","geometry":{"type":"Point","coordinates":[5.088515,52.078971]},"properties":{"category":"glasbak","name":"8100","operator":"","osm_id":"node/7660863881"}},{"type":"Feature","geometry":{"type":"Point","coordinates":[5.093947,52.076377]},"properties":{"category":"glasbak","name":"3702","operator":"","osm_id":"node/7673800473"}},{"type":"Feature","geometry":{"type":"Point","coordinates":[5.089409,52.078019]},"properties":{"category":"glasbak","name":"7061","operator":"","osm_id":"node/7689040513"}},{"type":"Feature","geometry":{"type":"Point","coordinates":[5.090621,52.078228]},"properties":{"category":"glasbak","name":"5076","operator":"","osm_id":"node/7689040514"}},{"type":"Feature","geometry":{"type":"Point","coordinates":[5.085637,52.079031]},"properties":{"category":"glasbak","name":"8082","operator":"","osm_id":"node/7717232319"}},{"type":"Feature","geometry":{"type":"Point","coordinates":[5.08413,52.07849]},"properties":{"category":"glasbak","name":"8171","operator":"","osm_id":"node/7717232322"}},{"type":"Feature","geometry":{"type":"Point","coordinates":[5.092192,52.075024]},"properties":{"category":"glasbak","name":"8101","operator":"","osm_id":"node/7734747953"}},{"type":"Feature","geometry":{"type":"Point","coordinates":[5.127478,52.089857]},"properties":{"category":"glasbak","name":"","operator":"","osm_id":"node/7796624168"}},{"type":"Feature","geometry":{"type":"Point","coordinates":[5.134209,52.083101]},"properties":{"category":"glasbak","name":"","operator":"","osm_id":"node/7798362748"}},{"type":"Feature","geometry":{"type":"Point","coordinates":[5.13192,52.081034]},"properties":{"category":"glasbak","name":"","operator":"","osm_id":"node/7798362749"}},{"type":"Feature","geometry":{"type":"Point","coordinates":[5.138593,52.084029]},"properties":{"category":"glasbak","name":"","operator":"","osm_id":"node/7872096416"}},{"type":"Feature","geometry":{"type":"Point","coordinates":[5.137314,52.084033]},"properties":{"category":"glasbak","name":"","operator":"","osm_id":"node/7872101486"}},{"type":"Feature","geometry":{"type":"Point","coordinates":[5.094074,52.07881]},"properties":{"category":"glasbak","name":"3713","operator":"","osm_id":"node/7888025159"}},{"type":"Feature","geometry":{"type":"Point","coordinates":[5.094103,52.078818]},"properties":{"category":"glasbak","name":"3714","operator":"","osm_id":"node/7888025160"}},{"type":"Feature","geometry":{"type":"Point","coordinates":[5.129704,52.101999]},"properties":{"category":"glasbak","name":"","operator":"","osm_id":"node/7948457628"}},{"type":"Feature","geometry":{"type":"Point","coordinates":[5.093162,52.073977]},"properties":{"category":"glasbak","name":"4898","operator":"","osm_id":"node/7992221480"}},{"type":"Feature","geometry":{"type":"Point","coordinates":[5.137396,52.096011]},"properties":{"category":"glasbak","name":"","operator":"","osm_id":"node/7999540969"}},{"type":"Feature","geometry":{"type":"Point","coordinates":[5.137363,52.096009]},"properties":{"category":"glasbak","name":"6459","operator":"","osm_id":"node/7999540970"}},{"type":"Feature","geometry":{"type":"Point","coordinates":[5.137361,52.09603]},"properties":{"category":"glasbak","name":"","operator":"","osm_id":"node/7999540971"}},{"type":"Feature","geometry":{"type":"Point","coordinates":[5.090383,52.096171]},"properties":{"category":"glasbak","name":"2755","operator":"","osm_id":"node/8000542403"}},{"type":"Feature","geometry":{"type":"Point","coordinates":[5.0925,52.089059]},"properties":{"category":"glasbak","name":"","operator":"","osm_id":"node/8021568111"}},{"type":"Feature","geometry":{"type":"Point","coordinates":[5.104786,52.072584]},"properties":{"category":"glasbak","name":"4174","operator":"","osm_id":"node/8297128584"}},{"type":"Feature","geometry":{"type":"Point","coordinates":[5.104755,52.072581]},"properties":{"category":"glasbak","name":"4175","operator":"","osm_id":"node/8297128585"}},{"type":"Feature","geometry":{"type":"Point","coordinates":[5.102976,52.072515]},"properties":{"category":"glasbak","name":"","operator":"","osm_id":"node/8297128912"}},{"type":"Feature","geometry":{"type":"Point","coordinates":[5.138507,52.076611]},"properties":{"category":"glasbak","name":"7434","operator":"","osm_id":"node/8381870210"}},{"type":"Feature","geometry":{"type":"Point","coordinates":[5.138504,52.076587]},"properties":{"category":"glasbak","name":"7406","operator":"","osm_id":"node/8381870211"}},{"type":"Feature","geometry":{"type":"Point","coordinates":[5.13757,52.076871]},"properties":{"category":"glasbak","name":"7457","operator":"","osm_id":"node/8381870212"}},{"type":"Feature","geometry":{"type":"Point","coordinates":[5.137569,52.076852]},"properties":{"category":"glasbak","name":"7385","operator":"","osm_id":"node/8381870213"}},{"type":"Feature","geometry":{"type":"Point","coordinates":[5.136511,52.077119]},"properties":{"category":"glasbak","name":"","operator":"","osm_id":"node/8381870242"}},{"type":"Feature","geometry":{"type":"Point","coordinates":[5.04117,52.100853]},"properties":{"category":"glasbak","name":"","operator":"Care4Care","osm_id":"node/8480980348"}},{"type":"Feature","geometry":{"type":"Point","coordinates":[5.122919,52.076645]},"properties":{"category":"glasbak","name":"","operator":"","osm_id":"node/8537044454"}},{"type":"Feature","geometry":{"type":"Point","coordinates":[5.116935,52.100159]},"properties":{"category":"glasbak","name":"5363","operator":"","osm_id":"node/8658843081"}},{"type":"Feature","geometry":{"type":"Point","coordinates":[5.116903,52.100157]},"properties":{"category":"glasbak","name":"5176","operator":"","osm_id":"node/8658843082"}},{"type":"Feature","geometry":{"type":"Point","coordinates":[5.092836,52.110648]},"properties":{"category":"glasbak","name":"","operator":"","osm_id":"node/8659219487"}},{"type":"Feature","geometry":{"type":"Point","coordinates":[5.110754,52.112357]},"properties":{"category":"glasbak","name":"5354","operator":"","osm_id":"node/8690797869"}},{"type":"Feature","geometry":{"type":"Point","coordinates":[4.999763,52.10122]},"properties":{"category":"glasbak","name":"5273","operator":"","osm_id":"node/8719749019"}},{"type":"Feature","geometry":{"type":"Point","coordinates":[5.132418,52.113363]},"properties":{"category":"glasbak","name":"","operator":"","osm_id":"node/8767852941"}},{"type":"Feature","geometry":{"type":"Point","coordinates":[5.131088,52.112897]},"properties":{"category":"glasbak","name":"","operator":"","osm_id":"node/8767853116"}},{"type":"Feature","geometry":{"type":"Point","coordinates":[5.129809,52.114082]},"properties":{"category":"glasbak","name":"","operator":"","osm_id":"node/8767853334"}},{"type":"Feature","geometry":{"type":"Point","coordinates":[5.125749,52.111313]},"properties":{"category":"glasbak","name":"3529","operator":"","osm_id":"node/8768449309"}},{"type":"Feature","geometry":{"type":"Point","coordinates":[5.125729,52.111327]},"properties":{"category":"glasbak","name":"3530","operator":"","osm_id":"node/8768449310"}},{"type":"Feature","geometry":{"type":"Point","coordinates":[5.134502,52.079797]},"properties":{"category":"glasbak","name":"7468","operator":"","osm_id":"node/8785571608"}},{"type":"Feature","geometry":{"type":"Point","coordinates":[5.135481,52.079907]},"properties":{"category":"glasbak","name":"","operator":"","osm_id":"node/8785571609"}},{"type":"Feature","geometry":{"type":"Point","coordinates":[5.136363,52.080011]},"properties":{"category":"glasbak","name":"","operator":"","osm_id":"node/8785571610"}},{"type":"Feature","geometry":{"type":"Point","coordinates":[5.093687,52.109889]},"properties":{"category":"glasbak","name":"","operator":"","osm_id":"node/8836971520"}},{"type":"Feature","geometry":{"type":"Point","coordinates":[5.093685,52.1098]},"properties":{"category":"glasbak","name":"","operator":"","osm_id":"node/8836971521"}},{"type":"Feature","geometry":{"type":"Point","coordinates":[5.09336,52.109465]},"properties":{"category":"glasbak","name":"","operator":"","osm_id":"node/8836971522"}},{"type":"Feature","geometry":{"type":"Point","coordinates":[5.093331,52.109419]},"properties":{"category":"glasbak","name":"","operator":"","osm_id":"node/8836971523"}},{"type":"Feature","geometry":{"type":"Point","coordinates":[5.093346,52.109449]},"properties":{"category":"glasbak","name":"","operator":"","osm_id":"node/8842667660"}},{"type":"Feature","geometry":{"type":"Point","coordinates":[5.138562,52.084028]},"properties":{"category":"glasbak","name":"3926","operator":"","osm_id":"node/8948719758"}},{"type":"Feature","geometry":{"type":"Point","coordinates":[5.138529,52.084028]},"properties":{"category":"glasbak","name":"","operator":"","osm_id":"node/8948719759"}},{"type":"Feature","geometry":{"type":"Point","coordinates":[5.138493,52.084028]},"properties":{"category":"glasbak","name":"","operator":"","osm_id":"node/8948719760"}},{"type":"Feature","geometry":{"type":"Point","coordinates":[5.134042,52.079704]},"properties":{"category":"glasbak","name":"2901","operator":"","osm_id":"node/9040092555"}},{"type":"Feature","geometry":{"type":"Point","coordinates":[5.127308,52.077929]},"properties":{"category":"glasbak","name":"7286","operator":"","osm_id":"node/9192747179"}},{"type":"Feature","geometry":{"type":"Point","coordinates":[5.128201,52.078922]},"properties":{"category":"glasbak","name":"7444","operator":"","osm_id":"node/9207059075"}},{"type":"Feature","geometry":{"type":"Point","coordinates":[5.128177,52.078932]},"properties":{"category":"glasbak","name":"","operator":"","osm_id":"node/9207059076"}},{"type":"Feature","geometry":{"type":"Point","coordinates":[5.127477,52.07959]},"properties":{"category":"glasbak","name":"3520","operator":"","osm_id":"node/9207059098"}},{"type":"Feature","geometry":{"type":"Point","coordinates":[5.127454,52.079603]},"properties":{"category":"glasbak","name":"3519","operator":"","osm_id":"node/9207059099"}},{"type":"Feature","geometry":{"type":"Point","coordinates":[5.005064,52.103565]},"properties":{"category":"glasbak","name":"","operator":"","osm_id":"node/9248335234"}},{"type":"Feature","geometry":{"type":"Point","coordinates":[5.129008,52.067107]},"properties":{"category":"glasbak","name":"7650","operator":"","osm_id":"node/9292460967"}},{"type":"Feature","geometry":{"type":"Point","coordinates":[5.128984,52.067114]},"properties":{"category":"glasbak","name":"7553","operator":"","osm_id":"node/9292460968"}},{"type":"Feature","geometry":{"type":"Point","coordinates":[5.128998,52.067087]},"properties":{"category":"glasbak","name":"","operator":"","osm_id":"node/9292460969"}},{"type":"Feature","geometry":{"type":"Point","coordinates":[5.128969,52.067095]},"properties":{"category":"glasbak","name":"","operator":"","osm_id":"node/9292460970"}},{"type":"Feature","geometry":{"type":"Point","coordinates":[5.129414,52.067851]},"properties":{"category":"glasbak","name":"","operator":"","osm_id":"node/9292460982"}},{"type":"Feature","geometry":{"type":"Point","coordinates":[5.12793,52.065796]},"properties":{"category":"glasbak","name":"7649","operator":"","osm_id":"node/9292460989"}},{"type":"Feature","geometry":{"type":"Point","coordinates":[5.1279,52.065806]},"properties":{"category":"glasbak","name":"7647","operator":"","osm_id":"node/9292460990"}},{"type":"Feature","geometry":{"type":"Point","coordinates":[5.113571,52.080655]},"properties":{"category":"glasbak","name":"","operator":"","osm_id":"node/9306708958"}},{"type":"Feature","geometry":{"type":"Point","coordinates":[5.113528,52.080661]},"properties":{"category":"glasbak","name":"5430","operator":"","osm_id":"node/9306708959"}},{"type":"Feature","geometry":{"type":"Point","coordinates":[5.113558,52.080672]},"properties":{"category":"glasbak","name":"5338","operator":"","osm_id":"node/9306708960"}},{"type":"Feature","geometry":{"type":"Point","coordinates":[5.101977,52.065357]},"properties":{"category":"glasbak","name":"3666","operator":"","osm_id":"node/9312179283"}},{"type":"Feature","geometry":{"type":"Point","coordinates":[5.102004,52.065367]},"properties":{"category":"glasbak","name":"3667","operator":"","osm_id":"node/9312179284"}},{"type":"Feature","geometry":{"type":"Point","coordinates":[5.13219,52.062956]},"properties":{"category":"glasbak","name":"7680","operator":"","osm_id":"node/9452000218"}},{"type":"Feature","geometry":{"type":"Point","coordinates":[5.132187,52.062986]},"properties":{"category":"glasbak","name":"3679","operator":"","osm_id":"node/9452000219"}},{"type":"Feature","geometry":{"type":"Point","coordinates":[5.132285,52.063305]},"properties":{"category":"glasbak","name":"7978","operator":"","osm_id":"node/9452000264"}},{"type":"Feature","geometry":{"type":"Point","coordinates":[5.13229,52.063286]},"properties":{"category":"glasbak","name":"7906","operator":"","osm_id":"node/9452000265"}},{"type":"Feature","geometry":{"type":"Point","coordinates":[5.132593,52.064652]},"properties":{"category":"glasbak","name":"","operator":"Leger des Heils","osm_id":"node/9452000595"}},{"type":"Feature","geometry":{"type":"Point","coordinates":[5.132568,52.064653]},"properties":{"category":"glasbak","name":"","operator":"","osm_id":"node/9452000596"}},{"type":"Feature","geometry":{"type":"Point","coordinates":[5.132542,52.064653]},"properties":{"category":"glasbak","name":"","operator":"","osm_id":"node/9452000597"}},{"type":"Feature","geometry":{"type":"Point","coordinates":[5.132466,52.064655]},"properties":{"category":"glasbak","name":"","operator":"","osm_id":"node/9452000598"}},{"type":"Feature","geometry":{"type":"Point","coordinates":[5.131091,52.062753]},"properties":{"category":"glasbak","name":"","operator":"","osm_id":"node/9452079564"}},{"type":"Feature","geometry":{"type":"Point","coordinates":[5.133524,52.062286]},"properties":{"category":"glasbak","name":"","operator":"","osm_id":"node/9452525180"}},{"type":"Feature","geometry":{"type":"Point","coordinates":[5.132291,52.061523]},"properties":{"category":"glasbak","name":"","operator":"","osm_id":"node/9452541002"}},{"type":"Feature","geometry":{"type":"Point","coordinates":[5.132295,52.061544]},"properties":{"category":"glasbak","name":"","operator":"","osm_id":"node/9452541003"}},{"type":"Feature","geometry":{"type":"Point","coordinates":[5.135112,52.058356]},"properties":{"category":"glasbak","name":"7682","operator":"","osm_id":"node/9456809165"}},{"type":"Feature","geometry":{"type":"Point","coordinates":[5.135064,52.058355]},"properties":{"category":"glasbak","name":"7674","operator":"","osm_id":"node/9456809166"}},{"type":"Feature","geometry":{"type":"Point","coordinates":[5.132535,52.058582]},"properties":{"category":"glasbak","name":"","operator":"","osm_id":"node/9456812680"}},{"type":"Feature","geometry":{"type":"Point","coordinates":[5.138561,52.059874]},"properties":{"category":"glasbak","name":"","operator":"","osm_id":"node/9463395524"}},{"type":"Feature","geometry":{"type":"Point","coordinates":[5.13786,52.059193]},"properties":{"category":"glasbak","name":"","operator":"","osm_id":"node/9463395562"}},{"type":"Feature","geometry":{"type":"Point","coordinates":[5.137353,52.059178]},"properties":{"category":"glasbak","name":"","operator":"","osm_id":"node/9463395627"}},{"type":"Feature","geometry":{"type":"Point","coordinates":[5.133843,52.058411]},"properties":{"category":"glasbak","name":"","operator":"","osm_id":"node/9463395907"}},{"type":"Feature","geometry":{"type":"Point","coordinates":[5.138571,52.062382]},"properties":{"category":"glasbak","name":"7928","operator":"","osm_id":"node/9463438055"}},{"type":"Feature","geometry":{"type":"Point","coordinates":[5.138046,52.061109]},"properties":{"category":"glasbak","name":"","operator":"","osm_id":"node/9463466717"}},{"type":"Feature","geometry":{"type":"Point","coordinates":[5.138211,52.060853]},"properties":{"category":"glasbak","name":"","operator":"","osm_id":"node/9463466718"}},{"type":"Feature","geometry":{"type":"Point","coordinates":[5.1302,52.057433]},"properties":{"category":"glasbak","name":"","operator":"","osm_id":"node/9464715240"}},{"type":"Feature","geometry":{"type":"Point","coordinates":[5.12905,52.05816]},"properties":{"category":"glasbak","name":"","operator":"","osm_id":"node/9464715244"}},{"type":"Feature","geometry":{"type":"Point","coordinates":[5.129027,52.059523]},"properties":{"category":"glasbak","name":"","operator":"","osm_id":"node/9465740402"}},{"type":"Feature","geometry":{"type":"Point","coordinates":[5.10994,52.112847]},"properties":{"category":"glasbak","name":"","operator":"","osm_id":"node/9466104675"}},{"type":"Feature","geometry":{"type":"Point","coordinates":[5.127637,52.061195]},"properties":{"category":"glasbak","name":"7646","operator":"","osm_id":"node/9471617487"}},{"type":"Feature","geometry":{"type":"Point","coordinates":[5.127604,52.061202]},"properties":{"category":"glasbak","name":"7651","operator":"","osm_id":"node/9471617488"}},{"type":"Feature","geometry":{"type":"Point","coordinates":[5.12781,52.062072]},"properties":{"category":"glasbak","name":"7521","operator":"","osm_id":"node/9471617489"}},{"type":"Feature","geometry":{"type":"Point","coordinates":[5.12781,52.062091]},"properties":{"category":"glasbak","name":"7685","operator":"","osm_id":"node/9471617490"}},{"type":"Feature","geometry":{"type":"Point","coordinates":[5.128395,52.063359]},"properties":{"category":"glasbak","name":"","operator":"","osm_id":"node/9471619167"}},{"type":"Feature","geometry":{"type":"Point","coordinates":[5.12834,52.063374]},"properties":{"category":"glasbak","name":"","operator":"","osm_id":"node/9471619168"}},{"type":"Feature","geometry":{"type":"Point","coordinates":[5.128365,52.063367]},"properties":{"category":"glasbak","name":"","operator":"","osm_id":"node/9471619169"}},{"type":"Feature","geometry":{"type":"Point","coordinates":[5.112072,52.074098]},"properties":{"category":"glasbak","name":"","operator":"","osm_id":"node/9483163437"}},{"type":"Feature","geometry":{"type":"Point","coordinates":[5.127088,52.075964]},"properties":{"category":"glasbak","name":"","operator":"","osm_id":"node/9487424523"}},{"type":"Feature","geometry":{"type":"Point","coordinates":[5.126053,52.07544]},"properties":{"category":"glasbak","name":"","operator":"","osm_id":"node/9487434835"}},{"type":"Feature","geometry":{"type":"Point","coordinates":[5.126021,52.075449]},"properties":{"category":"glasbak","name":"3841","operator":"","osm_id":"node/9487434836"}},{"type":"Feature","geometry":{"type":"Point","coordinates":[5.125979,52.074944]},"properties":{"category":"glasbak","name":"","operator":"","osm_id":"node/9487434893"}},{"type":"Feature","geometry":{"type":"Point","coordinates":[5.135164,52.058062]},"properties":{"category":"glasbak","name":"6249","operator":"","osm_id":"node/9495066118"}},{"type":"Feature","geometry":{"type":"Point","coordinates":[5.135134,52.058062]},"properties":{"category":"glasbak","name":"7676","operator":"","osm_id":"node/9495066119"}},{"type":"Feature","geometry":{"type":"Point","coordinates":[5.135133,52.058081]},"properties":{"category":"glasbak","name":"","operator":"","osm_id":"node/9495066120"}},{"type":"Feature","geometry":{"type":"Point","coordinates":[5.135158,52.058082]},"properties":{"category":"glasbak","name":"","operator":"","osm_id":"node/9495066121"}},{"type":"Feature","geometry":{"type":"Point","coordinates":[5.135203,52.057432]},"properties":{"category":"glasbak","name":"","operator":"","osm_id":"node/9495066150"}},{"type":"Feature","geometry":{"type":"Point","coordinates":[5.135203,52.057411]},"properties":{"category":"glasbak","name":"7540","operator":"","osm_id":"node/9495066151"}},{"type":"Feature","geometry":{"type":"Point","coordinates":[5.131862,52.058906]},"properties":{"category":"glasbak","name":"","operator":"","osm_id":"node/9495066210"}},{"type":"Feature","geometry":{"type":"Point","coordinates":[5.133976,52.057437]},"properties":{"category":"glasbak","name":"","operator":"","osm_id":"node/9495066288"}},{"type":"Feature","geometry":{"type":"Point","coordinates":[5.13271,52.057522]},"properties":{"category":"glasbak","name":"","operator":"","osm_id":"node/9495066404"}},{"type":"Feature","geometry":{"type":"Point","coordinates":[5.13159,52.057901]},"properties":{"category":"glasbak","name":"","operator":"","osm_id":"node/9495066426"}},{"type":"Feature","geometry":{"type":"Point","coordinates":[5.133968,52.058285]},"properties":{"category":"glasbak","name":"","operator":"","osm_id":"node/9495396656"}},{"type":"Feature","geometry":{"type":"Point","coordinates":[5.140297,52.058812]},"properties":{"category":"glasbak","name":"","operator":"","osm_id":"node/9498958805"}},{"type":"Feature","geometry":{"type":"Point","coordinates":[5.139545,52.058263]},"properties":{"category":"glasbak","name":"","operator":"","osm_id":"node/9498971265"}},{"type":"Feature","geometry":{"type":"Point","coordinates":[5.139625,52.060658]},"properties":{"category":"glasbak","name":"","operator":"","osm_id":"node/9499298476"}},{"type":"Feature","geometry":{"type":"Point","coordinates":[5.139595,52.060658]},"properties":{"category":"glasbak","name":"7675","operator":"","osm_id":"node/9499298477"}},{"type":"Feature","geometry":{"type":"Point","coordinates":[5.136694,52.061071]},"properties":{"category":"glasbak","name":"","operator":"","osm_id":"node/9504602775"}},{"type":"Feature","geometry":{"type":"Point","coordinates":[5.13433,52.059931]},"properties":{"category":"glasbak","name":"","operator":"","osm_id":"node/9504602978"}},{"type":"Feature","geometry":{"type":"Point","coordinates":[5.112187,52.073032]},"properties":{"category":"glasbak","name":"","operator":"","osm_id":"node/9505100689"}},{"type":"Feature","geometry":{"type":"Point","coordinates":[5.112875,52.074125]},"properties":{"category":"glasbak","name":"","operator":"","osm_id":"node/9505100754"}},{"type":"Feature","geometry":{"type":"Point","coordinates":[5.110798,52.074305]},"properties":{"category":"glasbak","name":"","operator":"","osm_id":"node/9505100820"}},{"type":"Feature","geometry":{"type":"Point","coordinates":[5.110803,52.074283]},"properties":{"category":"glasbak","name":"4353","operator":"","osm_id":"node/9505100821"}},{"type":"Feature","geometry":{"type":"Point","coordinates":[5.09178,52.094685]},"properties":{"category":"glasbak","name":"","operator":"","osm_id":"node/9513624604"}},{"type":"Feature","geometry":{"type":"Point","coordinates":[5.083006,52.091086]},"properties":{"category":"glasbak","name":"","operator":"","osm_id":"node/9514050836"}},{"type":"Feature","geometry":{"type":"Point","coordinates":[5.137706,52.062011]},"properties":{"category":"glasbak","name":"","operator":"","osm_id":"node/9532128445"}},{"type":"Feature","geometry":{"type":"Point","coordinates":[5.136019,52.062555]},"properties":{"category":"glasbak","name":"8046","operator":"","osm_id":"node/9532128548"}},{"type":"Feature","geometry":{"type":"Point","coordinates":[5.136003,52.062567]},"properties":{"category":"glasbak","name":"7976","operator":"","osm_id":"node/9532128549"}},{"type":"Feature","geometry":{"type":"Point","coordinates":[5.137175,52.063589]},"properties":{"category":"glasbak","name":"","operator":"","osm_id":"node/9532128750"}},{"type":"Feature","geometry":{"type":"Point","coordinates":[5.090551,52.091616]},"properties":{"category":"glasbak","name":"","operator":"","osm_id":"node/9556734274"}},{"type":"Feature","geometry":{"type":"Point","coordinates":[5.091364,52.091605]},"properties":{"category":"glasbak","name":"3751","operator":"","osm_id":"node/9556764895"}},{"type":"Feature","geometry":{"type":"Point","coordinates":[5.13925,52.063864]},"properties":{"category":"glasbak","name":"","operator":"","osm_id":"node/9560460255"}},{"type":"Feature","geometry":{"type":"Point","coordinates":[5.139266,52.063847]},"properties":{"category":"glasbak","name":"","operator":"","osm_id":"node/9560460256"}},{"type":"Feature","geometry":{"type":"Point","coordinates":[5.138678,52.062454]},"properties":{"category":"glasbak","name":"8096","operator":"","osm_id":"node/9560460444"}},{"type":"Feature","geometry":{"type":"Point","coordinates":[5.140362,52.064557]},"properties":{"category":"glasbak","name":"","operator":"","osm_id":"node/9560681993"}},{"type":"Feature","geometry":{"type":"Point","coordinates":[5.140886,52.064643]},"properties":{"category":"glasbak","name":"","operator":"","osm_id":"node/9560682207"}},{"type":"Feature","geometry":{"type":"Point","coordinates":[5.140867,52.064635]},"properties":{"category":"glasbak","name":"7937","operator":"","osm_id":"node/9560682208"}},{"type":"Feature","geometry":{"type":"Point","coordinates":[5.140998,52.065406]},"properties":{"category":"glasbak","name":"","operator":"","osm_id":"node/9561060459"}},{"type":"Feature","geometry":{"type":"Point","coordinates":[5.140972,52.065399]},"properties":{"category":"glasbak","name":"7456","operator":"","osm_id":"node/9561060460"}},{"type":"Feature","geometry":{"type":"Point","coordinates":[5.138279,52.064719]},"properties":{"category":"glasbak","name":"","operator":"","osm_id":"node/9565889591"}},{"type":"Feature","geometry":{"type":"Point","coordinates":[5.138251,52.064711]},"properties":{"category":"glasbak","name":"8196","operator":"","osm_id":"node/9565889592"}},{"type":"Feature","geometry":{"type":"Point","coordinates":[5.134871,52.065106]},"properties":{"category":"glasbak","name":"","operator":"","osm_id":"node/9581818430"}},{"type":"Feature","geometry":{"type":"Point","coordinates":[5.134107,52.064532]},"properties":{"category":"glasbak","name":"","operator":"","osm_id":"node/9581818634"}},{"type":"Feature","geometry":{"type":"Point","coordinates":[5.134104,52.064512]},"properties":{"category":"glasbak","name":"7919","operator":"","osm_id":"node/9581818635"}},{"type":"Feature","geometry":{"type":"Point","coordinates":[5.134504,52.066566]},"properties":{"category":"glasbak","name":"","operator":"","osm_id":"node/9582886596"}},{"type":"Feature","geometry":{"type":"Point","coordinates":[5.084463,52.11571]},"properties":{"category":"glasbak","name":"","operator":"","osm_id":"node/9588315622"}},{"type":"Feature","geometry":{"type":"Point","coordinates":[5.014237,52.080636]},"properties":{"category":"glasbak","name":"3605","operator":"","osm_id":"node/9603409326"}},{"type":"Feature","geometry":{"type":"Point","coordinates":[5.014205,52.080639]},"properties":{"category":"glasbak","name":"3492","operator":"","osm_id":"node/9603409327"}},{"type":"Feature","geometry":{"type":"Point","coordinates":[5.014179,52.080643]},"properties":{"category":"glasbak","name":"","operator":"","osm_id":"node/9603409328"}},{"type":"Feature","geometry":{"type":"Point","coordinates":[5.016021,52.080379]},"properties":{"category":"glasbak","name":"3606","operator":"","osm_id":"node/9603409329"}},{"type":"Feature","geometry":{"type":"Point","coordinates":[5.015987,52.080386]},"properties":{"category":"glasbak","name":"3493","operator":"","osm_id":"node/9603409330"}},{"type":"Feature","geometry":{"type":"Point","coordinates":[5.017442,52.08018]},"properties":{"category":"glasbak","name":"3491","operator":"","osm_id":"node/9603409331"}},{"type":"Feature","geometry":{"type":"Point","coordinates":[5.017415,52.080185]},"properties":{"category":"glasbak","name":"3607","operator":"","osm_id":"node/9603409332"}},{"type":"Feature","geometry":{"type":"Point","coordinates":[5.018981,52.082662]},"properties":{"category":"glasbak","name":"1692","operator":"","osm_id":"node/9603409333"}},{"type":"Feature","geometry":{"type":"Point","coordinates":[5.018977,52.082643]},"properties":{"category":"glasbak","name":"1693","operator":"","osm_id":"node/9603409334"}},{"type":"Feature","geometry":{"type":"Point","coordinates":[5.012391,52.080893]},"properties":{"category":"glasbak","name":"3604","operator":"","osm_id":"node/9645336018"}},{"type":"Feature","geometry":{"type":"Point","coordinates":[5.012422,52.080889]},"properties":{"category":"glasbak","name":"3490","operator":"","osm_id":"node/9645336019"}},{"type":"Feature","geometry":{"type":"Point","coordinates":[5.043864,52.09081]},"properties":{"category":"glasbak","name":"","operator":"","osm_id":"node/9661195951"}},{"type":"Feature","geometry":{"type":"Point","coordinates":[5.043894,52.090811]},"properties":{"category":"glasbak","name":"","operator":"","osm_id":"node/9661195952"}},{"type":"Feature","geometry":{"type":"Point","coordinates":[5.043917,52.094292]},"properties":{"category":"glasbak","name":"4696","operator":"","osm_id":"node/9661269398"}},{"type":"Feature","geometry":{"type":"Point","coordinates":[5.043948,52.094259]},"properties":{"category":"glasbak","name":"","operator":"","osm_id":"node/9661269399"}},{"type":"Feature","geometry":{"type":"Point","coordinates":[5.043964,52.094243]},"properties":{"category":"glasbak","name":"","operator":"","osm_id":"node/9661269400"}},{"type":"Feature","geometry":{"type":"Point","coordinates":[5.113347,52.109822]},"properties":{"category":"glasbak","name":"","operator":"","osm_id":"node/9689313778"}},{"type":"Feature","geometry":{"type":"Point","coordinates":[5.113325,52.109834]},"properties":{"category":"glasbak","name":"","operator":"","osm_id":"node/9689313779"}},{"type":"Feature","geometry":{"type":"Point","coordinates":[5.113302,52.109848]},"properties":{"category":"glasbak","name":"","operator":"","osm_id":"node/9689313780"}},{"type":"Feature","geometry":{"type":"Point","coordinates":[5.145901,52.104528]},"properties":{"category":"glasbak","name":"","operator":"","osm_id":"node/9697624477"}},{"type":"Feature","geometry":{"type":"Point","coordinates":[5.118408,52.099482]},"properties":{"category":"glasbak","name":"","operator":"","osm_id":"node/9712067544"}},{"type":"Feature","geometry":{"type":"Point","coordinates":[5.098816,52.109634]},"properties":{"category":"glasbak","name":"7291","operator":"","osm_id":"node/9717277611"}},{"type":"Feature","geometry":{"type":"Point","coordinates":[5.098851,52.109657]},"properties":{"category":"glasbak","name":"7278","operator":"","osm_id":"node/9717277612"}},{"type":"Feature","geometry":{"type":"Point","coordinates":[5.098872,52.109671]},"properties":{"category":"glasbak","name":"7277","operator":"","osm_id":"node/9717277613"}},{"type":"Feature","geometry":{"type":"Point","coordinates":[5.109386,52.113736]},"properties":{"category":"glasbak","name":"7355","operator":"","osm_id":"node/9717314979"}},{"type":"Feature","geometry":{"type":"Point","coordinates":[5.109409,52.113749]},"properties":{"category":"glasbak","name":"6922","operator":"","osm_id":"node/9717314980"}},{"type":"Feature","geometry":{"type":"Point","coordinates":[5.109451,52.113778]},"properties":{"category":"glasbak","name":"","operator":"","osm_id":"node/9717314982"}},{"type":"Feature","geometry":{"type":"Point","coordinates":[5.090796,52.11173]},"properties":{"category":"glasbak","name":"","operator":"ReShare","osm_id":"node/9717335180"}},{"type":"Feature","geometry":{"type":"Point","coordinates":[5.092884,52.110634]},"properties":{"category":"glasbak","name":"","operator":"","osm_id":"node/9717381481"}},{"type":"Feature","geometry":{"type":"Point","coordinates":[5.116643,52.104269]},"properties":{"category":"glasbak","name":"","operator":"","osm_id":"node/9730188218"}},{"type":"Feature","geometry":{"type":"Point","coordinates":[5.116581,52.104272]},"properties":{"category":"glasbak","name":"","operator":"","osm_id":"node/9730188219"}},{"type":"Feature","geometry":{"type":"Point","coordinates":[5.116604,52.104271]},"properties":{"category":"glasbak","name":"","operator":"","osm_id":"node/9730188220"}},{"type":"Feature","geometry":{"type":"Point","coordinates":[5.116621,52.10427]},"properties":{"category":"glasbak","name":"","operator":"","osm_id":"node/9730188221"}},{"type":"Feature","geometry":{"type":"Point","coordinates":[5.116638,52.104151]},"properties":{"category":"glasbak","name":"","operator":"","osm_id":"node/9730188222"}},{"type":"Feature","geometry":{"type":"Point","coordinates":[5.116071,52.104293]},"properties":{"category":"glasbak","name":"","operator":"","osm_id":"node/9730188223"}},{"type":"Feature","geometry":{"type":"Point","coordinates":[5.116074,52.104309]},"properties":{"category":"glasbak","name":"8008","operator":"","osm_id":"node/9730188224"}},{"type":"Feature","geometry":{"type":"Point","coordinates":[5.115127,52.104415]},"properties":{"category":"glasbak","name":"","operator":"","osm_id":"node/9731151422"}},{"type":"Feature","geometry":{"type":"Point","coordinates":[5.110077,52.114009]},"properties":{"category":"glasbak","name":"","operator":"","osm_id":"node/9764487782"}},{"type":"Feature","geometry":{"type":"Point","coordinates":[5.075089,52.090991]},"properties":{"category":"glasbak","name":"","operator":"","osm_id":"node/9783786219"}},{"type":"Feature","geometry":{"type":"Point","coordinates":[5.075124,52.091023]},"properties":{"category":"glasbak","name":"6353","operator":"","osm_id":"node/9783786220"}},{"type":"Feature","geometry":{"type":"Point","coordinates":[5.075143,52.091001]},"properties":{"category":"glasbak","name":"7020","operator":"","osm_id":"node/9783786221"}},{"type":"Feature","geometry":{"type":"Point","coordinates":[5.075104,52.09097]},"properties":{"category":"glasbak","name":"7018","operator":"","osm_id":"node/9783786222"}},{"type":"Feature","geometry":{"type":"Point","coordinates":[5.076175,52.088658]},"properties":{"category":"glasbak","name":"7015","operator":"","osm_id":"node/9783786223"}},{"type":"Feature","geometry":{"type":"Point","coordinates":[5.076185,52.088639]},"properties":{"category":"glasbak","name":"6138","operator":"","osm_id":"node/9783786224"}},{"type":"Feature","geometry":{"type":"Point","coordinates":[5.076167,52.088674]},"properties":{"category":"glasbak","name":"7016","operator":"","osm_id":"node/9783786225"}},{"type":"Feature","geometry":{"type":"Point","coordinates":[5.076194,52.088623]},"properties":{"category":"glasbak","name":"","operator":"","osm_id":"node/9783786226"}},{"type":"Feature","geometry":{"type":"Point","coordinates":[5.075648,52.089994]},"properties":{"category":"glasbak","name":"6152","operator":"","osm_id":"node/9783786227"}},{"type":"Feature","geometry":{"type":"Point","coordinates":[5.075655,52.089977]},"properties":{"category":"glasbak","name":"5924","operator":"","osm_id":"node/9783786228"}},{"type":"Feature","geometry":{"type":"Point","coordinates":[5.075616,52.089952]},"properties":{"category":"glasbak","name":"5910","operator":"","osm_id":"node/9783786229"}},{"type":"Feature","geometry":{"type":"Point","coordinates":[5.075628,52.089932]},"properties":{"category":"glasbak","name":"","operator":"","osm_id":"node/9783786230"}},{"type":"Feature","geometry":{"type":"Point","coordinates":[5.014262,52.08167]},"properties":{"category":"glasbak","name":"1679","operator":"","osm_id":"node/9803983564"}},{"type":"Feature","geometry":{"type":"Point","coordinates":[5.01426,52.081649]},"properties":{"category":"glasbak","name":"1680","operator":"","osm_id":"node/9803983565"}},{"type":"Feature","geometry":{"type":"Point","coordinates":[5.014064,52.081657]},"properties":{"category":"glasbak","name":"1681","operator":"","osm_id":"node/9803983566"}},{"type":"Feature","geometry":{"type":"Point","coordinates":[5.014068,52.081679]},"properties":{"category":"glasbak","name":"5672","operator":"","osm_id":"node/9803983567"}},{"type":"Feature","geometry":{"type":"Point","coordinates":[5.012251,52.081924]},"properties":{"category":"glasbak","name":"","operator":"","osm_id":"node/9803983568"}},{"type":"Feature","geometry":{"type":"Point","coordinates":[5.012247,52.081903]},"properties":{"category":"glasbak","name":"","operator":"","osm_id":"node/9803983569"}},{"type":"Feature","geometry":{"type":"Point","coordinates":[5.012233,52.081797]},"properties":{"category":"glasbak","name":"1685","operator":"","osm_id":"node/9803983570"}},{"type":"Feature","geometry":{"type":"Point","coordinates":[5.012231,52.081776]},"properties":{"category":"glasbak","name":"1684","operator":"","osm_id":"node/9803983571"}},{"type":"Feature","geometry":{"type":"Point","coordinates":[5.012424,52.081781]},"properties":{"category":"glasbak","name":"1682","operator":"","osm_id":"node/9803983572"}},{"type":"Feature","geometry":{"type":"Point","coordinates":[5.012422,52.081761]},"properties":{"category":"glasbak","name":"1683","operator":"","osm_id":"node/9803983573"}},{"type":"Feature","geometry":{"type":"Point","coordinates":[5.014293,52.081796]},"properties":{"category":"glasbak","name":"","operator":"","osm_id":"node/9803983574"}},{"type":"Feature","geometry":{"type":"Point","coordinates":[5.01429,52.081775]},"properties":{"category":"glasbak","name":"","operator":"","osm_id":"node/9803983575"}},{"type":"Feature","geometry":{"type":"Point","coordinates":[5.015439,52.083157]},"properties":{"category":"glasbak","name":"","operator":"","osm_id":"node/9803983576"}},{"type":"Feature","geometry":{"type":"Point","coordinates":[5.017546,52.082957]},"properties":{"category":"glasbak","name":"1701","operator":"","osm_id":"node/9803983577"}},{"type":"Feature","geometry":{"type":"Point","coordinates":[5.017511,52.082962]},"properties":{"category":"glasbak","name":"1700","operator":"","osm_id":"node/9803983578"}},{"type":"Feature","geometry":{"type":"Point","coordinates":[5.018762,52.082822]},"properties":{"category":"glasbak","name":"1690","operator":"","osm_id":"node/9803983579"}},{"type":"Feature","geometry":{"type":"Point","coordinates":[5.018727,52.082825]},"properties":{"category":"glasbak","name":"1691","operator":"","osm_id":"node/9803983580"}},{"type":"Feature","geometry":{"type":"Point","coordinates":[5.0136,52.083272]},"properties":{"category":"glasbak","name":"1703","operator":"","osm_id":"node/9803983581"}},{"type":"Feature","geometry":{"type":"Point","coordinates":[5.01357,52.083274]},"properties":{"category":"glasbak","name":"1702","operator":"","osm_id":"node/9803983582"}},{"type":"Feature","geometry":{"type":"Point","coordinates":[5.011768,52.083386]},"properties":{"category":"glasbak","name":"1697","operator":"","osm_id":"node/9803983583"}},{"type":"Feature","geometry":{"type":"Point","coordinates":[5.011737,52.083389]},"properties":{"category":"glasbak","name":"1698","operator":"","osm_id":"node/9803983584"}},{"type":"Feature","geometry":{"type":"Point","coordinates":[5.007036,52.083682]},"properties":{"category":"glasbak","name":"1688","operator":"","osm_id":"node/9803983585"}},{"type":"Feature","geometry":{"type":"Point","coordinates":[5.007075,52.083681]},"properties":{"category":"glasbak","name":"1689","operator":"","osm_id":"node/9803983586"}},{"type":"Feature","geometry":{"type":"Point","coordinates":[5.004863,52.083547]},"properties":{"category":"glasbak","name":"","operator":"","osm_id":"node/9803983587"}},{"type":"Feature","geometry":{"type":"Point","coordinates":[5.004641,52.082156]},"properties":{"category":"glasbak","name":"","operator":"","osm_id":"node/9803983588"}},{"type":"Feature","geometry":{"type":"Point","coordinates":[5.007517,52.081174]},"properties":{"category":"glasbak","name":"","operator":"","osm_id":"node/9803983589"}},{"type":"Feature","geometry":{"type":"Point","coordinates":[5.007665,52.082154]},"properties":{"category":"glasbak","name":"1652","operator":"","osm_id":"node/9803983590"}},{"type":"Feature","geometry":{"type":"Point","coordinates":[5.007632,52.082157]},"properties":{"category":"glasbak","name":"1651","operator":"","osm_id":"node/9803983591"}},{"type":"Feature","geometry":{"type":"Point","coordinates":[5.006744,52.082216]},"properties":{"category":"glasbak","name":"1653","operator":"","osm_id":"node/9803983592"}},{"type":"Feature","geometry":{"type":"Point","coordinates":[5.008577,52.082097]},"properties":{"category":"glasbak","name":"","operator":"","osm_id":"node/9803983593"}},{"type":"Feature","geometry":{"type":"Point","coordinates":[5.009472,52.082039]},"properties":{"category":"glasbak","name":"1657","operator":"","osm_id":"node/9803983594"}},{"type":"Feature","geometry":{"type":"Point","coordinates":[5.009437,52.082042]},"properties":{"category":"glasbak","name":"5642","operator":"","osm_id":"node/9803983595"}},{"type":"Feature","geometry":{"type":"Point","coordinates":[5.010385,52.081896]},"properties":{"category":"glasbak","name":"","operator":"","osm_id":"node/9803983596"}},{"type":"Feature","geometry":{"type":"Point","coordinates":[5.010531,52.082743]},"properties":{"category":"glasbak","name":"","operator":"","osm_id":"node/9803983597"}},{"type":"Feature","geometry":{"type":"Point","coordinates":[5.01018,52.080681]},"properties":{"category":"glasbak","name":"1675","operator":"","osm_id":"node/9803983598"}},{"type":"Feature","geometry":{"type":"Point","coordinates":[5.010177,52.080643]},"properties":{"category":"glasbak","name":"","operator":"","osm_id":"node/9803983599"}},{"type":"Feature","geometry":{"type":"Point","coordinates":[5.010177,52.080663]},"properties":{"category":"glasbak","name":"1694","operator":"","osm_id":"node/9803983600"}},{"type":"Feature","geometry":{"type":"Point","coordinates":[5.010174,52.080627]},"properties":{"category":"glasbak","name":"","operator":"","osm_id":"node/9803983601"}},{"type":"Feature","geometry":{"type":"Point","coordinates":[5.008898,52.083564]},"properties":{"category":"glasbak","name":"1687","operator":"","osm_id":"node/9803983602"}},{"type":"Feature","geometry":{"type":"Point","coordinates":[5.008865,52.083566]},"properties":{"category":"glasbak","name":"1686","operator":"","osm_id":"node/9803983603"}},{"type":"Feature","geometry":{"type":"Point","coordinates":[5.013002,52.084248]},"properties":{"category":"glasbak","name":"1635","operator":"","osm_id":"node/9803983604"}},{"type":"Feature","geometry":{"type":"Point","coordinates":[5.013036,52.084245]},"properties":{"category":"glasbak","name":"6242","operator":"","osm_id":"node/9803983605"}},{"type":"Feature","geometry":{"type":"Point","coordinates":[5.013074,52.084243]},"properties":{"category":"glasbak","name":"3061","operator":"","osm_id":"node/9803983606"}},{"type":"Feature","geometry":{"type":"Point","coordinates":[5.013107,52.084241]},"properties":{"category":"glasbak","name":"3062","operator":"","osm_id":"node/9803983607"}},{"type":"Feature","geometry":{"type":"Point","coordinates":[5.013175,52.084236]},"properties":{"category":"glasbak","name":"3064","operator":"","osm_id":"node/9803983608"}},{"type":"Feature","geometry":{"type":"Point","coordinates":[5.01321,52.084234]},"properties":{"category":"glasbak","name":"3065","operator":"","osm_id":"node/9803983609"}},{"type":"Feature","geometry":{"type":"Point","coordinates":[5.013242,52.084232]},"properties":{"category":"glasbak","name":"3066","operator":"","osm_id":"node/9803983610"}},{"type":"Feature","geometry":{"type":"Point","coordinates":[5.013634,52.084735]},"properties":{"category":"glasbak","name":"1632","operator":"","osm_id":"node/9803983611"}},{"type":"Feature","geometry":{"type":"Point","coordinates":[5.013631,52.084714]},"properties":{"category":"glasbak","name":"1631","operator":"","osm_id":"node/9803983612"}},{"type":"Feature","geometry":{"type":"Point","coordinates":[5.013628,52.08469]},"properties":{"category":"glasbak","name":"0747","operator":"","osm_id":"node/9803983613"}},{"type":"Feature","geometry":{"type":"Point","coordinates":[5.013625,52.084672]},"properties":{"category":"glasbak","name":"0746","operator":"","osm_id":"node/9803983614"}},{"type":"Feature","geometry":{"type":"Point","coordinates":[5.016502,52.084926]},"properties":{"category":"glasbak","name":"1623","operator":"","osm_id":"node/9803983615"}},{"type":"Feature","geometry":{"type":"Point","coordinates":[5.016497,52.084901]},"properties":{"category":"glasbak","name":"1624","operator":"","osm_id":"node/9803983616"}},{"type":"Feature","geometry":{"type":"Point","coordinates":[5.016493,52.084881]},"properties":{"category":"glasbak","name":"1625","operator":"","osm_id":"node/9803989417"}},{"type":"Feature","geometry":{"type":"Point","coordinates":[5.017764,52.084165]},"properties":{"category":"glasbak","name":"1628","operator":"","osm_id":"node/9803989418"}},{"type":"Feature","geometry":{"type":"Point","coordinates":[5.018108,52.084287]},"properties":{"category":"glasbak","name":"1627","operator":"","osm_id":"node/9803989419"}},{"type":"Feature","geometry":{"type":"Point","coordinates":[5.01788,52.08475]},"properties":{"category":"glasbak","name":"","operator":"","osm_id":"node/9803989420"}},{"type":"Feature","geometry":{"type":"Point","coordinates":[5.013911,52.085509]},"properties":{"category":"glasbak","name":"1633","operator":"","osm_id":"node/9803989421"}},{"type":"Feature","geometry":{"type":"Point","coordinates":[5.012909,52.08522]},"properties":{"category":"glasbak","name":"1618","operator":"","osm_id":"node/9803989422"}},{"type":"Feature","geometry":{"type":"Point","coordinates":[5.012869,52.085222]},"properties":{"category":"glasbak","name":"1619","operator":"","osm_id":"node/9803989423"}},{"type":"Feature","geometry":{"type":"Point","coordinates":[5.012833,52.085222]},"properties":{"category":"glasbak","name":"1620","operator":"","osm_id":"node/9803989424"}},{"type":"Feature","geometry":{"type":"Point","coordinates":[5.011812,52.085891]},"properties":{"category":"glasbak","name":"1636","operator":"","osm_id":"node/9803989425"}},{"type":"Feature","geometry":{"type":"Point","coordinates":[5.006578,52.085986]},"properties":{"category":"glasbak","name":"","operator":"","osm_id":"node/9803989442"}},{"type":"Feature","geometry":{"type":"Point","coordinates":[5.006936,52.085445]},"properties":{"category":"glasbak","name":"","operator":"","osm_id":"node/9803989443"}},{"type":"Feature","geometry":{"type":"Point","coordinates":[5.005342,52.086399]},"properties":{"category":"glasbak","name":"","operator":"","osm_id":"node/9803989444"}},{"type":"Feature","geometry":{"type":"Point","coordinates":[5.008201,52.084765]},"properties":{"category":"glasbak","name":"1640","operator":"","osm_id":"node/9803989445"}},{"type":"Feature","geometry":{"type":"Point","coordinates":[5.008166,52.084767]},"properties":{"category":"glasbak","name":"1639","operator":"","osm_id":"node/9803989446"}},{"type":"Feature","geometry":{"type":"Point","coordinates":[5.006488,52.084882]},"properties":{"category":"glasbak","name":"","operator":"","osm_id":"node/9803989447"}},{"type":"Feature","geometry":{"type":"Point","coordinates":[5.009855,52.084662]},"properties":{"category":"glasbak","name":"1642","operator":"","osm_id":"node/9803989448"}},{"type":"Feature","geometry":{"type":"Point","coordinates":[5.009816,52.084664]},"properties":{"category":"glasbak","name":"1641","operator":"","osm_id":"node/9803989449"}},{"type":"Feature","geometry":{"type":"Point","coordinates":[5.022727,52.081702]},"properties":{"category":"glasbak","name":"","operator":"","osm_id":"node/9803989450"}},{"type":"Feature","geometry":{"type":"Point","coordinates":[5.022724,52.081683]},"properties":{"category":"glasbak","name":"","operator":"","osm_id":"node/9803989451"}},{"type":"Feature","geometry":{"type":"Point","coordinates":[5.022692,52.081684]},"properties":{"category":"glasbak","name":"","operator":"","osm_id":"node/9803989452"}},{"type":"Feature","geometry":{"type":"Point","coordinates":[5.022695,52.081702]},"properties":{"category":"glasbak","name":"","operator":"","osm_id":"node/9803989453"}},{"type":"Feature","geometry":{"type":"Point","coordinates":[5.022743,52.081783]},"properties":{"category":"glasbak","name":"","operator":"","osm_id":"node/9803989454"}},{"type":"Feature","geometry":{"type":"Point","coordinates":[5.022746,52.081802]},"properties":{"category":"glasbak","name":"","operator":"","osm_id":"node/9803989455"}},{"type":"Feature","geometry":{"type":"Point","coordinates":[5.022715,52.081803]},"properties":{"category":"glasbak","name":"","operator":"","osm_id":"node/9803989456"}},{"type":"Feature","geometry":{"type":"Point","coordinates":[5.022712,52.081786]},"properties":{"category":"glasbak","name":"","operator":"","osm_id":"node/9803989457"}},{"type":"Feature","geometry":{"type":"Point","coordinates":[5.02371,52.082402]},"properties":{"category":"glasbak","name":"","operator":"","osm_id":"node/9803989460"}},{"type":"Feature","geometry":{"type":"Point","coordinates":[5.023737,52.082402]},"properties":{"category":"glasbak","name":"","operator":"","osm_id":"node/9803989461"}},{"type":"Feature","geometry":{"type":"Point","coordinates":[5.022139,52.082507]},"properties":{"category":"glasbak","name":"","operator":"","osm_id":"node/9803989462"}},{"type":"Feature","geometry":{"type":"Point","coordinates":[5.02211,52.082508]},"properties":{"category":"glasbak","name":"","operator":"","osm_id":"node/9803989463"}},{"type":"Feature","geometry":{"type":"Point","coordinates":[5.022079,52.08251]},"properties":{"category":"glasbak","name":"","operator":"","osm_id":"node/9803989464"}},{"type":"Feature","geometry":{"type":"Point","coordinates":[5.021654,52.079242]},"properties":{"category":"glasbak","name":"","operator":"","osm_id":"node/9803989465"}},{"type":"Feature","geometry":{"type":"Point","coordinates":[5.021656,52.079259]},"properties":{"category":"glasbak","name":"","operator":"","osm_id":"node/9803989466"}},{"type":"Feature","geometry":{"type":"Point","coordinates":[5.021629,52.07926]},"properties":{"category":"glasbak","name":"","operator":"","osm_id":"node/9803989467"}},{"type":"Feature","geometry":{"type":"Point","coordinates":[5.021626,52.079244]},"properties":{"category":"glasbak","name":"","operator":"","osm_id":"node/9803989468"}},{"type":"Feature","geometry":{"type":"Point","coordinates":[5.022803,52.079261]},"properties":{"category":"glasbak","name":"","operator":"","osm_id":"node/9803989469"}},{"type":"Feature","geometry":{"type":"Point","coordinates":[5.022776,52.079262]},"properties":{"category":"glasbak","name":"","operator":"","osm_id":"node/9803989470"}},{"type":"Feature","geometry":{"type":"Point","coordinates":[5.023594,52.078425]},"properties":{"category":"glasbak","name":"6045","operator":"","osm_id":"node/9803989471"}},{"type":"Feature","geometry":{"type":"Point","coordinates":[5.023572,52.078309]},"properties":{"category":"glasbak","name":"6053","operator":"","osm_id":"node/9803989472"}},{"type":"Feature","geometry":{"type":"Point","coordinates":[5.02269,52.077702]},"properties":{"category":"glasbak","name":"","operator":"","osm_id":"node/9803989473"}},{"type":"Feature","geometry":{"type":"Point","coordinates":[5.022659,52.077703]},"properties":{"category":"glasbak","name":"","operator":"","osm_id":"node/9803989474"}},{"type":"Feature","geometry":{"type":"Point","coordinates":[5.022659,52.077719]},"properties":{"category":"glasbak","name":"","operator":"","osm_id":"node/9803989475"}},{"type":"Feature","geometry":{"type":"Point","coordinates":[5.018503,52.079552]},"properties":{"category":"glasbak","name":"3496","operator":"","osm_id":"node/9822296729"}},{"type":"Feature","geometry":{"type":"Point","coordinates":[5.018526,52.079541]},"properties":{"category":"glasbak","name":"3495","operator":"","osm_id":"node/9822296730"}},{"type":"Feature","geometry":{"type":"Point","coordinates":[5.018504,52.079453]},"properties":{"category":"glasbak","name":"3603","operator":"","osm_id":"node/9822296731"}},{"type":"Feature","geometry":{"type":"Point","coordinates":[5.018157,52.077997]},"properties":{"category":"glasbak","name":"","operator":"","osm_id":"node/9822296732"}},{"type":"Feature","geometry":{"type":"Point","coordinates":[5.014817,52.078209]},"properties":{"category":"glasbak","name":"","operator":"","osm_id":"node/9822296733"}},{"type":"Feature","geometry":{"type":"Point","coordinates":[5.012493,52.078383]},"properties":{"category":"glasbak","name":"","operator":"","osm_id":"node/9822296734"}},{"type":"Feature","geometry":{"type":"Point","coordinates":[5.013407,52.079097]},"properties":{"category":"glasbak","name":"8150","operator":"","osm_id":"node/9822296735"}},{"type":"Feature","geometry":{"type":"Point","coordinates":[5.013378,52.079099]},"properties":{"category":"glasbak","name":"S8098","operator":"","osm_id":"node/9822296736"}},{"type":"Feature","geometry":{"type":"Point","coordinates":[5.014098,52.079053]},"properties":{"category":"glasbak","name":"","operator":"","osm_id":"node/9822296737"}},{"type":"Feature","geometry":{"type":"Point","coordinates":[5.015245,52.07898]},"properties":{"category":"glasbak","name":"8174","operator":"","osm_id":"node/9822296738"}},{"type":"Feature","geometry":{"type":"Point","coordinates":[5.015216,52.078983]},"properties":{"category":"glasbak","name":"8153","operator":"","osm_id":"node/9822296739"}},{"type":"Feature","geometry":{"type":"Point","coordinates":[5.015941,52.078938]},"properties":{"category":"glasbak","name":"","operator":"","osm_id":"node/9822296740"}},{"type":"Feature","geometry":{"type":"Point","coordinates":[5.017772,52.078821]},"properties":{"category":"glasbak","name":"","operator":"","osm_id":"node/9822296741"}},{"type":"Feature","geometry":{"type":"Point","coordinates":[5.009797,52.079316]},"properties":{"category":"glasbak","name":"","operator":"","osm_id":"node/9822296742"}},{"type":"Feature","geometry":{"type":"Point","coordinates":[5.00767,52.079451]},"properties":{"category":"glasbak","name":"","operator":"","osm_id":"node/9822296743"}},{"type":"Feature","geometry":{"type":"Point","coordinates":[5.007447,52.080389]},"properties":{"category":"glasbak","name":"","operator":"","osm_id":"node/9822296750"}},{"type":"Feature","geometry":{"type":"Point","coordinates":[5.009278,52.080273]},"properties":{"category":"glasbak","name":"1673","operator":"","osm_id":"node/9822296751"}},{"type":"Feature","geometry":{"type":"Point","coordinates":[5.009312,52.080271]},"properties":{"category":"glasbak","name":"1674","operator":"","osm_id":"node/9822296752"}},{"type":"Feature","geometry":{"type":"Point","coordinates":[5.004423,52.090989]},"properties":{"category":"glasbak","name":"4579","operator":"","osm_id":"node/9822443453"}},{"type":"Feature","geometry":{"type":"Point","coordinates":[5.004413,52.090969]},"properties":{"category":"glasbak","name":"4576","operator":"","osm_id":"node/9822443454"}},{"type":"Feature","geometry":{"type":"Point","coordinates":[5.017078,52.078864]},"properties":{"category":"glasbak","name":"3350","operator":"","osm_id":"node/9832857157"}},{"type":"Feature","geometry":{"type":"Point","coordinates":[5.017041,52.078868]},"properties":{"category":"glasbak","name":"3351","operator":"","osm_id":"node/9832857158"}},{"type":"Feature","geometry":{"type":"Point","coordinates":[5.09191,52.096015]},"properties":{"category":"glasbak","name":"","operator":"","osm_id":"node/9844736719"}},{"type":"Feature","geometry":{"type":"Point","coordinates":[5.081824,52.115202]},"properties":{"category":"glasbak","name":"","operator":"","osm_id":"node/9862925075"}},{"type":"Feature","geometry":{"type":"Point","coordinates":[5.084806,52.117082]},"properties":{"category":"glasbak","name":"","operator":"","osm_id":"node/9862948742"}},{"type":"Feature","geometry":{"type":"Point","coordinates":[5.104557,52.094275]},"properties":{"category":"glasbak","name":"7105","operator":"","osm_id":"node/9866900811"}},{"type":"Feature","geometry":{"type":"Point","coordinates":[5.097203,52.090758]},"properties":{"category":"glasbak","name":"7073","operator":"","osm_id":"node/9879242557"}},{"type":"Feature","geometry":{"type":"Point","coordinates":[5.137245,52.07926]},"properties":{"category":"glasbak","name":"","operator":"","osm_id":"node/9894924623"}},{"type":"Feature","geometry":{"type":"Point","coordinates":[5.160646,52.085543]},"properties":{"category":"glasbak","name":"","operator":"","osm_id":"node/9901863379"}},{"type":"Feature","geometry":{"type":"Point","coordinates":[5.019289,52.088156]},"properties":{"category":"glasbak","name":"5041","operator":"","osm_id":"node/9977237413"}},{"type":"Feature","geometry":{"type":"Point","coordinates":[5.019321,52.088149]},"properties":{"category":"glasbak","name":"5044","operator":"","osm_id":"node/9977237414"}},{"type":"Feature","geometry":{"type":"Point","coordinates":[5.018562,52.088308]},"properties":{"category":"glasbak","name":"4832","operator":"","osm_id":"node/9977237415"}},{"type":"Feature","geometry":{"type":"Point","coordinates":[5.018591,52.088301]},"properties":{"category":"glasbak","name":"5051","operator":"","osm_id":"node/9977237416"}},{"type":"Feature","geometry":{"type":"Point","coordinates":[5.01668,52.08837]},"properties":{"category":"glasbak","name":"7531","operator":"","osm_id":"node/9977237425"}},{"type":"Feature","geometry":{"type":"Point","coordinates":[5.016648,52.088376]},"properties":{"category":"glasbak","name":"7538","operator":"","osm_id":"node/9977237426"}},{"type":"Feature","geometry":{"type":"Point","coordinates":[5.0162,52.089514]},"properties":{"category":"glasbak","name":"","operator":"","osm_id":"node/9977237443"}},{"type":"Feature","geometry":{"type":"Point","coordinates":[5.015611,52.089642]},"properties":{"category":"glasbak","name":"5009","operator":"","osm_id":"node/9977237448"}},{"type":"Feature","geometry":{"type":"Point","coordinates":[5.007373,52.090759]},"properties":{"category":"glasbak","name":"4563","operator":"","osm_id":"node/9977237481"}},{"type":"Feature","geometry":{"type":"Point","coordinates":[5.00736,52.09074]},"properties":{"category":"glasbak","name":"4901","operator":"","osm_id":"node/9977237482"}},{"type":"Feature","geometry":{"type":"Point","coordinates":[5.007338,52.090766]},"properties":{"category":"glasbak","name":"5086","operator":"","osm_id":"node/9977237483"}},{"type":"Feature","geometry":{"type":"Point","coordinates":[5.007331,52.090745]},"properties":{"category":"glasbak","name":"5150","operator":"","osm_id":"node/9977237484"}},{"type":"Feature","geometry":{"type":"Point","coordinates":[5.007926,52.089613]},"properties":{"category":"glasbak","name":"","operator":"","osm_id":"node/9977237490"}},{"type":"Feature","geometry":{"type":"Point","coordinates":[5.122441,52.069678]},"properties":{"category":"glasbak","name":"","operator":"","osm_id":"node/9990025956"}},{"type":"Feature","geometry":{"type":"Point","coordinates":[5.121748,52.069091]},"properties":{"category":"glasbak","name":"","operator":"","osm_id":"node/9990026007"}},{"type":"Feature","geometry":{"type":"Point","coordinates":[5.175235,52.08555]},"properties":{"category":"glasbak","name":"","operator":"","osm_id":"node/9993432345"}},{"type":"Feature","geometry":{"type":"Point","coordinates":[5.175236,52.085531]},"properties":{"category":"glasbak","name":"","operator":"","osm_id":"node/9993432346"}},{"type":"Feature","geometry":{"type":"Point","coordinates":[5.093963,52.081077]},"properties":{"category":"glasbak","name":"","operator":"","osm_id":"node/10001994156"}},{"type":"Feature","geometry":{"type":"Point","coordinates":[5.095406,52.077394]},"properties":{"category":"glasbak","name":"3724","operator":"","osm_id":"node/10002125148"}},{"type":"Feature","geometry":{"type":"Point","coordinates":[5.097522,52.078115]},"properties":{"category":"glasbak","name":"","operator":"","osm_id":"node/10008500451"}},{"type":"Feature","geometry":{"type":"Point","coordinates":[5.097372,52.077072]},"properties":{"category":"glasbak","name":"3733","operator":"","osm_id":"node/10008500452"}},{"type":"Feature","geometry":{"type":"Point","coordinates":[5.097346,52.077063]},"properties":{"category":"glasbak","name":"3732","operator":"","osm_id":"node/10008500453"}},{"type":"Feature","geometry":{"type":"Point","coordinates":[5.094481,52.082035]},"properties":{"category":"glasbak","name":"4153","operator":"","osm_id":"node/10008508802"}},{"type":"Feature","geometry":{"type":"Point","coordinates":[5.094496,52.08202]},"properties":{"category":"glasbak","name":"4156","operator":"","osm_id":"node/10008508803"}},{"type":"Feature","geometry":{"type":"Point","coordinates":[5.095661,52.07895]},"properties":{"category":"glasbak","name":"3719","operator":"","osm_id":"node/10008508804"}},{"type":"Feature","geometry":{"type":"Point","coordinates":[5.095636,52.078941]},"properties":{"category":"glasbak","name":"3720","operator":"","osm_id":"node/10008508805"}},{"type":"Feature","geometry":{"type":"Point","coordinates":[5.099523,52.076439]},"properties":{"category":"glasbak","name":"","operator":"","osm_id":"node/10008568421"}},{"type":"Feature","geometry":{"type":"Point","coordinates":[5.090216,52.083061]},"properties":{"category":"glasbak","name":"","operator":"","osm_id":"node/10009874460"}},{"type":"Feature","geometry":{"type":"Point","coordinates":[5.094712,52.068894]},"properties":{"category":"glasbak","name":"","operator":"","osm_id":"node/10021311493"}},{"type":"Feature","geometry":{"type":"Point","coordinates":[5.093011,52.069319]},"properties":{"category":"glasbak","name":"5139","operator":"","osm_id":"node/10021311494"}},{"type":"Feature","geometry":{"type":"Point","coordinates":[5.092986,52.069311]},"properties":{"category":"glasbak","name":"3629","operator":"","osm_id":"node/10021311495"}},{"type":"Feature","geometry":{"type":"Point","coordinates":[5.09317,52.069148]},"properties":{"category":"glasbak","name":"3630","operator":"","osm_id":"node/10021311496"}},{"type":"Feature","geometry":{"type":"Point","coordinates":[5.09314,52.06914]},"properties":{"category":"glasbak","name":"3631","operator":"","osm_id":"node/10021311497"}},{"type":"Feature","geometry":{"type":"Point","coordinates":[5.091622,52.070557]},"properties":{"category":"glasbak","name":"3793","operator":"","osm_id":"node/10024098911"}},{"type":"Feature","geometry":{"type":"Point","coordinates":[5.091638,52.070539]},"properties":{"category":"glasbak","name":"3792","operator":"","osm_id":"node/10024098912"}},{"type":"Feature","geometry":{"type":"Point","coordinates":[5.136465,52.06655]},"properties":{"category":"glasbak","name":"","operator":"","osm_id":"node/10028519618"}},{"type":"Feature","geometry":{"type":"Point","coordinates":[5.135387,52.065159]},"properties":{"category":"glasbak","name":"","operator":"","osm_id":"node/10028519731"}},{"type":"Feature","geometry":{"type":"Point","coordinates":[5.135343,52.065154]},"properties":{"category":"glasbak","name":"","operator":"","osm_id":"node/10028519732"}},{"type":"Feature","geometry":{"type":"Point","coordinates":[5.138227,52.066013]},"properties":{"category":"glasbak","name":"","operator":"","osm_id":"node/10028532392"}},{"type":"Feature","geometry":{"type":"Point","coordinates":[5.138101,52.066001]},"properties":{"category":"glasbak","name":"","operator":"","osm_id":"node/10028532393"}},{"type":"Feature","geometry":{"type":"Point","coordinates":[5.138071,52.065995]},"properties":{"category":"glasbak","name":"","operator":"","osm_id":"node/10028532394"}},{"type":"Feature","geometry":{"type":"Point","coordinates":[5.135319,52.065849]},"properties":{"category":"glasbak","name":"","operator":"","osm_id":"node/10028532491"}},{"type":"Feature","geometry":{"type":"Point","coordinates":[5.140736,52.06635]},"properties":{"category":"glasbak","name":"","operator":"","osm_id":"node/10029278425"}},{"type":"Feature","geometry":{"type":"Point","coordinates":[5.13791,52.066798]},"properties":{"category":"glasbak","name":"","operator":"","osm_id":"node/10029278630"}},{"type":"Feature","geometry":{"type":"Point","coordinates":[5.137603,52.068131]},"properties":{"category":"glasbak","name":"","operator":"","osm_id":"node/10029754455"}},{"type":"Feature","geometry":{"type":"Point","coordinates":[5.137581,52.068133]},"properties":{"category":"glasbak","name":"","operator":"","osm_id":"node/10029754456"}},{"type":"Feature","geometry":{"type":"Point","coordinates":[5.139663,52.067331]},"properties":{"category":"glasbak","name":"","operator":"","osm_id":"node/10029764759"}},{"type":"Feature","geometry":{"type":"Point","coordinates":[5.139688,52.067295]},"properties":{"category":"glasbak","name":"","operator":"","osm_id":"node/10029764760"}},{"type":"Feature","geometry":{"type":"Point","coordinates":[5.139701,52.067279]},"properties":{"category":"glasbak","name":"","operator":"","osm_id":"node/10029764761"}},{"type":"Feature","geometry":{"type":"Point","coordinates":[5.137445,52.068585]},"properties":{"category":"glasbak","name":"","operator":"","osm_id":"node/10030000432"}},{"type":"Feature","geometry":{"type":"Point","coordinates":[5.13743,52.068601]},"properties":{"category":"glasbak","name":"","operator":"","osm_id":"node/10030000433"}},{"type":"Feature","geometry":{"type":"Point","coordinates":[5.138732,52.068963]},"properties":{"category":"glasbak","name":"","operator":"","osm_id":"node/10030000444"}},{"type":"Feature","geometry":{"type":"Point","coordinates":[5.140098,52.068836]},"properties":{"category":"glasbak","name":"","operator":"","osm_id":"node/10030000521"}},{"type":"Feature","geometry":{"type":"Point","coordinates":[5.143211,52.064088]},"properties":{"category":"glasbak","name":"","operator":"","osm_id":"node/10030638303"}},{"type":"Feature","geometry":{"type":"Point","coordinates":[5.143219,52.064106]},"properties":{"category":"glasbak","name":"","operator":"","osm_id":"node/10030638319"}},{"type":"Feature","geometry":{"type":"Point","coordinates":[5.095515,52.064878]},"properties":{"category":"glasbak","name":"","operator":"","osm_id":"node/10032352272"}},{"type":"Feature","geometry":{"type":"Point","coordinates":[5.09373,52.066615]},"properties":{"category":"glasbak","name":"3577","operator":"","osm_id":"node/10032352283"}},{"type":"Feature","geometry":{"type":"Point","coordinates":[5.093706,52.066639]},"properties":{"category":"glasbak","name":"3578","operator":"","osm_id":"node/10032352284"}},{"type":"Feature","geometry":{"type":"Point","coordinates":[5.08989,52.071183]},"properties":{"category":"glasbak","name":"7055","operator":"","osm_id":"node/10032421499"}},{"type":"Feature","geometry":{"type":"Point","coordinates":[5.094232,52.06626]},"properties":{"category":"glasbak","name":"","operator":"","osm_id":"node/10032421999"}},{"type":"Feature","geometry":{"type":"Point","coordinates":[5.090047,52.070758]},"properties":{"category":"glasbak","name":"3576","operator":"","osm_id":"node/10032422382"}},{"type":"Feature","geometry":{"type":"Point","coordinates":[5.090104,52.070695]},"properties":{"category":"glasbak","name":"3575","operator":"","osm_id":"node/10032422383"}},{"type":"Feature","geometry":{"type":"Point","coordinates":[5.092835,52.08042]},"properties":{"category":"glasbak","name":"3709","operator":"","osm_id":"node/10036544656"}},{"type":"Feature","geometry":{"type":"Point","coordinates":[5.092849,52.080403]},"properties":{"category":"glasbak","name":"3710","operator":"","osm_id":"node/10036544657"}},{"type":"Feature","geometry":{"type":"Point","coordinates":[5.092866,52.080386]},"properties":{"category":"glasbak","name":"3711","operator":"","osm_id":"node/10036544658"}},{"type":"Feature","geometry":{"type":"Point","coordinates":[5.092883,52.08037]},"properties":{"category":"glasbak","name":"3712","operator":"","osm_id":"node/10036544659"}},{"type":"Feature","geometry":{"type":"Point","coordinates":[5.092898,52.080353]},"properties":{"category":"glasbak","name":"6268","operator":"","osm_id":"node/10036544660"}},{"type":"Feature","geometry":{"type":"Point","coordinates":[5.084915,52.076295]},"properties":{"category":"glasbak","name":"","operator":"","osm_id":"node/10036646291"}},{"type":"Feature","geometry":{"type":"Point","coordinates":[5.085396,52.075822]},"properties":{"category":"glasbak","name":"","operator":"","osm_id":"node/10036646299"}},{"type":"Feature","geometry":{"type":"Point","coordinates":[5.085367,52.075811]},"properties":{"category":"glasbak","name":"","operator":"","osm_id":"node/10036646300"}},{"type":"Feature","geometry":{"type":"Point","coordinates":[5.08409,52.077219]},"properties":{"category":"glasbak","name":"8092","operator":"","osm_id":"node/10036646301"}},{"type":"Feature","geometry":{"type":"Point","coordinates":[5.084104,52.077203]},"properties":{"category":"glasbak","name":"8094","operator":"","osm_id":"node/10036646302"}},{"type":"Feature","geometry":{"type":"Point","coordinates":[5.086857,52.074257]},"properties":{"category":"glasbak","name":"7066","operator":"","osm_id":"node/10037173995"}},{"type":"Feature","geometry":{"type":"Point","coordinates":[5.086825,52.074246]},"properties":{"category":"glasbak","name":"7067","operator":"","osm_id":"node/10037173996"}},{"type":"Feature","geometry":{"type":"Point","coordinates":[5.087555,52.073462]},"properties":{"category":"glasbak","name":"","operator":"","osm_id":"node/10037173997"}},{"type":"Feature","geometry":{"type":"Point","coordinates":[5.114543,52.111426]},"properties":{"category":"glasbak","name":"","operator":"","osm_id":"node/10053873457"}},{"type":"Feature","geometry":{"type":"Point","coordinates":[5.114524,52.111415]},"properties":{"category":"glasbak","name":"","operator":"","osm_id":"node/10053873458"}},{"type":"Feature","geometry":{"type":"Point","coordinates":[5.114499,52.111427]},"properties":{"category":"glasbak","name":"","operator":"","osm_id":"node/10053873459"}},{"type":"Feature","geometry":{"type":"Point","coordinates":[5.114521,52.111437]},"properties":{"category":"glasbak","name":"","operator":"","osm_id":"node/10053873460"}},{"type":"Feature","geometry":{"type":"Point","coordinates":[5.126935,52.115057]},"properties":{"category":"glasbak","name":"","operator":"","osm_id":"node/10079371191"}},{"type":"Feature","geometry":{"type":"Point","coordinates":[5.116118,52.059161]},"properties":{"category":"glasbak","name":"","operator":"","osm_id":"node/10083557884"}},{"type":"Feature","geometry":{"type":"Point","coordinates":[5.117158,52.058534]},"properties":{"category":"glasbak","name":"","operator":"","osm_id":"node/10083557893"}},{"type":"Feature","geometry":{"type":"Point","coordinates":[5.120342,52.058067]},"properties":{"category":"glasbak","name":"","operator":"","osm_id":"node/10083557976"}},{"type":"Feature","geometry":{"type":"Point","coordinates":[5.119181,52.058189]},"properties":{"category":"glasbak","name":"","operator":"","osm_id":"node/10083558006"}},{"type":"Feature","geometry":{"type":"Point","coordinates":[5.120053,52.059546]},"properties":{"category":"glasbak","name":"","operator":"","osm_id":"node/10083558204"}},{"type":"Feature","geometry":{"type":"Point","coordinates":[5.122429,52.059387]},"properties":{"category":"glasbak","name":"","operator":"","osm_id":"node/10083558250"}},{"type":"Feature","geometry":{"type":"Point","coordinates":[5.130707,52.10494]},"properties":{"category":"glasbak","name":"","operator":"","osm_id":"node/10085645512"}},{"type":"Feature","geometry":{"type":"Point","coordinates":[5.130736,52.104934]},"properties":{"category":"glasbak","name":"","operator":"","osm_id":"node/10085645513"}},{"type":"Feature","geometry":{"type":"Point","coordinates":[5.134284,52.10662]},"properties":{"category":"glasbak","name":"","operator":"","osm_id":"node/10085772706"}},{"type":"Feature","geometry":{"type":"Point","coordinates":[5.134289,52.106589]},"properties":{"category":"glasbak","name":"","operator":"","osm_id":"node/10085772707"}},{"type":"Feature","geometry":{"type":"Point","coordinates":[5.138263,52.103727]},"properties":{"category":"glasbak","name":"","operator":"","osm_id":"node/10087563567"}},{"type":"Feature","geometry":{"type":"Point","coordinates":[5.138186,52.103731]},"properties":{"category":"glasbak","name":"","operator":"","osm_id":"node/10087563568"}},{"type":"Feature","geometry":{"type":"Point","coordinates":[5.138151,52.103732]},"properties":{"category":"glasbak","name":"","operator":"","osm_id":"node/10087563569"}},{"type":"Feature","geometry":{"type":"Point","coordinates":[5.138297,52.103726]},"properties":{"category":"glasbak","name":"","operator":"","osm_id":"node/10087563570"}},{"type":"Feature","geometry":{"type":"Point","coordinates":[5.135292,52.103886]},"properties":{"category":"glasbak","name":"","operator":"","osm_id":"node/10087574854"}},{"type":"Feature","geometry":{"type":"Point","coordinates":[5.135263,52.103887]},"properties":{"category":"glasbak","name":"","operator":"","osm_id":"node/10087574855"}},{"type":"Feature","geometry":{"type":"Point","coordinates":[5.135229,52.103889]},"properties":{"category":"glasbak","name":"","operator":"","osm_id":"node/10087574856"}},{"type":"Feature","geometry":{"type":"Point","coordinates":[5.135203,52.103891]},"properties":{"category":"glasbak","name":"","operator":"","osm_id":"node/10087574857"}},{"type":"Feature","geometry":{"type":"Point","coordinates":[5.136816,52.103803]},"properties":{"category":"glasbak","name":"","operator":"","osm_id":"node/10087574858"}},{"type":"Feature","geometry":{"type":"Point","coordinates":[5.136784,52.103803]},"properties":{"category":"glasbak","name":"","operator":"","osm_id":"node/10087574859"}},{"type":"Feature","geometry":{"type":"Point","coordinates":[5.094582,52.09628]},"properties":{"category":"glasbak","name":"","operator":"","osm_id":"node/10088107249"}},{"type":"Feature","geometry":{"type":"Point","coordinates":[5.116201,52.060747]},"properties":{"category":"glasbak","name":"","operator":"","osm_id":"node/10089412336"}},{"type":"Feature","geometry":{"type":"Point","coordinates":[5.116169,52.060752]},"properties":{"category":"glasbak","name":"","operator":"","osm_id":"node/10089412337"}},{"type":"Feature","geometry":{"type":"Point","coordinates":[5.11676,52.060436]},"properties":{"category":"glasbak","name":"","operator":"","osm_id":"node/10089412338"}},{"type":"Feature","geometry":{"type":"Point","coordinates":[5.118688,52.059626]},"properties":{"category":"glasbak","name":"","operator":"","osm_id":"node/10089412799"}},{"type":"Feature","geometry":{"type":"Point","coordinates":[5.118661,52.059632]},"properties":{"category":"glasbak","name":"","operator":"","osm_id":"node/10089412800"}},{"type":"Feature","geometry":{"type":"Point","coordinates":[5.083677,52.094635]},"properties":{"category":"glasbak","name":"3316","operator":"","osm_id":"node/10090992868"}},{"type":"Feature","geometry":{"type":"Point","coordinates":[5.083666,52.09462]},"properties":{"category":"glasbak","name":"3317","operator":"","osm_id":"node/10090992869"}},{"type":"Feature","geometry":{"type":"Point","coordinates":[5.084355,52.094481]},"properties":{"category":"glasbak","name":"3321","operator":"","osm_id":"node/10090992875"}},{"type":"Feature","geometry":{"type":"Point","coordinates":[5.084325,52.094486]},"properties":{"category":"glasbak","name":"3320","operator":"","osm_id":"node/10090992876"}},{"type":"Feature","geometry":{"type":"Point","coordinates":[5.083792,52.09507]},"properties":{"category":"glasbak","name":"","operator":"","osm_id":"node/10090993245"}},{"type":"Feature","geometry":{"type":"Point","coordinates":[5.083775,52.095081]},"properties":{"category":"glasbak","name":"","operator":"","osm_id":"node/10090993246"}},{"type":"Feature","geometry":{"type":"Point","coordinates":[5.082755,52.093531]},"properties":{"category":"glasbak","name":"3318","operator":"","osm_id":"node/10091805794"}},{"type":"Feature","geometry":{"type":"Point","coordinates":[5.082731,52.093543]},"properties":{"category":"glasbak","name":"3319","operator":"","osm_id":"node/10091805795"}},{"type":"Feature","geometry":{"type":"Point","coordinates":[5.08359,52.093151]},"properties":{"category":"glasbak","name":"3323","operator":"","osm_id":"node/10091814585"}},{"type":"Feature","geometry":{"type":"Point","coordinates":[5.083564,52.093162]},"properties":{"category":"glasbak","name":"3322","operator":"","osm_id":"node/10091814586"}},{"type":"Feature","geometry":{"type":"Point","coordinates":[5.085747,52.098731]},"properties":{"category":"glasbak","name":"","operator":"","osm_id":"node/10092244286"}},{"type":"Feature","geometry":{"type":"Point","coordinates":[5.082077,52.098983]},"properties":{"category":"glasbak","name":"","operator":"","osm_id":"node/10092244291"}},{"type":"Feature","geometry":{"type":"Point","coordinates":[5.078207,52.098512]},"properties":{"category":"glasbak","name":"","operator":"","osm_id":"node/10092256620"}},{"type":"Feature","geometry":{"type":"Point","coordinates":[5.127435,52.074902]},"properties":{"category":"glasbak","name":"","operator":"","osm_id":"node/10097319713"}},{"type":"Feature","geometry":{"type":"Point","coordinates":[5.127403,52.074902]},"properties":{"category":"glasbak","name":"","operator":"","osm_id":"node/10097319714"}},{"type":"Feature","geometry":{"type":"Point","coordinates":[5.125848,52.073044]},"properties":{"category":"glasbak","name":"","operator":"","osm_id":"node/10099425366"}},{"type":"Feature","geometry":{"type":"Point","coordinates":[5.125818,52.073051]},"properties":{"category":"glasbak","name":"","operator":"","osm_id":"node/10099425367"}},{"type":"Feature","geometry":{"type":"Point","coordinates":[5.129489,52.073951]},"properties":{"category":"glasbak","name":"","operator":"","osm_id":"node/10102257539"}},{"type":"Feature","geometry":{"type":"Point","coordinates":[5.129485,52.073931]},"properties":{"category":"glasbak","name":"","operator":"","osm_id":"node/10102257540"}},{"type":"Feature","geometry":{"type":"Point","coordinates":[5.128729,52.070103]},"properties":{"category":"glasbak","name":"","operator":"","osm_id":"node/10102257541"}},{"type":"Feature","geometry":{"type":"Point","coordinates":[5.128719,52.070082]},"properties":{"category":"glasbak","name":"","operator":"","osm_id":"node/10102257542"}},{"type":"Feature","geometry":{"type":"Point","coordinates":[5.128869,52.07125]},"properties":{"category":"glasbak","name":"","operator":"","osm_id":"node/10102257574"}},{"type":"Feature","geometry":{"type":"Point","coordinates":[5.131192,52.074955]},"properties":{"category":"glasbak","name":"","operator":"","osm_id":"node/10102257723"}},{"type":"Feature","geometry":{"type":"Point","coordinates":[5.13117,52.074965]},"properties":{"category":"glasbak","name":"","operator":"","osm_id":"node/10102257724"}},{"type":"Feature","geometry":{"type":"Point","coordinates":[5.126925,52.070917]},"properties":{"category":"glasbak","name":"","operator":"","osm_id":"node/10102669795"}},{"type":"Feature","geometry":{"type":"Point","coordinates":[5.126916,52.070898]},"properties":{"category":"glasbak","name":"","operator":"","osm_id":"node/10102669796"}},{"type":"Feature","geometry":{"type":"Point","coordinates":[5.12716,52.071442]},"properties":{"category":"glasbak","name":"","operator":"","osm_id":"node/10102669797"}},{"type":"Feature","geometry":{"type":"Point","coordinates":[5.125333,52.069995]},"properties":{"category":"glasbak","name":"","operator":"","osm_id":"node/10102823541"}},{"type":"Feature","geometry":{"type":"Point","coordinates":[5.125998,52.072158]},"properties":{"category":"glasbak","name":"4131","operator":"","osm_id":"node/10102823671"}},{"type":"Feature","geometry":{"type":"Point","coordinates":[5.125998,52.072178]},"properties":{"category":"glasbak","name":"4132","operator":"","osm_id":"node/10102823672"}},{"type":"Feature","geometry":{"type":"Point","coordinates":[5.127896,52.072055]},"properties":{"category":"glasbak","name":"","operator":"","osm_id":"node/10102823757"}},{"type":"Feature","geometry":{"type":"Point","coordinates":[5.127862,52.072055]},"properties":{"category":"glasbak","name":"","operator":"","osm_id":"node/10102823758"}},{"type":"Feature","geometry":{"type":"Point","coordinates":[5.124344,52.071899]},"properties":{"category":"glasbak","name":"0465","operator":"","osm_id":"node/10102994724"}},{"type":"Feature","geometry":{"type":"Point","coordinates":[5.124322,52.071905]},"properties":{"category":"glasbak","name":"0464","operator":"","osm_id":"node/10102994725"}},{"type":"Feature","geometry":{"type":"Point","coordinates":[5.124761,52.070856]},"properties":{"category":"glasbak","name":"","operator":"","osm_id":"node/10102994726"}},{"type":"Feature","geometry":{"type":"Point","coordinates":[5.12473,52.070862]},"properties":{"category":"glasbak","name":"","operator":"","osm_id":"node/10102994727"}},{"type":"Feature","geometry":{"type":"Point","coordinates":[5.123085,52.070927]},"properties":{"category":"glasbak","name":"","operator":"","osm_id":"node/10111742532"}},{"type":"Feature","geometry":{"type":"Point","coordinates":[5.121423,52.068311]},"properties":{"category":"glasbak","name":"","operator":"","osm_id":"node/10111917745"}},{"type":"Feature","geometry":{"type":"Point","coordinates":[5.121047,52.066915]},"properties":{"category":"glasbak","name":"","operator":"","osm_id":"node/10112120585"}},{"type":"Feature","geometry":{"type":"Point","coordinates":[5.121012,52.066924]},"properties":{"category":"glasbak","name":"","operator":"","osm_id":"node/10112120586"}},{"type":"Feature","geometry":{"type":"Point","coordinates":[5.121127,52.066985]},"properties":{"category":"glasbak","name":"","operator":"","osm_id":"node/10112120587"}},{"type":"Feature","geometry":{"type":"Point","coordinates":[5.122162,52.06691]},"properties":{"category":"glasbak","name":"","operator":"","osm_id":"node/10112177072"}},{"type":"Feature","geometry":{"type":"Point","coordinates":[5.121948,52.066758]},"properties":{"category":"glasbak","name":"","operator":"","osm_id":"node/10112177073"}},{"type":"Feature","geometry":{"type":"Point","coordinates":[5.121024,52.066323]},"properties":{"category":"glasbak","name":"","operator":"","osm_id":"node/10112177195"}},{"type":"Feature","geometry":{"type":"Point","coordinates":[5.121117,52.066306]},"properties":{"category":"glasbak","name":"","operator":"","osm_id":"node/10112177196"}},{"type":"Feature","geometry":{"type":"Point","coordinates":[5.121129,52.066325]},"properties":{"category":"glasbak","name":"","operator":"","osm_id":"node/10112177197"}},{"type":"Feature","geometry":{"type":"Point","coordinates":[5.117342,52.063196]},"properties":{"category":"glasbak","name":"","operator":"","osm_id":"node/10112444027"}},{"type":"Feature","geometry":{"type":"Point","coordinates":[5.117333,52.063178]},"properties":{"category":"glasbak","name":"","operator":"","osm_id":"node/10112444028"}},{"type":"Feature","geometry":{"type":"Point","coordinates":[5.121375,52.062649]},"properties":{"category":"glasbak","name":"","operator":"","osm_id":"node/10112444065"}},{"type":"Feature","geometry":{"type":"Point","coordinates":[5.118656,52.061509]},"properties":{"category":"glasbak","name":"","operator":"","osm_id":"node/10112444341"}},{"type":"Feature","geometry":{"type":"Point","coordinates":[5.118626,52.061515]},"properties":{"category":"glasbak","name":"","operator":"","osm_id":"node/10112444342"}},{"type":"Feature","geometry":{"type":"Point","coordinates":[5.1201,52.061899]},"properties":{"category":"glasbak","name":"","operator":"","osm_id":"node/10112444347"}},{"type":"Feature","geometry":{"type":"Point","coordinates":[5.119348,52.063083]},"properties":{"category":"glasbak","name":"","operator":"","osm_id":"node/10112444886"}},{"type":"Feature","geometry":{"type":"Point","coordinates":[5.119359,52.063101]},"properties":{"category":"glasbak","name":"","operator":"","osm_id":"node/10112444887"}},{"type":"Feature","geometry":{"type":"Point","coordinates":[5.119735,52.063922]},"properties":{"category":"glasbak","name":"","operator":"","osm_id":"node/10112444888"}},{"type":"Feature","geometry":{"type":"Point","coordinates":[5.122439,52.063905]},"properties":{"category":"glasbak","name":"","operator":"","osm_id":"node/10112476095"}},{"type":"Feature","geometry":{"type":"Point","coordinates":[5.122447,52.063921]},"properties":{"category":"glasbak","name":"","operator":"","osm_id":"node/10112476096"}},{"type":"Feature","geometry":{"type":"Point","coordinates":[5.117635,52.061589]},"properties":{"category":"glasbak","name":"","operator":"","osm_id":"node/10112477383"}},{"type":"Feature","geometry":{"type":"Point","coordinates":[5.119397,52.065544]},"properties":{"category":"glasbak","name":"","operator":"","osm_id":"node/10112477491"}},{"type":"Feature","geometry":{"type":"Point","coordinates":[5.126054,52.067465]},"properties":{"category":"glasbak","name":"","operator":"","osm_id":"node/10115183053"}},{"type":"Feature","geometry":{"type":"Point","coordinates":[5.126024,52.06747]},"properties":{"category":"glasbak","name":"","operator":"","osm_id":"node/10115183054"}},{"type":"Feature","geometry":{"type":"Point","coordinates":[5.126172,52.06817]},"properties":{"category":"glasbak","name":"","operator":"","osm_id":"node/10115183071"}},{"type":"Feature","geometry":{"type":"Point","coordinates":[5.124902,52.065793]},"properties":{"category":"glasbak","name":"","operator":"","osm_id":"node/10117567329"}},{"type":"Feature","geometry":{"type":"Point","coordinates":[5.124873,52.065796]},"properties":{"category":"glasbak","name":"","operator":"","osm_id":"node/10117567330"}},{"type":"Feature","geometry":{"type":"Point","coordinates":[5.123198,52.067048]},"properties":{"category":"glasbak","name":"","operator":"","osm_id":"node/10117567405"}},{"type":"Feature","geometry":{"type":"Point","coordinates":[5.123206,52.067066]},"properties":{"category":"glasbak","name":"","operator":"","osm_id":"node/10117567406"}},{"type":"Feature","geometry":{"type":"Point","coordinates":[5.12377,52.067977]},"properties":{"category":"glasbak","name":"","operator":"","osm_id":"node/10117567427"}},{"type":"Feature","geometry":{"type":"Point","coordinates":[5.124767,52.068686]},"properties":{"category":"glasbak","name":"","operator":"","osm_id":"node/10118503437"}},{"type":"Feature","geometry":{"type":"Point","coordinates":[5.124797,52.068681]},"properties":{"category":"glasbak","name":"","operator":"","osm_id":"node/10118503438"}},{"type":"Feature","geometry":{"type":"Point","coordinates":[5.124808,52.068698]},"properties":{"category":"glasbak","name":"","operator":"","osm_id":"node/10118503439"}},{"type":"Feature","geometry":{"type":"Point","coordinates":[5.124776,52.068703]},"properties":{"category":"glasbak","name":"","operator":"","osm_id":"node/10118503440"}},{"type":"Feature","geometry":{"type":"Point","coordinates":[5.126288,52.069396]},"properties":{"category":"glasbak","name":"","operator":"","osm_id":"node/10118536876"}},{"type":"Feature","geometry":{"type":"Point","coordinates":[5.126257,52.0694]},"properties":{"category":"glasbak","name":"","operator":"","osm_id":"node/10118536877"}},{"type":"Feature","geometry":{"type":"Point","coordinates":[5.126227,52.069407]},"properties":{"category":"glasbak","name":"","operator":"","osm_id":"node/10118536878"}},{"type":"Feature","geometry":{"type":"Point","coordinates":[5.1273,52.068543]},"properties":{"category":"glasbak","name":"","operator":"","osm_id":"node/10118536975"}},{"type":"Feature","geometry":{"type":"Point","coordinates":[5.127294,52.068525]},"properties":{"category":"glasbak","name":"","operator":"","osm_id":"node/10118536976"}},{"type":"Feature","geometry":{"type":"Point","coordinates":[5.14035,52.085858]},"properties":{"category":"glasbak","name":"","operator":"","osm_id":"node/10137496415"}},{"type":"Feature","geometry":{"type":"Point","coordinates":[5.140321,52.08585]},"properties":{"category":"glasbak","name":"","operator":"","osm_id":"node/10137496416"}},{"type":"Feature","geometry":{"type":"Point","coordinates":[5.094934,52.066812]},"properties":{"category":"glasbak","name":"3648","operator":"","osm_id":"node/10146912558"}},{"type":"Feature","geometry":{"type":"Point","coordinates":[5.094907,52.066803]},"properties":{"category":"glasbak","name":"3647","operator":"","osm_id":"node/10146912559"}},{"type":"Feature","geometry":{"type":"Point","coordinates":[5.096579,52.065472]},"properties":{"category":"glasbak","name":"3650","operator":"","osm_id":"node/10146912858"}},{"type":"Feature","geometry":{"type":"Point","coordinates":[5.096547,52.065461]},"properties":{"category":"glasbak","name":"3649","operator":"","osm_id":"node/10146912859"}},{"type":"Feature","geometry":{"type":"Point","coordinates":[5.096904,52.065379]},"properties":{"category":"glasbak","name":"3651","operator":"","osm_id":"node/10146912965"}},{"type":"Feature","geometry":{"type":"Point","coordinates":[5.096886,52.065393]},"properties":{"category":"glasbak","name":"6300","operator":"","osm_id":"node/10146912966"}},{"type":"Feature","geometry":{"type":"Point","coordinates":[5.11942,52.112912]},"properties":{"category":"glasbak","name":"","operator":"","osm_id":"node/10151394639"}},{"type":"Feature","geometry":{"type":"Point","coordinates":[5.119396,52.112926]},"properties":{"category":"glasbak","name":"","operator":"","osm_id":"node/10151394640"}},{"type":"Feature","geometry":{"type":"Point","coordinates":[5.119366,52.112943]},"properties":{"category":"glasbak","name":"","operator":"","osm_id":"node/10151394641"}},{"type":"Feature","geometry":{"type":"Point","coordinates":[5.117729,52.110389]},"properties":{"category":"glasbak","name":"","operator":"","osm_id":"node/10151445222"}},{"type":"Feature","geometry":{"type":"Point","coordinates":[5.117757,52.110403]},"properties":{"category":"glasbak","name":"","operator":"","osm_id":"node/10151445223"}},{"type":"Feature","geometry":{"type":"Point","coordinates":[5.120779,52.112352]},"properties":{"category":"glasbak","name":"","operator":"","osm_id":"node/10151446827"}},{"type":"Feature","geometry":{"type":"Point","coordinates":[5.120761,52.112338]},"properties":{"category":"glasbak","name":"","operator":"","osm_id":"node/10151446828"}},{"type":"Feature","geometry":{"type":"Point","coordinates":[5.120737,52.112325]},"properties":{"category":"glasbak","name":"","operator":"","osm_id":"node/10151446829"}},{"type":"Feature","geometry":{"type":"Point","coordinates":[5.120713,52.112312]},"properties":{"category":"glasbak","name":"","operator":"","osm_id":"node/10151446830"}},{"type":"Feature","geometry":{"type":"Point","coordinates":[5.12069,52.1123]},"properties":{"category":"glasbak","name":"","operator":"","osm_id":"node/10151446831"}},{"type":"Feature","geometry":{"type":"Point","coordinates":[5.121585,52.112981]},"properties":{"category":"glasbak","name":"","operator":"","osm_id":"node/10151449908"}},{"type":"Feature","geometry":{"type":"Point","coordinates":[5.121609,52.112993]},"properties":{"category":"glasbak","name":"","operator":"","osm_id":"node/10151449909"}},{"type":"Feature","geometry":{"type":"Point","coordinates":[5.121632,52.113005]},"properties":{"category":"glasbak","name":"","operator":"","osm_id":"node/10151449910"}},{"type":"Feature","geometry":{"type":"Point","coordinates":[5.101258,52.066988]},"properties":{"category":"glasbak","name":"3665","operator":"","osm_id":"node/10152160858"}},{"type":"Feature","geometry":{"type":"Point","coordinates":[5.101229,52.066978]},"properties":{"category":"glasbak","name":"3664","operator":"","osm_id":"node/10152160859"}},{"type":"Feature","geometry":{"type":"Point","coordinates":[5.099182,52.065362]},"properties":{"category":"glasbak","name":"3660","operator":"","osm_id":"node/10152161204"}},{"type":"Feature","geometry":{"type":"Point","coordinates":[5.099153,52.065352]},"properties":{"category":"glasbak","name":"3661","operator":"","osm_id":"node/10152161205"}},{"type":"Feature","geometry":{"type":"Point","coordinates":[5.099908,52.06663]},"properties":{"category":"glasbak","name":"3663","operator":"","osm_id":"node/10152161269"}},{"type":"Feature","geometry":{"type":"Point","coordinates":[5.099878,52.066617]},"properties":{"category":"glasbak","name":"3662","operator":"","osm_id":"node/10152161270"}},{"type":"Feature","geometry":{"type":"Point","coordinates":[5.096602,52.066858]},"properties":{"category":"glasbak","name":"","operator":"","osm_id":"node/10152161438"}},{"type":"Feature","geometry":{"type":"Point","coordinates":[5.094709,52.071717]},"properties":{"category":"glasbak","name":"3624","operator":"","osm_id":"node/10154431416"}},{"type":"Feature","geometry":{"type":"Point","coordinates":[5.095992,52.070349]},"properties":{"category":"glasbak","name":"","operator":"","osm_id":"node/10154442431"}},{"type":"Feature","geometry":{"type":"Point","coordinates":[5.094149,52.069767]},"properties":{"category":"glasbak","name":"","operator":"","osm_id":"node/10154442496"}},{"type":"Feature","geometry":{"type":"Point","coordinates":[5.09298,52.071095]},"properties":{"category":"glasbak","name":"3628","operator":"","osm_id":"node/10154442863"}},{"type":"Feature","geometry":{"type":"Point","coordinates":[5.092949,52.071086]},"properties":{"category":"glasbak","name":"3627","operator":"","osm_id":"node/10154442864"}},{"type":"Feature","geometry":{"type":"Point","coordinates":[5.092546,52.07108]},"properties":{"category":"glasbak","name":"2449","operator":"","osm_id":"node/10154442865"}},{"type":"Feature","geometry":{"type":"Point","coordinates":[5.092519,52.07107]},"properties":{"category":"glasbak","name":"2448","operator":"","osm_id":"node/10154442866"}},{"type":"Feature","geometry":{"type":"Point","coordinates":[5.099844,52.067629]},"properties":{"category":"glasbak","name":"3643","operator":"","osm_id":"node/10155779052"}},{"type":"Feature","geometry":{"type":"Point","coordinates":[5.099798,52.067611]},"properties":{"category":"glasbak","name":"3644","operator":"","osm_id":"node/10155779053"}},{"type":"Feature","geometry":{"type":"Point","coordinates":[5.098948,52.06928]},"properties":{"category":"glasbak","name":"3621","operator":"","osm_id":"node/10156949020"}},{"type":"Feature","geometry":{"type":"Point","coordinates":[5.098977,52.069289]},"properties":{"category":"glasbak","name":"3620","operator":"","osm_id":"node/10156949021"}},{"type":"Feature","geometry":{"type":"Point","coordinates":[5.098917,52.069353]},"properties":{"category":"glasbak","name":"3619","operator":"","osm_id":"node/10156949022"}},{"type":"Feature","geometry":{"type":"Point","coordinates":[5.098891,52.069344]},"properties":{"category":"glasbak","name":"3618","operator":"","osm_id":"node/10156949023"}},{"type":"Feature","geometry":{"type":"Point","coordinates":[5.097335,52.070666]},"properties":{"category":"glasbak","name":"3622","operator":"","osm_id":"node/10156949024"}},{"type":"Feature","geometry":{"type":"Point","coordinates":[5.097355,52.070683]},"properties":{"category":"glasbak","name":"3623","operator":"","osm_id":"node/10156949025"}},{"type":"Feature","geometry":{"type":"Point","coordinates":[5.097317,52.07075]},"properties":{"category":"glasbak","name":"3406","operator":"","osm_id":"node/10156949026"}},{"type":"Feature","geometry":{"type":"Point","coordinates":[5.097287,52.07074]},"properties":{"category":"glasbak","name":"3405","operator":"","osm_id":"node/10156949027"}},{"type":"Feature","geometry":{"type":"Point","coordinates":[5.099633,52.069922]},"properties":{"category":"glasbak","name":"","operator":"","osm_id":"node/10157964829"}},{"type":"Feature","geometry":{"type":"Point","coordinates":[5.098042,52.071796]},"properties":{"category":"glasbak","name":"3611","operator":"","osm_id":"node/10158003355"}},{"type":"Feature","geometry":{"type":"Point","coordinates":[5.098014,52.071787]},"properties":{"category":"glasbak","name":"3612","operator":"","osm_id":"node/10158003356"}},{"type":"Feature","geometry":{"type":"Point","coordinates":[5.097488,52.07279]},"properties":{"category":"glasbak","name":"4118","operator":"","osm_id":"node/10158003582"}},{"type":"Feature","geometry":{"type":"Point","coordinates":[5.097459,52.072782]},"properties":{"category":"glasbak","name":"4941","operator":"","osm_id":"node/10158003583"}},{"type":"Feature","geometry":{"type":"Point","coordinates":[5.10051,52.069131]},"properties":{"category":"glasbak","name":"3639","operator":"","osm_id":"node/10158004116"}},{"type":"Feature","geometry":{"type":"Point","coordinates":[5.100483,52.069123]},"properties":{"category":"glasbak","name":"3640","operator":"","osm_id":"node/10158004117"}},{"type":"Feature","geometry":{"type":"Point","coordinates":[5.100653,52.068973]},"properties":{"category":"glasbak","name":"3642","operator":"","osm_id":"node/10158004118"}},{"type":"Feature","geometry":{"type":"Point","coordinates":[5.100622,52.068961]},"properties":{"category":"glasbak","name":"3641","operator":"","osm_id":"node/10158004119"}},{"type":"Feature","geometry":{"type":"Point","coordinates":[5.095717,52.072172]},"properties":{"category":"glasbak","name":"3931","operator":"","osm_id":"node/10158164305"}},{"type":"Feature","geometry":{"type":"Point","coordinates":[5.09569,52.072164]},"properties":{"category":"glasbak","name":"","operator":"","osm_id":"node/10158164306"}},{"type":"Feature","geometry":{"type":"Point","coordinates":[5.096224,52.072262]},"properties":{"category":"glasbak","name":"5601","operator":"","osm_id":"node/10158164319"}},{"type":"Feature","geometry":{"type":"Point","coordinates":[5.096195,52.072253]},"properties":{"category":"glasbak","name":"3408","operator":"","osm_id":"node/10158164320"}},{"type":"Feature","geometry":{"type":"Point","coordinates":[5.095429,52.071013]},"properties":{"category":"glasbak","name":"3625","operator":"","osm_id":"node/10158164837"}},{"type":"Feature","geometry":{"type":"Point","coordinates":[5.095445,52.070994]},"properties":{"category":"glasbak","name":"6094","operator":"","osm_id":"node/10158164838"}},{"type":"Feature","geometry":{"type":"Point","coordinates":[5.095417,52.070987]},"properties":{"category":"glasbak","name":"2815","operator":"","osm_id":"node/10158164839"}},{"type":"Feature","geometry":{"type":"Point","coordinates":[5.095385,52.070977]},"properties":{"category":"glasbak","name":"2816","operator":"","osm_id":"node/10158164840"}},{"type":"Feature","geometry":{"type":"Point","coordinates":[5.095401,52.071002]},"properties":{"category":"glasbak","name":"2710","operator":"","osm_id":"node/10158164841"}},{"type":"Feature","geometry":{"type":"Point","coordinates":[5.095372,52.070992]},"properties":{"category":"glasbak","name":"2712","operator":"","osm_id":"node/10158164842"}},{"type":"Feature","geometry":{"type":"Point","coordinates":[5.089991,52.075834]},"properties":{"category":"glasbak","name":"7051","operator":"","osm_id":"node/10162749772"}},{"type":"Feature","geometry":{"type":"Point","coordinates":[5.089963,52.075825]},"properties":{"category":"glasbak","name":"7050","operator":"","osm_id":"node/10162749773"}},{"type":"Feature","geometry":{"type":"Point","coordinates":[5.09099,52.07499]},"properties":{"category":"glasbak","name":"7264","operator":"","osm_id":"node/10162749774"}},{"type":"Feature","geometry":{"type":"Point","coordinates":[5.090871,52.075057]},"properties":{"category":"glasbak","name":"7260","operator":"","osm_id":"node/10162749775"}},{"type":"Feature","geometry":{"type":"Point","coordinates":[5.090739,52.075001]},"properties":{"category":"glasbak","name":"7052","operator":"","osm_id":"node/10162749776"}},{"type":"Feature","geometry":{"type":"Point","coordinates":[5.093176,52.073959]},"properties":{"category":"glasbak","name":"5045","operator":"","osm_id":"node/10162786157"}},{"type":"Feature","geometry":{"type":"Point","coordinates":[5.09255,52.07464]},"properties":{"category":"glasbak","name":"5093","operator":"","osm_id":"node/10162786171"}},{"type":"Feature","geometry":{"type":"Point","coordinates":[5.092529,52.074663]},"properties":{"category":"glasbak","name":"4863","operator":"","osm_id":"node/10162786172"}},{"type":"Feature","geometry":{"type":"Point","coordinates":[5.091334,52.07429]},"properties":{"category":"glasbak","name":"","operator":"","osm_id":"node/10162786224"}},{"type":"Feature","geometry":{"type":"Point","coordinates":[5.091318,52.074306]},"properties":{"category":"glasbak","name":"","operator":"","osm_id":"node/10162786225"}},{"type":"Feature","geometry":{"type":"Point","coordinates":[5.089119,52.074934]},"properties":{"category":"glasbak","name":"7337","operator":"","osm_id":"node/10162786317"}},{"type":"Feature","geometry":{"type":"Point","coordinates":[5.089134,52.074917]},"properties":{"category":"glasbak","name":"7408","operator":"","osm_id":"node/10162786318"}},{"type":"Feature","geometry":{"type":"Point","coordinates":[5.089414,52.075041]},"properties":{"category":"glasbak","name":"7360","operator":"","osm_id":"node/10162786319"}},{"type":"Feature","geometry":{"type":"Point","coordinates":[5.090064,52.074331]},"properties":{"category":"glasbak","name":"7339","operator":"","osm_id":"node/10162786320"}},{"type":"Feature","geometry":{"type":"Point","coordinates":[5.089878,52.074133]},"properties":{"category":"glasbak","name":"7346","operator":"","osm_id":"node/10162786321"}},{"type":"Feature","geometry":{"type":"Point","coordinates":[5.091352,52.072945]},"properties":{"category":"glasbak","name":"5191","operator":"","osm_id":"node/10162786479"}},{"type":"Feature","geometry":{"type":"Point","coordinates":[5.091065,52.072845]},"properties":{"category":"glasbak","name":"4921","operator":"","osm_id":"node/10162786480"}},{"type":"Feature","geometry":{"type":"Point","coordinates":[5.090395,52.073788]},"properties":{"category":"glasbak","name":"6197","operator":"","osm_id":"node/10162786481"}},{"type":"Feature","geometry":{"type":"Point","coordinates":[5.090369,52.07378]},"properties":{"category":"glasbak","name":"5089","operator":"","osm_id":"node/10162786482"}},{"type":"Feature","geometry":{"type":"Point","coordinates":[5.087536,52.077064]},"properties":{"category":"glasbak","name":"7345","operator":"","osm_id":"node/10162801617"}},{"type":"Feature","geometry":{"type":"Point","coordinates":[5.08756,52.077035]},"properties":{"category":"glasbak","name":"7342","operator":"","osm_id":"node/10162801618"}},{"type":"Feature","geometry":{"type":"Point","coordinates":[5.08726,52.07694]},"properties":{"category":"glasbak","name":"7340","operator":"","osm_id":"node/10162801619"}},{"type":"Feature","geometry":{"type":"Point","coordinates":[5.08801,52.076127]},"properties":{"category":"glasbak","name":"7416","operator":"","osm_id":"node/10162801630"}},{"type":"Feature","geometry":{"type":"Point","coordinates":[5.086671,52.075594]},"properties":{"category":"glasbak","name":"7341","operator":"","osm_id":"node/10181230343"}},{"type":"Feature","geometry":{"type":"Point","coordinates":[5.089731,52.076677]},"properties":{"category":"glasbak","name":"7344","operator":"","osm_id":"node/10181230423"}},{"type":"Feature","geometry":{"type":"Point","coordinates":[5.085959,52.076963]},"properties":{"category":"glasbak","name":"7048","operator":"","osm_id":"node/10181346377"}},{"type":"Feature","geometry":{"type":"Point","coordinates":[5.087508,52.077862]},"properties":{"category":"glasbak","name":"2812","operator":"","osm_id":"node/10181394507"}},{"type":"Feature","geometry":{"type":"Point","coordinates":[5.08748,52.077853]},"properties":{"category":"glasbak","name":"2813","operator":"","osm_id":"node/10181394508"}},{"type":"Feature","geometry":{"type":"Point","coordinates":[5.087454,52.077843]},"properties":{"category":"glasbak","name":"2708","operator":"","osm_id":"node/10181394509"}},{"type":"Feature","geometry":{"type":"Point","coordinates":[5.087719,52.077937]},"properties":{"category":"glasbak","name":"8154","operator":"","osm_id":"node/10181401492"}},{"type":"Feature","geometry":{"type":"Point","coordinates":[5.087685,52.077925]},"properties":{"category":"glasbak","name":"8129","operator":"","osm_id":"node/10181401493"}},{"type":"Feature","geometry":{"type":"Point","coordinates":[5.08601,52.077336]},"properties":{"category":"glasbak","name":"8069","operator":"","osm_id":"node/10181401494"}},{"type":"Feature","geometry":{"type":"Point","coordinates":[5.086137,52.077734]},"properties":{"category":"glasbak","name":"","operator":"","osm_id":"node/10181401495"}},{"type":"Feature","geometry":{"type":"Point","coordinates":[5.086911,52.07801]},"properties":{"category":"glasbak","name":"8055","operator":"","osm_id":"node/10181401496"}},{"type":"Feature","geometry":{"type":"Point","coordinates":[5.086937,52.07802]},"properties":{"category":"glasbak","name":"8166","operator":"","osm_id":"node/10181401497"}},{"type":"Feature","geometry":{"type":"Point","coordinates":[5.089391,52.078037]},"properties":{"category":"glasbak","name":"7062","operator":"","osm_id":"node/10182543592"}},{"type":"Feature","geometry":{"type":"Point","coordinates":[5.089919,52.077469]},"properties":{"category":"glasbak","name":"7069","operator":"","osm_id":"node/10182543695"}},{"type":"Feature","geometry":{"type":"Point","coordinates":[5.089934,52.077451]},"properties":{"category":"glasbak","name":"7070","operator":"","osm_id":"node/10182543696"}},{"type":"Feature","geometry":{"type":"Point","coordinates":[5.08814,52.077784]},"properties":{"category":"glasbak","name":"8056","operator":"","osm_id":"node/10182543861"}},{"type":"Feature","geometry":{"type":"Point","coordinates":[5.088118,52.077808]},"properties":{"category":"glasbak","name":"7371","operator":"","osm_id":"node/10182543862"}},{"type":"Feature","geometry":{"type":"Point","coordinates":[5.088532,52.078958]},"properties":{"category":"glasbak","name":"8054","operator":"","osm_id":"node/10183181753"}},{"type":"Feature","geometry":{"type":"Point","coordinates":[5.085612,52.079023]},"properties":{"category":"glasbak","name":"8128","operator":"","osm_id":"node/10183181849"}},{"type":"Feature","geometry":{"type":"Point","coordinates":[5.086916,52.079527]},"properties":{"category":"glasbak","name":"8134","operator":"","osm_id":"node/10183181871"}},{"type":"Feature","geometry":{"type":"Point","coordinates":[5.090595,52.078217]},"properties":{"category":"glasbak","name":"4932","operator":"","osm_id":"node/10196685667"}},{"type":"Feature","geometry":{"type":"Point","coordinates":[5.092228,52.077943]},"properties":{"category":"glasbak","name":"3708","operator":"","osm_id":"node/10196864330"}},{"type":"Feature","geometry":{"type":"Point","coordinates":[5.089999,52.072481]},"properties":{"category":"glasbak","name":"4974","operator":"","osm_id":"node/10197194031"}},{"type":"Feature","geometry":{"type":"Point","coordinates":[5.08997,52.072471]},"properties":{"category":"glasbak","name":"","operator":"","osm_id":"node/10197194032"}},{"type":"Feature","geometry":{"type":"Point","coordinates":[5.090151,52.072537]},"properties":{"category":"glasbak","name":"6227","operator":"","osm_id":"node/10197194033"}},{"type":"Feature","geometry":{"type":"Point","coordinates":[5.090122,52.072527]},"properties":{"category":"glasbak","name":"4854","operator":"","osm_id":"node/10197194034"}},{"type":"Feature","geometry":{"type":"Point","coordinates":[5.089184,52.073536]},"properties":{"category":"glasbak","name":"4460","operator":"","osm_id":"node/10197194035"}},{"type":"Feature","geometry":{"type":"Point","coordinates":[5.089168,52.073555]},"properties":{"category":"glasbak","name":"4462","operator":"","osm_id":"node/10197194036"}},{"type":"Feature","geometry":{"type":"Point","coordinates":[5.088927,52.072018]},"properties":{"category":"glasbak","name":"4148","operator":"","osm_id":"node/10197194396"}},{"type":"Feature","geometry":{"type":"Point","coordinates":[5.093723,52.094505]},"properties":{"category":"glasbak","name":"","operator":"","osm_id":"node/10200594832"}},{"type":"Feature","geometry":{"type":"Point","coordinates":[5.08851,52.07424]},"properties":{"category":"glasbak","name":"","operator":"","osm_id":"node/10207145005"}},{"type":"Feature","geometry":{"type":"Point","coordinates":[5.088348,52.074185]},"properties":{"category":"glasbak","name":"","operator":"","osm_id":"node/10207145006"}},{"type":"Feature","geometry":{"type":"Point","coordinates":[5.087635,52.075012]},"properties":{"category":"glasbak","name":"7388","operator":"","osm_id":"node/10207165207"}},{"type":"Feature","geometry":{"type":"Point","coordinates":[5.08761,52.075005]},"properties":{"category":"glasbak","name":"7474","operator":"","osm_id":"node/10207165208"}},{"type":"Feature","geometry":{"type":"Point","coordinates":[5.088752,52.074204]},"properties":{"category":"glasbak","name":"","operator":"","osm_id":"node/10207165209"}},{"type":"Feature","geometry":{"type":"Point","coordinates":[5.084155,52.078499]},"properties":{"category":"glasbak","name":"8126","operator":"","osm_id":"node/10207348036"}},{"type":"Feature","geometry":{"type":"Point","coordinates":[5.096542,52.103479]},"properties":{"category":"glasbak","name":"","operator":"","osm_id":"node/10209477224"}},{"type":"Feature","geometry":{"type":"Point","coordinates":[5.118178,52.069169]},"properties":{"category":"glasbak","name":"","operator":"","osm_id":"node/10225084221"}},{"type":"Feature","geometry":{"type":"Point","coordinates":[5.123126,52.073242]},"properties":{"category":"glasbak","name":"","operator":"","osm_id":"node/10225356094"}},{"type":"Feature","geometry":{"type":"Point","coordinates":[5.121646,52.072511]},"properties":{"category":"glasbak","name":"","operator":"","osm_id":"node/10225357441"}},{"type":"Feature","geometry":{"type":"Point","coordinates":[5.012085,52.080001]},"properties":{"category":"glasbak","name":"3488","operator":"","osm_id":"node/10244144509"}},{"type":"Feature","geometry":{"type":"Point","coordinates":[5.012083,52.079983]},"properties":{"category":"glasbak","name":"3487","operator":"","osm_id":"node/10244144510"}},{"type":"Feature","geometry":{"type":"Point","coordinates":[5.01208,52.079965]},"properties":{"category":"glasbak","name":"3486","operator":"","osm_id":"node/10244144511"}},{"type":"Feature","geometry":{"type":"Point","coordinates":[5.012077,52.079945]},"properties":{"category":"glasbak","name":"","operator":"","osm_id":"node/10244144512"}},{"type":"Feature","geometry":{"type":"Point","coordinates":[5.013824,52.079891]},"properties":{"category":"glasbak","name":"3499","operator":"","osm_id":"node/10244144513"}},{"type":"Feature","geometry":{"type":"Point","coordinates":[5.013821,52.079872]},"properties":{"category":"glasbak","name":"3498","operator":"","osm_id":"node/10244144514"}},{"type":"Feature","geometry":{"type":"Point","coordinates":[5.013817,52.079852]},"properties":{"category":"glasbak","name":"3497","operator":"","osm_id":"node/10244144515"}},{"type":"Feature","geometry":{"type":"Point","coordinates":[5.013812,52.079834]},"properties":{"category":"glasbak","name":"3481","operator":"","osm_id":"node/10244144516"}},{"type":"Feature","geometry":{"type":"Point","coordinates":[5.016611,52.078097]},"properties":{"category":"glasbak","name":"","operator":"","osm_id":"node/10244144521"}},{"type":"Feature","geometry":{"type":"Point","coordinates":[5.017968,52.091837]},"properties":{"category":"glasbak","name":"5249","operator":"","osm_id":"node/10244708653"}},{"type":"Feature","geometry":{"type":"Point","coordinates":[5.017974,52.091796]},"properties":{"category":"glasbak","name":"","operator":"","osm_id":"node/10244708654"}},{"type":"Feature","geometry":{"type":"Point","coordinates":[5.017972,52.091815]},"properties":{"category":"glasbak","name":"5368","operator":"","osm_id":"node/10244708655"}},{"type":"Feature","geometry":{"type":"Point","coordinates":[5.01954,52.091024]},"properties":{"category":"glasbak","name":"4797","operator":"","osm_id":"node/10244708657"}},{"type":"Feature","geometry":{"type":"Point","coordinates":[5.019516,52.091011]},"properties":{"category":"glasbak","name":"4748","operator":"","osm_id":"node/10244708658"}},{"type":"Feature","geometry":{"type":"Point","coordinates":[5.020498,52.091548]},"properties":{"category":"glasbak","name":"","operator":"","osm_id":"node/10244708659"}},{"type":"Feature","geometry":{"type":"Point","coordinates":[5.018185,52.090747]},"properties":{"category":"glasbak","name":"","operator":"","osm_id":"node/10244708662"}},{"type":"Feature","geometry":{"type":"Point","coordinates":[5.01677,52.090838]},"properties":{"category":"glasbak","name":"4724","operator":"","osm_id":"node/10244708663"}},{"type":"Feature","geometry":{"type":"Point","coordinates":[5.016741,52.090844]},"properties":{"category":"glasbak","name":"5994","operator":"","osm_id":"node/10244708664"}},{"type":"Feature","geometry":{"type":"Point","coordinates":[5.015638,52.090975]},"properties":{"category":"glasbak","name":"3958","operator":"","osm_id":"node/10244708665"}},{"type":"Feature","geometry":{"type":"Point","coordinates":[5.015607,52.090974]},"properties":{"category":"glasbak","name":"5420","operator":"","osm_id":"node/10244708666"}},{"type":"Feature","geometry":{"type":"Point","coordinates":[5.017694,52.093665]},"properties":{"category":"glasbak","name":"5297","operator":"","osm_id":"node/10244708667"}},{"type":"Feature","geometry":{"type":"Point","coordinates":[5.017661,52.093667]},"properties":{"category":"glasbak","name":"5532","operator":"","osm_id":"node/10244708668"}},{"type":"Feature","geometry":{"type":"Point","coordinates":[5.016677,52.093455]},"properties":{"category":"glasbak","name":"5959","operator":"","osm_id":"node/10244708669"}},{"type":"Feature","geometry":{"type":"Point","coordinates":[5.016648,52.093447]},"properties":{"category":"glasbak","name":"5527","operator":"","osm_id":"node/10244708670"}},{"type":"Feature","geometry":{"type":"Point","coordinates":[5.01593,52.094515]},"properties":{"category":"glasbak","name":"","operator":"","osm_id":"node/10244708671"}},{"type":"Feature","geometry":{"type":"Point","coordinates":[5.014479,52.095546]},"properties":{"category":"glasbak","name":"","operator":"","osm_id":"node/10244708672"}},{"type":"Feature","geometry":{"type":"Point","coordinates":[5.014467,52.095564]},"properties":{"category":"glasbak","name":"5485","operator":"","osm_id":"node/10244708673"}},{"type":"Feature","geometry":{"type":"Point","coordinates":[5.014454,52.095582]},"properties":{"category":"glasbak","name":"5407","operator":"","osm_id":"node/10244708674"}},{"type":"Feature","geometry":{"type":"Point","coordinates":[5.012781,52.095731]},"properties":{"category":"glasbak","name":"","operator":"","osm_id":"node/10244708676"}},{"type":"Feature","geometry":{"type":"Point","coordinates":[5.015124,52.09406]},"properties":{"category":"glasbak","name":"4537","operator":"","osm_id":"node/10244708677"}},{"type":"Feature","geometry":{"type":"Point","coordinates":[5.015106,52.094075]},"properties":{"category":"glasbak","name":"5320","operator":"","osm_id":"node/10244708678"}},{"type":"Feature","geometry":{"type":"Point","coordinates":[5.015707,52.093282]},"properties":{"category":"glasbak","name":"5097","operator":"","osm_id":"node/10244708679"}},{"type":"Feature","geometry":{"type":"Point","coordinates":[5.015676,52.093283]},"properties":{"category":"glasbak","name":"5230","operator":"","osm_id":"node/10244708680"}},{"type":"Feature","geometry":{"type":"Point","coordinates":[5.101736,52.108908]},"properties":{"category":"glasbak","name":"","operator":"","osm_id":"node/10314993896"}},{"type":"Feature","geometry":{"type":"Point","coordinates":[5.103054,52.10827]},"properties":{"category":"glasbak","name":"","operator":"","osm_id":"node/10314993897"}},{"type":"Feature","geometry":{"type":"Point","coordinates":[5.100633,52.109639]},"properties":{"category":"glasbak","name":"","operator":"","osm_id":"node/10314993898"}},{"type":"Feature","geometry":{"type":"Point","coordinates":[5.100471,52.109724]},"properties":{"category":"glasbak","name":"","operator":"","osm_id":"node/10314993899"}},{"type":"Feature","geometry":{"type":"Point","coordinates":[5.099564,52.108004]},"properties":{"category":"glasbak","name":"","operator":"","osm_id":"node/10316462738"}},{"type":"Feature","geometry":{"type":"Point","coordinates":[5.017468,52.087328]},"properties":{"category":"glasbak","name":"7532","operator":"","osm_id":"node/10540354259"}},{"type":"Feature","geometry":{"type":"Point","coordinates":[5.017462,52.08731]},"properties":{"category":"glasbak","name":"7475","operator":"","osm_id":"node/10540354260"}},{"type":"Feature","geometry":{"type":"Point","coordinates":[5.029928,52.088493]},"properties":{"category":"glasbak","name":"","operator":"","osm_id":"node/10543149588"}},{"type":"Feature","geometry":{"type":"Point","coordinates":[5.110732,52.082814]},"properties":{"category":"glasbak","name":"","operator":"","osm_id":"node/10559673088"}},{"type":"Feature","geometry":{"type":"Point","coordinates":[5.111448,52.081955]},"properties":{"category":"glasbak","name":"","operator":"","osm_id":"node/10559673089"}},{"type":"Feature","geometry":{"type":"Point","coordinates":[5.112344,52.081104]},"properties":{"category":"glasbak","name":"","operator":"","osm_id":"node/10559673090"}},{"type":"Feature","geometry":{"type":"Point","coordinates":[5.112421,52.081028]},"properties":{"category":"glasbak","name":"","operator":"","osm_id":"node/10559673091"}},{"type":"Feature","geometry":{"type":"Point","coordinates":[5.113553,52.079832]},"properties":{"category":"glasbak","name":"","operator":"","osm_id":"node/10559673092"}},{"type":"Feature","geometry":{"type":"Point","coordinates":[5.114172,52.079176]},"properties":{"category":"glasbak","name":"","operator":"","osm_id":"node/10559673093"}},{"type":"Feature","geometry":{"type":"Point","coordinates":[5.1148,52.066333]},"properties":{"category":"glasbak","name":"","operator":"","osm_id":"node/10691478014"}},{"type":"Feature","geometry":{"type":"Point","coordinates":[5.114685,52.066394]},"properties":{"category":"glasbak","name":"","operator":"","osm_id":"node/10691478015"}},{"type":"Feature","geometry":{"type":"Point","coordinates":[5.114657,52.066403]},"properties":{"category":"glasbak","name":"","operator":"","osm_id":"node/10691478016"}},{"type":"Feature","geometry":{"type":"Point","coordinates":[5.11358,52.06577]},"properties":{"category":"glasbak","name":"","operator":"","osm_id":"node/10691478021"}},{"type":"Feature","geometry":{"type":"Point","coordinates":[5.113568,52.065753]},"properties":{"category":"glasbak","name":"","operator":"","osm_id":"node/10691478022"}},{"type":"Feature","geometry":{"type":"Point","coordinates":[5.113773,52.065624]},"properties":{"category":"glasbak","name":"","operator":"","osm_id":"node/10691478023"}},{"type":"Feature","geometry":{"type":"Point","coordinates":[5.113974,52.064918]},"properties":{"category":"glasbak","name":"","operator":"","osm_id":"node/10691478024"}},{"type":"Feature","geometry":{"type":"Point","coordinates":[5.052513,52.090741]},"properties":{"category":"glasbak","name":"","operator":"","osm_id":"node/10723340587"}},{"type":"Feature","geometry":{"type":"Point","coordinates":[5.052479,52.090742]},"properties":{"category":"glasbak","name":"","operator":"","osm_id":"node/10723340588"}},{"type":"Feature","geometry":{"type":"Point","coordinates":[5.005627,52.081335]},"properties":{"category":"glasbak","name":"","operator":"","osm_id":"node/10750652330"}},{"type":"Feature","geometry":{"type":"Point","coordinates":[5.005785,52.097342]},"properties":{"category":"glasbak","name":"5521","operator":"","osm_id":"node/10803754953"}},{"type":"Feature","geometry":{"type":"Point","coordinates":[5.113178,52.105755]},"properties":{"category":"glasbak","name":"","operator":"","osm_id":"node/10880896469"}},{"type":"Feature","geometry":{"type":"Point","coordinates":[5.107515,52.083482]},"properties":{"category":"glasbak","name":"","operator":"","osm_id":"node/10912671197"}},{"type":"Feature","geometry":{"type":"Point","coordinates":[5.130085,52.070075]},"properties":{"category":"glasbak","name":"","operator":"","osm_id":"node/10913941577"}},{"type":"Feature","geometry":{"type":"Point","coordinates":[5.115155,52.075913]},"properties":{"category":"glasbak","name":"","operator":"","osm_id":"node/10914793949"}},{"type":"Feature","geometry":{"type":"Point","coordinates":[5.112084,52.112125]},"properties":{"category":"glasbak","name":"","operator":"","osm_id":"node/10915920717"}},{"type":"Feature","geometry":{"type":"Point","coordinates":[5.111732,52.112152]},"properties":{"category":"glasbak","name":"","operator":"","osm_id":"node/10915920719"}},{"type":"Feature","geometry":{"type":"Point","coordinates":[5.111707,52.112139]},"properties":{"category":"glasbak","name":"6548","operator":"","osm_id":"node/10915920720"}},{"type":"Feature","geometry":{"type":"Point","coordinates":[5.111683,52.112126]},"properties":{"category":"glasbak","name":"5941","operator":"","osm_id":"node/10915920721"}},{"type":"Feature","geometry":{"type":"Point","coordinates":[5.111696,52.112173]},"properties":{"category":"glasbak","name":"6444","operator":"","osm_id":"node/10915920722"}},{"type":"Feature","geometry":{"type":"Point","coordinates":[5.111673,52.112161]},"properties":{"category":"glasbak","name":"6464","operator":"","osm_id":"node/10915920723"}},{"type":"Feature","geometry":{"type":"Point","coordinates":[5.11165,52.112145]},"properties":{"category":"glasbak","name":"5840","operator":"","osm_id":"node/10915920724"}},{"type":"Feature","geometry":{"type":"Point","coordinates":[5.11368,52.112557]},"properties":{"category":"glasbak","name":"","operator":"","osm_id":"node/10915934039"}},{"type":"Feature","geometry":{"type":"Point","coordinates":[5.113655,52.112571]},"properties":{"category":"glasbak","name":"","operator":"","osm_id":"node/10915934040"}},{"type":"Feature","geometry":{"type":"Point","coordinates":[5.12109,52.071473]},"properties":{"category":"glasbak","name":"","operator":"","osm_id":"node/11007884767"}},{"type":"Feature","geometry":{"type":"Point","coordinates":[5.119709,52.071883]},"properties":{"category":"glasbak","name":"","operator":"","osm_id":"node/11007884768"}},{"type":"Feature","geometry":{"type":"Point","coordinates":[5.120306,52.072793]},"properties":{"category":"glasbak","name":"","operator":"","osm_id":"node/11007884769"}},{"type":"Feature","geometry":{"type":"Point","coordinates":[5.12035,52.073046]},"properties":{"category":"glasbak","name":"","operator":"","osm_id":"node/11007884770"}},{"type":"Feature","geometry":{"type":"Point","coordinates":[5.120284,52.068623]},"properties":{"category":"glasbak","name":"","operator":"","osm_id":"node/11007884771"}},{"type":"Feature","geometry":{"type":"Point","coordinates":[5.118997,52.066748]},"properties":{"category":"glasbak","name":"","operator":"","osm_id":"node/11007884772"}},{"type":"Feature","geometry":{"type":"Point","coordinates":[5.120385,52.069911]},"properties":{"category":"glasbak","name":"","operator":"","osm_id":"node/11007884779"}},{"type":"Feature","geometry":{"type":"Point","coordinates":[5.118579,52.069064]},"properties":{"category":"glasbak","name":"","operator":"","osm_id":"node/11007884784"}},{"type":"Feature","geometry":{"type":"Point","coordinates":[5.118056,52.067242]},"properties":{"category":"glasbak","name":"","operator":"","osm_id":"node/11007884785"}},{"type":"Feature","geometry":{"type":"Point","coordinates":[5.123737,52.062679]},"properties":{"category":"glasbak","name":"","operator":"","osm_id":"node/11042099728"}},{"type":"Feature","geometry":{"type":"Point","coordinates":[4.999201,52.102205]},"properties":{"category":"glasbak","name":"5384","operator":"","osm_id":"node/11062529734"}},{"type":"Feature","geometry":{"type":"Point","coordinates":[4.99876,52.101417]},"properties":{"category":"glasbak","name":"5207","operator":"","osm_id":"node/11062529735"}},{"type":"Feature","geometry":{"type":"Point","coordinates":[5.114816,52.094678]},"properties":{"category":"glasbak","name":"","operator":"","osm_id":"node/11101299348"}},{"type":"Feature","geometry":{"type":"Point","coordinates":[5.114753,52.094674]},"properties":{"category":"glasbak","name":"","operator":"","osm_id":"node/11101299349"}},{"type":"Feature","geometry":{"type":"Point","coordinates":[5.114723,52.094673]},"properties":{"category":"glasbak","name":"","operator":"","osm_id":"node/11101299350"}},{"type":"Feature","geometry":{"type":"Point","coordinates":[5.126963,52.095113]},"properties":{"category":"glasbak","name":"","operator":"","osm_id":"node/11102724043"}},{"type":"Feature","geometry":{"type":"Point","coordinates":[5.126934,52.095109]},"properties":{"category":"glasbak","name":"","operator":"","osm_id":"node/11102724044"}},{"type":"Feature","geometry":{"type":"Point","coordinates":[5.128052,52.095095]},"properties":{"category":"glasbak","name":"","operator":"","osm_id":"node/11102724121"}},{"type":"Feature","geometry":{"type":"Point","coordinates":[5.12802,52.095095]},"properties":{"category":"glasbak","name":"","operator":"","osm_id":"node/11102724122"}},{"type":"Feature","geometry":{"type":"Point","coordinates":[5.129036,52.095153]},"properties":{"category":"glasbak","name":"","operator":"","osm_id":"node/11102724203"}},{"type":"Feature","geometry":{"type":"Point","coordinates":[5.128696,52.095208]},"properties":{"category":"glasbak","name":"","operator":"","osm_id":"node/11102724264"}},{"type":"Feature","geometry":{"type":"Point","coordinates":[5.13691,52.080976]},"properties":{"category":"glasbak","name":"","operator":"","osm_id":"node/11117744187"}},{"type":"Feature","geometry":{"type":"Point","coordinates":[5.136914,52.080958]},"properties":{"category":"glasbak","name":"","operator":"","osm_id":"node/11117744188"}},{"type":"Feature","geometry":{"type":"Point","coordinates":[5.136916,52.080937]},"properties":{"category":"glasbak","name":"","operator":"","osm_id":"node/11117744189"}},{"type":"Feature","geometry":{"type":"Point","coordinates":[5.145013,52.086828]},"properties":{"category":"glasbak","name":"","operator":"","osm_id":"node/11128526944"}},{"type":"Feature","geometry":{"type":"Point","coordinates":[5.144985,52.086825]},"properties":{"category":"glasbak","name":"","operator":"","osm_id":"node/11128526945"}},{"type":"Feature","geometry":{"type":"Point","coordinates":[5.146088,52.085841]},"properties":{"category":"glasbak","name":"","operator":"","osm_id":"node/11128527267"}},{"type":"Feature","geometry":{"type":"Point","coordinates":[5.124226,52.081442]},"properties":{"category":"glasbak","name":"","operator":"","osm_id":"node/11148043905"}},{"type":"Feature","geometry":{"type":"Point","coordinates":[5.124244,52.081426]},"properties":{"category":"glasbak","name":"","operator":"","osm_id":"node/11148043906"}},{"type":"Feature","geometry":{"type":"Point","coordinates":[5.123128,52.079398]},"properties":{"category":"glasbak","name":"","operator":"","osm_id":"node/11148092463"}},{"type":"Feature","geometry":{"type":"Point","coordinates":[5.12311,52.079373]},"properties":{"category":"glasbak","name":"","operator":"","osm_id":"node/11148092464"}},{"type":"Feature","geometry":{"type":"Point","coordinates":[5.119235,52.085354]},"properties":{"category":"glasbak","name":"","operator":"","osm_id":"node/11148267502"}},{"type":"Feature","geometry":{"type":"Point","coordinates":[5.110774,52.112345]},"properties":{"category":"glasbak","name":"5330","operator":"","osm_id":"node/11153684061"}},{"type":"Feature","geometry":{"type":"Point","coordinates":[5.043045,52.082931]},"properties":{"category":"glasbak","name":"","operator":"","osm_id":"node/11310086741"}},{"type":"Feature","geometry":{"type":"Point","coordinates":[5.137545,52.106451]},"properties":{"category":"glasbak","name":"","operator":"","osm_id":"node/11314061556"}},{"type":"Feature","geometry":{"type":"Point","coordinates":[5.137554,52.106469]},"properties":{"category":"glasbak","name":"","operator":"","osm_id":"node/11314061557"}},{"type":"Feature","geometry":{"type":"Point","coordinates":[5.137497,52.106439]},"properties":{"category":"glasbak","name":"","operator":"","osm_id":"node/11314061558"}},{"type":"Feature","geometry":{"type":"Point","coordinates":[5.137507,52.106457]},"properties":{"category":"glasbak","name":"","operator":"","osm_id":"node/11314061559"}},{"type":"Feature","geometry":{"type":"Point","coordinates":[5.139799,52.106212]},"properties":{"category":"glasbak","name":"","operator":"","osm_id":"node/11314061561"}},{"type":"Feature","geometry":{"type":"Point","coordinates":[5.139769,52.106214]},"properties":{"category":"glasbak","name":"","operator":"","osm_id":"node/11314061562"}},{"type":"Feature","geometry":{"type":"Point","coordinates":[5.137534,52.106433]},"properties":{"category":"glasbak","name":"","operator":"","osm_id":"node/11331728269"}},{"type":"Feature","geometry":{"type":"Point","coordinates":[5.091345,52.115779]},"properties":{"category":"glasbak","name":"","operator":"","osm_id":"node/11369346516"}},{"type":"Feature","geometry":{"type":"Point","coordinates":[5.091368,52.115764]},"properties":{"category":"glasbak","name":"","operator":"","osm_id":"node/11369346517"}},{"type":"Feature","geometry":{"type":"Point","coordinates":[5.092202,52.116305]},"properties":{"category":"glasbak","name":"","operator":"","osm_id":"node/11369346530"}},{"type":"Feature","geometry":{"type":"Point","coordinates":[5.092176,52.116321]},"properties":{"category":"glasbak","name":"","operator":"","osm_id":"node/11369346531"}},{"type":"Feature","geometry":{"type":"Point","coordinates":[4.999608,52.093806]},"properties":{"category":"glasbak","name":"","operator":"","osm_id":"node/11387643861"}},{"type":"Feature","geometry":{"type":"Point","coordinates":[4.999728,52.09378]},"properties":{"category":"glasbak","name":"4788","operator":"","osm_id":"node/11387643862"}},{"type":"Feature","geometry":{"type":"Point","coordinates":[4.9997,52.093786]},"properties":{"category":"glasbak","name":"5891","operator":"","osm_id":"node/11387643863"}},{"type":"Feature","geometry":{"type":"Point","coordinates":[4.999668,52.093792]},"properties":{"category":"glasbak","name":"4577","operator":"","osm_id":"node/11387643864"}},{"type":"Feature","geometry":{"type":"Point","coordinates":[4.999636,52.093799]},"properties":{"category":"glasbak","name":"4233","operator":"","osm_id":"node/11387643865"}},{"type":"Feature","geometry":{"type":"Point","coordinates":[5.121759,52.110545]},"properties":{"category":"glasbak","name":"","operator":"","osm_id":"node/11411651380"}},{"type":"Feature","geometry":{"type":"Point","coordinates":[5.121735,52.110532]},"properties":{"category":"glasbak","name":"","operator":"","osm_id":"node/11411651381"}},{"type":"Feature","geometry":{"type":"Point","coordinates":[5.122462,52.110971]},"properties":{"category":"glasbak","name":"","operator":"","osm_id":"node/11411651382"}},{"type":"Feature","geometry":{"type":"Point","coordinates":[5.122436,52.110959]},"properties":{"category":"glasbak","name":"","operator":"","osm_id":"node/11411651383"}},{"type":"Feature","geometry":{"type":"Point","coordinates":[5.006023,52.082261]},"properties":{"category":"glasbak","name":"1654","operator":"","osm_id":"node/11435809184"}},{"type":"Feature","geometry":{"type":"Point","coordinates":[5.011098,52.085469]},"properties":{"category":"glasbak","name":"","operator":"","osm_id":"node/11443159183"}},{"type":"Feature","geometry":{"type":"Point","coordinates":[5.01073,52.086584]},"properties":{"category":"glasbak","name":"","operator":"","osm_id":"node/11443159189"}},{"type":"Feature","geometry":{"type":"Point","coordinates":[5.130056,52.078672]},"properties":{"category":"glasbak","name":"","operator":"","osm_id":"node/11502805612"}},{"type":"Feature","geometry":{"type":"Point","coordinates":[5.130138,52.078762]},"properties":{"category":"glasbak","name":"","operator":"","osm_id":"node/11502805613"}},{"type":"Feature","geometry":{"type":"Point","coordinates":[5.132651,52.080207]},"properties":{"category":"glasbak","name":"","operator":"","osm_id":"node/11503591500"}},{"type":"Feature","geometry":{"type":"Point","coordinates":[5.132597,52.080199]},"properties":{"category":"glasbak","name":"","operator":"","osm_id":"node/11503591501"}},{"type":"Feature","geometry":{"type":"Point","coordinates":[5.126286,52.077542]},"properties":{"category":"glasbak","name":"","operator":"","osm_id":"node/11506353288"}},{"type":"Feature","geometry":{"type":"Point","coordinates":[5.124823,52.078052]},"properties":{"category":"glasbak","name":"","operator":"","osm_id":"node/11506353313"}},{"type":"Feature","geometry":{"type":"Point","coordinates":[5.125282,52.079439]},"properties":{"category":"glasbak","name":"","operator":"","osm_id":"node/11517756281"}},{"type":"Feature","geometry":{"type":"Point","coordinates":[5.123382,52.078596]},"properties":{"category":"glasbak","name":"","operator":"","osm_id":"node/11517756313"}},{"type":"Feature","geometry":{"type":"Point","coordinates":[5.14983,52.083064]},"properties":{"category":"glasbak","name":"","operator":"","osm_id":"node/11549929781"}},{"type":"Feature","geometry":{"type":"Point","coordinates":[5.149789,52.083023]},"properties":{"category":"glasbak","name":"","operator":"","osm_id":"node/11549929782"}},{"type":"Feature","geometry":{"type":"Point","coordinates":[5.149765,52.083003]},"properties":{"category":"glasbak","name":"","operator":"","osm_id":"node/11549929783"}},{"type":"Feature","geometry":{"type":"Point","coordinates":[5.094484,52.089204]},"properties":{"category":"glasbak","name":"6729","operator":"","osm_id":"node/11552598869"}},{"type":"Feature","geometry":{"type":"Point","coordinates":[5.115372,52.077799]},"properties":{"category":"glasbak","name":"","operator":"","osm_id":"node/11573023794"}},{"type":"Feature","geometry":{"type":"Point","coordinates":[5.112358,52.077253]},"properties":{"category":"glasbak","name":"","operator":"","osm_id":"node/11573023822"}},{"type":"Feature","geometry":{"type":"Point","coordinates":[5.111659,52.077356]},"properties":{"category":"glasbak","name":"","operator":"","osm_id":"node/11573023828"}},{"type":"Feature","geometry":{"type":"Point","coordinates":[5.111613,52.077349]},"properties":{"category":"glasbak","name":"","operator":"","osm_id":"node/11573023829"}},{"type":"Feature","geometry":{"type":"Point","coordinates":[5.173737,52.085643]},"properties":{"category":"glasbak","name":"","operator":"","osm_id":"node/11663306052"}},{"type":"Feature","geometry":{"type":"Point","coordinates":[5.107414,52.098913]},"properties":{"category":"glasbak","name":"","operator":"gemeente Utrecht","osm_id":"node/11676549991"}},{"type":"Feature","geometry":{"type":"Point","coordinates":[5.003189,52.092742]},"properties":{"category":"glasbak","name":"","operator":"","osm_id":"node/11792410511"}},{"type":"Feature","geometry":{"type":"Point","coordinates":[4.995239,52.091964]},"properties":{"category":"glasbak","name":"4629","operator":"","osm_id":"node/11792550527"}},{"type":"Feature","geometry":{"type":"Point","coordinates":[4.995228,52.091942]},"properties":{"category":"glasbak","name":"5289","operator":"","osm_id":"node/11792550528"}},{"type":"Feature","geometry":{"type":"Point","coordinates":[5.013735,52.092202]},"properties":{"category":"glasbak","name":"4578","operator":"","osm_id":"node/11792680787"}},{"type":"Feature","geometry":{"type":"Point","coordinates":[5.013767,52.092206]},"properties":{"category":"glasbak","name":"5064","operator":"","osm_id":"node/11792680788"}},{"type":"Feature","geometry":{"type":"Point","coordinates":[5.016365,52.09203]},"properties":{"category":"glasbak","name":"5493","operator":"","osm_id":"node/11792680789"}},{"type":"Feature","geometry":{"type":"Point","coordinates":[5.016365,52.092009]},"properties":{"category":"glasbak","name":"5337","operator":"","osm_id":"node/11792680790"}},{"type":"Feature","geometry":{"type":"Point","coordinates":[5.016332,52.09201]},"properties":{"category":"glasbak","name":"8114","operator":"","osm_id":"node/11792680791"}},{"type":"Feature","geometry":{"type":"Point","coordinates":[5.002068,52.091733]},"properties":{"category":"glasbak","name":"","operator":"","osm_id":"node/11801469833"}},{"type":"Feature","geometry":{"type":"Point","coordinates":[5.000921,52.091962]},"properties":{"category":"glasbak","name":"5441","operator":"","osm_id":"node/11801469834"}},{"type":"Feature","geometry":{"type":"Point","coordinates":[5.000962,52.091971]},"properties":{"category":"glasbak","name":"5296","operator":"","osm_id":"node/11801469835"}},{"type":"Feature","geometry":{"type":"Point","coordinates":[4.999079,52.092991]},"properties":{"category":"glasbak","name":"5564","operator":"","osm_id":"node/11801469836"}},{"type":"Feature","geometry":{"type":"Point","coordinates":[4.999124,52.093002]},"properties":{"category":"glasbak","name":"5804","operator":"","osm_id":"node/11801469837"}},{"type":"Feature","geometry":{"type":"Point","coordinates":[4.99909,52.09301]},"properties":{"category":"glasbak","name":"5323","operator":"","osm_id":"node/11801469838"}},{"type":"Feature","geometry":{"type":"Point","coordinates":[4.998049,52.093227]},"properties":{"category":"glasbak","name":"5305","operator":"","osm_id":"node/11801469840"}},{"type":"Feature","geometry":{"type":"Point","coordinates":[4.998015,52.093232]},"properties":{"category":"glasbak","name":"5283","operator":"","osm_id":"node/11801469842"}},{"type":"Feature","geometry":{"type":"Point","coordinates":[4.997553,52.092384]},"properties":{"category":"glasbak","name":"5272","operator":"","osm_id":"node/11801469843"}},{"type":"Feature","geometry":{"type":"Point","coordinates":[4.997528,52.092394]},"properties":{"category":"glasbak","name":"4552","operator":"","osm_id":"node/11801469844"}},{"type":"Feature","geometry":{"type":"Point","coordinates":[4.997512,52.092377]},"properties":{"category":"glasbak","name":"5570","operator":"","osm_id":"node/11801469845"}},{"type":"Feature","geometry":{"type":"Point","coordinates":[4.997604,52.091559]},"properties":{"category":"glasbak","name":"5240","operator":"","osm_id":"node/11801469846"}},{"type":"Feature","geometry":{"type":"Point","coordinates":[4.997564,52.091546]},"properties":{"category":"glasbak","name":"5538","operator":"","osm_id":"node/11801469848"}},{"type":"Feature","geometry":{"type":"Point","coordinates":[5.094767,52.103948]},"properties":{"category":"glasbak","name":"","operator":"","osm_id":"node/11833888932"}},{"type":"Feature","geometry":{"type":"Point","coordinates":[5.094749,52.103935]},"properties":{"category":"glasbak","name":"","operator":"","osm_id":"node/11833888933"}},{"type":"Feature","geometry":{"type":"Point","coordinates":[5.094789,52.103937]},"properties":{"category":"glasbak","name":"","operator":"","osm_id":"node/11833888934"}},{"type":"Feature","geometry":{"type":"Point","coordinates":[5.09477,52.103923]},"properties":{"category":"glasbak","name":"","operator":"","osm_id":"node/11833888935"}},{"type":"Feature","geometry":{"type":"Point","coordinates":[5.136114,52.091337]},"properties":{"category":"glasbak","name":"","operator":"","osm_id":"node/11862777772"}},{"type":"Feature","geometry":{"type":"Point","coordinates":[5.136088,52.091348]},"properties":{"category":"glasbak","name":"","operator":"","osm_id":"node/11862777773"}},{"type":"Feature","geometry":{"type":"Point","coordinates":[5.131613,52.086173]},"properties":{"category":"glasbak","name":"","operator":"","osm_id":"node/11886299492"}},{"type":"Feature","geometry":{"type":"Point","coordinates":[5.004727,52.102593]},"properties":{"category":"glasbak","name":"4205","operator":"","osm_id":"node/11909673792"}},{"type":"Feature","geometry":{"type":"Point","coordinates":[5.004759,52.10259]},"properties":{"category":"glasbak","name":"3697","operator":"","osm_id":"node/11909673793"}},{"type":"Feature","geometry":{"type":"Point","coordinates":[5.004792,52.102587]},"properties":{"category":"glasbak","name":"3696","operator":"","osm_id":"node/11909673794"}},{"type":"Feature","geometry":{"type":"Point","coordinates":[5.124873,52.080633]},"properties":{"category":"glasbak","name":"","operator":"","osm_id":"node/11987310826"}},{"type":"Feature","geometry":{"type":"Point","coordinates":[5.124851,52.080642]},"properties":{"category":"glasbak","name":"","operator":"","osm_id":"node/11987310827"}},{"type":"Feature","geometry":{"type":"Point","coordinates":[5.124828,52.08065]},"properties":{"category":"glasbak","name":"","operator":"","osm_id":"node/11987310828"}},{"type":"Feature","geometry":{"type":"Point","coordinates":[5.114069,52.062086]},"properties":{"category":"glasbak","name":"","operator":"","osm_id":"node/12007387601"}},{"type":"Feature","geometry":{"type":"Point","coordinates":[5.112197,52.062523]},"properties":{"category":"glasbak","name":"","operator":"Leger des Heils","osm_id":"node/12007395638"}},{"type":"Feature","geometry":{"type":"Point","coordinates":[5.112955,52.069715]},"properties":{"category":"glasbak","name":"","operator":"","osm_id":"node/12029510880"}},{"type":"Feature","geometry":{"type":"Point","coordinates":[5.113257,52.068046]},"properties":{"category":"glasbak","name":"","operator":"","osm_id":"node/12029515044"}},{"type":"Feature","geometry":{"type":"Point","coordinates":[5.113478,52.068821]},"properties":{"category":"glasbak","name":"","operator":"","osm_id":"node/12029515045"}},{"type":"Feature","geometry":{"type":"Point","coordinates":[5.113475,52.068841]},"properties":{"category":"glasbak","name":"","operator":"","osm_id":"node/12029515046"}},{"type":"Feature","geometry":{"type":"Point","coordinates":[5.147342,52.10396]},"properties":{"category":"glasbak","name":"","operator":"","osm_id":"node/12037534885"}},{"type":"Feature","geometry":{"type":"Point","coordinates":[5.147317,52.103955]},"properties":{"category":"glasbak","name":"","operator":"","osm_id":"node/12037534886"}},{"type":"Feature","geometry":{"type":"Point","coordinates":[5.147335,52.103973]},"properties":{"category":"glasbak","name":"","operator":"","osm_id":"node/12037534887"}},{"type":"Feature","geometry":{"type":"Point","coordinates":[5.147311,52.10397]},"properties":{"category":"glasbak","name":"","operator":"","osm_id":"node/12037534888"}},{"type":"Feature","geometry":{"type":"Point","coordinates":[5.138796,52.105138]},"properties":{"category":"glasbak","name":"","operator":"","osm_id":"node/12061634855"}},{"type":"Feature","geometry":{"type":"Point","coordinates":[5.139727,52.105093]},"properties":{"category":"glasbak","name":"","operator":"","osm_id":"node/12065157571"}},{"type":"Feature","geometry":{"type":"Point","coordinates":[5.139702,52.105094]},"properties":{"category":"glasbak","name":"","operator":"","osm_id":"node/12065157572"}},{"type":"Feature","geometry":{"type":"Point","coordinates":[5.133925,52.103974]},"properties":{"category":"glasbak","name":"","operator":"","osm_id":"node/12065157595"}},{"type":"Feature","geometry":{"type":"Point","coordinates":[5.138119,52.109033]},"properties":{"category":"glasbak","name":"","operator":"","osm_id":"node/12065157618"}},{"type":"Feature","geometry":{"type":"Point","coordinates":[5.138133,52.109051]},"properties":{"category":"glasbak","name":"","operator":"","osm_id":"node/12065157619"}},{"type":"Feature","geometry":{"type":"Point","coordinates":[5.138286,52.109255]},"properties":{"category":"glasbak","name":"","operator":"","osm_id":"node/12065157623"}},{"type":"Feature","geometry":{"type":"Point","coordinates":[5.138255,52.109264]},"properties":{"category":"glasbak","name":"","operator":"","osm_id":"node/12065157624"}},{"type":"Feature","geometry":{"type":"Point","coordinates":[5.138299,52.109272]},"properties":{"category":"glasbak","name":"","operator":"","osm_id":"node/12065157625"}},{"type":"Feature","geometry":{"type":"Point","coordinates":[5.138271,52.109281]},"properties":{"category":"glasbak","name":"","operator":"","osm_id":"node/12065157626"}},{"type":"Feature","geometry":{"type":"Point","coordinates":[5.138949,52.107912]},"properties":{"category":"glasbak","name":"","operator":"","osm_id":"node/12065157627"}},{"type":"Feature","geometry":{"type":"Point","coordinates":[5.13996,52.107468]},"properties":{"category":"glasbak","name":"","operator":"","osm_id":"node/12065157628"}},{"type":"Feature","geometry":{"type":"Point","coordinates":[5.139649,52.103654]},"properties":{"category":"glasbak","name":"","operator":"","osm_id":"node/12065157682"}},{"type":"Feature","geometry":{"type":"Point","coordinates":[5.139606,52.103656]},"properties":{"category":"glasbak","name":"","operator":"","osm_id":"node/12065157683"}},{"type":"Feature","geometry":{"type":"Point","coordinates":[5.128724,52.10333]},"properties":{"category":"glasbak","name":"","operator":"","osm_id":"node/12081572139"}},{"type":"Feature","geometry":{"type":"Point","coordinates":[5.128751,52.103338]},"properties":{"category":"glasbak","name":"","operator":"","osm_id":"node/12081572140"}},{"type":"Feature","geometry":{"type":"Point","coordinates":[5.113855,52.10247]},"properties":{"category":"glasbak","name":"","operator":"","osm_id":"node/12128296113"}},{"type":"Feature","geometry":{"type":"Point","coordinates":[5.062721,52.096729]},"properties":{"category":"glasbak","name":"5426","operator":"","osm_id":"node/12135517793"}},{"type":"Feature","geometry":{"type":"Point","coordinates":[5.06271,52.096745]},"properties":{"category":"glasbak","name":"5436","operator":"","osm_id":"node/12135517794"}},{"type":"Feature","geometry":{"type":"Point","coordinates":[5.136319,52.077628]},"properties":{"category":"glasbak","name":"","operator":"","osm_id":"node/12140674599"}},{"type":"Feature","geometry":{"type":"Point","coordinates":[5.136293,52.077631]},"properties":{"category":"glasbak","name":"","operator":"","osm_id":"node/12140674600"}},{"type":"Feature","geometry":{"type":"Point","coordinates":[5.134619,52.078014]},"properties":{"category":"glasbak","name":"","operator":"","osm_id":"node/12140721601"}},{"type":"Feature","geometry":{"type":"Point","coordinates":[5.114109,52.071498]},"properties":{"category":"glasbak","name":"","operator":"","osm_id":"node/12142125573"}},{"type":"Feature","geometry":{"type":"Point","coordinates":[5.114081,52.071494]},"properties":{"category":"glasbak","name":"","operator":"","osm_id":"node/12142125574"}},{"type":"Feature","geometry":{"type":"Point","coordinates":[5.114055,52.071502]},"properties":{"category":"glasbak","name":"","operator":"","osm_id":"node/12142125575"}},{"type":"Feature","geometry":{"type":"Point","coordinates":[5.114031,52.071507]},"properties":{"category":"glasbak","name":"","operator":"","osm_id":"node/12142125576"}},{"type":"Feature","geometry":{"type":"Point","coordinates":[5.1367,52.102129]},"properties":{"category":"glasbak","name":"","operator":"","osm_id":"node/12143020322"}},{"type":"Feature","geometry":{"type":"Point","coordinates":[5.136674,52.10211]},"properties":{"category":"glasbak","name":"","operator":"","osm_id":"node/12143020323"}},{"type":"Feature","geometry":{"type":"Point","coordinates":[5.13954,52.101895]},"properties":{"category":"glasbak","name":"","operator":"","osm_id":"node/12143020324"}},{"type":"Feature","geometry":{"type":"Point","coordinates":[5.139507,52.101924]},"properties":{"category":"glasbak","name":"","operator":"","osm_id":"node/12143020325"}},{"type":"Feature","geometry":{"type":"Point","coordinates":[5.13888,52.101973]},"properties":{"category":"glasbak","name":"","operator":"","osm_id":"node/12143020326"}},{"type":"Feature","geometry":{"type":"Point","coordinates":[5.138845,52.101975]},"properties":{"category":"glasbak","name":"","operator":"","osm_id":"node/12143020327"}},{"type":"Feature","geometry":{"type":"Point","coordinates":[5.09768,52.111741]},"properties":{"category":"glasbak","name":"","operator":"","osm_id":"node/12147456442"}},{"type":"Feature","geometry":{"type":"Point","coordinates":[5.097378,52.111504]},"properties":{"category":"glasbak","name":"","operator":"","osm_id":"node/12147457838"}},{"type":"Feature","geometry":{"type":"Point","coordinates":[5.095219,52.108145]},"properties":{"category":"glasbak","name":"","operator":"","osm_id":"node/12147591041"}},{"type":"Feature","geometry":{"type":"Point","coordinates":[5.09519,52.108125]},"properties":{"category":"glasbak","name":"","operator":"","osm_id":"node/12147596852"}},{"type":"Feature","geometry":{"type":"Point","coordinates":[5.13554,52.101731]},"properties":{"category":"glasbak","name":"","operator":"","osm_id":"node/12149875662"}},{"type":"Feature","geometry":{"type":"Point","coordinates":[5.135512,52.101736]},"properties":{"category":"glasbak","name":"","operator":"","osm_id":"node/12149875663"}},{"type":"Feature","geometry":{"type":"Point","coordinates":[5.133721,52.101609]},"properties":{"category":"glasbak","name":"","operator":"","osm_id":"node/12149887014"}},{"type":"Feature","geometry":{"type":"Point","coordinates":[5.133738,52.101695]},"properties":{"category":"glasbak","name":"","operator":"","osm_id":"node/12149887015"}},{"type":"Feature","geometry":{"type":"Point","coordinates":[5.13369,52.101616]},"properties":{"category":"glasbak","name":"","operator":"","osm_id":"node/12149887016"}},{"type":"Feature","geometry":{"type":"Point","coordinates":[5.135214,52.100943]},"properties":{"category":"glasbak","name":"","operator":"","osm_id":"node/12149887512"}},{"type":"Feature","geometry":{"type":"Point","coordinates":[5.135186,52.100946]},"properties":{"category":"glasbak","name":"","operator":"","osm_id":"node/12149887513"}},{"type":"Feature","geometry":{"type":"Point","coordinates":[5.134657,52.101368]},"properties":{"category":"glasbak","name":"","operator":"","osm_id":"node/12149887514"}},{"type":"Feature","geometry":{"type":"Point","coordinates":[5.134316,52.102584]},"properties":{"category":"glasbak","name":"","operator":"","osm_id":"node/12165455772"}},{"type":"Feature","geometry":{"type":"Point","coordinates":[5.134289,52.10259]},"properties":{"category":"glasbak","name":"","operator":"","osm_id":"node/12165455773"}},{"type":"Feature","geometry":{"type":"Point","coordinates":[5.134256,52.102597]},"properties":{"category":"glasbak","name":"","operator":"","osm_id":"node/12165455774"}},{"type":"Feature","geometry":{"type":"Point","coordinates":[5.135071,52.102564]},"properties":{"category":"glasbak","name":"","operator":"","osm_id":"node/12165455775"}},{"type":"Feature","geometry":{"type":"Point","coordinates":[5.135046,52.102564]},"properties":{"category":"glasbak","name":"","operator":"","osm_id":"node/12165455776"}},{"type":"Feature","geometry":{"type":"Point","coordinates":[5.135017,52.102565]},"properties":{"category":"glasbak","name":"","operator":"","osm_id":"node/12165455777"}},{"type":"Feature","geometry":{"type":"Point","coordinates":[5.102293,52.098037]},"properties":{"category":"glasbak","name":"","operator":"","osm_id":"node/12182774783"}},{"type":"Feature","geometry":{"type":"Point","coordinates":[5.100356,52.099088]},"properties":{"category":"glasbak","name":"","operator":"","osm_id":"node/12182781179"}},{"type":"Feature","geometry":{"type":"Point","coordinates":[5.098422,52.09952]},"properties":{"category":"glasbak","name":"","operator":"","osm_id":"node/12182781210"}},{"type":"Feature","geometry":{"type":"Point","coordinates":[5.098447,52.099514]},"properties":{"category":"glasbak","name":"","operator":"","osm_id":"node/12182781211"}},{"type":"Feature","geometry":{"type":"Point","coordinates":[5.099393,52.099376]},"properties":{"category":"glasbak","name":"","operator":"","osm_id":"node/12182781223"}},{"type":"Feature","geometry":{"type":"Point","coordinates":[5.099362,52.09938]},"properties":{"category":"glasbak","name":"","operator":"","osm_id":"node/12182781224"}},{"type":"Feature","geometry":{"type":"Point","coordinates":[5.063491,52.100309]},"properties":{"category":"glasbak","name":"","operator":"","osm_id":"node/12223941586"}},{"type":"Feature","geometry":{"type":"Point","coordinates":[5.06346,52.100302]},"properties":{"category":"glasbak","name":"","operator":"","osm_id":"node/12223941587"}},{"type":"Feature","geometry":{"type":"Point","coordinates":[5.064344,52.098321]},"properties":{"category":"glasbak","name":"4827","operator":"","osm_id":"node/12223967057"}},{"type":"Feature","geometry":{"type":"Point","coordinates":[5.064357,52.098303]},"properties":{"category":"glasbak","name":"5047","operator":"","osm_id":"node/12223974183"}},{"type":"Feature","geometry":{"type":"Point","coordinates":[5.06426,52.098431]},"properties":{"category":"glasbak","name":"5560","operator":"","osm_id":"node/12223983921"}},{"type":"Feature","geometry":{"type":"Point","coordinates":[5.064246,52.098446]},"properties":{"category":"glasbak","name":"5457","operator":"","osm_id":"node/12223991253"}},{"type":"Feature","geometry":{"type":"Point","coordinates":[5.061843,52.089823]},"properties":{"category":"glasbak","name":"","operator":"","osm_id":"node/12234897097"}},{"type":"Feature","geometry":{"type":"Point","coordinates":[5.061845,52.089776]},"properties":{"category":"glasbak","name":"","operator":"","osm_id":"node/12234897098"}},{"type":"Feature","geometry":{"type":"Point","coordinates":[5.063661,52.091014]},"properties":{"category":"glasbak","name":"","operator":"","osm_id":"node/12234897099"}},{"type":"Feature","geometry":{"type":"Point","coordinates":[5.095786,52.107828]},"properties":{"category":"glasbak","name":"","operator":"","osm_id":"node/12248060263"}},{"type":"Feature","geometry":{"type":"Point","coordinates":[5.114027,52.095644]},"properties":{"category":"glasbak","name":"","operator":"","osm_id":"node/12255267505"}},{"type":"Feature","geometry":{"type":"Point","coordinates":[5.114038,52.095627]},"properties":{"category":"glasbak","name":"","operator":"","osm_id":"node/12255267506"}},{"type":"Feature","geometry":{"type":"Point","coordinates":[5.114051,52.095608]},"properties":{"category":"glasbak","name":"4063","operator":"","osm_id":"node/12255267507"}},{"type":"Feature","geometry":{"type":"Point","coordinates":[5.114063,52.09559]},"properties":{"category":"glasbak","name":"4066","operator":"","osm_id":"node/12255267508"}},{"type":"Feature","geometry":{"type":"Point","coordinates":[5.113098,52.093028]},"properties":{"category":"glasbak","name":"4038","operator":"","osm_id":"node/12255267509"}},{"type":"Feature","geometry":{"type":"Point","coordinates":[5.113067,52.093024]},"properties":{"category":"glasbak","name":"4037","operator":"","osm_id":"node/12255267510"}},{"type":"Feature","geometry":{"type":"Point","coordinates":[5.096632,52.109092]},"properties":{"category":"glasbak","name":"","operator":"","osm_id":"node/12257871201"}},{"type":"Feature","geometry":{"type":"Point","coordinates":[5.110435,52.120677]},"properties":{"category":"glasbak","name":"","operator":"","osm_id":"node/12260426497"}},{"type":"Feature","geometry":{"type":"Point","coordinates":[5.110415,52.120663]},"properties":{"category":"glasbak","name":"","operator":"","osm_id":"node/12260426498"}},{"type":"Feature","geometry":{"type":"Point","coordinates":[5.110397,52.120647]},"properties":{"category":"glasbak","name":"","operator":"","osm_id":"node/12260426499"}},{"type":"Feature","geometry":{"type":"Point","coordinates":[5.110376,52.12063]},"properties":{"category":"glasbak","name":"","operator":"","osm_id":"node/12260426500"}},{"type":"Feature","geometry":{"type":"Point","coordinates":[5.108938,52.118826]},"properties":{"category":"glasbak","name":"","operator":"","osm_id":"node/12260518106"}},{"type":"Feature","geometry":{"type":"Point","coordinates":[5.107145,52.119921]},"properties":{"category":"glasbak","name":"","operator":"","osm_id":"node/12260518109"}},{"type":"Feature","geometry":{"type":"Point","coordinates":[5.11385,52.102485]},"properties":{"category":"glasbak","name":"","operator":"","osm_id":"node/12260533752"}},{"type":"Feature","geometry":{"type":"Point","coordinates":[5.086416,52.112595]},"properties":{"category":"glasbak","name":"","operator":"","osm_id":"node/12282258825"}},{"type":"Feature","geometry":{"type":"Point","coordinates":[5.081847,52.115187]},"properties":{"category":"glasbak","name":"","operator":"","osm_id":"node/12282258840"}},{"type":"Feature","geometry":{"type":"Point","coordinates":[5.081825,52.115175]},"properties":{"category":"glasbak","name":"","operator":"","osm_id":"node/12282258841"}},{"type":"Feature","geometry":{"type":"Point","coordinates":[5.081802,52.115187]},"properties":{"category":"glasbak","name":"","operator":"","osm_id":"node/12282258842"}},{"type":"Feature","geometry":{"type":"Point","coordinates":[5.064504,52.096922]},"properties":{"category":"glasbak","name":"5540","operator":"","osm_id":"node/12288292387"}},{"type":"Feature","geometry":{"type":"Point","coordinates":[5.06452,52.096927]},"properties":{"category":"glasbak","name":"5213","operator":"","osm_id":"node/12288307477"}},{"type":"Feature","geometry":{"type":"Point","coordinates":[5.058092,52.088811]},"properties":{"category":"glasbak","name":"","operator":"","osm_id":"node/12294270241"}},{"type":"Feature","geometry":{"type":"Point","coordinates":[5.051382,52.088706]},"properties":{"category":"glasbak","name":"","operator":"","osm_id":"node/12294336112"}},{"type":"Feature","geometry":{"type":"Point","coordinates":[5.053822,52.087261]},"properties":{"category":"glasbak","name":"","operator":"","osm_id":"node/12294336118"}},{"type":"Feature","geometry":{"type":"Point","coordinates":[5.053792,52.087263]},"properties":{"category":"glasbak","name":"","operator":"","osm_id":"node/12294336119"}},{"type":"Feature","geometry":{"type":"Point","coordinates":[5.053761,52.087265]},"properties":{"category":"glasbak","name":"","operator":"","osm_id":"node/12294336120"}},{"type":"Feature","geometry":{"type":"Point","coordinates":[5.053733,52.087267]},"properties":{"category":"glasbak","name":"","operator":"","osm_id":"node/12294336121"}},{"type":"Feature","geometry":{"type":"Point","coordinates":[5.053702,52.087268]},"properties":{"category":"glasbak","name":"","operator":"","osm_id":"node/12294336122"}},{"type":"Feature","geometry":{"type":"Point","coordinates":[5.053744,52.087173]},"properties":{"category":"glasbak","name":"","operator":"","osm_id":"node/12294336123"}},{"type":"Feature","geometry":{"type":"Point","coordinates":[5.036312,52.102668]},"properties":{"category":"glasbak","name":"5141","operator":"","osm_id":"node/12301043914"}},{"type":"Feature","geometry":{"type":"Point","coordinates":[5.036341,52.102668]},"properties":{"category":"glasbak","name":"5569","operator":"","osm_id":"node/12301043915"}},{"type":"Feature","geometry":{"type":"Point","coordinates":[5.036338,52.102649]},"properties":{"category":"glasbak","name":"5211","operator":"","osm_id":"node/12301043916"}},{"type":"Feature","geometry":{"type":"Point","coordinates":[5.037868,52.102582]},"properties":{"category":"glasbak","name":"5437","operator":"","osm_id":"node/12301043917"}},{"type":"Feature","geometry":{"type":"Point","coordinates":[5.037866,52.102564]},"properties":{"category":"glasbak","name":"7021","operator":"","osm_id":"node/12301043918"}},{"type":"Feature","geometry":{"type":"Point","coordinates":[5.03784,52.102564]},"properties":{"category":"glasbak","name":"5171","operator":"","osm_id":"node/12301043919"}},{"type":"Feature","geometry":{"type":"Point","coordinates":[5.039296,52.102592]},"properties":{"category":"glasbak","name":"","operator":"","osm_id":"node/12301043920"}},{"type":"Feature","geometry":{"type":"Point","coordinates":[5.039297,52.102611]},"properties":{"category":"glasbak","name":"4646","operator":"","osm_id":"node/12301043921"}},{"type":"Feature","geometry":{"type":"Point","coordinates":[5.039327,52.102609]},"properties":{"category":"glasbak","name":"4740","operator":"","osm_id":"node/12301043922"}},{"type":"Feature","geometry":{"type":"Point","coordinates":[5.039326,52.102592]},"properties":{"category":"glasbak","name":"4705","operator":"","osm_id":"node/12301043923"}},{"type":"Feature","geometry":{"type":"Point","coordinates":[5.039168,52.101575]},"properties":{"category":"glasbak","name":"4937","operator":"","osm_id":"node/12301043924"}},{"type":"Feature","geometry":{"type":"Point","coordinates":[5.039135,52.101558]},"properties":{"category":"glasbak","name":"5155","operator":"","osm_id":"node/12301043925"}},{"type":"Feature","geometry":{"type":"Point","coordinates":[5.039163,52.101557]},"properties":{"category":"glasbak","name":"5432","operator":"","osm_id":"node/12301043926"}},{"type":"Feature","geometry":{"type":"Point","coordinates":[5.108272,52.106519]},"properties":{"category":"glasbak","name":"","operator":"","osm_id":"node/12301097408"}},{"type":"Feature","geometry":{"type":"Point","coordinates":[5.112764,52.095729]},"properties":{"category":"glasbak","name":"4064","operator":"","osm_id":"node/12311674014"}},{"type":"Feature","geometry":{"type":"Point","coordinates":[5.126898,52.10733]},"properties":{"category":"glasbak","name":"","operator":"","osm_id":"node/12314492238"}},{"type":"Feature","geometry":{"type":"Point","coordinates":[5.127527,52.108401]},"properties":{"category":"glasbak","name":"","operator":"","osm_id":"node/12314492293"}},{"type":"Feature","geometry":{"type":"Point","coordinates":[5.125636,52.108842]},"properties":{"category":"glasbak","name":"","operator":"","osm_id":"node/12314492294"}},{"type":"Feature","geometry":{"type":"Point","coordinates":[5.091966,52.10618]},"properties":{"category":"glasbak","name":"","operator":"","osm_id":"node/12323053992"}},{"type":"Feature","geometry":{"type":"Point","coordinates":[5.091981,52.106191]},"properties":{"category":"glasbak","name":"","operator":"","osm_id":"node/12323053993"}},{"type":"Feature","geometry":{"type":"Point","coordinates":[5.091999,52.106204]},"properties":{"category":"glasbak","name":"","operator":"","osm_id":"node/12323053994"}},{"type":"Feature","geometry":{"type":"Point","coordinates":[5.092014,52.106217]},"properties":{"category":"glasbak","name":"","operator":"","osm_id":"node/12323053995"}},{"type":"Feature","geometry":{"type":"Point","coordinates":[5.110725,52.098352]},"properties":{"category":"glasbak","name":"","operator":"","osm_id":"node/12329804253"}},{"type":"Feature","geometry":{"type":"Point","coordinates":[5.110694,52.09837]},"properties":{"category":"glasbak","name":"","operator":"","osm_id":"node/12329804254"}},{"type":"Feature","geometry":{"type":"Point","coordinates":[5.111568,52.097876]},"properties":{"category":"glasbak","name":"","operator":"","osm_id":"node/12329804255"}},{"type":"Feature","geometry":{"type":"Point","coordinates":[5.111593,52.097863]},"properties":{"category":"glasbak","name":"","operator":"","osm_id":"node/12329804256"}},{"type":"Feature","geometry":{"type":"Point","coordinates":[5.111338,52.099264]},"properties":{"category":"glasbak","name":"","operator":"","osm_id":"node/12331178442"}},{"type":"Feature","geometry":{"type":"Point","coordinates":[5.110714,52.099664]},"properties":{"category":"glasbak","name":"","operator":"","osm_id":"node/12331178461"}},{"type":"Feature","geometry":{"type":"Point","coordinates":[5.104518,52.118485]},"properties":{"category":"glasbak","name":"","operator":"","osm_id":"node/12346461570"}},{"type":"Feature","geometry":{"type":"Point","coordinates":[5.088461,52.087675]},"properties":{"category":"glasbak","name":"","operator":"","osm_id":"node/12351611159"}},{"type":"Feature","geometry":{"type":"Point","coordinates":[5.085533,52.089898]},"properties":{"category":"glasbak","name":"","operator":"","osm_id":"node/12351611171"}},{"type":"Feature","geometry":{"type":"Point","coordinates":[5.08554,52.08988]},"properties":{"category":"glasbak","name":"","operator":"","osm_id":"node/12351611172"}},{"type":"Feature","geometry":{"type":"Point","coordinates":[5.085541,52.08986]},"properties":{"category":"glasbak","name":"","operator":"","osm_id":"node/12351611173"}},{"type":"Feature","geometry":{"type":"Point","coordinates":[5.082012,52.087466]},"properties":{"category":"glasbak","name":"","operator":"","osm_id":"node/12351776315"}},{"type":"Feature","geometry":{"type":"Point","coordinates":[5.080952,52.088476]},"properties":{"category":"glasbak","name":"","operator":"","osm_id":"node/12351776316"}},{"type":"Feature","geometry":{"type":"Point","coordinates":[5.080893,52.088472]},"properties":{"category":"glasbak","name":"","operator":"","osm_id":"node/12351776317"}},{"type":"Feature","geometry":{"type":"Point","coordinates":[5.088986,52.087842]},"properties":{"category":"glasbak","name":"4123","operator":"","osm_id":"node/12353447860"}},{"type":"Feature","geometry":{"type":"Point","coordinates":[5.088982,52.087862]},"properties":{"category":"glasbak","name":"4122","operator":"","osm_id":"node/12353447861"}},{"type":"Feature","geometry":{"type":"Point","coordinates":[5.088985,52.087816]},"properties":{"category":"glasbak","name":"4125","operator":"","osm_id":"node/12353447862"}},{"type":"Feature","geometry":{"type":"Point","coordinates":[5.089126,52.089031]},"properties":{"category":"glasbak","name":"4120","operator":"","osm_id":"node/12353447864"}},{"type":"Feature","geometry":{"type":"Point","coordinates":[5.089151,52.089051]},"properties":{"category":"glasbak","name":"4121","operator":"","osm_id":"node/12353447865"}},{"type":"Feature","geometry":{"type":"Point","coordinates":[5.080529,52.090531]},"properties":{"category":"glasbak","name":"","operator":"","osm_id":"node/12356287494"}},{"type":"Feature","geometry":{"type":"Point","coordinates":[5.142463,52.099156]},"properties":{"category":"glasbak","name":"","operator":"","osm_id":"node/12362308270"}},{"type":"Feature","geometry":{"type":"Point","coordinates":[5.060419,52.085969]},"properties":{"category":"glasbak","name":"","operator":"","osm_id":"node/12389582628"}},{"type":"Feature","geometry":{"type":"Point","coordinates":[5.06048,52.085969]},"properties":{"category":"glasbak","name":"","operator":"","osm_id":"node/12389582630"}},{"type":"Feature","geometry":{"type":"Point","coordinates":[5.060512,52.085969]},"properties":{"category":"glasbak","name":"","operator":"","osm_id":"node/12389582631"}},{"type":"Feature","geometry":{"type":"Point","coordinates":[5.061745,52.08804]},"properties":{"category":"glasbak","name":"","operator":"","osm_id":"node/12389582642"}},{"type":"Feature","geometry":{"type":"Point","coordinates":[5.064435,52.088105]},"properties":{"category":"glasbak","name":"","operator":"","osm_id":"node/12389582648"}},{"type":"Feature","geometry":{"type":"Point","coordinates":[5.064458,52.088097]},"properties":{"category":"glasbak","name":"","operator":"","osm_id":"node/12389582649"}},{"type":"Feature","geometry":{"type":"Point","coordinates":[5.059912,52.08921]},"properties":{"category":"glasbak","name":"","operator":"","osm_id":"node/12395457420"}},{"type":"Feature","geometry":{"type":"Point","coordinates":[5.087354,52.081636]},"properties":{"category":"glasbak","name":"","operator":"","osm_id":"node/12404327466"}},{"type":"Feature","geometry":{"type":"Point","coordinates":[5.091216,52.085037]},"properties":{"category":"glasbak","name":"","operator":"","osm_id":"node/12404389173"}},{"type":"Feature","geometry":{"type":"Point","coordinates":[5.113289,52.112783]},"properties":{"category":"glasbak","name":"","operator":"","osm_id":"node/12404731158"}},{"type":"Feature","geometry":{"type":"Point","coordinates":[5.075993,52.119464]},"properties":{"category":"glasbak","name":"","operator":"","osm_id":"node/12406483280"}},{"type":"Feature","geometry":{"type":"Point","coordinates":[5.131178,52.115879]},"properties":{"category":"glasbak","name":"","operator":"","osm_id":"node/12441188601"}},{"type":"Feature","geometry":{"type":"Point","coordinates":[5.122934,52.114612]},"properties":{"category":"glasbak","name":"","operator":"","osm_id":"node/12507537076"}},{"type":"Feature","geometry":{"type":"Point","coordinates":[5.088925,52.113586]},"properties":{"category":"glasbak","name":"","operator":"","osm_id":"node/12560762217"}},{"type":"Feature","geometry":{"type":"Point","coordinates":[5.065344,52.079476]},"properties":{"category":"glasbak","name":"","operator":"","osm_id":"node/12649542071"}},{"type":"Feature","geometry":{"type":"Point","coordinates":[5.063912,52.079257]},"properties":{"category":"glasbak","name":"","operator":"","osm_id":"node/12649542076"}},{"type":"Feature","geometry":{"type":"Point","coordinates":[5.136875,52.080976]},"properties":{"category":"glasbak","name":"","operator":"","osm_id":"node/12685479958"}},{"type":"Feature","geometry":{"type":"Point","coordinates":[5.136877,52.080957]},"properties":{"category":"glasbak","name":"","operator":"","osm_id":"node/12685479959"}},{"type":"Feature","geometry":{"type":"Point","coordinates":[5.13688,52.080938]},"properties":{"category":"glasbak","name":"","operator":"","osm_id":"node/12685479960"}},{"type":"Feature","geometry":{"type":"Point","coordinates":[5.115656,52.069543]},"properties":{"category":"glasbak","name":"","operator":"","osm_id":"node/12732489411"}},{"type":"Feature","geometry":{"type":"Point","coordinates":[5.115769,52.069621]},"properties":{"category":"glasbak","name":"","operator":"","osm_id":"node/12732497638"}},{"type":"Feature","geometry":{"type":"Point","coordinates":[5.116613,52.066539]},"properties":{"category":"glasbak","name":"","operator":"","osm_id":"node/12732518788"}},{"type":"Feature","geometry":{"type":"Point","coordinates":[5.126112,52.073039]},"properties":{"category":"glasbak","name":"","operator":"","osm_id":"node/12740896921"}},{"type":"Feature","geometry":{"type":"Point","coordinates":[5.118555,52.065805]},"properties":{"category":"glasbak","name":"","operator":"","osm_id":"node/12753719845"}},{"type":"Feature","geometry":{"type":"Point","coordinates":[5.116977,52.065415]},"properties":{"category":"glasbak","name":"","operator":"","osm_id":"node/12753752362"}},{"type":"Feature","geometry":{"type":"Point","coordinates":[5.117133,52.07366]},"properties":{"category":"glasbak","name":"","operator":"","osm_id":"node/12759665490"}},{"type":"Feature","geometry":{"type":"Point","coordinates":[5.092389,52.089954]},"properties":{"category":"glasbak","name":"","operator":"","osm_id":"node/12766664489"}},{"type":"Feature","geometry":{"type":"Point","coordinates":[5.091985,52.089708]},"properties":{"category":"glasbak","name":"8084","operator":"","osm_id":"node/12766664490"}},{"type":"Feature","geometry":{"type":"Point","coordinates":[5.094802,52.08791]},"properties":{"category":"glasbak","name":"","operator":"Gemeente Utrecht","osm_id":"node/12782197071"}},{"type":"Feature","geometry":{"type":"Point","coordinates":[5.121005,52.061118]},"properties":{"category":"glasbak","name":"","operator":"","osm_id":"node/12805731342"}},{"type":"Feature","geometry":{"type":"Point","coordinates":[5.120843,52.061079]},"properties":{"category":"glasbak","name":"","operator":"","osm_id":"node/12805744293"}},{"type":"Feature","geometry":{"type":"Point","coordinates":[5.120867,52.061142]},"properties":{"category":"glasbak","name":"","operator":"","osm_id":"node/12805750196"}},{"type":"Feature","geometry":{"type":"Point","coordinates":[5.120964,52.061053]},"properties":{"category":"glasbak","name":"","operator":"","osm_id":"node/12805753646"}},{"type":"Feature","geometry":{"type":"Point","coordinates":[5.115089,52.06439]},"properties":{"category":"glasbak","name":"","operator":"","osm_id":"node/12809014229"}},{"type":"Feature","geometry":{"type":"Point","coordinates":[5.120331,52.067777]},"properties":{"category":"glasbak","name":"","operator":"","osm_id":"node/12809058577"}},{"type":"Feature","geometry":{"type":"Point","coordinates":[5.123741,52.06436]},"properties":{"category":"glasbak","name":"","operator":"","osm_id":"node/12811129214"}},{"type":"Feature","geometry":{"type":"Point","coordinates":[5.124816,52.064172]},"properties":{"category":"glasbak","name":"","operator":"","osm_id":"node/12811154524"}},{"type":"Feature","geometry":{"type":"Point","coordinates":[5.115966,52.068314]},"properties":{"category":"glasbak","name":"","operator":"","osm_id":"node/12814774194"}},{"type":"Feature","geometry":{"type":"Point","coordinates":[5.124209,52.064404]},"properties":{"category":"glasbak","name":"","operator":"","osm_id":"node/12816184766"}},{"type":"Feature","geometry":{"type":"Point","coordinates":[5.124221,52.064423]},"properties":{"category":"glasbak","name":"","operator":"","osm_id":"node/12816218836"}},{"type":"Feature","geometry":{"type":"Point","coordinates":[5.124218,52.064383]},"properties":{"category":"glasbak","name":"","operator":"","osm_id":"node/12816222145"}},{"type":"Feature","geometry":{"type":"Point","coordinates":[5.108526,52.077511]},"properties":{"category":"glasbak","name":"","operator":"","osm_id":"node/12819214176"}},{"type":"Feature","geometry":{"type":"Point","coordinates":[5.103033,52.073409]},"properties":{"category":"glasbak","name":"","operator":"","osm_id":"node/12823814607"}},{"type":"Feature","geometry":{"type":"Point","coordinates":[5.110559,52.083251]},"properties":{"category":"glasbak","name":"","operator":"","osm_id":"node/12823900987"}},{"type":"Feature","geometry":{"type":"Point","coordinates":[5.114943,52.078656]},"properties":{"category":"glasbak","name":"","operator":"","osm_id":"node/12823901074"}},{"type":"Feature","geometry":{"type":"Point","coordinates":[5.11059,52.083264]},"properties":{"category":"glasbak","name":"","operator":"","osm_id":"node/12823915508"}},{"type":"Feature","geometry":{"type":"Point","coordinates":[5.116391,52.075697]},"properties":{"category":"glasbak","name":"","operator":"","osm_id":"node/12824064450"}},{"type":"Feature","geometry":{"type":"Point","coordinates":[5.122973,52.079816]},"properties":{"category":"glasbak","name":"","operator":"","osm_id":"node/12824108482"}},{"type":"Feature","geometry":{"type":"Point","coordinates":[5.122983,52.079834]},"properties":{"category":"glasbak","name":"","operator":"","osm_id":"node/12824109818"}},{"type":"Feature","geometry":{"type":"Point","coordinates":[5.114044,52.073838]},"properties":{"category":"glasbak","name":"","operator":"","osm_id":"node/12824122138"}},{"type":"Feature","geometry":{"type":"Point","coordinates":[5.114047,52.073858]},"properties":{"category":"glasbak","name":"","operator":"","osm_id":"node/12824127305"}},{"type":"Feature","geometry":{"type":"Point","coordinates":[5.110042,52.067414]},"properties":{"category":"glasbak","name":"4436","operator":"","osm_id":"node/12824423105"}},{"type":"Feature","geometry":{"type":"Point","coordinates":[5.110036,52.067435]},"properties":{"category":"glasbak","name":"6730","operator":"","osm_id":"node/12824423106"}},{"type":"Feature","geometry":{"type":"Point","coordinates":[5.110031,52.06745]},"properties":{"category":"glasbak","name":"","operator":"","osm_id":"node/12824423107"}},{"type":"Feature","geometry":{"type":"Point","coordinates":[5.110025,52.067471]},"properties":{"category":"glasbak","name":"","operator":"","osm_id":"node/12824423108"}},{"type":"Feature","geometry":{"type":"Point","coordinates":[5.11002,52.06749]},"properties":{"category":"glasbak","name":"","operator":"","osm_id":"node/12824423109"}},{"type":"Feature","geometry":{"type":"Point","coordinates":[5.106198,52.066071]},"properties":{"category":"glasbak","name":"3676","operator":"","osm_id":"node/12831736357"}},{"type":"Feature","geometry":{"type":"Point","coordinates":[5.106203,52.06609]},"properties":{"category":"glasbak","name":"3675","operator":"","osm_id":"node/12831742444"}},{"type":"Feature","geometry":{"type":"Point","coordinates":[5.106193,52.066053]},"properties":{"category":"glasbak","name":"3677","operator":"","osm_id":"node/12831778350"}},{"type":"Feature","geometry":{"type":"Point","coordinates":[5.099177,52.070602]},"properties":{"category":"glasbak","name":"3615","operator":"","osm_id":"node/12831799288"}},{"type":"Feature","geometry":{"type":"Point","coordinates":[5.099127,52.070584]},"properties":{"category":"glasbak","name":"3617","operator":"","osm_id":"node/12831810244"}},{"type":"Feature","geometry":{"type":"Point","coordinates":[5.099208,52.070613]},"properties":{"category":"glasbak","name":"3614","operator":"","osm_id":"node/12831846109"}},{"type":"Feature","geometry":{"type":"Point","coordinates":[5.099154,52.070594]},"properties":{"category":"glasbak","name":"3616","operator":"","osm_id":"node/12831850102"}},{"type":"Feature","geometry":{"type":"Point","coordinates":[5.095607,52.092444]},"properties":{"category":"glasbak","name":"","operator":"","osm_id":"node/12837505909"}},{"type":"Feature","geometry":{"type":"Point","coordinates":[5.112302,52.068505]},"properties":{"category":"glasbak","name":"","operator":"","osm_id":"node/12840604979"}},{"type":"Feature","geometry":{"type":"Point","coordinates":[5.105383,52.06619]},"properties":{"category":"glasbak","name":"3674","operator":"","osm_id":"node/12848581588"}},{"type":"Feature","geometry":{"type":"Point","coordinates":[5.105377,52.066171]},"properties":{"category":"glasbak","name":"3673","operator":"","osm_id":"node/12848653663"}},{"type":"Feature","geometry":{"type":"Point","coordinates":[5.10537,52.066153]},"properties":{"category":"glasbak","name":"3672","operator":"","osm_id":"node/12848653664"}},{"type":"Feature","geometry":{"type":"Point","coordinates":[5.094109,52.091393]},"properties":{"category":"glasbak","name":"","operator":"","osm_id":"node/12850695429"}},{"type":"Feature","geometry":{"type":"Point","coordinates":[5.102531,52.070106]},"properties":{"category":"glasbak","name":"4191","operator":"","osm_id":"node/12851589072"}},{"type":"Feature","geometry":{"type":"Point","coordinates":[5.101402,52.074012]},"properties":{"category":"glasbak","name":"8113","operator":"","osm_id":"node/12851622029"}},{"type":"Feature","geometry":{"type":"Point","coordinates":[5.102514,52.07012]},"properties":{"category":"glasbak","name":"4192","operator":"","osm_id":"node/12851625127"}},{"type":"Feature","geometry":{"type":"Point","coordinates":[5.101232,52.074044]},"properties":{"category":"glasbak","name":"5120","operator":"","osm_id":"node/12851628452"}},{"type":"Feature","geometry":{"type":"Point","coordinates":[5.104707,52.073644]},"properties":{"category":"glasbak","name":"","operator":"","osm_id":"node/12851631840"}},{"type":"Feature","geometry":{"type":"Point","coordinates":[5.101258,52.074052]},"properties":{"category":"glasbak","name":"6407","operator":"","osm_id":"node/12851636864"}},{"type":"Feature","geometry":{"type":"Point","coordinates":[5.101246,52.074028]},"properties":{"category":"glasbak","name":"8161","operator":"","osm_id":"node/12851646242"}},{"type":"Feature","geometry":{"type":"Point","coordinates":[5.10141,52.073984]},"properties":{"category":"glasbak","name":"8119","operator":"","osm_id":"node/12851646413"}},{"type":"Feature","geometry":{"type":"Point","coordinates":[5.101272,52.074036]},"properties":{"category":"glasbak","name":"8137","operator":"","osm_id":"node/12851646519"}},{"type":"Feature","geometry":{"type":"Point","coordinates":[5.110244,52.065732]},"properties":{"category":"glasbak","name":"","operator":"","osm_id":"node/12851688363"}},{"type":"Feature","geometry":{"type":"Point","coordinates":[5.11025,52.065716]},"properties":{"category":"glasbak","name":"","operator":"","osm_id":"node/12851721719"}},{"type":"Feature","geometry":{"type":"Point","coordinates":[5.087136,52.08299]},"properties":{"category":"glasbak","name":"","operator":"","osm_id":"node/12852559395"}},{"type":"Feature","geometry":{"type":"Point","coordinates":[5.088315,52.082846]},"properties":{"category":"glasbak","name":"","operator":"","osm_id":"node/12852567724"}},{"type":"Feature","geometry":{"type":"Point","coordinates":[5.087135,52.083015]},"properties":{"category":"glasbak","name":"","operator":"","osm_id":"node/12852577498"}},{"type":"Feature","geometry":{"type":"Point","coordinates":[5.087131,52.083057]},"properties":{"category":"glasbak","name":"","operator":"Leger des Heils","osm_id":"node/12852581375"}},{"type":"Feature","geometry":{"type":"Point","coordinates":[5.092742,52.074907]},"properties":{"category":"glasbak","name":"0307","operator":"","osm_id":"node/12853705054"}},{"type":"Feature","geometry":{"type":"Point","coordinates":[5.092669,52.074884]},"properties":{"category":"glasbak","name":"0483","operator":"","osm_id":"node/12853705055"}},{"type":"Feature","geometry":{"type":"Point","coordinates":[5.092695,52.074892]},"properties":{"category":"glasbak","name":"0482","operator":"","osm_id":"node/12853705056"}},{"type":"Feature","geometry":{"type":"Point","coordinates":[5.09279,52.074925]},"properties":{"category":"glasbak","name":"6212","operator":"","osm_id":"node/12853705057"}},{"type":"Feature","geometry":{"type":"Point","coordinates":[5.092814,52.074932]},"properties":{"category":"glasbak","name":"3332","operator":"","osm_id":"node/12853705058"}},{"type":"Feature","geometry":{"type":"Point","coordinates":[5.092767,52.074916]},"properties":{"category":"glasbak","name":"0860","operator":"","osm_id":"node/12853705059"}},{"type":"Feature","geometry":{"type":"Point","coordinates":[5.096043,52.074752]},"properties":{"category":"glasbak","name":"3335","operator":"","osm_id":"node/12853705060"}},{"type":"Feature","geometry":{"type":"Point","coordinates":[5.096016,52.074753]},"properties":{"category":"glasbak","name":"3330","operator":"","osm_id":"node/12853705061"}},{"type":"Feature","geometry":{"type":"Point","coordinates":[5.096067,52.074754]},"properties":{"category":"glasbak","name":"0484","operator":"","osm_id":"node/12853705062"}},{"type":"Feature","geometry":{"type":"Point","coordinates":[5.096092,52.074758]},"properties":{"category":"glasbak","name":"0485","operator":"","osm_id":"node/12853705063"}},{"type":"Feature","geometry":{"type":"Point","coordinates":[5.102029,52.073277]},"properties":{"category":"glasbak","name":"","operator":"","osm_id":"node/12858609133"}},{"type":"Feature","geometry":{"type":"Point","coordinates":[5.129181,52.074733]},"properties":{"category":"glasbak","name":"","operator":"","osm_id":"node/12864103233"}},{"type":"Feature","geometry":{"type":"Point","coordinates":[5.093081,52.093709]},"properties":{"category":"glasbak","name":"6603","operator":"Gemeente Utrecht","osm_id":"node/12872995264"}},{"type":"Feature","geometry":{"type":"Point","coordinates":[5.091226,52.094241]},"properties":{"category":"glasbak","name":"","operator":"Gemeente Utrecht","osm_id":"node/12874372470"}},{"type":"Feature","geometry":{"type":"Point","coordinates":[5.063309,52.099666]},"properties":{"category":"glasbak","name":"","operator":"","osm_id":"node/12879385347"}},{"type":"Feature","geometry":{"type":"Point","coordinates":[5.094726,52.095765]},"properties":{"category":"glasbak","name":"","operator":"","osm_id":"node/12888710810"}},{"type":"Feature","geometry":{"type":"Point","coordinates":[5.094746,52.095748]},"properties":{"category":"glasbak","name":"","operator":"recycling","osm_id":"node/12888710811"}},{"type":"Feature","geometry":{"type":"Point","coordinates":[5.094709,52.095781]},"properties":{"category":"glasbak","name":"6753","operator":"","osm_id":"node/12888710812"}},{"type":"Feature","geometry":{"type":"Point","coordinates":[5.095777,52.096156]},"properties":{"category":"glasbak","name":"7110","operator":"","osm_id":"node/12888710813"}},{"type":"Feature","geometry":{"type":"Point","coordinates":[5.095808,52.096153]},"properties":{"category":"glasbak","name":"7111","operator":"","osm_id":"node/12888710814"}},{"type":"Feature","geometry":{"type":"Point","coordinates":[5.093471,52.090767]},"properties":{"category":"glasbak","name":"","operator":"","osm_id":"node/12900431685"}},{"type":"Feature","geometry":{"type":"Point","coordinates":[5.093472,52.090751]},"properties":{"category":"glasbak","name":"","operator":"","osm_id":"node/12900431686"}},{"type":"Feature","geometry":{"type":"Point","coordinates":[5.122888,52.076646]},"properties":{"category":"glasbak","name":"","operator":"","osm_id":"node/12900434638"}},{"type":"Feature","geometry":{"type":"Point","coordinates":[5.122983,52.076641]},"properties":{"category":"glasbak","name":"","operator":"","osm_id":"node/12900434639"}},{"type":"Feature","geometry":{"type":"Point","coordinates":[5.122952,52.076642]},"properties":{"category":"glasbak","name":"","operator":"","osm_id":"node/12900434640"}},{"type":"Feature","geometry":{"type":"Point","coordinates":[5.123016,52.07664]},"properties":{"category":"glasbak","name":"","operator":"","osm_id":"node/12900434641"}},{"type":"Feature","geometry":{"type":"Point","coordinates":[5.135175,52.11452]},"properties":{"category":"glasbak","name":"","operator":"","osm_id":"node/12900436317"}},{"type":"Feature","geometry":{"type":"Point","coordinates":[5.135197,52.114507]},"properties":{"category":"glasbak","name":"","operator":"","osm_id":"node/12900436318"}},{"type":"Feature","geometry":{"type":"Point","coordinates":[5.135222,52.114493]},"properties":{"category":"glasbak","name":"","operator":"","osm_id":"node/12900436319"}},{"type":"Feature","geometry":{"type":"Point","coordinates":[5.128462,52.114185]},"properties":{"category":"glasbak","name":"","operator":"","osm_id":"node/12900437404"}},{"type":"Feature","geometry":{"type":"Point","coordinates":[5.128482,52.114172]},"properties":{"category":"glasbak","name":"","operator":"","osm_id":"node/12900437405"}},{"type":"Feature","geometry":{"type":"Point","coordinates":[5.128503,52.114159]},"properties":{"category":"glasbak","name":"","operator":"","osm_id":"node/12900437406"}},{"type":"Feature","geometry":{"type":"Point","coordinates":[5.115821,52.101009]},"properties":{"category":"glasbak","name":"","operator":"","osm_id":"node/12900454209"}},{"type":"Feature","geometry":{"type":"Point","coordinates":[5.11579,52.101015]},"properties":{"category":"glasbak","name":"","operator":"","osm_id":"node/12900454214"}},{"type":"Feature","geometry":{"type":"Point","coordinates":[5.115759,52.10102]},"properties":{"category":"glasbak","name":"","operator":"","osm_id":"node/12900454215"}},{"type":"Feature","geometry":{"type":"Point","coordinates":[5.11573,52.101026]},"properties":{"category":"glasbak","name":"","operator":"","osm_id":"node/12900454216"}},{"type":"Feature","geometry":{"type":"Point","coordinates":[5.1157,52.101032]},"properties":{"category":"glasbak","name":"","operator":"","osm_id":"node/12900454217"}},{"type":"Feature","geometry":{"type":"Point","coordinates":[5.115671,52.101038]},"properties":{"category":"glasbak","name":"","operator":"","osm_id":"node/12900454218"}},{"type":"Feature","geometry":{"type":"Point","coordinates":[5.115644,52.101044]},"properties":{"category":"glasbak","name":"","operator":"","osm_id":"node/12900454219"}},{"type":"Feature","geometry":{"type":"Point","coordinates":[5.098752,52.106338]},"properties":{"category":"glasbak","name":"","operator":"","osm_id":"node/12900454671"}},{"type":"Feature","geometry":{"type":"Point","coordinates":[5.098736,52.106322]},"properties":{"category":"glasbak","name":"","operator":"","osm_id":"node/12900454672"}},{"type":"Feature","geometry":{"type":"Point","coordinates":[5.136816,52.064365]},"properties":{"category":"glasbak","name":"3255","operator":"","osm_id":"node/12900457371"}},{"type":"Feature","geometry":{"type":"Point","coordinates":[5.136839,52.064366]},"properties":{"category":"glasbak","name":"","operator":"","osm_id":"node/12900457372"}},{"type":"Feature","geometry":{"type":"Point","coordinates":[5.107707,52.091054]},"properties":{"category":"glasbak","name":"6722","operator":"","osm_id":"node/12900457699"}},{"type":"Feature","geometry":{"type":"Point","coordinates":[5.10772,52.091038]},"properties":{"category":"glasbak","name":"6754","operator":"","osm_id":"node/12900457700"}},{"type":"Feature","geometry":{"type":"Point","coordinates":[5.10783,52.067399]},"properties":{"category":"glasbak","name":"","operator":"Gemeente Utrecht","osm_id":"node/12900458333"}},{"type":"Feature","geometry":{"type":"Point","coordinates":[5.107799,52.067396]},"properties":{"category":"glasbak","name":"","operator":"Gemeente Utrecht","osm_id":"node/12900458334"}},{"type":"Feature","geometry":{"type":"Point","coordinates":[5.107768,52.067394]},"properties":{"category":"glasbak","name":"5004","operator":"Gemeente Utrecht","osm_id":"node/12900458335"}},{"type":"Feature","geometry":{"type":"Point","coordinates":[5.107773,52.067376]},"properties":{"category":"glasbak","name":"5164","operator":"Gemeente Utrecht","osm_id":"node/12900458336"}},{"type":"Feature","geometry":{"type":"Point","coordinates":[5.107803,52.067377]},"properties":{"category":"glasbak","name":"4840","operator":"Gemeente Utrecht","osm_id":"node/12900458337"}},{"type":"Feature","geometry":{"type":"Point","coordinates":[5.107834,52.06738]},"properties":{"category":"glasbak","name":"4516","operator":"Gemeente Utrecht","osm_id":"node/12900458338"}},{"type":"Feature","geometry":{"type":"Point","coordinates":[5.107866,52.067383]},"properties":{"category":"glasbak","name":"4526","operator":"Gemeente Utrecht","osm_id":"node/12900458339"}},{"type":"Feature","geometry":{"type":"Point","coordinates":[5.107861,52.067402]},"properties":{"category":"glasbak","name":"6210","operator":"Gemeente Utrecht","osm_id":"node/12900458340"}},{"type":"Feature","geometry":{"type":"Point","coordinates":[5.147252,52.083053]},"properties":{"category":"glasbak","name":"","operator":"","osm_id":"node/12900460204"}},{"type":"Feature","geometry":{"type":"Point","coordinates":[5.147281,52.083078]},"properties":{"category":"glasbak","name":"","operator":"","osm_id":"node/12900460205"}},{"type":"Feature","geometry":{"type":"Point","coordinates":[5.147305,52.083098]},"properties":{"category":"glasbak","name":"","operator":"","osm_id":"node/12900460206"}},{"type":"Feature","geometry":{"type":"Point","coordinates":[5.147329,52.083121]},"properties":{"category":"glasbak","name":"","operator":"","osm_id":"node/12900460207"}},{"type":"Feature","geometry":{"type":"Point","coordinates":[5.147355,52.083144]},"properties":{"category":"glasbak","name":"","operator":"","osm_id":"node/12900460208"}},{"type":"Feature","geometry":{"type":"Point","coordinates":[5.091394,52.091605]},"properties":{"category":"glasbak","name":"3752","operator":"","osm_id":"node/12900460243"}},{"type":"Feature","geometry":{"type":"Point","coordinates":[5.091396,52.091624]},"properties":{"category":"glasbak","name":"5111","operator":"","osm_id":"node/12900460244"}},{"type":"Feature","geometry":{"type":"Point","coordinates":[5.091366,52.091624]},"properties":{"category":"glasbak","name":"3749","operator":"","osm_id":"node/12900460245"}},{"type":"Feature","geometry":{"type":"Point","coordinates":[5.107732,52.091022]},"properties":{"category":"glasbak","name":"6765","operator":"","osm_id":"node/12900462001"}},{"type":"Feature","geometry":{"type":"Point","coordinates":[5.107742,52.091005]},"properties":{"category":"glasbak","name":"","operator":"","osm_id":"node/12900462002"}},{"type":"Feature","geometry":{"type":"Point","coordinates":[5.107755,52.090986]},"properties":{"category":"glasbak","name":"","operator":"","osm_id":"node/12900462003"}},{"type":"Feature","geometry":{"type":"Point","coordinates":[5.099008,52.094268]},"properties":{"category":"glasbak","name":"6757","operator":"","osm_id":"node/12900462740"}},{"type":"Feature","geometry":{"type":"Point","coordinates":[5.099001,52.09425]},"properties":{"category":"glasbak","name":"","operator":"","osm_id":"node/12900462741"}},{"type":"Feature","geometry":{"type":"Point","coordinates":[5.099017,52.094285]},"properties":{"category":"glasbak","name":"6799","operator":"","osm_id":"node/12900462742"}},{"type":"Feature","geometry":{"type":"Point","coordinates":[5.099025,52.094303]},"properties":{"category":"glasbak","name":"","operator":"","osm_id":"node/12900462743"}},{"type":"Feature","geometry":{"type":"Point","coordinates":[5.160662,52.085524]},"properties":{"category":"glasbak","name":"","operator":"","osm_id":"node/12900463471"}},{"type":"Feature","geometry":{"type":"Point","coordinates":[5.160679,52.085506]},"properties":{"category":"glasbak","name":"","operator":"","osm_id":"node/12900463472"}},{"type":"Feature","geometry":{"type":"Point","coordinates":[5.160697,52.085488]},"properties":{"category":"glasbak","name":"","operator":"","osm_id":"node/12900463473"}},{"type":"Feature","geometry":{"type":"Point","coordinates":[5.160713,52.085471]},"properties":{"category":"glasbak","name":"","operator":"","osm_id":"node/12900463474"}},{"type":"Feature","geometry":{"type":"Point","coordinates":[5.148073,52.092967]},"properties":{"category":"glasbak","name":"","operator":"","osm_id":"node/12900472043"}},{"type":"Feature","geometry":{"type":"Point","coordinates":[5.148105,52.092964]},"properties":{"category":"glasbak","name":"","operator":"","osm_id":"node/12900472044"}},{"type":"Feature","geometry":{"type":"Point","coordinates":[5.148138,52.09296]},"properties":{"category":"glasbak","name":"","operator":"","osm_id":"node/12900472045"}},{"type":"Feature","geometry":{"type":"Point","coordinates":[5.148169,52.092958]},"properties":{"category":"glasbak","name":"","operator":"","osm_id":"node/12900472046"}},{"type":"Feature","geometry":{"type":"Point","coordinates":[5.148166,52.092938]},"properties":{"category":"glasbak","name":"","operator":"","osm_id":"node/12900472047"}},{"type":"Feature","geometry":{"type":"Point","coordinates":[5.148133,52.092939]},"properties":{"category":"glasbak","name":"","operator":"","osm_id":"node/12900472048"}},{"type":"Feature","geometry":{"type":"Point","coordinates":[5.148102,52.092943]},"properties":{"category":"glasbak","name":"","operator":"","osm_id":"node/12900472049"}},{"type":"Feature","geometry":{"type":"Point","coordinates":[5.148068,52.092947]},"properties":{"category":"glasbak","name":"","operator":"","osm_id":"node/12900472050"}},{"type":"Feature","geometry":{"type":"Point","coordinates":[5.11318,52.105735]},"properties":{"category":"glasbak","name":"","operator":"","osm_id":"node/12900472085"}},{"type":"Feature","geometry":{"type":"Point","coordinates":[5.113183,52.105716]},"properties":{"category":"glasbak","name":"","operator":"","osm_id":"node/12900472086"}},{"type":"Feature","geometry":{"type":"Point","coordinates":[5.113186,52.105697]},"properties":{"category":"glasbak","name":"","operator":"","osm_id":"node/12900472087"}},{"type":"Feature","geometry":{"type":"Point","coordinates":[5.136214,52.089096]},"properties":{"category":"glasbak","name":"","operator":"","osm_id":"node/12900472438"}},{"type":"Feature","geometry":{"type":"Point","coordinates":[5.136226,52.089113]},"properties":{"category":"glasbak","name":"","operator":"","osm_id":"node/12900472439"}},{"type":"Feature","geometry":{"type":"Point","coordinates":[5.13624,52.089131]},"properties":{"category":"glasbak","name":"","operator":"","osm_id":"node/12900472440"}},{"type":"Feature","geometry":{"type":"Point","coordinates":[5.136269,52.089123]},"properties":{"category":"glasbak","name":"","operator":"","osm_id":"node/12900472441"}},{"type":"Feature","geometry":{"type":"Point","coordinates":[5.136258,52.089106]},"properties":{"category":"glasbak","name":"","operator":"","osm_id":"node/12900472442"}},{"type":"Feature","geometry":{"type":"Point","coordinates":[5.136245,52.089088]},"properties":{"category":"glasbak","name":"","operator":"","osm_id":"node/12900472443"}},{"type":"Feature","geometry":{"type":"Point","coordinates":[5.133556,52.062287]},"properties":{"category":"glasbak","name":"","operator":"","osm_id":"node/12900491494"}},{"type":"Feature","geometry":{"type":"Point","coordinates":[5.133584,52.062286]},"properties":{"category":"glasbak","name":"","operator":"","osm_id":"node/12900491495"}},{"type":"Feature","geometry":{"type":"Point","coordinates":[5.133585,52.062267]},"properties":{"category":"glasbak","name":"","operator":"","osm_id":"node/12900491496"}},{"type":"Feature","geometry":{"type":"Point","coordinates":[5.133554,52.062268]},"properties":{"category":"glasbak","name":"","operator":"","osm_id":"node/12900491497"}},{"type":"Feature","geometry":{"type":"Point","coordinates":[5.133525,52.062267]},"properties":{"category":"glasbak","name":"","operator":"","osm_id":"node/12900491498"}},{"type":"Feature","geometry":{"type":"Point","coordinates":[5.142423,52.084815]},"properties":{"category":"glasbak","name":"","operator":"","osm_id":"node/12900498413"}},{"type":"Feature","geometry":{"type":"Point","coordinates":[5.142449,52.084802]},"properties":{"category":"glasbak","name":"","operator":"","osm_id":"node/12900498414"}},{"type":"Feature","geometry":{"type":"Point","coordinates":[5.142481,52.084787]},"properties":{"category":"glasbak","name":"","operator":"","osm_id":"node/12900498415"}},{"type":"Feature","geometry":{"type":"Point","coordinates":[5.142506,52.084777]},"properties":{"category":"glasbak","name":"","operator":"","osm_id":"node/12900498416"}},{"type":"Feature","geometry":{"type":"Point","coordinates":[5.14253,52.084765]},"properties":{"category":"glasbak","name":"","operator":"","osm_id":"node/12900498417"}},{"type":"Feature","geometry":{"type":"Point","coordinates":[5.141864,52.091441]},"properties":{"category":"glasbak","name":"","operator":"","osm_id":"node/12900501238"}},{"type":"Feature","geometry":{"type":"Point","coordinates":[5.141894,52.09144]},"properties":{"category":"glasbak","name":"","operator":"","osm_id":"node/12900501239"}},{"type":"Feature","geometry":{"type":"Point","coordinates":[5.141906,52.091421]},"properties":{"category":"glasbak","name":"","operator":"","osm_id":"node/12900501240"}},{"type":"Feature","geometry":{"type":"Point","coordinates":[5.141877,52.091421]},"properties":{"category":"glasbak","name":"","operator":"","osm_id":"node/12900501241"}},{"type":"Feature","geometry":{"type":"Point","coordinates":[5.136508,52.101871]},"properties":{"category":"glasbak","name":"","operator":"","osm_id":"node/12900502198"}},{"type":"Feature","geometry":{"type":"Point","coordinates":[5.136527,52.101851]},"properties":{"category":"glasbak","name":"","operator":"","osm_id":"node/12900502199"}},{"type":"Feature","geometry":{"type":"Point","coordinates":[5.136534,52.101866]},"properties":{"category":"glasbak","name":"","operator":"","osm_id":"node/12900502200"}},{"type":"Feature","geometry":{"type":"Point","coordinates":[5.137885,52.059202]},"properties":{"category":"glasbak","name":"","operator":"","osm_id":"node/12900505638"}},{"type":"Feature","geometry":{"type":"Point","coordinates":[5.137914,52.05921]},"properties":{"category":"glasbak","name":"","operator":"","osm_id":"node/12900505639"}},{"type":"Feature","geometry":{"type":"Point","coordinates":[5.137939,52.059219]},"properties":{"category":"glasbak","name":"","operator":"","osm_id":"node/12900505640"}},{"type":"Feature","geometry":{"type":"Point","coordinates":[5.137963,52.059227]},"properties":{"category":"glasbak","name":"","operator":"","osm_id":"node/12900505641"}},{"type":"Feature","geometry":{"type":"Point","coordinates":[5.136429,52.063679]},"properties":{"category":"glasbak","name":"","operator":"","osm_id":"node/12900508131"}},{"type":"Feature","geometry":{"type":"Point","coordinates":[5.136429,52.063661]},"properties":{"category":"glasbak","name":"","operator":"","osm_id":"node/12900508132"}},{"type":"Feature","geometry":{"type":"Point","coordinates":[5.136403,52.063674]},"properties":{"category":"glasbak","name":"","operator":"","osm_id":"node/12900508133"}},{"type":"Feature","geometry":{"type":"Point","coordinates":[5.136406,52.063693]},"properties":{"category":"glasbak","name":"","operator":"","osm_id":"node/12900508134"}},{"type":"Feature","geometry":{"type":"Point","coordinates":[5.136434,52.063717]},"properties":{"category":"glasbak","name":"","operator":"","osm_id":"node/12900508135"}},{"type":"Feature","geometry":{"type":"Point","coordinates":[5.136437,52.063738]},"properties":{"category":"glasbak","name":"","operator":"","osm_id":"node/12900508136"}},{"type":"Feature","geometry":{"type":"Point","coordinates":[5.131851,52.058923]},"properties":{"category":"glasbak","name":"","operator":"","osm_id":"node/12900508139"}},{"type":"Feature","geometry":{"type":"Point","coordinates":[5.131839,52.058943]},"properties":{"category":"glasbak","name":"","operator":"","osm_id":"node/12900508140"}},{"type":"Feature","geometry":{"type":"Point","coordinates":[5.131829,52.05896]},"properties":{"category":"glasbak","name":"","operator":"","osm_id":"node/12900508141"}},{"type":"Feature","geometry":{"type":"Point","coordinates":[5.131818,52.058978]},"properties":{"category":"glasbak","name":"","operator":"","osm_id":"node/12900508142"}},{"type":"Feature","geometry":{"type":"Point","coordinates":[5.131808,52.058997]},"properties":{"category":"glasbak","name":"","operator":"","osm_id":"node/12900508143"}},{"type":"Feature","geometry":{"type":"Point","coordinates":[5.107535,52.083498]},"properties":{"category":"glasbak","name":"","operator":"","osm_id":"node/12900508240"}},{"type":"Feature","geometry":{"type":"Point","coordinates":[5.107552,52.083514]},"properties":{"category":"glasbak","name":"","operator":"","osm_id":"node/12900508241"}},{"type":"Feature","geometry":{"type":"Point","coordinates":[5.107581,52.083503]},"properties":{"category":"glasbak","name":"","operator":"","osm_id":"node/12900508242"}},{"type":"Feature","geometry":{"type":"Point","coordinates":[5.136519,52.101833]},"properties":{"category":"glasbak","name":"","operator":"","osm_id":"node/12900509601"}},{"type":"Feature","geometry":{"type":"Point","coordinates":[5.085223,52.086629]},"properties":{"category":"glasbak","name":"7056","operator":"","osm_id":"node/12900510012"}},{"type":"Feature","geometry":{"type":"Point","coordinates":[5.085253,52.086631]},"properties":{"category":"glasbak","name":"","operator":"","osm_id":"node/12900510013"}},{"type":"Feature","geometry":{"type":"Point","coordinates":[5.085287,52.086633]},"properties":{"category":"glasbak","name":"","operator":"","osm_id":"node/12900510014"}},{"type":"Feature","geometry":{"type":"Point","coordinates":[5.085319,52.086635]},"properties":{"category":"glasbak","name":"","operator":"","osm_id":"node/12900510015"}},{"type":"Feature","geometry":{"type":"Point","coordinates":[5.139192,52.063924]},"properties":{"category":"glasbak","name":"","operator":"","osm_id":"node/12900512032"}},{"type":"Feature","geometry":{"type":"Point","coordinates":[5.139224,52.06389]},"properties":{"category":"glasbak","name":"","operator":"","osm_id":"node/12900512033"}},{"type":"Feature","geometry":{"type":"Point","coordinates":[5.13854,52.062385]},"properties":{"category":"glasbak","name":"8017","operator":"","osm_id":"node/12900512034"}},{"type":"Feature","geometry":{"type":"Point","coordinates":[5.138505,52.062386]},"properties":{"category":"glasbak","name":"","operator":"","osm_id":"node/12900512035"}},{"type":"Feature","geometry":{"type":"Point","coordinates":[5.138471,52.062388]},"properties":{"category":"glasbak","name":"","operator":"","osm_id":"node/12900512036"}},{"type":"Feature","geometry":{"type":"Point","coordinates":[5.136375,52.065177]},"properties":{"category":"glasbak","name":"","operator":"","osm_id":"node/12900515566"}},{"type":"Feature","geometry":{"type":"Point","coordinates":[5.1364,52.065162]},"properties":{"category":"glasbak","name":"5577","operator":"","osm_id":"node/12900515567"}},{"type":"Feature","geometry":{"type":"Point","coordinates":[5.136353,52.06519]},"properties":{"category":"glasbak","name":"","operator":"","osm_id":"node/12900515568"}},{"type":"Feature","geometry":{"type":"Point","coordinates":[5.136446,52.065134]},"properties":{"category":"glasbak","name":"4821","operator":"","osm_id":"node/12900515569"}},{"type":"Feature","geometry":{"type":"Point","coordinates":[5.136265,52.065182]},"properties":{"category":"glasbak","name":"7663","operator":"","osm_id":"node/12900515570"}},{"type":"Feature","geometry":{"type":"Point","coordinates":[5.137193,52.065236]},"properties":{"category":"glasbak","name":"","operator":"","osm_id":"node/12900515571"}},{"type":"Feature","geometry":{"type":"Point","coordinates":[5.137226,52.065241]},"properties":{"category":"glasbak","name":"","operator":"","osm_id":"node/12900515572"}},{"type":"Feature","geometry":{"type":"Point","coordinates":[5.124003,52.066287]},"properties":{"category":"glasbak","name":"","operator":"","osm_id":"node/12906240988"}},{"type":"Feature","geometry":{"type":"Point","coordinates":[5.124141,52.066268]},"properties":{"category":"glasbak","name":"","operator":"","osm_id":"node/12906251028"}},{"type":"Feature","geometry":{"type":"Point","coordinates":[5.124043,52.066282]},"properties":{"category":"glasbak","name":"","operator":"","osm_id":"node/12906272335"}},{"type":"Feature","geometry":{"type":"Point","coordinates":[5.112314,52.080341]},"properties":{"category":"glasbak","name":"2698","operator":"","osm_id":"node/12906297243"}},{"type":"Feature","geometry":{"type":"Point","coordinates":[5.112286,52.080332]},"properties":{"category":"glasbak","name":"2804","operator":"","osm_id":"node/12906297244"}},{"type":"Feature","geometry":{"type":"Point","coordinates":[5.123765,52.064355]},"properties":{"category":"glasbak","name":"","operator":"","osm_id":"node/12906297262"}},{"type":"Feature","geometry":{"type":"Point","coordinates":[5.095521,52.077313]},"properties":{"category":"glasbak","name":"","operator":"","osm_id":"node/12906328025"}},{"type":"Feature","geometry":{"type":"Point","coordinates":[5.095465,52.077294]},"properties":{"category":"glasbak","name":"6126","operator":"","osm_id":"node/12906328026"}},{"type":"Feature","geometry":{"type":"Point","coordinates":[5.095379,52.077385]},"properties":{"category":"glasbak","name":"3723","operator":"","osm_id":"node/12906328027"}},{"type":"Feature","geometry":{"type":"Point","coordinates":[5.095432,52.077403]},"properties":{"category":"glasbak","name":"3725","operator":"","osm_id":"node/12906328028"}},{"type":"Feature","geometry":{"type":"Point","coordinates":[5.094118,52.078802]},"properties":{"category":"glasbak","name":"3717","operator":"","osm_id":"node/12906328029"}},{"type":"Feature","geometry":{"type":"Point","coordinates":[5.094092,52.078791]},"properties":{"category":"glasbak","name":"3716","operator":"","osm_id":"node/12906328030"}},{"type":"Feature","geometry":{"type":"Point","coordinates":[5.094064,52.07878]},"properties":{"category":"glasbak","name":"3715","operator":"","osm_id":"node/12906328031"}},{"type":"Feature","geometry":{"type":"Point","coordinates":[5.125876,52.072454]},"properties":{"category":"glasbak","name":"3036","operator":"","osm_id":"node/12906951162"}},{"type":"Feature","geometry":{"type":"Point","coordinates":[5.125881,52.072514]},"properties":{"category":"glasbak","name":"3039","operator":"","osm_id":"node/12906951163"}},{"type":"Feature","geometry":{"type":"Point","coordinates":[5.125881,52.072494]},"properties":{"category":"glasbak","name":"3038","operator":"","osm_id":"node/12906951164"}},{"type":"Feature","geometry":{"type":"Point","coordinates":[5.125879,52.072473]},"properties":{"category":"glasbak","name":"3037","operator":"","osm_id":"node/12906951165"}},{"type":"Feature","geometry":{"type":"Point","coordinates":[5.045591,52.083188]},"properties":{"category":"glasbak","name":"","operator":"","osm_id":"node/12907295435"}},{"type":"Feature","geometry":{"type":"Point","coordinates":[5.015814,52.09181]},"properties":{"category":"glasbak","name":"7959","operator":"","osm_id":"node/12907492717"}},{"type":"Feature","geometry":{"type":"Point","coordinates":[5.015812,52.09179]},"properties":{"category":"glasbak","name":"7982","operator":"","osm_id":"node/12907492718"}},{"type":"Feature","geometry":{"type":"Point","coordinates":[5.024558,52.078258]},"properties":{"category":"glasbak","name":"6013","operator":"","osm_id":"node/12907550561"}},{"type":"Feature","geometry":{"type":"Point","coordinates":[5.02456,52.078275]},"properties":{"category":"glasbak","name":"6139","operator":"","osm_id":"node/12907550562"}},{"type":"Feature","geometry":{"type":"Point","coordinates":[5.03604,52.101734]},"properties":{"category":"glasbak","name":"5134","operator":"","osm_id":"node/12907550978"}},{"type":"Feature","geometry":{"type":"Point","coordinates":[5.036042,52.101752]},"properties":{"category":"glasbak","name":"5245","operator":"","osm_id":"node/12907550979"}},{"type":"Feature","geometry":{"type":"Point","coordinates":[5.036013,52.101753]},"properties":{"category":"glasbak","name":"7304","operator":"","osm_id":"node/12907550980"}},{"type":"Feature","geometry":{"type":"Point","coordinates":[5.034214,52.101849]},"properties":{"category":"glasbak","name":"5020","operator":"","osm_id":"node/12907550981"}},{"type":"Feature","geometry":{"type":"Point","coordinates":[5.034212,52.101828]},"properties":{"category":"glasbak","name":"4986","operator":"","osm_id":"node/12907550982"}},{"type":"Feature","geometry":{"type":"Point","coordinates":[5.034212,52.10181]},"properties":{"category":"glasbak","name":"4674","operator":"","osm_id":"node/12907550983"}},{"type":"Feature","geometry":{"type":"Point","coordinates":[5.034206,52.101791]},"properties":{"category":"glasbak","name":"5098","operator":"","osm_id":"node/12907550984"}},{"type":"Feature","geometry":{"type":"Point","coordinates":[5.034204,52.101772]},"properties":{"category":"glasbak","name":"5998","operator":"","osm_id":"node/12907550985"}},{"type":"Feature","geometry":{"type":"Point","coordinates":[5.0342,52.101754]},"properties":{"category":"glasbak","name":"4616","operator":"","osm_id":"node/12907550986"}},{"type":"Feature","geometry":{"type":"Point","coordinates":[5.037537,52.101647]},"properties":{"category":"glasbak","name":"4499","operator":"","osm_id":"node/12907550987"}},{"type":"Feature","geometry":{"type":"Point","coordinates":[5.037568,52.101645]},"properties":{"category":"glasbak","name":"5067","operator":"","osm_id":"node/12907550988"}},{"type":"Feature","geometry":{"type":"Point","coordinates":[5.040802,52.101462]},"properties":{"category":"glasbak","name":"4570","operator":"","osm_id":"node/12907550989"}},{"type":"Feature","geometry":{"type":"Point","coordinates":[5.040799,52.101444]},"properties":{"category":"glasbak","name":"","operator":"","osm_id":"node/12907550990"}},{"type":"Feature","geometry":{"type":"Point","coordinates":[5.094158,52.07609]},"properties":{"category":"glasbak","name":"","operator":"","osm_id":"node/12907902418"}},{"type":"Feature","geometry":{"type":"Point","coordinates":[5.137349,52.08403]},"properties":{"category":"glasbak","name":"","operator":"","osm_id":"node/12909209116"}},{"type":"Feature","geometry":{"type":"Point","coordinates":[5.137386,52.084027]},"properties":{"category":"glasbak","name":"","operator":"","osm_id":"node/12909209117"}},{"type":"Feature","geometry":{"type":"Point","coordinates":[5.090354,52.096173]},"properties":{"category":"glasbak","name":"2650","operator":"","osm_id":"node/12909382254"}},{"type":"Feature","geometry":{"type":"Point","coordinates":[5.090411,52.096169]},"properties":{"category":"glasbak","name":"2754","operator":"","osm_id":"node/12909382255"}},{"type":"Feature","geometry":{"type":"Point","coordinates":[5.090218,52.096184]},"properties":{"category":"glasbak","name":"","operator":"","osm_id":"node/12909382256"}},{"type":"Feature","geometry":{"type":"Point","coordinates":[5.136718,52.095543]},"properties":{"category":"glasbak","name":"","operator":"","osm_id":"node/12909385975"}},{"type":"Feature","geometry":{"type":"Point","coordinates":[5.136685,52.095542]},"properties":{"category":"glasbak","name":"","operator":"","osm_id":"node/12909385976"}},{"type":"Feature","geometry":{"type":"Point","coordinates":[5.133106,52.079593]},"properties":{"category":"glasbak","name":"","operator":"","osm_id":"node/12909417097"}},{"type":"Feature","geometry":{"type":"Point","coordinates":[5.133137,52.079585]},"properties":{"category":"glasbak","name":"","operator":"","osm_id":"node/12909417098"}},{"type":"Feature","geometry":{"type":"Point","coordinates":[5.133166,52.079578]},"properties":{"category":"glasbak","name":"7415","operator":"","osm_id":"node/12909417099"}},{"type":"Feature","geometry":{"type":"Point","coordinates":[5.123807,52.107178]},"properties":{"category":"glasbak","name":"","operator":"","osm_id":"node/12917577565"}},{"type":"Feature","geometry":{"type":"Point","coordinates":[5.124487,52.109625]},"properties":{"category":"glasbak","name":"","operator":"","osm_id":"node/12917604268"}},{"type":"Feature","geometry":{"type":"Point","coordinates":[5.090552,52.091636]},"properties":{"category":"glasbak","name":"","operator":"","osm_id":"node/12919520518"}},{"type":"Feature","geometry":{"type":"Point","coordinates":[5.090554,52.091654]},"properties":{"category":"glasbak","name":"4146","operator":"","osm_id":"node/12919520519"}},{"type":"Feature","geometry":{"type":"Point","coordinates":[5.090555,52.091673]},"properties":{"category":"glasbak","name":"","operator":"","osm_id":"node/12919520520"}},{"type":"Feature","geometry":{"type":"Point","coordinates":[5.010914,52.106801]},"properties":{"category":"glasbak","name":"","operator":"","osm_id":"node/12919768381"}},{"type":"Feature","geometry":{"type":"Point","coordinates":[5.103205,52.093166]},"properties":{"category":"glasbak","name":"6735","operator":"","osm_id":"node/12919803079"}},{"type":"Feature","geometry":{"type":"Point","coordinates":[5.103236,52.093164]},"properties":{"category":"glasbak","name":"6514","operator":"","osm_id":"node/12919803080"}},{"type":"Feature","geometry":{"type":"Point","coordinates":[5.103239,52.093185]},"properties":{"category":"glasbak","name":"6583","operator":"","osm_id":"node/12919803081"}},{"type":"Feature","geometry":{"type":"Point","coordinates":[5.103209,52.093187]},"properties":{"category":"glasbak","name":"7563","operator":"","osm_id":"node/12919803082"}},{"type":"Feature","geometry":{"type":"Point","coordinates":[5.103212,52.093205]},"properties":{"category":"glasbak","name":"7572","operator":"","osm_id":"node/12919803083"}},{"type":"Feature","geometry":{"type":"Point","coordinates":[5.104543,52.094256]},"properties":{"category":"glasbak","name":"7104","operator":"","osm_id":"node/12919803084"}},{"type":"Feature","geometry":{"type":"Point","coordinates":[5.104575,52.094249]},"properties":{"category":"glasbak","name":"7106","operator":"","osm_id":"node/12919803085"}},{"type":"Feature","geometry":{"type":"Point","coordinates":[5.101737,52.094024]},"properties":{"category":"glasbak","name":"","operator":"","osm_id":"node/12919803086"}},{"type":"Feature","geometry":{"type":"Point","coordinates":[5.101797,52.095454]},"properties":{"category":"glasbak","name":"7107","operator":"","osm_id":"node/12919803087"}},{"type":"Feature","geometry":{"type":"Point","coordinates":[5.101824,52.095446]},"properties":{"category":"glasbak","name":"7108","operator":"","osm_id":"node/12919803088"}},{"type":"Feature","geometry":{"type":"Point","coordinates":[5.101853,52.095439]},"properties":{"category":"glasbak","name":"7109","operator":"","osm_id":"node/12919803089"}},{"type":"Feature","geometry":{"type":"Point","coordinates":[5.099354,52.095445]},"properties":{"category":"glasbak","name":"","operator":"","osm_id":"node/12919803090"}},{"type":"Feature","geometry":{"type":"Point","coordinates":[5.098894,52.093892]},"properties":{"category":"glasbak","name":"","operator":"","osm_id":"node/12919803091"}},{"type":"Feature","geometry":{"type":"Point","coordinates":[5.098877,52.093477]},"properties":{"category":"glasbak","name":"5913","operator":"","osm_id":"node/12919803092"}},{"type":"Feature","geometry":{"type":"Point","coordinates":[5.098878,52.093452]},"properties":{"category":"glasbak","name":"5837","operator":"","osm_id":"node/12919803093"}},{"type":"Feature","geometry":{"type":"Point","coordinates":[5.097682,52.094073]},"properties":{"category":"glasbak","name":"","operator":"","osm_id":"node/12919803094"}},{"type":"Feature","geometry":{"type":"Point","coordinates":[5.09594,52.094974]},"properties":{"category":"glasbak","name":"","operator":"","osm_id":"node/12919803095"}},{"type":"Feature","geometry":{"type":"Point","coordinates":[5.097664,52.092582]},"properties":{"category":"glasbak","name":"","operator":"","osm_id":"node/12919813701"}},{"type":"Feature","geometry":{"type":"Point","coordinates":[5.099557,52.092906]},"properties":{"category":"glasbak","name":"","operator":"","osm_id":"node/12919813702"}},{"type":"Feature","geometry":{"type":"Point","coordinates":[5.102973,52.091595]},"properties":{"category":"glasbak","name":"6596","operator":"","osm_id":"node/12919813703"}},{"type":"Feature","geometry":{"type":"Point","coordinates":[5.103006,52.091598]},"properties":{"category":"glasbak","name":"6537","operator":"","osm_id":"node/12919813704"}},{"type":"Feature","geometry":{"type":"Point","coordinates":[5.102017,52.091429]},"properties":{"category":"glasbak","name":"6609","operator":"","osm_id":"node/12919813705"}},{"type":"Feature","geometry":{"type":"Point","coordinates":[5.102048,52.091431]},"properties":{"category":"glasbak","name":"6501","operator":"","osm_id":"node/12919813706"}},{"type":"Feature","geometry":{"type":"Point","coordinates":[5.101028,52.091333]},"properties":{"category":"glasbak","name":"6575","operator":"","osm_id":"node/12919813707"}},{"type":"Feature","geometry":{"type":"Point","coordinates":[5.101062,52.091336]},"properties":{"category":"glasbak","name":"6614","operator":"","osm_id":"node/12919813708"}},{"type":"Feature","geometry":{"type":"Point","coordinates":[5.099674,52.091282]},"properties":{"category":"glasbak","name":"6542","operator":"","osm_id":"node/12919813709"}},{"type":"Feature","geometry":{"type":"Point","coordinates":[5.099707,52.091285]},"properties":{"category":"glasbak","name":"6524","operator":"","osm_id":"node/12919813710"}},{"type":"Feature","geometry":{"type":"Point","coordinates":[5.098265,52.091152]},"properties":{"category":"glasbak","name":"6515","operator":"","osm_id":"node/12919813711"}},{"type":"Feature","geometry":{"type":"Point","coordinates":[5.098293,52.091155]},"properties":{"category":"glasbak","name":"6760","operator":"","osm_id":"node/12919813712"}},{"type":"Feature","geometry":{"type":"Point","coordinates":[5.09715,52.09071]},"properties":{"category":"glasbak","name":"","operator":"","osm_id":"node/12919813713"}},{"type":"Feature","geometry":{"type":"Point","coordinates":[5.097167,52.090725]},"properties":{"category":"glasbak","name":"","operator":"","osm_id":"node/12919813714"}},{"type":"Feature","geometry":{"type":"Point","coordinates":[5.097183,52.090744]},"properties":{"category":"glasbak","name":"","operator":"","osm_id":"node/12919813715"}},{"type":"Feature","geometry":{"type":"Point","coordinates":[5.09722,52.090773]},"properties":{"category":"glasbak","name":"7072","operator":"","osm_id":"node/12919813716"}},{"type":"Feature","geometry":{"type":"Point","coordinates":[5.094508,52.090715]},"properties":{"category":"glasbak","name":"","operator":"","osm_id":"node/12919813717"}},{"type":"Feature","geometry":{"type":"Point","coordinates":[5.095626,52.091656]},"properties":{"category":"glasbak","name":"4276","operator":"","osm_id":"node/12919813718"}},{"type":"Feature","geometry":{"type":"Point","coordinates":[5.095669,52.091658]},"properties":{"category":"glasbak","name":"4290","operator":"","osm_id":"node/12919813719"}},{"type":"Feature","geometry":{"type":"Point","coordinates":[5.096696,52.091756]},"properties":{"category":"glasbak","name":"","operator":"","osm_id":"node/12919813720"}},{"type":"Feature","geometry":{"type":"Point","coordinates":[5.104737,52.091943]},"properties":{"category":"glasbak","name":"3698","operator":"","osm_id":"node/12919813721"}},{"type":"Feature","geometry":{"type":"Point","coordinates":[5.104729,52.091963]},"properties":{"category":"glasbak","name":"3699","operator":"","osm_id":"node/12919813722"}},{"type":"Feature","geometry":{"type":"Point","coordinates":[5.104724,52.091983]},"properties":{"category":"glasbak","name":"3700","operator":"","osm_id":"node/12919813723"}},{"type":"Feature","geometry":{"type":"Point","coordinates":[5.104717,52.092001]},"properties":{"category":"glasbak","name":"3701","operator":"","osm_id":"node/12919813724"}},{"type":"Feature","geometry":{"type":"Point","coordinates":[5.104605,52.090638]},"properties":{"category":"glasbak","name":"2642","operator":"","osm_id":"node/12919813725"}},{"type":"Feature","geometry":{"type":"Point","coordinates":[5.104663,52.090655]},"properties":{"category":"glasbak","name":"6947","operator":"","osm_id":"node/12919813726"}},{"type":"Feature","geometry":{"type":"Point","coordinates":[5.104675,52.090638]},"properties":{"category":"glasbak","name":"6924","operator":"","osm_id":"node/12919813727"}},{"type":"Feature","geometry":{"type":"Point","coordinates":[5.104646,52.090631]},"properties":{"category":"glasbak","name":"6780","operator":"","osm_id":"node/12919813728"}},{"type":"Feature","geometry":{"type":"Point","coordinates":[5.104617,52.090621]},"properties":{"category":"glasbak","name":"2643","operator":"","osm_id":"node/12919813729"}},{"type":"Feature","geometry":{"type":"Point","coordinates":[5.100665,52.090293]},"properties":{"category":"glasbak","name":"","operator":"","osm_id":"node/12919813730"}},{"type":"Feature","geometry":{"type":"Point","coordinates":[5.098,52.089598]},"properties":{"category":"glasbak","name":"","operator":"","osm_id":"node/12919813731"}},{"type":"Feature","geometry":{"type":"Point","coordinates":[5.098179,52.089119]},"properties":{"category":"glasbak","name":"","operator":"","osm_id":"node/12919813732"}},{"type":"Feature","geometry":{"type":"Point","coordinates":[5.095242,52.088894]},"properties":{"category":"glasbak","name":"","operator":"Gemeente Utrecht","osm_id":"node/12919813733"}},{"type":"Feature","geometry":{"type":"Point","coordinates":[5.094519,52.089204]},"properties":{"category":"glasbak","name":"6758","operator":"","osm_id":"node/12919813734"}},{"type":"Feature","geometry":{"type":"Point","coordinates":[5.095806,52.093368]},"properties":{"category":"glasbak","name":"","operator":"","osm_id":"node/12919813735"}},{"type":"Feature","geometry":{"type":"Point","coordinates":[5.013848,52.107411]},"properties":{"category":"glasbak","name":"","operator":"","osm_id":"node/12919838651"}},{"type":"Feature","geometry":{"type":"Point","coordinates":[5.091855,52.093419]},"properties":{"category":"glasbak","name":"3970","operator":"","osm_id":"node/12920181908"}},{"type":"Feature","geometry":{"type":"Point","coordinates":[5.091845,52.0934]},"properties":{"category":"glasbak","name":"4338","operator":"","osm_id":"node/12920181909"}},{"type":"Feature","geometry":{"type":"Point","coordinates":[5.091967,52.09341]},"properties":{"category":"glasbak","name":"4057","operator":"","osm_id":"node/12920181910"}},{"type":"Feature","geometry":{"type":"Point","coordinates":[5.091829,52.090516]},"properties":{"category":"glasbak","name":"","operator":"","osm_id":"node/12920181911"}},{"type":"Feature","geometry":{"type":"Point","coordinates":[5.090442,52.090762]},"properties":{"category":"glasbak","name":"","operator":"","osm_id":"node/12920181912"}},{"type":"Feature","geometry":{"type":"Point","coordinates":[5.08835,52.09207]},"properties":{"category":"glasbak","name":"","operator":"","osm_id":"node/12920181913"}},{"type":"Feature","geometry":{"type":"Point","coordinates":[5.08624,52.09218]},"properties":{"category":"glasbak","name":"","operator":"","osm_id":"node/12920181914"}},{"type":"Feature","geometry":{"type":"Point","coordinates":[5.086677,52.093077]},"properties":{"category":"glasbak","name":"","operator":"","osm_id":"node/12920181915"}},{"type":"Feature","geometry":{"type":"Point","coordinates":[5.087421,52.094611]},"properties":{"category":"glasbak","name":"","operator":"","osm_id":"node/12920181916"}},{"type":"Feature","geometry":{"type":"Point","coordinates":[5.087447,52.094608]},"properties":{"category":"glasbak","name":"","operator":"","osm_id":"node/12920181917"}},{"type":"Feature","geometry":{"type":"Point","coordinates":[5.088972,52.094379]},"properties":{"category":"glasbak","name":"","operator":"","osm_id":"node/12920181918"}},{"type":"Feature","geometry":{"type":"Point","coordinates":[5.090351,52.094026]},"properties":{"category":"glasbak","name":"7102","operator":"","osm_id":"node/12920181919"}},{"type":"Feature","geometry":{"type":"Point","coordinates":[5.09038,52.094024]},"properties":{"category":"glasbak","name":"7103","operator":"","osm_id":"node/12920181920"}},{"type":"Feature","geometry":{"type":"Point","coordinates":[5.090348,52.093995]},"properties":{"category":"glasbak","name":"","operator":"","osm_id":"node/12920181921"}},{"type":"Feature","geometry":{"type":"Point","coordinates":[5.088268,52.096288]},"properties":{"category":"glasbak","name":"","operator":"","osm_id":"node/12920181922"}},{"type":"Feature","geometry":{"type":"Point","coordinates":[5.088313,52.096649]},"properties":{"category":"glasbak","name":"","operator":"","osm_id":"node/12920181923"}},{"type":"Feature","geometry":{"type":"Point","coordinates":[5.086163,52.096453]},"properties":{"category":"glasbak","name":"","operator":"","osm_id":"node/12920181924"}},{"type":"Feature","geometry":{"type":"Point","coordinates":[5.083816,52.095051]},"properties":{"category":"glasbak","name":"","operator":"Leger des Heils","osm_id":"node/12920181925"}},{"type":"Feature","geometry":{"type":"Point","coordinates":[5.097601,52.086057]},"properties":{"category":"glasbak","name":"","operator":"","osm_id":"node/12920196524"}},{"type":"Feature","geometry":{"type":"Point","coordinates":[5.097638,52.086036]},"properties":{"category":"glasbak","name":"","operator":"","osm_id":"node/12920196525"}},{"type":"Feature","geometry":{"type":"Point","coordinates":[5.097662,52.086024]},"properties":{"category":"glasbak","name":"","operator":"","osm_id":"node/12920196526"}},{"type":"Feature","geometry":{"type":"Point","coordinates":[5.097494,52.087624]},"properties":{"category":"glasbak","name":"","operator":"","osm_id":"node/12920196527"}},{"type":"Feature","geometry":{"type":"Point","coordinates":[5.099574,52.08645]},"properties":{"category":"glasbak","name":"","operator":"","osm_id":"node/12920196528"}},{"type":"Feature","geometry":{"type":"Point","coordinates":[5.099588,52.086468]},"properties":{"category":"glasbak","name":"7903","operator":"","osm_id":"node/12920196529"}},{"type":"Feature","geometry":{"type":"Point","coordinates":[5.09976,52.087236]},"properties":{"category":"glasbak","name":"","operator":"","osm_id":"node/12920196530"}},{"type":"Feature","geometry":{"type":"Point","coordinates":[5.099861,52.087213]},"properties":{"category":"glasbak","name":"","operator":"","osm_id":"node/12920196531"}},{"type":"Feature","geometry":{"type":"Point","coordinates":[5.098924,52.088251]},"properties":{"category":"glasbak","name":"","operator":"","osm_id":"node/12920196532"}},{"type":"Feature","geometry":{"type":"Point","coordinates":[5.101447,52.089376]},"properties":{"category":"glasbak","name":"","operator":"","osm_id":"node/12920196533"}},{"type":"Feature","geometry":{"type":"Point","coordinates":[5.103445,52.089874]},"properties":{"category":"glasbak","name":"","operator":"","osm_id":"node/12920196534"}},{"type":"Feature","geometry":{"type":"Point","coordinates":[5.10996,52.114891]},"properties":{"category":"glasbak","name":"7902","operator":"","osm_id":"node/12920918214"}},{"type":"Feature","geometry":{"type":"Point","coordinates":[5.109939,52.114877]},"properties":{"category":"glasbak","name":"4568","operator":"","osm_id":"node/12920918215"}},{"type":"Feature","geometry":{"type":"Point","coordinates":[5.109918,52.114863]},"properties":{"category":"glasbak","name":"7596","operator":"","osm_id":"node/12920918216"}},{"type":"Feature","geometry":{"type":"Point","coordinates":[5.109882,52.114841]},"properties":{"category":"glasbak","name":"4824","operator":"","osm_id":"node/12920918217"}},{"type":"Feature","geometry":{"type":"Point","coordinates":[5.109789,52.114783]},"properties":{"category":"glasbak","name":"6745","operator":"","osm_id":"node/12920918218"}},{"type":"Feature","geometry":{"type":"Point","coordinates":[5.109813,52.114797]},"properties":{"category":"glasbak","name":"6981","operator":"","osm_id":"node/12920918219"}},{"type":"Feature","geometry":{"type":"Point","coordinates":[5.137474,52.075913]},"properties":{"category":"glasbak","name":"","operator":"","osm_id":"node/12920941217"}},{"type":"Feature","geometry":{"type":"Point","coordinates":[5.081464,52.098143]},"properties":{"category":"glasbak","name":"2663","operator":"","osm_id":"node/12920954523"}},{"type":"Feature","geometry":{"type":"Point","coordinates":[5.081495,52.09814]},"properties":{"category":"glasbak","name":"2768","operator":"","osm_id":"node/12920954524"}},{"type":"Feature","geometry":{"type":"Point","coordinates":[5.081528,52.098138]},"properties":{"category":"glasbak","name":"2769","operator":"","osm_id":"node/12920954525"}},{"type":"Feature","geometry":{"type":"Point","coordinates":[5.081563,52.098135]},"properties":{"category":"glasbak","name":"","operator":"","osm_id":"node/12920954526"}},{"type":"Feature","geometry":{"type":"Point","coordinates":[5.110261,52.092174]},"properties":{"category":"glasbak","name":"","operator":"","osm_id":"node/12920983586"}},{"type":"Feature","geometry":{"type":"Point","coordinates":[5.088618,52.092893]},"properties":{"category":"glasbak","name":"","operator":"","osm_id":"node/12921037107"}},{"type":"Feature","geometry":{"type":"Point","coordinates":[5.088648,52.092877]},"properties":{"category":"glasbak","name":"","operator":"","osm_id":"node/12921037108"}},{"type":"Feature","geometry":{"type":"Point","coordinates":[5.09083,52.092602]},"properties":{"category":"glasbak","name":"","operator":"","osm_id":"node/12921037109"}},{"type":"Feature","geometry":{"type":"Point","coordinates":[5.1007,52.088285]},"properties":{"category":"glasbak","name":"8132","operator":"","osm_id":"node/12921042861"}},{"type":"Feature","geometry":{"type":"Point","coordinates":[5.10068,52.08827]},"properties":{"category":"glasbak","name":"8168","operator":"","osm_id":"node/12921042862"}},{"type":"Feature","geometry":{"type":"Point","coordinates":[5.094761,52.08449]},"properties":{"category":"glasbak","name":"8163","operator":"","osm_id":"node/12925623440"}},{"type":"Feature","geometry":{"type":"Point","coordinates":[5.094782,52.084505]},"properties":{"category":"glasbak","name":"8095","operator":"","osm_id":"node/12925623441"}},{"type":"Feature","geometry":{"type":"Point","coordinates":[5.11212,52.084983]},"properties":{"category":"glasbak","name":"4872","operator":"","osm_id":"node/12941281382"}},{"type":"Feature","geometry":{"type":"Point","coordinates":[5.112137,52.084966]},"properties":{"category":"glasbak","name":"4896","operator":"","osm_id":"node/12941281383"}},{"type":"Feature","geometry":{"type":"Point","coordinates":[5.112073,52.084966]},"properties":{"category":"glasbak","name":"4906","operator":"","osm_id":"node/12941281384"}},{"type":"Feature","geometry":{"type":"Point","coordinates":[5.081857,52.092071]},"properties":{"category":"glasbak","name":"8148","operator":"","osm_id":"node/12943343634"}},{"type":"Feature","geometry":{"type":"Point","coordinates":[5.081863,52.092055]},"properties":{"category":"glasbak","name":"8143","operator":"","osm_id":"node/12943343635"}},{"type":"Feature","geometry":{"type":"Point","coordinates":[5.079347,52.091589]},"properties":{"category":"glasbak","name":"","operator":"","osm_id":"node/12943343636"}},{"type":"Feature","geometry":{"type":"Point","coordinates":[5.080332,52.09159]},"properties":{"category":"glasbak","name":"8177","operator":"","osm_id":"node/12943343637"}},{"type":"Feature","geometry":{"type":"Point","coordinates":[5.080336,52.091568]},"properties":{"category":"glasbak","name":"5002","operator":"","osm_id":"node/12943343638"}},{"type":"Feature","geometry":{"type":"Point","coordinates":[5.082314,52.090493]},"properties":{"category":"glasbak","name":"2657","operator":"","osm_id":"node/12943343639"}},{"type":"Feature","geometry":{"type":"Point","coordinates":[5.082251,52.090491]},"properties":{"category":"glasbak","name":"2763","operator":"","osm_id":"node/12943343640"}},{"type":"Feature","geometry":{"type":"Point","coordinates":[5.082283,52.090493]},"properties":{"category":"glasbak","name":"5621","operator":"","osm_id":"node/12943343641"}},{"type":"Feature","geometry":{"type":"Point","coordinates":[5.082377,52.090498]},"properties":{"category":"glasbak","name":"2659","operator":"","osm_id":"node/12943343642"}},{"type":"Feature","geometry":{"type":"Point","coordinates":[5.08222,52.090488]},"properties":{"category":"glasbak","name":"2764","operator":"","osm_id":"node/12943343643"}},{"type":"Feature","geometry":{"type":"Point","coordinates":[5.082133,52.090647]},"properties":{"category":"glasbak","name":"8147","operator":"","osm_id":"node/12943343644"}},{"type":"Feature","geometry":{"type":"Point","coordinates":[5.082102,52.090646]},"properties":{"category":"glasbak","name":"8138","operator":"","osm_id":"node/12943343645"}},{"type":"Feature","geometry":{"type":"Point","coordinates":[5.080447,52.090986]},"properties":{"category":"glasbak","name":"","operator":"","osm_id":"node/12943343646"}},{"type":"Feature","geometry":{"type":"Point","coordinates":[5.079568,52.090363]},"properties":{"category":"glasbak","name":"","operator":"","osm_id":"node/12943343647"}},{"type":"Feature","geometry":{"type":"Point","coordinates":[5.081483,52.090038]},"properties":{"category":"glasbak","name":"8151","operator":"","osm_id":"node/12943343648"}},{"type":"Feature","geometry":{"type":"Point","coordinates":[5.081512,52.090041]},"properties":{"category":"glasbak","name":"8091","operator":"","osm_id":"node/12943343649"}},{"type":"Feature","geometry":{"type":"Point","coordinates":[5.079784,52.089265]},"properties":{"category":"glasbak","name":"","operator":"","osm_id":"node/12943343650"}},{"type":"Feature","geometry":{"type":"Point","coordinates":[5.080741,52.089385]},"properties":{"category":"glasbak","name":"5114","operator":"","osm_id":"node/12943343651"}},{"type":"Feature","geometry":{"type":"Point","coordinates":[5.080738,52.089421]},"properties":{"category":"glasbak","name":"8093","operator":"","osm_id":"node/12943343652"}},{"type":"Feature","geometry":{"type":"Point","coordinates":[5.081661,52.089219]},"properties":{"category":"glasbak","name":"8089","operator":"","osm_id":"node/12943343653"}},{"type":"Feature","geometry":{"type":"Point","coordinates":[5.081665,52.0892]},"properties":{"category":"glasbak","name":"8099","operator":"","osm_id":"node/12943343654"}},{"type":"Feature","geometry":{"type":"Point","coordinates":[5.084064,52.090199]},"properties":{"category":"glasbak","name":"","operator":"","osm_id":"node/12943381520"}},{"type":"Feature","geometry":{"type":"Point","coordinates":[5.084354,52.090634]},"properties":{"category":"glasbak","name":"7076","operator":"","osm_id":"node/12943381521"}},{"type":"Feature","geometry":{"type":"Point","coordinates":[5.087356,52.090197]},"properties":{"category":"glasbak","name":"","operator":"","osm_id":"node/12943381522"}},{"type":"Feature","geometry":{"type":"Point","coordinates":[5.084776,52.088749]},"properties":{"category":"glasbak","name":"","operator":"","osm_id":"node/12943381523"}},{"type":"Feature","geometry":{"type":"Point","coordinates":[5.086328,52.088522]},"properties":{"category":"glasbak","name":"","operator":"","osm_id":"node/12943381524"}},{"type":"Feature","geometry":{"type":"Point","coordinates":[5.083739,52.087347]},"properties":{"category":"glasbak","name":"","operator":"","osm_id":"node/12943381525"}},{"type":"Feature","geometry":{"type":"Point","coordinates":[5.088427,52.087674]},"properties":{"category":"glasbak","name":"","operator":"","osm_id":"node/12943381526"}},{"type":"Feature","geometry":{"type":"Point","coordinates":[5.088525,52.087674]},"properties":{"category":"glasbak","name":"4817","operator":"","osm_id":"node/12943381527"}},{"type":"Feature","geometry":{"type":"Point","coordinates":[5.175399,52.085553]},"properties":{"category":"glasbak","name":"","operator":"","osm_id":"node/12943654941"}},{"type":"Feature","geometry":{"type":"Point","coordinates":[5.1754,52.085532]},"properties":{"category":"glasbak","name":"","operator":"","osm_id":"node/12943654942"}},{"type":"Feature","geometry":{"type":"Point","coordinates":[5.107297,52.086469]},"properties":{"category":"glasbak","name":"","operator":"","osm_id":"node/12943731886"}},{"type":"Feature","geometry":{"type":"Point","coordinates":[5.108128,52.08558]},"properties":{"category":"glasbak","name":"","operator":"","osm_id":"node/12943731887"}},{"type":"Feature","geometry":{"type":"Point","coordinates":[5.112012,52.084943]},"properties":{"category":"glasbak","name":"5170","operator":"","osm_id":"node/12943731888"}},{"type":"Feature","geometry":{"type":"Point","coordinates":[5.112027,52.084927]},"properties":{"category":"glasbak","name":"4800","operator":"","osm_id":"node/12943731889"}},{"type":"Feature","geometry":{"type":"Point","coordinates":[5.112089,52.084945]},"properties":{"category":"glasbak","name":"","operator":"","osm_id":"node/12943731890"}},{"type":"Feature","geometry":{"type":"Point","coordinates":[5.117477,52.089502]},"properties":{"category":"glasbak","name":"","operator":"","osm_id":"node/12943753164"}},{"type":"Feature","geometry":{"type":"Point","coordinates":[5.117507,52.089508]},"properties":{"category":"glasbak","name":"","operator":"","osm_id":"node/12943753165"}},{"type":"Feature","geometry":{"type":"Point","coordinates":[5.117537,52.089514]},"properties":{"category":"glasbak","name":"","operator":"","osm_id":"node/12943753166"}},{"type":"Feature","geometry":{"type":"Point","coordinates":[5.117566,52.089522]},"properties":{"category":"glasbak","name":"","operator":"","osm_id":"node/12943753167"}},{"type":"Feature","geometry":{"type":"Point","coordinates":[5.117606,52.08953]},"properties":{"category":"glasbak","name":"","operator":"","osm_id":"node/12943753168"}},{"type":"Feature","geometry":{"type":"Point","coordinates":[5.119568,52.088929]},"properties":{"category":"glasbak","name":"","operator":"","osm_id":"node/12943753169"}},{"type":"Feature","geometry":{"type":"Point","coordinates":[5.11954,52.088921]},"properties":{"category":"glasbak","name":"2746","operator":"","osm_id":"node/12943753170"}},{"type":"Feature","geometry":{"type":"Point","coordinates":[5.119506,52.088914]},"properties":{"category":"glasbak","name":"2745","operator":"","osm_id":"node/12943753171"}},{"type":"Feature","geometry":{"type":"Point","coordinates":[5.112683,52.088506]},"properties":{"category":"glasbak","name":"","operator":"","osm_id":"node/12943753959"}},{"type":"Feature","geometry":{"type":"Point","coordinates":[5.112708,52.088513]},"properties":{"category":"glasbak","name":"6426","operator":"","osm_id":"node/12943753960"}},{"type":"Feature","geometry":{"type":"Point","coordinates":[5.112735,52.088522]},"properties":{"category":"glasbak","name":"6431","operator":"","osm_id":"node/12943753961"}},{"type":"Feature","geometry":{"type":"Point","coordinates":[5.112727,52.088492]},"properties":{"category":"glasbak","name":"6164","operator":"","osm_id":"node/12943753962"}},{"type":"Feature","geometry":{"type":"Point","coordinates":[5.112701,52.088482]},"properties":{"category":"glasbak","name":"6110","operator":"","osm_id":"node/12943753963"}},{"type":"Feature","geometry":{"type":"Point","coordinates":[5.173738,52.085622]},"properties":{"category":"glasbak","name":"","operator":"","osm_id":"node/12943755166"}},{"type":"Feature","geometry":{"type":"Point","coordinates":[5.173739,52.085605]},"properties":{"category":"glasbak","name":"4657","operator":"","osm_id":"node/12943755167"}},{"type":"Feature","geometry":{"type":"Point","coordinates":[5.173737,52.085584]},"properties":{"category":"glasbak","name":"6043","operator":"","osm_id":"node/12943755168"}},{"type":"Feature","geometry":{"type":"Point","coordinates":[5.173737,52.085567]},"properties":{"category":"glasbak","name":"5280","operator":"","osm_id":"node/12943755169"}},{"type":"Feature","geometry":{"type":"Point","coordinates":[5.173738,52.085546]},"properties":{"category":"glasbak","name":"5284","operator":"","osm_id":"node/12943755170"}},{"type":"Feature","geometry":{"type":"Point","coordinates":[5.177958,52.081435]},"properties":{"category":"glasbak","name":"","operator":"","osm_id":"node/12943755171"}},{"type":"Feature","geometry":{"type":"Point","coordinates":[5.177987,52.081435]},"properties":{"category":"glasbak","name":"","operator":"","osm_id":"node/12943755172"}},{"type":"Feature","geometry":{"type":"Point","coordinates":[5.177956,52.081414]},"properties":{"category":"glasbak","name":"6065","operator":"","osm_id":"node/12943755173"}},{"type":"Feature","geometry":{"type":"Point","coordinates":[5.177988,52.081414]},"properties":{"category":"glasbak","name":"6009","operator":"","osm_id":"node/12943755174"}},{"type":"Feature","geometry":{"type":"Point","coordinates":[5.178022,52.081415]},"properties":{"category":"glasbak","name":"6330","operator":"","osm_id":"node/12943755175"}},{"type":"Feature","geometry":{"type":"Point","coordinates":[5.073986,52.095374]},"properties":{"category":"glasbak","name":"","operator":"","osm_id":"node/12943766789"}},{"type":"Feature","geometry":{"type":"Point","coordinates":[5.073957,52.095375]},"properties":{"category":"glasbak","name":"","operator":"","osm_id":"node/12943766790"}},{"type":"Feature","geometry":{"type":"Point","coordinates":[5.075214,52.095281]},"properties":{"category":"glasbak","name":"7275","operator":"","osm_id":"node/12943766791"}},{"type":"Feature","geometry":{"type":"Point","coordinates":[5.075244,52.095279]},"properties":{"category":"glasbak","name":"","operator":"","osm_id":"node/12943766792"}},{"type":"Feature","geometry":{"type":"Point","coordinates":[5.07262,52.095478]},"properties":{"category":"glasbak","name":"","operator":"","osm_id":"node/12943766793"}},{"type":"Feature","geometry":{"type":"Point","coordinates":[5.072648,52.095476]},"properties":{"category":"glasbak","name":"","operator":"","osm_id":"node/12943766795"}},{"type":"Feature","geometry":{"type":"Point","coordinates":[5.074595,52.096546]},"properties":{"category":"glasbak","name":"","operator":"","osm_id":"node/12943766796"}},{"type":"Feature","geometry":{"type":"Point","coordinates":[5.074624,52.096544]},"properties":{"category":"glasbak","name":"","operator":"","osm_id":"node/12943766797"}},{"type":"Feature","geometry":{"type":"Point","coordinates":[5.075545,52.094792]},"properties":{"category":"glasbak","name":"4825","operator":"","osm_id":"node/12943766798"}},{"type":"Feature","geometry":{"type":"Point","coordinates":[5.075584,52.094982]},"properties":{"category":"glasbak","name":"6270","operator":"","osm_id":"node/12943766799"}},{"type":"Feature","geometry":{"type":"Point","coordinates":[5.075549,52.094811]},"properties":{"category":"glasbak","name":"4927","operator":"","osm_id":"node/12943766800"}},{"type":"Feature","geometry":{"type":"Point","coordinates":[5.11228,52.093959]},"properties":{"category":"glasbak","name":"","operator":"","osm_id":"node/12943775380"}},{"type":"Feature","geometry":{"type":"Point","coordinates":[5.114486,52.094113]},"properties":{"category":"glasbak","name":"4043","operator":"","osm_id":"node/12943775381"}},{"type":"Feature","geometry":{"type":"Point","coordinates":[5.11449,52.094095]},"properties":{"category":"glasbak","name":"4042","operator":"","osm_id":"node/12943775382"}},{"type":"Feature","geometry":{"type":"Point","coordinates":[5.113359,52.094826]},"properties":{"category":"glasbak","name":"4059","operator":"","osm_id":"node/12943775383"}},{"type":"Feature","geometry":{"type":"Point","coordinates":[5.113363,52.094806]},"properties":{"category":"glasbak","name":"4058","operator":"","osm_id":"node/12943775384"}},{"type":"Feature","geometry":{"type":"Point","coordinates":[5.112792,52.095737]},"properties":{"category":"glasbak","name":"4062","operator":"","osm_id":"node/12943775385"}},{"type":"Feature","geometry":{"type":"Point","coordinates":[5.11278,52.095754]},"properties":{"category":"glasbak","name":"","operator":"","osm_id":"node/12943775386"}},{"type":"Feature","geometry":{"type":"Point","coordinates":[5.115717,52.096334]},"properties":{"category":"glasbak","name":"4060","operator":"","osm_id":"node/12943775387"}},{"type":"Feature","geometry":{"type":"Point","coordinates":[5.115739,52.096319]},"properties":{"category":"glasbak","name":"4061","operator":"","osm_id":"node/12943775388"}},{"type":"Feature","geometry":{"type":"Point","coordinates":[5.113616,52.096833]},"properties":{"category":"glasbak","name":"","operator":"","osm_id":"node/12943775389"}},{"type":"Feature","geometry":{"type":"Point","coordinates":[5.069888,52.097785]},"properties":{"category":"glasbak","name":"6620","operator":"","osm_id":"node/12943832576"}},{"type":"Feature","geometry":{"type":"Point","coordinates":[5.069913,52.097793]},"properties":{"category":"glasbak","name":"6594","operator":"","osm_id":"node/12943832577"}},{"type":"Feature","geometry":{"type":"Point","coordinates":[5.069941,52.0978]},"properties":{"category":"glasbak","name":"","operator":"","osm_id":"node/12943832578"}},{"type":"Feature","geometry":{"type":"Point","coordinates":[5.075555,52.094841]},"properties":{"category":"glasbak","name":"4997","operator":"","osm_id":"node/12943838401"}},{"type":"Feature","geometry":{"type":"Point","coordinates":[5.075559,52.09486]},"properties":{"category":"glasbak","name":"5006","operator":"","osm_id":"node/12943838402"}},{"type":"Feature","geometry":{"type":"Point","coordinates":[5.075571,52.094918]},"properties":{"category":"glasbak","name":"5096","operator":"","osm_id":"node/12943838403"}},{"type":"Feature","geometry":{"type":"Point","coordinates":[5.075575,52.094935]},"properties":{"category":"glasbak","name":"5128","operator":"","osm_id":"node/12943838404"}},{"type":"Feature","geometry":{"type":"Point","coordinates":[5.075581,52.094966]},"properties":{"category":"glasbak","name":"5062","operator":"","osm_id":"node/12943838405"}},{"type":"Feature","geometry":{"type":"Point","coordinates":[5.074393,52.093813]},"properties":{"category":"glasbak","name":"7324","operator":"","osm_id":"node/12943838406"}},{"type":"Feature","geometry":{"type":"Point","coordinates":[5.074434,52.093822]},"properties":{"category":"glasbak","name":"7325","operator":"","osm_id":"node/12943838407"}},{"type":"Feature","geometry":{"type":"Point","coordinates":[5.074465,52.093794]},"properties":{"category":"glasbak","name":"7326","operator":"","osm_id":"node/12943838408"}},{"type":"Feature","geometry":{"type":"Point","coordinates":[5.074508,52.093803]},"properties":{"category":"glasbak","name":"7215","operator":"","osm_id":"node/12943838409"}},{"type":"Feature","geometry":{"type":"Point","coordinates":[5.075317,52.092554]},"properties":{"category":"glasbak","name":"6324","operator":"","osm_id":"node/12943838410"}},{"type":"Feature","geometry":{"type":"Point","coordinates":[5.075336,52.092522]},"properties":{"category":"glasbak","name":"5351","operator":"","osm_id":"node/12943838411"}},{"type":"Feature","geometry":{"type":"Point","coordinates":[5.075396,52.092537]},"properties":{"category":"glasbak","name":"4665","operator":"","osm_id":"node/12943838412"}},{"type":"Feature","geometry":{"type":"Point","coordinates":[5.075405,52.092519]},"properties":{"category":"glasbak","name":"5314","operator":"","osm_id":"node/12943838413"}},{"type":"Feature","geometry":{"type":"Point","coordinates":[5.124461,52.071861]},"properties":{"category":"glasbak","name":"0397","operator":"","osm_id":"node/12944465584"}},{"type":"Feature","geometry":{"type":"Point","coordinates":[5.124436,52.071868]},"properties":{"category":"glasbak","name":"7213","operator":"","osm_id":"node/12944465585"}},{"type":"Feature","geometry":{"type":"Point","coordinates":[5.124166,52.071947]},"properties":{"category":"glasbak","name":"5602","operator":"","osm_id":"node/12944465586"}},{"type":"Feature","geometry":{"type":"Point","coordinates":[5.12419,52.07194]},"properties":{"category":"glasbak","name":"5603","operator":"","osm_id":"node/12944465587"}},{"type":"Feature","geometry":{"type":"Point","coordinates":[5.124229,52.071929]},"properties":{"category":"glasbak","name":"5604","operator":"","osm_id":"node/12944465588"}},{"type":"Feature","geometry":{"type":"Point","coordinates":[5.124252,52.07192]},"properties":{"category":"glasbak","name":"5605","operator":"","osm_id":"node/12944465589"}},{"type":"Feature","geometry":{"type":"Point","coordinates":[5.124276,52.071915]},"properties":{"category":"glasbak","name":"0877","operator":"","osm_id":"node/12944465590"}},{"type":"Feature","geometry":{"type":"Point","coordinates":[5.082833,52.08677]},"properties":{"category":"glasbak","name":"","operator":"","osm_id":"node/12944538913"}},{"type":"Feature","geometry":{"type":"Point","coordinates":[5.080687,52.086045]},"properties":{"category":"glasbak","name":"","operator":"","osm_id":"node/12944538914"}},{"type":"Feature","geometry":{"type":"Point","coordinates":[5.084525,52.086031]},"properties":{"category":"glasbak","name":"","operator":"","osm_id":"node/12944538915"}},{"type":"Feature","geometry":{"type":"Point","coordinates":[5.088878,52.086243]},"properties":{"category":"glasbak","name":"","operator":"","osm_id":"node/12944538916"}},{"type":"Feature","geometry":{"type":"Point","coordinates":[5.077704,52.085391]},"properties":{"category":"glasbak","name":"7604","operator":"","osm_id":"node/12944538917"}},{"type":"Feature","geometry":{"type":"Point","coordinates":[5.077736,52.085394]},"properties":{"category":"glasbak","name":"","operator":"","osm_id":"node/12944538918"}},{"type":"Feature","geometry":{"type":"Point","coordinates":[5.07771,52.085363]},"properties":{"category":"glasbak","name":"7945","operator":"","osm_id":"node/12944538919"}},{"type":"Feature","geometry":{"type":"Point","coordinates":[5.077743,52.085366]},"properties":{"category":"glasbak","name":"7944","operator":"","osm_id":"node/12944538920"}},{"type":"Feature","geometry":{"type":"Point","coordinates":[5.076096,52.086706]},"properties":{"category":"glasbak","name":"8144","operator":"","osm_id":"node/12944538921"}},{"type":"Feature","geometry":{"type":"Point","coordinates":[5.076105,52.086686]},"properties":{"category":"glasbak","name":"7631","operator":"","osm_id":"node/12944538922"}},{"type":"Feature","geometry":{"type":"Point","coordinates":[5.076117,52.086667]},"properties":{"category":"glasbak","name":"7613","operator":"","osm_id":"node/12944538923"}},{"type":"Feature","geometry":{"type":"Point","coordinates":[5.076125,52.086648]},"properties":{"category":"glasbak","name":"","operator":"","osm_id":"node/12944538924"}},{"type":"Feature","geometry":{"type":"Point","coordinates":[5.078265,52.086316]},"properties":{"category":"glasbak","name":"","operator":"","osm_id":"node/12944538925"}},{"type":"Feature","geometry":{"type":"Point","coordinates":[5.08662,52.08522]},"properties":{"category":"glasbak","name":"","operator":"","osm_id":"node/12944538926"}},{"type":"Feature","geometry":{"type":"Point","coordinates":[5.084363,52.084783]},"properties":{"category":"glasbak","name":"","operator":"","osm_id":"node/12944538927"}},{"type":"Feature","geometry":{"type":"Point","coordinates":[5.083326,52.08435]},"properties":{"category":"glasbak","name":"","operator":"","osm_id":"node/12944538928"}},{"type":"Feature","geometry":{"type":"Point","coordinates":[5.083274,52.084333]},"properties":{"category":"glasbak","name":"2767","operator":"","osm_id":"node/12944538929"}},{"type":"Feature","geometry":{"type":"Point","coordinates":[5.082373,52.084485]},"properties":{"category":"glasbak","name":"7084","operator":"","osm_id":"node/12944538930"}},{"type":"Feature","geometry":{"type":"Point","coordinates":[5.082406,52.084487]},"properties":{"category":"glasbak","name":"7083","operator":"","osm_id":"node/12944538931"}},{"type":"Feature","geometry":{"type":"Point","coordinates":[5.080987,52.084386]},"properties":{"category":"glasbak","name":"","operator":"","osm_id":"node/12944538932"}},{"type":"Feature","geometry":{"type":"Point","coordinates":[5.086027,52.084106]},"properties":{"category":"glasbak","name":"","operator":"","osm_id":"node/12944538933"}},{"type":"Feature","geometry":{"type":"Point","coordinates":[5.088779,52.08396]},"properties":{"category":"glasbak","name":"","operator":"","osm_id":"node/12944538934"}},{"type":"Feature","geometry":{"type":"Point","coordinates":[5.088494,52.08146]},"properties":{"category":"glasbak","name":"","operator":"","osm_id":"node/12944538935"}},{"type":"Feature","geometry":{"type":"Point","coordinates":[5.089715,52.083311]},"properties":{"category":"glasbak","name":"","operator":"","osm_id":"node/12944538936"}},{"type":"Feature","geometry":{"type":"Point","coordinates":[5.091714,52.082818]},"properties":{"category":"glasbak","name":"","operator":"","osm_id":"node/12944538937"}},{"type":"Feature","geometry":{"type":"Point","coordinates":[5.091643,52.082858]},"properties":{"category":"glasbak","name":"6171","operator":"","osm_id":"node/12944538938"}},{"type":"Feature","geometry":{"type":"Point","coordinates":[5.091667,52.082844]},"properties":{"category":"glasbak","name":"4603","operator":"","osm_id":"node/12944538939"}},{"type":"Feature","geometry":{"type":"Point","coordinates":[5.09249,52.08371]},"properties":{"category":"glasbak","name":"8175","operator":"","osm_id":"node/12944538940"}},{"type":"Feature","geometry":{"type":"Point","coordinates":[5.092511,52.083724]},"properties":{"category":"glasbak","name":"8083","operator":"","osm_id":"node/12944538941"}},{"type":"Feature","geometry":{"type":"Point","coordinates":[5.093004,52.083886]},"properties":{"category":"glasbak","name":"","operator":"","osm_id":"node/12944538942"}},{"type":"Feature","geometry":{"type":"Point","coordinates":[5.093027,52.083876]},"properties":{"category":"glasbak","name":"5117","operator":"","osm_id":"node/12944538943"}},{"type":"Feature","geometry":{"type":"Point","coordinates":[5.092986,52.083873]},"properties":{"category":"glasbak","name":"4139","operator":"","osm_id":"node/12944538944"}},{"type":"Feature","geometry":{"type":"Point","coordinates":[5.093008,52.083861]},"properties":{"category":"glasbak","name":"4140","operator":"","osm_id":"node/12944538945"}},{"type":"Feature","geometry":{"type":"Point","coordinates":[5.093167,52.084214]},"properties":{"category":"glasbak","name":"","operator":"","osm_id":"node/12944538946"}},{"type":"Feature","geometry":{"type":"Point","coordinates":[5.093198,52.08423]},"properties":{"category":"glasbak","name":"","operator":"","osm_id":"node/12944538947"}},{"type":"Feature","geometry":{"type":"Point","coordinates":[5.096566,52.083111]},"properties":{"category":"glasbak","name":"1074","operator":"","osm_id":"node/12944637265"}},{"type":"Feature","geometry":{"type":"Point","coordinates":[5.097238,52.082816]},"properties":{"category":"glasbak","name":"","operator":"","osm_id":"node/12944637266"}},{"type":"Feature","geometry":{"type":"Point","coordinates":[5.093522,52.081707]},"properties":{"category":"glasbak","name":"","operator":"","osm_id":"node/12944637267"}},{"type":"Feature","geometry":{"type":"Point","coordinates":[5.095144,52.080687]},"properties":{"category":"glasbak","name":"4155","operator":"","osm_id":"node/12944637268"}},{"type":"Feature","geometry":{"type":"Point","coordinates":[5.095159,52.080671]},"properties":{"category":"glasbak","name":"4163","operator":"","osm_id":"node/12944637269"}},{"type":"Feature","geometry":{"type":"Point","coordinates":[5.09583,52.081042]},"properties":{"category":"glasbak","name":"","operator":"","osm_id":"node/12944637270"}},{"type":"Feature","geometry":{"type":"Point","coordinates":[5.092948,52.08032]},"properties":{"category":"glasbak","name":"4196","operator":"","osm_id":"node/12944637271"}},{"type":"Feature","geometry":{"type":"Point","coordinates":[5.095693,52.078958]},"properties":{"category":"glasbak","name":"3718","operator":"","osm_id":"node/12944637272"}},{"type":"Feature","geometry":{"type":"Point","coordinates":[5.095696,52.078778]},"properties":{"category":"glasbak","name":"3726","operator":"","osm_id":"node/12944637273"}},{"type":"Feature","geometry":{"type":"Point","coordinates":[5.095712,52.078756]},"properties":{"category":"glasbak","name":"3727","operator":"","osm_id":"node/12944637274"}},{"type":"Feature","geometry":{"type":"Point","coordinates":[5.096523,52.079604]},"properties":{"category":"glasbak","name":"3722","operator":"","osm_id":"node/12944637275"}},{"type":"Feature","geometry":{"type":"Point","coordinates":[5.09654,52.079583]},"properties":{"category":"glasbak","name":"3721","operator":"","osm_id":"node/12944637276"}},{"type":"Feature","geometry":{"type":"Point","coordinates":[5.096859,52.079242]},"properties":{"category":"glasbak","name":"","operator":"","osm_id":"node/12944637277"}},{"type":"Feature","geometry":{"type":"Point","coordinates":[5.096875,52.079224]},"properties":{"category":"glasbak","name":"","operator":"","osm_id":"node/12944637278"}},{"type":"Feature","geometry":{"type":"Point","coordinates":[5.097161,52.07891]},"properties":{"category":"glasbak","name":"3729","operator":"","osm_id":"node/12944637279"}},{"type":"Feature","geometry":{"type":"Point","coordinates":[5.097176,52.078892]},"properties":{"category":"glasbak","name":"3728","operator":"","osm_id":"node/12944637280"}},{"type":"Feature","geometry":{"type":"Point","coordinates":[5.098446,52.077525]},"properties":{"category":"glasbak","name":"","operator":"","osm_id":"node/12944637281"}},{"type":"Feature","geometry":{"type":"Point","coordinates":[5.0974,52.077078]},"properties":{"category":"glasbak","name":"3734","operator":"","osm_id":"node/12944637282"}},{"type":"Feature","geometry":{"type":"Point","coordinates":[5.095337,52.075557]},"properties":{"category":"glasbak","name":"8176","operator":"","osm_id":"node/12944637283"}},{"type":"Feature","geometry":{"type":"Point","coordinates":[5.094634,52.075571]},"properties":{"category":"glasbak","name":"0480","operator":"","osm_id":"node/12944637284"}},{"type":"Feature","geometry":{"type":"Point","coordinates":[5.094613,52.075564]},"properties":{"category":"glasbak","name":"3336","operator":"","osm_id":"node/12944637285"}},{"type":"Feature","geometry":{"type":"Point","coordinates":[5.09459,52.075555]},"properties":{"category":"glasbak","name":"3331","operator":"","osm_id":"node/12944637286"}},{"type":"Feature","geometry":{"type":"Point","coordinates":[5.094562,52.075545]},"properties":{"category":"glasbak","name":"0304","operator":"","osm_id":"node/12944637287"}},{"type":"Feature","geometry":{"type":"Point","coordinates":[5.097028,52.075583]},"properties":{"category":"glasbak","name":"3737","operator":"","osm_id":"node/12944637288"}},{"type":"Feature","geometry":{"type":"Point","coordinates":[5.097056,52.075592]},"properties":{"category":"glasbak","name":"3736","operator":"","osm_id":"node/12944637289"}},{"type":"Feature","geometry":{"type":"Point","coordinates":[5.097042,52.075611]},"properties":{"category":"glasbak","name":"3735","operator":"","osm_id":"node/12944637290"}},{"type":"Feature","geometry":{"type":"Point","coordinates":[5.099173,52.075149]},"properties":{"category":"glasbak","name":"","operator":"","osm_id":"node/12944637291"}},{"type":"Feature","geometry":{"type":"Point","coordinates":[5.098414,52.075661]},"properties":{"category":"glasbak","name":"3739","operator":"","osm_id":"node/12944637292"}},{"type":"Feature","geometry":{"type":"Point","coordinates":[5.098428,52.075646]},"properties":{"category":"glasbak","name":"3738","operator":"","osm_id":"node/12944637293"}},{"type":"Feature","geometry":{"type":"Point","coordinates":[5.099972,52.075946]},"properties":{"category":"glasbak","name":"0315","operator":"","osm_id":"node/12944637294"}},{"type":"Feature","geometry":{"type":"Point","coordinates":[5.100009,52.075905]},"properties":{"category":"glasbak","name":"0709","operator":"","osm_id":"node/12944637295"}},{"type":"Feature","geometry":{"type":"Point","coordinates":[5.099986,52.075932]},"properties":{"category":"glasbak","name":"0861","operator":"","osm_id":"node/12944637296"}},{"type":"Feature","geometry":{"type":"Point","coordinates":[5.099998,52.075919]},"properties":{"category":"glasbak","name":"0708","operator":"","osm_id":"node/12944637297"}},{"type":"Feature","geometry":{"type":"Point","coordinates":[5.100024,52.075892]},"properties":{"category":"glasbak","name":"","operator":"","osm_id":"node/12944637298"}},{"type":"Feature","geometry":{"type":"Point","coordinates":[5.101606,52.076078]},"properties":{"category":"glasbak","name":"","operator":"","osm_id":"node/12944637299"}},{"type":"Feature","geometry":{"type":"Point","coordinates":[5.103199,52.076537]},"properties":{"category":"glasbak","name":"","operator":"","osm_id":"node/12944637300"}},{"type":"Feature","geometry":{"type":"Point","coordinates":[5.103604,52.077681]},"properties":{"category":"glasbak","name":"","operator":"","osm_id":"node/12944638901"}},{"type":"Feature","geometry":{"type":"Point","coordinates":[5.100157,52.076824]},"properties":{"category":"glasbak","name":"","operator":"","osm_id":"node/12944638902"}},{"type":"Feature","geometry":{"type":"Point","coordinates":[5.10082,52.078059]},"properties":{"category":"glasbak","name":"","operator":"","osm_id":"node/12944638903"}},{"type":"Feature","geometry":{"type":"Point","coordinates":[5.102451,52.078633]},"properties":{"category":"glasbak","name":"","operator":"","osm_id":"node/12944638904"}},{"type":"Feature","geometry":{"type":"Point","coordinates":[5.103721,52.079054]},"properties":{"category":"glasbak","name":"","operator":"","osm_id":"node/12944638905"}},{"type":"Feature","geometry":{"type":"Point","coordinates":[5.103711,52.079065]},"properties":{"category":"glasbak","name":"","operator":"","osm_id":"node/12944638906"}},{"type":"Feature","geometry":{"type":"Point","coordinates":[5.103696,52.079077]},"properties":{"category":"glasbak","name":"","operator":"","osm_id":"node/12944638907"}},{"type":"Feature","geometry":{"type":"Point","coordinates":[5.103687,52.079092]},"properties":{"category":"glasbak","name":"","operator":"","osm_id":"node/12944638908"}},{"type":"Feature","geometry":{"type":"Point","coordinates":[5.103675,52.079105]},"properties":{"category":"glasbak","name":"","operator":"","osm_id":"node/12944638909"}},{"type":"Feature","geometry":{"type":"Point","coordinates":[5.103664,52.079119]},"properties":{"category":"glasbak","name":"","operator":"","osm_id":"node/12944638910"}},{"type":"Feature","geometry":{"type":"Point","coordinates":[5.103653,52.079131]},"properties":{"category":"glasbak","name":"","operator":"","osm_id":"node/12944638911"}},{"type":"Feature","geometry":{"type":"Point","coordinates":[5.104047,52.080529]},"properties":{"category":"glasbak","name":"","operator":"","osm_id":"node/12944638912"}},{"type":"Feature","geometry":{"type":"Point","coordinates":[5.104028,52.080509]},"properties":{"category":"glasbak","name":"","operator":"","osm_id":"node/12944638913"}},{"type":"Feature","geometry":{"type":"Point","coordinates":[5.102696,52.075642]},"properties":{"category":"glasbak","name":"","operator":"","osm_id":"node/12944638914"}},{"type":"Feature","geometry":{"type":"Point","coordinates":[5.089799,52.080009]},"properties":{"category":"glasbak","name":"5364","operator":"","osm_id":"node/12944792029"}},{"type":"Feature","geometry":{"type":"Point","coordinates":[5.089815,52.079993]},"properties":{"category":"glasbak","name":"5464","operator":"","osm_id":"node/12944792030"}},{"type":"Feature","geometry":{"type":"Point","coordinates":[5.089827,52.079974]},"properties":{"category":"glasbak","name":"6018","operator":"","osm_id":"node/12944792031"}},{"type":"Feature","geometry":{"type":"Point","coordinates":[5.090613,52.079]},"properties":{"category":"glasbak","name":"5362","operator":"","osm_id":"node/12944792032"}},{"type":"Feature","geometry":{"type":"Point","coordinates":[5.090628,52.078984]},"properties":{"category":"glasbak","name":"5276","operator":"","osm_id":"node/12944792033"}},{"type":"Feature","geometry":{"type":"Point","coordinates":[5.08764,52.077906]},"properties":{"category":"glasbak","name":"","operator":"Leger des Heils","osm_id":"node/12944792034"}},{"type":"Feature","geometry":{"type":"Point","coordinates":[5.092375,52.073351]},"properties":{"category":"glasbak","name":"4943","operator":"","osm_id":"node/12944792035"}},{"type":"Feature","geometry":{"type":"Point","coordinates":[5.092393,52.073333]},"properties":{"category":"glasbak","name":"4837","operator":"","osm_id":"node/12944792036"}},{"type":"Feature","geometry":{"type":"Point","coordinates":[5.09242,52.073341]},"properties":{"category":"glasbak","name":"","operator":"","osm_id":"node/12944792037"}},{"type":"Feature","geometry":{"type":"Point","coordinates":[5.087961,52.073005]},"properties":{"category":"glasbak","name":"4124","operator":"","osm_id":"node/12944792038"}},{"type":"Feature","geometry":{"type":"Point","coordinates":[5.087975,52.072986]},"properties":{"category":"glasbak","name":"4137","operator":"","osm_id":"node/12944792039"}},{"type":"Feature","geometry":{"type":"Point","coordinates":[5.107487,52.078242]},"properties":{"category":"glasbak","name":"5179","operator":"","osm_id":"node/12944860188"}},{"type":"Feature","geometry":{"type":"Point","coordinates":[5.107458,52.078235]},"properties":{"category":"glasbak","name":"5178","operator":"","osm_id":"node/12944860189"}},{"type":"Feature","geometry":{"type":"Point","coordinates":[5.107429,52.078227]},"properties":{"category":"glasbak","name":"","operator":"","osm_id":"node/12944860190"}},{"type":"Feature","geometry":{"type":"Point","coordinates":[5.101245,52.074509]},"properties":{"category":"glasbak","name":"","operator":"","osm_id":"node/12944865453"}},{"type":"Feature","geometry":{"type":"Point","coordinates":[5.101613,52.074203]},"properties":{"category":"glasbak","name":"4181","operator":"","osm_id":"node/12944865454"}},{"type":"Feature","geometry":{"type":"Point","coordinates":[5.101532,52.074135]},"properties":{"category":"glasbak","name":"","operator":"","osm_id":"node/12944865455"}},{"type":"Feature","geometry":{"type":"Point","coordinates":[5.104713,52.074848]},"properties":{"category":"glasbak","name":"","operator":"","osm_id":"node/12944865456"}},{"type":"Feature","geometry":{"type":"Point","coordinates":[5.104724,52.07482]},"properties":{"category":"glasbak","name":"","operator":"","osm_id":"node/12944865457"}},{"type":"Feature","geometry":{"type":"Point","coordinates":[5.10376,52.072589]},"properties":{"category":"glasbak","name":"","operator":"","osm_id":"node/12944865458"}},{"type":"Feature","geometry":{"type":"Point","coordinates":[5.095842,52.073506]},"properties":{"category":"glasbak","name":"4207","operator":"","osm_id":"node/12945133166"}},{"type":"Feature","geometry":{"type":"Point","coordinates":[5.095851,52.073523]},"properties":{"category":"glasbak","name":"3933","operator":"","osm_id":"node/12945133167"}},{"type":"Feature","geometry":{"type":"Point","coordinates":[5.095857,52.073541]},"properties":{"category":"glasbak","name":"3930","operator":"","osm_id":"node/12945133168"}},{"type":"Feature","geometry":{"type":"Point","coordinates":[5.094684,52.071709]},"properties":{"category":"glasbak","name":"4849","operator":"","osm_id":"node/12945133169"}},{"type":"Feature","geometry":{"type":"Point","coordinates":[5.094724,52.071701]},"properties":{"category":"glasbak","name":"","operator":"","osm_id":"node/12945133170"}},{"type":"Feature","geometry":{"type":"Point","coordinates":[5.091738,52.070786]},"properties":{"category":"glasbak","name":"2446","operator":"","osm_id":"node/12945133171"}},{"type":"Feature","geometry":{"type":"Point","coordinates":[5.091766,52.070794]},"properties":{"category":"glasbak","name":"2447","operator":"","osm_id":"node/12945133172"}},{"type":"Feature","geometry":{"type":"Point","coordinates":[5.090902,52.069856]},"properties":{"category":"glasbak","name":"","operator":"","osm_id":"node/12945133173"}},{"type":"Feature","geometry":{"type":"Point","coordinates":[5.09093,52.069866]},"properties":{"category":"glasbak","name":"","operator":"","osm_id":"node/12945133174"}},{"type":"Feature","geometry":{"type":"Point","coordinates":[5.091404,52.069348]},"properties":{"category":"glasbak","name":"","operator":"","osm_id":"node/12945133175"}},{"type":"Feature","geometry":{"type":"Point","coordinates":[5.098032,52.071768]},"properties":{"category":"glasbak","name":"3613","operator":"","osm_id":"node/12945133176"}},{"type":"Feature","geometry":{"type":"Point","coordinates":[5.098062,52.071777]},"properties":{"category":"glasbak","name":"","operator":"","osm_id":"node/12945133177"}},{"type":"Feature","geometry":{"type":"Point","coordinates":[5.092401,52.068232]},"properties":{"category":"glasbak","name":"3634","operator":"","osm_id":"node/12945133178"}},{"type":"Feature","geometry":{"type":"Point","coordinates":[5.092429,52.068242]},"properties":{"category":"glasbak","name":"3633","operator":"","osm_id":"node/12945133179"}},{"type":"Feature","geometry":{"type":"Point","coordinates":[5.094459,52.067678]},"properties":{"category":"glasbak","name":"3636","operator":"","osm_id":"node/12945133180"}},{"type":"Feature","geometry":{"type":"Point","coordinates":[5.094486,52.067686]},"properties":{"category":"glasbak","name":"3635","operator":"","osm_id":"node/12945133181"}},{"type":"Feature","geometry":{"type":"Point","coordinates":[5.097141,52.069253]},"properties":{"category":"glasbak","name":"0376","operator":"","osm_id":"node/12945133182"}},{"type":"Feature","geometry":{"type":"Point","coordinates":[5.097166,52.069225]},"properties":{"category":"glasbak","name":"0497","operator":"","osm_id":"node/12945133183"}},{"type":"Feature","geometry":{"type":"Point","coordinates":[5.097153,52.06924]},"properties":{"category":"glasbak","name":"0479","operator":"","osm_id":"node/12945133184"}},{"type":"Feature","geometry":{"type":"Point","coordinates":[5.097207,52.069181]},"properties":{"category":"glasbak","name":"3626","operator":"","osm_id":"node/12945133185"}},{"type":"Feature","geometry":{"type":"Point","coordinates":[5.097192,52.069196]},"properties":{"category":"glasbak","name":"6328","operator":"","osm_id":"node/12945133186"}},{"type":"Feature","geometry":{"type":"Point","coordinates":[5.097179,52.069211]},"properties":{"category":"glasbak","name":"","operator":"","osm_id":"node/12945133187"}},{"type":"Feature","geometry":{"type":"Point","coordinates":[5.097999,52.068353]},"properties":{"category":"glasbak","name":"","operator":"","osm_id":"node/12945133188"}},{"type":"Feature","geometry":{"type":"Point","coordinates":[5.094924,52.065562]},"properties":{"category":"glasbak","name":"3652","operator":"","osm_id":"node/12945133189"}},{"type":"Feature","geometry":{"type":"Point","coordinates":[5.094898,52.065551]},"properties":{"category":"glasbak","name":"3653","operator":"","osm_id":"node/12945133190"}},{"type":"Feature","geometry":{"type":"Point","coordinates":[5.096153,52.064198]},"properties":{"category":"glasbak","name":"3655","operator":"","osm_id":"node/12945133191"}},{"type":"Feature","geometry":{"type":"Point","coordinates":[5.096177,52.064204]},"properties":{"category":"glasbak","name":"3654","operator":"","osm_id":"node/12945133192"}},{"type":"Feature","geometry":{"type":"Point","coordinates":[5.098224,52.066644]},"properties":{"category":"glasbak","name":"0332","operator":"","osm_id":"node/12945133193"}},{"type":"Feature","geometry":{"type":"Point","coordinates":[5.09818,52.066628]},"properties":{"category":"glasbak","name":"0865","operator":"","osm_id":"node/12945133194"}},{"type":"Feature","geometry":{"type":"Point","coordinates":[5.111443,52.065758]},"properties":{"category":"glasbak","name":"4594","operator":"","osm_id":"node/12945137772"}},{"type":"Feature","geometry":{"type":"Point","coordinates":[5.111449,52.065739]},"properties":{"category":"glasbak","name":"4866","operator":"","osm_id":"node/12945137773"}},{"type":"Feature","geometry":{"type":"Point","coordinates":[5.111416,52.065736]},"properties":{"category":"glasbak","name":"5154","operator":"","osm_id":"node/12945137774"}},{"type":"Feature","geometry":{"type":"Point","coordinates":[5.111385,52.065731]},"properties":{"category":"glasbak","name":"5026","operator":"","osm_id":"node/12945137775"}},{"type":"Feature","geometry":{"type":"Point","coordinates":[5.111379,52.065752]},"properties":{"category":"glasbak","name":"","operator":"","osm_id":"node/12945137776"}},{"type":"Feature","geometry":{"type":"Point","coordinates":[5.111409,52.065756]},"properties":{"category":"glasbak","name":"","operator":"","osm_id":"node/12945137777"}},{"type":"Feature","geometry":{"type":"Point","coordinates":[5.068217,52.10577]},"properties":{"category":"glasbak","name":"","operator":"","osm_id":"node/12945217595"}},{"type":"Feature","geometry":{"type":"Point","coordinates":[4.996193,52.120397]},"properties":{"category":"glasbak","name":"3583","operator":"","osm_id":"node/12945241327"}},{"type":"Feature","geometry":{"type":"Point","coordinates":[4.996202,52.120412]},"properties":{"category":"glasbak","name":"3584","operator":"","osm_id":"node/12945241328"}},{"type":"Feature","geometry":{"type":"Point","coordinates":[4.996212,52.120428]},"properties":{"category":"glasbak","name":"","operator":"","osm_id":"node/12945241329"}},{"type":"Feature","geometry":{"type":"Point","coordinates":[4.998569,52.122169]},"properties":{"category":"glasbak","name":"","operator":"","osm_id":"node/12945241330"}},{"type":"Feature","geometry":{"type":"Point","coordinates":[5.006685,52.115021]},"properties":{"category":"glasbak","name":"4761","operator":"","osm_id":"node/12945264855"}},{"type":"Feature","geometry":{"type":"Point","coordinates":[5.006715,52.115014]},"properties":{"category":"glasbak","name":"4771","operator":"","osm_id":"node/12945264856"}},{"type":"Feature","geometry":{"type":"Point","coordinates":[5.008976,52.114537]},"properties":{"category":"glasbak","name":"","operator":"","osm_id":"node/12945264857"}},{"type":"Feature","geometry":{"type":"Point","coordinates":[5.01147,52.114256]},"properties":{"category":"glasbak","name":"","operator":"","osm_id":"node/12945264858"}},{"type":"Feature","geometry":{"type":"Point","coordinates":[5.01144,52.113023]},"properties":{"category":"glasbak","name":"","operator":"","osm_id":"node/12945264859"}},{"type":"Feature","geometry":{"type":"Point","coordinates":[5.010071,52.11307]},"properties":{"category":"glasbak","name":"","operator":"","osm_id":"node/12945264860"}},{"type":"Feature","geometry":{"type":"Point","coordinates":[5.009037,52.113467]},"properties":{"category":"glasbak","name":"","operator":"","osm_id":"node/12945264861"}},{"type":"Feature","geometry":{"type":"Point","coordinates":[5.008609,52.113678]},"properties":{"category":"glasbak","name":"","operator":"","osm_id":"node/12945264862"}},{"type":"Feature","geometry":{"type":"Point","coordinates":[5.006718,52.113649]},"properties":{"category":"glasbak","name":"","operator":"","osm_id":"node/12945264863"}},{"type":"Feature","geometry":{"type":"Point","coordinates":[5.006844,52.11424]},"properties":{"category":"glasbak","name":"","operator":"","osm_id":"node/12945264864"}},{"type":"Feature","geometry":{"type":"Point","coordinates":[5.013182,52.112999]},"properties":{"category":"glasbak","name":"","operator":"","osm_id":"node/12945264865"}},{"type":"Feature","geometry":{"type":"Point","coordinates":[5.015108,52.112883]},"properties":{"category":"glasbak","name":"","operator":"","osm_id":"node/12945264866"}},{"type":"Feature","geometry":{"type":"Point","coordinates":[5.015945,52.112049]},"properties":{"category":"glasbak","name":"0098","operator":"","osm_id":"node/12945264867"}},{"type":"Feature","geometry":{"type":"Point","coordinates":[5.015978,52.112043]},"properties":{"category":"glasbak","name":"1745","operator":"","osm_id":"node/12945264868"}},{"type":"Feature","geometry":{"type":"Point","coordinates":[5.017564,52.112776]},"properties":{"category":"glasbak","name":"","operator":"","osm_id":"node/12945264869"}},{"type":"Feature","geometry":{"type":"Point","coordinates":[5.010038,52.111752]},"properties":{"category":"glasbak","name":"","operator":"","osm_id":"node/12945264870"}},{"type":"Feature","geometry":{"type":"Point","coordinates":[5.012399,52.111716]},"properties":{"category":"glasbak","name":"4776","operator":"","osm_id":"node/12945264871"}},{"type":"Feature","geometry":{"type":"Point","coordinates":[5.012426,52.111724]},"properties":{"category":"glasbak","name":"4625","operator":"","osm_id":"node/12945264872"}},{"type":"Feature","geometry":{"type":"Point","coordinates":[5.01244,52.111709]},"properties":{"category":"glasbak","name":"4708","operator":"","osm_id":"node/12945264873"}},{"type":"Feature","geometry":{"type":"Point","coordinates":[5.012415,52.1117]},"properties":{"category":"glasbak","name":"4672","operator":"","osm_id":"node/12945264874"}},{"type":"Feature","geometry":{"type":"Point","coordinates":[5.012348,52.111043]},"properties":{"category":"glasbak","name":"","operator":"","osm_id":"node/12945264875"}},{"type":"Feature","geometry":{"type":"Point","coordinates":[5.011347,52.110517]},"properties":{"category":"glasbak","name":"","operator":"","osm_id":"node/12945264876"}},{"type":"Feature","geometry":{"type":"Point","coordinates":[5.009606,52.110378]},"properties":{"category":"glasbak","name":"","operator":"","osm_id":"node/12945264877"}},{"type":"Feature","geometry":{"type":"Point","coordinates":[5.007871,52.109524]},"properties":{"category":"glasbak","name":"","operator":"","osm_id":"node/12945264878"}},{"type":"Feature","geometry":{"type":"Point","coordinates":[5.007917,52.109516]},"properties":{"category":"glasbak","name":"","operator":"","osm_id":"node/12945264879"}},{"type":"Feature","geometry":{"type":"Point","coordinates":[5.010387,52.109014]},"properties":{"category":"glasbak","name":"","operator":"","osm_id":"node/12945264880"}},{"type":"Feature","geometry":{"type":"Point","coordinates":[5.008292,52.10808]},"properties":{"category":"glasbak","name":"","operator":"","osm_id":"node/12945264881"}},{"type":"Feature","geometry":{"type":"Point","coordinates":[5.006597,52.108139]},"properties":{"category":"glasbak","name":"","operator":"","osm_id":"node/12945264882"}},{"type":"Feature","geometry":{"type":"Point","coordinates":[5.011983,52.108326]},"properties":{"category":"glasbak","name":"","operator":"","osm_id":"node/12945264883"}},{"type":"Feature","geometry":{"type":"Point","coordinates":[5.012081,52.109232]},"properties":{"category":"glasbak","name":"","operator":"","osm_id":"node/12945264884"}},{"type":"Feature","geometry":{"type":"Point","coordinates":[5.013954,52.109845]},"properties":{"category":"glasbak","name":"","operator":"","osm_id":"node/12945264885"}},{"type":"Feature","geometry":{"type":"Point","coordinates":[5.016337,52.110288]},"properties":{"category":"glasbak","name":"1744","operator":"","osm_id":"node/12945264886"}},{"type":"Feature","geometry":{"type":"Point","coordinates":[5.016372,52.110283]},"properties":{"category":"glasbak","name":"0099","operator":"","osm_id":"node/12945264887"}},{"type":"Feature","geometry":{"type":"Point","coordinates":[5.01745,52.111147]},"properties":{"category":"glasbak","name":"","operator":"","osm_id":"node/12945264888"}},{"type":"Feature","geometry":{"type":"Point","coordinates":[5.017467,52.11113]},"properties":{"category":"glasbak","name":"","operator":"","osm_id":"node/12945264889"}},{"type":"Feature","geometry":{"type":"Point","coordinates":[5.019359,52.111123]},"properties":{"category":"glasbak","name":"","operator":"","osm_id":"node/12945264890"}},{"type":"Feature","geometry":{"type":"Point","coordinates":[5.020688,52.110729]},"properties":{"category":"glasbak","name":"","operator":"","osm_id":"node/12945264891"}},{"type":"Feature","geometry":{"type":"Point","coordinates":[5.0182,52.109899]},"properties":{"category":"glasbak","name":"","operator":"","osm_id":"node/12945264892"}},{"type":"Feature","geometry":{"type":"Point","coordinates":[5.021235,52.109417]},"properties":{"category":"glasbak","name":"0101","operator":"","osm_id":"node/12945264893"}},{"type":"Feature","geometry":{"type":"Point","coordinates":[5.021269,52.109412]},"properties":{"category":"glasbak","name":"1742","operator":"","osm_id":"node/12945264894"}},{"type":"Feature","geometry":{"type":"Point","coordinates":[5.019173,52.108905]},"properties":{"category":"glasbak","name":"","operator":"","osm_id":"node/12945264895"}},{"type":"Feature","geometry":{"type":"Point","coordinates":[5.019179,52.108924]},"properties":{"category":"glasbak","name":"","operator":"","osm_id":"node/12945264896"}},{"type":"Feature","geometry":{"type":"Point","coordinates":[5.023132,52.11008]},"properties":{"category":"glasbak","name":"","operator":"","osm_id":"node/12945264897"}},{"type":"Feature","geometry":{"type":"Point","coordinates":[5.023644,52.109988]},"properties":{"category":"glasbak","name":"","operator":"","osm_id":"node/12945264898"}},{"type":"Feature","geometry":{"type":"Point","coordinates":[5.023741,52.10997]},"properties":{"category":"glasbak","name":"3797","operator":"","osm_id":"node/12945264899"}},{"type":"Feature","geometry":{"type":"Point","coordinates":[5.023771,52.109965]},"properties":{"category":"glasbak","name":"3798","operator":"","osm_id":"node/12945264900"}},{"type":"Feature","geometry":{"type":"Point","coordinates":[5.024798,52.109766]},"properties":{"category":"glasbak","name":"","operator":"","osm_id":"node/12945288101"}},{"type":"Feature","geometry":{"type":"Point","coordinates":[5.022171,52.108309]},"properties":{"category":"glasbak","name":"1741","operator":"","osm_id":"node/12945288102"}},{"type":"Feature","geometry":{"type":"Point","coordinates":[5.022165,52.108288]},"properties":{"category":"glasbak","name":"0095","operator":"","osm_id":"node/12945288103"}},{"type":"Feature","geometry":{"type":"Point","coordinates":[5.022009,52.107851]},"properties":{"category":"glasbak","name":"1740","operator":"","osm_id":"node/12945288104"}},{"type":"Feature","geometry":{"type":"Point","coordinates":[5.022001,52.107829]},"properties":{"category":"glasbak","name":"0094","operator":"","osm_id":"node/12945288105"}},{"type":"Feature","geometry":{"type":"Point","coordinates":[5.021736,52.107334]},"properties":{"category":"glasbak","name":"3591","operator":"","osm_id":"node/12945288106"}},{"type":"Feature","geometry":{"type":"Point","coordinates":[5.021766,52.107329]},"properties":{"category":"glasbak","name":"","operator":"","osm_id":"node/12945288107"}},{"type":"Feature","geometry":{"type":"Point","coordinates":[5.021756,52.107312]},"properties":{"category":"glasbak","name":"","operator":"","osm_id":"node/12945288108"}},{"type":"Feature","geometry":{"type":"Point","coordinates":[5.021726,52.107317]},"properties":{"category":"glasbak","name":"3590","operator":"","osm_id":"node/12945288109"}},{"type":"Feature","geometry":{"type":"Point","coordinates":[5.023861,52.106748]},"properties":{"category":"glasbak","name":"","operator":"","osm_id":"node/12945288110"}},{"type":"Feature","geometry":{"type":"Point","coordinates":[5.02277,52.106438]},"properties":{"category":"glasbak","name":"","operator":"","osm_id":"node/12945288111"}},{"type":"Feature","geometry":{"type":"Point","coordinates":[5.022526,52.105967]},"properties":{"category":"glasbak","name":"","operator":"","osm_id":"node/12945288112"}},{"type":"Feature","geometry":{"type":"Point","coordinates":[5.021949,52.105062]},"properties":{"category":"glasbak","name":"","operator":"","osm_id":"node/12945288113"}},{"type":"Feature","geometry":{"type":"Point","coordinates":[5.016584,52.108894]},"properties":{"category":"glasbak","name":"","operator":"","osm_id":"node/12945288114"}},{"type":"Feature","geometry":{"type":"Point","coordinates":[5.01627,52.107812]},"properties":{"category":"glasbak","name":"","operator":"","osm_id":"node/12945288115"}},{"type":"Feature","geometry":{"type":"Point","coordinates":[5.018766,52.107665]},"properties":{"category":"glasbak","name":"3586","operator":"","osm_id":"node/12945288116"}},{"type":"Feature","geometry":{"type":"Point","coordinates":[5.018798,52.107661]},"properties":{"category":"glasbak","name":"3587","operator":"","osm_id":"node/12945288117"}},{"type":"Feature","geometry":{"type":"Point","coordinates":[5.01876,52.107644]},"properties":{"category":"glasbak","name":"","operator":"","osm_id":"node/12945288118"}},{"type":"Feature","geometry":{"type":"Point","coordinates":[5.01879,52.107641]},"properties":{"category":"glasbak","name":"","operator":"","osm_id":"node/12945288119"}},{"type":"Feature","geometry":{"type":"Point","coordinates":[5.019729,52.107504]},"properties":{"category":"glasbak","name":"1739","operator":"","osm_id":"node/12945288120"}},{"type":"Feature","geometry":{"type":"Point","coordinates":[5.01976,52.107501]},"properties":{"category":"glasbak","name":"","operator":"","osm_id":"node/12945288121"}},{"type":"Feature","geometry":{"type":"Point","coordinates":[5.018085,52.107263]},"properties":{"category":"glasbak","name":"1736","operator":"","osm_id":"node/12945288122"}},{"type":"Feature","geometry":{"type":"Point","coordinates":[5.018079,52.107243]},"properties":{"category":"glasbak","name":"0093","operator":"","osm_id":"node/12945288123"}},{"type":"Feature","geometry":{"type":"Point","coordinates":[5.019474,52.107045]},"properties":{"category":"glasbak","name":"0092","operator":"","osm_id":"node/12945288124"}},{"type":"Feature","geometry":{"type":"Point","coordinates":[5.019481,52.107065]},"properties":{"category":"glasbak","name":"1737","operator":"","osm_id":"node/12945288125"}},{"type":"Feature","geometry":{"type":"Point","coordinates":[5.020141,52.106956]},"properties":{"category":"glasbak","name":"0091","operator":"","osm_id":"node/12945288126"}},{"type":"Feature","geometry":{"type":"Point","coordinates":[5.020148,52.106975]},"properties":{"category":"glasbak","name":"1735","operator":"","osm_id":"node/12945288127"}},{"type":"Feature","geometry":{"type":"Point","coordinates":[5.016802,52.105613]},"properties":{"category":"glasbak","name":"","operator":"","osm_id":"node/12945288128"}},{"type":"Feature","geometry":{"type":"Point","coordinates":[5.013718,52.10658]},"properties":{"category":"glasbak","name":"2479","operator":"","osm_id":"node/12945288129"}},{"type":"Feature","geometry":{"type":"Point","coordinates":[5.013743,52.10658]},"properties":{"category":"glasbak","name":"","operator":"","osm_id":"node/12945288130"}},{"type":"Feature","geometry":{"type":"Point","coordinates":[5.01378,52.106578]},"properties":{"category":"glasbak","name":"7422","operator":"","osm_id":"node/12945288131"}},{"type":"Feature","geometry":{"type":"Point","coordinates":[5.013746,52.106563]},"properties":{"category":"glasbak","name":"7423","operator":"","osm_id":"node/12945288132"}},{"type":"Feature","geometry":{"type":"Point","coordinates":[5.013351,52.10608]},"properties":{"category":"glasbak","name":"7698","operator":"","osm_id":"node/12945288133"}},{"type":"Feature","geometry":{"type":"Point","coordinates":[5.01357,52.105176]},"properties":{"category":"glasbak","name":"7513","operator":"","osm_id":"node/12945288134"}},{"type":"Feature","geometry":{"type":"Point","coordinates":[5.013601,52.105176]},"properties":{"category":"glasbak","name":"7512","operator":"","osm_id":"node/12945288135"}},{"type":"Feature","geometry":{"type":"Point","coordinates":[5.014026,52.105155]},"properties":{"category":"glasbak","name":"7598","operator":"","osm_id":"node/12945288136"}},{"type":"Feature","geometry":{"type":"Point","coordinates":[5.014057,52.105153]},"properties":{"category":"glasbak","name":"3124","operator":"","osm_id":"node/12945288137"}},{"type":"Feature","geometry":{"type":"Point","coordinates":[5.014056,52.105132]},"properties":{"category":"glasbak","name":"3125","operator":"","osm_id":"node/12945288138"}},{"type":"Feature","geometry":{"type":"Point","coordinates":[5.011814,52.103939]},"properties":{"category":"glasbak","name":"","operator":"","osm_id":"node/12945288139"}},{"type":"Feature","geometry":{"type":"Point","coordinates":[5.009603,52.103271]},"properties":{"category":"glasbak","name":"","operator":"","osm_id":"node/12945288140"}},{"type":"Feature","geometry":{"type":"Point","coordinates":[5.007503,52.104201]},"properties":{"category":"glasbak","name":"","operator":"","osm_id":"node/12945288141"}},{"type":"Feature","geometry":{"type":"Point","coordinates":[5.009215,52.104806]},"properties":{"category":"glasbak","name":"","operator":"","osm_id":"node/12945288142"}},{"type":"Feature","geometry":{"type":"Point","coordinates":[5.007513,52.104848]},"properties":{"category":"glasbak","name":"","operator":"","osm_id":"node/12945288143"}},{"type":"Feature","geometry":{"type":"Point","coordinates":[5.007516,52.105511]},"properties":{"category":"glasbak","name":"","operator":"","osm_id":"node/12945288144"}},{"type":"Feature","geometry":{"type":"Point","coordinates":[5.00574,52.10602]},"properties":{"category":"glasbak","name":"","operator":"","osm_id":"node/12945288145"}},{"type":"Feature","geometry":{"type":"Point","coordinates":[5.007766,52.106475]},"properties":{"category":"glasbak","name":"","operator":"","osm_id":"node/12945288146"}},{"type":"Feature","geometry":{"type":"Point","coordinates":[5.009648,52.106252]},"properties":{"category":"glasbak","name":"","operator":"","osm_id":"node/12945288147"}},{"type":"Feature","geometry":{"type":"Point","coordinates":[5.010813,52.105215]},"properties":{"category":"glasbak","name":"","operator":"","osm_id":"node/12945288148"}},{"type":"Feature","geometry":{"type":"Point","coordinates":[5.018133,52.099896]},"properties":{"category":"glasbak","name":"","operator":"","osm_id":"node/12945408886"}},{"type":"Feature","geometry":{"type":"Point","coordinates":[5.016664,52.100454]},"properties":{"category":"glasbak","name":"","operator":"","osm_id":"node/12945408887"}},{"type":"Feature","geometry":{"type":"Point","coordinates":[5.017542,52.101691]},"properties":{"category":"glasbak","name":"","operator":"","osm_id":"node/12945408888"}},{"type":"Feature","geometry":{"type":"Point","coordinates":[5.012627,52.100883]},"properties":{"category":"glasbak","name":"","operator":"","osm_id":"node/12945408889"}},{"type":"Feature","geometry":{"type":"Point","coordinates":[5.013141,52.100497]},"properties":{"category":"glasbak","name":"","operator":"","osm_id":"node/12945408890"}},{"type":"Feature","geometry":{"type":"Point","coordinates":[5.014359,52.100044]},"properties":{"category":"glasbak","name":"","operator":"","osm_id":"node/12945408891"}},{"type":"Feature","geometry":{"type":"Point","coordinates":[5.014123,52.099616]},"properties":{"category":"glasbak","name":"","operator":"","osm_id":"node/12945408892"}},{"type":"Feature","geometry":{"type":"Point","coordinates":[5.012676,52.099734]},"properties":{"category":"glasbak","name":"","operator":"","osm_id":"node/12945408893"}},{"type":"Feature","geometry":{"type":"Point","coordinates":[5.012094,52.099755]},"properties":{"category":"glasbak","name":"","operator":"","osm_id":"node/12945408894"}},{"type":"Feature","geometry":{"type":"Point","coordinates":[5.01206,52.099757]},"properties":{"category":"glasbak","name":"","operator":"","osm_id":"node/12945408895"}},{"type":"Feature","geometry":{"type":"Point","coordinates":[5.010856,52.100229]},"properties":{"category":"glasbak","name":"","operator":"","osm_id":"node/12945408896"}},{"type":"Feature","geometry":{"type":"Point","coordinates":[5.008694,52.100547]},"properties":{"category":"glasbak","name":"","operator":"","osm_id":"node/12945408897"}},{"type":"Feature","geometry":{"type":"Point","coordinates":[5.009373,52.101797]},"properties":{"category":"glasbak","name":"","operator":"","osm_id":"node/12945408898"}},{"type":"Feature","geometry":{"type":"Point","coordinates":[5.010693,52.101942]},"properties":{"category":"glasbak","name":"","operator":"","osm_id":"node/12945408899"}},{"type":"Feature","geometry":{"type":"Point","coordinates":[5.011571,52.10157]},"properties":{"category":"glasbak","name":"","operator":"","osm_id":"node/12945408900"}},{"type":"Feature","geometry":{"type":"Point","coordinates":[5.00664,52.100635]},"properties":{"category":"glasbak","name":"7541","operator":"","osm_id":"node/12945454201"}},{"type":"Feature","geometry":{"type":"Point","coordinates":[5.006669,52.100632]},"properties":{"category":"glasbak","name":"1755","operator":"","osm_id":"node/12945454202"}},{"type":"Feature","geometry":{"type":"Point","coordinates":[5.006701,52.100629]},"properties":{"category":"glasbak","name":"1754","operator":"","osm_id":"node/12945454203"}},{"type":"Feature","geometry":{"type":"Point","coordinates":[5.004801,52.100798]},"properties":{"category":"glasbak","name":"7692","operator":"","osm_id":"node/12945454204"}},{"type":"Feature","geometry":{"type":"Point","coordinates":[5.004799,52.100779]},"properties":{"category":"glasbak","name":"7545","operator":"","osm_id":"node/12945454205"}},{"type":"Feature","geometry":{"type":"Point","coordinates":[5.005042,52.101708]},"properties":{"category":"glasbak","name":"4534","operator":"","osm_id":"node/12945454206"}},{"type":"Feature","geometry":{"type":"Point","coordinates":[5.00504,52.101727]},"properties":{"category":"glasbak","name":"5425","operator":"","osm_id":"node/12945454207"}},{"type":"Feature","geometry":{"type":"Point","coordinates":[5.001986,52.102708]},"properties":{"category":"glasbak","name":"5557","operator":"","osm_id":"node/12945454208"}},{"type":"Feature","geometry":{"type":"Point","coordinates":[5.002016,52.102704]},"properties":{"category":"glasbak","name":"5451","operator":"","osm_id":"node/12945454209"}},{"type":"Feature","geometry":{"type":"Point","coordinates":[5.001556,52.101933]},"properties":{"category":"glasbak","name":"7690","operator":"","osm_id":"node/12945454210"}},{"type":"Feature","geometry":{"type":"Point","coordinates":[5.001578,52.101918]},"properties":{"category":"glasbak","name":"7694","operator":"","osm_id":"node/12945454211"}},{"type":"Feature","geometry":{"type":"Point","coordinates":[4.997712,52.102535]},"properties":{"category":"glasbak","name":"5301","operator":"","osm_id":"node/12945454212"}},{"type":"Feature","geometry":{"type":"Point","coordinates":[4.997706,52.102519]},"properties":{"category":"glasbak","name":"5909","operator":"","osm_id":"node/12945454213"}},{"type":"Feature","geometry":{"type":"Point","coordinates":[4.998387,52.102396]},"properties":{"category":"glasbak","name":"5805","operator":"","osm_id":"node/12945454214"}},{"type":"Feature","geometry":{"type":"Point","coordinates":[4.99921,52.102222]},"properties":{"category":"glasbak","name":"5204","operator":"","osm_id":"node/12945454215"}},{"type":"Feature","geometry":{"type":"Point","coordinates":[4.999172,52.10221]},"properties":{"category":"glasbak","name":"5582","operator":"","osm_id":"node/12945454216"}},{"type":"Feature","geometry":{"type":"Point","coordinates":[4.998769,52.101431]},"properties":{"category":"glasbak","name":"5269","operator":"","osm_id":"node/12945454217"}},{"type":"Feature","geometry":{"type":"Point","coordinates":[4.999776,52.101236]},"properties":{"category":"glasbak","name":"","operator":"","osm_id":"node/12945454218"}},{"type":"Feature","geometry":{"type":"Point","coordinates":[4.999798,52.101212]},"properties":{"category":"glasbak","name":"5246","operator":"","osm_id":"node/12945454219"}},{"type":"Feature","geometry":{"type":"Point","coordinates":[5.000726,52.101224]},"properties":{"category":"glasbak","name":"5208","operator":"","osm_id":"node/12945454220"}},{"type":"Feature","geometry":{"type":"Point","coordinates":[5.000755,52.101218]},"properties":{"category":"glasbak","name":"5504","operator":"","osm_id":"node/12945454221"}},{"type":"Feature","geometry":{"type":"Point","coordinates":[5.000745,52.101198]},"properties":{"category":"glasbak","name":"5257","operator":"","osm_id":"node/12945454222"}},{"type":"Feature","geometry":{"type":"Point","coordinates":[4.998992,52.10007]},"properties":{"category":"glasbak","name":"5871","operator":"","osm_id":"node/12945454223"}},{"type":"Feature","geometry":{"type":"Point","coordinates":[4.99902,52.100064]},"properties":{"category":"glasbak","name":"4589","operator":"","osm_id":"node/12945454224"}},{"type":"Feature","geometry":{"type":"Point","coordinates":[5.001449,52.099309]},"properties":{"category":"glasbak","name":"","operator":"","osm_id":"node/12945454225"}},{"type":"Feature","geometry":{"type":"Point","coordinates":[5.000684,52.097916]},"properties":{"category":"glasbak","name":"","operator":"","osm_id":"node/12945454226"}},{"type":"Feature","geometry":{"type":"Point","coordinates":[4.999713,52.098051]},"properties":{"category":"glasbak","name":"5216","operator":"","osm_id":"node/12945454227"}},{"type":"Feature","geometry":{"type":"Point","coordinates":[4.999702,52.098035]},"properties":{"category":"glasbak","name":"5444","operator":"","osm_id":"node/12945454228"}},{"type":"Feature","geometry":{"type":"Point","coordinates":[4.99913,52.098361]},"properties":{"category":"glasbak","name":"5267","operator":"","osm_id":"node/12945454229"}},{"type":"Feature","geometry":{"type":"Point","coordinates":[4.99914,52.098378]},"properties":{"category":"glasbak","name":"5483","operator":"","osm_id":"node/12945454230"}},{"type":"Feature","geometry":{"type":"Point","coordinates":[4.999152,52.098396]},"properties":{"category":"glasbak","name":"5294","operator":"","osm_id":"node/12945454231"}},{"type":"Feature","geometry":{"type":"Point","coordinates":[4.99693,52.098103]},"properties":{"category":"glasbak","name":"","operator":"","osm_id":"node/12945454232"}},{"type":"Feature","geometry":{"type":"Point","coordinates":[4.998,52.097937]},"properties":{"category":"glasbak","name":"","operator":"","osm_id":"node/12945454233"}},{"type":"Feature","geometry":{"type":"Point","coordinates":[4.997989,52.097919]},"properties":{"category":"glasbak","name":"5916","operator":"","osm_id":"node/12945454234"}},{"type":"Feature","geometry":{"type":"Point","coordinates":[4.998018,52.097913]},"properties":{"category":"glasbak","name":"4760","operator":"","osm_id":"node/12945454235"}},{"type":"Feature","geometry":{"type":"Point","coordinates":[4.998599,52.097688]},"properties":{"category":"glasbak","name":"5237","operator":"","osm_id":"node/12945454236"}},{"type":"Feature","geometry":{"type":"Point","coordinates":[4.998572,52.097694]},"properties":{"category":"glasbak","name":"5478","operator":"","osm_id":"node/12945454237"}},{"type":"Feature","geometry":{"type":"Point","coordinates":[4.99856,52.097678]},"properties":{"category":"glasbak","name":"5487","operator":"","osm_id":"node/12945454238"}},{"type":"Feature","geometry":{"type":"Point","coordinates":[5.000152,52.096937]},"properties":{"category":"glasbak","name":"5333","operator":"","osm_id":"node/12945454239"}},{"type":"Feature","geometry":{"type":"Point","coordinates":[5.000143,52.096919]},"properties":{"category":"glasbak","name":"5506","operator":"","osm_id":"node/12945454240"}},{"type":"Feature","geometry":{"type":"Point","coordinates":[4.998136,52.096681]},"properties":{"category":"glasbak","name":"4221","operator":"","osm_id":"node/12945454241"}},{"type":"Feature","geometry":{"type":"Point","coordinates":[4.998125,52.096662]},"properties":{"category":"glasbak","name":"5819","operator":"","osm_id":"node/12945454242"}},{"type":"Feature","geometry":{"type":"Point","coordinates":[4.998113,52.096643]},"properties":{"category":"glasbak","name":"5842","operator":"","osm_id":"node/12945454243"}},{"type":"Feature","geometry":{"type":"Point","coordinates":[4.998162,52.096736]},"properties":{"category":"glasbak","name":"5490","operator":"","osm_id":"node/12945454244"}},{"type":"Feature","geometry":{"type":"Point","coordinates":[4.998155,52.09672]},"properties":{"category":"glasbak","name":"","operator":"","osm_id":"node/12945454245"}},{"type":"Feature","geometry":{"type":"Point","coordinates":[4.998172,52.096756]},"properties":{"category":"glasbak","name":"5559","operator":"","osm_id":"node/12945454246"}},{"type":"Feature","geometry":{"type":"Point","coordinates":[4.996387,52.097102]},"properties":{"category":"glasbak","name":"5495","operator":"","osm_id":"node/12945454247"}},{"type":"Feature","geometry":{"type":"Point","coordinates":[4.996396,52.097121]},"properties":{"category":"glasbak","name":"5414","operator":"","osm_id":"node/12945454248"}},{"type":"Feature","geometry":{"type":"Point","coordinates":[4.999579,52.09588]},"properties":{"category":"glasbak","name":"","operator":"","osm_id":"node/12945454249"}},{"type":"Feature","geometry":{"type":"Point","coordinates":[4.99858,52.095973]},"properties":{"category":"glasbak","name":"5395","operator":"","osm_id":"node/12945454250"}},{"type":"Feature","geometry":{"type":"Point","coordinates":[4.998571,52.095954]},"properties":{"category":"glasbak","name":"4768","operator":"","osm_id":"node/12945454251"}},{"type":"Feature","geometry":{"type":"Point","coordinates":[4.996916,52.096007]},"properties":{"category":"glasbak","name":"5979","operator":"","osm_id":"node/12945454252"}},{"type":"Feature","geometry":{"type":"Point","coordinates":[4.996907,52.095989]},"properties":{"category":"glasbak","name":"5892","operator":"","osm_id":"node/12945454253"}},{"type":"Feature","geometry":{"type":"Point","coordinates":[4.995604,52.095665]},"properties":{"category":"glasbak","name":"","operator":"","osm_id":"node/12945454254"}},{"type":"Feature","geometry":{"type":"Point","coordinates":[4.997631,52.095561]},"properties":{"category":"glasbak","name":"5841","operator":"","osm_id":"node/12945454255"}},{"type":"Feature","geometry":{"type":"Point","coordinates":[4.997639,52.095579]},"properties":{"category":"glasbak","name":"4687","operator":"","osm_id":"node/12945454256"}},{"type":"Feature","geometry":{"type":"Point","coordinates":[4.996401,52.09514]},"properties":{"category":"glasbak","name":"","operator":"","osm_id":"node/12945454257"}},{"type":"Feature","geometry":{"type":"Point","coordinates":[4.998132,52.094883]},"properties":{"category":"glasbak","name":"5491","operator":"","osm_id":"node/12945454258"}},{"type":"Feature","geometry":{"type":"Point","coordinates":[4.99814,52.0949]},"properties":{"category":"glasbak","name":"5264","operator":"","osm_id":"node/12945454259"}},{"type":"Feature","geometry":{"type":"Point","coordinates":[5.003144,52.09969]},"properties":{"category":"glasbak","name":"","operator":"","osm_id":"node/12945454260"}},{"type":"Feature","geometry":{"type":"Point","coordinates":[5.006424,52.099393]},"properties":{"category":"glasbak","name":"5310","operator":"","osm_id":"node/12945454261"}},{"type":"Feature","geometry":{"type":"Point","coordinates":[5.006455,52.099389]},"properties":{"category":"glasbak","name":"5510","operator":"","osm_id":"node/12945454262"}},{"type":"Feature","geometry":{"type":"Point","coordinates":[5.006178,52.098938]},"properties":{"category":"glasbak","name":"5203","operator":"","osm_id":"node/12945454263"}},{"type":"Feature","geometry":{"type":"Point","coordinates":[5.006206,52.098932]},"properties":{"category":"glasbak","name":"5274","operator":"","osm_id":"node/12945454264"}},{"type":"Feature","geometry":{"type":"Point","coordinates":[5.003822,52.099189]},"properties":{"category":"glasbak","name":"","operator":"","osm_id":"node/12945454265"}},{"type":"Feature","geometry":{"type":"Point","coordinates":[5.003853,52.099185]},"properties":{"category":"glasbak","name":"","operator":"","osm_id":"node/12945454266"}},{"type":"Feature","geometry":{"type":"Point","coordinates":[5.00288,52.099129]},"properties":{"category":"glasbak","name":"5537","operator":"","osm_id":"node/12945454267"}},{"type":"Feature","geometry":{"type":"Point","coordinates":[5.002871,52.099111]},"properties":{"category":"glasbak","name":"5434","operator":"","osm_id":"node/12945454268"}},{"type":"Feature","geometry":{"type":"Point","coordinates":[5.003504,52.09816]},"properties":{"category":"glasbak","name":"5429","operator":"","osm_id":"node/12945454269"}},{"type":"Feature","geometry":{"type":"Point","coordinates":[5.003534,52.098155]},"properties":{"category":"glasbak","name":"5307","operator":"","osm_id":"node/12945454270"}},{"type":"Feature","geometry":{"type":"Point","coordinates":[5.002171,52.097825]},"properties":{"category":"glasbak","name":"5205","operator":"","osm_id":"node/12945454271"}},{"type":"Feature","geometry":{"type":"Point","coordinates":[5.002179,52.09784]},"properties":{"category":"glasbak","name":"5375","operator":"","osm_id":"node/12945454272"}},{"type":"Feature","geometry":{"type":"Point","coordinates":[5.002133,52.097217]},"properties":{"category":"glasbak","name":"5271","operator":"","osm_id":"node/12945454273"}},{"type":"Feature","geometry":{"type":"Point","coordinates":[5.002105,52.097221]},"properties":{"category":"glasbak","name":"","operator":"","osm_id":"node/12945454274"}},{"type":"Feature","geometry":{"type":"Point","coordinates":[5.002141,52.097234]},"properties":{"category":"glasbak","name":"5556","operator":"","osm_id":"node/12945454275"}},{"type":"Feature","geometry":{"type":"Point","coordinates":[5.002746,52.096438]},"properties":{"category":"glasbak","name":"5327","operator":"","osm_id":"node/12945454276"}},{"type":"Feature","geometry":{"type":"Point","coordinates":[5.002778,52.096432]},"properties":{"category":"glasbak","name":"5474","operator":"","osm_id":"node/12945454277"}},{"type":"Feature","geometry":{"type":"Point","coordinates":[5.001432,52.096131]},"properties":{"category":"glasbak","name":"5423","operator":"","osm_id":"node/12945454278"}},{"type":"Feature","geometry":{"type":"Point","coordinates":[5.00144,52.096149]},"properties":{"category":"glasbak","name":"5468","operator":"","osm_id":"node/12945454279"}},{"type":"Feature","geometry":{"type":"Point","coordinates":[5.00146,52.096179]},"properties":{"category":"glasbak","name":"6015","operator":"","osm_id":"node/12945454280"}},{"type":"Feature","geometry":{"type":"Point","coordinates":[5.00147,52.096197]},"properties":{"category":"glasbak","name":"6170","operator":"","osm_id":"node/12945454281"}},{"type":"Feature","geometry":{"type":"Point","coordinates":[5.000927,52.09505]},"properties":{"category":"glasbak","name":"","operator":"","osm_id":"node/12945454282"}},{"type":"Feature","geometry":{"type":"Point","coordinates":[5.000956,52.095044]},"properties":{"category":"glasbak","name":"5458","operator":"","osm_id":"node/12945454283"}},{"type":"Feature","geometry":{"type":"Point","coordinates":[5.000947,52.095027]},"properties":{"category":"glasbak","name":"5586","operator":"","osm_id":"node/12945454284"}},{"type":"Feature","geometry":{"type":"Point","coordinates":[5.002057,52.094804]},"properties":{"category":"glasbak","name":"","operator":"","osm_id":"node/12945454285"}},{"type":"Feature","geometry":{"type":"Point","coordinates":[5.002946,52.094633]},"properties":{"category":"glasbak","name":"","operator":"","osm_id":"node/12945454286"}},{"type":"Feature","geometry":{"type":"Point","coordinates":[5.00449,52.094383]},"properties":{"category":"glasbak","name":"","operator":"","osm_id":"node/12945454287"}},{"type":"Feature","geometry":{"type":"Point","coordinates":[5.004225,52.09501]},"properties":{"category":"glasbak","name":"5229","operator":"","osm_id":"node/12945454288"}},{"type":"Feature","geometry":{"type":"Point","coordinates":[5.004253,52.095002]},"properties":{"category":"glasbak","name":"5982","operator":"","osm_id":"node/12945454289"}},{"type":"Feature","geometry":{"type":"Point","coordinates":[5.004285,52.094997]},"properties":{"category":"glasbak","name":"5318","operator":"","osm_id":"node/12945454290"}},{"type":"Feature","geometry":{"type":"Point","coordinates":[5.0048,52.095893]},"properties":{"category":"glasbak","name":"","operator":"","osm_id":"node/12945454291"}},{"type":"Feature","geometry":{"type":"Point","coordinates":[5.004809,52.095911]},"properties":{"category":"glasbak","name":"5533","operator":"","osm_id":"node/12945454292"}},{"type":"Feature","geometry":{"type":"Point","coordinates":[5.00482,52.095929]},"properties":{"category":"glasbak","name":"5566","operator":"","osm_id":"node/12945454293"}},{"type":"Feature","geometry":{"type":"Point","coordinates":[5.004639,52.097507]},"properties":{"category":"glasbak","name":"5317","operator":"","osm_id":"node/12945454294"}},{"type":"Feature","geometry":{"type":"Point","coordinates":[5.004669,52.097503]},"properties":{"category":"glasbak","name":"5238","operator":"","osm_id":"node/12945454295"}},{"type":"Feature","geometry":{"type":"Point","coordinates":[5.005795,52.097357]},"properties":{"category":"glasbak","name":"5209","operator":"","osm_id":"node/12945454296"}},{"type":"Feature","geometry":{"type":"Point","coordinates":[5.006242,52.098286]},"properties":{"category":"glasbak","name":"5200","operator":"","osm_id":"node/12945454297"}},{"type":"Feature","geometry":{"type":"Point","coordinates":[5.006269,52.09828]},"properties":{"category":"glasbak","name":"5399","operator":"","osm_id":"node/12945454298"}},{"type":"Feature","geometry":{"type":"Point","coordinates":[5.006459,52.094533]},"properties":{"category":"glasbak","name":"5481","operator":"","osm_id":"node/12945454299"}},{"type":"Feature","geometry":{"type":"Point","coordinates":[5.006467,52.094551]},"properties":{"category":"glasbak","name":"5589","operator":"","osm_id":"node/12945454300"}},{"type":"Feature","geometry":{"type":"Point","coordinates":[5.007165,52.094386]},"properties":{"category":"glasbak","name":"","operator":"","osm_id":"node/12945454301"}},{"type":"Feature","geometry":{"type":"Point","coordinates":[5.008881,52.094426]},"properties":{"category":"glasbak","name":"","operator":"","osm_id":"node/12945454302"}},{"type":"Feature","geometry":{"type":"Point","coordinates":[5.007936,52.095427]},"properties":{"category":"glasbak","name":"5525","operator":"","osm_id":"node/12945454303"}},{"type":"Feature","geometry":{"type":"Point","coordinates":[5.007944,52.095445]},"properties":{"category":"glasbak","name":"5329","operator":"","osm_id":"node/12945454304"}},{"type":"Feature","geometry":{"type":"Point","coordinates":[5.006501,52.095729]},"properties":{"category":"glasbak","name":"5311","operator":"","osm_id":"node/12945454305"}},{"type":"Feature","geometry":{"type":"Point","coordinates":[5.006529,52.095723]},"properties":{"category":"glasbak","name":"5519","operator":"","osm_id":"node/12945454306"}},{"type":"Feature","geometry":{"type":"Point","coordinates":[5.009079,52.096104]},"properties":{"category":"glasbak","name":"","operator":"","osm_id":"node/12945454307"}},{"type":"Feature","geometry":{"type":"Point","coordinates":[5.0091,52.096089]},"properties":{"category":"glasbak","name":"7479","operator":"","osm_id":"node/12945454308"}},{"type":"Feature","geometry":{"type":"Point","coordinates":[5.009123,52.096075]},"properties":{"category":"glasbak","name":"1762","operator":"","osm_id":"node/12945454309"}},{"type":"Feature","geometry":{"type":"Point","coordinates":[5.007528,52.096955]},"properties":{"category":"glasbak","name":"7005","operator":"","osm_id":"node/12945454310"}},{"type":"Feature","geometry":{"type":"Point","coordinates":[5.007545,52.096943]},"properties":{"category":"glasbak","name":"7006","operator":"","osm_id":"node/12945454311"}},{"type":"Feature","geometry":{"type":"Point","coordinates":[5.007617,52.099115]},"properties":{"category":"glasbak","name":"","operator":"","osm_id":"node/12945454312"}},{"type":"Feature","geometry":{"type":"Point","coordinates":[5.009435,52.099227]},"properties":{"category":"glasbak","name":"4539","operator":"","osm_id":"node/12945454313"}},{"type":"Feature","geometry":{"type":"Point","coordinates":[5.009466,52.099225]},"properties":{"category":"glasbak","name":"4905","operator":"","osm_id":"node/12945454314"}},{"type":"Feature","geometry":{"type":"Point","coordinates":[5.010359,52.099156]},"properties":{"category":"glasbak","name":"5066","operator":"","osm_id":"node/12945454315"}},{"type":"Feature","geometry":{"type":"Point","coordinates":[5.010388,52.099153]},"properties":{"category":"glasbak","name":"5118","operator":"","osm_id":"node/12945454316"}},{"type":"Feature","geometry":{"type":"Point","coordinates":[5.007698,52.098054]},"properties":{"category":"glasbak","name":"","operator":"","osm_id":"node/12945454317"}},{"type":"Feature","geometry":{"type":"Point","coordinates":[5.007686,52.098072]},"properties":{"category":"glasbak","name":"5029","operator":"","osm_id":"node/12945454318"}},{"type":"Feature","geometry":{"type":"Point","coordinates":[5.007676,52.098089]},"properties":{"category":"glasbak","name":"5445","operator":"","osm_id":"node/12945454319"}},{"type":"Feature","geometry":{"type":"Point","coordinates":[5.007666,52.098108]},"properties":{"category":"glasbak","name":"4529","operator":"","osm_id":"node/12945454320"}},{"type":"Feature","geometry":{"type":"Point","coordinates":[5.008836,52.097097]},"properties":{"category":"glasbak","name":"7022","operator":"","osm_id":"node/12945454321"}},{"type":"Feature","geometry":{"type":"Point","coordinates":[5.008859,52.097082]},"properties":{"category":"glasbak","name":"5470","operator":"","osm_id":"node/12945454322"}},{"type":"Feature","geometry":{"type":"Point","coordinates":[5.010163,52.096198]},"properties":{"category":"glasbak","name":"4593","operator":"","osm_id":"node/12945454323"}},{"type":"Feature","geometry":{"type":"Point","coordinates":[5.010181,52.096184]},"properties":{"category":"glasbak","name":"5054","operator":"","osm_id":"node/12945454324"}},{"type":"Feature","geometry":{"type":"Point","coordinates":[5.01019,52.09808]},"properties":{"category":"glasbak","name":"4887","operator":"","osm_id":"node/12945454325"}},{"type":"Feature","geometry":{"type":"Point","coordinates":[5.010217,52.098075]},"properties":{"category":"glasbak","name":"4888","operator":"","osm_id":"node/12945454326"}},{"type":"Feature","geometry":{"type":"Point","coordinates":[5.010178,52.098064]},"properties":{"category":"glasbak","name":"5377","operator":"","osm_id":"node/12945454327"}},{"type":"Feature","geometry":{"type":"Point","coordinates":[5.010225,52.098093]},"properties":{"category":"glasbak","name":"","operator":"","osm_id":"node/12945454328"}},{"type":"Feature","geometry":{"type":"Point","coordinates":[5.011502,52.097439]},"properties":{"category":"glasbak","name":"","operator":"","osm_id":"node/12945454329"}},{"type":"Feature","geometry":{"type":"Point","coordinates":[5.011529,52.097432]},"properties":{"category":"glasbak","name":"4819","operator":"","osm_id":"node/12945454330"}},{"type":"Feature","geometry":{"type":"Point","coordinates":[5.011559,52.097426]},"properties":{"category":"glasbak","name":"4820","operator":"","osm_id":"node/12945454331"}},{"type":"Feature","geometry":{"type":"Point","coordinates":[5.011839,52.097974]},"properties":{"category":"glasbak","name":"5157","operator":"","osm_id":"node/12945454332"}},{"type":"Feature","geometry":{"type":"Point","coordinates":[5.011809,52.097969]},"properties":{"category":"glasbak","name":"5197","operator":"","osm_id":"node/12945454333"}},{"type":"Feature","geometry":{"type":"Point","coordinates":[5.011749,52.097961]},"properties":{"category":"glasbak","name":"","operator":"","osm_id":"node/12945454334"}},{"type":"Feature","geometry":{"type":"Point","coordinates":[5.012676,52.097046]},"properties":{"category":"glasbak","name":"","operator":"","osm_id":"node/12945454335"}},{"type":"Feature","geometry":{"type":"Point","coordinates":[5.01369,52.097758]},"properties":{"category":"glasbak","name":"","operator":"","osm_id":"node/12945454336"}},{"type":"Feature","geometry":{"type":"Point","coordinates":[5.012108,52.099018]},"properties":{"category":"glasbak","name":"","operator":"","osm_id":"node/12945454337"}},{"type":"Feature","geometry":{"type":"Point","coordinates":[5.013283,52.098923]},"properties":{"category":"glasbak","name":"","operator":"","osm_id":"node/12945454338"}},{"type":"Feature","geometry":{"type":"Point","coordinates":[5.016608,52.095025]},"properties":{"category":"glasbak","name":"","operator":"","osm_id":"node/12945454339"}},{"type":"Feature","geometry":{"type":"Point","coordinates":[5.016977,52.095737]},"properties":{"category":"glasbak","name":"","operator":"","osm_id":"node/12945454340"}},{"type":"Feature","geometry":{"type":"Point","coordinates":[5.013727,52.096661]},"properties":{"category":"glasbak","name":"","operator":"","osm_id":"node/12945454341"}},{"type":"Feature","geometry":{"type":"Point","coordinates":[5.014839,52.097077]},"properties":{"category":"glasbak","name":"","operator":"","osm_id":"node/12945454342"}},{"type":"Feature","geometry":{"type":"Point","coordinates":[5.01598,52.09735]},"properties":{"category":"glasbak","name":"","operator":"","osm_id":"node/12945454343"}},{"type":"Feature","geometry":{"type":"Point","coordinates":[5.015521,52.096003]},"properties":{"category":"glasbak","name":"","operator":"","osm_id":"node/12945454344"}},{"type":"Feature","geometry":{"type":"Point","coordinates":[5.015534,52.095984]},"properties":{"category":"glasbak","name":"5255","operator":"","osm_id":"node/12945454345"}},{"type":"Feature","geometry":{"type":"Point","coordinates":[5.015546,52.095965]},"properties":{"category":"glasbak","name":"5227","operator":"","osm_id":"node/12945454346"}},{"type":"Feature","geometry":{"type":"Point","coordinates":[5.01359,52.095015]},"properties":{"category":"glasbak","name":"5349","operator":"","osm_id":"node/12945454347"}},{"type":"Feature","geometry":{"type":"Point","coordinates":[5.013611,52.095002]},"properties":{"category":"glasbak","name":"5313","operator":"","osm_id":"node/12945454348"}},{"type":"Feature","geometry":{"type":"Point","coordinates":[5.013633,52.094987]},"properties":{"category":"glasbak","name":"5421","operator":"","osm_id":"node/12945454349"}},{"type":"Feature","geometry":{"type":"Point","coordinates":[5.013655,52.094972]},"properties":{"category":"glasbak","name":"5576","operator":"","osm_id":"node/12945454350"}},{"type":"Feature","geometry":{"type":"Point","coordinates":[5.013674,52.094959]},"properties":{"category":"glasbak","name":"","operator":"","osm_id":"node/12945454351"}},{"type":"Feature","geometry":{"type":"Point","coordinates":[5.086914,52.080822]},"properties":{"category":"glasbak","name":"8097","operator":"","osm_id":"node/12952599032"}},{"type":"Feature","geometry":{"type":"Point","coordinates":[5.086962,52.080552]},"properties":{"category":"glasbak","name":"8088","operator":"","osm_id":"node/12952599033"}},{"type":"Feature","geometry":{"type":"Point","coordinates":[4.995647,52.092694]},"properties":{"category":"glasbak","name":"5903","operator":"","osm_id":"node/12959720925"}},{"type":"Feature","geometry":{"type":"Point","coordinates":[4.995632,52.092672]},"properties":{"category":"glasbak","name":"5232","operator":"","osm_id":"node/12959720926"}},{"type":"Feature","geometry":{"type":"Point","coordinates":[4.99645,52.094126]},"properties":{"category":"glasbak","name":"5857","operator":"","osm_id":"node/12959720927"}},{"type":"Feature","geometry":{"type":"Point","coordinates":[4.99646,52.094146]},"properties":{"category":"glasbak","name":"5562","operator":"","osm_id":"node/12959720928"}},{"type":"Feature","geometry":{"type":"Point","coordinates":[4.998905,52.09148]},"properties":{"category":"glasbak","name":"5488","operator":"","osm_id":"node/12959720929"}},{"type":"Feature","geometry":{"type":"Point","coordinates":[4.998935,52.091474]},"properties":{"category":"glasbak","name":"5253","operator":"","osm_id":"node/12959720930"}},{"type":"Feature","geometry":{"type":"Point","coordinates":[4.998966,52.091468]},"properties":{"category":"glasbak","name":"","operator":"","osm_id":"node/12959720931"}},{"type":"Feature","geometry":{"type":"Point","coordinates":[4.999166,52.092552]},"properties":{"category":"glasbak","name":"5392","operator":"","osm_id":"node/12959720932"}},{"type":"Feature","geometry":{"type":"Point","coordinates":[4.999196,52.092531]},"properties":{"category":"glasbak","name":"5598","operator":"","osm_id":"node/12959720933"}},{"type":"Feature","geometry":{"type":"Point","coordinates":[5.002343,52.094109]},"properties":{"category":"glasbak","name":"","operator":"","osm_id":"node/12959720934"}},{"type":"Feature","geometry":{"type":"Point","coordinates":[5.003587,52.093838]},"properties":{"category":"glasbak","name":"","operator":"","osm_id":"node/12959720935"}},{"type":"Feature","geometry":{"type":"Point","coordinates":[5.005352,52.093263]},"properties":{"category":"glasbak","name":"","operator":"","osm_id":"node/12959720936"}},{"type":"Feature","geometry":{"type":"Point","coordinates":[5.005659,52.094053]},"properties":{"category":"glasbak","name":"5575","operator":"","osm_id":"node/12959720937"}},{"type":"Feature","geometry":{"type":"Point","coordinates":[5.005668,52.094069]},"properties":{"category":"glasbak","name":"5528","operator":"","osm_id":"node/12959720938"}},{"type":"Feature","geometry":{"type":"Point","coordinates":[5.007058,52.093787]},"properties":{"category":"glasbak","name":"","operator":"","osm_id":"node/12959720939"}},{"type":"Feature","geometry":{"type":"Point","coordinates":[5.007885,52.093729]},"properties":{"category":"glasbak","name":"","operator":"","osm_id":"node/12959720940"}},{"type":"Feature","geometry":{"type":"Point","coordinates":[5.009553,52.094303]},"properties":{"category":"glasbak","name":"7394","operator":"","osm_id":"node/12959720941"}},{"type":"Feature","geometry":{"type":"Point","coordinates":[5.009559,52.094275]},"properties":{"category":"glasbak","name":"2346","operator":"","osm_id":"node/12959720942"}},{"type":"Feature","geometry":{"type":"Point","coordinates":[5.009533,52.094287]},"properties":{"category":"glasbak","name":"7482","operator":"","osm_id":"node/12959720943"}},{"type":"Feature","geometry":{"type":"Point","coordinates":[5.009514,52.094274]},"properties":{"category":"glasbak","name":"7697","operator":"","osm_id":"node/12959720944"}},{"type":"Feature","geometry":{"type":"Point","coordinates":[5.009537,52.09426]},"properties":{"category":"glasbak","name":"7440","operator":"","osm_id":"node/12959720945"}},{"type":"Feature","geometry":{"type":"Point","coordinates":[5.009493,52.09426]},"properties":{"category":"glasbak","name":"7693","operator":"","osm_id":"node/12959720946"}},{"type":"Feature","geometry":{"type":"Point","coordinates":[5.009512,52.094247]},"properties":{"category":"glasbak","name":"","operator":"","osm_id":"node/12959720947"}},{"type":"Feature","geometry":{"type":"Point","coordinates":[5.004318,52.091366]},"properties":{"category":"glasbak","name":"","operator":"","osm_id":"node/12959720948"}},{"type":"Feature","geometry":{"type":"Point","coordinates":[5.006328,52.090035]},"properties":{"category":"glasbak","name":"5180","operator":"","osm_id":"node/12959720949"}},{"type":"Feature","geometry":{"type":"Point","coordinates":[5.006356,52.090028]},"properties":{"category":"glasbak","name":"5143","operator":"","osm_id":"node/12959720950"}},{"type":"Feature","geometry":{"type":"Point","coordinates":[5.008613,52.090505]},"properties":{"category":"glasbak","name":"5005","operator":"","osm_id":"node/12959720951"}},{"type":"Feature","geometry":{"type":"Point","coordinates":[5.008601,52.090487]},"properties":{"category":"glasbak","name":"4925","operator":"","osm_id":"node/12959720952"}},{"type":"Feature","geometry":{"type":"Point","coordinates":[5.0084,52.091355]},"properties":{"category":"glasbak","name":"","operator":"","osm_id":"node/12959720953"}},{"type":"Feature","geometry":{"type":"Point","coordinates":[5.01051,52.093119]},"properties":{"category":"glasbak","name":"7503","operator":"","osm_id":"node/12959720954"}},{"type":"Feature","geometry":{"type":"Point","coordinates":[5.01054,52.093112]},"properties":{"category":"glasbak","name":"7695","operator":"","osm_id":"node/12959720955"}},{"type":"Feature","geometry":{"type":"Point","coordinates":[5.01057,52.093106]},"properties":{"category":"glasbak","name":"7677","operator":"","osm_id":"node/12959720956"}},{"type":"Feature","geometry":{"type":"Point","coordinates":[5.013258,52.093918]},"properties":{"category":"glasbak","name":"7009","operator":"","osm_id":"node/12959720957"}},{"type":"Feature","geometry":{"type":"Point","coordinates":[5.013197,52.09396]},"properties":{"category":"glasbak","name":"7012","operator":"","osm_id":"node/12959720958"}},{"type":"Feature","geometry":{"type":"Point","coordinates":[5.013237,52.093931]},"properties":{"category":"glasbak","name":"7010","operator":"","osm_id":"node/12959720959"}},{"type":"Feature","geometry":{"type":"Point","coordinates":[5.013217,52.093945]},"properties":{"category":"glasbak","name":"7011","operator":"","osm_id":"node/12959720960"}},{"type":"Feature","geometry":{"type":"Point","coordinates":[5.012582,52.090149]},"properties":{"category":"glasbak","name":"","operator":"","osm_id":"node/12959720961"}},{"type":"Feature","geometry":{"type":"Point","coordinates":[5.019455,52.092754]},"properties":{"category":"glasbak","name":"","operator":"","osm_id":"node/12959720962"}},{"type":"Feature","geometry":{"type":"Point","coordinates":[5.01585,52.092259]},"properties":{"category":"glasbak","name":"7699","operator":"","osm_id":"node/12959720963"}},{"type":"Feature","geometry":{"type":"Point","coordinates":[5.015854,52.09228]},"properties":{"category":"glasbak","name":"7686","operator":"","osm_id":"node/12959720964"}},{"type":"Feature","geometry":{"type":"Point","coordinates":[5.014305,52.092996]},"properties":{"category":"glasbak","name":"7523","operator":"","osm_id":"node/12959720965"}},{"type":"Feature","geometry":{"type":"Point","coordinates":[5.014316,52.092977]},"properties":{"category":"glasbak","name":"7420","operator":"","osm_id":"node/12959720966"}},{"type":"Feature","geometry":{"type":"Point","coordinates":[5.014325,52.092959]},"properties":{"category":"glasbak","name":"7688","operator":"","osm_id":"node/12959720967"}},{"type":"Feature","geometry":{"type":"Point","coordinates":[5.014334,52.092941]},"properties":{"category":"glasbak","name":"7450","operator":"","osm_id":"node/12959720968"}},{"type":"Feature","geometry":{"type":"Point","coordinates":[5.014343,52.092921]},"properties":{"category":"glasbak","name":"0436","operator":"","osm_id":"node/12959720969"}},{"type":"Feature","geometry":{"type":"Point","coordinates":[5.014353,52.092904]},"properties":{"category":"glasbak","name":"0437","operator":"","osm_id":"node/12959720970"}},{"type":"Feature","geometry":{"type":"Point","coordinates":[5.01436,52.092885]},"properties":{"category":"glasbak","name":"7478","operator":"","osm_id":"node/12959720971"}},{"type":"Feature","geometry":{"type":"Point","coordinates":[5.009816,52.089443]},"properties":{"category":"glasbak","name":"4324","operator":"","osm_id":"node/12959883383"}},{"type":"Feature","geometry":{"type":"Point","coordinates":[5.009806,52.089424]},"properties":{"category":"glasbak","name":"4858","operator":"","osm_id":"node/12959883384"}},{"type":"Feature","geometry":{"type":"Point","coordinates":[5.011266,52.089787]},"properties":{"category":"glasbak","name":"4938","operator":"","osm_id":"node/12959883385"}},{"type":"Feature","geometry":{"type":"Point","coordinates":[5.011293,52.08978]},"properties":{"category":"glasbak","name":"5042","operator":"","osm_id":"node/12959883386"}},{"type":"Feature","geometry":{"type":"Point","coordinates":[5.011898,52.089013]},"properties":{"category":"glasbak","name":"5184","operator":"","osm_id":"node/12959883387"}},{"type":"Feature","geometry":{"type":"Point","coordinates":[5.011887,52.088994]},"properties":{"category":"glasbak","name":"4994","operator":"","osm_id":"node/12959883388"}},{"type":"Feature","geometry":{"type":"Point","coordinates":[5.013319,52.088842]},"properties":{"category":"glasbak","name":"5019","operator":"","osm_id":"node/12959883389"}},{"type":"Feature","geometry":{"type":"Point","coordinates":[5.013329,52.088857]},"properties":{"category":"glasbak","name":"5073","operator":"","osm_id":"node/12959883390"}},{"type":"Feature","geometry":{"type":"Point","coordinates":[5.014535,52.089807]},"properties":{"category":"glasbak","name":"","operator":"","osm_id":"node/12959883391"}},{"type":"Feature","geometry":{"type":"Point","coordinates":[5.015088,52.088698]},"properties":{"category":"glasbak","name":"","operator":"","osm_id":"node/12959883392"}},{"type":"Feature","geometry":{"type":"Point","coordinates":[5.017267,52.089584]},"properties":{"category":"glasbak","name":"","operator":"","osm_id":"node/12959883393"}},{"type":"Feature","geometry":{"type":"Point","coordinates":[5.01991,52.08942]},"properties":{"category":"glasbak","name":"5061","operator":"","osm_id":"node/12959883394"}},{"type":"Feature","geometry":{"type":"Point","coordinates":[5.01994,52.089414]},"properties":{"category":"glasbak","name":"7065","operator":"","osm_id":"node/12959883395"}},{"type":"Feature","geometry":{"type":"Point","coordinates":[5.01997,52.089407]},"properties":{"category":"glasbak","name":"4865","operator":"","osm_id":"node/12959883396"}},{"type":"Feature","geometry":{"type":"Point","coordinates":[5.019998,52.089401]},"properties":{"category":"glasbak","name":"4886","operator":"","osm_id":"node/12959883397"}},{"type":"Feature","geometry":{"type":"Point","coordinates":[5.020618,52.088577]},"properties":{"category":"glasbak","name":"5145","operator":"","osm_id":"node/12959883398"}},{"type":"Feature","geometry":{"type":"Point","coordinates":[5.02061,52.088558]},"properties":{"category":"glasbak","name":"5103","operator":"","osm_id":"node/12959883399"}},{"type":"Feature","geometry":{"type":"Point","coordinates":[5.01546,52.087554]},"properties":{"category":"glasbak","name":"","operator":"","osm_id":"node/12959883400"}},{"type":"Feature","geometry":{"type":"Point","coordinates":[5.014696,52.087697]},"properties":{"category":"glasbak","name":"","operator":"","osm_id":"node/12959898301"}},{"type":"Feature","geometry":{"type":"Point","coordinates":[5.006149,52.086872]},"properties":{"category":"glasbak","name":"","operator":"","osm_id":"node/12959898302"}},{"type":"Feature","geometry":{"type":"Point","coordinates":[5.008763,52.08671]},"properties":{"category":"glasbak","name":"","operator":"","osm_id":"node/12959898303"}},{"type":"Feature","geometry":{"type":"Point","coordinates":[5.009671,52.085789]},"properties":{"category":"glasbak","name":"","operator":"","osm_id":"node/12959898304"}},{"type":"Feature","geometry":{"type":"Point","coordinates":[5.009278,52.085295]},"properties":{"category":"glasbak","name":"","operator":"","osm_id":"node/12959898305"}},{"type":"Feature","geometry":{"type":"Point","coordinates":[5.005132,52.085166]},"properties":{"category":"glasbak","name":"1663","operator":"","osm_id":"node/12959898306"}},{"type":"Feature","geometry":{"type":"Point","coordinates":[5.015187,52.08507]},"properties":{"category":"glasbak","name":"1622","operator":"","osm_id":"node/12959898307"}},{"type":"Feature","geometry":{"type":"Point","coordinates":[5.015218,52.085068]},"properties":{"category":"glasbak","name":"2484","operator":"","osm_id":"node/12959898308"}},{"type":"Feature","geometry":{"type":"Point","coordinates":[5.018264,52.085259]},"properties":{"category":"glasbak","name":"","operator":"","osm_id":"node/12959898309"}},{"type":"Feature","geometry":{"type":"Point","coordinates":[5.01516,52.084328]},"properties":{"category":"glasbak","name":"","operator":"","osm_id":"node/12959898310"}},{"type":"Feature","geometry":{"type":"Point","coordinates":[5.008578,52.081105]},"properties":{"category":"glasbak","name":"","operator":"","osm_id":"node/12959898311"}},{"type":"Feature","geometry":{"type":"Point","coordinates":[5.0109,52.07916]},"properties":{"category":"glasbak","name":"1668","operator":"","osm_id":"node/12959898312"}},{"type":"Feature","geometry":{"type":"Point","coordinates":[5.010904,52.079181]},"properties":{"category":"glasbak","name":"1667","operator":"","osm_id":"node/12959898313"}},{"type":"Feature","geometry":{"type":"Point","coordinates":[5.036011,52.112208]},"properties":{"category":"glasbak","name":"","operator":"","osm_id":"node/12961087122"}},{"type":"Feature","geometry":{"type":"Point","coordinates":[5.035909,52.111761]},"properties":{"category":"glasbak","name":"","operator":"","osm_id":"node/12961087123"}},{"type":"Feature","geometry":{"type":"Point","coordinates":[5.036416,52.111363]},"properties":{"category":"glasbak","name":"","operator":"","osm_id":"node/12961087124"}},{"type":"Feature","geometry":{"type":"Point","coordinates":[5.034796,52.111614]},"properties":{"category":"glasbak","name":"","operator":"","osm_id":"node/12961087125"}},{"type":"Feature","geometry":{"type":"Point","coordinates":[5.033412,52.110436]},"properties":{"category":"glasbak","name":"","operator":"","osm_id":"node/12961087126"}},{"type":"Feature","geometry":{"type":"Point","coordinates":[5.035413,52.109997]},"properties":{"category":"glasbak","name":"","operator":"","osm_id":"node/12961087127"}},{"type":"Feature","geometry":{"type":"Point","coordinates":[5.037171,52.109818]},"properties":{"category":"glasbak","name":"","operator":"","osm_id":"node/12961087128"}},{"type":"Feature","geometry":{"type":"Point","coordinates":[5.036622,52.110749]},"properties":{"category":"glasbak","name":"","operator":"","osm_id":"node/12961087129"}},{"type":"Feature","geometry":{"type":"Point","coordinates":[5.037594,52.110493]},"properties":{"category":"glasbak","name":"","operator":"","osm_id":"node/12961087130"}},{"type":"Feature","geometry":{"type":"Point","coordinates":[5.038163,52.110352]},"properties":{"category":"glasbak","name":"","operator":"","osm_id":"node/12961087131"}},{"type":"Feature","geometry":{"type":"Point","coordinates":[5.033393,52.10945]},"properties":{"category":"glasbak","name":"","operator":"","osm_id":"node/12961087132"}},{"type":"Feature","geometry":{"type":"Point","coordinates":[5.036999,52.109512]},"properties":{"category":"glasbak","name":"","operator":"","osm_id":"node/12961087133"}},{"type":"Feature","geometry":{"type":"Point","coordinates":[5.037604,52.109448]},"properties":{"category":"glasbak","name":"3547","operator":"","osm_id":"node/12961087134"}},{"type":"Feature","geometry":{"type":"Point","coordinates":[5.037565,52.109478]},"properties":{"category":"glasbak","name":"3535","operator":"","osm_id":"node/12961087135"}},{"type":"Feature","geometry":{"type":"Point","coordinates":[5.037581,52.109464]},"properties":{"category":"glasbak","name":"3534","operator":"","osm_id":"node/12961087136"}},{"type":"Feature","geometry":{"type":"Point","coordinates":[5.037542,52.109494]},"properties":{"category":"glasbak","name":"3755","operator":"","osm_id":"node/12961087137"}},{"type":"Feature","geometry":{"type":"Point","coordinates":[5.037621,52.109435]},"properties":{"category":"glasbak","name":"3754","operator":"","osm_id":"node/12961087138"}},{"type":"Feature","geometry":{"type":"Point","coordinates":[5.031562,52.108713]},"properties":{"category":"glasbak","name":"","operator":"","osm_id":"node/12961087139"}},{"type":"Feature","geometry":{"type":"Point","coordinates":[5.029568,52.106602]},"properties":{"category":"glasbak","name":"","operator":"","osm_id":"node/12961087140"}},{"type":"Feature","geometry":{"type":"Point","coordinates":[5.035013,52.107436]},"properties":{"category":"glasbak","name":"","operator":"","osm_id":"node/12961087141"}},{"type":"Feature","geometry":{"type":"Point","coordinates":[5.036055,52.107578]},"properties":{"category":"glasbak","name":"","operator":"","osm_id":"node/12961087142"}},{"type":"Feature","geometry":{"type":"Point","coordinates":[5.036988,52.107603]},"properties":{"category":"glasbak","name":"4782","operator":"","osm_id":"node/12961087143"}},{"type":"Feature","geometry":{"type":"Point","coordinates":[5.037018,52.107604]},"properties":{"category":"glasbak","name":"4814","operator":"","osm_id":"node/12961087144"}},{"type":"Feature","geometry":{"type":"Point","coordinates":[5.035762,52.108345]},"properties":{"category":"glasbak","name":"","operator":"","osm_id":"node/12961087145"}},{"type":"Feature","geometry":{"type":"Point","coordinates":[5.037039,52.108943]},"properties":{"category":"glasbak","name":"","operator":"","osm_id":"node/12961087146"}},{"type":"Feature","geometry":{"type":"Point","coordinates":[5.034386,52.106374]},"properties":{"category":"glasbak","name":"","operator":"","osm_id":"node/12961087147"}},{"type":"Feature","geometry":{"type":"Point","coordinates":[5.033923,52.105183]},"properties":{"category":"glasbak","name":"","operator":"","osm_id":"node/12961087148"}},{"type":"Feature","geometry":{"type":"Point","coordinates":[5.033956,52.105183]},"properties":{"category":"glasbak","name":"","operator":"","osm_id":"node/12961087149"}},{"type":"Feature","geometry":{"type":"Point","coordinates":[5.033205,52.10416]},"properties":{"category":"glasbak","name":"","operator":"","osm_id":"node/12961087150"}},{"type":"Feature","geometry":{"type":"Point","coordinates":[5.034601,52.104199]},"properties":{"category":"glasbak","name":"","operator":"","osm_id":"node/12961087151"}},{"type":"Feature","geometry":{"type":"Point","coordinates":[5.034345,52.103822]},"properties":{"category":"glasbak","name":"","operator":"","osm_id":"node/12961087152"}},{"type":"Feature","geometry":{"type":"Point","coordinates":[5.035255,52.104216]},"properties":{"category":"glasbak","name":"","operator":"","osm_id":"node/12961087153"}},{"type":"Feature","geometry":{"type":"Point","coordinates":[5.036346,52.103833]},"properties":{"category":"glasbak","name":"5174","operator":"","osm_id":"node/12961087154"}},{"type":"Feature","geometry":{"type":"Point","coordinates":[5.036379,52.103831]},"properties":{"category":"glasbak","name":"4806","operator":"","osm_id":"node/12961087155"}},{"type":"Feature","geometry":{"type":"Point","coordinates":[5.036385,52.10385]},"properties":{"category":"glasbak","name":"4928","operator":"","osm_id":"node/12961087156"}},{"type":"Feature","geometry":{"type":"Point","coordinates":[5.037569,52.104279]},"properties":{"category":"glasbak","name":"","operator":"","osm_id":"node/12961087157"}},{"type":"Feature","geometry":{"type":"Point","coordinates":[5.037005,52.105002]},"properties":{"category":"glasbak","name":"7988","operator":"","osm_id":"node/12961087158"}},{"type":"Feature","geometry":{"type":"Point","coordinates":[5.037036,52.105002]},"properties":{"category":"glasbak","name":"7908","operator":"","osm_id":"node/12961087159"}},{"type":"Feature","geometry":{"type":"Point","coordinates":[5.036968,52.105459]},"properties":{"category":"glasbak","name":"7290","operator":"","osm_id":"node/12961087160"}},{"type":"Feature","geometry":{"type":"Point","coordinates":[5.037001,52.105459]},"properties":{"category":"glasbak","name":"7287","operator":"","osm_id":"node/12961087161"}},{"type":"Feature","geometry":{"type":"Point","coordinates":[5.036924,52.106154]},"properties":{"category":"glasbak","name":"7327","operator":"","osm_id":"node/12961087162"}},{"type":"Feature","geometry":{"type":"Point","coordinates":[5.036955,52.106155]},"properties":{"category":"glasbak","name":"7263","operator":"","osm_id":"node/12961087163"}},{"type":"Feature","geometry":{"type":"Point","coordinates":[5.034728,52.102468]},"properties":{"category":"glasbak","name":"4926","operator":"","osm_id":"node/12961087164"}},{"type":"Feature","geometry":{"type":"Point","coordinates":[5.040287,52.104539]},"properties":{"category":"glasbak","name":"5112","operator":"","osm_id":"node/12961087165"}},{"type":"Feature","geometry":{"type":"Point","coordinates":[5.040288,52.104518]},"properties":{"category":"glasbak","name":"5091","operator":"","osm_id":"node/12961087166"}},{"type":"Feature","geometry":{"type":"Point","coordinates":[5.040319,52.10452]},"properties":{"category":"glasbak","name":"4963","operator":"","osm_id":"node/12961087167"}},{"type":"Feature","geometry":{"type":"Point","coordinates":[5.040233,52.105213]},"properties":{"category":"glasbak","name":"4505","operator":"","osm_id":"node/12961087168"}},{"type":"Feature","geometry":{"type":"Point","coordinates":[5.040265,52.105214]},"properties":{"category":"glasbak","name":"7284","operator":"","osm_id":"node/12961087169"}},{"type":"Feature","geometry":{"type":"Point","coordinates":[5.040214,52.105899]},"properties":{"category":"glasbak","name":"","operator":"","osm_id":"node/12961087170"}},{"type":"Feature","geometry":{"type":"Point","coordinates":[5.040148,52.106302]},"properties":{"category":"glasbak","name":"","operator":"","osm_id":"node/12961087171"}},{"type":"Feature","geometry":{"type":"Point","coordinates":[5.040154,52.106843]},"properties":{"category":"glasbak","name":"4453","operator":"","osm_id":"node/12961087172"}},{"type":"Feature","geometry":{"type":"Point","coordinates":[5.040156,52.106822]},"properties":{"category":"glasbak","name":"4726","operator":"","osm_id":"node/12961087173"}},{"type":"Feature","geometry":{"type":"Point","coordinates":[5.040108,52.107389]},"properties":{"category":"glasbak","name":"","operator":"","osm_id":"node/12961087174"}},{"type":"Feature","geometry":{"type":"Point","coordinates":[5.040037,52.108579]},"properties":{"category":"glasbak","name":"5228","operator":"","osm_id":"node/12961087175"}},{"type":"Feature","geometry":{"type":"Point","coordinates":[5.040023,52.108561]},"properties":{"category":"glasbak","name":"4513","operator":"","osm_id":"node/12961087176"}},{"type":"Feature","geometry":{"type":"Point","coordinates":[5.040405,52.10915]},"properties":{"category":"glasbak","name":"4731","operator":"","osm_id":"node/12961087177"}},{"type":"Feature","geometry":{"type":"Point","coordinates":[5.040419,52.109171]},"properties":{"category":"glasbak","name":"4530","operator":"","osm_id":"node/12961087178"}},{"type":"Feature","geometry":{"type":"Point","coordinates":[5.04087,52.109836]},"properties":{"category":"glasbak","name":"","operator":"","osm_id":"node/12961087179"}},{"type":"Feature","geometry":{"type":"Point","coordinates":[5.042858,52.108913]},"properties":{"category":"glasbak","name":"6117","operator":"","osm_id":"node/12961087180"}},{"type":"Feature","geometry":{"type":"Point","coordinates":[5.042881,52.108903]},"properties":{"category":"glasbak","name":"6178","operator":"","osm_id":"node/12961087181"}},{"type":"Feature","geometry":{"type":"Point","coordinates":[5.042908,52.108892]},"properties":{"category":"glasbak","name":"6192","operator":"","osm_id":"node/12961087182"}},{"type":"Feature","geometry":{"type":"Point","coordinates":[5.042188,52.107782]},"properties":{"category":"glasbak","name":"6113","operator":"","osm_id":"node/12961087183"}},{"type":"Feature","geometry":{"type":"Point","coordinates":[5.042179,52.107767]},"properties":{"category":"glasbak","name":"5568","operator":"","osm_id":"node/12961087184"}},{"type":"Feature","geometry":{"type":"Point","coordinates":[5.041791,52.107295]},"properties":{"category":"glasbak","name":"6127","operator":"","osm_id":"node/12961087185"}},{"type":"Feature","geometry":{"type":"Point","coordinates":[5.041799,52.107311]},"properties":{"category":"glasbak","name":"6101","operator":"","osm_id":"node/12961087186"}},{"type":"Feature","geometry":{"type":"Point","coordinates":[5.043066,52.106363]},"properties":{"category":"glasbak","name":"6027","operator":"","osm_id":"node/12961087187"}},{"type":"Feature","geometry":{"type":"Point","coordinates":[5.043049,52.106377]},"properties":{"category":"glasbak","name":"6081","operator":"","osm_id":"node/12961087188"}},{"type":"Feature","geometry":{"type":"Point","coordinates":[5.043801,52.107315]},"properties":{"category":"glasbak","name":"1544","operator":"","osm_id":"node/12961087189"}},{"type":"Feature","geometry":{"type":"Point","coordinates":[5.043814,52.107299]},"properties":{"category":"glasbak","name":"1547","operator":"","osm_id":"node/12961087190"}},{"type":"Feature","geometry":{"type":"Point","coordinates":[5.044647,52.108114]},"properties":{"category":"glasbak","name":"","operator":"","osm_id":"node/12961087191"}},{"type":"Feature","geometry":{"type":"Point","coordinates":[5.046181,52.107404]},"properties":{"category":"glasbak","name":"5397","operator":"","osm_id":"node/12961087192"}},{"type":"Feature","geometry":{"type":"Point","coordinates":[5.046197,52.107417]},"properties":{"category":"glasbak","name":"6044","operator":"","osm_id":"node/12961087193"}},{"type":"Feature","geometry":{"type":"Point","coordinates":[5.04593,52.107048]},"properties":{"category":"glasbak","name":"","operator":"","osm_id":"node/12961087194"}},{"type":"Feature","geometry":{"type":"Point","coordinates":[5.044593,52.106598]},"properties":{"category":"glasbak","name":"6163","operator":"","osm_id":"node/12961087195"}},{"type":"Feature","geometry":{"type":"Point","coordinates":[5.044599,52.106614]},"properties":{"category":"glasbak","name":"6040","operator":"","osm_id":"node/12961087196"}},{"type":"Feature","geometry":{"type":"Point","coordinates":[5.045639,52.106479]},"properties":{"category":"glasbak","name":"6006","operator":"","osm_id":"node/12961087197"}},{"type":"Feature","geometry":{"type":"Point","coordinates":[5.045666,52.106473]},"properties":{"category":"glasbak","name":"6000","operator":"","osm_id":"node/12961087198"}},{"type":"Feature","geometry":{"type":"Point","coordinates":[5.045361,52.105908]},"properties":{"category":"glasbak","name":"","operator":"","osm_id":"node/12961087199"}},{"type":"Feature","geometry":{"type":"Point","coordinates":[5.04507,52.10534]},"properties":{"category":"glasbak","name":"6028","operator":"","osm_id":"node/12961087200"}},{"type":"Feature","geometry":{"type":"Point","coordinates":[5.045096,52.105334]},"properties":{"category":"glasbak","name":"5879","operator":"","osm_id":"node/12961098801"}},{"type":"Feature","geometry":{"type":"Point","coordinates":[5.045152,52.104807]},"properties":{"category":"glasbak","name":"","operator":"","osm_id":"node/12961098802"}},{"type":"Feature","geometry":{"type":"Point","coordinates":[5.045167,52.104795]},"properties":{"category":"glasbak","name":"6022","operator":"","osm_id":"node/12961098803"}},{"type":"Feature","geometry":{"type":"Point","coordinates":[5.045187,52.104779]},"properties":{"category":"glasbak","name":"","operator":"","osm_id":"node/12961098804"}},{"type":"Feature","geometry":{"type":"Point","coordinates":[5.045127,52.104796]},"properties":{"category":"glasbak","name":"6147","operator":"","osm_id":"node/12961098805"}},{"type":"Feature","geometry":{"type":"Point","coordinates":[5.045141,52.104784]},"properties":{"category":"glasbak","name":"5526","operator":"","osm_id":"node/12961098806"}},{"type":"Feature","geometry":{"type":"Point","coordinates":[5.04664,52.104358]},"properties":{"category":"glasbak","name":"","operator":"","osm_id":"node/12961098807"}},{"type":"Feature","geometry":{"type":"Point","coordinates":[5.047506,52.103226]},"properties":{"category":"glasbak","name":"","operator":"","osm_id":"node/12961098808"}},{"type":"Feature","geometry":{"type":"Point","coordinates":[5.048657,52.104184]},"properties":{"category":"glasbak","name":"","operator":"","osm_id":"node/12961098809"}},{"type":"Feature","geometry":{"type":"Point","coordinates":[5.049298,52.104892]},"properties":{"category":"glasbak","name":"","operator":"","osm_id":"node/12961098810"}},{"type":"Feature","geometry":{"type":"Point","coordinates":[5.049729,52.106068]},"properties":{"category":"glasbak","name":"","operator":"","osm_id":"node/12961098811"}},{"type":"Feature","geometry":{"type":"Point","coordinates":[5.048464,52.106653]},"properties":{"category":"glasbak","name":"","operator":"","osm_id":"node/12961098812"}},{"type":"Feature","geometry":{"type":"Point","coordinates":[5.045929,52.102967]},"properties":{"category":"glasbak","name":"","operator":"","osm_id":"node/12961098813"}},{"type":"Feature","geometry":{"type":"Point","coordinates":[5.044951,52.103448]},"properties":{"category":"glasbak","name":"","operator":"","osm_id":"node/12961098814"}},{"type":"Feature","geometry":{"type":"Point","coordinates":[5.044142,52.10318]},"properties":{"category":"glasbak","name":"","operator":"","osm_id":"node/12961098815"}},{"type":"Feature","geometry":{"type":"Point","coordinates":[5.043698,52.104784]},"properties":{"category":"glasbak","name":"3945","operator":"","osm_id":"node/12961098816"}},{"type":"Feature","geometry":{"type":"Point","coordinates":[5.043711,52.104809]},"properties":{"category":"glasbak","name":"4560","operator":"","osm_id":"node/12961098817"}},{"type":"Feature","geometry":{"type":"Point","coordinates":[5.043488,52.104387]},"properties":{"category":"glasbak","name":"4512","operator":"","osm_id":"node/12961098818"}},{"type":"Feature","geometry":{"type":"Point","coordinates":[5.043498,52.104405]},"properties":{"category":"glasbak","name":"4521","operator":"","osm_id":"node/12961098819"}},{"type":"Feature","geometry":{"type":"Point","coordinates":[5.043506,52.104423]},"properties":{"category":"glasbak","name":"","operator":"","osm_id":"node/12961098820"}},{"type":"Feature","geometry":{"type":"Point","coordinates":[5.043514,52.10444]},"properties":{"category":"glasbak","name":"","operator":"","osm_id":"node/12961098821"}},{"type":"Feature","geometry":{"type":"Point","coordinates":[5.043087,52.103582]},"properties":{"category":"glasbak","name":"4504","operator":"","osm_id":"node/12961098822"}},{"type":"Feature","geometry":{"type":"Point","coordinates":[5.043094,52.103599]},"properties":{"category":"glasbak","name":"4489","operator":"","osm_id":"node/12961098823"}},{"type":"Feature","geometry":{"type":"Point","coordinates":[5.043113,52.103634]},"properties":{"category":"glasbak","name":"","operator":"","osm_id":"node/12961098824"}},{"type":"Feature","geometry":{"type":"Point","coordinates":[5.043102,52.103616]},"properties":{"category":"glasbak","name":"","operator":"","osm_id":"node/12961098825"}},{"type":"Feature","geometry":{"type":"Point","coordinates":[5.047171,52.105539]},"properties":{"category":"glasbak","name":"","operator":"","osm_id":"node/12961098826"}},{"type":"Feature","geometry":{"type":"Point","coordinates":[5.052802,52.102681]},"properties":{"category":"glasbak","name":"","operator":"","osm_id":"node/12961098827"}},{"type":"Feature","geometry":{"type":"Point","coordinates":[5.053543,52.103519]},"properties":{"category":"glasbak","name":"","operator":"","osm_id":"node/12961098828"}},{"type":"Feature","geometry":{"type":"Point","coordinates":[5.050715,52.103068]},"properties":{"category":"glasbak","name":"6031","operator":"","osm_id":"node/12961098829"}},{"type":"Feature","geometry":{"type":"Point","coordinates":[5.050713,52.10305]},"properties":{"category":"glasbak","name":"5950","operator":"","osm_id":"node/12961098830"}},{"type":"Feature","geometry":{"type":"Point","coordinates":[5.049759,52.103107]},"properties":{"category":"glasbak","name":"5885","operator":"","osm_id":"node/12961098831"}},{"type":"Feature","geometry":{"type":"Point","coordinates":[5.049759,52.103123]},"properties":{"category":"glasbak","name":"6011","operator":"","osm_id":"node/12961098832"}},{"type":"Feature","geometry":{"type":"Point","coordinates":[5.049252,52.103173]},"properties":{"category":"glasbak","name":"6048","operator":"","osm_id":"node/12961098833"}},{"type":"Feature","geometry":{"type":"Point","coordinates":[5.04934,52.103797]},"properties":{"category":"glasbak","name":"4615","operator":"","osm_id":"node/12961098834"}},{"type":"Feature","geometry":{"type":"Point","coordinates":[5.049368,52.103795]},"properties":{"category":"glasbak","name":"6181","operator":"","osm_id":"node/12961098835"}},{"type":"Feature","geometry":{"type":"Point","coordinates":[5.051287,52.103698]},"properties":{"category":"glasbak","name":"6144","operator":"","osm_id":"node/12961098836"}},{"type":"Feature","geometry":{"type":"Point","coordinates":[5.051284,52.103681]},"properties":{"category":"glasbak","name":"6106","operator":"","osm_id":"node/12961098837"}},{"type":"Feature","geometry":{"type":"Point","coordinates":[5.050998,52.104445]},"properties":{"category":"glasbak","name":"2241","operator":"","osm_id":"node/12961098838"}},{"type":"Feature","geometry":{"type":"Point","coordinates":[5.050469,52.104687]},"properties":{"category":"glasbak","name":"6149","operator":"","osm_id":"node/12961098839"}},{"type":"Feature","geometry":{"type":"Point","coordinates":[5.05049,52.104678]},"properties":{"category":"glasbak","name":"6095","operator":"","osm_id":"node/12961098840"}},{"type":"Feature","geometry":{"type":"Point","coordinates":[5.050999,52.104462]},"properties":{"category":"glasbak","name":"5801","operator":"","osm_id":"node/12961098841"}},{"type":"Feature","geometry":{"type":"Point","coordinates":[5.043678,52.100757]},"properties":{"category":"glasbak","name":"7926","operator":"","osm_id":"node/12961098842"}},{"type":"Feature","geometry":{"type":"Point","coordinates":[5.043636,52.10076]},"properties":{"category":"glasbak","name":"7956","operator":"","osm_id":"node/12961098843"}},{"type":"Feature","geometry":{"type":"Point","coordinates":[5.043593,52.100764]},"properties":{"category":"glasbak","name":"7991","operator":"","osm_id":"node/12961098844"}},{"type":"Feature","geometry":{"type":"Point","coordinates":[5.043611,52.100777]},"properties":{"category":"glasbak","name":"7639","operator":"Gemeente Utrecht","osm_id":"node/12961098845"}},{"type":"Feature","geometry":{"type":"Point","coordinates":[5.043694,52.100772]},"properties":{"category":"glasbak","name":"7555","operator":"","osm_id":"node/12961098846"}},{"type":"Feature","geometry":{"type":"Point","coordinates":[5.043736,52.100769]},"properties":{"category":"glasbak","name":"7920","operator":"","osm_id":"node/12961098847"}},{"type":"Feature","geometry":{"type":"Point","coordinates":[5.043719,52.100755]},"properties":{"category":"glasbak","name":"7986","operator":"","osm_id":"node/12961098848"}},{"type":"Feature","geometry":{"type":"Point","coordinates":[5.044109,52.100744]},"properties":{"category":"glasbak","name":"8004","operator":"","osm_id":"node/12961098849"}},{"type":"Feature","geometry":{"type":"Point","coordinates":[5.044096,52.10073]},"properties":{"category":"glasbak","name":"8022","operator":"","osm_id":"node/12961098850"}},{"type":"Feature","geometry":{"type":"Point","coordinates":[5.046516,52.100713]},"properties":{"category":"glasbak","name":"","operator":"Leger des Heils ReShare","osm_id":"node/12961098851"}},{"type":"Feature","geometry":{"type":"Point","coordinates":[5.046573,52.10071]},"properties":{"category":"glasbak","name":"3682","operator":"","osm_id":"node/12961098852"}},{"type":"Feature","geometry":{"type":"Point","coordinates":[5.046543,52.100712]},"properties":{"category":"glasbak","name":"3748","operator":"","osm_id":"node/12961098853"}},{"type":"Feature","geometry":{"type":"Point","coordinates":[5.046603,52.10071]},"properties":{"category":"glasbak","name":"3683","operator":"","osm_id":"node/12961098854"}},{"type":"Feature","geometry":{"type":"Point","coordinates":[5.046663,52.100706]},"properties":{"category":"glasbak","name":"4644","operator":"","osm_id":"node/12961098855"}},{"type":"Feature","geometry":{"type":"Point","coordinates":[5.046694,52.100704]},"properties":{"category":"glasbak","name":"6232","operator":"","osm_id":"node/12961098856"}},{"type":"Feature","geometry":{"type":"Point","coordinates":[5.046721,52.100703]},"properties":{"category":"glasbak","name":"3742","operator":"","osm_id":"node/12961098857"}},{"type":"Feature","geometry":{"type":"Point","coordinates":[5.047115,52.100569]},"properties":{"category":"glasbak","name":"8003","operator":"","osm_id":"node/12961098858"}},{"type":"Feature","geometry":{"type":"Point","coordinates":[5.044524,52.102354]},"properties":{"category":"glasbak","name":"3757","operator":"","osm_id":"node/12961098859"}},{"type":"Feature","geometry":{"type":"Point","coordinates":[5.044549,52.102364]},"properties":{"category":"glasbak","name":"3758","operator":"","osm_id":"node/12961098860"}},{"type":"Feature","geometry":{"type":"Point","coordinates":[5.044568,52.10235]},"properties":{"category":"glasbak","name":"3759","operator":"","osm_id":"node/12961098861"}},{"type":"Feature","geometry":{"type":"Point","coordinates":[5.046904,52.102217]},"properties":{"category":"glasbak","name":"3760","operator":"","osm_id":"node/12961098862"}},{"type":"Feature","geometry":{"type":"Point","coordinates":[5.046927,52.102229]},"properties":{"category":"glasbak","name":"3761","operator":"","osm_id":"node/12961098863"}},{"type":"Feature","geometry":{"type":"Point","coordinates":[5.046946,52.102215]},"properties":{"category":"glasbak","name":"3762","operator":"","osm_id":"node/12961098864"}},{"type":"Feature","geometry":{"type":"Point","coordinates":[5.049205,52.102223]},"properties":{"category":"glasbak","name":"4517","operator":"","osm_id":"node/12961098865"}},{"type":"Feature","geometry":{"type":"Point","coordinates":[5.049293,52.102217]},"properties":{"category":"glasbak","name":"4187","operator":"","osm_id":"node/12961098866"}},{"type":"Feature","geometry":{"type":"Point","coordinates":[5.049234,52.102221]},"properties":{"category":"glasbak","name":"5288","operator":"","osm_id":"node/12961098867"}},{"type":"Feature","geometry":{"type":"Point","coordinates":[5.049265,52.102219]},"properties":{"category":"glasbak","name":"4501","operator":"","osm_id":"node/12961098868"}},{"type":"Feature","geometry":{"type":"Point","coordinates":[5.049323,52.102215]},"properties":{"category":"glasbak","name":"","operator":"","osm_id":"node/12961098869"}},{"type":"Feature","geometry":{"type":"Point","coordinates":[5.050928,52.10133]},"properties":{"category":"glasbak","name":"5148","operator":"","osm_id":"node/12961098870"}},{"type":"Feature","geometry":{"type":"Point","coordinates":[5.050802,52.100566]},"properties":{"category":"glasbak","name":"4588","operator":"","osm_id":"node/12961098871"}},{"type":"Feature","geometry":{"type":"Point","coordinates":[5.050771,52.100566]},"properties":{"category":"glasbak","name":"5080","operator":"","osm_id":"node/12961098872"}},{"type":"Feature","geometry":{"type":"Point","coordinates":[5.050772,52.100548]},"properties":{"category":"glasbak","name":"4591","operator":"","osm_id":"node/12961098873"}},{"type":"Feature","geometry":{"type":"Point","coordinates":[5.051607,52.1012]},"properties":{"category":"glasbak","name":"5094","operator":"","osm_id":"node/12961098874"}},{"type":"Feature","geometry":{"type":"Point","coordinates":[5.051638,52.101198]},"properties":{"category":"glasbak","name":"5133","operator":"","osm_id":"node/12961098875"}},{"type":"Feature","geometry":{"type":"Point","coordinates":[5.053115,52.101203]},"properties":{"category":"glasbak","name":"8018","operator":"","osm_id":"node/12961098876"}},{"type":"Feature","geometry":{"type":"Point","coordinates":[5.053144,52.1012]},"properties":{"category":"glasbak","name":"7610","operator":"","osm_id":"node/12961098877"}},{"type":"Feature","geometry":{"type":"Point","coordinates":[5.053145,52.101219]},"properties":{"category":"glasbak","name":"7606","operator":"","osm_id":"node/12961098878"}},{"type":"Feature","geometry":{"type":"Point","coordinates":[5.053118,52.10122]},"properties":{"category":"glasbak","name":"8183","operator":"","osm_id":"node/12961098879"}},{"type":"Feature","geometry":{"type":"Point","coordinates":[5.053122,52.101238]},"properties":{"category":"glasbak","name":"3174","operator":"","osm_id":"node/12961098880"}},{"type":"Feature","geometry":{"type":"Point","coordinates":[5.053149,52.101237]},"properties":{"category":"glasbak","name":"8021","operator":"","osm_id":"node/12961098881"}},{"type":"Feature","geometry":{"type":"Point","coordinates":[5.054478,52.101004]},"properties":{"category":"glasbak","name":"5344","operator":"","osm_id":"node/12961098882"}},{"type":"Feature","geometry":{"type":"Point","coordinates":[5.054508,52.101001]},"properties":{"category":"glasbak","name":"4972","operator":"","osm_id":"node/12961098883"}},{"type":"Feature","geometry":{"type":"Point","coordinates":[5.05451,52.101019]},"properties":{"category":"glasbak","name":"7013","operator":"","osm_id":"node/12961098884"}},{"type":"Feature","geometry":{"type":"Point","coordinates":[5.054481,52.101022]},"properties":{"category":"glasbak","name":"7014","operator":"","osm_id":"node/12961098885"}},{"type":"Feature","geometry":{"type":"Point","coordinates":[5.05593,52.100943]},"properties":{"category":"glasbak","name":"4876","operator":"","osm_id":"node/12961098886"}},{"type":"Feature","geometry":{"type":"Point","coordinates":[5.055929,52.100924]},"properties":{"category":"glasbak","name":"4828","operator":"","osm_id":"node/12961098887"}},{"type":"Feature","geometry":{"type":"Point","coordinates":[5.055902,52.100926]},"properties":{"category":"glasbak","name":"4909","operator":"","osm_id":"node/12961098888"}},{"type":"Feature","geometry":{"type":"Point","coordinates":[5.055904,52.100943]},"properties":{"category":"glasbak","name":"","operator":"","osm_id":"node/12961098889"}},{"type":"Feature","geometry":{"type":"Point","coordinates":[5.056569,52.100287]},"properties":{"category":"glasbak","name":"4527","operator":"","osm_id":"node/12961098890"}},{"type":"Feature","geometry":{"type":"Point","coordinates":[5.056542,52.100307]},"properties":{"category":"glasbak","name":"4481","operator":"","osm_id":"node/12961098891"}},{"type":"Feature","geometry":{"type":"Point","coordinates":[5.056571,52.100306]},"properties":{"category":"glasbak","name":"5115","operator":"","osm_id":"node/12961098892"}},{"type":"Feature","geometry":{"type":"Point","coordinates":[5.05654,52.100288]},"properties":{"category":"glasbak","name":"","operator":"","osm_id":"node/12961098893"}},{"type":"Feature","geometry":{"type":"Point","coordinates":[5.059516,52.100859]},"properties":{"category":"glasbak","name":"5960","operator":"","osm_id":"node/12961098894"}},{"type":"Feature","geometry":{"type":"Point","coordinates":[5.059512,52.100833]},"properties":{"category":"glasbak","name":"6096","operator":"","osm_id":"node/12961098895"}},{"type":"Feature","geometry":{"type":"Point","coordinates":[5.059535,52.100844]},"properties":{"category":"glasbak","name":"5869","operator":"","osm_id":"node/12961098896"}},{"type":"Feature","geometry":{"type":"Point","coordinates":[5.059561,52.100857]},"properties":{"category":"glasbak","name":"5881","operator":"","osm_id":"node/12961098897"}},{"type":"Feature","geometry":{"type":"Point","coordinates":[5.059555,52.100832]},"properties":{"category":"glasbak","name":"6037","operator":"","osm_id":"node/12961098898"}},{"type":"Feature","geometry":{"type":"Point","coordinates":[5.059609,52.101492]},"properties":{"category":"glasbak","name":"4282","operator":"","osm_id":"node/12961098899"}},{"type":"Feature","geometry":{"type":"Point","coordinates":[5.059639,52.101489]},"properties":{"category":"glasbak","name":"4284","operator":"","osm_id":"node/12961098900"}},{"type":"Feature","geometry":{"type":"Point","coordinates":[5.056751,52.101658]},"properties":{"category":"glasbak","name":"4446","operator":"","osm_id":"node/12961098901"}},{"type":"Feature","geometry":{"type":"Point","coordinates":[5.056779,52.101656]},"properties":{"category":"glasbak","name":"4452","operator":"","osm_id":"node/12961098902"}},{"type":"Feature","geometry":{"type":"Point","coordinates":[5.054895,52.101889]},"properties":{"category":"glasbak","name":"5889","operator":"","osm_id":"node/12961098903"}},{"type":"Feature","geometry":{"type":"Point","coordinates":[5.054866,52.101892]},"properties":{"category":"glasbak","name":"5988","operator":"","osm_id":"node/12961098904"}},{"type":"Feature","geometry":{"type":"Point","coordinates":[5.054836,52.101893]},"properties":{"category":"glasbak","name":"5984","operator":"","osm_id":"node/12961098905"}},{"type":"Feature","geometry":{"type":"Point","coordinates":[5.054808,52.101895]},"properties":{"category":"glasbak","name":"5899","operator":"","osm_id":"node/12961098906"}},{"type":"Feature","geometry":{"type":"Point","coordinates":[5.054774,52.101898]},"properties":{"category":"glasbak","name":"5874","operator":"","osm_id":"node/12961098907"}},{"type":"Feature","geometry":{"type":"Point","coordinates":[5.054748,52.101899]},"properties":{"category":"glasbak","name":"6046","operator":"","osm_id":"node/12961098908"}},{"type":"Feature","geometry":{"type":"Point","coordinates":[5.007758,52.085837]},"properties":{"category":"glasbak","name":"","operator":"","osm_id":"node/12961143139"}},{"type":"Feature","geometry":{"type":"Point","coordinates":[5.003876,52.090165]},"properties":{"category":"glasbak","name":"5446","operator":"","osm_id":"node/12961151589"}},{"type":"Feature","geometry":{"type":"Point","coordinates":[5.003903,52.090158]},"properties":{"category":"glasbak","name":"5531","operator":"","osm_id":"node/12961151590"}},{"type":"Feature","geometry":{"type":"Point","coordinates":[5.010055,52.090763]},"properties":{"category":"glasbak","name":"","operator":"","osm_id":"node/12961189539"}},{"type":"Feature","geometry":{"type":"Point","coordinates":[5.117922,52.092787]},"properties":{"category":"glasbak","name":"0004","operator":"","osm_id":"node/12969290819"}},{"type":"Feature","geometry":{"type":"Point","coordinates":[5.117878,52.092785]},"properties":{"category":"glasbak","name":"0003","operator":"","osm_id":"node/12969290820"}},{"type":"Feature","geometry":{"type":"Point","coordinates":[5.06447,52.099673]},"properties":{"category":"glasbak","name":"5535","operator":"","osm_id":"node/12986481465"}},{"type":"Feature","geometry":{"type":"Point","coordinates":[5.064482,52.099659]},"properties":{"category":"glasbak","name":"5299","operator":"","osm_id":"node/12986481466"}},{"type":"Feature","geometry":{"type":"Point","coordinates":[5.062222,52.097377]},"properties":{"category":"glasbak","name":"5396","operator":"","osm_id":"node/12986481467"}},{"type":"Feature","geometry":{"type":"Point","coordinates":[5.062233,52.097364]},"properties":{"category":"glasbak","name":"5263","operator":"","osm_id":"node/12986481468"}},{"type":"Feature","geometry":{"type":"Point","coordinates":[5.064329,52.098339]},"properties":{"category":"glasbak","name":"4975","operator":"","osm_id":"node/12986481469"}},{"type":"Feature","geometry":{"type":"Point","coordinates":[5.064317,52.098355]},"properties":{"category":"glasbak","name":"5001","operator":"","osm_id":"node/12986481470"}},{"type":"Feature","geometry":{"type":"Point","coordinates":[5.064285,52.098398]},"properties":{"category":"glasbak","name":"4099","operator":"","osm_id":"node/12986481471"}},{"type":"Feature","geometry":{"type":"Point","coordinates":[5.064274,52.098412]},"properties":{"category":"glasbak","name":"5345","operator":"","osm_id":"node/12986481472"}},{"type":"Feature","geometry":{"type":"Point","coordinates":[5.138602,52.096166]},"properties":{"category":"glasbak","name":"","operator":"","osm_id":"node/13009050165"}},{"type":"Feature","geometry":{"type":"Point","coordinates":[5.06411,52.085772]},"properties":{"category":"glasbak","name":"","operator":"","osm_id":"node/13029861399"}},{"type":"Feature","geometry":{"type":"Point","coordinates":[5.062997,52.08587]},"properties":{"category":"glasbak","name":"","operator":"","osm_id":"node/13029984268"}},{"type":"Feature","geometry":{"type":"Point","coordinates":[5.067709,52.085959]},"properties":{"category":"glasbak","name":"","operator":"","osm_id":"node/13030043725"}},{"type":"Feature","geometry":{"type":"Point","coordinates":[5.135861,52.109017]},"properties":{"category":"glasbak","name":"","operator":"","osm_id":"node/13076078486"}},{"type":"Feature","geometry":{"type":"Point","coordinates":[5.136389,52.109612]},"properties":{"category":"glasbak","name":"","operator":"","osm_id":"node/13076081817"}},{"type":"Feature","geometry":{"type":"Point","coordinates":[5.120627,52.076045]},"properties":{"category":"glasbak","name":"","operator":"","osm_id":"node/13087058524"}},{"type":"Feature","geometry":{"type":"Point","coordinates":[5.121158,52.077363]},"properties":{"category":"glasbak","name":"","operator":"","osm_id":"node/13087065301"}},{"type":"Feature","geometry":{"type":"Point","coordinates":[5.134724,52.10884]},"properties":{"category":"glasbak","name":"","operator":"","osm_id":"node/13092455102"}},{"type":"Feature","geometry":{"type":"Point","coordinates":[5.115797,52.069615]},"properties":{"category":"glasbak","name":"","operator":"","osm_id":"node/13093221345"}},{"type":"Feature","geometry":{"type":"Point","coordinates":[5.115688,52.06954]},"properties":{"category":"glasbak","name":"","operator":"","osm_id":"node/13093221346"}},{"type":"Feature","geometry":{"type":"Point","coordinates":[5.063526,52.095678]},"properties":{"category":"glasbak","name":"","operator":"Leger des Heils","osm_id":"node/13106656184"}},{"type":"Feature","geometry":{"type":"Point","coordinates":[5.063533,52.095661]},"properties":{"category":"glasbak","name":"","operator":"","osm_id":"node/13106656684"}},{"type":"Feature","geometry":{"type":"Point","coordinates":[5.06355,52.095646]},"properties":{"category":"glasbak","name":"","operator":"","osm_id":"node/13106656685"}},{"type":"Feature","geometry":{"type":"Point","coordinates":[5.063475,52.095745]},"properties":{"category":"glasbak","name":"","operator":"","osm_id":"node/13106675107"}},{"type":"Feature","geometry":{"type":"Point","coordinates":[5.063462,52.095762]},"properties":{"category":"glasbak","name":"","operator":"","osm_id":"node/13106675340"}},{"type":"Feature","geometry":{"type":"Point","coordinates":[5.133043,52.065511]},"properties":{"category":"glasbak","name":"","operator":"","osm_id":"node/13162238047"}},{"type":"Feature","geometry":{"type":"Point","coordinates":[5.133036,52.065498]},"properties":{"category":"glasbak","name":"","operator":"","osm_id":"node/13162238048"}},{"type":"Feature","geometry":{"type":"Point","coordinates":[5.133052,52.065525]},"properties":{"category":"glasbak","name":"","operator":"","osm_id":"node/13162238049"}},{"type":"Feature","geometry":{"type":"Point","coordinates":[5.133061,52.065543]},"properties":{"category":"glasbak","name":"","operator":"","osm_id":"node/13162238050"}},{"type":"Feature","geometry":{"type":"Point","coordinates":[5.117212,52.085153]},"properties":{"category":"glasbak","name":"","operator":"","osm_id":"node/13198310133"}},{"type":"Feature","geometry":{"type":"Point","coordinates":[5.117236,52.085162]},"properties":{"category":"glasbak","name":"","operator":"","osm_id":"node/13198310134"}},{"type":"Feature","geometry":{"type":"Point","coordinates":[5.094116,52.104253]},"properties":{"category":"glasbak","name":"","operator":"","osm_id":"node/13240713229"}},{"type":"Feature","geometry":{"type":"Point","coordinates":[5.121035,52.06634]},"properties":{"category":"glasbak","name":"","operator":"","osm_id":"node/13246004398"}},{"type":"Feature","geometry":{"type":"Point","coordinates":[5.120989,52.06624]},"properties":{"category":"glasbak","name":"","operator":"","osm_id":"node/13246004399"}},{"type":"Feature","geometry":{"type":"Point","coordinates":[5.121073,52.066223]},"properties":{"category":"glasbak","name":"","operator":"","osm_id":"node/13246004400"}},{"type":"Feature","geometry":{"type":"Point","coordinates":[5.128424,52.093868]},"properties":{"category":"glasbak","name":"","operator":"","osm_id":"node/13296932867"}},{"type":"Feature","geometry":{"type":"Point","coordinates":[5.134755,52.076742]},"properties":{"category":"glasbak","name":"","operator":"Gemeente Utrecht","osm_id":"node/13306711307"}},{"type":"Feature","geometry":{"type":"Point","coordinates":[5.150122,52.087216]},"properties":{"category":"glasbak","name":"","operator":"","osm_id":"node/13367652082"}},{"type":"Feature","geometry":{"type":"Point","coordinates":[5.149963,52.088126]},"properties":{"category":"glasbak","name":"","operator":"","osm_id":"node/13367652083"}},{"type":"Feature","geometry":{"type":"Point","coordinates":[5.149751,52.086241]},"properties":{"category":"glasbak","name":"","operator":"","osm_id":"node/13367652084"}},{"type":"Feature","geometry":{"type":"Point","coordinates":[5.152184,52.088979]},"properties":{"category":"glasbak","name":"","operator":"","osm_id":"node/13367652085"}},{"type":"Feature","geometry":{"type":"Point","coordinates":[5.098392,52.099531]},"properties":{"category":"glasbak","name":"","operator":"","osm_id":"node/13394707942"}},{"type":"Feature","geometry":{"type":"Point","coordinates":[5.134998,52.087993]},"properties":{"category":"glasbak","name":"","operator":"","osm_id":"node/13437914207"}},{"type":"Feature","geometry":{"type":"Point","coordinates":[5.134212,52.087185]},"properties":{"category":"glasbak","name":"","operator":"","osm_id":"node/13437914208"}},{"type":"Feature","geometry":{"type":"Point","coordinates":[5.116946,52.121033]},"properties":{"category":"glasbak","name":"","operator":"","osm_id":"node/13447795145"}},{"type":"Feature","geometry":{"type":"Point","coordinates":[5.11697,52.121048]},"properties":{"category":"glasbak","name":"","operator":"","osm_id":"node/13447795146"}},{"type":"Feature","geometry":{"type":"Point","coordinates":[5.11661,52.097865]},"properties":{"category":"glasbak","name":"7034","operator":"","osm_id":"node/13542882120"}},{"type":"Feature","geometry":{"type":"Point","coordinates":[5.11577,52.099423]},"properties":{"category":"glasbak","name":"5328","operator":"","osm_id":"node/13542882121"}},{"type":"Feature","geometry":{"type":"Point","coordinates":[5.102432,52.098001]},"properties":{"category":"glasbak","name":"","operator":"","osm_id":"node/13543641375"}},{"type":"Feature","geometry":{"type":"Point","coordinates":[5.1024,52.09801]},"properties":{"category":"glasbak","name":"","operator":"","osm_id":"node/13543641376"}},{"type":"Feature","geometry":{"type":"Point","coordinates":[5.102371,52.098018]},"properties":{"category":"glasbak","name":"","operator":"","osm_id":"node/13543641377"}},{"type":"Feature","geometry":{"type":"Point","coordinates":[5.102332,52.098028]},"properties":{"category":"glasbak","name":"","operator":"","osm_id":"node/13543641378"}},{"type":"Feature","geometry":{"type":"Point","coordinates":[5.104063,52.099605]},"properties":{"category":"glasbak","name":"","operator":"","osm_id":"node/13639868058"}},{"type":"Feature","geometry":{"type":"Point","coordinates":[5.127464,52.089905]},"properties":{"category":"glasbak","name":"","operator":"","osm_id":"node/13708517526"}},{"type":"Feature","geometry":{"type":"Point","coordinates":[5.127485,52.089838]},"properties":{"category":"glasbak","name":"","operator":"","osm_id":"node/13708517527"}},{"type":"Feature","geometry":{"type":"Point","coordinates":[5.1275,52.089787]},"properties":{"category":"glasbak","name":"","operator":"","osm_id":"node/13708517528"}},{"type":"Feature","geometry":{"type":"Point","coordinates":[5.127516,52.089737]},"properties":{"category":"glasbak","name":"","operator":"","osm_id":"node/13708517529"}},{"type":"Feature","geometry":{"type":"Point","coordinates":[5.127523,52.089717]},"properties":{"category":"glasbak","name":"","operator":"","osm_id":"node/13708517530"}},{"type":"Feature","geometry":{"type":"Point","coordinates":[5.127529,52.089698]},"properties":{"category":"glasbak","name":"","operator":"","osm_id":"node/13708517531"}},{"type":"Feature","geometry":{"type":"Point","coordinates":[5.061326,52.083804]},"properties":{"category":"glasbak","name":"","operator":"Gemeente Utrecht","osm_id":"node/13726262266"}},{"type":"Feature","geometry":{"type":"Point","coordinates":[5.066951,52.084669]},"properties":{"category":"glasbak","name":"","operator":"Gemeente Utrecht","osm_id":"node/13735939896"}},{"type":"Feature","geometry":{"type":"Point","coordinates":[5.066949,52.084691]},"properties":{"category":"glasbak","name":"","operator":"Gemeente Utrecht","osm_id":"node/13735939897"}},{"type":"Feature","geometry":{"type":"Point","coordinates":[5.06695,52.084711]},"properties":{"category":"glasbak","name":"","operator":"Gemeente Utrecht","osm_id":"node/13735939898"}},{"type":"Feature","geometry":{"type":"Point","coordinates":[5.067973,52.083964]},"properties":{"category":"glasbak","name":"","operator":"","osm_id":"node/13736893025"}},{"type":"Feature","geometry":{"type":"Point","coordinates":[5.055151,52.086671]},"properties":{"category":"glasbak","name":"","operator":"","osm_id":"node/13789348220"}},{"type":"Feature","geometry":{"type":"Point","coordinates":[5.055152,52.086687]},"properties":{"category":"glasbak","name":"","operator":"","osm_id":"node/13789348221"}},{"type":"Feature","geometry":{"type":"Point","coordinates":[5.099393,52.122619]},"properties":{"category":"glasbak","name":"","operator":"","osm_id":"node/13841182275"}},{"type":"Feature","geometry":{"type":"Point","coordinates":[5.099372,52.122632]},"properties":{"category":"glasbak","name":"","operator":"","osm_id":"node/13841182276"}},{"type":"Feature","geometry":{"type":"Point","coordinates":[5.099349,52.122645]},"properties":{"category":"glasbak","name":"","operator":"","osm_id":"node/13841182277"}},{"type":"Feature","geometry":{"type":"Point","coordinates":[5.101169,52.124768]},"properties":{"category":"glasbak","name":"","operator":"","osm_id":"node/13849842933"}},{"type":"Feature","geometry":{"type":"Point","coordinates":[5.101143,52.124755]},"properties":{"category":"glasbak","name":"","operator":"","osm_id":"node/13849842934"}},{"type":"Feature","geometry":{"type":"Point","coordinates":[5.105838,52.12555]},"properties":{"category":"glasbak","name":"","operator":"","osm_id":"node/13849842935"}},{"type":"Feature","geometry":{"type":"Point","coordinates":[5.105806,52.125562]},"properties":{"category":"glasbak","name":"","operator":"","osm_id":"node/13849842936"}},{"type":"Feature","geometry":{"type":"Point","coordinates":[5.105374,52.126005]},"properties":{"category":"glasbak","name":"","operator":"","osm_id":"node/13849842937"}},{"type":"Feature","geometry":{"type":"Point","coordinates":[5.094672,52.125433]},"properties":{"category":"glasbak","name":"","operator":"","osm_id":"node/13879040585"}},{"type":"Feature","geometry":{"type":"Point","coordinates":[5.094651,52.125418]},"properties":{"category":"glasbak","name":"","operator":"","osm_id":"node/13879040586"}},{"type":"Feature","geometry":{"type":"Point","coordinates":[5.095241,52.125636]},"properties":{"category":"glasbak","name":"","operator":"","osm_id":"node/13879040587"}},{"type":"Feature","geometry":{"type":"Point","coordinates":[5.096814,52.125742]},"properties":{"category":"glasbak","name":"","operator":"","osm_id":"node/13879040588"}},{"type":"Feature","geometry":{"type":"Point","coordinates":[5.096797,52.125725]},"properties":{"category":"glasbak","name":"","operator":"","osm_id":"node/13879040589"}},{"type":"Feature","geometry":{"type":"Point","coordinates":[5.094747,52.124115]},"properties":{"category":"glasbak","name":"","operator":"","osm_id":"node/13882574302"}},{"type":"Feature","geometry":{"type":"Point","coordinates":[5.094732,52.124098]},"properties":{"category":"glasbak","name":"","operator":"","osm_id":"node/13882574303"}},{"type":"Feature","geometry":{"type":"Point","coordinates":[5.094311,52.123944]},"properties":{"category":"glasbak","name":"","operator":"","osm_id":"node/13882576323"}},{"type":"Feature","geometry":{"type":"Point","coordinates":[5.094287,52.12393]},"properties":{"category":"glasbak","name":"","operator":"","osm_id":"node/13882576324"}},{"type":"Feature","geometry":{"type":"Point","coordinates":[5.094514,52.124664]},"properties":{"category":"glasbak","name":"","operator":"","osm_id":"node/13882576325"}},{"type":"Feature","geometry":{"type":"Point","coordinates":[5.095622,52.12471]},"properties":{"category":"glasbak","name":"","operator":"","osm_id":"node/13882576474"}},{"type":"Feature","geometry":{"type":"Point","coordinates":[5.091833,52.123635]},"properties":{"category":"glasbak","name":"","operator":"","osm_id":"node/13882576746"}},{"type":"Feature","geometry":{"type":"Point","coordinates":[5.091853,52.123646]},"properties":{"category":"glasbak","name":"","operator":"","osm_id":"node/13882576747"}},{"type":"Feature","geometry":{"type":"Point","coordinates":[5.1677,52.083563]},"properties":{"category":"glasbak","name":"","operator":"","osm_id":"node/13885797310"}},{"type":"Feature","geometry":{"type":"Point","coordinates":[5.167701,52.083545]},"properties":{"category":"glasbak","name":"","operator":"","osm_id":"node/13885797311"}},{"type":"Feature","geometry":{"type":"Point","coordinates":[5.167701,52.083527]},"properties":{"category":"glasbak","name":"","operator":"","osm_id":"node/13885797312"}},{"type":"Feature","geometry":{"type":"Point","coordinates":[5.1677,52.083512]},"properties":{"category":"glasbak","name":"","operator":"","osm_id":"node/13885797313"}},{"type":"Feature","geometry":{"type":"Point","coordinates":[5.167701,52.083495]},"properties":{"category":"glasbak","name":"","operator":"","osm_id":"node/13885797314"}},{"type":"Feature","geometry":{"type":"Point","coordinates":[5.121237,52.07751]},"properties":{"category":"glasbak","name":"","operator":"","osm_id":"node/13950161880"}},{"type":"Feature","geometry":{"type":"Point","coordinates":[5.121248,52.077532]},"properties":{"category":"glasbak","name":"","operator":"","osm_id":"node/13950161881"}},{"type":"Feature","geometry":{"type":"Point","coordinates":[5.093008,52.122492]},"properties":{"category":"glasbak","name":"","operator":"","osm_id":"node/13955566154"}},{"type":"Feature","geometry":{"type":"Point","coordinates":[5.092987,52.122479]},"properties":{"category":"glasbak","name":"","operator":"","osm_id":"node/13955566155"}},{"type":"Feature","geometry":{"type":"Point","coordinates":[5.089689,52.1217]},"properties":{"category":"glasbak","name":"","operator":"","osm_id":"node/13955584522"}},{"type":"Feature","geometry":{"type":"Point","coordinates":[5.089713,52.121718]},"properties":{"category":"glasbak","name":"","operator":"","osm_id":"node/13955584523"}},{"type":"Feature","geometry":{"type":"Point","coordinates":[5.090998,52.12131]},"properties":{"category":"glasbak","name":"","operator":"","osm_id":"node/13955584610"}},{"type":"Feature","geometry":{"type":"Point","coordinates":[5.091019,52.121327]},"properties":{"category":"glasbak","name":"","operator":"","osm_id":"node/13955584611"}},{"type":"Feature","geometry":{"type":"Point","coordinates":[5.119168,52.118288]},"properties":{"category":"glasbak","name":"","operator":"","osm_id":"node/13985159977"}},{"type":"Feature","geometry":{"type":"Point","coordinates":[5.119146,52.11827]},"properties":{"category":"glasbak","name":"","operator":"","osm_id":"node/13985159978"}},{"type":"Feature","geometry":{"type":"Point","coordinates":[5.118111,52.119056]},"properties":{"category":"glasbak","name":"","operator":"","osm_id":"node/13985159979"}},{"type":"Feature","geometry":{"type":"Point","coordinates":[5.118089,52.119041]},"properties":{"category":"glasbak","name":"","operator":"","osm_id":"node/13985159980"}},{"type":"Feature","geometry":{"type":"Point","coordinates":[5.118853,52.118217]},"properties":{"category":"glasbak","name":"","operator":"","osm_id":"node/13985160724"}},{"type":"Feature","geometry":{"type":"Point","coordinates":[5.118832,52.118229]},"properties":{"category":"glasbak","name":"","operator":"","osm_id":"node/13985160725"}},{"type":"Feature","geometry":{"type":"Point","coordinates":[5.117587,52.118754]},"properties":{"category":"glasbak","name":"","operator":"","osm_id":"node/13985160845"}},{"type":"Feature","geometry":{"type":"Point","coordinates":[5.117613,52.11874]},"properties":{"category":"glasbak","name":"","operator":"","osm_id":"node/13985160846"}},{"type":"Feature","geometry":{"type":"Point","coordinates":[5.116967,52.117153]},"properties":{"category":"glasbak","name":"","operator":"","osm_id":"node/13985160847"}},{"type":"Feature","geometry":{"type":"Point","coordinates":[5.116947,52.117168]},"properties":{"category":"glasbak","name":"","operator":"","osm_id":"node/13985160848"}},{"type":"Feature","geometry":{"type":"Point","coordinates":[5.118015,52.117782]},"properties":{"category":"glasbak","name":"","operator":"","osm_id":"node/13985160849"}},{"type":"Feature","geometry":{"type":"Point","coordinates":[5.117987,52.117795]},"properties":{"category":"glasbak","name":"","operator":"","osm_id":"node/13985160850"}},{"type":"Feature","geometry":{"type":"Point","coordinates":[5.096594,52.121304]},"properties":{"category":"glasbak","name":"","operator":"","osm_id":"node/13985339136"}},{"type":"Feature","geometry":{"type":"Point","coordinates":[5.097334,52.122074]},"properties":{"category":"glasbak","name":"","operator":"","osm_id":"node/13985339137"}},{"type":"Feature","geometry":{"type":"Point","coordinates":[5.170319,52.089095]},"properties":{"category":"glasbak","name":"","operator":"","osm_id":"node/14004289101"}},{"type":"Feature","geometry":{"type":"Point","coordinates":[5.110886,52.099152]},"properties":{"category":"glasbak","name":"","operator":"","osm_id":"node/14004651207"}},{"type":"Feature","geometry":{"type":"Point","coordinates":[5.110677,52.098498]},"properties":{"category":"glasbak","name":"","operator":"","osm_id":"node/14004651208"}},{"type":"Feature","geometry":{"type":"Point","coordinates":[5.139515,52.075938]},"properties":{"category":"glasbak","name":"","operator":"","osm_id":"node/14020825922"}},{"type":"Feature","geometry":{"type":"Point","coordinates":[5.1385,52.076575]},"properties":{"category":"glasbak","name":"","operator":"","osm_id":"node/14020825923"}},{"type":"Feature","geometry":{"type":"Point","coordinates":[5.137565,52.076836]},"properties":{"category":"glasbak","name":"","operator":"","osm_id":"node/14020825924"}},{"type":"Feature","geometry":{"type":"Point","coordinates":[5.136568,52.077115]},"properties":{"category":"glasbak","name":"","operator":"","osm_id":"node/14020825925"}},{"type":"Feature","geometry":{"type":"Point","coordinates":[5.134323,52.077512]},"properties":{"category":"glasbak","name":"","operator":"","osm_id":"node/14020825928"}},{"type":"Feature","geometry":{"type":"Point","coordinates":[5.135081,52.077304]},"properties":{"category":"glasbak","name":"","operator":"","osm_id":"node/14020825929"}},{"type":"Feature","geometry":{"type":"Point","coordinates":[5.011177,52.107242]},"properties":{"category":"gemeentehuis","name":"Wijkservicecentrum Vleuten-De Meern","operator":"Gemeente Utrecht","osm_id":"node/1329933585"}},{"type":"Feature","geometry":{"type":"Point","coordinates":[5.108235,52.089481]},"properties":{"category":"gemeentehuis","name":"Stadskantoor Utrecht","operator":"Gemeente Utrecht","osm_id":"node/4883563021"}},{"type":"Feature","geometry":{"type":"Point","coordinates":[5.119589,52.09188]},"properties":{"category":"gemeentehuis","name":"Stadhuis","operator":"","osm_id":"way/460176659"}},{"type":"Feature","geometry":{"type":"Point","coordinates":[5.123439,52.072775]},"properties":{"category":"bibliotheek","name":"Bibliotheek Hoograven","operator":"Bibliotheek Utrecht","osm_id":"node/660711029"}},{"type":"Feature","geometry":{"type":"Point","coordinates":[5.011646,52.0941]},"properties":{"category":"bibliotheek","name":"Bibliotheek Vleuterweide","operator":"Bibliotheek Utrecht","osm_id":"node/1312115928"}},{"type":"Feature","geometry":{"type":"Point","coordinates":[5.010861,52.107306]},"properties":{"category":"bibliotheek","name":"Bibliotheek Vleuten","operator":"Bibliotheek Utrecht","osm_id":"node/1329931074"}},{"type":"Feature","geometry":{"type":"Point","coordinates":[5.136226,52.064088]},"properties":{"category":"bibliotheek","name":"Bibliotheek Lunetten","operator":"Bibliotheek Utrecht","osm_id":"node/1820392984"}},{"type":"Feature","geometry":{"type":"Point","coordinates":[5.123585,52.094605]},"properties":{"category":"bibliotheek","name":"Universiteitsbibliotheek Binnenstad","operator":"Universiteit Utrecht","osm_id":"node/1870091487"}},{"type":"Feature","geometry":{"type":"Point","coordinates":[5.111237,52.114871]},"properties":{"category":"bibliotheek","name":"Bibliotheek Overvecht","operator":"Bibliotheek Utrecht","osm_id":"node/2559881684"}},{"type":"Feature","geometry":{"type":"Point","coordinates":[5.127703,52.078928]},"properties":{"category":"bibliotheek","name":"De Vrouwenbibliotheek","operator":"","osm_id":"node/2626360228"}},{"type":"Feature","geometry":{"type":"Point","coordinates":[5.124188,52.103401]},"properties":{"category":"bibliotheek","name":"Bibliotheek Tuinwijk","operator":"Bibliotheek Utrecht","osm_id":"node/2701989183"}},{"type":"Feature","geometry":{"type":"Point","coordinates":[5.118178,52.093128]},"properties":{"category":"bibliotheek","name":"Bibliotheek Neude","operator":"Bibliotheek Utrecht","osm_id":"node/2709275921"}},{"type":"Feature","geometry":{"type":"Point","coordinates":[5.089665,52.088805]},"properties":{"category":"bibliotheek","name":"Bibliotheek Oog in Al","operator":"Bibliotheek Utrecht","osm_id":"node/2721729221"}},{"type":"Feature","geometry":{"type":"Point","coordinates":[5.038731,52.080131]},"properties":{"category":"bibliotheek","name":"Bibliotheek De Meern","operator":"Bibliotheek Utrecht","osm_id":"node/2746378337"}},{"type":"Feature","geometry":{"type":"Point","coordinates":[5.087426,52.113398]},"properties":{"category":"bibliotheek","name":"Bibliotheek Zuilen","operator":"Bibliotheek Utrecht","osm_id":"node/3041581305"}},{"type":"Feature","geometry":{"type":"Point","coordinates":[5.17268,52.084376]},"properties":{"category":"bibliotheek","name":"Universiteitsbibliotheek","operator":"Universiteit Utrecht","osm_id":"node/3042084629"}},{"type":"Feature","geometry":{"type":"Point","coordinates":[5.095322,52.073072]},"properties":{"category":"bibliotheek","name":"Bibliotheek Kanaleneiland","operator":"Bibliotheek Utrecht","osm_id":"node/3802287688"}},{"type":"Feature","geometry":{"type":"Point","coordinates":[5.064876,52.098011]},"properties":{"category":"bibliotheek","name":"Bibliotheek Leidsche Rijn Centrum","operator":"Bibliotheek Utrecht","osm_id":"node/4987159151"}},{"type":"Feature","geometry":{"type":"Point","coordinates":[5.124013,52.095249]},"properties":{"category":"bibliotheek","name":"Theologische Universiteit","operator":"Theologische Universiteit","osm_id":"node/12132472679"}},{"type":"Feature","geometry":{"type":"Point","coordinates":[5.169378,52.084481]},"properties":{"category":"bibliotheek","name":"HU Bibliotheek","operator":"Hogeschool Utrecht","osm_id":"node/13483402113"}},{"type":"Feature","geometry":{"type":"Point","coordinates":[5.181182,52.089464]},"properties":{"category":"ziekenhuis","name":"Wilhelmina Kinderziekenhuis (WKZ)","operator":"","osm_id":"node/3042024357"}},{"type":"Feature","geometry":{"type":"Point","coordinates":[5.113256,52.105492]},"properties":{"category":"ziekenhuis","name":"Van der Hoeven Kliniek (De Wierde)","operator":"Forensische Zorg Specialisten","osm_id":"node/5897386132"}},{"type":"Feature","geometry":{"type":"Point","coordinates":[5.111126,52.104276]},"properties":{"category":"ziekenhuis","name":"Van der Hoeven Kliniek","operator":"Forensische Zorg Specialisten","osm_id":"node/13726951369"}},{"type":"Feature","geometry":{"type":"Point","coordinates":[5.057665,52.103221]},"properties":{"category":"ziekenhuis","name":"Sint Antonius Ziekenhuis Utrecht","operator":"","osm_id":"way/622739060"}},{"type":"Feature","geometry":{"type":"Point","coordinates":[5.180251,52.086984]},"properties":{"category":"ziekenhuis","name":"Universitair Medisch Centrum Utrecht","operator":"","osm_id":"way/745644054"}},{"type":"Feature","geometry":{"type":"Point","coordinates":[5.138468,52.081615]},"properties":{"category":"ziekenhuis","name":"Diakonessenhuis","operator":"","osm_id":"way/1064956643"}},{"type":"Feature","geometry":{"type":"Point","coordinates":[5.134806,52.095304]},"properties":{"category":"ziekenhuis","name":"Stadskliniek Utrecht","operator":"","osm_id":"way/1282036195"}},{"type":"Feature","geometry":{"type":"Point","coordinates":[5.112122,52.104878]},"properties":{"category":"ziekenhuis","name":"Van der Hoeven Kliniek","operator":"","osm_id":"relation/3992717"}},{"type":"Feature","geometry":{"type":"Point","coordinates":[5.183728,52.090183]},"properties":{"category":"ziekenhuis","name":"Prinses Máxima Centrum Utrecht","operator":"","osm_id":"relation/5918380"}},{"type":"Feature","geometry":{"type":"Point","coordinates":[5.115635,52.077921]},"properties":{"category":"universiteit","name":"Open Universiteit Nederland","operator":"","osm_id":"node/768136091"}},{"type":"Feature","geometry":{"type":"Point","coordinates":[5.121137,52.092817]},"properties":{"category":"universiteit","name":"Hogeschool voor de Kunsten Utrecht","operator":"","osm_id":"node/874056502"}},{"type":"Feature","geometry":{"type":"Point","coordinates":[5.120639,52.093081]},"properties":{"category":"universiteit","name":"Faculteit Recht, Economie, Bestuur en Organisatie","operator":"Universiteit Utrecht","osm_id":"node/874056581"}},{"type":"Feature","geometry":{"type":"Point","coordinates":[5.12339,52.09046]},"properties":{"category":"universiteit","name":"Universiteit Utrecht","operator":"","osm_id":"node/874352425"}},{"type":"Feature","geometry":{"type":"Point","coordinates":[5.123152,52.090664]},"properties":{"category":"universiteit","name":"Universiteit Utrecht","operator":"","osm_id":"node/874352439"}},{"type":"Feature","geometry":{"type":"Point","coordinates":[5.123274,52.090568]},"properties":{"category":"universiteit","name":"Universiteit Utrecht","operator":"","osm_id":"node/874352446"}},{"type":"Feature","geometry":{"type":"Point","coordinates":[5.112785,52.096985]},"properties":{"category":"universiteit","name":"TIO - University for applied sciences","operator":"","osm_id":"node/923980873"}},{"type":"Feature","geometry":{"type":"Point","coordinates":[5.147818,52.083276]},"properties":{"category":"universiteit","name":"University College Utrecht","operator":"Universiteit Utrecht","osm_id":"node/2669385821"}},{"type":"Feature","geometry":{"type":"Point","coordinates":[5.145853,52.08242]},"properties":{"category":"universiteit","name":"Utrecht University School of Economics","operator":"Universiteit Utrecht","osm_id":"node/2669387728"}},{"type":"Feature","geometry":{"type":"Point","coordinates":[5.123873,52.090717]},"properties":{"category":"universiteit","name":"","operator":"","osm_id":"node/2684300311"}},{"type":"Feature","geometry":{"type":"Point","coordinates":[5.1256,52.090861]},"properties":{"category":"universiteit","name":"TIAS school for Business and Society","operator":"","osm_id":"node/2684301206"}},{"type":"Feature","geometry":{"type":"Point","coordinates":[5.123335,52.094679]},"properties":{"category":"universiteit","name":"Faculteit Geesteswetenschappen","operator":"Universiteit Utrecht","osm_id":"node/2709503496"}},{"type":"Feature","geometry":{"type":"Point","coordinates":[5.123314,52.093541]},"properties":{"category":"universiteit","name":"Faculteit Geesteswetenschappen","operator":"Universiteit Utrecht","osm_id":"node/2709503832"}},{"type":"Feature","geometry":{"type":"Point","coordinates":[5.121188,52.094234]},"properties":{"category":"universiteit","name":"Hogeschool voor de Kunsten Utrecht","operator":"","osm_id":"node/2709504186"}},{"type":"Feature","geometry":{"type":"Point","coordinates":[5.120896,52.094271]},"properties":{"category":"universiteit","name":"HKU Theater","operator":"Hogeschool voor de Kunsten Utrecht","osm_id":"node/2709504349"}},{"type":"Feature","geometry":{"type":"Point","coordinates":[5.123536,52.094398]},"properties":{"category":"universiteit","name":"Faculteit Geesteswetenschappen","operator":"Universiteit Utrecht","osm_id":"node/2709505015"}},{"type":"Feature","geometry":{"type":"Point","coordinates":[5.122145,52.094572]},"properties":{"category":"universiteit","name":"Universiteit Utrecht, facilitair centrum","operator":"Universiteit Utrecht","osm_id":"node/2709506068"}},{"type":"Feature","geometry":{"type":"Point","coordinates":[5.123694,52.09549]},"properties":{"category":"universiteit","name":"Theologische Universiteit Utrecht","operator":"","osm_id":"node/2709631195"}},{"type":"Feature","geometry":{"type":"Point","coordinates":[5.168439,52.084063]},"properties":{"category":"universiteit","name":"Faculteit Natuur & Techniek (HU)","operator":"","osm_id":"node/4709776974"}},{"type":"Feature","geometry":{"type":"Point","coordinates":[5.122334,52.090244]},"properties":{"category":"universiteit","name":"Academiegebouw","operator":"","osm_id":"node/5505164323"}},{"type":"Feature","geometry":{"type":"Point","coordinates":[5.123326,52.093581]},"properties":{"category":"universiteit","name":"Data School","operator":"Universiteit Utrecht","osm_id":"node/8040591365"}},{"type":"Feature","geometry":{"type":"Point","coordinates":[5.122881,52.081517]},"properties":{"category":"universiteit","name":"USBO","operator":"Universiteit Utrecht","osm_id":"node/8107831259"}},{"type":"Feature","geometry":{"type":"Point","coordinates":[5.123316,52.094716]},"properties":{"category":"universiteit","name":"Centre for Digital Humanities","operator":"Universiteit Utrecht","osm_id":"node/11613062970"}},{"type":"Feature","geometry":{"type":"Point","coordinates":[5.12482,52.094997]},"properties":{"category":"universiteit","name":"Digital Humanities Workspace","operator":"Utrecht University","osm_id":"node/11613100737"}},{"type":"Feature","geometry":{"type":"Point","coordinates":[5.122823,52.093956]},"properties":{"category":"universiteit","name":"Institute for Language Sciences Labs","operator":"Universiteit Utrecht","osm_id":"node/11613296338"}},{"type":"Feature","geometry":{"type":"Point","coordinates":[5.123289,52.094777]},"properties":{"category":"universiteit","name":"Research Software Lab","operator":"Universiteit Utrecht","osm_id":"node/11613296339"}},{"type":"Feature","geometry":{"type":"Point","coordinates":[5.123264,52.094655]},"properties":{"category":"universiteit","name":"Humanities IT","operator":"Universiteit Utrecht","osm_id":"node/11613296340"}},{"type":"Feature","geometry":{"type":"Point","coordinates":[5.123339,52.092644]},"properties":{"category":"universiteit","name":"Theologische Universiteit Utrecht","operator":"","osm_id":"node/12378463501"}},{"type":"Feature","geometry":{"type":"Point","coordinates":[5.147978,52.083335]},"properties":{"category":"universiteit","name":"International Campus Utrecht","operator":"Universiteit Utrecht","osm_id":"way/48990636"}},{"type":"Feature","geometry":{"type":"Point","coordinates":[5.175518,52.084532]},"properties":{"category":"universiteit","name":"De Uithof / Utrecht Science Park","operator":"","osm_id":"way/208908587"}},{"type":"Feature","geometry":{"type":"Point","coordinates":[5.106728,52.101855]},"properties":{"category":"universiteit","name":"Hogeschool voor de Kunsten Utrecht","operator":"","osm_id":"way/1483886198"}},{"type":"Feature","geometry":{"type":"Point","coordinates":[5.122886,52.092853]},"properties":{"category":"universiteit","name":"Protestantse Theologische Universiteit","operator":"","osm_id":"way/1497799329"}},{"type":"Feature","geometry":{"type":"Point","coordinates":[5.122438,52.09026]},"properties":{"category":"universiteit","name":"Academiegebouw","operator":"","osm_id":"relation/3530174"}},{"type":"Feature","geometry":{"type":"Point","coordinates":[5.124401,52.088508]},"properties":{"category":"hogeschool","name":"Volksuniversiteit Utrecht","operator":"","osm_id":"node/1941071610"}},{"type":"Feature","geometry":{"type":"Point","coordinates":[5.085213,52.125968]},"properties":{"category":"hogeschool","name":"MBO Utrecht","operator":"","osm_id":"node/2071337789"}},{"type":"Feature","geometry":{"type":"Point","coordinates":[5.125644,52.091795]},"properties":{"category":"hogeschool","name":"Universiteit voor Humanistiek","operator":"","osm_id":"node/2684300848"}},{"type":"Feature","geometry":{"type":"Point","coordinates":[5.101579,52.064238]},"properties":{"category":"hogeschool","name":"Utrechtse ZorgAcademie & Academie voor Welzijn","operator":"MBO Utrecht","osm_id":"node/3023169326"}},{"type":"Feature","geometry":{"type":"Point","coordinates":[5.102389,52.064521]},"properties":{"category":"hogeschool","name":"MHBO Academie voor Economie en Ondernemen","operator":"MBO Utrecht","osm_id":"node/3023169327"}},{"type":"Feature","geometry":{"type":"Point","coordinates":[5.119002,52.078914]},"properties":{"category":"hogeschool","name":"ROC Midden Nederland","operator":"","osm_id":"node/3024586537"}},{"type":"Feature","geometry":{"type":"Point","coordinates":[5.121319,52.074834]},"properties":{"category":"hogeschool","name":"HKU Beeldende Kunst","operator":"","osm_id":"node/3035642358"}},{"type":"Feature","geometry":{"type":"Point","coordinates":[5.1761,52.081913]},"properties":{"category":"hogeschool","name":"Faculteit Communicatie en Journalistiek (HU)","operator":"","osm_id":"node/3042079613"}},{"type":"Feature","geometry":{"type":"Point","coordinates":[5.170185,52.084045]},"properties":{"category":"hogeschool","name":"Faculteit Economie & Management (HU)","operator":"","osm_id":"node/3042079614"}},{"type":"Feature","geometry":{"type":"Point","coordinates":[5.167561,52.084207]},"properties":{"category":"hogeschool","name":"Faculteit Educatie (HU)","operator":"","osm_id":"node/3042079615"}},{"type":"Feature","geometry":{"type":"Point","coordinates":[5.121238,52.11954]},"properties":{"category":"hogeschool","name":"ROC Midden Nederland","operator":"","osm_id":"node/3043783652"}},{"type":"Feature","geometry":{"type":"Point","coordinates":[5.117901,52.121096]},"properties":{"category":"hogeschool","name":"ROC Midden Nederland Welzijn College","operator":"ROC Midden Nederland","osm_id":"node/3043784944"}},{"type":"Feature","geometry":{"type":"Point","coordinates":[5.175928,52.082055]},"properties":{"category":"hogeschool","name":"Faculteit Gezondheidszorg (HU)","operator":"","osm_id":"node/3981894115"}},{"type":"Feature","geometry":{"type":"Point","coordinates":[5.147327,52.090743]},"properties":{"category":"hogeschool","name":"NOVI Hogeschool","operator":"","osm_id":"node/5734685662"}},{"type":"Feature","geometry":{"type":"Point","coordinates":[5.175684,52.084056]},"properties":{"category":"hogeschool","name":"Hogeschool Utrecht - Institute for ICT, FEM and FCJ","operator":"","osm_id":"node/5867836429"}},{"type":"Feature","geometry":{"type":"Point","coordinates":[5.173735,52.084401]},"properties":{"category":"hogeschool","name":"Hogeschool Utrecht afdeling Maatschappelijke dienstverlening","operator":"","osm_id":"node/5885574997"}},{"type":"Feature","geometry":{"type":"Point","coordinates":[5.116384,52.078243]},"properties":{"category":"hogeschool","name":"Grafisch Lyceum Utrecht","operator":"","osm_id":"node/13450334524"}},{"type":"Feature","geometry":{"type":"Point","coordinates":[5.095467,52.067385]},"properties":{"category":"hogeschool","name":"Globe College","operator":"","osm_id":"way/22392748"}},{"type":"Feature","geometry":{"type":"Point","coordinates":[5.097441,52.07903]},"properties":{"category":"hogeschool","name":"X11","operator":"","osm_id":"way/23778198"}},{"type":"Feature","geometry":{"type":"Point","coordinates":[5.098791,52.087348]},"properties":{"category":"hogeschool","name":"Hogeschool Utrecht","operator":"","osm_id":"way/24281419"}},{"type":"Feature","geometry":{"type":"Point","coordinates":[5.128288,52.069577]},"properties":{"category":"hogeschool","name":"Kentalis College Utrecht","operator":"Koninklijke Kentalis","osm_id":"way/55814231"}},{"type":"Feature","geometry":{"type":"Point","coordinates":[5.138941,52.065311]},"properties":{"category":"hogeschool","name":"ROC Midden Nederland - VAVO Lyceum","operator":"","osm_id":"way/257189958"}},{"type":"Feature","geometry":{"type":"Point","coordinates":[5.141422,52.100675]},"properties":{"category":"hogeschool","name":"Nimeto","operator":"","osm_id":"way/287476496"}},{"type":"Feature","geometry":{"type":"Point","coordinates":[5.094816,52.072765]},"properties":{"category":"hogeschool","name":"Business & Administration College","operator":"","osm_id":"way/315743277"}},{"type":"Feature","geometry":{"type":"Point","coordinates":[5.101247,52.064225]},"properties":{"category":"hogeschool","name":"MBO Utrecht","operator":"","osm_id":"way/323956045"}},{"type":"Feature","geometry":{"type":"Point","coordinates":[5.133236,52.103593]},"properties":{"category":"hogeschool","name":"Marnix Academie (Pabo)","operator":"","osm_id":"way/334714004"}},{"type":"Feature","geometry":{"type":"Point","coordinates":[5.117197,52.089421]},"properties":{"category":"hogeschool","name":"Conservatorium van Utrecht","operator":"","osm_id":"way/335578706"}},{"type":"Feature","geometry":{"type":"Point","coordinates":[5.117418,52.07759]},"properties":{"category":"hogeschool","name":"X11 Media en Vormgeving","operator":"","osm_id":"way/357550409"}},{"type":"Feature","geometry":{"type":"Point","coordinates":[5.106322,52.077068]},"properties":{"category":"hogeschool","name":"Grafisch Lyceum Utrecht","operator":"Grafisch Lyceum Utrecht","osm_id":"way/439602743"}},{"type":"Feature","geometry":{"type":"Point","coordinates":[5.098356,52.12015]},"properties":{"category":"middelbare_school","name":"Kentalis College Utrecht","operator":"Koninklijke Kentalis","osm_id":"node/3041435905"}},{"type":"Feature","geometry":{"type":"Point","coordinates":[5.070588,52.095629]},"properties":{"category":"middelbare_school","name":"Academie Tien","operator":"NUOVO","osm_id":"node/8592300451"}},{"type":"Feature","geometry":{"type":"Point","coordinates":[5.099505,52.079812]},"properties":{"category":"middelbare_school","name":"Gregorius Descart","operator":"PCOU Willibrord","osm_id":"node/12136127595"}},{"type":"Feature","geometry":{"type":"Point","coordinates":[5.154728,52.079565]},"properties":{"category":"middelbare_school","name":"College Ariane de Ranitz","operator":"DKP Onderwijsgroep","osm_id":"node/13790488696"}},{"type":"Feature","geometry":{"type":"Point","coordinates":[5.120732,52.108065]},"properties":{"category":"middelbare_school","name":"OPDC Utrecht","operator":"","osm_id":"way/115618204"}},{"type":"Feature","geometry":{"type":"Point","coordinates":[5.136711,52.08345]},"properties":{"category":"middelbare_school","name":"Sint Bonifatiuscollege","operator":"","osm_id":"way/333079821"}},{"type":"Feature","geometry":{"type":"Point","coordinates":[5.069373,52.120666]},"properties":{"category":"middelbare_school","name":"Yuverta vmbo","operator":"Yuverta","osm_id":"way/972200767"}},{"type":"Feature","geometry":{"type":"Point","coordinates":[5.109591,52.103428]},"properties":{"category":"middelbare_school","name":"Al Amana College","operator":"Al Amana Scholen","osm_id":"way/1345183360"}},{"type":"Feature","geometry":{"type":"Point","coordinates":[5.13547,52.083408]},"properties":{"category":"middelbare_school","name":"Mensura College","operator":"DKP Onderwijsgroep","osm_id":"way/1493279994"}},{"type":"Feature","geometry":{"type":"Point","coordinates":[5.141547,52.062323]},"properties":{"category":"middelbare_school","name":"De Passie","operator":"De Passiescholen","osm_id":"way/1507907858"}},{"type":"Feature","geometry":{"type":"Point","coordinates":[5.099962,52.080378]},"properties":{"category":"sportveld","name":"Nieuw Welgelegen","operator":"","osm_id":"way/4850960"}},{"type":"Feature","geometry":{"type":"Point","coordinates":[5.151309,52.101694]},"properties":{"category":"sportveld","name":"Tennisvereniging Ultc-Iduna","operator":"","osm_id":"way/8041736"}},{"type":"Feature","geometry":{"type":"Point","coordinates":[5.083647,52.080921]},"properties":{"category":"sportveld","name":"Den Hommel","operator":"","osm_id":"way/22996026"}},{"type":"Feature","geometry":{"type":"Point","coordinates":[5.147147,52.075393]},"properties":{"category":"sportveld","name":"Trainingscomplex Zoudenbalch","operator":"","osm_id":"way/24510368"}},{"type":"Feature","geometry":{"type":"Point","coordinates":[5.14531,52.077569]},"properties":{"category":"sportveld","name":"Sportcentrum Galgenwaard","operator":"","osm_id":"way/24815000"}},{"type":"Feature","geometry":{"type":"Point","coordinates":[5.06916,52.113455]},"properties":{"category":"sportveld","name":"MC Utrecht Circuit","operator":"","osm_id":"way/24980585"}},{"type":"Feature","geometry":{"type":"Point","coordinates":[5.090242,52.076441]},"properties":{"category":"sportveld","name":"Richard Krajicek Playground","operator":"","osm_id":"way/28717193"}},{"type":"Feature","geometry":{"type":"Point","coordinates":[5.085579,52.069102]},"properties":{"category":"sportveld","name":"Sportpark Papendorp","operator":"","osm_id":"way/28993941"}},{"type":"Feature","geometry":{"type":"Point","coordinates":[5.145561,52.101235]},"properties":{"category":"sportveld","name":"","operator":"","osm_id":"way/36728626"}},{"type":"Feature","geometry":{"type":"Point","coordinates":[5.144798,52.100025]},"properties":{"category":"sportveld","name":"Sportpark De Berekuil","operator":"Gemeente Utrecht","osm_id":"way/36728629"}},{"type":"Feature","geometry":{"type":"Point","coordinates":[5.145346,52.071684]},"properties":{"category":"sportveld","name":"","operator":"","osm_id":"way/36737668"}},{"type":"Feature","geometry":{"type":"Point","coordinates":[5.159878,52.082283]},"properties":{"category":"sportveld","name":"Tennisclub Rijnsweerd","operator":"","osm_id":"way/37114197"}},{"type":"Feature","geometry":{"type":"Point","coordinates":[5.17306,52.091062]},"properties":{"category":"sportveld","name":"Olympos","operator":"","osm_id":"way/45192904"}},{"type":"Feature","geometry":{"type":"Point","coordinates":[5.157266,52.079172]},"properties":{"category":"sportveld","name":"Atletiekbaan Maarschalkerweerd","operator":"","osm_id":"way/48995058"}},{"type":"Feature","geometry":{"type":"Point","coordinates":[5.142318,52.0633]},"properties":{"category":"sportveld","name":"Sporthal Lunetten","operator":"","osm_id":"way/55311660"}},{"type":"Feature","geometry":{"type":"Point","coordinates":[5.085688,52.068725]},"properties":{"category":"sportveld","name":"SVA Papendorp","operator":"","osm_id":"way/98060775"}},{"type":"Feature","geometry":{"type":"Point","coordinates":[5.09707,52.068553]},"properties":{"category":"sportveld","name":"","operator":"","osm_id":"way/115929747"}},{"type":"Feature","geometry":{"type":"Point","coordinates":[5.029775,52.109637]},"properties":{"category":"sportveld","name":"Sportpark De Vryheit","operator":"","osm_id":"way/135203693"}},{"type":"Feature","geometry":{"type":"Point","coordinates":[5.035226,52.093771]},"properties":{"category":"sportveld","name":"Sportcentrum De Paperclip","operator":"","osm_id":"way/159495798"}},{"type":"Feature","geometry":{"type":"Point","coordinates":[5.033354,52.090816]},"properties":{"category":"sportveld","name":"Sportpark Fletiomare Novum","operator":"","osm_id":"way/159524492"}},{"type":"Feature","geometry":{"type":"Point","coordinates":[5.028253,52.091096]},"properties":{"category":"sportveld","name":"Sportpark De Meern","operator":"","osm_id":"way/159524495"}},{"type":"Feature","geometry":{"type":"Point","coordinates":[5.080396,52.093019]},"properties":{"category":"sportveld","name":"Sportpark Marco van Basten","operator":"","osm_id":"way/182208981"}},{"type":"Feature","geometry":{"type":"Point","coordinates":[5.100337,52.113956]},"properties":{"category":"sportveld","name":"Sportpark Vechtzoom","operator":"","osm_id":"way/220795600"}},{"type":"Feature","geometry":{"type":"Point","coordinates":[5.127525,52.062744]},"properties":{"category":"sportveld","name":"","operator":"","osm_id":"way/257182843"}},{"type":"Feature","geometry":{"type":"Point","coordinates":[5.097074,52.107254]},"properties":{"category":"sportveld","name":"VV Ondiep Vooruit","operator":"VV Ondiep Vooruit","osm_id":"way/258292430"}},{"type":"Feature","geometry":{"type":"Point","coordinates":[5.145741,52.078368]},"properties":{"category":"sportveld","name":"Stadion Galgenwaard","operator":"FC Utrecht","osm_id":"way/261309797"}},{"type":"Feature","geometry":{"type":"Point","coordinates":[5.098931,52.080697]},"properties":{"category":"sportveld","name":"Turnzaal Welgelegen","operator":"Geemente Utrecht","osm_id":"way/267148539"}},{"type":"Feature","geometry":{"type":"Point","coordinates":[5.029178,52.110453]},"properties":{"category":"sportveld","name":"C.O.V. Desto","operator":"","osm_id":"way/272466058"}},{"type":"Feature","geometry":{"type":"Point","coordinates":[5.065989,52.123832]},"properties":{"category":"sportveld","name":"VV Kismet","operator":"","osm_id":"way/299987328"}},{"type":"Feature","geometry":{"type":"Point","coordinates":[5.145059,52.099792]},"properties":{"category":"sportveld","name":"V.V. Voorwaarts","operator":"","osm_id":"way/300209066"}},{"type":"Feature","geometry":{"type":"Point","coordinates":[5.058348,52.039036]},"properties":{"category":"sportveld","name":"Wielerparcours Nedereindse Berg","operator":"","osm_id":"way/317592299"}},{"type":"Feature","geometry":{"type":"Point","coordinates":[5.031372,52.112852]},"properties":{"category":"sportveld","name":"","operator":"","osm_id":"way/446345996"}},{"type":"Feature","geometry":{"type":"Point","coordinates":[5.098938,52.062671]},"properties":{"category":"sportveld","name":"Faja Lobi KDS","operator":"","osm_id":"way/457426759"}},{"type":"Feature","geometry":{"type":"Point","coordinates":[5.085625,52.132492]},"properties":{"category":"sportveld","name":"Sportpark Overvecht-Noord","operator":"Gemeente Utrecht","osm_id":"way/698760958"}},{"type":"Feature","geometry":{"type":"Point","coordinates":[5.127728,52.0626]},"properties":{"category":"sportveld","name":"DVSU","operator":"","osm_id":"way/758757151"}},{"type":"Feature","geometry":{"type":"Point","coordinates":[5.022432,52.087957]},"properties":{"category":"sportveld","name":"Fletiomare Oost","operator":"","osm_id":"way/872220368"}},{"type":"Feature","geometry":{"type":"Point","coordinates":[5.060852,52.036944]},"properties":{"category":"sportveld","name":"Bikepark Utrecht","operator":"","osm_id":"way/984847140"}},{"type":"Feature","geometry":{"type":"Point","coordinates":[5.058669,52.037146]},"properties":{"category":"sportveld","name":"De Nedereindse Berg","operator":"","osm_id":"way/1021761511"}},{"type":"Feature","geometry":{"type":"Point","coordinates":[5.064395,52.074806]},"properties":{"category":"sportveld","name":"Sportpark Rijnvliet","operator":"","osm_id":"way/1112549210"}},{"type":"Feature","geometry":{"type":"Point","coordinates":[5.031152,52.113748]},"properties":{"category":"sportveld","name":"Klimpark Parque West","operator":"","osm_id":"way/1244056450"}},{"type":"Feature","geometry":{"type":"Point","coordinates":[5.030753,52.112808]},"properties":{"category":"sportveld","name":"","operator":"","osm_id":"way/1244056451"}},{"type":"Feature","geometry":{"type":"Point","coordinates":[5.030938,52.113056]},"properties":{"category":"sportveld","name":"","operator":"","osm_id":"way/1244056452"}},{"type":"Feature","geometry":{"type":"Point","coordinates":[5.079478,52.12755]},"properties":{"category":"sportveld","name":"Sportpark Overvecht-Noord","operator":"Gemeente Utrecht","osm_id":"way/1324841807"}},{"type":"Feature","geometry":{"type":"Point","coordinates":[5.054416,52.107282]},"properties":{"category":"sportveld","name":"TeamSport Karten Utrecht The Wall","operator":"","osm_id":"way/1360118353"}},{"type":"Feature","geometry":{"type":"Point","coordinates":[5.03112,52.113753]},"properties":{"category":"sportveld","name":"","operator":"","osm_id":"way/1366203743"}},{"type":"Feature","geometry":{"type":"Point","coordinates":[5.031439,52.113662]},"properties":{"category":"sportveld","name":"","operator":"","osm_id":"way/1366203744"}},{"type":"Feature","geometry":{"type":"Point","coordinates":[5.065838,52.085104]},"properties":{"category":"sportveld","name":"Sportzaal Voorn","operator":"Gemeente Utrecht","osm_id":"way/1499741641"}},{"type":"Feature","geometry":{"type":"Point","coordinates":[5.151982,52.075466]},"properties":{"category":"sportveld","name":"Kampong","operator":"","osm_id":"relation/18220878"}},{"type":"Feature","geometry":{"type":"Point","coordinates":[5.102025,52.062544]},"properties":{"category":"winkelcentrum","name":"Woonboulevard Utrecht","operator":"","osm_id":"way/23154328"}},{"type":"Feature","geometry":{"type":"Point","coordinates":[5.05642,52.106177]},"properties":{"category":"winkelcentrum","name":"The Wall","operator":"","osm_id":"way/39955501"}},{"type":"Feature","geometry":{"type":"Point","coordinates":[5.094554,52.074536]},"properties":{"category":"winkelcentrum","name":"Winkelcentrum Nova","operator":"","osm_id":"way/55310483"}},{"type":"Feature","geometry":{"type":"Point","coordinates":[5.111979,52.090857]},"properties":{"category":"winkelcentrum","name":"Hoog Catharijne","operator":"","osm_id":"way/55311395"}},{"type":"Feature","geometry":{"type":"Point","coordinates":[5.011901,52.093309]},"properties":{"category":"winkelcentrum","name":"Winkelcentrum Vleuterweide","operator":"","osm_id":"way/81023657"}},{"type":"Feature","geometry":{"type":"Point","coordinates":[5.11471,52.090855]},"properties":{"category":"winkelcentrum","name":"","operator":"","osm_id":"way/237945294"}},{"type":"Feature","geometry":{"type":"Point","coordinates":[5.128023,52.115588]},"properties":{"category":"winkelcentrum","name":"Overkapel","operator":"","osm_id":"way/300289839"}},{"type":"Feature","geometry":{"type":"Point","coordinates":[5.112569,52.090008]},"properties":{"category":"winkelcentrum","name":"","operator":"","osm_id":"way/362826544"}},{"type":"Feature","geometry":{"type":"Point","coordinates":[5.113282,52.089363]},"properties":{"category":"winkelcentrum","name":"","operator":"","osm_id":"way/362826545"}},{"type":"Feature","geometry":{"type":"Point","coordinates":[5.113771,52.091697]},"properties":{"category":"winkelcentrum","name":"","operator":"","osm_id":"way/384073393"}},{"type":"Feature","geometry":{"type":"Point","coordinates":[5.111257,52.091704]},"properties":{"category":"winkelcentrum","name":"","operator":"","osm_id":"way/948849925"}},{"type":"Feature","geometry":{"type":"Point","coordinates":[5.112964,52.090618]},"properties":{"category":"winkelcentrum","name":"Hoog Catharijne The Mall","operator":"Klépierre","osm_id":"relation/20355365"}},{"type":"Feature","geometry":{"type":"Point","coordinates":[5.096154,52.093702]},"properties":{"category":"supermarkt","name":"Buurtwinkel Nieuw Engeland","operator":"","osm_id":"node/29986846"}},{"type":"Feature","geometry":{"type":"Point","coordinates":[5.0857,52.086595]},"properties":{"category":"supermarkt","name":"Albert Heijn","operator":"","osm_id":"node/34044575"}},{"type":"Feature","geometry":{"type":"Point","coordinates":[5.094388,52.074042]},"properties":{"category":"supermarkt","name":"Albert Heijn","operator":"","osm_id":"node/34044580"}},{"type":"Feature","geometry":{"type":"Point","coordinates":[5.113303,52.089225]},"properties":{"category":"supermarkt","name":"Albert Heijn","operator":"","osm_id":"node/34044581"}},{"type":"Feature","geometry":{"type":"Point","coordinates":[5.13816,52.06492]},"properties":{"category":"supermarkt","name":"Albert Heijn","operator":"","osm_id":"node/34044582"}},{"type":"Feature","geometry":{"type":"Point","coordinates":[5.134891,52.082364]},"properties":{"category":"supermarkt","name":"Jumbo","operator":"","osm_id":"node/34044583"}},{"type":"Feature","geometry":{"type":"Point","coordinates":[5.123483,52.083532]},"properties":{"category":"supermarkt","name":"Albert Heijn","operator":"","osm_id":"node/34044584"}},{"type":"Feature","geometry":{"type":"Point","coordinates":[5.135847,52.089221]},"properties":{"category":"supermarkt","name":"Albert Heijn","operator":"","osm_id":"node/34044585"}},{"type":"Feature","geometry":{"type":"Point","coordinates":[5.107732,52.096056]},"properties":{"category":"supermarkt","name":"Albert Heijn","operator":"","osm_id":"node/34044652"}},{"type":"Feature","geometry":{"type":"Point","coordinates":[5.014164,52.105584]},"properties":{"category":"supermarkt","name":"Albert Heijn","operator":"","osm_id":"node/34044657"}},{"type":"Feature","geometry":{"type":"Point","coordinates":[5.119881,52.09479]},"properties":{"category":"supermarkt","name":"Albert Heijn","operator":"","osm_id":"node/34044662"}},{"type":"Feature","geometry":{"type":"Point","coordinates":[5.112616,52.112838]},"properties":{"category":"supermarkt","name":"Albert Heijn XL","operator":"","osm_id":"node/34044663"}},{"type":"Feature","geometry":{"type":"Point","coordinates":[5.131337,52.091564]},"properties":{"category":"supermarkt","name":"Albert Heijn","operator":"","osm_id":"node/34044664"}},{"type":"Feature","geometry":{"type":"Point","coordinates":[5.123039,52.102233]},"properties":{"category":"supermarkt","name":"Albert Heijn","operator":"","osm_id":"node/34044665"}},{"type":"Feature","geometry":{"type":"Point","coordinates":[5.128532,52.115816]},"properties":{"category":"supermarkt","name":"ALDI","operator":"","osm_id":"node/34045194"}},{"type":"Feature","geometry":{"type":"Point","coordinates":[5.136342,52.064654]},"properties":{"category":"supermarkt","name":"Hoogvliet","operator":"","osm_id":"node/34045604"}},{"type":"Feature","geometry":{"type":"Point","coordinates":[5.038355,52.079601]},"properties":{"category":"supermarkt","name":"Jumbo","operator":"","osm_id":"node/34045680"}},{"type":"Feature","geometry":{"type":"Point","coordinates":[5.012895,52.106178]},"properties":{"category":"supermarkt","name":"Dirk","operator":"","osm_id":"node/34045950"}},{"type":"Feature","geometry":{"type":"Point","coordinates":[5.109368,52.120826]},"properties":{"category":"supermarkt","name":"Dirk","operator":"","osm_id":"node/34045951"}},{"type":"Feature","geometry":{"type":"Point","coordinates":[5.054926,52.087704]},"properties":{"category":"supermarkt","name":"Lidl","operator":"","osm_id":"node/34046493"}},{"type":"Feature","geometry":{"type":"Point","coordinates":[5.115677,52.078037]},"properties":{"category":"supermarkt","name":"Albert Heijn","operator":"","osm_id":"node/343510708"}},{"type":"Feature","geometry":{"type":"Point","coordinates":[5.055082,52.087584]},"properties":{"category":"supermarkt","name":"Jumbo","operator":"","osm_id":"node/344455943"}},{"type":"Feature","geometry":{"type":"Point","coordinates":[5.037725,52.079164]},"properties":{"category":"supermarkt","name":"Albert Heijn","operator":"","osm_id":"node/376609948"}},{"type":"Feature","geometry":{"type":"Point","coordinates":[5.083494,52.095654]},"properties":{"category":"supermarkt","name":"Hoogvliet","operator":"","osm_id":"node/387225728"}},{"type":"Feature","geometry":{"type":"Point","coordinates":[5.099741,52.102041]},"properties":{"category":"supermarkt","name":"PLUS","operator":"","osm_id":"node/443025223"}},{"type":"Feature","geometry":{"type":"Point","coordinates":[5.013201,52.084332]},"properties":{"category":"supermarkt","name":"PLUS","operator":"Elbert van den Doel","osm_id":"node/464626860"}},{"type":"Feature","geometry":{"type":"Point","coordinates":[5.115164,52.100557]},"properties":{"category":"supermarkt","name":"Jumbo","operator":"","osm_id":"node/669333574"}},{"type":"Feature","geometry":{"type":"Point","coordinates":[5.129937,52.095378]},"properties":{"category":"supermarkt","name":"Jumbo","operator":"","osm_id":"node/669950789"}},{"type":"Feature","geometry":{"type":"Point","coordinates":[5.123684,52.082338]},"properties":{"category":"supermarkt","name":"Jumbo City","operator":"Jumbo","osm_id":"node/859109009"}},{"type":"Feature","geometry":{"type":"Point","coordinates":[5.093879,52.126058]},"properties":{"category":"supermarkt","name":"Jumbo","operator":"","osm_id":"node/892744525"}},{"type":"Feature","geometry":{"type":"Point","coordinates":[5.112346,52.080706]},"properties":{"category":"supermarkt","name":"PLUS","operator":"","osm_id":"node/918015417"}},{"type":"Feature","geometry":{"type":"Point","coordinates":[5.14071,52.082679]},"properties":{"category":"supermarkt","name":"PLUS","operator":"","osm_id":"node/918882204"}},{"type":"Feature","geometry":{"type":"Point","coordinates":[5.142741,52.084829]},"properties":{"category":"supermarkt","name":"Olijfje","operator":"Firma de Kroon","osm_id":"node/918889126"}},{"type":"Feature","geometry":{"type":"Point","coordinates":[5.077046,52.114622]},"properties":{"category":"supermarkt","name":"Nettorama","operator":"","osm_id":"node/1230978512"}},{"type":"Feature","geometry":{"type":"Point","coordinates":[5.012066,52.093748]},"properties":{"category":"supermarkt","name":"Lidl","operator":"Lidl Nederland GmbH","osm_id":"node/1312115957"}},{"type":"Feature","geometry":{"type":"Point","coordinates":[5.097773,52.066314]},"properties":{"category":"supermarkt","name":"Dirk","operator":"","osm_id":"node/1613141533"}},{"type":"Feature","geometry":{"type":"Point","coordinates":[5.094141,52.104257]},"properties":{"category":"supermarkt","name":"Albert Heijn","operator":"Albert Heijn","osm_id":"node/1640800009"}},{"type":"Feature","geometry":{"type":"Point","coordinates":[5.121171,52.066429]},"properties":{"category":"supermarkt","name":"Albert Heijn","operator":"","osm_id":"node/1699967863"}},{"type":"Feature","geometry":{"type":"Point","coordinates":[5.171828,52.084268]},"properties":{"category":"supermarkt","name":"SPAR university","operator":"SPAR","osm_id":"node/1796486777"}},{"type":"Feature","geometry":{"type":"Point","coordinates":[5.10358,52.092194]},"properties":{"category":"supermarkt","name":"Albert Heijn","operator":"Albert Heijn B.V.","osm_id":"node/1881161831"}},{"type":"Feature","geometry":{"type":"Point","coordinates":[5.097706,52.101863]},"properties":{"category":"supermarkt","name":"Slavjanski Dvor","operator":"","osm_id":"node/2632908556"}},{"type":"Feature","geometry":{"type":"Point","coordinates":[5.108392,52.09617]},"properties":{"category":"supermarkt","name":"Ekoplaza","operator":"","osm_id":"node/2634055932"}},{"type":"Feature","geometry":{"type":"Point","coordinates":[5.107814,52.096438]},"properties":{"category":"supermarkt","name":"Sahan Utrecht","operator":"","osm_id":"node/2634056390"}},{"type":"Feature","geometry":{"type":"Point","coordinates":[5.096422,52.102938]},"properties":{"category":"supermarkt","name":"Target Mart","operator":"","osm_id":"node/2636725099"}},{"type":"Feature","geometry":{"type":"Point","coordinates":[5.128932,52.092788]},"properties":{"category":"supermarkt","name":"Ekoplaza Foodmarqt","operator":"Ekoplaza","osm_id":"node/2672284342"}},{"type":"Feature","geometry":{"type":"Point","coordinates":[5.130765,52.095415]},"properties":{"category":"supermarkt","name":"Albert Heijn","operator":"","osm_id":"node/2679530376"}},{"type":"Feature","geometry":{"type":"Point","coordinates":[5.113381,52.097088]},"properties":{"category":"supermarkt","name":"Albert Heijn","operator":"","osm_id":"node/2701981757"}},{"type":"Feature","geometry":{"type":"Point","coordinates":[5.118997,52.092091]},"properties":{"category":"supermarkt","name":"Boon's Dagmarkt","operator":"","osm_id":"node/2709283708"}},{"type":"Feature","geometry":{"type":"Point","coordinates":[5.103249,52.092205]},"properties":{"category":"supermarkt","name":"Bendi FoodCenter","operator":"","osm_id":"node/2721309097"}},{"type":"Feature","geometry":{"type":"Point","coordinates":[5.101798,52.091347]},"properties":{"category":"supermarkt","name":"De Pers","operator":"","osm_id":"node/2721313957"}},{"type":"Feature","geometry":{"type":"Point","coordinates":[5.093993,52.074988]},"properties":{"category":"supermarkt","name":"Lidl","operator":"Lidl Nederland GmbH","osm_id":"node/2726129537"}},{"type":"Feature","geometry":{"type":"Point","coordinates":[5.087101,52.077817]},"properties":{"category":"supermarkt","name":"Kiwi Supermarket","operator":"","osm_id":"node/2726132793"}},{"type":"Feature","geometry":{"type":"Point","coordinates":[5.095503,52.07065]},"properties":{"category":"supermarkt","name":"Mete Market","operator":"","osm_id":"node/2740573662"}},{"type":"Feature","geometry":{"type":"Point","coordinates":[5.013045,52.092944]},"properties":{"category":"supermarkt","name":"Albert Heijn","operator":"","osm_id":"node/2761148524"}},{"type":"Feature","geometry":{"type":"Point","coordinates":[5.010914,52.093386]},"properties":{"category":"supermarkt","name":"Jumbo","operator":"","osm_id":"node/2761150091"}},{"type":"Feature","geometry":{"type":"Point","coordinates":[5.12364,52.07277]},"properties":{"category":"supermarkt","name":"Lidl","operator":"Lidl Nederland GmbH","osm_id":"node/3035637932"}},{"type":"Feature","geometry":{"type":"Point","coordinates":[5.123986,52.072433]},"properties":{"category":"supermarkt","name":"HIRA Supermarkt","operator":"","osm_id":"node/3035639386"}},{"type":"Feature","geometry":{"type":"Point","coordinates":[5.125207,52.072323]},"properties":{"category":"supermarkt","name":"PLUS","operator":"","osm_id":"node/3035644373"}},{"type":"Feature","geometry":{"type":"Point","coordinates":[5.073964,52.119773]},"properties":{"category":"supermarkt","name":"Łowiczanka","operator":"","osm_id":"node/3040963163"}},{"type":"Feature","geometry":{"type":"Point","coordinates":[5.089027,52.113514]},"properties":{"category":"supermarkt","name":"Albert Heijn","operator":"","osm_id":"node/3041578479"}},{"type":"Feature","geometry":{"type":"Point","coordinates":[5.11751,52.118957]},"properties":{"category":"supermarkt","name":"Boran Food Center","operator":"","osm_id":"node/3043782835"}},{"type":"Feature","geometry":{"type":"Point","coordinates":[5.127727,52.115477]},"properties":{"category":"supermarkt","name":"Jumbo","operator":"","osm_id":"node/3043849160"}},{"type":"Feature","geometry":{"type":"Point","coordinates":[5.110045,52.114138]},"properties":{"category":"supermarkt","name":"Lidl","operator":"Lidl Nederland GmbH","osm_id":"node/3043877102"}},{"type":"Feature","geometry":{"type":"Point","coordinates":[5.11004,52.113958]},"properties":{"category":"supermarkt","name":"Dirk","operator":"","osm_id":"node/3043882793"}},{"type":"Feature","geometry":{"type":"Point","coordinates":[5.112565,52.113913]},"properties":{"category":"supermarkt","name":"Marketim","operator":"","osm_id":"node/3043885514"}},{"type":"Feature","geometry":{"type":"Point","coordinates":[5.092004,52.091404]},"properties":{"category":"supermarkt","name":"Nettorama","operator":"","osm_id":"node/3164343039"}},{"type":"Feature","geometry":{"type":"Point","coordinates":[5.091672,52.09141]},"properties":{"category":"supermarkt","name":"ALDI","operator":"","osm_id":"node/3164343040"}},{"type":"Feature","geometry":{"type":"Point","coordinates":[5.131144,52.091685]},"properties":{"category":"supermarkt","name":"Biowinkel","operator":"","osm_id":"node/3177990219"}},{"type":"Feature","geometry":{"type":"Point","coordinates":[5.044251,52.101412]},"properties":{"category":"supermarkt","name":"Albert Heijn","operator":"","osm_id":"node/3292791003"}},{"type":"Feature","geometry":{"type":"Point","coordinates":[5.047265,52.101369]},"properties":{"category":"supermarkt","name":"Vomar","operator":"","osm_id":"node/3550505550"}},{"type":"Feature","geometry":{"type":"Point","coordinates":[5.046259,52.101345]},"properties":{"category":"supermarkt","name":"ALDI","operator":"","osm_id":"node/3550509402"}},{"type":"Feature","geometry":{"type":"Point","coordinates":[5.10063,52.118905]},"properties":{"category":"supermarkt","name":"Lidl","operator":"Lidl Nederland GmbH","osm_id":"node/4436291263"}},{"type":"Feature","geometry":{"type":"Point","coordinates":[5.099584,52.119442]},"properties":{"category":"supermarkt","name":"Kardelen Plaza","operator":"","osm_id":"node/4436291264"}},{"type":"Feature","geometry":{"type":"Point","coordinates":[5.097034,52.102573]},"properties":{"category":"supermarkt","name":"Amazing Oriental","operator":"","osm_id":"node/4614913093"}},{"type":"Feature","geometry":{"type":"Point","coordinates":[5.098475,52.102327]},"properties":{"category":"supermarkt","name":"Medine Market","operator":"","osm_id":"node/4614913096"}},{"type":"Feature","geometry":{"type":"Point","coordinates":[5.091073,52.09183]},"properties":{"category":"supermarkt","name":"Groenhof","operator":"","osm_id":"node/4614949502"}},{"type":"Feature","geometry":{"type":"Point","coordinates":[5.063836,52.097986]},"properties":{"category":"supermarkt","name":"Jumbo Foodmarkt","operator":"Jumbo","osm_id":"node/5347240257"}},{"type":"Feature","geometry":{"type":"Point","coordinates":[5.110335,52.090862]},"properties":{"category":"supermarkt","name":"Albert Heijn","operator":"","osm_id":"node/5659126993"}},{"type":"Feature","geometry":{"type":"Point","coordinates":[5.09344,52.074909]},"properties":{"category":"supermarkt","name":"Yerli Plaza","operator":"","osm_id":"node/5873867326"}},{"type":"Feature","geometry":{"type":"Point","coordinates":[5.167199,52.087157]},"properties":{"category":"supermarkt","name":"SPAR university","operator":"SPAR","osm_id":"node/5884129588"}},{"type":"Feature","geometry":{"type":"Point","coordinates":[5.095415,52.089056]},"properties":{"category":"supermarkt","name":"Boon's Dagmarkt","operator":"Boon's","osm_id":"node/5885744908"}},{"type":"Feature","geometry":{"type":"Point","coordinates":[5.117597,52.093356]},"properties":{"category":"supermarkt","name":"Albert Heijn","operator":"","osm_id":"node/5885744982"}},{"type":"Feature","geometry":{"type":"Point","coordinates":[5.094642,52.074272]},"properties":{"category":"supermarkt","name":"Jumbo","operator":"","osm_id":"node/7678111265"}},{"type":"Feature","geometry":{"type":"Point","coordinates":[5.134539,52.106744]},"properties":{"category":"supermarkt","name":"Albert Heijn","operator":"","osm_id":"node/8626716192"}},{"type":"Feature","geometry":{"type":"Point","coordinates":[5.135463,52.106637]},"properties":{"category":"supermarkt","name":"Ekoplaza","operator":"","osm_id":"node/8628480776"}},{"type":"Feature","geometry":{"type":"Point","coordinates":[5.110827,52.091566]},"properties":{"category":"supermarkt","name":"Amazing Oriental","operator":"","osm_id":"node/9041501365"}},{"type":"Feature","geometry":{"type":"Point","coordinates":[5.114174,52.091275]},"properties":{"category":"supermarkt","name":"Jumbo","operator":"","osm_id":"node/9042627742"}},{"type":"Feature","geometry":{"type":"Point","coordinates":[5.170183,52.084244]},"properties":{"category":"supermarkt","name":"SPAR university","operator":"SPAR","osm_id":"node/11378509611"}},{"type":"Feature","geometry":{"type":"Point","coordinates":[5.173873,52.084246]},"properties":{"category":"supermarkt","name":"SPAR university","operator":"SPAR","osm_id":"node/11378550225"}},{"type":"Feature","geometry":{"type":"Point","coordinates":[5.10286,52.098897]},"properties":{"category":"supermarkt","name":"Kabul Market","operator":"","osm_id":"node/13122992027"}},{"type":"Feature","geometry":{"type":"Point","coordinates":[5.092572,52.127032]},"properties":{"category":"bouwmarkt","name":"Gamma","operator":"","osm_id":"node/1811567224"}},{"type":"Feature","geometry":{"type":"Point","coordinates":[5.117192,52.092438]},"properties":{"category":"bouwmarkt","name":"W. Pijper","operator":"","osm_id":"node/2257288390"}},{"type":"Feature","geometry":{"type":"Point","coordinates":[5.134268,52.077973]},"properties":{"category":"bouwmarkt","name":"Isero Koningsweg","operator":"Isero ijzerwarengroep","osm_id":"node/2627086048"}},{"type":"Feature","geometry":{"type":"Point","coordinates":[5.135356,52.089541]},"properties":{"category":"bouwmarkt","name":"Langerak IJzerwaren","operator":"","osm_id":"node/2670767124"}},{"type":"Feature","geometry":{"type":"Point","coordinates":[5.128096,52.095015]},"properties":{"category":"bouwmarkt","name":"Praxis","operator":"Praxis","osm_id":"node/2672285602"}},{"type":"Feature","geometry":{"type":"Point","coordinates":[5.086679,52.092861]},"properties":{"category":"bouwmarkt","name":"Langerak Doe Het Zelf","operator":"","osm_id":"node/2721292922"}},{"type":"Feature","geometry":{"type":"Point","coordinates":[5.092905,52.084916]},"properties":{"category":"bouwmarkt","name":"RAB","operator":"","osm_id":"node/2721634072"}},{"type":"Feature","geometry":{"type":"Point","coordinates":[5.001847,52.091249]},"properties":{"category":"bouwmarkt","name":"Karwei","operator":"","osm_id":"node/2761156555"}},{"type":"Feature","geometry":{"type":"Point","coordinates":[5.065361,52.108962]},"properties":{"category":"bouwmarkt","name":"Jongeneel","operator":"","osm_id":"node/2820530905"}},{"type":"Feature","geometry":{"type":"Point","coordinates":[5.010957,52.106572]},"properties":{"category":"bouwmarkt","name":"Doe Het Zelf van den Tempel","operator":"","osm_id":"node/2887634041"}},{"type":"Feature","geometry":{"type":"Point","coordinates":[5.114048,52.076734]},"properties":{"category":"bouwmarkt","name":"De Verfkampioen","operator":"","osm_id":"node/3024584084"}},{"type":"Feature","geometry":{"type":"Point","coordinates":[5.037692,52.118843]},"properties":{"category":"bouwmarkt","name":"Aabo","operator":"","osm_id":"node/3040205165"}},{"type":"Feature","geometry":{"type":"Point","coordinates":[5.041214,52.118671]},"properties":{"category":"bouwmarkt","name":"DYKA","operator":"","osm_id":"node/3040205229"}},{"type":"Feature","geometry":{"type":"Point","coordinates":[5.053198,52.116335]},"properties":{"category":"bouwmarkt","name":"Stiho","operator":"","osm_id":"node/3040205322"}},{"type":"Feature","geometry":{"type":"Point","coordinates":[5.053009,52.117887]},"properties":{"category":"bouwmarkt","name":"PontMeyer","operator":"","osm_id":"node/3040205455"}},{"type":"Feature","geometry":{"type":"Point","coordinates":[5.088104,52.127469]},"properties":{"category":"bouwmarkt","name":"Boels Verhuur","operator":"","osm_id":"node/3041146394"}},{"type":"Feature","geometry":{"type":"Point","coordinates":[5.086466,52.12757]},"properties":{"category":"bouwmarkt","name":"Jongeneel","operator":"","osm_id":"node/3041159219"}},{"type":"Feature","geometry":{"type":"Point","coordinates":[5.090105,52.126352]},"properties":{"category":"bouwmarkt","name":"Lekkerkerker","operator":"","osm_id":"node/3041159578"}},{"type":"Feature","geometry":{"type":"Point","coordinates":[5.090968,52.124051]},"properties":{"category":"bouwmarkt","name":"Toolstation","operator":"","osm_id":"node/3041159741"}},{"type":"Feature","geometry":{"type":"Point","coordinates":[5.07795,52.113068]},"properties":{"category":"bouwmarkt","name":"Praxis","operator":"","osm_id":"node/3041810037"}},{"type":"Feature","geometry":{"type":"Point","coordinates":[5.108869,52.113154]},"properties":{"category":"bouwmarkt","name":"Karwei","operator":"","osm_id":"node/3043882749"}},{"type":"Feature","geometry":{"type":"Point","coordinates":[5.095169,52.103642]},"properties":{"category":"bouwmarkt","name":"Van Rumpt","operator":"","osm_id":"node/3906329775"}},{"type":"Feature","geometry":{"type":"Point","coordinates":[5.08805,52.128461]},"properties":{"category":"bouwmarkt","name":"Bouwmaat","operator":"","osm_id":"node/4560849875"}},{"type":"Feature","geometry":{"type":"Point","coordinates":[5.044735,52.076841]},"properties":{"category":"bouwmarkt","name":"Gamma","operator":"","osm_id":"node/4988754976"}},{"type":"Feature","geometry":{"type":"Point","coordinates":[5.103919,52.056558]},"properties":{"category":"bouwmarkt","name":"Technische Unie","operator":"","osm_id":"node/8603567395"}},{"type":"Feature","geometry":{"type":"Point","coordinates":[5.087794,52.123857]},"properties":{"category":"bouwmarkt","name":"Mastermate","operator":"","osm_id":"node/9040902202"}},{"type":"Feature","geometry":{"type":"Point","coordinates":[5.087621,52.123983]},"properties":{"category":"bouwmarkt","name":"Würth","operator":"","osm_id":"node/9040902203"}},{"type":"Feature","geometry":{"type":"Point","coordinates":[5.088045,52.123706]},"properties":{"category":"bouwmarkt","name":"Wasco","operator":"","osm_id":"node/9040902204"}},{"type":"Feature","geometry":{"type":"Point","coordinates":[5.045997,52.07903]},"properties":{"category":"bouwmarkt","name":"Bouwcenter RAB","operator":"","osm_id":"node/11724482135"}},{"type":"Feature","geometry":{"type":"Point","coordinates":[5.048132,52.110269]},"properties":{"category":"bouwmarkt","name":"Sikkens Center Van Eijk","operator":"","osm_id":"node/12662236981"}},{"type":"Feature","geometry":{"type":"Point","coordinates":[5.086292,52.104406]},"properties":{"category":"bouwmarkt","name":"Buurman","operator":"Buurman","osm_id":"node/12854373067"}},{"type":"Feature","geometry":{"type":"Point","coordinates":[5.083499,52.095745]},"properties":{"category":"bouwmarkt","name":"Gamma","operator":"","osm_id":"node/12920059697"}},{"type":"Feature","geometry":{"type":"Point","coordinates":[5.123424,52.083785]},"properties":{"category":"drogisterij","name":"Etos","operator":"","osm_id":"node/467095735"}},{"type":"Feature","geometry":{"type":"Point","coordinates":[5.111343,52.113882]},"properties":{"category":"drogisterij","name":"Etos","operator":"","osm_id":"node/467095902"}},{"type":"Feature","geometry":{"type":"Point","coordinates":[5.119176,52.094321]},"properties":{"category":"drogisterij","name":"Etos","operator":"","osm_id":"node/467095912"}},{"type":"Feature","geometry":{"type":"Point","coordinates":[5.135557,52.089713]},"properties":{"category":"drogisterij","name":"Etos","operator":"","osm_id":"node/467095928"}},{"type":"Feature","geometry":{"type":"Point","coordinates":[5.112967,52.089443]},"properties":{"category":"drogisterij","name":"Etos","operator":"","osm_id":"node/467095979"}},{"type":"Feature","geometry":{"type":"Point","coordinates":[5.085462,52.086856]},"properties":{"category":"drogisterij","name":"Etos","operator":"","osm_id":"node/467096004"}},{"type":"Feature","geometry":{"type":"Point","coordinates":[5.089608,52.113794]},"properties":{"category":"drogisterij","name":"Etos","operator":"","osm_id":"node/467096010"}},{"type":"Feature","geometry":{"type":"Point","coordinates":[5.124194,52.072226]},"properties":{"category":"drogisterij","name":"Kruidvat","operator":"AS Watson Health & Beauty Benelux","osm_id":"node/695777996"}},{"type":"Feature","geometry":{"type":"Point","coordinates":[5.120844,52.066463]},"properties":{"category":"drogisterij","name":"Etos","operator":"","osm_id":"node/800446383"}},{"type":"Feature","geometry":{"type":"Point","coordinates":[5.118916,52.0915]},"properties":{"category":"drogisterij","name":"Normal","operator":"","osm_id":"node/876198618"}},{"type":"Feature","geometry":{"type":"Point","coordinates":[5.116505,52.090803]},"properties":{"category":"drogisterij","name":"Etos","operator":"","osm_id":"node/876235059"}},{"type":"Feature","geometry":{"type":"Point","coordinates":[5.115609,52.078436]},"properties":{"category":"drogisterij","name":"Kruidvat","operator":"Kruidvat","osm_id":"node/1025272229"}},{"type":"Feature","geometry":{"type":"Point","coordinates":[5.013049,52.084339]},"properties":{"category":"drogisterij","name":"DA","operator":"","osm_id":"node/1312106295"}},{"type":"Feature","geometry":{"type":"Point","coordinates":[5.119103,52.090101]},"properties":{"category":"drogisterij","name":"Slamat","operator":"","osm_id":"node/1704471772"}},{"type":"Feature","geometry":{"type":"Point","coordinates":[5.129244,52.092719]},"properties":{"category":"drogisterij","name":"Kruidvat","operator":"Kruidvat","osm_id":"node/2440358595"}},{"type":"Feature","geometry":{"type":"Point","coordinates":[5.109899,52.089619]},"properties":{"category":"drogisterij","name":"Etos","operator":"","osm_id":"node/2449612535"}},{"type":"Feature","geometry":{"type":"Point","coordinates":[5.113124,52.089452]},"properties":{"category":"drogisterij","name":"Kruidvat","operator":"AS Watson Health & Beauty Benelux","osm_id":"node/2458123980"}},{"type":"Feature","geometry":{"type":"Point","coordinates":[5.111278,52.091172]},"properties":{"category":"drogisterij","name":"Normal","operator":"","osm_id":"node/2458123996"}},{"type":"Feature","geometry":{"type":"Point","coordinates":[5.114951,52.092549]},"properties":{"category":"drogisterij","name":"Kruidvat","operator":"AS Watson Health & Beauty Benelux","osm_id":"node/2466665921"}},{"type":"Feature","geometry":{"type":"Point","coordinates":[5.107193,52.096697]},"properties":{"category":"drogisterij","name":"Kruidvat","operator":"AS Watson Health & Beauty Benelux","osm_id":"node/2634057835"}},{"type":"Feature","geometry":{"type":"Point","coordinates":[5.09892,52.102644]},"properties":{"category":"drogisterij","name":"Trekpleister","operator":"AS Watson Health & Beauty Benelux","osm_id":"node/2636719905"}},{"type":"Feature","geometry":{"type":"Point","coordinates":[5.093366,52.104726]},"properties":{"category":"drogisterij","name":"Kruidvat","operator":"AS Watson Health & Beauty Benelux","osm_id":"node/2636726413"}},{"type":"Feature","geometry":{"type":"Point","coordinates":[5.134394,52.082752]},"properties":{"category":"drogisterij","name":"Kruidvat","operator":"AS Watson Health & Beauty Benelux","osm_id":"node/2667573172"}},{"type":"Feature","geometry":{"type":"Point","coordinates":[5.140219,52.083218]},"properties":{"category":"drogisterij","name":"Trekpleister","operator":"AS Watson Health & Beauty Benelux","osm_id":"node/2667654974"}},{"type":"Feature","geometry":{"type":"Point","coordinates":[5.122541,52.101928]},"properties":{"category":"drogisterij","name":"DA Drogisterij & Parfumerie Noortplein","operator":"","osm_id":"node/2701986187"}},{"type":"Feature","geometry":{"type":"Point","coordinates":[5.114862,52.100848]},"properties":{"category":"drogisterij","name":"Kruidvat","operator":"Kruidvat","osm_id":"node/2705701319"}},{"type":"Feature","geometry":{"type":"Point","coordinates":[5.118722,52.091476]},"properties":{"category":"drogisterij","name":"Kruidvat","operator":"AS Watson Health & Beauty Benelux","osm_id":"node/2709278490"}},{"type":"Feature","geometry":{"type":"Point","coordinates":[5.10422,52.090961]},"properties":{"category":"drogisterij","name":"Kruidvat","operator":"Kruidvat","osm_id":"node/2721312701"}},{"type":"Feature","geometry":{"type":"Point","coordinates":[5.094647,52.075058]},"properties":{"category":"drogisterij","name":"Kruidvat","operator":"Kruidvat","osm_id":"node/2726125917"}},{"type":"Feature","geometry":{"type":"Point","coordinates":[5.05435,52.087831]},"properties":{"category":"drogisterij","name":"Kruidvat","operator":"Kruidvat","osm_id":"node/2736952746"}},{"type":"Feature","geometry":{"type":"Point","coordinates":[5.037705,52.079663]},"properties":{"category":"drogisterij","name":"Kruidvat","operator":"Kruidvat","osm_id":"node/2746381167"}},{"type":"Feature","geometry":{"type":"Point","coordinates":[5.011841,52.093436]},"properties":{"category":"drogisterij","name":"Kruidvat","operator":"Kruidvat","osm_id":"node/2761164126"}},{"type":"Feature","geometry":{"type":"Point","coordinates":[5.012742,52.092866]},"properties":{"category":"drogisterij","name":"Etos","operator":"","osm_id":"node/2761171357"}},{"type":"Feature","geometry":{"type":"Point","coordinates":[5.013624,52.106123]},"properties":{"category":"drogisterij","name":"Kruidvat","operator":"Kruidvat","osm_id":"node/2773777292"}},{"type":"Feature","geometry":{"type":"Point","coordinates":[5.089405,52.113856]},"properties":{"category":"drogisterij","name":"Kruidvat","operator":"Kruidvat","osm_id":"node/3041574605"}},{"type":"Feature","geometry":{"type":"Point","coordinates":[5.134928,52.106631]},"properties":{"category":"drogisterij","name":"Kruidvat","operator":"AS Watson Health & Beauty Benelux","osm_id":"node/3043243705"}},{"type":"Feature","geometry":{"type":"Point","coordinates":[5.111484,52.113964]},"properties":{"category":"drogisterij","name":"Normal","operator":"","osm_id":"node/3043882097"}},{"type":"Feature","geometry":{"type":"Point","coordinates":[5.112465,52.112676]},"properties":{"category":"drogisterij","name":"Kruidvat","operator":"Kruidvat","osm_id":"node/3043882690"}},{"type":"Feature","geometry":{"type":"Point","coordinates":[5.091294,52.091422]},"properties":{"category":"drogisterij","name":"Kruidvat","operator":"Kruidvat","osm_id":"node/3164376119"}},{"type":"Feature","geometry":{"type":"Point","coordinates":[5.137304,52.064725]},"properties":{"category":"drogisterij","name":"Trekpleister","operator":"Trekpleister","osm_id":"node/3289559089"}},{"type":"Feature","geometry":{"type":"Point","coordinates":[5.04399,52.101267]},"properties":{"category":"drogisterij","name":"Etos","operator":"","osm_id":"node/3585910167"}},{"type":"Feature","geometry":{"type":"Point","coordinates":[5.045914,52.10152]},"properties":{"category":"drogisterij","name":"Kruidvat","operator":"Kruidvat","osm_id":"node/3585910530"}},{"type":"Feature","geometry":{"type":"Point","coordinates":[5.013421,52.10561]},"properties":{"category":"drogisterij","name":"Martijn","operator":"","osm_id":"node/4057828498"}},{"type":"Feature","geometry":{"type":"Point","coordinates":[5.094658,52.074134]},"properties":{"category":"drogisterij","name":"Etos","operator":"","osm_id":"node/4583148471"}},{"type":"Feature","geometry":{"type":"Point","coordinates":[5.063848,52.097467]},"properties":{"category":"drogisterij","name":"Kruidvat","operator":"AS Watson Health & Beauty Benelux","osm_id":"node/4987159384"}},{"type":"Feature","geometry":{"type":"Point","coordinates":[5.063555,52.09716]},"properties":{"category":"drogisterij","name":"Etos","operator":"","osm_id":"node/5613571685"}},{"type":"Feature","geometry":{"type":"Point","coordinates":[5.135162,52.106648]},"properties":{"category":"drogisterij","name":"Etos","operator":"","osm_id":"node/8626716191"}},{"type":"Feature","geometry":{"type":"Point","coordinates":[5.116319,52.093184]},"properties":{"category":"drogisterij","name":"Kruidvat","operator":"AS Watson Health & Beauty Benelux","osm_id":"node/10548664957"}},{"type":"Feature","geometry":{"type":"Point","coordinates":[5.143337,52.065931]},"properties":{"category":"fietsenstalling","name":"","operator":"","osm_id":"node/367075044"}},{"type":"Feature","geometry":{"type":"Point","coordinates":[5.119646,52.092222]},"properties":{"category":"fietsenstalling","name":"Fietsenstalling Stadhuisplein","operator":"U-Stal","osm_id":"node/874363741"}},{"type":"Feature","geometry":{"type":"Point","coordinates":[5.089733,52.103215]},"properties":{"category":"fietsenstalling","name":"","operator":"","osm_id":"node/940877248"}},{"type":"Feature","geometry":{"type":"Point","coordinates":[5.172457,52.08608]},"properties":{"category":"fietsenstalling","name":"","operator":"","osm_id":"node/1436434699"}},{"type":"Feature","geometry":{"type":"Point","coordinates":[5.172615,52.085675]},"properties":{"category":"fietsenstalling","name":"","operator":"","osm_id":"node/1547562972"}},{"type":"Feature","geometry":{"type":"Point","coordinates":[5.114138,52.092627]},"properties":{"category":"fietsenstalling","name":"Fietsenstalling Vredenburg","operator":"","osm_id":"node/2466665935"}},{"type":"Feature","geometry":{"type":"Point","coordinates":[5.099964,52.092862]},"properties":{"category":"fietsenstalling","name":"Buurtstalling Vleutenseweg","operator":"","osm_id":"node/2721294351"}},{"type":"Feature","geometry":{"type":"Point","coordinates":[5.178074,52.085682]},"properties":{"category":"fietsenstalling","name":"","operator":"","osm_id":"node/3008418833"}},{"type":"Feature","geometry":{"type":"Point","coordinates":[5.124336,52.094702]},"properties":{"category":"fietsenstalling","name":"Fietsenstalling UBB","operator":"","osm_id":"node/3081750638"}},{"type":"Feature","geometry":{"type":"Point","coordinates":[5.13328,52.069781]},"properties":{"category":"fietsenstalling","name":"Fietsenstalling Salwega Scouting","operator":"Salwega Scouting","osm_id":"node/3111641424"}},{"type":"Feature","geometry":{"type":"Point","coordinates":[5.117353,52.063231]},"properties":{"category":"fietsenstalling","name":"","operator":"","osm_id":"node/3115559259"}},{"type":"Feature","geometry":{"type":"Point","coordinates":[5.100529,52.062418]},"properties":{"category":"fietsenstalling","name":"IKEA","operator":"IKEA","osm_id":"node/3305109700"}},{"type":"Feature","geometry":{"type":"Point","coordinates":[5.177973,52.082707]},"properties":{"category":"fietsenstalling","name":"Androclusgebouw","operator":"","osm_id":"node/4180767792"}},{"type":"Feature","geometry":{"type":"Point","coordinates":[5.175337,52.082806]},"properties":{"category":"fietsenstalling","name":"","operator":"","osm_id":"node/4184394616"}},{"type":"Feature","geometry":{"type":"Point","coordinates":[5.058673,52.102117]},"properties":{"category":"fietsenstalling","name":"","operator":"","osm_id":"node/4383034902"}},{"type":"Feature","geometry":{"type":"Point","coordinates":[5.055499,52.104127]},"properties":{"category":"fietsenstalling","name":"","operator":"","osm_id":"node/4567090470"}},{"type":"Feature","geometry":{"type":"Point","coordinates":[5.118376,52.089888]},"properties":{"category":"fietsenstalling","name":"Fietsenstalling Zadelstraat","operator":"","osm_id":"node/4710484748"}},{"type":"Feature","geometry":{"type":"Point","coordinates":[5.16742,52.084095]},"properties":{"category":"fietsenstalling","name":"Faculteitsstalling","operator":"Faculteit Educatie","osm_id":"node/4775841976"}},{"type":"Feature","geometry":{"type":"Point","coordinates":[5.177304,52.084337]},"properties":{"category":"fietsenstalling","name":"","operator":"","osm_id":"node/5869190690"}},{"type":"Feature","geometry":{"type":"Point","coordinates":[5.118171,52.092877]},"properties":{"category":"fietsenstalling","name":"Fietsenstalling Neude","operator":"Gemeente Utecht","osm_id":"node/5885744979"}},{"type":"Feature","geometry":{"type":"Point","coordinates":[5.048189,52.095658]},"properties":{"category":"fietsenstalling","name":"","operator":"","osm_id":"node/5970427576"}},{"type":"Feature","geometry":{"type":"Point","coordinates":[5.062663,52.098513]},"properties":{"category":"fietsenstalling","name":"","operator":"","osm_id":"node/6653481759"}},{"type":"Feature","geometry":{"type":"Point","coordinates":[5.15116,52.078047]},"properties":{"category":"fietsenstalling","name":"","operator":"De Moestuin","osm_id":"node/7467403678"}},{"type":"Feature","geometry":{"type":"Point","coordinates":[5.130981,52.095423]},"properties":{"category":"fietsenstalling","name":"","operator":"Albert Heijn","osm_id":"node/7779148327"}},{"type":"Feature","geometry":{"type":"Point","coordinates":[5.11212,52.091716]},"properties":{"category":"fietsenstalling","name":"Fietsenstalling Laag Catharijne","operator":"U-Stal","osm_id":"node/8526251641"}},{"type":"Feature","geometry":{"type":"Point","coordinates":[5.093366,52.109988]},"properties":{"category":"fietsenstalling","name":"","operator":"","osm_id":"node/8838737504"}},{"type":"Feature","geometry":{"type":"Point","coordinates":[5.080745,52.095329]},"properties":{"category":"fietsenstalling","name":"","operator":"","osm_id":"node/9132886074"}},{"type":"Feature","geometry":{"type":"Point","coordinates":[5.115888,52.093176]},"properties":{"category":"fietsenstalling","name":"Fietsenstalling House Modernes","operator":"U-Stal","osm_id":"node/9989054366"}},{"type":"Feature","geometry":{"type":"Point","coordinates":[5.095231,52.104195]},"properties":{"category":"fietsenstalling","name":"","operator":"Gemeente Utrecht","osm_id":"node/10139370959"}},{"type":"Feature","geometry":{"type":"Point","coordinates":[5.095479,52.104056]},"properties":{"category":"fietsenstalling","name":"","operator":"Gemeente Utrecht","osm_id":"node/10139370960"}},{"type":"Feature","geometry":{"type":"Point","coordinates":[5.095873,52.104059]},"properties":{"category":"fietsenstalling","name":"","operator":"","osm_id":"node/10139491955"}},{"type":"Feature","geometry":{"type":"Point","coordinates":[5.125332,52.089224]},"properties":{"category":"fietsenstalling","name":"","operator":"","osm_id":"node/10290212835"}},{"type":"Feature","geometry":{"type":"Point","coordinates":[5.095741,52.104719]},"properties":{"category":"fietsenstalling","name":"","operator":"","osm_id":"node/10649604922"}},{"type":"Feature","geometry":{"type":"Point","coordinates":[5.095259,52.10418]},"properties":{"category":"fietsenstalling","name":"","operator":"Gemeente Utrecht","osm_id":"node/11833888907"}},{"type":"Feature","geometry":{"type":"Point","coordinates":[5.146249,52.086247]},"properties":{"category":"fietsenstalling","name":"","operator":"","osm_id":"node/12288031290"}},{"type":"Feature","geometry":{"type":"Point","coordinates":[5.145644,52.086113]},"properties":{"category":"fietsenstalling","name":"","operator":"","osm_id":"node/12288031291"}},{"type":"Feature","geometry":{"type":"Point","coordinates":[5.06319,52.040509]},"properties":{"category":"fietsenstalling","name":"","operator":"","osm_id":"node/12574444311"}},{"type":"Feature","geometry":{"type":"Point","coordinates":[5.11971,52.08868]},"properties":{"category":"fietsenstalling","name":"Bewonersstalling Springweg","operator":"Gemeente Utrecht","osm_id":"node/12766206861"}},{"type":"Feature","geometry":{"type":"Point","coordinates":[5.119711,52.088642]},"properties":{"category":"fietsenstalling","name":"Pop-Up stalling Springweg","operator":"Gemeente Utrecht","osm_id":"node/12766206862"}},{"type":"Feature","geometry":{"type":"Point","coordinates":[5.120594,52.065654]},"properties":{"category":"fietsenstalling","name":"","operator":"","osm_id":"node/12811082766"}},{"type":"Feature","geometry":{"type":"Point","coordinates":[5.121061,52.065571]},"properties":{"category":"fietsenstalling","name":"","operator":"","osm_id":"node/12811087037"}},{"type":"Feature","geometry":{"type":"Point","coordinates":[5.123587,52.109934]},"properties":{"category":"fietsenstalling","name":"","operator":"NS","osm_id":"node/13342973926"}},{"type":"Feature","geometry":{"type":"Point","coordinates":[5.177138,52.086077]},"properties":{"category":"fietsenstalling","name":"","operator":"","osm_id":"node/13629681462"}},{"type":"Feature","geometry":{"type":"Point","coordinates":[5.147804,52.090199]},"properties":{"category":"fietsenstalling","name":"","operator":"","osm_id":"node/13685540238"}},{"type":"Feature","geometry":{"type":"Point","coordinates":[5.108041,52.091096]},"properties":{"category":"fietsenstalling","name":"Sijpesteijn","operator":"","osm_id":"way/163841327"}},{"type":"Feature","geometry":{"type":"Point","coordinates":[5.088681,52.103212]},"properties":{"category":"fietsenstalling","name":"","operator":"Nederlandse Spoorwegen","osm_id":"way/239016010"}},{"type":"Feature","geometry":{"type":"Point","coordinates":[5.00762,52.10263]},"properties":{"category":"fietsenstalling","name":"","operator":"","osm_id":"way/239016019"}},{"type":"Feature","geometry":{"type":"Point","coordinates":[5.006632,52.10271]},"properties":{"category":"fietsenstalling","name":"","operator":"","osm_id":"way/239016022"}},{"type":"Feature","geometry":{"type":"Point","coordinates":[5.00841,52.102569]},"properties":{"category":"fietsenstalling","name":"","operator":"","osm_id":"way/239016023"}},{"type":"Feature","geometry":{"type":"Point","coordinates":[5.089599,52.102829]},"properties":{"category":"fietsenstalling","name":"","operator":"Nederlandse Spoorwegen","osm_id":"way/239016030"}},{"type":"Feature","geometry":{"type":"Point","coordinates":[5.089933,52.103123]},"properties":{"category":"fietsenstalling","name":"","operator":"Nederlandse Spoorwegen","osm_id":"way/257830806"}},{"type":"Feature","geometry":{"type":"Point","coordinates":[5.089816,52.103189]},"properties":{"category":"fietsenstalling","name":"","operator":"Nederlandse Spoorwegen","osm_id":"way/257831128"}},{"type":"Feature","geometry":{"type":"Point","coordinates":[5.089875,52.103156]},"properties":{"category":"fietsenstalling","name":"","operator":"Nederlandse Spoorwegen","osm_id":"way/257831233"}},{"type":"Feature","geometry":{"type":"Point","coordinates":[5.150828,52.091361]},"properties":{"category":"fietsenstalling","name":"","operator":"","osm_id":"way/261308996"}},{"type":"Feature","geometry":{"type":"Point","coordinates":[5.117459,52.098959]},"properties":{"category":"fietsenstalling","name":"","operator":"","osm_id":"way/264536328"}},{"type":"Feature","geometry":{"type":"Point","coordinates":[5.177192,52.091791]},"properties":{"category":"fietsenstalling","name":"","operator":"","osm_id":"way/265461165"}},{"type":"Feature","geometry":{"type":"Point","coordinates":[5.107525,52.088997]},"properties":{"category":"fietsenstalling","name":"Jaarbeursplein","operator":"","osm_id":"way/265515883"}},{"type":"Feature","geometry":{"type":"Point","coordinates":[5.114006,52.082089]},"properties":{"category":"fietsenstalling","name":"","operator":"","osm_id":"way/265990015"}},{"type":"Feature","geometry":{"type":"Point","coordinates":[5.095418,52.084021]},"properties":{"category":"fietsenstalling","name":"","operator":"","osm_id":"way/266632359"}},{"type":"Feature","geometry":{"type":"Point","coordinates":[5.089551,52.102873]},"properties":{"category":"fietsenstalling","name":"","operator":"Nederlandse Spoorwegen","osm_id":"way/266705186"}},{"type":"Feature","geometry":{"type":"Point","coordinates":[5.089493,52.102907]},"properties":{"category":"fietsenstalling","name":"","operator":"Nederlandse Spoorwegen","osm_id":"way/266705191"}},{"type":"Feature","geometry":{"type":"Point","coordinates":[5.089186,52.080297]},"properties":{"category":"fietsenstalling","name":"","operator":"","osm_id":"way/267151765"}},{"type":"Feature","geometry":{"type":"Point","coordinates":[5.069908,52.086]},"properties":{"category":"fietsenstalling","name":"","operator":"","osm_id":"way/267449445"}},{"type":"Feature","geometry":{"type":"Point","coordinates":[5.165848,52.087454]},"properties":{"category":"fietsenstalling","name":"","operator":"","osm_id":"way/300094991"}},{"type":"Feature","geometry":{"type":"Point","coordinates":[5.118617,52.10814]},"properties":{"category":"fietsenstalling","name":"","operator":"","osm_id":"way/300233311"}},{"type":"Feature","geometry":{"type":"Point","coordinates":[5.117831,52.107042]},"properties":{"category":"fietsenstalling","name":"","operator":"","osm_id":"way/300233612"}},{"type":"Feature","geometry":{"type":"Point","coordinates":[5.11568,52.107226]},"properties":{"category":"fietsenstalling","name":"","operator":"","osm_id":"way/300233857"}},{"type":"Feature","geometry":{"type":"Point","coordinates":[5.117214,52.066293]},"properties":{"category":"fietsenstalling","name":"","operator":"","osm_id":"way/307506911"}},{"type":"Feature","geometry":{"type":"Point","coordinates":[5.115946,52.066378]},"properties":{"category":"fietsenstalling","name":"","operator":"","osm_id":"way/307506946"}},{"type":"Feature","geometry":{"type":"Point","coordinates":[5.121947,52.07861]},"properties":{"category":"fietsenstalling","name":"","operator":"","osm_id":"way/311960214"}},{"type":"Feature","geometry":{"type":"Point","coordinates":[5.122792,52.078404]},"properties":{"category":"fietsenstalling","name":"Vaartsche Rijn","operator":"NS","osm_id":"way/311960218"}},{"type":"Feature","geometry":{"type":"Point","coordinates":[5.166563,52.087155]},"properties":{"category":"fietsenstalling","name":"","operator":"","osm_id":"way/370536967"}},{"type":"Feature","geometry":{"type":"Point","coordinates":[5.123252,52.078591]},"properties":{"category":"fietsenstalling","name":"Buurtstalling","operator":"","osm_id":"way/390404623"}},{"type":"Feature","geometry":{"type":"Point","coordinates":[5.12485,52.079403]},"properties":{"category":"fietsenstalling","name":"","operator":"","osm_id":"way/462404456"}},{"type":"Feature","geometry":{"type":"Point","coordinates":[5.175895,52.086687]},"properties":{"category":"fietsenstalling","name":"","operator":"","osm_id":"way/476680018"}},{"type":"Feature","geometry":{"type":"Point","coordinates":[5.149607,52.091268]},"properties":{"category":"fietsenstalling","name":"","operator":"","osm_id":"way/528024898"}},{"type":"Feature","geometry":{"type":"Point","coordinates":[5.109129,52.087648]},"properties":{"category":"fietsenstalling","name":"Fietsenstalling Knoop","operator":"","osm_id":"way/589011839"}},{"type":"Feature","geometry":{"type":"Point","coordinates":[5.132263,52.079606]},"properties":{"category":"fietsenstalling","name":"","operator":"","osm_id":"way/628542349"}},{"type":"Feature","geometry":{"type":"Point","coordinates":[5.044139,52.100178]},"properties":{"category":"fietsenstalling","name":"","operator":"","osm_id":"way/642159882"}},{"type":"Feature","geometry":{"type":"Point","coordinates":[5.124113,52.064735]},"properties":{"category":"fietsenstalling","name":"","operator":"","osm_id":"way/677143164"}},{"type":"Feature","geometry":{"type":"Point","coordinates":[5.111189,52.090414]},"properties":{"category":"fietsenstalling","name":"Stationspleinstalling","operator":"NS","osm_id":"way/760216553"}},{"type":"Feature","geometry":{"type":"Point","coordinates":[5.15116,52.078049]},"properties":{"category":"fietsenstalling","name":"","operator":"De Moestuin","osm_id":"way/798394288"}},{"type":"Feature","geometry":{"type":"Point","coordinates":[5.18301,52.090107]},"properties":{"category":"fietsenstalling","name":"","operator":"","osm_id":"way/824278471"}},{"type":"Feature","geometry":{"type":"Point","coordinates":[5.183269,52.089583]},"properties":{"category":"fietsenstalling","name":"","operator":"","osm_id":"way/824278472"}},{"type":"Feature","geometry":{"type":"Point","coordinates":[5.089334,52.103519]},"properties":{"category":"fietsenstalling","name":"","operator":"Nederlandse Spoorwegen","osm_id":"way/854638960"}},{"type":"Feature","geometry":{"type":"Point","coordinates":[5.173149,52.084426]},"properties":{"category":"fietsenstalling","name":"","operator":"Universiteit Utrecht","osm_id":"way/914753654"}},{"type":"Feature","geometry":{"type":"Point","coordinates":[5.078625,52.106765]},"properties":{"category":"fietsenstalling","name":"","operator":"Stadsbedrijf gemeente Utrecht","osm_id":"way/971187152"}},{"type":"Feature","geometry":{"type":"Point","coordinates":[5.141607,52.062847]},"properties":{"category":"fietsenstalling","name":"","operator":"","osm_id":"way/998506791"}},{"type":"Feature","geometry":{"type":"Point","coordinates":[5.055235,52.12533]},"properties":{"category":"fietsenstalling","name":"","operator":"","osm_id":"way/1004916134"}},{"type":"Feature","geometry":{"type":"Point","coordinates":[5.148951,52.092229]},"properties":{"category":"fietsenstalling","name":"","operator":"","osm_id":"way/1023456612"}},{"type":"Feature","geometry":{"type":"Point","coordinates":[5.134532,52.064895]},"properties":{"category":"fietsenstalling","name":"","operator":"","osm_id":"way/1040675104"}},{"type":"Feature","geometry":{"type":"Point","coordinates":[5.150142,52.079301]},"properties":{"category":"fietsenstalling","name":"","operator":"","osm_id":"way/1040940950"}},{"type":"Feature","geometry":{"type":"Point","coordinates":[5.117571,52.082505]},"properties":{"category":"fietsenstalling","name":"","operator":"","osm_id":"way/1063293878"}},{"type":"Feature","geometry":{"type":"Point","coordinates":[5.11778,52.082276]},"properties":{"category":"fietsenstalling","name":"","operator":"","osm_id":"way/1063293879"}},{"type":"Feature","geometry":{"type":"Point","coordinates":[5.174916,52.085675]},"properties":{"category":"fietsenstalling","name":"","operator":"","osm_id":"way/1091075228"}},{"type":"Feature","geometry":{"type":"Point","coordinates":[5.175628,52.082194]},"properties":{"category":"fietsenstalling","name":"","operator":"","osm_id":"way/1092949572"}},{"type":"Feature","geometry":{"type":"Point","coordinates":[5.176859,52.084508]},"properties":{"category":"fietsenstalling","name":"","operator":"","osm_id":"way/1094329472"}},{"type":"Feature","geometry":{"type":"Point","coordinates":[5.091584,52.078665]},"properties":{"category":"fietsenstalling","name":"","operator":"","osm_id":"way/1114878028"}},{"type":"Feature","geometry":{"type":"Point","coordinates":[5.134484,52.080976]},"properties":{"category":"fietsenstalling","name":"","operator":"","osm_id":"way/1120350171"}},{"type":"Feature","geometry":{"type":"Point","coordinates":[5.181668,52.089232]},"properties":{"category":"fietsenstalling","name":"","operator":"","osm_id":"way/1153609316"}},{"type":"Feature","geometry":{"type":"Point","coordinates":[5.107257,52.061057]},"properties":{"category":"fietsenstalling","name":"","operator":"","osm_id":"way/1190663626"}},{"type":"Feature","geometry":{"type":"Point","coordinates":[5.055322,52.103054]},"properties":{"category":"fietsenstalling","name":"","operator":"","osm_id":"way/1228043060"}},{"type":"Feature","geometry":{"type":"Point","coordinates":[5.058674,52.10212]},"properties":{"category":"fietsenstalling","name":"","operator":"","osm_id":"way/1228043063"}},{"type":"Feature","geometry":{"type":"Point","coordinates":[5.046385,52.080648]},"properties":{"category":"fietsenstalling","name":"","operator":"","osm_id":"way/1279293960"}},{"type":"Feature","geometry":{"type":"Point","coordinates":[5.007966,52.102603]},"properties":{"category":"fietsenstalling","name":"","operator":"","osm_id":"way/1291706179"}},{"type":"Feature","geometry":{"type":"Point","coordinates":[5.10681,52.062685]},"properties":{"category":"fietsenstalling","name":"","operator":"","osm_id":"way/1304680531"}},{"type":"Feature","geometry":{"type":"Point","coordinates":[5.078277,52.067226]},"properties":{"category":"fietsenstalling","name":"","operator":"","osm_id":"way/1316880419"}},{"type":"Feature","geometry":{"type":"Point","coordinates":[5.089928,52.103198]},"properties":{"category":"fietsenstalling","name":"","operator":"Nederlandse Spoorwegen","osm_id":"way/1376154100"}},{"type":"Feature","geometry":{"type":"Point","coordinates":[5.090007,52.103099]},"properties":{"category":"fietsenstalling","name":"","operator":"Nederlandse Spoorwegen","osm_id":"way/1376154101"}},{"type":"Feature","geometry":{"type":"Point","coordinates":[5.089193,52.103428]},"properties":{"category":"fietsenstalling","name":"","operator":"Nederlandse Spoorwegen","osm_id":"way/1376154102"}},{"type":"Feature","geometry":{"type":"Point","coordinates":[5.09505,52.091897]},"properties":{"category":"fietsenstalling","name":"","operator":"Gemeente Utrecht","osm_id":"way/1388226170"}},{"type":"Feature","geometry":{"type":"Point","coordinates":[5.093805,52.091567]},"properties":{"category":"fietsenstalling","name":"","operator":"Gemeente Utrecht","osm_id":"way/1390566102"}},{"type":"Feature","geometry":{"type":"Point","coordinates":[5.036778,52.117975]},"properties":{"category":"fietsenstalling","name":"","operator":"","osm_id":"way/1411165280"}},{"type":"Feature","geometry":{"type":"Point","coordinates":[5.096185,52.091712]},"properties":{"category":"fietsenstalling","name":"","operator":"Gemeente Utrecht","osm_id":"way/1476643857"}},{"type":"Feature","geometry":{"type":"Point","coordinates":[5.068801,52.085368]},"properties":{"category":"fietsenstalling","name":"","operator":"","osm_id":"way/1500865022"}},{"type":"Feature","geometry":{"type":"Point","coordinates":[5.143462,52.065764]},"properties":{"category":"fietsenstalling","name":"","operator":"","osm_id":"way/1513317452"}},{"type":"Feature","geometry":{"type":"Point","coordinates":[5.143394,52.065737]},"properties":{"category":"fietsenstalling","name":"","operator":"","osm_id":"way/1513317453"}},{"type":"Feature","geometry":{"type":"Point","coordinates":[5.143319,52.06571]},"properties":{"category":"fietsenstalling","name":"","operator":"","osm_id":"way/1513317454"}},{"type":"Feature","geometry":{"type":"Point","coordinates":[5.143522,52.065704]},"properties":{"category":"fietsenstalling","name":"","operator":"NS","osm_id":"way/1513317455"}},{"type":"Feature","geometry":{"type":"Point","coordinates":[5.143453,52.065677]},"properties":{"category":"fietsenstalling","name":"","operator":"NS","osm_id":"way/1513317456"}},{"type":"Feature","geometry":{"type":"Point","coordinates":[5.143377,52.065649]},"properties":{"category":"fietsenstalling","name":"","operator":"NS","osm_id":"way/1513317457"}},{"type":"Feature","geometry":{"type":"Point","coordinates":[5.143222,52.066008]},"properties":{"category":"fietsenstalling","name":"","operator":"","osm_id":"way/1513317459"}},{"type":"Feature","geometry":{"type":"Point","coordinates":[5.143164,52.06597]},"properties":{"category":"fietsenstalling","name":"","operator":"","osm_id":"way/1513317460"}},{"type":"Feature","geometry":{"type":"Point","coordinates":[5.14339,52.065838]},"properties":{"category":"fietsenstalling","name":"","operator":"","osm_id":"way/1513317461"}},{"type":"Feature","geometry":{"type":"Point","coordinates":[5.143296,52.065836]},"properties":{"category":"fietsenstalling","name":"","operator":"","osm_id":"way/1513317462"}},{"type":"Feature","geometry":{"type":"Point","coordinates":[5.143256,52.065772]},"properties":{"category":"fietsenstalling","name":"","operator":"","osm_id":"way/1513317463"}},{"type":"Feature","geometry":{"type":"Point","coordinates":[5.108906,52.086721]},"properties":{"category":"parkeergarage","name":"","operator":"","osm_id":"node/27190826"}},{"type":"Feature","geometry":{"type":"Point","coordinates":[5.113213,52.08983]},"properties":{"category":"parkeergarage","name":"Hoog Catharijne P2","operator":"Interparking","osm_id":"node/27274532"}},{"type":"Feature","geometry":{"type":"Point","coordinates":[5.113486,52.089594]},"properties":{"category":"parkeergarage","name":"Hoog Catharijne P1","operator":"Interparking","osm_id":"node/27274533"}},{"type":"Feature","geometry":{"type":"Point","coordinates":[5.1149,52.090376]},"properties":{"category":"parkeergarage","name":"Hoog Catharijne P6","operator":"Interparking","osm_id":"node/694732239"}},{"type":"Feature","geometry":{"type":"Point","coordinates":[5.121982,52.066654]},"properties":{"category":"parkeergarage","name":"","operator":"","osm_id":"node/716947916"}},{"type":"Feature","geometry":{"type":"Point","coordinates":[5.054106,52.087231]},"properties":{"category":"parkeergarage","name":"Parkwijk","operator":"","osm_id":"node/1191125457"}},{"type":"Feature","geometry":{"type":"Point","coordinates":[5.112078,52.091435]},"properties":{"category":"parkeergarage","name":"Hoog Catharijne P4","operator":"Interparking","osm_id":"node/1383459295"}},{"type":"Feature","geometry":{"type":"Point","coordinates":[5.1293,52.093791]},"properties":{"category":"parkeergarage","name":"Parkeergarage Kruisstraat","operator":"P1","osm_id":"node/2135438757"}},{"type":"Feature","geometry":{"type":"Point","coordinates":[5.112216,52.091291]},"properties":{"category":"parkeergarage","name":"Hoog Catharijne P3","operator":"Interparking","osm_id":"node/2458082828"}},{"type":"Feature","geometry":{"type":"Point","coordinates":[5.113451,52.091358]},"properties":{"category":"parkeergarage","name":"P5 Vredenburg","operator":"Interparking","osm_id":"node/2591471925"}},{"type":"Feature","geometry":{"type":"Point","coordinates":[5.110899,52.086041]},"properties":{"category":"parkeergarage","name":"Rabobank Visitors","operator":"","osm_id":"node/2641807459"}},{"type":"Feature","geometry":{"type":"Point","coordinates":[5.115097,52.094179]},"properties":{"category":"parkeergarage","name":"Q-Park La Vie","operator":"Q-Park","osm_id":"node/2710006591"}},{"type":"Feature","geometry":{"type":"Point","coordinates":[5.173137,52.084137]},"properties":{"category":"parkeergarage","name":"P8-Cambridgelaan","operator":"","osm_id":"node/3042089083"}},{"type":"Feature","geometry":{"type":"Point","coordinates":[5.148204,52.090289]},"properties":{"category":"parkeergarage","name":"","operator":"","osm_id":"node/3225916055"}},{"type":"Feature","geometry":{"type":"Point","coordinates":[5.114118,52.103692]},"properties":{"category":"parkeergarage","name":"","operator":"","osm_id":"node/3650361586"}},{"type":"Feature","geometry":{"type":"Point","coordinates":[5.103961,52.092522]},"properties":{"category":"parkeergarage","name":"Parkeergarage Kop van Lombok","operator":"","osm_id":"node/4086589259"}},{"type":"Feature","geometry":{"type":"Point","coordinates":[5.109205,52.094155]},"properties":{"category":"parkeergarage","name":"","operator":"","osm_id":"node/5867129426"}},{"type":"Feature","geometry":{"type":"Point","coordinates":[5.069024,52.097692]},"properties":{"category":"parkeergarage","name":"P+R Berlijnplein","operator":"P1","osm_id":"node/7142979557"}},{"type":"Feature","geometry":{"type":"Point","coordinates":[5.090902,52.079969]},"properties":{"category":"parkeergarage","name":"","operator":"","osm_id":"node/7667969320"}},{"type":"Feature","geometry":{"type":"Point","coordinates":[5.090851,52.079954]},"properties":{"category":"parkeergarage","name":"Garage Van Heuven Goedhartplein","operator":"","osm_id":"node/7733593808"}},{"type":"Feature","geometry":{"type":"Point","coordinates":[5.12602,52.110921]},"properties":{"category":"parkeergarage","name":"","operator":"","osm_id":"node/8768449290"}},{"type":"Feature","geometry":{"type":"Point","coordinates":[5.082619,52.092528]},"properties":{"category":"parkeergarage","name":"","operator":"","osm_id":"node/9332057693"}},{"type":"Feature","geometry":{"type":"Point","coordinates":[5.095592,52.100463]},"properties":{"category":"parkeergarage","name":"Parkeergarage Wisselstraat","operator":"","osm_id":"node/9656426302"}},{"type":"Feature","geometry":{"type":"Point","coordinates":[5.109731,52.093994]},"properties":{"category":"parkeergarage","name":"ParkBee Daalsesingel","operator":"ParkBee","osm_id":"node/9986525918"}},{"type":"Feature","geometry":{"type":"Point","coordinates":[5.115107,52.100432]},"properties":{"category":"parkeergarage","name":"","operator":"Jumbo","osm_id":"node/12120526806"}},{"type":"Feature","geometry":{"type":"Point","coordinates":[5.064549,52.099954]},"properties":{"category":"parkeergarage","name":"","operator":"Capgemini","osm_id":"node/12223941584"}},{"type":"Feature","geometry":{"type":"Point","coordinates":[5.094087,52.073762]},"properties":{"category":"parkeergarage","name":"","operator":"","osm_id":"way/22978182"}},{"type":"Feature","geometry":{"type":"Point","coordinates":[5.10502,52.057498]},"properties":{"category":"parkeergarage","name":"P+R Westraven","operator":"","osm_id":"way/23689369"}},{"type":"Feature","geometry":{"type":"Point","coordinates":[5.17566,52.090427]},"properties":{"category":"parkeergarage","name":"P10-Olympos","operator":"","osm_id":"way/23855553"}},{"type":"Feature","geometry":{"type":"Point","coordinates":[5.142818,52.077781]},"properties":{"category":"parkeergarage","name":"Q-Park Galgenwaard","operator":"Q-Park","osm_id":"way/24815002"}},{"type":"Feature","geometry":{"type":"Point","coordinates":[5.100988,52.083024]},"properties":{"category":"parkeergarage","name":"","operator":"","osm_id":"way/55309645"}},{"type":"Feature","geometry":{"type":"Point","coordinates":[5.177402,52.088454]},"properties":{"category":"parkeergarage","name":"","operator":"UMC Utrecht","osm_id":"way/55312411"}},{"type":"Feature","geometry":{"type":"Point","coordinates":[5.111062,52.0611]},"properties":{"category":"parkeergarage","name":"","operator":"","osm_id":"way/55313184"}},{"type":"Feature","geometry":{"type":"Point","coordinates":[5.062659,52.099615]},"properties":{"category":"parkeergarage","name":"","operator":"","osm_id":"way/222704584"}},{"type":"Feature","geometry":{"type":"Point","coordinates":[5.117705,52.088474]},"properties":{"category":"parkeergarage","name":"","operator":"","osm_id":"way/265260137"}},{"type":"Feature","geometry":{"type":"Point","coordinates":[5.103844,52.088139]},"properties":{"category":"parkeergarage","name":"","operator":"","osm_id":"way/266028395"}},{"type":"Feature","geometry":{"type":"Point","coordinates":[5.106159,52.077421]},"properties":{"category":"parkeergarage","name":"","operator":"","osm_id":"way/266028444"}},{"type":"Feature","geometry":{"type":"Point","coordinates":[5.084408,52.064012]},"properties":{"category":"parkeergarage","name":"De Cope","operator":"","osm_id":"way/267486876"}},{"type":"Feature","geometry":{"type":"Point","coordinates":[5.07605,52.067155]},"properties":{"category":"parkeergarage","name":"","operator":"","osm_id":"way/267486992"}},{"type":"Feature","geometry":{"type":"Point","coordinates":[5.081427,52.065664]},"properties":{"category":"parkeergarage","name":"","operator":"","osm_id":"way/267487044"}},{"type":"Feature","geometry":{"type":"Point","coordinates":[5.056479,52.103037]},"properties":{"category":"parkeergarage","name":"Parkeergarage St Antonius Ziekenhuis","operator":"","osm_id":"way/295198539"}},{"type":"Feature","geometry":{"type":"Point","coordinates":[5.085038,52.124005]},"properties":{"category":"parkeergarage","name":"Parkeergarage De Vechtsebanen","operator":"","osm_id":"way/300013333"}},{"type":"Feature","geometry":{"type":"Point","coordinates":[5.091738,52.09111]},"properties":{"category":"parkeergarage","name":"","operator":"","osm_id":"way/311281769"}},{"type":"Feature","geometry":{"type":"Point","coordinates":[5.123361,52.078206]},"properties":{"category":"parkeergarage","name":"Vaartsche Rijn","operator":"Gemeente Utrecht","osm_id":"way/311960209"}},{"type":"Feature","geometry":{"type":"Point","coordinates":[5.089834,52.065444]},"properties":{"category":"parkeergarage","name":"","operator":"","osm_id":"way/383320023"}},{"type":"Feature","geometry":{"type":"Point","coordinates":[5.155594,52.092077]},"properties":{"category":"parkeergarage","name":"","operator":"","osm_id":"way/383400814"}},{"type":"Feature","geometry":{"type":"Point","coordinates":[5.106196,52.088471]},"properties":{"category":"parkeergarage","name":"Parkeergarage Croeselaan","operator":"","osm_id":"way/385438366"}},{"type":"Feature","geometry":{"type":"Point","coordinates":[5.063336,52.098298]},"properties":{"category":"parkeergarage","name":"Parkeergarage Leidsche Rijn Centrum","operator":"","osm_id":"way/402901990"}},{"type":"Feature","geometry":{"type":"Point","coordinates":[5.179244,52.084556]},"properties":{"category":"parkeergarage","name":"Parkeergarage UMC Utrecht","operator":"UMC Utrecht","osm_id":"way/418164120"}},{"type":"Feature","geometry":{"type":"Point","coordinates":[5.135901,52.064924]},"properties":{"category":"parkeergarage","name":"","operator":"","osm_id":"way/423144380"}},{"type":"Feature","geometry":{"type":"Point","coordinates":[5.064045,52.097581]},"properties":{"category":"parkeergarage","name":"","operator":"","osm_id":"way/454699533"}},{"type":"Feature","geometry":{"type":"Point","coordinates":[5.150599,52.091478]},"properties":{"category":"parkeergarage","name":"","operator":"","osm_id":"way/528024909"}},{"type":"Feature","geometry":{"type":"Point","coordinates":[5.14992,52.09131]},"properties":{"category":"parkeergarage","name":"","operator":"","osm_id":"way/528024912"}},{"type":"Feature","geometry":{"type":"Point","coordinates":[5.113573,52.062257]},"properties":{"category":"parkeergarage","name":"","operator":"","osm_id":"way/551288825"}},{"type":"Feature","geometry":{"type":"Point","coordinates":[5.181935,52.089014]},"properties":{"category":"parkeergarage","name":"P1 (WKZ)","operator":"","osm_id":"way/583012682"}},{"type":"Feature","geometry":{"type":"Point","coordinates":[5.098122,52.084448]},"properties":{"category":"parkeergarage","name":"","operator":"","osm_id":"way/595449469"}},{"type":"Feature","geometry":{"type":"Point","coordinates":[5.012858,52.093475]},"properties":{"category":"parkeergarage","name":"P2","operator":"","osm_id":"way/624059818"}},{"type":"Feature","geometry":{"type":"Point","coordinates":[5.04386,52.102086]},"properties":{"category":"parkeergarage","name":"Parkeergarage Winkelcentrum Terwijde","operator":"","osm_id":"way/669567758"}},{"type":"Feature","geometry":{"type":"Point","coordinates":[5.068015,52.094914]},"properties":{"category":"parkeergarage","name":"Greenville","operator":"","osm_id":"way/674244436"}},{"type":"Feature","geometry":{"type":"Point","coordinates":[5.086817,52.063905]},"properties":{"category":"parkeergarage","name":"","operator":"","osm_id":"way/682158842"}},{"type":"Feature","geometry":{"type":"Point","coordinates":[5.07665,52.08899]},"properties":{"category":"parkeergarage","name":"","operator":"","osm_id":"way/690650689"}},{"type":"Feature","geometry":{"type":"Point","coordinates":[5.076193,52.089985]},"properties":{"category":"parkeergarage","name":"","operator":"","osm_id":"way/745998952"}},{"type":"Feature","geometry":{"type":"Point","coordinates":[5.070086,52.097348]},"properties":{"category":"parkeergarage","name":"Change=","operator":"","osm_id":"way/781518338"}},{"type":"Feature","geometry":{"type":"Point","coordinates":[5.07592,52.092351]},"properties":{"category":"parkeergarage","name":"","operator":"","osm_id":"way/870681849"}},{"type":"Feature","geometry":{"type":"Point","coordinates":[5.153424,52.094305]},"properties":{"category":"parkeergarage","name":"","operator":"","osm_id":"way/879299911"}},{"type":"Feature","geometry":{"type":"Point","coordinates":[5.069081,52.094776]},"properties":{"category":"parkeergarage","name":"","operator":"","osm_id":"way/929193173"}},{"type":"Feature","geometry":{"type":"Point","coordinates":[5.110983,52.081377]},"properties":{"category":"parkeergarage","name":"","operator":"","osm_id":"way/991087820"}},{"type":"Feature","geometry":{"type":"Point","coordinates":[5.109054,52.06257]},"properties":{"category":"parkeergarage","name":"","operator":"","osm_id":"way/1049702283"}},{"type":"Feature","geometry":{"type":"Point","coordinates":[5.109567,52.064383]},"properties":{"category":"parkeergarage","name":"","operator":"","osm_id":"way/1049702284"}},{"type":"Feature","geometry":{"type":"Point","coordinates":[5.10943,52.064361]},"properties":{"category":"parkeergarage","name":"","operator":"","osm_id":"way/1050228691"}},{"type":"Feature","geometry":{"type":"Point","coordinates":[5.091116,52.071526]},"properties":{"category":"parkeergarage","name":"","operator":"","osm_id":"way/1060340095"}},{"type":"Feature","geometry":{"type":"Point","coordinates":[5.159044,52.08822]},"properties":{"category":"parkeergarage","name":"","operator":"","osm_id":"way/1082414791"}},{"type":"Feature","geometry":{"type":"Point","coordinates":[5.065315,52.096308]},"properties":{"category":"parkeergarage","name":"","operator":"","osm_id":"way/1124515959"}},{"type":"Feature","geometry":{"type":"Point","coordinates":[5.054241,52.124727]},"properties":{"category":"parkeergarage","name":"","operator":"","osm_id":"way/1209680128"}},{"type":"Feature","geometry":{"type":"Point","coordinates":[5.109521,52.065806]},"properties":{"category":"parkeergarage","name":"","operator":"","osm_id":"way/1216028960"}},{"type":"Feature","geometry":{"type":"Point","coordinates":[5.076028,52.069934]},"properties":{"category":"parkeergarage","name":"","operator":"","osm_id":"way/1316907748"}},{"type":"Feature","geometry":{"type":"Point","coordinates":[5.076544,52.069637]},"properties":{"category":"parkeergarage","name":"","operator":"","osm_id":"way/1316907749"}},{"type":"Feature","geometry":{"type":"Point","coordinates":[5.033234,52.11554]},"properties":{"category":"parkeergarage","name":"","operator":"","osm_id":"way/1324987326"}},{"type":"Feature","geometry":{"type":"Point","coordinates":[5.110152,52.080842]},"properties":{"category":"parkeergarage","name":"","operator":"","osm_id":"way/1329003183"}},{"type":"Feature","geometry":{"type":"Point","coordinates":[5.109387,52.080579]},"properties":{"category":"parkeergarage","name":"","operator":"","osm_id":"way/1329003184"}},{"type":"Feature","geometry":{"type":"Point","coordinates":[5.119773,52.088744]},"properties":{"category":"parkeergarage","name":"Parkeergarage Springweg","operator":"Gemeente Utrecht","osm_id":"way/1378669490"}},{"type":"Feature","geometry":{"type":"Point","coordinates":[5.040659,52.101294]},"properties":{"category":"parkeergarage","name":"","operator":"De Poort van Terwijde","osm_id":"way/1435833382"}},{"type":"Feature","geometry":{"type":"Point","coordinates":[5.107315,52.090329]},"properties":{"category":"parkeergarage","name":"","operator":"","osm_id":"way/1500273389"}},{"type":"Feature","geometry":{"type":"Point","coordinates":[5.054527,52.087418]},"properties":{"category":"parkeergarage","name":"","operator":"","osm_id":"way/1500668463"}},{"type":"Feature","geometry":{"type":"Point","coordinates":[5.111474,52.0952]},"properties":{"category":"parkeergarage","name":"Paardenveld","operator":"","osm_id":"relation/3565636"}},{"type":"Feature","geometry":{"type":"Point","coordinates":[5.177865,52.091672]},"properties":{"category":"parkeergarage","name":"P+R Science Park","operator":"","osm_id":"relation/6308563"}},{"type":"Feature","geometry":{"type":"Point","coordinates":[5.043686,52.100651]},"properties":{"category":"p_and_r","name":"","operator":"","osm_id":"node/3094230321"}},{"type":"Feature","geometry":{"type":"Point","coordinates":[5.069024,52.097692]},"properties":{"category":"p_and_r","name":"P+R Berlijnplein","operator":"P1","osm_id":"node/7142979557"}},{"type":"Feature","geometry":{"type":"Point","coordinates":[5.007395,52.102205]},"properties":{"category":"p_and_r","name":"Vleuten Station","operator":"","osm_id":"node/10792772292"}},{"type":"Feature","geometry":{"type":"Point","coordinates":[5.10502,52.057498]},"properties":{"category":"p_and_r","name":"P+R Westraven","operator":"","osm_id":"way/23689369"}},{"type":"Feature","geometry":{"type":"Point","coordinates":[5.007962,52.102011]},"properties":{"category":"p_and_r","name":"P+R Vleuten Station","operator":"","osm_id":"way/328984611"}},{"type":"Feature","geometry":{"type":"Point","coordinates":[5.062508,52.100323]},"properties":{"category":"p_and_r","name":"","operator":"","osm_id":"way/622312095"}},{"type":"Feature","geometry":{"type":"Point","coordinates":[5.078801,52.07297]},"properties":{"category":"p_and_r","name":"","operator":"","osm_id":"way/630677728"}},{"type":"Feature","geometry":{"type":"Point","coordinates":[5.046707,52.100508]},"properties":{"category":"p_and_r","name":"Station Utrecht Terwijde","operator":"","osm_id":"way/1359051890"}},{"type":"Feature","geometry":{"type":"Point","coordinates":[5.177865,52.091672]},"properties":{"category":"p_and_r","name":"P+R Science Park","operator":"","osm_id":"relation/6308563"}}]}