{"type": "FeatureCollection", "metadata": {"provincie": "Zuid-Holland", "slug": "zuid-holland", "generated_at": "2026-08-17T03:07:15.523658Z", "total_boundaries": 50}, "features": [{"type": "Feature", "geometry": {"type": "Polygon", "coordinates": [[[4.518366000834414, 51.96039900389029], [4.521013000837233, 51.96345300389229], [4.527550000843904, 51.96552500389358], [4.528760000845201, 51.96702400389454], [4.534985000851518, 51.96827200389535], [4.535687000852335, 51.97041500389669], [4.539951000856593, 51.96988500389641], [4.549196000866048, 51.97316700389848], [4.553761000870831, 51.977041003900965], [4.550848000868161, 51.98193100390399], [4.548070000865446, 51.98342800390489], [4.546339000864129, 51.99151400390998], [4.54838800086624, 51.9925570039106], [4.547005000864923, 51.993943003911454], [4.549894000867921, 51.99574700391262], [4.5548750008734515, 52.00594900391903], [4.557134000876134, 52.01401200392403], [4.5582180008779964, 52.02890800393333], [4.560140000880145, 52.03319000393598], [4.563457000883609, 52.03577700393762], [4.563272000883584, 52.038822003939515], [4.561060000881531, 52.042061003941484], [4.56520100088654, 52.05849600395167], [4.557809000879291, 52.061741003953685], [4.55053300087171, 52.05630400395027], [4.547547000868405, 52.050370003946576], [4.54537600086615, 52.048959003945704], [4.534666000855438, 52.049563003946034], [4.515292000835458, 52.03921600393952], [4.505730000825491, 52.03214000393505], [4.47738400079703, 52.03179200393466], [4.467324000786597, 52.02540800393059], [4.457275000776343, 52.02222000392856], [4.459438000778236, 52.017045003925354], [4.458547000777267, 52.01562100392445], [4.461562000780137, 52.01265100392264], [4.455389000773627, 52.00679800391895], [4.457043000775187, 52.00494400391777], [4.458900000777034, 52.004644003917655], [4.458728000776732, 52.00220900391613], [4.449776000767657, 52.00050300391495], [4.452878000770601, 51.99727100391299], [4.447248000764686, 51.99240900390989], [4.424222000740866, 51.979259003901504], [4.4466820007625385, 51.96278600389135], [4.450514000766548, 51.96581300389327], [4.4600980007763305, 51.96878200389521], [4.460161000776545, 51.971609003896994], [4.46222100077867, 51.9726810038977], [4.461346000777904, 51.974837003899026], [4.464023000780718, 51.977148003900474], [4.46324100077995, 51.97752700390074], [4.46760700078441, 51.978957003901655], [4.4690120007859075, 51.980549003902645], [4.495258000811571, 51.96740300389455], [4.495800000812348, 51.971844003897374], [4.506628000822934, 51.966354003894004], [4.505844000822109, 51.96565200389353], [4.509274000825464, 51.96389500389248], [4.518366000834414, 51.96039900389029]]]}, "properties": {"type": "boundary", "gemeente": "Lansingerland", "slug": "lansingerland", "code": "GM1621", "provincie": "Zuid-Holland"}}, {"type": "Feature", "geometry": {"type": "Polygon", "coordinates": [[[4.665877000987848, 52.06427900395561], [4.665660000987706, 52.065724003956554], [4.67724700099932, 52.06552100395643], [4.679298001001062, 52.05921600395252], [4.681974001003741, 52.05910400395247], [4.6852970010075925, 52.069395003958846], [4.694411001016655, 52.06776700395786], [4.696529001019119, 52.07454700396207], [4.696829001019392, 52.07400300396171], [4.7049050010276385, 52.076836003963464], [4.713034001035801, 52.07693000396354], [4.715506001038492, 52.081188003966155], [4.708758001032341, 52.093644003973836], [4.707006001030566, 52.09329600397366], [4.704732001028379, 52.09524100397485], [4.734879001058952, 52.101891003978984], [4.734205001058304, 52.10250100397929], [4.740223001064447, 52.10464800398067], [4.738857001063169, 52.10650700398175], [4.754952001080048, 52.12145800399096], [4.760065001085642, 52.13095300399676], [4.759025001084803, 52.135143003999346], [4.741839001068938, 52.16267300401616], [4.726811001053697, 52.158995004013924], [4.72605400105281, 52.15639700401229], [4.72418700105093, 52.15621600401221], [4.703801001029922, 52.144620004005105], [4.705673001032173, 52.152157004009716], [4.698218001025021, 52.15852800401358], [4.681209001008434, 52.16750400401903], [4.679841001006822, 52.16274500401612], [4.642607000969477, 52.161953004015544], [4.57273700089898, 52.15224800400937], [4.5714810008977675, 52.15310900400991], [4.5704670008962145, 52.142858004003635], [4.566105000891447, 52.135264003998955], [4.5601210008852755, 52.131903003996875], [4.551737000877188, 52.13786500400047], [4.550733000876206, 52.13838000400079], [4.549390000874827, 52.13773700400039], [4.550303000875693, 52.13675800399979], [4.5463070008715425, 52.13402100399808], [4.547621000872771, 52.13231000399705], [4.54064100086521, 52.12156200399041], [4.542949000867508, 52.12123500399022], [4.541905000866324, 52.11866000398865], [4.5353230008598215, 52.120432003989706], [4.537135000859717, 52.08394600396729], [4.534484000857035, 52.08345000396697], [4.530104000852465, 52.08008200396487], [4.53604700085826, 52.07692800396295], [4.533904000856021, 52.07521500396189], [4.535173000857253, 52.07446100396143], [4.5336950008556975, 52.07305100396055], [4.5571800008786365, 52.06123900395338], [4.557809000879291, 52.061741003953685], [4.565043000886385, 52.05856900395174], [4.607427000929268, 52.06552700395624], [4.6069070009293345, 52.07705000396334], [4.625320000947776, 52.07644300396303], [4.62530700094766, 52.074447003961815], [4.636851000959204, 52.073737003961384], [4.638225000960131, 52.06482400395591], [4.653823000975728, 52.06381700395531], [4.665877000987848, 52.06427900395561]]]}, "properties": {"type": "boundary", "gemeente": "Alphen aan den Rijn", "slug": "alphen-aan-den-rijn", "code": "GM0484", "provincie": "Zuid-Holland"}}, {"type": "Feature", "geometry": {"type": "Polygon", "coordinates": [[[4.742764001054117, 51.84100300381549], [4.756176001067815, 51.84496000381801], [4.761250001072863, 51.843743003817266], [4.76812100107979, 51.84387200381733], [4.780378001092262, 51.84664000381908], [4.788147001100006, 51.844937003817996], [4.795601001107514, 51.844976003818026], [4.80337900111541, 51.846353003818884], [4.838082001151033, 51.86073500382803], [4.847949001159652, 51.83261700381008], [4.851102001162853, 51.83317800381044], [4.854368001166094, 51.83213300380976], [4.863007001174834, 51.83294100381027], [4.86645100117839, 51.83483700381146], [4.867928001179748, 51.83199400380961], [4.882824001194802, 51.83309700381031], [4.906628001219025, 51.838444003813684], [4.92486400123745, 51.83971800381438], [4.921823001234438, 51.84078900381512], [4.930141001242784, 51.84011000381465], [4.936618001249435, 51.84293400381639], [4.937255001250151, 51.844500003817416], [4.942720001255665, 51.8447860038176], [4.938399001252173, 51.86362900382958], [4.957329001271047, 51.85949700382689], [4.959310001273194, 51.86288500382902], [4.975627001289456, 51.85921200382662], [4.983319001297108, 51.857108003825246], [4.981260001294799, 51.851870003821915], [4.996342001309872, 51.849229003820156], [4.9985070013121495, 51.85148100382159], [4.998567001312332, 51.85410000382326], [4.993872001307894, 51.86064900382748], [4.994895001308972, 51.86177200382816], [5.004906001318884, 51.857966003825716], [5.015628001329736, 51.85917800382641], [5.026908001341069, 51.858608003825964], [5.027388001341778, 51.86373900382921], [5.0217490013363255, 51.86882000383245], [5.0232500013381465, 51.87580200383693], [5.025467001340595, 51.88063100383996], [5.027254001342434, 51.8815280038405], [4.996238001310834, 51.87311900383534], [4.995047001309837, 51.877616003838234], [4.99945200131457, 51.88428400384243], [4.9959620013114, 51.891963003847295], [4.994968001310863, 51.90229200385386], [4.973411001288942, 51.897250003850765], [4.9737410012897465, 51.90766700385736], [4.964128001280206, 51.9106380038593], [4.963262001279435, 51.91280400386066], [4.964785001280999, 51.913519003861076], [4.960380001276627, 51.91482700386193], [4.959693001275898, 51.91404600386148], [4.958558001274815, 51.91528500386224], [4.95615700127241, 51.91559100386243], [4.947696001264727, 51.933725003873924], [4.939235001255996, 51.928938003870954], [4.932126001249701, 51.94755200388265], [4.929475001247154, 51.950191003884356], [4.926301001243997, 51.95092800388482], [4.920218001237627, 51.94544300388139], [4.914583001231831, 51.94259700387964], [4.885110001202001, 51.938587003877174], [4.8753180011921255, 51.937992003876815], [4.8529380011697825, 51.94144100387906], [4.835539001152218, 51.94006700387822], [4.810319001126095, 51.92417000386823], [4.781425001096716, 51.91750600386407], [4.7639470010790115, 51.91498100386247], [4.737985001052301, 51.90271200385469], [4.7158120010296605, 51.895949003850376], [4.705601001019452, 51.897218003851215], [4.699970001013755, 51.89658900385076], [4.680676000994167, 51.893005003848465], [4.67416600098749, 51.890414003846786], [4.668167000981412, 51.88958500384627], [4.651767000964915, 51.88960700384626], [4.636772000949893, 51.89091100384702], [4.626829000939818, 51.889466003846074], [4.6195720009325205, 51.889523003846065], [4.619249000932143, 51.88844200384543], [4.626391000938936, 51.88065800384049], [4.6287750009413635, 51.88121200384085], [4.63707600094947, 51.87629400383772], [4.642138000954757, 51.880200003840244], [4.6639850009764805, 51.87498100383702], [4.672914000985455, 51.87479200383691], [4.677884000990482, 51.875300003837225], [4.687815001000645, 51.8787180038394], [4.7002400010131975, 51.879710003840074], [4.690439001002699, 51.86684700383188], [4.6864490009986595, 51.86629000383151], [4.680709000992553, 51.859639003827276], [4.683191000994502, 51.84849100382021], [4.690006001001221, 51.84563300381836], [4.70777700101889, 51.84101800381543], [4.715333001026513, 51.84134400381569], [4.737264001048844, 51.846464003818966], [4.738654001050103, 51.84357400381712], [4.743395001054833, 51.84272000381658], [4.742764001054117, 51.84100300381549]]]}, "properties": {"type": "boundary", "gemeente": "Molenlanden", "slug": "molenlanden", "code": "GM1978", "provincie": "Zuid-Holland"}}, {"type": "Feature", "geometry": {"type": "Polygon", "coordinates": [[[4.427661000750925, 52.10159800397743], [4.433579000756994, 52.104158003979094], [4.438855000762588, 52.10985600398258], [4.446999000770958, 52.113720003985016], [4.464533000789261, 52.12734500399352], [4.468222000793179, 52.13143800399605], [4.469296000794394, 52.13404200399764], [4.46717100079242, 52.13694300399939], [4.465406000791327, 52.14944300400702], [4.462969000788861, 52.14894500400671], [4.462125000788064, 52.14987800400728], [4.4592870007852135, 52.149697004007145], [4.449605000775044, 52.14098400400178], [4.443789000769223, 52.1410130040017], [4.442989000768656, 52.145346004004374], [4.427316000752298, 52.133190003996816], [4.418305000742794, 52.12443600399136], [4.413125000737482, 52.122142003989936], [4.401159000724934, 52.11187000398354], [4.412085000735666, 52.10795700398124], [4.411303000734849, 52.10731700398083], [4.412980000736491, 52.1066400039804], [4.414158000737715, 52.10750800398094], [4.4212650007447, 52.10496500397943], [4.427661000750925, 52.10159800397743]]]}, "properties": {"type": "boundary", "gemeente": "Voorschoten", "slug": "voorschoten", "code": "GM0626", "provincie": "Zuid-Holland"}}, {"type": "Feature", "geometry": {"type": "Polygon", "coordinates": [[[4.440932000767174, 52.15596700401079], [4.44836800077495, 52.16205200401459], [4.4453840007722745, 52.16779500401807], [4.448796000776116, 52.175586004022826], [4.445831000773321, 52.17879900402477], [4.4349470007625404, 52.180857004025945], [4.45494700078271, 52.18366000402779], [4.458623000786379, 52.18345600402771], [4.463533000791791, 52.192670004033324], [4.462658000790936, 52.19307100403355], [4.466370000794861, 52.19688600403588], [4.461761000790258, 52.19710600403599], [4.46347100079214, 52.200202004037905], [4.460417000789189, 52.20219900403907], [4.4626750007915135, 52.2034120040398], [4.455649000784685, 52.207030004041954], [4.462358000791587, 52.21056700404416], [4.463479000792805, 52.21233500404524], [4.4664620007958185, 52.21290300404559], [4.466182000795607, 52.214163004046355], [4.463602000793124, 52.21594800404745], [4.455897000785314, 52.214038004046216], [4.45124500078053, 52.21167000404476], [4.4483780007777085, 52.21251700404524], [4.440188000769233, 52.20735600404203], [4.437932000767059, 52.20885800404296], [4.437138000766392, 52.21119900404435], [4.4354640007646875, 52.21060300404401], [4.433277000762656, 52.213504004045724], [4.429422000758732, 52.21226400404494], [4.425696000755226, 52.21628900404733], [4.422547000751975, 52.2144460040462], [4.419446000748869, 52.21433900404613], [4.390976000721002, 52.225244004052456], [4.360002000688207, 52.19267700403247], [4.375016000702889, 52.186613004028956], [4.392278000719524, 52.1750770040221], [4.397704000724847, 52.17315100402095], [4.404802000731639, 52.16750200401757], [4.409319000736257, 52.16934200401871], [4.411595000738216, 52.1634790040152], [4.413136000739777, 52.163824004015396], [4.417786000744303, 52.16147800401403], [4.419772000746339, 52.162344004014564], [4.425974000752377, 52.15923000401269], [4.440932000767174, 52.15596700401079]]]}, "properties": {"type": "boundary", "gemeente": "Katwijk", "slug": "katwijk", "code": "GM0537", "provincie": "Zuid-Holland"}}, {"type": "Feature", "geometry": {"type": "Polygon", "coordinates": [[[4.472830000797131, 52.11909600398853], [4.487520000812292, 52.127410003993695], [4.513213000838703, 52.13997400400155], [4.510677000836211, 52.140866004002085], [4.5155450008412785, 52.14446400400434], [4.52403800084994, 52.14739800400618], [4.520821000847205, 52.156551004011725], [4.514699000841312, 52.161017004014404], [4.516194000843061, 52.16581700401732], [4.515081000842227, 52.171016004020494], [4.518488000845809, 52.1742160040225], [4.518354000846113, 52.1824920040275], [4.503881000831737, 52.18460600402871], [4.497562000825381, 52.18398300402827], [4.496582000824165, 52.17962200402563], [4.493058000820418, 52.17553800402314], [4.491923000819276, 52.17540700402303], [4.487840000815337, 52.17815400402469], [4.487126000814554, 52.17692500402391], [4.480796000808365, 52.17962800402554], [4.479708000807242, 52.179004004025145], [4.478609000806174, 52.17958800402549], [4.471685000798968, 52.17450300402234], [4.4685090007957315, 52.173482004021714], [4.466868000793898, 52.16992900401954], [4.454171000781252, 52.171140004020174], [4.449001000775619, 52.16267800401499], [4.439232000765403, 52.15470700401003], [4.438865000764958, 52.15326400400915], [4.443939000769647, 52.146041004004765], [4.442989000768656, 52.145346004004374], [4.444678000770089, 52.14062000400148], [4.449605000775044, 52.14098400400178], [4.4592870007852135, 52.149697004007145], [4.462125000788064, 52.14987800400728], [4.462969000788861, 52.14894500400671], [4.465406000791327, 52.14944300400702], [4.46717100079242, 52.13694300399939], [4.46929900079439, 52.13393100399758], [4.464492000789217, 52.12731100399349], [4.465192000789883, 52.12661300399307], [4.466632000791446, 52.12886500399445], [4.468149000792948, 52.1285510039943], [4.472941000797488, 52.123703003991345], [4.472830000797131, 52.11909600398853]]]}, "properties": {"type": "boundary", "gemeente": "Leiden", "slug": "leiden", "code": "GM0546", "provincie": "Zuid-Holland"}}, {"type": "Feature", "geometry": {"type": "Polygon", "coordinates": [[[4.241102000555083, 51.94324900387708], [4.234498000548787, 51.949120003880715], [4.23395700054848, 51.95333100388335], [4.25362900056853, 51.95886700388706], [4.26344900057845, 51.96009400388792], [4.276537000591863, 51.965054003891176], [4.2714560005870315, 51.96986000389417], [4.273225000589021, 51.973643003896534], [4.278161000593793, 51.970433003894584], [4.280315000596009, 51.97145100389527], [4.282317000597925, 51.96978800389422], [4.284127000599787, 51.970627003894755], [4.285092000600714, 51.96989000389433], [4.289351000605097, 51.9718710038956], [4.287553000603378, 51.97335500389652], [4.303143000619383, 51.97990000390077], [4.301816000618125, 51.98120000390159], [4.299271000615568, 51.981114003901524], [4.298766000615115, 51.982107003902115], [4.29632500061265, 51.981765003901856], [4.295629000612051, 51.983597003903], [4.291914000608289, 51.9829700039026], [4.2886840006053735, 51.9888250039062], [4.287537000604235, 51.98901600390633], [4.28409000060059, 51.985641003904185], [4.280355000597005, 51.98854000390591], [4.280322000597073, 51.99034700390707], [4.2718940005887625, 51.9928920039086], [4.271117000587947, 51.99224700390811], [4.266912000583788, 51.99331500390878], [4.265245000582257, 51.995836003910306], [4.309819000628065, 52.015634003923154], [4.307639000626022, 52.01815100392466], [4.302664000620939, 52.0164880039236], [4.301075000619424, 52.017869003924446], [4.2955120006136776, 52.01484800392249], [4.289736000608043, 52.01764800392421], [4.2943450006127595, 52.01935900392532], [4.286734000605332, 52.02298500392745], [4.288255000606901, 52.023758003928], [4.285142000603884, 52.02562000392909], [4.2852500006040914, 52.02742200393022], [4.283475000602272, 52.02670000392976], [4.281711000600544, 52.02743100393022], [4.277874000596983, 52.032498003933306], [4.275896000594946, 52.0315570039327], [4.27266300059195, 52.03591700393535], [4.248217000566844, 52.025226003928445], [4.235015000554411, 52.03929500393702], [4.228326000547445, 52.03464200393404], [4.219227000538275, 52.03373700393335], [4.212292000531153, 52.03071200393139], [4.209585000528608, 52.033655003933184], [4.212434000531486, 52.03403300393346], [4.1988540005188, 52.050002003943206], [4.19973800051973, 52.05081700394368], [4.196329000516597, 52.055677003946684], [4.184998000505583, 52.06145100395009], [4.143634000462432, 52.03176200393112], [4.119965000437488, 52.01065500391765], [4.110164000427307, 52.00443700391362], [4.118589000435752, 52.00452800391379], [4.132518000449359, 51.99854300391027], [4.130987000447745, 51.9971790039094], [4.13568800045219, 51.99263600390665], [4.150972000467222, 51.98763600390374], [4.147281000463158, 51.98139300389976], [4.1553490004711495, 51.979707003898845], [4.155063000470754, 51.977838003897666], [4.17589800049129, 51.97169400389406], [4.187493000502639, 51.9668370038912], [4.18716400050224, 51.965658003890475], [4.188529000503583, 51.96521800389024], [4.190609000505716, 51.96598200389074], [4.191196000506272, 51.965445003890416], [4.186724000501627, 51.962676003888625], [4.192396000506868, 51.95480600388371], [4.217824000531632, 51.94163700387581], [4.219803000533602, 51.941383003875664], [4.228292000542495, 51.94799200387994], [4.231767000545695, 51.94292200387677], [4.2363430005503435, 51.943917003877466], [4.241102000555083, 51.94324900387708]]]}, "properties": {"type": "boundary", "gemeente": "Westland", "slug": "westland", "code": "GM1783", "provincie": "Zuid-Holland"}}, {"type": "Feature", "geometry": {"type": "Polygon", "coordinates": [[[4.260624000573777, 51.92721800386724], [4.270960000583948, 51.92347700386499], [4.292611000605559, 51.92123600386384], [4.313693000627482, 51.934890003872646], [4.315573000629522, 51.93761800387438], [4.3228930006371495, 51.94271200387766], [4.323873000638076, 51.941640003876984], [4.335388000649874, 51.94596400387979], [4.336460000650976, 51.94643400388014], [4.335530000650073, 51.946994003880455], [4.338620000653235, 51.94807100388119], [4.36707100068219, 51.95522000388596], [4.363510000678923, 51.96087100388945], [4.389779000705525, 51.96512600389237], [4.3917520007074975, 51.96492100389225], [4.3935640007091825, 51.962472003890724], [4.40303800071891, 51.96645000389333], [4.397723000713999, 51.97433400389819], [4.3967460007130095, 51.97418100389811], [4.396174000712539, 51.97608000389929], [4.39416800071054, 51.97632100389941], [4.393810000710243, 51.977503003900146], [4.383622000699924, 51.975816003899006], [4.386303000702421, 51.97221400389678], [4.369175000685045, 51.968870003894544], [4.368174000684188, 51.97158200389622], [4.359540000675443, 51.97013500389524], [4.358721000674738, 51.97226100389658], [4.359881000675912, 51.97245700389668], [4.358556000674596, 51.97267500389683], [4.359368000675455, 51.97355000389736], [4.358200000674282, 51.97350300389733], [4.357647000673799, 51.97482400389816], [4.358572000674771, 51.97565800389867], [4.357392000673576, 51.97546400389851], [4.356626000672909, 51.977296003899674], [4.343134000659281, 51.975675003898544], [4.338227000654274, 51.97417800389757], [4.332724000649095, 51.98045700390143], [4.331855000648446, 51.98449000390395], [4.328488000645133, 51.985702003904656], [4.324112000640972, 51.98985900390723], [4.325732000642712, 51.99195100390855], [4.333110000650185, 51.99317200390935], [4.331525000648851, 51.997852003912286], [4.337717000655117, 51.99880200391293], [4.3358340006533505, 52.001055003914345], [4.341143000658769, 52.00271000391543], [4.338453000656236, 52.005691003917256], [4.336371000654096, 52.00475300391663], [4.332656000650541, 52.00788300391858], [4.328267000646032, 52.00591300391731], [4.32576000064352, 52.00601700391732], [4.326346000644069, 52.00529300391687], [4.323244000640903, 52.00433600391625], [4.320218000638076, 52.00806500391858], [4.321490000639373, 52.00846300391882], [4.320636000638564, 52.00932200391934], [4.3254710006435, 52.01086900392035], [4.326059000644181, 52.01250000392138], [4.319389000637901, 52.019917003925926], [4.265245000582257, 51.995836003910306], [4.266912000583788, 51.99331500390878], [4.271117000587947, 51.99224700390811], [4.2718940005887625, 51.9928920039086], [4.280322000597073, 51.99034700390707], [4.280355000597005, 51.98854000390591], [4.28409000060059, 51.985641003904185], [4.287537000604235, 51.98901600390633], [4.2886840006053735, 51.9888250039062], [4.291914000608289, 51.9829700039026], [4.295629000612051, 51.983597003903], [4.29632500061265, 51.981765003901856], [4.298766000615115, 51.982107003902115], [4.299271000615568, 51.981114003901524], [4.301816000618125, 51.98120000390159], [4.303143000619383, 51.97990000390077], [4.287553000603378, 51.97335500389652], [4.289351000605097, 51.9718710038956], [4.285092000600714, 51.96989000389433], [4.284127000599787, 51.970627003894755], [4.282317000597925, 51.96978800389422], [4.280315000596009, 51.97145100389527], [4.278161000593793, 51.970433003894584], [4.273225000589021, 51.973643003896534], [4.2714560005870315, 51.96986000389417], [4.276537000591863, 51.965054003891176], [4.26344900057845, 51.96009400388792], [4.25362900056853, 51.95886700388706], [4.2338530005483666, 51.953171003883234], [4.234099000548417, 51.949735003881045], [4.241270000555276, 51.94370800387736], [4.240317000554271, 51.942872003876836], [4.260624000573777, 51.92721800386724]]]}, "properties": {"type": "boundary", "gemeente": "Midden-Delfland", "slug": "midden-delfland", "code": "GM1842", "provincie": "Zuid-Holland"}}, {"type": "Feature", "geometry": {"type": "Polygon", "coordinates": [[[4.2672690005700264, 51.73824700374663], [4.24944200055316, 51.757868003759086], [4.231025000535362, 51.77118000376745], [4.222124000526856, 51.779210003772505], [4.208411000513551, 51.78794400377793], [4.186276000491545, 51.79249400378057], [4.175183000480349, 51.79173800377995], [4.171340000476557, 51.792988003780714], [4.147107000452946, 51.80619900378884], [4.135863000441712, 51.80736200378946], [4.123433000429173, 51.8065100037887], [4.106742000412756, 51.81266800379242], [4.072571000378784, 51.81876200379579], [4.062654000369008, 51.82192000379762], [4.049503000356345, 51.83124000380338], [4.041217000348549, 51.840191003809], [4.035203000343589, 51.858598003820575], [3.95558000026366, 51.85765400381858], [3.953147000260765, 51.850032003813666], [3.8603670001664243, 51.82836400379807], [3.773675000076644, 51.78152000376622], [3.8262130001283645, 51.765841003757245], [3.8474280001488954, 51.7534010037497], [3.875894000177119, 51.74769200374657], [3.8861710001875367, 51.74935800374785], [3.905057000207408, 51.76463400375805], [3.921443000224222, 51.77074500376238], [3.9403300002433608, 51.77380000376467], [3.9589380002619468, 51.772133003763926], [3.974491000277073, 51.76380100375882], [4.013336000315815, 51.759012003756446], [4.018885000320444, 51.742718003745985], [4.026258000327598, 51.73830900374329], [4.035038000335956, 51.73019400373818], [4.036704000336528, 51.7110290037258], [4.040037000339399, 51.70269700372042], [4.047813000346742, 51.69436400371517], [4.098084000397096, 51.69047600371338], [4.110026000408925, 51.68714300371138], [4.123080000421985, 51.685754003710706], [4.1518250004508905, 51.685233003710785], [4.202701000500767, 51.66076400369548], [4.2427860005404066, 51.64706300368704], [4.251103000548706, 51.64556200368615], [4.277076000574804, 51.644076003685456], [4.29938900059748, 51.64751300368795], [4.313377000611772, 51.651112003690464], [4.332550000631244, 51.653749003692326], [4.356221000655475, 51.66075600369718], [4.36503800066457, 51.66459100369973], [4.372196000672051, 51.66960600370312], [4.378193000678477, 51.676858003707885], [4.37943100068008, 51.68359200371224], [4.393621000694893, 51.69329600371871], [4.423550000725904, 51.70947500372946], [4.397366000699625, 51.7115400037306], [4.37270200067467, 51.70958300372915], [4.359813000661704, 51.70997900372923], [4.332535000634416, 51.713545003731326], [4.313906000615864, 51.71752400373371], [4.29953500060181, 51.72528300373857], [4.276765000579317, 51.73326200374352], [4.2672690005700264, 51.73824700374663]]]}, "properties": {"type": "boundary", "gemeente": "Goeree-Overflakkee", "slug": "goeree-overflakkee", "code": "GM1924", "provincie": "Zuid-Holland"}}, {"type": "Feature", "geometry": {"type": "Polygon", "coordinates": [[[4.5729260009054284, 52.271344004081406], [4.588440000921424, 52.280502004086976], [4.5960480009296, 52.2913690040935], [4.597970000931838, 52.29737600409709], [4.604446000938762, 52.30598700410227], [4.611533000946169, 52.31224000410602], [4.611676000946383, 52.31356000410678], [4.596505000931443, 52.317753004109235], [4.5876860009226395, 52.31788100410927], [4.58748600092238, 52.316762004108604], [4.585793000920766, 52.318197004109436], [4.583272000918256, 52.318395004109526], [4.573241000908074, 52.31535600410772], [4.568955000903854, 52.31651300410837], [4.555376000889363, 52.29914400409794], [4.55446000088846, 52.299412004098116], [4.55102800088488, 52.29658000409641], [4.5488180008824814, 52.29303100409427], [4.545643000879211, 52.291204004093146], [4.542289000875652, 52.287325004090825], [4.553539000886621, 52.2821990040878], [4.567682000900297, 52.27345300408265], [4.5729260009054284, 52.271344004081406]]]}, "properties": {"type": "boundary", "gemeente": "Hillegom", "slug": "hillegom", "code": "GM0534", "provincie": "Zuid-Holland"}}, {"type": "Feature", "geometry": {"type": "Polygon", "coordinates": [[[4.448487000775075, 52.162168004014646], [4.454171000781252, 52.171140004020174], [4.466868000793898, 52.16992900401954], [4.4685090007957315, 52.173482004021714], [4.471685000798968, 52.17450300402234], [4.47859700080616, 52.17958600402549], [4.479708000807242, 52.179004004025145], [4.480796000808365, 52.17962800402554], [4.487126000814554, 52.17692500402391], [4.487840000815337, 52.17815400402469], [4.491923000819276, 52.17540700402303], [4.494212000821629, 52.17654700402373], [4.496837000824449, 52.18013400402595], [4.497562000825381, 52.18398300402827], [4.495256000823072, 52.18393900402824], [4.4943290008220185, 52.18167000402683], [4.491431000819082, 52.1809510040264], [4.489684000817367, 52.18159500402682], [4.491201000819117, 52.185947004029465], [4.487745000815889, 52.19018900403195], [4.493439000821845, 52.19496700403492], [4.491447000820321, 52.2036870040402], [4.489852000818743, 52.20397800404036], [4.488032000816862, 52.20292300403968], [4.486728000815626, 52.20418500404048], [4.480272000809043, 52.20194900403907], [4.478421000807346, 52.20479900404078], [4.471505000800253, 52.20159700403878], [4.4702400007990235, 52.2022670040392], [4.4674820007962435, 52.20190000403896], [4.466307000794996, 52.200549004038145], [4.4633770007920415, 52.200143004037855], [4.461761000790258, 52.19710600403599], [4.466370000794861, 52.19688600403588], [4.462658000790936, 52.19307100403355], [4.463533000791791, 52.192670004033324], [4.458623000786379, 52.18345600402771], [4.45494700078271, 52.18366000402779], [4.4349470007625404, 52.180857004025945], [4.445248000772748, 52.17899100402491], [4.448093000775496, 52.1771800040238], [4.448656000775865, 52.173584004021635], [4.445598000772601, 52.169852004019326], [4.445381000772265, 52.167648004018], [4.448487000775075, 52.162168004014646]]]}, "properties": {"type": "boundary", "gemeente": "Oegstgeest", "slug": "oegstgeest", "code": "GM0579", "provincie": "Zuid-Holland"}}, {"type": "Feature", "geometry": {"type": "Polygon", "coordinates": [[[4.637723000947593, 51.8256790038055], [4.661886000972218, 51.83160800380937], [4.670439000980435, 51.823589003804265], [4.6692090009794915, 51.829599003808106], [4.672702000983445, 51.83841400381374], [4.670173000981081, 51.84214900381611], [4.65902600097029, 51.850837003821646], [4.648850000960597, 51.8618420038286], [4.635334000947392, 51.86984700383366], [4.639022000950793, 51.8636400038297], [4.646948000958423, 51.85666100382526], [4.636516000947575, 51.849662003820825], [4.633441000944511, 51.85027600382122], [4.629918000941139, 51.85379300382342], [4.627319000938565, 51.85465300382398], [4.618715000929735, 51.85123800382177], [4.612501000923451, 51.85058800382133], [4.604885000915671, 51.848386003819876], [4.600155000910425, 51.83873000381371], [4.637723000947593, 51.8256790038055]]]}, "properties": {"type": "boundary", "gemeente": "Hendrik-Ido-Ambacht", "slug": "hendrik-ido-ambacht", "code": "GM0531", "provincie": "Zuid-Holland"}}, {"type": "Feature", "geometry": {"type": "Polygon", "coordinates": [[[4.6645100009840315, 52.01569900392549], [4.666607000985999, 52.01297100392379], [4.675575000995242, 52.01767500392673], [4.681823001001597, 52.01930800392776], [4.679039000998905, 52.02138200392907], [4.669897000989805, 52.02299400393005], [4.667279000987283, 52.02507800393133], [4.680541001000746, 52.02798100393315], [4.686667001007014, 52.030356003934656], [4.706039001026948, 52.040120003940764], [4.687282001008266, 52.043104003942574], [4.6870590010080795, 52.04383600394303], [4.677311000998302, 52.043971003943106], [4.679804001001211, 52.05207200394812], [4.669001000990382, 52.05234200394829], [4.6697000009912415, 52.05550500395022], [4.666965000988605, 52.057627003951545], [4.664024000985657, 52.057705003951575], [4.663541000985294, 52.060101003953], [4.659968000981911, 52.0641040039555], [4.638225000960131, 52.06482400395591], [4.636851000959204, 52.073737003961384], [4.62530700094766, 52.074447003961815], [4.625320000947776, 52.07644300396303], [4.6069070009293345, 52.07705000396334], [4.608422000930142, 52.06313900395474], [4.605513000926576, 52.050545003946915], [4.610947000931935, 52.04871100394583], [4.61035600093124, 52.04672000394459], [4.606273000927103, 52.04594900394409], [4.607335000928138, 52.04531200394371], [4.591089000911308, 52.0350870039373], [4.624736000944044, 52.01472200392476], [4.636803000956006, 52.01168000392291], [4.648425000968044, 52.01898700392749], [4.648628000968329, 52.020571003928474], [4.655185000974936, 52.02101600392877], [4.662800000982729, 52.023984003930664], [4.663771000983606, 52.022008003929386], [4.667343000987229, 52.02269900392986], [4.667780000987602, 52.02143900392905], [4.6645100009840315, 52.01569900392549]]]}, "properties": {"type": "boundary", "gemeente": "Waddinxveen", "slug": "waddinxveen", "code": "GM0627", "provincie": "Zuid-Holland"}}, {"type": "Feature", "geometry": {"type": "Polygon", "coordinates": [[[4.242399000547475, 51.783303003775366], [4.246640000551853, 51.785348003776754], [4.2632130005694755, 51.80265700378808], [4.26859600057501, 51.8048390037895], [4.273114000579565, 51.80509800378972], [4.2964130006028425, 51.802207003788155], [4.307367000614242, 51.80918500379271], [4.321337000628449, 51.81203600379471], [4.330698000637914, 51.81294800379538], [4.338150000645616, 51.8167720037979], [4.354528000662222, 51.81919100379959], [4.3690820006767455, 51.81698100379834], [4.397132000705727, 51.83127500380771], [4.421003000729668, 51.829874003807], [4.432482000741595, 51.83704600381169], [4.41280800072212, 51.84295800381528], [4.385146000694247, 51.84206400381448], [4.374462000683547, 51.842871003814935], [4.367599000676725, 51.84438300381583], [4.354926000664203, 51.84848600381832], [4.348315000657742, 51.851959003820454], [4.34268000065229, 51.85589500382292], [4.335554000645582, 51.86430200382818], [4.266105000575803, 51.864657003827645], [4.259028000568768, 51.86601700382847], [4.239383000549418, 51.87298600383263], [4.185273000493754, 51.849708003817156], [4.191417000499882, 51.84893600381673], [4.194852000503405, 51.850200003817605], [4.198257000506808, 51.84988900381745], [4.197610000505995, 51.847002003815604], [4.192735000500896, 51.843430003813246], [4.198528000506716, 51.843393003813325], [4.198245000506224, 51.83969500381096], [4.195609000503547, 51.83918700381062], [4.195545000503344, 51.836724003809], [4.197142000504847, 51.83490800380789], [4.208208000515991, 51.83533800380831], [4.222271000529624, 51.826329003802726], [4.22184500052912, 51.824997003801876], [4.2201100005274395, 51.82616400380255], [4.218055000525383, 51.82630700380266], [4.219708000526948, 51.82456000380156], [4.212981000519964, 51.82058200379892], [4.213475000520193, 51.81583000379589], [4.2123520005189645, 51.81402500379473], [4.201105000507487, 51.810953003792605], [4.197478000503711, 51.80859600379105], [4.195564000501804, 51.808942003791266], [4.196673000502891, 51.80843200379095], [4.194576000500708, 51.80708300379006], [4.192632000497858, 51.79111300377977], [4.208411000513551, 51.78794400377793], [4.213247000518263, 51.7852670037763], [4.2228390005280545, 51.7879060037781], [4.237563000542581, 51.78277200377503], [4.242399000547475, 51.783303003775366]], [[4.220084000527392, 51.82574600380232], [4.220126000527452, 51.82608400380253], [4.2203790005276955, 51.82591400380242], [4.220084000527392, 51.82574600380232]]]}, "properties": {"type": "boundary", "gemeente": "Nissewaard", "slug": "nissewaard", "code": "GM1930", "provincie": "Zuid-Holland"}}, {"type": "Feature", "geometry": {"type": "Polygon", "coordinates": [[[4.806704001127683, 52.03316700393648], [4.811822001132853, 52.033825003936876], [4.817195001138399, 52.0369320039388], [4.8294900011513615, 52.049813003946745], [4.848049001170392, 52.05816500395194], [4.8559710011783865, 52.05906500395246], [4.867858001190507, 52.0630540039549], [4.873200001196137, 52.06874500395839], [4.842204001165038, 52.06900600395859], [4.829808001152493, 52.06682300395729], [4.834035001157017, 52.072736003960934], [4.83266600115565, 52.07284400396104], [4.8330450011561235, 52.07482700396223], [4.826276001149323, 52.07464400396217], [4.826493001149775, 52.07952700396514], [4.823348001147284, 52.09336900397368], [4.823056001147559, 52.105193003980965], [4.82538000114998, 52.107087003982116], [4.792380001117618, 52.12226000399146], [4.791510001116651, 52.12034300399029], [4.783336001108459, 52.12040600399032], [4.783738001108711, 52.11736800398847], [4.77960900110459, 52.11770700398868], [4.778507001103396, 52.115892003987526], [4.776436001101322, 52.11598500398762], [4.774929001099756, 52.11484300398688], [4.7705890010954155, 52.115096003987034], [4.769219001093955, 52.113312003985975], [4.762533001087268, 52.113712003986215], [4.759329001083888, 52.110345003984165], [4.754565001079038, 52.1088100039832], [4.738857001063169, 52.10650700398175], [4.740223001064447, 52.10464800398067], [4.734205001058304, 52.10250100397929], [4.734879001058952, 52.101891003978984], [4.704732001028379, 52.09524100397485], [4.707006001030566, 52.09329600397366], [4.708758001032341, 52.093644003973836], [4.715506001038492, 52.081188003966155], [4.713034001035801, 52.07693000396354], [4.7049050010276385, 52.076836003963464], [4.696829001019392, 52.07400300396171], [4.696529001019119, 52.07454700396207], [4.694411001016655, 52.06776700395786], [4.6852970010075925, 52.069395003958846], [4.681974001003741, 52.05910400395247], [4.679298001001062, 52.05921600395252], [4.67724700099932, 52.06552100395643], [4.665660000987706, 52.065724003956554], [4.665911000987864, 52.06395200395543], [4.659968000981911, 52.0641040039555], [4.663541000985294, 52.060101003953], [4.664024000985657, 52.057705003951575], [4.666965000988605, 52.057627003951545], [4.6697000009912415, 52.05550500395022], [4.669001000990382, 52.05234200394829], [4.679804001001211, 52.05207200394812], [4.677311000998302, 52.043971003943106], [4.6870590010080795, 52.04383600394303], [4.687282001008266, 52.043104003942574], [4.71626100103712, 52.03822300393958], [4.7175810010382975, 52.03530700393778], [4.719871001040591, 52.03520100393772], [4.7198480010401385, 52.026484003932296], [4.729964001050255, 52.025628003931764], [4.7301550010504085, 52.024883003931315], [4.73440000105468, 52.02502000393141], [4.7362960010565445, 52.02421800393094], [4.73678300105696, 52.02274800393], [4.7436970010638975, 52.02260800392991], [4.746017001065953, 52.01697600392643], [4.749148001069056, 52.01617600392593], [4.750352001070156, 52.01394000392452], [4.769674001089535, 52.01334300392414], [4.783969001104025, 52.01606600392584], [4.809933001130618, 52.02676500393248], [4.806704001127683, 52.03316700393648]]]}, "properties": {"type": "boundary", "gemeente": "Bodegraven-Reeuwijk", "slug": "bodegraven-reeuwijk", "code": "GM1901", "provincie": "Zuid-Holland"}}, {"type": "Feature", "geometry": {"type": "Polygon", "coordinates": [[[4.535016000837478, 51.69396800372011], [4.589300000892694, 51.70332300372647], [4.597493000901069, 51.70550900372792], [4.6204040009246, 51.714124003733595], [4.628985000934245, 51.73417800374665], [4.631518000937283, 51.743984003752935], [4.630738000936876, 51.751626003757906], [4.626343000933042, 51.763617003765596], [4.627497000935128, 51.7821640037776], [4.621222000929734, 51.80080400378951], [4.599038000907658, 51.80610500379282], [4.579552000888129, 51.80800400379399], [4.570287000878955, 51.81102200379589], [4.562653000871523, 51.816124003799125], [4.555839000865292, 51.82842700380695], [4.548874000858447, 51.831714003809], [4.53994800084946, 51.83166400380892], [4.525478000834803, 51.8298540038077], [4.502188000811623, 51.83486600381076], [4.493440000802853, 51.835550003811115], [4.4817030007909935, 51.83460900381047], [4.4671190007761785, 51.83194400380864], [4.453773000762744, 51.83182000380849], [4.444209000753201, 51.83334700380939], [4.432482000741595, 51.83704600381169], [4.421003000729668, 51.829874003807], [4.397132000705727, 51.83127500380771], [4.3690820006767455, 51.81698100379834], [4.354528000662222, 51.81919100379959], [4.338150000645616, 51.8167720037979], [4.330698000637914, 51.81294800379538], [4.321337000628449, 51.81203600379471], [4.307367000614242, 51.80918500379271], [4.2964130006028425, 51.802207003788155], [4.273114000579565, 51.80509800378972], [4.26859600057501, 51.8048390037895], [4.2632130005694755, 51.80265700378808], [4.246640000551853, 51.785348003776754], [4.2426200005476975, 51.783329003775414], [4.237563000542581, 51.78277200377503], [4.2228390005280545, 51.7879060037781], [4.213247000518263, 51.7852670037763], [4.24944200055316, 51.757868003759086], [4.26289400056583, 51.74200700374901], [4.268204000570936, 51.73760900374624], [4.276765000579317, 51.73326200374352], [4.29953500060181, 51.72528300373857], [4.315633000617574, 51.716966003733354], [4.337231000639105, 51.71273600373086], [4.357862000659745, 51.710082003729305], [4.37270200067467, 51.70958300372915], [4.397366000699625, 51.7115400037306], [4.423550000725904, 51.70947500372946], [4.500431000802552, 51.692904003719235], [4.514917000817136, 51.69247400371904], [4.535016000837478, 51.69396800372011]]]}, "properties": {"type": "boundary", "gemeente": "Hoeksche Waard", "slug": "hoeksche-waard", "code": "GM1963", "provincie": "Zuid-Holland"}}, {"type": "Feature", "geometry": {"type": "Polygon", "coordinates": [[[4.63930100095243, 51.89073300384691], [4.651767000964915, 51.88960700384626], [4.668167000981412, 51.88958500384627], [4.67416600098749, 51.890414003846786], [4.680676000994167, 51.893005003848465], [4.699970001013755, 51.89658900385076], [4.705601001019452, 51.897218003851215], [4.7158120010296605, 51.895949003850376], [4.721936001035886, 51.89726100385124], [4.737985001052301, 51.90271200385469], [4.7639470010790115, 51.91498100386247], [4.781425001096716, 51.91750600386407], [4.810319001126095, 51.92417000386823], [4.831266001147827, 51.93806400387699], [4.837196001153901, 51.94042100387841], [4.8529380011697825, 51.94144100387906], [4.877793001194617, 51.938031003876866], [4.871223001188788, 51.9546430038873], [4.860806001178932, 51.96778400389562], [4.847553001165956, 51.97513700390017], [4.845622001164008, 51.97498500390008], [4.834114001152943, 51.98558000390676], [4.8352180011540815, 51.98614300390712], [4.817806001137234, 51.999767003915665], [4.853337001173168, 52.00474700391874], [4.857127001177034, 52.00596000391949], [4.846896001167336, 52.018182003927095], [4.840178001160516, 52.0167070039262], [4.8249940011452885, 52.01723700392651], [4.815616001135712, 52.013981003924556], [4.803523001123564, 52.01395600392449], [4.798700001119119, 52.02227200392972], [4.785078001105157, 52.0164540039261], [4.776441001096371, 52.014149003924665], [4.766715001086556, 52.01324200392413], [4.750880001070695, 52.01408800392462], [4.75733000107655, 52.001342003916676], [4.745463001064705, 52.00290800391763], [4.7377330010571335, 52.006841003920094], [4.7372920010566455, 52.005935003919525], [4.728482001047868, 52.007401003920414], [4.722793001042058, 52.00548200391919], [4.724201001043371, 52.00338500391794], [4.727570001046669, 52.00158300391676], [4.718861001037759, 51.998370003914786], [4.71441200103339, 52.000403003916034], [4.712910001031819, 51.99914100391526], [4.7072170010262315, 52.00176200391687], [4.700492001019258, 51.997360003914125], [4.689296001007966, 51.99650000391354], [4.673017000991102, 51.98625500390716], [4.670680000988463, 51.98042200390349], [4.668951000986662, 51.979195003902724], [4.655923000973441, 51.97655300390104], [4.648649000965955, 51.97302100389878], [4.63227400094935, 51.97001700389688], [4.63110000094805, 51.96762200389539], [4.639774000956493, 51.96217700389196], [4.645657000962102, 51.95618300388825], [4.6460470009623975, 51.95425700388701], [4.63958600095574, 51.95100200388494], [4.63423700094968, 51.937457003876425], [4.631303000946675, 51.936329003875706], [4.622687000937991, 51.93584800387537], [4.617704000932737, 51.9310500038723], [4.643019000957261, 51.9125690038607], [4.635225000949298, 51.91007400385912], [4.621456000935364, 51.90833000385801], [4.60146400091519, 51.90699800385708], [4.596799000910538, 51.90781800385758], [4.595173000908868, 51.90708200385712], [4.596745000910381, 51.90576400385628], [4.5935110009070454, 51.904102003855236], [4.592213000905814, 51.90560100385618], [4.588748000902259, 51.904187003855256], [4.589099000902522, 51.90236700385413], [4.582618000896091, 51.90409400385517], [4.576328000889712, 51.90303200385446], [4.583020000896349, 51.901213003853364], [4.592668000905734, 51.89496500384945], [4.60433100091732, 51.89207700384767], [4.6210440009339955, 51.889402003846016], [4.63930100095243, 51.89073300384691]]]}, "properties": {"type": "boundary", "gemeente": "Krimpenerwaard", "slug": "krimpenerwaard", "code": "GM1931", "provincie": "Zuid-Holland"}}, {"type": "Feature", "geometry": {"type": "Polygon", "coordinates": [[[4.811416001122192, 51.818658003801204], [4.839052001150062, 51.81925500380156], [4.871246001182418, 51.817586003800415], [4.8833230011946345, 51.81862700380106], [4.884643001195865, 51.81647100379967], [4.889401001200773, 51.8188950038012], [4.911274001223131, 51.825982003805684], [4.926987001239066, 51.828306003807086], [4.92486400123745, 51.83971800381438], [4.907295001219703, 51.83854700381373], [4.877899001189812, 51.832514003809955], [4.867928001179748, 51.83199400380961], [4.86645100117839, 51.83483700381146], [4.863007001174834, 51.83294100381027], [4.854368001166094, 51.83213300380976], [4.851102001162853, 51.83317800381044], [4.847949001159652, 51.83261700381008], [4.838082001151033, 51.86073500382803], [4.80337900111541, 51.846353003818884], [4.805075001115961, 51.82194900380329], [4.811384001122281, 51.82114800380278], [4.811416001122192, 51.818658003801204]]]}, "properties": {"type": "boundary", "gemeente": "Hardinxveld-Giessendam", "slug": "hardinxveld-giessendam", "code": "GM0523", "provincie": "Zuid-Holland"}}, {"type": "Feature", "geometry": {"type": "Polygon", "coordinates": [[[4.547589000861021, 51.907099003856885], [4.550263000864105, 51.91481800386181], [4.553996000867953, 51.91661800386296], [4.554025000867887, 51.914780003861814], [4.556496000870376, 51.91480300386182], [4.556828000870482, 51.910386003859045], [4.551051000864633, 51.90963800385855], [4.549901000863329, 51.906728003856706], [4.566395000880046, 51.90934600385838], [4.577152000891127, 51.91455200386175], [4.582717000897038, 51.92074100386566], [4.588557000902968, 51.92192300386648], [4.599777000914487, 51.926536003869465], [4.6095150009242145, 51.92533700386871], [4.6132360009279925, 51.92607700386915], [4.619489000934655, 51.933492003873866], [4.599734000915518, 51.94767200388271], [4.602068000917955, 51.949476003883866], [4.5838320009004505, 51.96550400389386], [4.568013000884177, 51.95808000388914], [4.566795000882939, 51.95788200388897], [4.564367000880604, 51.95992500389026], [4.562053000878225, 51.9588750038896], [4.562899000878972, 51.95686500388834], [4.561550000877607, 51.956648003888176], [4.5640630008798295, 51.950809003884544], [4.572780000888212, 51.943456003879945], [4.5605940008758346, 51.94091000387833], [4.566239000880739, 51.925909003868874], [4.564379000878744, 51.92350300386736], [4.556912000871052, 51.919912003865036], [4.543403000857438, 51.91927600386459], [4.537550000851583, 51.919778003864884], [4.540523000854337, 51.915242003862005], [4.5382220008520315, 51.91534400386207], [4.537312000851023, 51.91355500386095], [4.5421360008554945, 51.906205003856314], [4.547589000861021, 51.907099003856885]]]}, "properties": {"type": "boundary", "gemeente": "Capelle aan den IJssel", "slug": "capelle-aan-den-ijssel", "code": "GM0502", "provincie": "Zuid-Holland"}}, {"type": "Feature", "geometry": {"type": "Polygon", "coordinates": [[[4.407841000723832, 51.96829400389451], [4.427517000744012, 51.97621000389961], [4.4244460007411135, 51.97961100390175], [4.447248000764686, 51.99240900390989], [4.452878000770601, 51.99727100391299], [4.449776000767657, 52.00050300391495], [4.458717000776723, 52.002196003916076], [4.458900000777034, 52.004644003917655], [4.457043000775187, 52.00494400391777], [4.455389000773627, 52.00679800391895], [4.461562000780137, 52.01265100392264], [4.458547000777267, 52.01562100392445], [4.459438000778236, 52.017045003925354], [4.4571460007762065, 52.0220910039285], [4.467324000786597, 52.02540800393059], [4.476790000796428, 52.031685003934626], [4.47074400079083, 52.040478003939974], [4.457644000777589, 52.038619003938756], [4.450564000771053, 52.049210003945284], [4.4016250007222135, 52.05353600394756], [4.398550000719002, 52.05121800394612], [4.394445000715042, 52.05405400394783], [4.38967600071004, 52.04996100394526], [4.387905000708328, 52.051169003946], [4.372646000692465, 52.04092000393948], [4.379858000699425, 52.035952003936465], [4.387436000707175, 52.03864700393821], [4.3939280007133785, 52.0330540039348], [4.379735000698799, 52.02673300393077], [4.386245000705142, 52.02330800392867], [4.394516000712781, 52.01125600392127], [4.388346000706494, 52.009448003920035], [4.388656000706591, 52.00549400391759], [4.385916000703803, 52.004835003917144], [4.397030000713555, 51.978974003901094], [4.401152000717659, 51.97834600390074], [4.4033900007196225, 51.9731330038975], [4.407841000723832, 51.96829400389451]]]}, "properties": {"type": "boundary", "gemeente": "Pijnacker-Nootdorp", "slug": "pijnacker-nootdorp", "code": "GM1926", "provincie": "Zuid-Holland"}}, {"type": "Feature", "geometry": {"type": "Polygon", "coordinates": [[[4.766482001076802, 51.8159900037995], [4.786804001097241, 51.8153140037991], [4.811416001122192, 51.818658003801204], [4.811384001122281, 51.82114800380278], [4.805075001115961, 51.82194900380329], [4.80337900111541, 51.846353003818884], [4.795601001107514, 51.844976003818026], [4.788147001100006, 51.844937003817996], [4.780378001092262, 51.84664000381908], [4.768014001079682, 51.843863003817326], [4.761250001072863, 51.843743003817266], [4.756129001067765, 51.844958003818], [4.741410001052741, 51.840776003815336], [4.729639001039988, 51.82216900380348], [4.748959001059441, 51.82205800380338], [4.766482001076802, 51.8159900037995]]]}, "properties": {"type": "boundary", "gemeente": "Sliedrecht", "slug": "sliedrecht", "code": "GM0610", "provincie": "Zuid-Holland"}}, {"type": "Feature", "geometry": {"type": "Polygon", "coordinates": [[[4.75904100108359, 52.110182003984065], [4.738857001063169, 52.10650700398175], [4.753240001078231, 52.119442003989725], [4.760076001085654, 52.13101700399685], [4.759025001084803, 52.135143003999346], [4.743298001070286, 52.160362004014765], [4.741839001068938, 52.16267300401616], [4.726811001053697, 52.158995004013924], [4.72605400105281, 52.15639700401229], [4.72418700105093, 52.15621600401221], [4.703801001029922, 52.144620004005105], [4.705673001032173, 52.152157004009716], [4.698218001025021, 52.15852800401358], [4.681209001008434, 52.16750400401903], [4.6889410010174135, 52.191931004033876], [4.6953160010236585, 52.189154004032204], [4.707666001036827, 52.20505200404186], [4.720774001049762, 52.2012770040396], [4.723592001053101, 52.21161600404586], [4.724530001053999, 52.21080100404537], [4.725334001054839, 52.21151000404579], [4.726469001055955, 52.21102000404549], [4.734339001063607, 52.206516004042776], [4.743630001073322, 52.21479300404779], [4.747972001077673, 52.214868004047844], [4.753299001083135, 52.21746800404944], [4.7620740010919524, 52.218130004049826], [4.774603001104811, 52.22454700405373], [4.776505001106861, 52.227426004055424], [4.780986001111409, 52.22874100405624], [4.784936001115358, 52.22862600405613], [4.794576001124917, 52.22673100405502], [4.794430001124609, 52.223423004053], [4.795888001126069, 52.22348500405305], [4.797003001127033, 52.220348004051175], [4.802143001132047, 52.2176480040495], [4.80158800113084, 52.20432200404146], [4.80292500113202, 52.201028004039465], [4.813594001142745, 52.20184700403996], [4.81440000114343, 52.199309004038405], [4.822209001151097, 52.19612500403649], [4.823475001152225, 52.19324300403471], [4.843921001172076, 52.1801220040267], [4.855582001183702, 52.17891700402596], [4.892273001219648, 52.1615930040153], [4.873623001200694, 52.15608300401203], [4.874518001200775, 52.13883100400149], [4.8649150011910764, 52.13739100400064], [4.855239001181367, 52.137210004000536], [4.8514790011777125, 52.13967400400201], [4.8475280011737185, 52.138939004001635], [4.8428720011690745, 52.13946000400194], [4.840276001166575, 52.14156100400326], [4.837366001163614, 52.14065000400268], [4.836705001163054, 52.14288000400401], [4.83412800116047, 52.142876004004044], [4.832858001159291, 52.14476200400519], [4.826472001152767, 52.142176004003645], [4.820534001146813, 52.14222900400366], [4.816914001143052, 52.139468004001984], [4.813261001139424, 52.14022700400244], [4.809093001135122, 52.13764200400087], [4.808967001134908, 52.13584300399979], [4.807481001133377, 52.13499500399925], [4.808882001134632, 52.13188800399735], [4.808065001133669, 52.128948003995475], [4.802601001128002, 52.12506000399317], [4.7983420011237445, 52.125299003993334], [4.793113001118428, 52.123825003992394], [4.791510001116651, 52.12034300399029], [4.787461001112575, 52.11997100399009], [4.784029001109173, 52.120756003990536], [4.782979001108074, 52.11985800399], [4.7839690011089475, 52.1174370039885], [4.77960900110459, 52.11770700398868], [4.778507001103396, 52.115892003987526], [4.776436001101322, 52.11598500398762], [4.774929001099756, 52.11484300398688], [4.7705890010954155, 52.115096003987034], [4.769219001093955, 52.113312003985975], [4.762533001087268, 52.113712003986215], [4.75904100108359, 52.110182003984065]]]}, "properties": {"type": "boundary", "gemeente": "Nieuwkoop", "slug": "nieuwkoop", "code": "GM0569", "provincie": "Zuid-Holland"}}, {"type": "Feature", "geometry": {"type": "Polygon", "coordinates": [[[4.440265000769317, 52.207496004042156], [4.4483780007777085, 52.21251700404524], [4.451273000780557, 52.211679004044726], [4.456116000785538, 52.21411300404623], [4.464082000793606, 52.21596400404744], [4.465932000795509, 52.21691900404801], [4.464929000794545, 52.21763300404845], [4.470169000799895, 52.21965100404968], [4.469107000798883, 52.220546004050256], [4.470704000800548, 52.221763004051006], [4.466213000796243, 52.22522900405304], [4.5029900008343375, 52.249582004067975], [4.513523000845165, 52.25500600407129], [4.520780000852717, 52.26055000407469], [4.532872000865479, 52.27309600408227], [4.530178000862843, 52.27414700408283], [4.535460000868389, 52.2791500040859], [4.536443000869331, 52.27835900408543], [4.545165000878708, 52.290733004092914], [4.548733000882394, 52.29294900409422], [4.549620000883399, 52.2952050040956], [4.55446000088846, 52.299412004098116], [4.555376000889363, 52.29914400409794], [4.563707000898227, 52.30929800410405], [4.477649000813525, 52.332511004117364], [4.436154000769037, 52.277177004084066], [4.390976000721002, 52.225244004052456], [4.419446000748869, 52.21433900404613], [4.422547000751975, 52.2144460040462], [4.425696000755226, 52.21628900404733], [4.429422000758732, 52.21226400404494], [4.433277000762656, 52.213504004045724], [4.4354640007646875, 52.21060300404401], [4.437138000766392, 52.21119900404435], [4.437932000767059, 52.20885800404296], [4.440265000769317, 52.207496004042156]]]}, "properties": {"type": "boundary", "gemeente": "Noordwijk", "slug": "noordwijk", "code": "GM0575", "provincie": "Zuid-Holland"}}, {"type": "Feature", "geometry": {"type": "Polygon", "coordinates": [[[4.538977000848477, 51.831557003808875], [4.548653000858229, 51.83176300380902], [4.55360900086312, 51.82989700380789], [4.560013000870023, 51.8387910038136], [4.566190000876424, 51.84247000381596], [4.571227000881742, 51.847333003819074], [4.5699710008807495, 51.852621003822414], [4.565961000876683, 51.85208600382211], [4.564106000874889, 51.853473003822984], [4.549383000861125, 51.87402700383597], [4.544250000855874, 51.872302003834854], [4.542579000854115, 51.87079900383386], [4.532027000843395, 51.868777003832506], [4.526095000837481, 51.869731003833145], [4.5218270008331505, 51.869051003832666], [4.494040000805194, 51.86896800383243], [4.479916000790796, 51.86527400383], [4.4798720007904205, 51.85892900382596], [4.48127200079181, 51.85856200382572], [4.480288000790639, 51.85514900382355], [4.490125000800338, 51.85131500382115], [4.48718700079724, 51.84854900381939], [4.489700000799675, 51.846776003818285], [4.489572000799402, 51.844048003816525], [4.4922270008019405, 51.84144400381489], [4.489732000799392, 51.840755003814465], [4.489094000798471, 51.835396003811006], [4.502188000811623, 51.83486600381076], [4.525478000834803, 51.8298540038077], [4.538977000848477, 51.831557003808875]]]}, "properties": {"type": "boundary", "gemeente": "Barendrecht", "slug": "barendrecht", "code": "GM0489", "provincie": "Zuid-Holland"}}, {"type": "Feature", "geometry": {"type": "Polygon", "coordinates": [[[4.57261500089886, 52.15227300400939], [4.64251000096938, 52.16194400401554], [4.679841001006822, 52.16274500401612], [4.6889410010174135, 52.191931004033876], [4.6953160010236585, 52.189154004032204], [4.707666001036827, 52.20505200404186], [4.720774001049762, 52.2012770040396], [4.723592001053101, 52.21161600404586], [4.723890001053366, 52.21093600404546], [4.725334001054839, 52.21151000404579], [4.728766001058191, 52.209819004044746], [4.72970300105915, 52.210214004045035], [4.724461001054029, 52.21275100404654], [4.723302001053049, 52.21635400404873], [4.724155001054704, 52.23237100405839], [4.703714001034317, 52.23378900405921], [4.696494001027015, 52.23221600405828], [4.686151001016377, 52.22661000405484], [4.679975001010202, 52.22676300405496], [4.676699001006883, 52.2259260040544], [4.6703480010007725, 52.23075600405734], [4.665045000995302, 52.2275740040554], [4.657669000987832, 52.22583000405432], [4.632937000962585, 52.21627000404849], [4.618666000948211, 52.21448900404735], [4.601707000931245, 52.21465100404738], [4.583553000913298, 52.21887400404989], [4.5715650009012, 52.216959004048675], [4.558433000888155, 52.21879900404972], [4.557166000886766, 52.21650400404832], [4.5578490008873755, 52.21510200404749], [4.554292000883665, 52.212247004045715], [4.558955000888226, 52.210242004044524], [4.557819000886998, 52.20855500404351], [4.558260000887277, 52.205458004041624], [4.561705000890631, 52.20365800404058], [4.55955500088839, 52.201961004039525], [4.559650000888408, 52.200497004038624], [4.555196000883907, 52.19966500403812], [4.557155000885765, 52.197742004036954], [4.546768000875434, 52.1989760040377], [4.5430010008710875, 52.188119004031044], [4.543734000871785, 52.18744900403064], [4.538154000865809, 52.18008500402616], [4.54206000086931, 52.17229800402143], [4.550934000877722, 52.163306004016015], [4.553589000880384, 52.163356004016045], [4.560592000887578, 52.16678300401817], [4.562400000889354, 52.166119004017794], [4.560490000887336, 52.16413000401655], [4.562648000889351, 52.16132900401487], [4.561634000888306, 52.16081900401452], [4.57261500089886, 52.15227300400939]]]}, "properties": {"type": "boundary", "gemeente": "Kaag en Braassem", "slug": "kaag-en-braassem", "code": "GM1884", "provincie": "Zuid-Holland"}}, {"type": "Feature", "geometry": {"type": "Polygon", "coordinates": [[[4.5601210008852755, 52.131903003996875], [4.566105000891447, 52.135264003998955], [4.5702960008960245, 52.14247800400332], [4.5714810008977675, 52.15310900400991], [4.561634000888306, 52.16081900401452], [4.562648000889351, 52.16132900401487], [4.560490000887336, 52.16413000401655], [4.562400000889354, 52.166119004017794], [4.560592000887578, 52.16678300401817], [4.553649000880443, 52.163378004016074], [4.551121000877907, 52.163237004015954], [4.541883000869146, 52.172539004021544], [4.539076000866572, 52.1770610040243], [4.538779000866439, 52.18013000402618], [4.52817800085581, 52.17985100402594], [4.518369000846111, 52.182116004027286], [4.518488000845809, 52.1742160040225], [4.515081000842227, 52.171016004020494], [4.516194000843061, 52.16581700401732], [4.514699000841312, 52.161017004014404], [4.520821000847205, 52.156551004011725], [4.525281000851084, 52.14548400400499], [4.528421000854087, 52.1428330040034], [4.53169900085731, 52.14161100400268], [4.546749000872308, 52.14008600400179], [4.553678000879072, 52.13670900399976], [4.5601210008852755, 52.131903003996875]]]}, "properties": {"type": "boundary", "gemeente": "Leiderdorp", "slug": "leiderdorp", "code": "GM0547", "provincie": "Zuid-Holland"}}, {"type": "Feature", "geometry": {"type": "Polygon", "coordinates": [[[4.60006800091034, 51.838752003813745], [4.604885000915671, 51.848386003819876], [4.612501000923451, 51.85058800382133], [4.618715000929735, 51.85123800382177], [4.627319000938565, 51.85465300382398], [4.629918000941139, 51.85379300382342], [4.633441000944511, 51.85027600382122], [4.636516000947575, 51.849662003820825], [4.64733100095883, 51.85712200382559], [4.639022000950793, 51.8636400038297], [4.624344000937029, 51.8836660038424], [4.619249000932143, 51.88844200384543], [4.6195720009325205, 51.889523003846065], [4.5936230009066765, 51.894600003849206], [4.583020000896349, 51.901213003853364], [4.576328000889712, 51.90303200385446], [4.56914600088122, 51.87818000383869], [4.56159000087362, 51.8782320038387], [4.549253000861005, 51.87420100383609], [4.564106000874889, 51.853473003822984], [4.565961000876683, 51.85208600382211], [4.5699710008807495, 51.852621003822414], [4.571058000881559, 51.84711700381892], [4.60006800091034, 51.838752003813745]]]}, "properties": {"type": "boundary", "gemeente": "Ridderkerk", "slug": "ridderkerk", "code": "GM0597", "provincie": "Zuid-Holland"}}, {"type": "Feature", "geometry": {"type": "Polygon", "coordinates": [[[4.65320800096258, 51.81346000379772], [4.661899000971579, 51.81851200380097], [4.671709000981578, 51.82085400380254], [4.670439000980435, 51.823589003804265], [4.661886000972218, 51.83160800380937], [4.63720900094706, 51.82534800380529], [4.600197000910465, 51.838719003813715], [4.571058000881559, 51.84711700381892], [4.566190000876424, 51.84247000381596], [4.560013000870023, 51.8387910038136], [4.55360900086312, 51.82989700380789], [4.557239000866622, 51.82686300380596], [4.562653000871523, 51.816124003799125], [4.570287000878955, 51.81102200379589], [4.579552000888129, 51.80800400379399], [4.599038000907658, 51.80610500379282], [4.621222000929734, 51.80080400378951], [4.630159000938781, 51.80168800379013], [4.638330000947127, 51.80399300379162], [4.645689000954708, 51.80744500379384], [4.65320800096258, 51.81346000379772]]]}, "properties": {"type": "boundary", "gemeente": "Zwijndrecht", "slug": "zwijndrecht", "code": "GM0642", "provincie": "Zuid-Holland"}}, {"type": "Feature", "geometry": {"type": "Polygon", "coordinates": [[[4.6204040009246, 51.714124003733595], [4.675223000980379, 51.72420900374027], [4.6815980009870115, 51.72841900374301], [4.693263000998963, 51.73228200374555], [4.717281001023743, 51.74381900375307], [4.729445001036337, 51.75071000375752], [4.740770001048147, 51.75881800376277], [4.744788001052419, 51.76348700376575], [4.750569001058839, 51.7757620037737], [4.755240001063825, 51.78161100377742], [4.765434001074471, 51.78936300378242], [4.773539001082827, 51.793324003784974], [4.79719400110697, 51.79977000378912], [4.806876001116751, 51.80033600378948], [4.836108001146093, 51.79783900378782], [4.845984001156089, 51.79875700378841], [4.854413001164671, 51.80068300378961], [4.865810001176388, 51.80561300379279], [4.884643001195865, 51.81647100379967], [4.8833230011946345, 51.81862700380106], [4.871246001182418, 51.817586003800415], [4.8432640011543, 51.819163003801485], [4.820115001130977, 51.81905800380144], [4.8079780011187205, 51.81846500380109], [4.786804001097241, 51.8153140037991], [4.773190001083523, 51.815286003799045], [4.765035001075361, 51.81635000379973], [4.754618001065073, 51.820684003802505], [4.748724001059206, 51.822090003803424], [4.709097001019356, 51.82335800380413], [4.682302000992232, 51.82057300380238], [4.670429000980289, 51.820821003802514], [4.661899000971579, 51.81851200380097], [4.65320800096258, 51.81346000379772], [4.645689000954708, 51.80744500379384], [4.639937000948779, 51.80468800379208], [4.630159000938781, 51.80168800379013], [4.621222000929734, 51.80080400378951], [4.627497000935128, 51.7821640037776], [4.626343000933042, 51.763617003765596], [4.631633000937478, 51.745558003754], [4.628985000934245, 51.73417800374665], [4.6204040009246, 51.714124003733595]]]}, "properties": {"type": "boundary", "gemeente": "Dordrecht", "slug": "dordrecht", "code": "GM0505", "provincie": "Zuid-Holland"}}, {"type": "Feature", "geometry": {"type": "Polygon", "coordinates": [[[4.589099000902522, 51.90236700385413], [4.588748000902259, 51.904187003855256], [4.5914750009050715, 51.90555400385615], [4.5935110009070454, 51.904102003855236], [4.596745000910381, 51.90576400385628], [4.595173000908868, 51.90708200385712], [4.596799000910538, 51.90781800385758], [4.60146400091519, 51.90699800385708], [4.621456000935364, 51.90833000385801], [4.635225000949298, 51.91007400385912], [4.643019000957261, 51.9125690038607], [4.617704000932737, 51.9310500038723], [4.612676000927419, 51.925828003869036], [4.6095150009242145, 51.92533700386871], [4.602440000917168, 51.926620003869445], [4.598599000913288, 51.92623300386926], [4.588880000903301, 51.92203300386653], [4.582117000896422, 51.92047500386552], [4.577868000891872, 51.91505400386207], [4.567662000881344, 51.9097960038587], [4.549901000863329, 51.906728003856706], [4.549238000862566, 51.90488200385555], [4.555088000868484, 51.90564600385602], [4.576328000889712, 51.90303200385446], [4.582618000896091, 51.90409400385517], [4.589099000902522, 51.90236700385413]]]}, "properties": {"type": "boundary", "gemeente": "Krimpen aan den IJssel", "slug": "krimpen-aan-den-ijssel", "code": "GM0542", "provincie": "Zuid-Holland"}}, {"type": "Feature", "geometry": {"type": "Polygon", "coordinates": [[[4.9869360012991395, 51.82115700380232], [5.008281001320639, 51.82101900380209], [5.026352001338748, 51.8188570038006], [5.031415001344833, 51.84108500381476], [5.010720001324051, 51.842527003815796], [5.003448001316828, 51.84476900381731], [5.0029230013162485, 51.84365600381657], [5.000021001313357, 51.84436300381705], [4.998825001312191, 51.84525500381759], [5.000002001313482, 51.847576003819086], [4.999151001312836, 51.85228500382208], [4.996342001309872, 51.849229003820156], [4.981260001294799, 51.851870003821915], [4.983319001297108, 51.857108003825246], [4.972729001286574, 51.8599320038271], [4.959310001273194, 51.86288500382902], [4.957329001271047, 51.85949700382689], [4.938399001252173, 51.86362900382958], [4.942720001255665, 51.8447860038176], [4.937255001250151, 51.844500003817416], [4.936618001249435, 51.84293400381639], [4.930141001242784, 51.84011000381465], [4.921823001234438, 51.84078900381512], [4.92484500123744, 51.83983400381448], [4.926987001239066, 51.828306003807086], [4.936064001248212, 51.82831400380711], [4.9869360012991395, 51.82115700380232]]]}, "properties": {"type": "boundary", "gemeente": "Gorinchem", "slug": "gorinchem", "code": "GM0512", "provincie": "Zuid-Holland"}}, {"type": "Feature", "geometry": {"type": "MultiPolygon", "coordinates": [[[[4.147107000452946, 51.80619900378884], [4.175183000480349, 51.79173800377995], [4.1840660004893335, 51.79266100378065], [4.192632000497858, 51.79111300377977], [4.194576000500708, 51.80708300379006], [4.196673000502891, 51.80843200379095], [4.195564000501804, 51.808942003791266], [4.197478000503711, 51.80859600379105], [4.201105000507487, 51.810953003792605], [4.2123520005189645, 51.81402500379473], [4.213475000520193, 51.81583000379589], [4.212941000519917, 51.82052500379888], [4.219708000526948, 51.82456000380156], [4.217774000525091, 51.82611300380252], [4.2201100005274395, 51.82616400380255], [4.221970000529245, 51.82501900380187], [4.222215000529577, 51.826537003802855], [4.2202550005276995, 51.82821300380392], [4.208798000516571, 51.835121003808176], [4.197142000504847, 51.83490800380789], [4.195545000503344, 51.836724003809], [4.195609000503547, 51.83918700381062], [4.198245000506224, 51.83969500381096], [4.198528000506716, 51.843393003813325], [4.192735000500896, 51.843430003813246], [4.197610000505995, 51.847002003815604], [4.198257000506808, 51.84988900381745], [4.194852000503405, 51.850200003817605], [4.191417000499882, 51.84893600381673], [4.185273000493754, 51.849708003817156], [4.239383000549418, 51.87298600383263], [4.2329700005432285, 51.87748600383544], [4.227692000538501, 51.887722003841866], [4.220820000532028, 51.89539200384664], [4.2162710005276525, 51.898731003848695], [4.197099000508944, 51.908301003854504], [4.1853710004974305, 51.912886003857274], [4.17647500048879, 51.9179200038603], [4.16818700048054, 51.91905700386091], [4.166199000478831, 51.92407200386405], [4.159786000472608, 51.927745003866306], [4.151879000464737, 51.928804003866844], [4.142399000455404, 51.93189000386865], [4.113056000426195, 51.93574100387064], [4.112675000425758, 51.934798003870036], [4.1077240004208715, 51.936142003870785], [4.101720000414319, 51.92700900386496], [4.102003000414401, 51.92353000386276], [4.0928940004057885, 51.93252800386829], [4.0810140003939495, 51.93375900386891], [4.071722000384614, 51.93346100386855], [3.972617000283935, 51.91096500385269], [3.95558000026366, 51.85765400381858], [4.035203000343589, 51.858598003820575], [4.041217000348549, 51.840191003809], [4.049503000356345, 51.83124000380338], [4.062654000369008, 51.82192000379762], [4.072571000378784, 51.81876200379579], [4.106742000412756, 51.81266800379242], [4.123433000429173, 51.8065100037887], [4.135863000441712, 51.80736200378946], [4.147107000452946, 51.80619900378884]]], [[[4.220084000527392, 51.82574600380232], [4.220126000527452, 51.82608400380253], [4.219791000527106, 51.82594200380244], [4.220084000527392, 51.82574600380232]]]]}, "properties": {"type": "boundary", "gemeente": "Voorne aan Zee", "slug": "voorne-aan-zee", "code": "GM1992", "provincie": "Zuid-Holland"}}, {"type": "Feature", "geometry": {"type": "Polygon", "coordinates": [[[4.501392000821129, 52.03194000393489], [4.506966000826763, 52.03276700393544], [4.515292000835458, 52.03921600393952], [4.534666000855438, 52.049563003946034], [4.545335000866112, 52.04893600394569], [4.547547000868405, 52.050370003946576], [4.550566000871743, 52.0563370039503], [4.55768600087913, 52.06095300395319], [4.5336950008556975, 52.07305100396055], [4.535173000857253, 52.07446100396143], [4.533904000856021, 52.07521500396189], [4.53604700085826, 52.07692800396295], [4.530580000852964, 52.08049800396513], [4.50445000082744, 52.09329000397283], [4.49996700082286, 52.091655003971816], [4.49936800082209, 52.08846000396981], [4.497806000820491, 52.08783800396945], [4.492219000815006, 52.09001000397076], [4.4930180008156855, 52.08775200396937], [4.474275000796764, 52.08526100396769], [4.475660000797941, 52.08129600396527], [4.455462000777531, 52.07831300396329], [4.421404000742575, 52.063303003953784], [4.420297000741406, 52.06219300395307], [4.422490000743333, 52.05719400395], [4.415231000736044, 52.05701300394985], [4.4220720007426175, 52.05167300394659], [4.450564000771053, 52.049210003945284], [4.457644000777589, 52.038619003938756], [4.47074400079083, 52.040478003939974], [4.477028000796646, 52.03128100393433], [4.501392000821129, 52.03194000393489]]]}, "properties": {"type": "boundary", "gemeente": "Zoetermeer", "slug": "zoetermeer", "code": "GM0637", "provincie": "Zuid-Holland"}}, {"type": "Feature", "geometry": {"type": "Polygon", "coordinates": [[[4.489094000798471, 51.835396003811006], [4.489732000799392, 51.840755003814465], [4.4922270008019405, 51.84144400381489], [4.489572000799402, 51.844048003816525], [4.489700000799675, 51.846776003818285], [4.48718700079724, 51.84854900381939], [4.490125000800338, 51.85131500382115], [4.480288000790639, 51.85514900382355], [4.48127200079181, 51.85856200382572], [4.4798720007904205, 51.85892900382596], [4.48040300079113, 51.862328003828125], [4.471863000782508, 51.861667003827655], [4.4643560007749805, 51.86213000382789], [4.446475000757202, 51.866051003830265], [4.441020000751709, 51.865910003830145], [4.436530000747334, 51.86857400383181], [4.431736000742578, 51.86980900383254], [4.43022800074104, 51.86940900383226], [4.424549000735432, 51.87131300383342], [4.41694600072785, 51.87245400383411], [4.412253000723074, 51.871429003833455], [4.405771000716652, 51.873198003834474], [4.392841000703579, 51.87180600383347], [4.386220000696621, 51.866217003829895], [4.383505000693439, 51.85776300382448], [4.385162000694889, 51.85375900382195], [4.383229000692873, 51.85240200382108], [4.38366500069276, 51.84211800381452], [4.406846000716135, 51.8432000038154], [4.414172000723482, 51.842789003815184], [4.443893000752886, 51.83343100380945], [4.453773000762744, 51.83182000380849], [4.464372000773404, 51.83172400380852], [4.47318600078233, 51.83281200380925], [4.489094000798471, 51.835396003811006]]]}, "properties": {"type": "boundary", "gemeente": "Albrandswaard", "slug": "albrandswaard", "code": "GM0613", "provincie": "Zuid-Holland"}}, {"type": "Feature", "geometry": {"type": "Polygon", "coordinates": [[[4.287939000599614, 51.898561003849416], [4.323720000635318, 51.894172003847025], [4.332408000644048, 51.89417800384712], [4.341114000652859, 51.89535000384795], [4.356749000668771, 51.89907400385043], [4.370623000682727, 51.899356003850755], [4.369951000682433, 51.90639200385521], [4.3664380006793735, 51.91505400386067], [4.365513000678795, 51.92154600386474], [4.3621920006756, 51.92409500386629], [4.361826000675364, 51.92657100386788], [4.363922000677532, 51.92768700386857], [4.362569000676564, 51.934907003873114], [4.350671000665522, 51.95150700388348], [4.3365560006511235, 51.94739700388077], [4.335530000650073, 51.946994003880455], [4.336460000650976, 51.94643400388014], [4.325736000639978, 51.94222800387741], [4.323873000638076, 51.941640003876984], [4.3228930006371495, 51.94271200387766], [4.315573000629522, 51.93761800387438], [4.313693000627482, 51.934890003872646], [4.267571000579533, 51.905335003853494], [4.287939000599614, 51.898561003849416]]]}, "properties": {"type": "boundary", "gemeente": "Vlaardingen", "slug": "vlaardingen", "code": "GM0622", "provincie": "Zuid-Holland"}}, {"type": "Feature", "geometry": {"type": "Polygon", "coordinates": [[[4.495256000823072, 52.18393900402824], [4.503881000831737, 52.18460600402871], [4.517208000844982, 52.182719004027646], [4.52817800085581, 52.17985100402594], [4.538154000865809, 52.18008500402616], [4.543734000871785, 52.18744900403064], [4.5430010008710875, 52.188119004031044], [4.546768000875434, 52.1989760040377], [4.557155000885765, 52.197742004036954], [4.555196000883907, 52.19966500403812], [4.559650000888408, 52.200497004038624], [4.55955500088839, 52.201961004039525], [4.561705000890631, 52.20365800404058], [4.558260000887277, 52.205458004041624], [4.557819000886998, 52.20855500404351], [4.558955000888226, 52.210242004044524], [4.554292000883665, 52.212247004045715], [4.5578490008873755, 52.21510200404749], [4.557166000886766, 52.21650400404832], [4.558433000888155, 52.21879900404972], [4.556615000886362, 52.21927300404999], [4.553934000883833, 52.222205004051744], [4.547631000877655, 52.22462700405317], [4.539229000869535, 52.22993800405634], [4.530588000861034, 52.23264600405795], [4.524923000855523, 52.23556100405965], [4.529472000860209, 52.23813700406124], [4.527417000858208, 52.23916000406185], [4.53005100086095, 52.24116200406308], [4.524088000855158, 52.244377004064944], [4.526594000857818, 52.24725300406667], [4.513409000845054, 52.25506700407135], [4.5029900008343375, 52.249582004067975], [4.466213000796243, 52.22522900405304], [4.470704000800548, 52.221763004051006], [4.469107000798883, 52.220546004050256], [4.4703580008000925, 52.21981300404983], [4.464929000794545, 52.21763300404845], [4.465932000795509, 52.21691900404801], [4.463960000793476, 52.21582900404735], [4.4665200007958825, 52.212961004045624], [4.463479000792805, 52.21233500404524], [4.462358000791587, 52.21056700404416], [4.455649000784685, 52.207030004041954], [4.4626750007915135, 52.2034120040398], [4.460417000789189, 52.20219900403907], [4.46347100079214, 52.200202004037905], [4.466307000794996, 52.200549004038145], [4.467660000796424, 52.201933004039006], [4.4702400007990235, 52.2022670040392], [4.471505000800253, 52.20159700403878], [4.478421000807346, 52.20479900404078], [4.480272000809043, 52.20194900403907], [4.486728000815626, 52.20418500404048], [4.488032000816862, 52.20292300403968], [4.489852000818743, 52.20397800404036], [4.491447000820321, 52.2036870040402], [4.493439000821845, 52.19496700403492], [4.487764000815925, 52.19052100403218], [4.491201000819117, 52.185947004029465], [4.489525000817214, 52.181698004026835], [4.491431000819082, 52.1809510040264], [4.4943290008220185, 52.18167000402683], [4.495256000823072, 52.18393900402824]]]}, "properties": {"type": "boundary", "gemeente": "Teylingen", "slug": "teylingen", "code": "GM1525", "provincie": "Zuid-Holland"}}, {"type": "Feature", "geometry": {"type": "Polygon", "coordinates": [[[4.267571000579533, 51.905335003853494], [4.292611000605559, 51.92123600386384], [4.270960000583948, 51.92347700386499], [4.261049000574174, 51.9266820038669], [4.239076000553068, 51.9436330038773], [4.235915000549913, 51.94388100387741], [4.231767000545695, 51.94292200387677], [4.228292000542495, 51.94799200387994], [4.219453000533253, 51.941404003875654], [4.21271800052606, 51.93372700387074], [4.223702000536774, 51.928247003867405], [4.234792000547355, 51.91846200386139], [4.241120000553505, 51.914871003859204], [4.267571000579533, 51.905335003853494]]]}, "properties": {"type": "boundary", "gemeente": "Maassluis", "slug": "maassluis", "code": "GM0556", "provincie": "Zuid-Holland"}}, {"type": "Feature", "geometry": {"type": "Polygon", "coordinates": [[[4.683180000993119, 51.82063300380241], [4.709097001019356, 51.82335800380413], [4.729639001039988, 51.82216900380348], [4.743395001054833, 51.84272000381658], [4.738654001050103, 51.84357400381712], [4.737264001048844, 51.846464003818966], [4.715333001026513, 51.84134400381569], [4.706697001017805, 51.84107100381551], [4.693117001004305, 51.84462600381772], [4.681827000993159, 51.84909300382056], [4.68039800099149, 51.84443900381761], [4.672606000983359, 51.83865000381386], [4.6724130009830285, 51.835883003812114], [4.669672000980046, 51.83137400380922], [4.669420000979549, 51.82644200380607], [4.671729000981595, 51.82079100380245], [4.683180000993119, 51.82063300380241]]]}, "properties": {"type": "boundary", "gemeente": "Papendrecht", "slug": "papendrecht", "code": "GM0590", "provincie": "Zuid-Holland"}}, {"type": "Feature", "geometry": {"type": "Polygon", "coordinates": [[[4.32748400065023, 52.09556700397283], [4.337253000660193, 52.098770003974884], [4.338573000661443, 52.0974350039741], [4.341362000664285, 52.098342003974665], [4.342318000665193, 52.097482003974136], [4.358489000681853, 52.10576100397941], [4.372709000695491, 52.09477300397276], [4.389310000712628, 52.103922003978546], [4.400934000724695, 52.11161600398337], [4.413125000737482, 52.122142003989936], [4.418305000742794, 52.12443600399136], [4.427316000752298, 52.133190003996816], [4.443939000769647, 52.146041004004765], [4.438865000764958, 52.15326400400915], [4.440144000766378, 52.155846004010776], [4.425974000752377, 52.15923000401269], [4.419772000746339, 52.162344004014564], [4.417786000744303, 52.16147800401403], [4.413136000739777, 52.163824004015396], [4.411595000738216, 52.1634790040152], [4.409319000736257, 52.16934200401871], [4.404802000731639, 52.16750200401757], [4.397704000724847, 52.17315100402095], [4.392278000719524, 52.1750770040221], [4.375016000702889, 52.186613004028956], [4.360002000688207, 52.19267700403247], [4.332640000659475, 52.168437004017484], [4.290063000614983, 52.13503600399663], [4.302506000627075, 52.12861600399286], [4.333060000656384, 52.105731003979116], [4.330317000653558, 52.10434200397826], [4.332264000655436, 52.10304000397742], [4.323282000646225, 52.09921700397503], [4.32748400065023, 52.09556700397283]]]}, "properties": {"type": "boundary", "gemeente": "Wassenaar", "slug": "wassenaar", "code": "GM0629", "provincie": "Zuid-Holland"}}, {"type": "Feature", "geometry": {"type": "Polygon", "coordinates": [[[4.394454000716239, 52.07579000396126], [4.397779000719526, 52.07495600396078], [4.403924000725843, 52.07784500396261], [4.405296000727176, 52.07707500396216], [4.420691000741867, 52.06345500395384], [4.422490000743333, 52.05719400395], [4.415231000736044, 52.05701300394985], [4.4220720007426175, 52.05167300394659], [4.4016250007222135, 52.05353600394756], [4.398550000719002, 52.05121800394612], [4.394445000715042, 52.05405400394783], [4.38967600071004, 52.04996100394526], [4.387905000708328, 52.051169003946], [4.372640000692465, 52.04100600393955], [4.379858000699425, 52.035952003936465], [4.387436000707175, 52.03864700393821], [4.393891000713332, 52.03291700393468], [4.379735000698799, 52.02673300393077], [4.373499000692865, 52.032599003934294], [4.359770000678765, 52.026546003930456], [4.358849000677884, 52.02733400393091], [4.357587000676598, 52.026973003930685], [4.357765000676828, 52.02788100393128], [4.353778000672983, 52.030676003932946], [4.350406000670087, 52.03947300393845], [4.3460630006659855, 52.04401800394118], [4.3475490006675885, 52.046109003942476], [4.35231400067248, 52.0481580039438], [4.352639000672855, 52.049095003944394], [4.344519000664992, 52.054047003947346], [4.346999000667629, 52.05679700394911], [4.340307000661206, 52.06194700395221], [4.328709000649283, 52.05655700394872], [4.327757000648353, 52.056975003948956], [4.325377000645877, 52.055388003947996], [4.321361000641811, 52.05462100394746], [4.321908000642269, 52.05305200394652], [4.319882000640179, 52.05199400394586], [4.304195000624158, 52.046595003942365], [4.298367000618256, 52.045557003941624], [4.297593000617399, 52.044075003940705], [4.290952000610601, 52.04157300393908], [4.297930000616915, 52.02941000393159], [4.307639000626022, 52.01815100392466], [4.302664000620939, 52.0164880039236], [4.301075000619424, 52.017869003924446], [4.2955120006136776, 52.01484800392249], [4.289736000608043, 52.01764800392421], [4.2943450006127595, 52.01935900392532], [4.286734000605332, 52.02298500392745], [4.288255000606901, 52.023758003928], [4.285142000603884, 52.02562000392909], [4.2852500006040914, 52.02742200393022], [4.283475000602272, 52.02670000392976], [4.281711000600544, 52.02743100393022], [4.277874000596983, 52.032498003933306], [4.275896000594946, 52.0315570039327], [4.27266300059195, 52.03591700393535], [4.248217000566844, 52.025226003928445], [4.235015000554411, 52.03929500393702], [4.228326000547445, 52.03464200393404], [4.219227000538275, 52.03373700393335], [4.212292000531153, 52.03071200393139], [4.209585000528608, 52.033655003933184], [4.212434000531486, 52.03403300393346], [4.1988540005188, 52.050002003943206], [4.19973800051973, 52.05081700394368], [4.196329000516597, 52.055677003946684], [4.184998000505583, 52.06145100395009], [4.238717000561589, 52.09998000397452], [4.237588000560708, 52.104305003977196], [4.2431430005666275, 52.110626003981096], [4.247868000571449, 52.11221500398216], [4.255258000578881, 52.11278200398261], [4.256907000580577, 52.11358800398312], [4.272343000596644, 52.124399003989936], [4.290063000614983, 52.13503600399663], [4.302506000627075, 52.12861600399286], [4.333060000656384, 52.105731003979116], [4.330317000653558, 52.10434200397826], [4.332264000655436, 52.10304000397742], [4.323282000646225, 52.09921700397503], [4.32748400065023, 52.09556700397283], [4.337253000660193, 52.098770003974884], [4.338573000661443, 52.0974350039741], [4.341362000664285, 52.098342003974665], [4.342318000665193, 52.097482003974136], [4.358489000681853, 52.10576100397941], [4.372709000695491, 52.09477300397276], [4.371467000694194, 52.09383500397218], [4.373514000696161, 52.09229700397124], [4.335213000656826, 52.07500000396021], [4.355519000676791, 52.06804000395614], [4.342196000663054, 52.06113500395172], [4.348004000668619, 52.05649800394891], [4.352281000673066, 52.05939400395074], [4.357350000677975, 52.056255003948856], [4.359823000680513, 52.05736600394957], [4.3595770006803125, 52.05819900395009], [4.360826000681581, 52.05846800395024], [4.356011000676925, 52.06156700395213], [4.362535000683618, 52.0643360039539], [4.379996000701689, 52.074745003960444], [4.384583000706371, 52.076234003961474], [4.38865100071027, 52.072974003959466], [4.394454000716239, 52.07579000396126]]]}, "properties": {"type": "boundary", "gemeente": "'s-Gravenhage", "slug": "s-gravenhage", "code": "GM0518", "provincie": "Zuid-Holland"}}, {"type": "Feature", "geometry": {"type": "Polygon", "coordinates": [[[4.409075000722049, 51.91205000385914], [4.415252000728387, 51.91448400386073], [4.417012000730586, 51.92252200386581], [4.415235000728823, 51.92297000386608], [4.408147000722177, 51.93180800387158], [4.409465000723734, 51.936152003874334], [4.417713000732144, 51.93847700387586], [4.415492000730036, 51.94075900387723], [4.410803000725191, 51.938268003875656], [4.408518000722918, 51.93863700387588], [4.403920000718224, 51.93725300387496], [4.393448000708081, 51.944260003879286], [4.395188000709974, 51.946927003880994], [4.388910000703593, 51.94553000388005], [4.379309000694922, 51.96340700389119], [4.363510000678923, 51.96087100388945], [4.36707100068219, 51.95522000388596], [4.350671000665522, 51.95150700388348], [4.362569000676564, 51.934907003873114], [4.363922000677532, 51.92768700386857], [4.361826000675364, 51.92657100386788], [4.3621920006756, 51.92409500386629], [4.365513000678795, 51.92154600386474], [4.3664380006793735, 51.91505400386067], [4.369951000682433, 51.90639200385521], [4.370623000682727, 51.899356003850755], [4.391978000704044, 51.896687003849266], [4.3990340007111755, 51.89741700384979], [4.413710000726104, 51.90075500385199], [4.412338000724813, 51.902421003853064], [4.415677000728309, 51.905025003854746], [4.4113460007242375, 51.910273003858], [4.409999000722862, 51.90985200385774], [4.409075000722049, 51.91205000385914]]]}, "properties": {"type": "boundary", "gemeente": "Schiedam", "slug": "schiedam", "code": "GM0606", "provincie": "Zuid-Holland"}}, {"type": "Feature", "geometry": {"type": "Polygon", "coordinates": [[[4.7192050010381115, 51.99849100391487], [4.727570001046669, 52.00158300391676], [4.724201001043371, 52.00338500391794], [4.722793001042058, 52.00548200391919], [4.728963001048355, 52.00746700392045], [4.7372920010566455, 52.005935003919525], [4.7377330010571335, 52.006841003920094], [4.7471700010664035, 52.00257700391742], [4.75733000107655, 52.001342003916676], [4.757321001076619, 52.00292800391765], [4.750991001070795, 52.01389900392449], [4.749148001069056, 52.01617600392593], [4.746017001065953, 52.01697600392643], [4.7436970010638975, 52.02260800392991], [4.73678300105696, 52.02274800393], [4.7362960010565445, 52.02421800393094], [4.73440000105468, 52.02502000393141], [4.7301550010504085, 52.024883003931315], [4.729964001050255, 52.025628003931764], [4.7198480010401385, 52.026484003932296], [4.719871001040591, 52.03520100393772], [4.7175810010382975, 52.03530700393778], [4.716188001037046, 52.03825200393962], [4.706039001026948, 52.040120003940764], [4.686667001007014, 52.030356003934656], [4.680541001000746, 52.02798100393315], [4.667279000987283, 52.02507800393133], [4.669897000989805, 52.02299400393005], [4.679039000998905, 52.02138200392907], [4.681823001001597, 52.01930800392776], [4.675575000995242, 52.01767500392673], [4.666607000985999, 52.01297100392379], [4.6707290009900495, 52.011126003922676], [4.6670320009862785, 52.01000500392196], [4.659455000978434, 52.005288003919], [4.6628100009816995, 52.003246003917724], [4.670717000989595, 52.002326003917176], [4.68022900099886, 51.99654200391357], [4.684021001002739, 51.99795800391448], [4.688685001007342, 51.9962580039134], [4.699881001018637, 51.99723200391405], [4.7072170010262315, 52.00176200391687], [4.712910001031819, 51.99914100391526], [4.71441200103339, 52.000403003916034], [4.7192050010381115, 51.99849100391487]]]}, "properties": {"type": "boundary", "gemeente": "Gouda", "slug": "gouda", "code": "GM0513", "provincie": "Zuid-Holland"}}, {"type": "Feature", "geometry": {"type": "Polygon", "coordinates": [[[4.38366500069276, 51.84211800381452], [4.383229000692873, 51.85240200382108], [4.385162000694889, 51.85375900382195], [4.383505000693439, 51.85776300382448], [4.3860250006964066, 51.86585600382968], [4.39038400070104, 51.87054900383265], [4.394846000705621, 51.87233300383382], [4.405771000716652, 51.873198003834474], [4.412253000723074, 51.871429003833455], [4.418149000729055, 51.87237500383405], [4.427261000738132, 51.87080000383315], [4.43022800074104, 51.86940900383226], [4.434700000745523, 51.869109003832115], [4.441020000751709, 51.865910003830145], [4.4449590007556905, 51.86628300383037], [4.4621910007728225, 51.8624760038281], [4.471863000782508, 51.861667003827655], [4.48040300079113, 51.862328003828125], [4.479916000790796, 51.86527400383], [4.494040000805194, 51.86896800383243], [4.5218270008331505, 51.869051003832666], [4.526095000837481, 51.869731003833145], [4.532027000843395, 51.868777003832506], [4.542579000854115, 51.87079900383386], [4.544250000855874, 51.872302003834854], [4.561456000873485, 51.878202003838645], [4.569115000881188, 51.878150003838655], [4.576328000889712, 51.90303200385446], [4.555088000868484, 51.90564600385602], [4.549238000862566, 51.90488200385555], [4.551051000864633, 51.90963800385855], [4.556828000870482, 51.910386003859045], [4.556496000870376, 51.91480300386182], [4.554025000867887, 51.914780003861814], [4.553996000867953, 51.91661800386296], [4.550263000864105, 51.91481800386181], [4.547696000861131, 51.907174003856966], [4.5421360008554945, 51.906205003856314], [4.537312000851023, 51.91355500386095], [4.5382220008520315, 51.91534400386207], [4.540523000854337, 51.915242003862005], [4.537550000851583, 51.919778003864884], [4.543403000857438, 51.91927600386459], [4.556912000871052, 51.919912003865036], [4.565599000880035, 51.92475700386816], [4.565288000879981, 51.92982600387134], [4.5605940008758346, 51.94091000387833], [4.572780000888212, 51.943456003879945], [4.5640630008798295, 51.950809003884544], [4.561550000877607, 51.956648003888176], [4.562899000878972, 51.95686500388834], [4.562053000878225, 51.9588750038896], [4.564367000880604, 51.95992500389026], [4.566795000882939, 51.95788200388897], [4.568013000884177, 51.95808000388914], [4.590022000906826, 51.968581003895814], [4.601808000918848, 51.97214000389807], [4.593769000910969, 51.97600000390045], [4.598773000916607, 51.98796900390797], [4.594368000912507, 51.99428200391188], [4.578936000896779, 51.989870003909125], [4.579687000897402, 51.98726700390747], [4.577312000894973, 51.98640500390693], [4.578962000896502, 51.983946003905395], [4.578918000896314, 51.981134003903605], [4.570230000887476, 51.97903000390229], [4.573529000890561, 51.97457600389949], [4.577447000894588, 51.97624900390057], [4.579000000896123, 51.97578700390028], [4.573883000890819, 51.9726600038983], [4.566936000883765, 51.97119000389735], [4.5624140008792615, 51.9719270038978], [4.5606740008773965, 51.96969000389637], [4.5565590008732, 51.96845500389559], [4.547686000864512, 51.97280700389827], [4.539855000856494, 51.969866003896385], [4.535874000852525, 51.970477003896725], [4.534985000851518, 51.96827200389535], [4.528760000845201, 51.96702400389454], [4.527550000843904, 51.96552500389358], [4.521013000837233, 51.96345300389229], [4.518586000834629, 51.960286003890246], [4.509274000825464, 51.96389500389248], [4.505844000822109, 51.96565200389353], [4.506628000822934, 51.966354003894004], [4.495800000812348, 51.971844003897374], [4.495258000811571, 51.96740300389455], [4.4690120007859075, 51.980549003902645], [4.46760700078441, 51.978957003901655], [4.46324100077995, 51.97752700390074], [4.464023000780718, 51.977148003900474], [4.461346000777904, 51.974837003899026], [4.46222100077867, 51.9726810038977], [4.460161000776545, 51.971609003896994], [4.4600980007763305, 51.96878200389521], [4.450514000766548, 51.96581300389327], [4.4466820007625385, 51.96278600389135], [4.42813200074465, 51.976620003899896], [4.3935640007091825, 51.962472003890724], [4.3917520007074975, 51.96492100389225], [4.389779000705525, 51.96512600389237], [4.379309000694922, 51.96340700389119], [4.388910000703593, 51.94553000388005], [4.395188000709974, 51.946927003880994], [4.393448000708081, 51.944260003879286], [4.403920000718224, 51.93725300387496], [4.408518000722918, 51.93863700387588], [4.410803000725191, 51.938268003875656], [4.415492000730036, 51.94075900387723], [4.417713000732144, 51.93847700387586], [4.409553000723827, 51.936212003874374], [4.408178000722231, 51.93218700387178], [4.415235000728823, 51.92297000386608], [4.417012000730586, 51.92252200386581], [4.415252000728387, 51.91448400386073], [4.413601000726735, 51.914585003860765], [4.409075000722049, 51.91205000385914], [4.409999000722862, 51.90985200385774], [4.4113460007242375, 51.910273003858], [4.415677000728309, 51.905025003854746], [4.412338000724813, 51.902421003853064], [4.413710000726104, 51.90075500385199], [4.3990340007111755, 51.89741700384979], [4.391978000704044, 51.896687003849266], [4.370681000682785, 51.89935100385076], [4.360241000672302, 51.89944800385072], [4.338885000650597, 51.89493800384767], [4.327995000639607, 51.894040003847], [4.301042000612661, 51.89644100384824], [4.2865340005982215, 51.89889600384962], [4.238864000551299, 51.91590900385984], [4.224041000537102, 51.92801900386728], [4.21271800052606, 51.93372700387074], [4.219688000533494, 51.94152500387573], [4.217824000531632, 51.94163700387581], [4.192396000506868, 51.95480600388371], [4.186724000501627, 51.962676003888625], [4.191196000506272, 51.965445003890416], [4.190609000505716, 51.96598200389074], [4.188529000503583, 51.96521800389024], [4.18716400050224, 51.965658003890475], [4.187493000502639, 51.9668370038912], [4.17589800049129, 51.97169400389406], [4.155063000470754, 51.977838003897666], [4.1553490004711495, 51.979707003898845], [4.147281000463158, 51.98139300389976], [4.150972000467222, 51.98763600390374], [4.13568800045219, 51.99263600390665], [4.130987000447745, 51.9971790039094], [4.132518000449359, 51.99854300391027], [4.118589000435752, 52.00452800391379], [4.032777000349748, 52.00357100391185], [3.9531310002691438, 51.98914400390141], [3.940750000252642, 51.92157100385879], [3.972617000283935, 51.91096500385269], [4.070181000383058, 51.93329100386842], [4.0810140003939495, 51.93375900386891], [4.0928940004057885, 51.93252800386829], [4.102003000414401, 51.92353000386276], [4.101720000414319, 51.92700900386496], [4.1077240004208715, 51.936142003870785], [4.112675000425758, 51.934798003870036], [4.113056000426195, 51.93574100387064], [4.142996000455995, 51.931791003868604], [4.151879000464737, 51.928804003866844], [4.162669000475438, 51.92665200386561], [4.167018000479597, 51.92312500386345], [4.16818700048054, 51.91905700386091], [4.17647500048879, 51.9179200038603], [4.1853710004974305, 51.912886003857274], [4.197099000508944, 51.908301003854504], [4.216592000527962, 51.898536003848584], [4.227692000538501, 51.887722003841866], [4.2329700005432285, 51.87748600383544], [4.240890000550898, 51.87235600383228], [4.259028000568768, 51.86601700382847], [4.266105000575803, 51.864657003827645], [4.335554000645582, 51.86430200382818], [4.34268000065229, 51.85589500382292], [4.354926000664203, 51.84848600381832], [4.374462000683547, 51.842871003814935], [4.38366500069276, 51.84211800381452]]]}, "properties": {"type": "boundary", "gemeente": "Rotterdam", "slug": "rotterdam", "code": "GM0599", "provincie": "Zuid-Holland"}}, {"type": "Feature", "geometry": {"type": "Polygon", "coordinates": [[[4.618933000934116, 51.93388800387412], [4.623777000939102, 51.9361920038756], [4.631111000946481, 51.93630500387568], [4.63423700094968, 51.937457003876425], [4.63958600095574, 51.95100200388494], [4.646105000962464, 51.9544170038871], [4.645657000962102, 51.95618300388825], [4.639774000956493, 51.96217700389196], [4.63110000094805, 51.96762200389539], [4.631526000948568, 51.96945900389652], [4.633521000950632, 51.97057200389721], [4.648649000965955, 51.97302100389878], [4.655923000973441, 51.97655300390104], [4.668951000986662, 51.979195003902724], [4.670680000988463, 51.98042200390349], [4.673017000991102, 51.98625500390716], [4.688685001007342, 51.9962580039134], [4.684021001002739, 51.99795800391448], [4.68022900099886, 51.99654200391357], [4.670717000989595, 52.002326003917176], [4.6628100009816995, 52.003246003917724], [4.659455000978434, 52.005288003919], [4.6670320009862785, 52.01000500392196], [4.6707290009900495, 52.011126003922676], [4.665923000985331, 52.013299003924025], [4.664631000984114, 52.014911003924965], [4.66766500098742, 52.02009600392823], [4.667343000987229, 52.02269900392986], [4.664040000983874, 52.02191600392934], [4.662800000982729, 52.023984003930664], [4.655185000974936, 52.02101600392877], [4.648628000968329, 52.020571003928474], [4.648425000968044, 52.01898700392749], [4.636803000956006, 52.01168000392291], [4.624736000944044, 52.01472200392476], [4.591089000911308, 52.0350870039373], [4.607335000928138, 52.04531200394371], [4.606273000927103, 52.04594900394409], [4.6102960009311715, 52.04657000394453], [4.610947000931935, 52.04871100394583], [4.605513000926576, 52.050545003946915], [4.608406000930115, 52.06294400395465], [4.607563000929404, 52.065538003956235], [4.565303000886677, 52.0591200039521], [4.561060000881531, 52.042061003941484], [4.563272000883584, 52.038822003939515], [4.563457000883609, 52.03577700393762], [4.560140000880145, 52.03319000393598], [4.5582180008779964, 52.02890800393333], [4.557134000876134, 52.01401200392403], [4.5548750008734515, 52.00594900391903], [4.549894000867921, 51.99574700391262], [4.547005000864923, 51.993943003911454], [4.54838800086624, 51.9925570039106], [4.546339000864129, 51.99151400390998], [4.548070000865446, 51.98342800390489], [4.550848000868161, 51.98193100390399], [4.553761000870831, 51.977041003900965], [4.55193500086888, 51.9747370038995], [4.547686000864512, 51.97280700389827], [4.5565590008732, 51.96845500389559], [4.5606740008773965, 51.96969000389637], [4.5624140008792615, 51.9719270038978], [4.566936000883765, 51.97119000389735], [4.574363000891312, 51.97287600389843], [4.579000000896123, 51.97578700390028], [4.577447000894588, 51.97624900390057], [4.573529000890561, 51.97457600389949], [4.570230000887476, 51.97903000390229], [4.578918000896314, 51.981134003903605], [4.578962000896502, 51.983946003905395], [4.577312000894973, 51.98640500390693], [4.579687000897402, 51.98726700390747], [4.578936000896779, 51.989870003909125], [4.594368000912507, 51.99428200391188], [4.598773000916607, 51.98796900390797], [4.593769000910969, 51.97600000390045], [4.601808000918848, 51.97214000389807], [4.590022000906826, 51.968581003895814], [4.583992000900602, 51.96536900389377], [4.602068000917955, 51.949476003883866], [4.599734000915518, 51.94767200388271], [4.618933000934116, 51.93388800387412]]]}, "properties": {"type": "boundary", "gemeente": "Zuidplas", "slug": "zuidplas", "code": "GM1892", "provincie": "Zuid-Holland"}}, {"type": "Feature", "geometry": {"type": "Polygon", "coordinates": [[[4.672606000983359, 51.83865000381386], [4.68039800099149, 51.84443900381761], [4.681349000992657, 51.84867800382031], [4.683191000994502, 51.84849100382021], [4.680709000992553, 51.859639003827276], [4.6864490009986595, 51.86629000383151], [4.690439001002699, 51.86684700383188], [4.7002400010131975, 51.879710003840074], [4.687815001000645, 51.8787180038394], [4.677884000990482, 51.875300003837225], [4.672914000985455, 51.87479200383691], [4.6639850009764805, 51.87498100383702], [4.642138000954757, 51.880200003840244], [4.63707600094947, 51.87629400383772], [4.6287750009413635, 51.88121200384085], [4.626391000938936, 51.88065800384049], [4.634220000946296, 51.87036300383398], [4.648850000960597, 51.8618420038286], [4.65902600097029, 51.850837003821646], [4.670173000981081, 51.84214900381611], [4.672606000983359, 51.83865000381386]]]}, "properties": {"type": "boundary", "gemeente": "Alblasserdam", "slug": "alblasserdam", "code": "GM0482", "provincie": "Zuid-Holland"}}, {"type": "Feature", "geometry": {"type": "Polygon", "coordinates": [[[4.530555000852938, 52.08051100396511], [4.534658000857212, 52.08353900396699], [4.537135000859717, 52.08394600396729], [4.5353230008598215, 52.120432003989706], [4.541905000866324, 52.11866000398865], [4.542949000867508, 52.12123500399022], [4.54064100086521, 52.12156200399041], [4.541394000866067, 52.123481003991614], [4.547621000872771, 52.13231000399705], [4.5463070008715425, 52.13402100399808], [4.550303000875693, 52.13675800399979], [4.549028000874455, 52.13751400400025], [4.550733000876206, 52.13838000400079], [4.5439490008695405, 52.14084300400226], [4.530472000856099, 52.14196100400285], [4.526605000852339, 52.144138004004176], [4.52403800084994, 52.14739800400618], [4.5155450008412785, 52.14446400400434], [4.510677000836211, 52.140866004002085], [4.513213000838703, 52.13997400400155], [4.487520000812292, 52.127410003993695], [4.470826000795045, 52.11770800398763], [4.490414000813615, 52.0978580039756], [4.4918140008146, 52.09003200397076], [4.497806000820491, 52.08783800396945], [4.49936800082209, 52.08846000396981], [4.49996700082286, 52.091655003971816], [4.50445000082744, 52.09329000397283], [4.530555000852938, 52.08051100396511]]]}, "properties": {"type": "boundary", "gemeente": "Zoeterwoude", "slug": "zoeterwoude", "code": "GM0638", "provincie": "Zuid-Holland"}}, {"type": "Feature", "geometry": {"type": "Polygon", "coordinates": [[[4.397030000713555, 51.978974003901094], [4.385916000703803, 52.004835003917144], [4.388656000706591, 52.00549400391759], [4.388346000706494, 52.009448003920035], [4.394516000712781, 52.01125600392127], [4.386245000705142, 52.02330800392867], [4.3798090006988675, 52.0266640039307], [4.373499000692865, 52.032599003934294], [4.359770000678765, 52.026546003930456], [4.358849000677884, 52.02733400393091], [4.355771000674723, 52.02598800393005], [4.325956000644092, 52.01279300392155], [4.3254710006435, 52.01086900392035], [4.320636000638564, 52.00932200391934], [4.321490000639373, 52.00846300391882], [4.320218000638076, 52.00806500391858], [4.323244000640903, 52.00433600391625], [4.326346000644069, 52.00529300391687], [4.32576000064352, 52.00601700391732], [4.328267000646032, 52.00591300391731], [4.332656000650541, 52.00788300391858], [4.336371000654096, 52.00475300391663], [4.338453000656236, 52.005691003917256], [4.341143000658769, 52.00271000391543], [4.3358340006533505, 52.001055003914345], [4.337717000655117, 51.99880200391293], [4.331525000648851, 51.997852003912286], [4.333110000650185, 51.99317200390935], [4.325732000642712, 51.99195100390855], [4.324112000640972, 51.98985900390723], [4.328488000645133, 51.985702003904656], [4.331855000648446, 51.98449000390395], [4.332724000649095, 51.98045700390143], [4.338227000654274, 51.97417800389757], [4.343134000659281, 51.975675003898544], [4.356626000672909, 51.977296003899674], [4.357392000673576, 51.97546400389851], [4.358572000674771, 51.97565800389867], [4.357647000673799, 51.97482400389816], [4.358200000674282, 51.97350300389733], [4.359368000675455, 51.97355000389736], [4.358556000674596, 51.97267500389683], [4.359881000675912, 51.97245700389668], [4.358721000674738, 51.97226100389658], [4.359540000675443, 51.97013500389524], [4.368174000684188, 51.97158200389622], [4.369175000685045, 51.968870003894544], [4.386303000702421, 51.97221400389678], [4.383622000699924, 51.975816003899006], [4.393810000710243, 51.977503003900146], [4.39416800071054, 51.97632100389941], [4.396174000712539, 51.97608000389929], [4.3967460007130095, 51.97418100389811], [4.397723000713999, 51.97433400389819], [4.402933000718798, 51.96631600389322], [4.407911000723898, 51.96819900389444], [4.4033900007196225, 51.9731330038975], [4.401152000717659, 51.97834600390074], [4.397030000713555, 51.978974003901094]]]}, "properties": {"type": "boundary", "gemeente": "Delft", "slug": "delft", "code": "GM0503", "provincie": "Zuid-Holland"}}, {"type": "Feature", "geometry": {"type": "Polygon", "coordinates": [[[4.325772000643908, 52.01278300392155], [4.357790000676795, 52.02686300393061], [4.357765000676828, 52.02788100393128], [4.353778000672983, 52.030676003932946], [4.350406000670087, 52.03947300393845], [4.3460630006659855, 52.04401800394118], [4.3475490006675885, 52.046109003942476], [4.35231400067248, 52.0481580039438], [4.352639000672855, 52.049095003944394], [4.344519000664992, 52.054047003947346], [4.346999000667629, 52.05679700394911], [4.340307000661206, 52.06194700395221], [4.328709000649283, 52.05655700394872], [4.327757000648353, 52.056975003948956], [4.325377000645877, 52.055388003947996], [4.321361000641811, 52.05462100394746], [4.321908000642269, 52.05305200394652], [4.319882000640179, 52.05199400394586], [4.304195000624158, 52.046595003942365], [4.298367000618256, 52.045557003941624], [4.297593000617399, 52.044075003940705], [4.290952000610601, 52.04157300393908], [4.297930000616915, 52.02941000393159], [4.309819000628065, 52.015634003923154], [4.319321000637834, 52.01992200392592], [4.325772000643908, 52.01278300392155]]]}, "properties": {"type": "boundary", "gemeente": "Rijswijk", "slug": "rijswijk", "code": "GM0603", "provincie": "Zuid-Holland"}}, {"type": "Feature", "geometry": {"type": "Polygon", "coordinates": [[[4.553686000883588, 52.22225000405179], [4.550566000880718, 52.22703100405464], [4.554208000884593, 52.2313970040573], [4.561029000891511, 52.23314400405838], [4.5628490008934035, 52.23455800405926], [4.569521000901409, 52.25969100407436], [4.567869000900185, 52.267795004079254], [4.572749000905246, 52.27124000408135], [4.548681000881901, 52.2846960040893], [4.542550000875878, 52.28664400409043], [4.536443000869331, 52.27835900408543], [4.535460000868389, 52.2791500040859], [4.530178000862843, 52.27414700408283], [4.532691000865287, 52.2728920040821], [4.520780000852717, 52.26055000407469], [4.513523000845165, 52.25500600407129], [4.521476000852823, 52.24953900406804], [4.526594000857818, 52.24725300406667], [4.524088000855158, 52.244377004064944], [4.53005100086095, 52.24116200406308], [4.527417000858208, 52.23916000406185], [4.529472000860209, 52.23813700406124], [4.524923000855523, 52.23556100405965], [4.530588000861034, 52.23264600405795], [4.5389980008693085, 52.23005200405641], [4.547631000877655, 52.22462700405317], [4.553686000883588, 52.22225000405179]]]}, "properties": {"type": "boundary", "gemeente": "Lisse", "slug": "lisse", "code": "GM0553", "provincie": "Zuid-Holland"}}, {"type": "Feature", "geometry": {"type": "Polygon", "coordinates": [[[4.397779000719526, 52.07495600396078], [4.394454000716239, 52.07579000396126], [4.38865100071027, 52.072974003959466], [4.384583000706371, 52.076234003961474], [4.379996000701689, 52.074745003960444], [4.362535000683618, 52.0643360039539], [4.356011000676925, 52.06156700395213], [4.360826000681581, 52.05846800395024], [4.357350000677975, 52.056255003948856], [4.352281000673066, 52.05939400395074], [4.348004000668619, 52.05649800394891], [4.342196000663054, 52.06113500395172], [4.355519000676791, 52.06804000395614], [4.335213000656826, 52.07500000396021], [4.373514000696161, 52.09229700397124], [4.371516000694236, 52.09368600397209], [4.372146000694904, 52.09438100397249], [4.389310000712628, 52.103922003978546], [4.401159000724934, 52.11187000398354], [4.412085000735666, 52.10795700398124], [4.411303000734849, 52.10731700398083], [4.412980000736491, 52.1066400039804], [4.414158000737715, 52.10750800398094], [4.4212650007447, 52.10496500397943], [4.427903000751159, 52.10147000397732], [4.433579000756994, 52.104158003979094], [4.437639000761329, 52.10902900398205], [4.4468530007708065, 52.11361800398496], [4.464492000789217, 52.12731100399349], [4.465192000789883, 52.12661300399307], [4.466420000791151, 52.1273330039935], [4.466632000791446, 52.12886500399445], [4.468149000792948, 52.1285510039943], [4.472941000797488, 52.123703003991345], [4.472975000797265, 52.11895200398841], [4.470826000795045, 52.11770800398763], [4.490414000813615, 52.0978580039756], [4.4930180008156855, 52.08775200396937], [4.474275000796764, 52.08526100396769], [4.475660000797941, 52.08129600396527], [4.456752000778849, 52.07881500396363], [4.420833000741965, 52.06258000395333], [4.411950000733574, 52.07207700395909], [4.403924000725843, 52.07784500396261], [4.397779000719526, 52.07495600396078]]]}, "properties": {"type": "boundary", "gemeente": "Leidschendam-Voorburg", "slug": "leidschendam-voorburg", "code": "GM1916", "provincie": "Zuid-Holland"}}]}