{"type": "FeatureCollection", "metadata": {"gemeente": "Alkmaar", "slug": "alkmaar", "generated_at": "2026-07-28T10:02:02.095237Z", "total_points": 236, "merken": ["StatiegeldNederland", "Stibat", "StichtingOPEN"], "bounds": [4.7145835, 52.549883, 4.891025, 52.6729472]}, "features": [{"type": "Feature", "geometry": {"type": "Point", "coordinates": [4.7200643, 52.6390049]}, "properties": {"type": "inleverpunt", "locatieNaam": "Afc34", "straatNaam": "Robonsbosweg", "straatNr": "10", "postcode": "1816 MK", "plaats": "Alkmaar", "merk": "StatiegeldNederland", "puntType": "balie", "materialen": ["pet-groot", "pet-klein", "blik"], "uitbetaling": [], "vrijToegankelijk": false, "gemeenteBeperking": null, "openingstijden": {"ma": "17:00–22:00", "di": "13:00–23:00", "wo": "15:00–22:00", "do": "17:00–23:00", "vr": "17:00–22:00", "za": "08:00–18:00", "zo": "08:30–18:00"}, "latitude": 52.6390049, "longitude": 4.7200643, "bronId": "251944"}}, {"type": "Feature", "geometry": {"type": "Point", "coordinates": [4.7575739, 52.6548696]}, "properties": {"type": "inleverpunt", "locatieNaam": "Albert Heijn", "straatNaam": "Europaboulevard/W.C. De Mare", "straatNr": "", "postcode": "1825 SP", "plaats": "Alkmaar", "merk": "StatiegeldNederland", "puntType": "automaat", "materialen": ["pet-groot", "pet-klein", "blik", "glas", "krat"], "uitbetaling": ["bonnetje", "donatie"], "vrijToegankelijk": true, "gemeenteBeperking": null, "openingstijden": {"ma": "07:30–22:00", "di": "07:30–22:00", "wo": "07:30–22:00", "do": "07:30–22:00", "vr": "07:30–22:00", "za": "07:30–22:00", "zo": "08:00–22:00"}, "latitude": 52.6548696, "longitude": 4.7575739, "bronId": "252214"}}, {"type": "Feature", "geometry": {"type": "Point", "coordinates": [4.748034, 52.619331]}, "properties": {"type": "inleverpunt", "locatieNaam": "Albert Heijn", "straatNaam": "Geert Grote Plein", "straatNr": "7", "postcode": "1813 BM", "plaats": "Alkmaar", "merk": "StatiegeldNederland", "puntType": "automaat", "materialen": ["pet-groot", "pet-klein", "blik", "glas", "krat"], "uitbetaling": ["bonnetje", "donatie"], "vrijToegankelijk": true, "gemeenteBeperking": null, "openingstijden": {"ma": "08:00–22:00", "di": "08:00–22:00", "wo": "08:00–22:00", "do": "08:00–22:00", "vr": "08:00–22:00", "za": "08:00–22:00", "zo": "09:00–22:00"}, "latitude": 52.619331, "longitude": 4.748034, "bronId": "252238"}}, {"type": "Feature", "geometry": {"type": "Point", "coordinates": [4.7510448, 52.6347685]}, "properties": {"type": "inleverpunt", "locatieNaam": "Albert Heijn", "straatNaam": "Kwakelkade", "straatNr": "10E", "postcode": "1823 BJ", "plaats": "Alkmaar", "merk": "StatiegeldNederland", "puntType": "automaat", "materialen": ["pet-groot", "pet-klein", "blik", "glas", "krat"], "uitbetaling": ["bonnetje", "donatie"], "vrijToegankelijk": true, "gemeenteBeperking": null, "openingstijden": {"ma": "09:00–21:00", "di": "09:00–21:00", "wo": "09:00–21:00", "do": "09:00–21:00", "vr": "09:00–21:00", "za": "09:00–21:00", "zo": "10:00–20:00"}, "latitude": 52.6347685, "longitude": 4.7510448, "bronId": "252441"}}, {"type": "Feature", "geometry": {"type": "Point", "coordinates": [4.7660346, 52.6344909]}, "properties": {"type": "inleverpunt", "locatieNaam": "Albert Heijn", "straatNaam": "Oudorperplein", "straatNr": "27", "postcode": "1823 HA", "plaats": "Alkmaar", "merk": "StatiegeldNederland", "puntType": "automaat", "materialen": ["pet-groot", "pet-klein", "blik", "glas", "krat"], "uitbetaling": ["bonnetje"], "vrijToegankelijk": true, "gemeenteBeperking": null, "openingstijden": {"ma": "08:00–21:00", "di": "08:00–21:00", "wo": "08:00–21:00", "do": "08:00–21:00", "vr": "08:00–21:00", "za": "08:00–21:00", "zo": "09:00–20:00"}, "latitude": 52.6344909, "longitude": 4.7660346, "bronId": "252603"}}, {"type": "Feature", "geometry": {"type": "Point", "coordinates": [4.7234183, 52.6316045]}, "properties": {"type": "inleverpunt", "locatieNaam": "Albert Heijn", "straatNaam": "Van Ostadelaan", "straatNr": "294", "postcode": "1816 JH", "plaats": "Alkmaar", "merk": "StatiegeldNederland", "puntType": "automaat", "materialen": ["pet-groot", "pet-klein", "blik", "glas", "krat"], "uitbetaling": ["bonnetje", "donatie"], "vrijToegankelijk": true, "gemeenteBeperking": null, "openingstijden": {"ma": "08:00–22:00", "di": "08:00–22:00", "wo": "08:00–22:00", "do": "08:00–22:00", "vr": "08:00–22:00", "za": "08:00–22:00", "zo": "08:00–22:00"}, "latitude": 52.6316045, "longitude": 4.7234183, "bronId": "252845"}}, {"type": "Feature", "geometry": {"type": "Point", "coordinates": [4.7366374, 52.6198491]}, "properties": {"type": "inleverpunt", "locatieNaam": "Albert Heijn", "straatNaam": "Wendelaarstraat 1 -", "straatNr": "3", "postcode": "1814 GR", "plaats": "Alkmaar", "merk": "StatiegeldNederland", "puntType": "automaat", "materialen": ["pet-groot", "pet-klein", "blik", "glas", "krat"], "uitbetaling": ["bonnetje", "donatie"], "vrijToegankelijk": true, "gemeenteBeperking": null, "openingstijden": {"ma": "07:00–22:00", "di": "07:00–22:00", "wo": "07:00–22:00", "do": "07:00–22:00", "vr": "07:00–22:00", "za": "07:00–22:00", "zo": "08:00–22:00"}, "latitude": 52.6198491, "longitude": 4.7366374, "bronId": "252902"}}, {"type": "Feature", "geometry": {"type": "Point", "coordinates": [4.751986, 52.635152]}, "properties": {"type": "inleverpunt", "locatieNaam": "Aldi", "straatNaam": "Oosterweezenstraat", "straatNr": "19-25", "postcode": "1823 CN", "plaats": "Alkmaar", "merk": "StatiegeldNederland", "puntType": "automaat", "materialen": ["pet-groot", "pet-klein", "blik", "glas", "krat"], "uitbetaling": ["bonnetje"], "vrijToegankelijk": true, "gemeenteBeperking": null, "openingstijden": {"ma": "08:00–20:00", "di": "08:00–20:00", "wo": "08:00–20:00", "do": "08:00–20:00", "vr": "08:00–20:00", "za": "08:00–19:00", "zo": "10:00–18:00"}, "latitude": 52.635152, "longitude": 4.751986, "bronId": "253299"}}, {"type": "Feature", "geometry": {"type": "Point", "coordinates": [4.721963, 52.6263371]}, "properties": {"type": "inleverpunt", "locatieNaam": "Aldi", "straatNaam": "Vincent Van Goghlaan", "straatNr": "1", "postcode": "1816 VM", "plaats": "Alkmaar", "merk": "StatiegeldNederland", "puntType": "automaat", "materialen": ["pet-groot", "pet-klein", "blik", "glas", "krat"], "uitbetaling": ["bonnetje"], "vrijToegankelijk": true, "gemeenteBeperking": null, "openingstijden": {"ma": "08:00–20:00", "di": "08:00–20:00", "wo": "08:00–20:00", "do": "08:00–20:00", "vr": "08:00–20:00", "za": "08:00–20:00", "zo": "12:00–18:00"}, "latitude": 52.6263371, "longitude": 4.721963, "bronId": "253417"}}, {"type": "Feature", "geometry": {"type": "Point", "coordinates": [4.7250853, 52.6418546]}, "properties": {"type": "inleverpunt", "locatieNaam": "Appel - 7068 - Inholland - Alkmaar", "straatNaam": "Bergerweg", "straatNr": "200", "postcode": "1817 MN", "plaats": "Alkmaar", "merk": "StatiegeldNederland", "puntType": "balie", "materialen": ["pet-groot", "pet-klein", "blik"], "uitbetaling": [], "vrijToegankelijk": true, "gemeenteBeperking": null, "openingstijden": {"ma": "07:30–18:30", "di": "07:30–18:30", "wo": "07:30–22:00", "do": "07:30–22:00", "vr": "07:30–17:30", "za": "Gesloten", "zo": "Gesloten"}, "latitude": 52.6418546, "longitude": 4.7250853, "bronId": "253523"}}, {"type": "Feature", "geometry": {"type": "Point", "coordinates": [4.7146843, 52.6362593]}, "properties": {"type": "inleverpunt", "locatieNaam": "Appel 2468 - Cbr Alkmaar", "straatNaam": "Olympiaweg", "straatNr": "28", "postcode": "1816 MJ", "plaats": "Alkmaar", "merk": "StatiegeldNederland", "puntType": "balie", "materialen": ["pet-groot", "pet-klein", "blik"], "uitbetaling": [], "vrijToegankelijk": true, "gemeenteBeperking": null, "openingstijden": {"ma": "08:00–17:00", "di": "08:00–17:00", "wo": "08:00–17:00", "do": "08:00–17:00", "vr": "08:00–17:00", "za": "Gesloten", "zo": "Gesloten"}, "latitude": 52.6362593, "longitude": 4.7146843, "bronId": "253560"}}, {"type": "Feature", "geometry": {"type": "Point", "coordinates": [4.763627, 52.6433285]}, "properties": {"type": "inleverpunt", "locatieNaam": "Appel 2611 - Ggd Alkmaar", "straatNaam": "Hertog Aalbrechtsweg", "straatNr": "5", "postcode": "1823 DL", "plaats": "Alkmaar", "merk": "StatiegeldNederland", "puntType": "balie", "materialen": ["pet-groot", "pet-klein", "blik"], "uitbetaling": [], "vrijToegankelijk": true, "gemeenteBeperking": null, "openingstijden": {"ma": "08:30–17:00", "di": "08:30–17:00", "wo": "08:30–17:00", "do": "08:00–17:00", "vr": "08:00–17:00", "za": "Gesloten", "zo": "Gesloten"}, "latitude": 52.6433285, "longitude": 4.763627, "bronId": "253601"}}, {"type": "Feature", "geometry": {"type": "Point", "coordinates": [4.7427142, 52.6051913]}, "properties": {"type": "inleverpunt", "locatieNaam": "Appel 2684 - Solar Nederland", "straatNaam": "Toermalijnstraat", "straatNr": "7", "postcode": "1812 RL", "plaats": "Alkmaar", "merk": "StatiegeldNederland", "puntType": "balie", "materialen": ["pet-groot", "pet-klein", "blik"], "uitbetaling": [], "vrijToegankelijk": true, "gemeenteBeperking": null, "openingstijden": {"ma": "07:00–17:00", "di": "07:00–17:00", "wo": "07:00–17:00", "do": "07:00–17:00", "vr": "07:00–17:00", "za": "Gesloten", "zo": "Gesloten"}, "latitude": 52.6051913, "longitude": 4.7427142, "bronId": "253633"}}, {"type": "Feature", "geometry": {"type": "Point", "coordinates": [4.7846992, 52.6424426]}, "properties": {"type": "inleverpunt", "locatieNaam": "Appel 2718 - Hormann", "straatNaam": "Robbenkoog", "straatNr": "20", "postcode": "1822 BB", "plaats": "Alkmaar", "merk": "StatiegeldNederland", "puntType": "balie", "materialen": ["pet-groot", "pet-klein", "blik"], "uitbetaling": [], "vrijToegankelijk": true, "gemeenteBeperking": null, "openingstijden": {"ma": "08:00–17:00", "di": "08:00–17:00", "wo": "08:00–17:00", "do": "08:00–17:00", "vr": "08:00–15:00", "za": "Gesloten", "zo": "Gesloten"}, "latitude": 52.6424426, "longitude": 4.7846992, "bronId": "253643"}}, {"type": "Feature", "geometry": {"type": "Point", "coordinates": [4.7511305, 52.6216659]}, "properties": {"type": "inleverpunt", "locatieNaam": "Budoclub Hajime", "straatNaam": "Vondelstraat", "straatNr": "35", "postcode": "1813 AA", "plaats": "Alkmaar", "merk": "StatiegeldNederland", "puntType": "balie", "materialen": ["pet-groot", "pet-klein", "blik"], "uitbetaling": [], "vrijToegankelijk": false, "gemeenteBeperking": null, "openingstijden": null, "latitude": 52.6216659, "longitude": 4.7511305, "bronId": "253937"}}, {"type": "Feature", "geometry": {"type": "Point", "coordinates": [4.7470298, 52.6142928]}, "properties": {"type": "inleverpunt", "locatieNaam": "Buurthuis Overdie", "straatNaam": "Arcadialaan", "straatNr": "250", "postcode": "1813 KN", "plaats": "Alkmaar", "merk": "StatiegeldNederland", "puntType": "automaat", "materialen": ["pet-klein", "blik"], "uitbetaling": ["donatie", "tikkie"], "vrijToegankelijk": true, "gemeenteBeperking": null, "openingstijden": null, "latitude": 52.6142928, "longitude": 4.7470298, "bronId": "253946"}}, {"type": "Feature", "geometry": {"type": "Point", "coordinates": [4.7446056, 52.639831]}, "properties": {"type": "inleverpunt", "locatieNaam": "Cg 1762 Rechtbank Alkmaar", "straatNaam": "Kruseman van Eltenweg", "straatNr": "2", "postcode": "1817 BC", "plaats": "Alkmaar", "merk": "StatiegeldNederland", "puntType": "balie", "materialen": ["pet-groot", "pet-klein", "blik"], "uitbetaling": [], "vrijToegankelijk": true, "gemeenteBeperking": null, "openingstijden": {"ma": "08:30–17:00", "di": "08:30–17:00", "wo": "08:30–17:00", "do": "08:30–17:00", "vr": "08:30–17:00", "za": "Gesloten", "zo": "Gesloten"}, "latitude": 52.639831, "longitude": 4.7446056, "bronId": "254066"}}, {"type": "Feature", "geometry": {"type": "Point", "coordinates": [4.7541736, 52.6480984]}, "properties": {"type": "inleverpunt", "locatieNaam": "Circlek Servauto - Huiswaarderweg", "straatNaam": "Huiswaarderweg", "straatNr": "7", "postcode": "1825 BA", "plaats": "Alkmaar", "merk": "StatiegeldNederland", "puntType": "balie", "materialen": ["pet-groot", "pet-klein", "blik"], "uitbetaling": [], "vrijToegankelijk": true, "gemeenteBeperking": null, "openingstijden": {"ma": "06:00–23:00", "di": "06:00–23:00", "wo": "06:00–23:00", "do": "06:00–23:00", "vr": "06:00–23:00", "za": "08:00–23:00", "zo": "08:00–23:00"}, "latitude": 52.6480984, "longitude": 4.7541736, "bronId": "254146"}}, {"type": "Feature", "geometry": {"type": "Point", "coordinates": [4.7513329, 52.6219204]}, "properties": {"type": "inleverpunt", "locatieNaam": "Ckv Dso", "straatNaam": "Vondelstraat", "straatNr": "35", "postcode": "1813 AA", "plaats": "Alkmaar", "merk": "StatiegeldNederland", "puntType": "balie", "materialen": ["pet-groot", "pet-klein", "blik"], "uitbetaling": [], "vrijToegankelijk": false, "gemeenteBeperking": null, "openingstijden": null, "latitude": 52.6219204, "longitude": 4.7513329, "bronId": "254177"}}, {"type": "Feature", "geometry": {"type": "Point", "coordinates": [4.7312449, 52.6225096]}, "properties": {"type": "inleverpunt", "locatieNaam": "Csv Jong Holland", "straatNaam": "Koning Willem-Alexanderlaan", "straatNr": "5", "postcode": "1815 LV", "plaats": "Alkmaar", "merk": "StatiegeldNederland", "puntType": "balie", "materialen": ["pet-groot", "pet-klein", "blik"], "uitbetaling": [], "vrijToegankelijk": false, "gemeenteBeperking": null, "openingstijden": {"ma": "Gesloten", "di": "Gesloten", "wo": "Gesloten", "do": "Gesloten", "vr": "Gesloten", "za": "24 uur geopend", "zo": "24 uur geopend"}, "latitude": 52.6225096, "longitude": 4.7312449, "bronId": "254239"}}, {"type": "Feature", "geometry": {"type": "Point", "coordinates": [4.7575052, 52.6555284]}, "properties": {"type": "inleverpunt", "locatieNaam": "Dekamarkt", "straatNaam": "Europaplein 56", "straatNr": "53-59", "postcode": "1825 TL", "plaats": "Alkmaar", "merk": "StatiegeldNederland", "puntType": "automaat", "materialen": ["pet-groot", "pet-klein", "blik", "glas", "krat"], "uitbetaling": ["bonnetje"], "vrijToegankelijk": true, "gemeenteBeperking": null, "openingstijden": {"ma": "07:30–21:00", "di": "07:30–21:00", "wo": "07:30–21:00", "do": "07:30–21:00", "vr": "07:30–21:00", "za": "07:30–21:00", "zo": "08:00–20:00"}, "latitude": 52.6555284, "longitude": 4.7575052, "bronId": "254314"}}, {"type": "Feature", "geometry": {"type": "Point", "coordinates": [4.8210632, 52.6128782]}, "properties": {"type": "inleverpunt", "locatieNaam": "Dekamarkt", "straatNaam": "Schermeerplein", "straatNr": "15", "postcode": "1841 GX", "plaats": "Stompetoren", "merk": "StatiegeldNederland", "puntType": "automaat", "materialen": ["blik"], "uitbetaling": ["bonnetje"], "vrijToegankelijk": true, "gemeenteBeperking": null, "openingstijden": {"ma": "07:30–21:00", "di": "07:30–21:00", "wo": "07:30–21:00", "do": "07:30–21:00", "vr": "07:30–21:00", "za": "07:30–21:00", "zo": "09:00–19:00"}, "latitude": 52.6128782, "longitude": 4.8210632, "bronId": "254384"}}, {"type": "Feature", "geometry": {"type": "Point", "coordinates": [4.8210632, 52.6128782]}, "properties": {"type": "inleverpunt", "locatieNaam": "Dekamarkt", "straatNaam": "Schermeerwegstraat", "straatNr": "15", "postcode": "1841 GE", "plaats": "Stompetoren", "merk": "StatiegeldNederland", "puntType": "automaat", "materialen": ["pet-groot", "pet-klein", "blik", "glas", "krat"], "uitbetaling": ["bonnetje", "donatie"], "vrijToegankelijk": true, "gemeenteBeperking": null, "openingstijden": {"ma": "07:30–21:00", "di": "07:30–21:00", "wo": "07:30–21:00", "do": "07:30–21:00", "vr": "07:30–21:00", "za": "07:30–21:00", "zo": "09:00–19:00"}, "latitude": 52.6128782, "longitude": 4.8210632, "bronId": "254385"}}, {"type": "Feature", "geometry": {"type": "Point", "coordinates": [4.7489387, 52.6323949]}, "properties": {"type": "inleverpunt", "locatieNaam": "Ekoplaza", "straatNaam": "HOFPLEIN", "straatNr": "3", "postcode": "1811 LE", "plaats": "Alkmaar", "merk": "StatiegeldNederland", "puntType": "balie", "materialen": ["pet-groot", "pet-klein", "blik"], "uitbetaling": [], "vrijToegankelijk": true, "gemeenteBeperking": null, "openingstijden": {"ma": "08:00–19:00", "di": "08:00–19:00", "wo": "08:00–19:00", "do": "08:00–19:00", "vr": "08:00–19:00", "za": "08:00–18:00", "zo": "10:00–18:00"}, "latitude": 52.6323949, "longitude": 4.7489387, "bronId": "254649"}}, {"type": "Feature", "geometry": {"type": "Point", "coordinates": [4.7582015, 52.6558299]}, "properties": {"type": "inleverpunt", "locatieNaam": "Hans de Boer Europaplein Alkmaar", "straatNaam": "Europaboulevard", "straatNr": "358", "postcode": "1825 SW", "plaats": "Alkmaar", "merk": "StatiegeldNederland", "puntType": "automaat", "materialen": ["pet-groot", "pet-klein", "blik", "krat"], "uitbetaling": ["donatie", "tikkie"], "vrijToegankelijk": true, "gemeenteBeperking": null, "openingstijden": {"ma": "Gesloten", "di": "09:30–18:00", "wo": "09:30–18:00", "do": "09:30–18:00", "vr": "09:30–18:00", "za": "09:30–17:00", "zo": "Gesloten"}, "latitude": 52.6558299, "longitude": 4.7582015, "bronId": "254941"}}, {"type": "Feature", "geometry": {"type": "Point", "coordinates": [4.7145835, 52.6293206]}, "properties": {"type": "inleverpunt", "locatieNaam": "Honk- En Softbal Ver. Alcmaria Victrix", "straatNaam": "Honkpad", "straatNr": "3", "postcode": "1816 LZ", "plaats": "Alkmaar", "merk": "StatiegeldNederland", "puntType": "balie", "materialen": ["pet-groot", "pet-klein", "blik"], "uitbetaling": [], "vrijToegankelijk": false, "gemeenteBeperking": null, "openingstijden": null, "latitude": 52.6293206, "longitude": 4.7145835, "bronId": "255026"}}, {"type": "Feature", "geometry": {"type": "Point", "coordinates": [4.7255626, 52.6418395]}, "properties": {"type": "inleverpunt", "locatieNaam": "InHolland", "straatNaam": "Bergerweg", "straatNr": "200", "postcode": "1717 MN", "plaats": "Alkmaar", "merk": "StatiegeldNederland", "puntType": "automaat", "materialen": ["pet-klein", "blik"], "uitbetaling": ["donatie"], "vrijToegankelijk": false, "gemeenteBeperking": null, "openingstijden": null, "latitude": 52.6418395, "longitude": 4.7255626, "bronId": "255163"}}, {"type": "Feature", "geometry": {"type": "Point", "coordinates": [4.7492979, 52.6483252]}, "properties": {"type": "inleverpunt", "locatieNaam": "Jan Arentsz College", "straatNaam": "Mandenmakerstraat", "straatNr": "11", "postcode": "1825 BB", "plaats": "Alkmaar", "merk": "StatiegeldNederland", "puntType": "automaat", "materialen": ["pet-groot", "pet-klein", "blik"], "uitbetaling": ["bonnetje", "donatie", "retourpinnen"], "vrijToegankelijk": true, "gemeenteBeperking": null, "openingstijden": null, "latitude": 52.6483252, "longitude": 4.7492979, "bronId": "255183"}}, {"type": "Feature", "geometry": {"type": "Point", "coordinates": [4.7478, 52.62986]}, "properties": {"type": "inleverpunt", "locatieNaam": "Jumbo", "straatNaam": "De Laat", "straatNr": "147", "postcode": "1811 ED", "plaats": "Alkmaar", "merk": "StatiegeldNederland", "puntType": "automaat", "materialen": ["pet-groot", "pet-klein", "blik", "glas", "krat"], "uitbetaling": ["bonnetje", "donatie"], "vrijToegankelijk": true, "gemeenteBeperking": null, "openingstijden": {"ma": "08:00–20:00", "di": "08:00–20:00", "wo": "08:00–20:00", "do": "08:00–20:00", "vr": "08:00–20:00", "za": "08:00–20:00", "zo": "10:00–19:00"}, "latitude": 52.62986, "longitude": 4.7478, "bronId": "255295"}}, {"type": "Feature", "geometry": {"type": "Point", "coordinates": [4.766146, 52.665822]}, "properties": {"type": "inleverpunt", "locatieNaam": "Jumbo", "straatNaam": "Johanna Naberstraat", "straatNr": "51", "postcode": "1827 LB", "plaats": "Alkmaar", "merk": "StatiegeldNederland", "puntType": "automaat", "materialen": ["pet-groot", "pet-klein", "blik", "glas", "krat"], "uitbetaling": ["bonnetje", "donatie"], "vrijToegankelijk": true, "gemeenteBeperking": null, "openingstijden": {"ma": "08:00–22:00", "di": "08:00–22:00", "wo": "08:00–22:00", "do": "08:00–22:00", "vr": "08:00–22:00", "za": "08:00–22:00", "zo": "10:00–20:00"}, "latitude": 52.665822, "longitude": 4.766146, "bronId": "255457"}}, {"type": "Feature", "geometry": {"type": "Point", "coordinates": [4.749492, 52.645601]}, "properties": {"type": "inleverpunt", "locatieNaam": "Jumbo", "straatNaam": "Muiderwaard", "straatNr": "416", "postcode": "1824 XT", "plaats": "Alkmaar", "merk": "StatiegeldNederland", "puntType": "automaat", "materialen": ["pet-groot", "pet-klein", "blik", "glas", "krat"], "uitbetaling": ["bonnetje", "donatie"], "vrijToegankelijk": true, "gemeenteBeperking": null, "openingstijden": {"ma": "07:00–22:00", "di": "07:00–22:00", "wo": "07:00–22:00", "do": "07:00–22:00", "vr": "07:00–22:00", "za": "07:00–22:00", "zo": "08:00–21:00"}, "latitude": 52.645601, "longitude": 4.749492, "bronId": "255606"}}, {"type": "Feature", "geometry": {"type": "Point", "coordinates": [4.745031, 52.63374]}, "properties": {"type": "inleverpunt", "locatieNaam": "Jumbo", "straatNaam": "Paardenmarkt", "straatNr": "2", "postcode": "1811 KH", "plaats": "Alkmaar", "merk": "StatiegeldNederland", "puntType": "automaat", "materialen": ["pet-groot", "pet-klein", "blik", "glas", "krat"], "uitbetaling": ["bonnetje", "donatie"], "vrijToegankelijk": true, "gemeenteBeperking": null, "openingstijden": {"ma": "08:00–22:00", "di": "08:00–22:00", "wo": "08:00–22:00", "do": "08:00–22:00", "vr": "08:00–22:00", "za": "08:00–22:00", "zo": "10:00–20:00"}, "latitude": 52.63374, "longitude": 4.745031, "bronId": "255652"}}, {"type": "Feature", "geometry": {"type": "Point", "coordinates": [4.759373, 52.645642]}, "properties": {"type": "inleverpunt", "locatieNaam": "Jumbo", "straatNaam": "Winkelwaard", "straatNr": "486", "postcode": "1824 HX", "plaats": "Alkmaar", "merk": "StatiegeldNederland", "puntType": "automaat", "materialen": ["pet-groot", "pet-klein", "blik", "glas", "krat"], "uitbetaling": ["bonnetje", "donatie"], "vrijToegankelijk": true, "gemeenteBeperking": null, "openingstijden": {"ma": "08:00–21:00", "di": "08:00–21:00", "wo": "08:00–21:00", "do": "08:00–21:00", "vr": "08:00–21:00", "za": "08:00–21:00", "zo": "10:00–20:00"}, "latitude": 52.645642, "longitude": 4.759373, "bronId": "255877"}}, {"type": "Feature", "geometry": {"type": "Point", "coordinates": [4.75688, 52.65648]}, "properties": {"type": "inleverpunt", "locatieNaam": "Lidl", "straatNaam": "Europaboulevard", "straatNr": "354", "postcode": "1825 SV", "plaats": "Alkmaar", "merk": "StatiegeldNederland", "puntType": "automaat", "materialen": ["pet-groot", "pet-klein", "blik", "glas", "krat"], "uitbetaling": ["bonnetje", "donatie"], "vrijToegankelijk": true, "gemeenteBeperking": null, "openingstijden": {"ma": "07:30–21:00", "di": "07:30–21:00", "wo": "07:30–21:00", "do": "07:30–21:00", "vr": "07:30–21:00", "za": "07:30–21:00", "zo": "09:00–20:00"}, "latitude": 52.65648, "longitude": 4.75688, "bronId": "256149"}}, {"type": "Feature", "geometry": {"type": "Point", "coordinates": [4.748034, 52.619331]}, "properties": {"type": "inleverpunt", "locatieNaam": "Lidl", "straatNaam": "Geert Groteplein", "straatNr": "6", "postcode": "1813 BM", "plaats": "Alkmaar", "merk": "StatiegeldNederland", "puntType": "automaat", "materialen": ["pet-groot", "pet-klein", "blik", "glas", "krat"], "uitbetaling": ["bonnetje", "donatie"], "vrijToegankelijk": true, "gemeenteBeperking": null, "openingstijden": {"ma": "08:00–22:00", "di": "08:00–22:00", "wo": "08:00–22:00", "do": "08:00–22:00", "vr": "08:00–22:00", "za": "08:00–22:00", "zo": "09:00–22:00"}, "latitude": 52.619331, "longitude": 4.748034, "bronId": "256159"}}, {"type": "Feature", "geometry": {"type": "Point", "coordinates": [4.767491, 52.6420117]}, "properties": {"type": "inleverpunt", "locatieNaam": "Ltc Zeswielen - Tennisvereniging", "straatNaam": "Hertog Aalbrechtweg", "straatNr": "6", "postcode": "1822 DL", "plaats": "Alkmaar", "merk": "StatiegeldNederland", "puntType": "balie", "materialen": ["pet-groot", "pet-klein", "blik"], "uitbetaling": [], "vrijToegankelijk": false, "gemeenteBeperking": null, "openingstijden": {"ma": "09:00–23:00", "di": "09:00–23:00", "wo": "09:00–23:00", "do": "09:00–23:00", "vr": "09:00–23:00", "za": "09:00–23:00", "zo": "09:00–23:00"}, "latitude": 52.6420117, "longitude": 4.767491, "bronId": "256509"}}, {"type": "Feature", "geometry": {"type": "Point", "coordinates": [4.7532177, 52.640943]}, "properties": {"type": "inleverpunt", "locatieNaam": "Markies 6175 - Clusius College", "straatNaam": "Drechterwaard", "straatNr": "10", "postcode": "1824 EX", "plaats": "Alkmaar", "merk": "StatiegeldNederland", "puntType": "balie", "materialen": ["pet-groot", "pet-klein", "blik"], "uitbetaling": [], "vrijToegankelijk": true, "gemeenteBeperking": null, "openingstijden": null, "latitude": 52.640943, "longitude": 4.7532177, "bronId": "256560"}}, {"type": "Feature", "geometry": {"type": "Point", "coordinates": [4.758159, 52.655219]}, "properties": {"type": "inleverpunt", "locatieNaam": "Odin Alkmaar", "straatNaam": "Europaplein", "straatNr": "97", "postcode": "1825 TL", "plaats": "Alkmaar", "merk": "StatiegeldNederland", "puntType": "balie", "materialen": ["pet-groot", "pet-klein", "blik"], "uitbetaling": [], "vrijToegankelijk": true, "gemeenteBeperking": null, "openingstijden": {"ma": "08:30–19:00", "di": "08:30–19:00", "wo": "08:30–19:00", "do": "08:30–19:00", "vr": "08:30–19:00", "za": "08:30–18:00", "zo": "10:00–18:00"}, "latitude": 52.655219, "longitude": 4.758159, "bronId": "256950"}}, {"type": "Feature", "geometry": {"type": "Point", "coordinates": [4.7226793, 52.6390257]}, "properties": {"type": "inleverpunt", "locatieNaam": "OSG Willem Blaeu", "straatNaam": "Robonsbosweg", "straatNr": "11", "postcode": "1816 MK", "plaats": "Alkmaar", "merk": "StatiegeldNederland", "puntType": "automaat", "materialen": ["pet-klein", "blik"], "uitbetaling": ["donatie", "tikkie"], "vrijToegankelijk": true, "gemeenteBeperking": null, "openingstijden": null, "latitude": 52.6390257, "longitude": 4.7226793, "bronId": "257105"}}, {"type": "Feature", "geometry": {"type": "Point", "coordinates": [4.843325, 52.55921]}, "properties": {"type": "inleverpunt", "locatieNaam": "Plus", "straatNaam": "Driemaster", "straatNr": "3", "postcode": "1483 WB", "plaats": "Graft De Rijp", "merk": "StatiegeldNederland", "puntType": "automaat", "materialen": ["pet-groot", "pet-klein", "blik", "glas", "krat"], "uitbetaling": ["bonnetje", "donatie"], "vrijToegankelijk": true, "gemeenteBeperking": null, "openingstijden": {"ma": "08:00–21:00", "di": "08:00–21:00", "wo": "08:00–21:00", "do": "08:00–21:00", "vr": "08:00–21:00", "za": "08:00–21:00", "zo": "09:00–18:00"}, "latitude": 52.55921, "longitude": 4.843325, "bronId": "257294"}}, {"type": "Feature", "geometry": {"type": "Point", "coordinates": [4.7534086, 52.6274255]}, "properties": {"type": "inleverpunt", "locatieNaam": "Spar", "straatNaam": "Korte Vondelstraat", "straatNr": "2-4", "postcode": "1811 AE", "plaats": "Alkmaar", "merk": "StatiegeldNederland", "puntType": "automaat", "materialen": ["pet-groot", "pet-klein", "blik", "glas"], "uitbetaling": ["bonnetje", "donatie"], "vrijToegankelijk": true, "gemeenteBeperking": null, "openingstijden": {"ma": "08:00–22:00", "di": "08:00–22:00", "wo": "08:00–22:00", "do": "08:00–22:00", "vr": "08:00–22:00", "za": "08:00–22:00", "zo": "08:00–22:00"}, "latitude": 52.6274255, "longitude": 4.7534086, "bronId": "258400"}}, {"type": "Feature", "geometry": {"type": "Point", "coordinates": [4.7755401, 52.6360817]}, "properties": {"type": "inleverpunt", "locatieNaam": "Spar", "straatNaam": "Nyenburgh", "straatNr": "99", "postcode": "1829 GC", "plaats": "Oudorp", "merk": "StatiegeldNederland", "puntType": "automaat", "materialen": ["pet-groot", "pet-klein", "blik", "glas"], "uitbetaling": ["bonnetje", "donatie"], "vrijToegankelijk": true, "gemeenteBeperking": null, "openingstijden": {"ma": "08:00–20:00", "di": "08:00–20:00", "wo": "08:00–20:00", "do": "08:00–20:00", "vr": "08:00–20:00", "za": "08:00–20:00", "zo": "10:00–17:00"}, "latitude": 52.6360817, "longitude": 4.7755401, "bronId": "258431"}}, {"type": "Feature", "geometry": {"type": "Point", "coordinates": [4.7431109, 52.6400507]}, "properties": {"type": "inleverpunt", "locatieNaam": "Stichting Talland College", "straatNaam": "Kruseman Van Eltenweg", "straatNr": "4", "postcode": "1817 BC", "plaats": "Alkmaar", "merk": "StatiegeldNederland", "puntType": "automaat", "materialen": ["pet-klein", "blik"], "uitbetaling": ["donatie", "tikkie"], "vrijToegankelijk": true, "gemeenteBeperking": null, "openingstijden": null, "latitude": 52.6400507, "longitude": 4.7431109, "bronId": "258733"}}, {"type": "Feature", "geometry": {"type": "Point", "coordinates": [4.7568034, 52.6273091]}, "properties": {"type": "inleverpunt", "locatieNaam": "Stichting Zeekadetkorps Alkmaar", "straatNaam": "Voormeer", "straatNr": "9F", "postcode": "1813 SB", "plaats": "Alkmaar", "merk": "StatiegeldNederland", "puntType": "balie", "materialen": ["pet-groot", "pet-klein", "blik"], "uitbetaling": [], "vrijToegankelijk": false, "gemeenteBeperking": null, "openingstijden": {"ma": "Gesloten", "di": "Gesloten", "wo": "Gesloten", "do": "Gesloten", "vr": "Gesloten", "za": "11:00–16:30", "zo": "Gesloten"}, "latitude": 52.6273091, "longitude": 4.7568034, "bronId": "258738"}}, {"type": "Feature", "geometry": {"type": "Point", "coordinates": [4.8063015, 52.549883]}, "properties": {"type": "inleverpunt", "locatieNaam": "Sv Graftdijk", "straatNaam": "Kanaaldijk", "straatNr": "1", "postcode": "1486 MG", "plaats": "West-graftdijk", "merk": "StatiegeldNederland", "puntType": "balie", "materialen": ["pet-groot", "pet-klein", "blik"], "uitbetaling": [], "vrijToegankelijk": false, "gemeenteBeperking": null, "openingstijden": null, "latitude": 52.549883, "longitude": 4.8063015, "bronId": "258813"}}, {"type": "Feature", "geometry": {"type": "Point", "coordinates": [4.891025, 52.602031]}, "properties": {"type": "inleverpunt", "locatieNaam": "Sv Sporting S", "straatNaam": "Oostmijzerdijk", "straatNr": "4", "postcode": "1636 WC", "plaats": "Schermerhorn", "merk": "StatiegeldNederland", "puntType": "balie", "materialen": ["pet-groot", "pet-klein", "blik"], "uitbetaling": [], "vrijToegankelijk": false, "gemeenteBeperking": null, "openingstijden": null, "latitude": 52.602031, "longitude": 4.891025, "bronId": "258838"}}, {"type": "Feature", "geometry": {"type": "Point", "coordinates": [4.7571342, 52.6632299]}, "properties": {"type": "inleverpunt", "locatieNaam": "Tpc Daalmeer", "straatNaam": "Klaas Bootpad", "straatNr": "4-6", "postcode": "1827 CX", "plaats": "Alkmaar", "merk": "StatiegeldNederland", "puntType": "balie", "materialen": ["pet-groot", "pet-klein", "blik"], "uitbetaling": [], "vrijToegankelijk": false, "gemeenteBeperking": null, "openingstijden": {"ma": "09:00–22:30", "di": "09:00–22:30", "wo": "09:00–22:30", "do": "09:00–22:30", "vr": "09:00–22:30", "za": "09:00–20:00", "zo": "09:00–20:00"}, "latitude": 52.6632299, "longitude": 4.7571342, "bronId": "259033"}}, {"type": "Feature", "geometry": {"type": "Point", "coordinates": [4.7880527, 52.6504492]}, "properties": {"type": "inleverpunt", "locatieNaam": "Up Carwash Alkmaar", "straatNaam": "Berenkoog", "straatNr": "40a", "postcode": "1822 BJ", "plaats": "Alkmaar", "merk": "StatiegeldNederland", "puntType": "automaat", "materialen": ["pet-groot", "pet-klein", "blik"], "uitbetaling": ["bonnetje", "donatie", "tikkie"], "vrijToegankelijk": true, "gemeenteBeperking": null, "openingstijden": {"ma": "09:00–22:00", "di": "09:00–22:00", "wo": "09:00–22:00", "do": "09:00–22:00", "vr": "09:00–22:00", "za": "09:00–19:00", "zo": "11:00–18:00"}, "latitude": 52.6504492, "longitude": 4.7880527, "bronId": "259095"}}, {"type": "Feature", "geometry": {"type": "Point", "coordinates": [4.7165777, 52.6318847]}, "properties": {"type": "inleverpunt", "locatieNaam": "V.a.v.v. Alcmaria Victrix", "straatNaam": "Terborchlaan", "straatNr": "329", "postcode": "1816 MH", "plaats": "Alkmaar", "merk": "StatiegeldNederland", "puntType": "balie", "materialen": ["pet-groot", "pet-klein", "blik"], "uitbetaling": [], "vrijToegankelijk": false, "gemeenteBeperking": null, "openingstijden": {"ma": "24 uur geopend", "di": "24 uur geopend", "wo": "24 uur geopend", "do": "24 uur geopend", "vr": "24 uur geopend", "za": "24 uur geopend", "zo": "24 uur geopend"}, "latitude": 52.6318847, "longitude": 4.7165777, "bronId": "259100"}}, {"type": "Feature", "geometry": {"type": "Point", "coordinates": [4.7508459, 52.621849]}, "properties": {"type": "inleverpunt", "locatieNaam": "Volleybalvereniging Alvoco", "straatNaam": "Vondelstraat", "straatNr": "35", "postcode": "1813 AA", "plaats": "Alkmaar", "merk": "StatiegeldNederland", "puntType": "balie", "materialen": ["pet-groot", "pet-klein", "blik"], "uitbetaling": [], "vrijToegankelijk": false, "gemeenteBeperking": null, "openingstijden": null, "latitude": 52.621849, "longitude": 4.7508459, "bronId": "259630"}}, {"type": "Feature", "geometry": {"type": "Point", "coordinates": [4.7338673, 52.6446526]}, "properties": {"type": "inleverpunt", "locatieNaam": "Vomar", "straatNaam": "Bellinistraat", "straatNr": "71", "postcode": "1817 JM", "plaats": "Alkmaar", "merk": "StatiegeldNederland", "puntType": "automaat", "materialen": ["pet-groot", "pet-klein", "blik", "glas", "krat"], "uitbetaling": ["bonnetje", "donatie"], "vrijToegankelijk": true, "gemeenteBeperking": null, "openingstijden": {"ma": "08:00–21:00", "di": "08:00–21:00", "wo": "08:00–21:00", "do": "08:00–21:00", "vr": "08:00–21:00", "za": "08:00–21:00", "zo": "08:00–21:00"}, "latitude": 52.6446526, "longitude": 4.7338673, "bronId": "259639"}}, {"type": "Feature", "geometry": {"type": "Point", "coordinates": [4.7565956, 52.6564251]}, "properties": {"type": "inleverpunt", "locatieNaam": "Vomar", "straatNaam": "Europaboulevard", "straatNr": "463-465", "postcode": "1825 RN", "plaats": "Alkmaar", "merk": "StatiegeldNederland", "puntType": "automaat", "materialen": ["pet-groot", "pet-klein", "blik", "glas", "krat"], "uitbetaling": ["bonnetje", "donatie"], "vrijToegankelijk": true, "gemeenteBeperking": null, "openingstijden": {"ma": "07:30–22:00", "di": "07:30–22:00", "wo": "07:30–22:00", "do": "07:30–22:00", "vr": "07:30–22:00", "za": "07:30–22:00", "zo": "08:00–22:00"}, "latitude": 52.6564251, "longitude": 4.7565956, "bronId": "259660"}}, {"type": "Feature", "geometry": {"type": "Point", "coordinates": [4.7246039, 52.6324128]}, "properties": {"type": "inleverpunt", "locatieNaam": "Vomar", "straatNaam": "Van Ostadelaan", "straatNr": "296", "postcode": "1816 JH", "plaats": "Alkmaar", "merk": "StatiegeldNederland", "puntType": "automaat", "materialen": ["pet-groot", "pet-klein", "blik", "glas", "krat"], "uitbetaling": ["bonnetje", "donatie"], "vrijToegankelijk": true, "gemeenteBeperking": null, "openingstijden": {"ma": "07:30–22:00", "di": "07:30–22:00", "wo": "07:30–22:00", "do": "07:30–22:00", "vr": "07:30–22:00", "za": "07:30–22:00", "zo": "08:00–22:00"}, "latitude": 52.6324128, "longitude": 4.7246039, "bronId": "259725"}}, {"type": "Feature", "geometry": {"type": "Point", "coordinates": [4.7532193, 52.6406916]}, "properties": {"type": "inleverpunt", "locatieNaam": "Vonk Alkmaar", "straatNaam": "Drechterwaard", "straatNr": "10", "postcode": "1824 EX", "plaats": "Alkmaar", "merk": "StatiegeldNederland", "puntType": "automaat", "materialen": ["pet-klein", "blik"], "uitbetaling": ["donatie"], "vrijToegankelijk": false, "gemeenteBeperking": null, "openingstijden": {"ma": "08:30–18:00", "di": "08:30–18:00", "wo": "08:30–18:00", "do": "08:30–18:00", "vr": "08:30–18:00", "za": "Gesloten", "zo": "Gesloten"}, "latitude": 52.6406916, "longitude": 4.7532193, "bronId": "259736"}}, {"type": "Feature", "geometry": {"type": "Point", "coordinates": [4.7521148, 52.6210853]}, "properties": {"type": "inleverpunt", "locatieNaam": "Vv Alkmaarsche Boys", "straatNaam": "Vondelstraat", "straatNr": "35", "postcode": "1813 AA", "plaats": "Alkmaar", "merk": "StatiegeldNederland", "puntType": "balie", "materialen": ["pet-groot", "pet-klein", "blik"], "uitbetaling": [], "vrijToegankelijk": false, "gemeenteBeperking": null, "openingstijden": {"ma": "24 uur geopend", "di": "24 uur geopend", "wo": "24 uur geopend", "do": "24 uur geopend", "vr": "24 uur geopend", "za": "24 uur geopend", "zo": "24 uur geopend"}, "latitude": 52.6210853, "longitude": 4.7521148, "bronId": "259750"}}, {"type": "Feature", "geometry": {"type": "Point", "coordinates": [4.844142, 52.559173]}, "properties": {"type": "inleverpunt", "locatieNaam": "PLUS De Rijp", "straatNaam": "Driemaster", "straatNr": "3", "postcode": "1483 WB", "plaats": "De Rijp", "merk": "StichtingOPEN", "puntType": "balie", "materialen": ["batterijen", "lampen"], "uitbetaling": [], "vrijToegankelijk": false, "gemeenteBeperking": null, "openingstijden": null, "latitude": 52.559173, "longitude": 4.844142, "bronId": "SP00024047"}}, {"type": "Feature", "geometry": {"type": "Point", "coordinates": [4.821, 52.613114]}, "properties": {"type": "inleverpunt", "locatieNaam": "Deka Markt Stompetoren", "straatNaam": "Schermerplein", "straatNr": "15", "postcode": "1841 GX", "plaats": "Stompetoren", "merk": "StichtingOPEN", "puntType": "balie", "materialen": ["batterijen", "elektro-klein", "lampen"], "uitbetaling": [], "vrijToegankelijk": false, "gemeenteBeperking": null, "openingstijden": null, "latitude": 52.613114, "longitude": 4.821, "bronId": "SP00032422"}}, {"type": "Feature", "geometry": {"type": "Point", "coordinates": [4.754446, 52.606467]}, "properties": {"type": "inleverpunt", "locatieNaam": "Groenhart Group B.V. Alkmaar", "straatNaam": "Diamantweg", "straatNr": "17", "postcode": "1812 RC", "plaats": "Alkmaar", "merk": "StichtingOPEN", "puntType": "balie", "materialen": ["batterijen", "elektro-klein", "elektro-middel", "lampen", "tl-buizen"], "uitbetaling": [], "vrijToegankelijk": false, "gemeenteBeperking": null, "openingstijden": null, "latitude": 52.606467, "longitude": 4.754446, "bronId": "SP00008832"}}, {"type": "Feature", "geometry": {"type": "Point", "coordinates": [4.752825, 52.61038]}, "properties": {"type": "inleverpunt", "locatieNaam": "28 - Bouwmaat Alkmaar", "straatNaam": "Ivoorstraat", "straatNr": "19", "postcode": "1812 RE", "plaats": "Alkmaar", "merk": "StichtingOPEN", "puntType": "balie", "materialen": ["lampen", "tl-buizen"], "uitbetaling": [], "vrijToegankelijk": false, "gemeenteBeperking": null, "openingstijden": null, "latitude": 52.61038, "longitude": 4.752825, "bronId": "SP00032958"}}, {"type": "Feature", "geometry": {"type": "Point", "coordinates": [4.774529, 52.622288]}, "properties": {"type": "inleverpunt", "locatieNaam": "Ranzijn Alkmaar", "straatNaam": "Omval", "straatNr": "55", "postcode": "1812 NA", "plaats": "Alkmaar", "merk": "StichtingOPEN", "puntType": "balie", "materialen": ["elektro-middel", "lampen"], "uitbetaling": [], "vrijToegankelijk": false, "gemeenteBeperking": null, "openingstijden": null, "latitude": 52.622288, "longitude": 4.774529, "bronId": "SP00005514"}}, {"type": "Feature", "geometry": {"type": "Point", "coordinates": [4.774372, 52.623316]}, "properties": {"type": "inleverpunt", "locatieNaam": "GAMMA Alkmaar", "straatNaam": "Omval", "straatNr": "57", "postcode": "1812 NA", "plaats": "Alkmaar", "merk": "StichtingOPEN", "puntType": "balie", "materialen": ["batterijen", "elektro-klein", "elektro-middel", "lampen", "tl-buizen"], "uitbetaling": [], "vrijToegankelijk": false, "gemeenteBeperking": null, "openingstijden": null, "latitude": 52.623316, "longitude": 4.774372, "bronId": "SP00006117"}}, {"type": "Feature", "geometry": {"type": "Point", "coordinates": [4.761128, 52.618579]}, "properties": {"type": "inleverpunt", "locatieNaam": "Praxis Alkmaar MEGA - 2017", "straatNaam": "Koelmalaan", "straatNr": "39", "postcode": "1812 PR", "plaats": "Alkmaar", "merk": "StichtingOPEN", "puntType": "balie", "materialen": ["elektro-middel", "lampen", "tl-buizen"], "uitbetaling": [], "vrijToegankelijk": false, "gemeenteBeperking": null, "openingstijden": null, "latitude": 52.618579, "longitude": 4.761128, "bronId": "SP00004492"}}, {"type": "Feature", "geometry": {"type": "Point", "coordinates": [4.771894, 52.626769]}, "properties": {"type": "inleverpunt", "locatieNaam": "Rexel Alkmaar", "straatNaam": "Edisonweg", "straatNr": "1", "postcode": "1821 BN", "plaats": "Alkmaar", "merk": "StichtingOPEN", "puntType": "balie", "materialen": ["elektro-klein", "lampen", "tl-buizen"], "uitbetaling": [], "vrijToegankelijk": false, "gemeenteBeperking": null, "openingstijden": null, "latitude": 52.626769, "longitude": 4.771894, "bronId": "SP00020404"}}, {"type": "Feature", "geometry": {"type": "Point", "coordinates": [4.747358, 52.618629]}, "properties": {"type": "inleverpunt", "locatieNaam": "Lidl Alkmaar", "straatNaam": "Geert Groteplein", "straatNr": "6", "postcode": "1813 BM", "plaats": "Alkmaar", "merk": "StichtingOPEN", "puntType": "balie", "materialen": ["batterijen", "lampen"], "uitbetaling": [], "vrijToegankelijk": false, "gemeenteBeperking": null, "openingstijden": null, "latitude": 52.618629, "longitude": 4.747358, "bronId": "SP00025654"}}, {"type": "Feature", "geometry": {"type": "Point", "coordinates": [4.748719, 52.619431]}, "properties": {"type": "inleverpunt", "locatieNaam": "1075 Albert Heijn Alkmaar", "straatNaam": "Geert Groteplein", "straatNr": "7", "postcode": "1813 BM", "plaats": "Alkmaar", "merk": "StichtingOPEN", "puntType": "balie", "materialen": ["batterijen", "elektro-klein", "lampen"], "uitbetaling": [], "vrijToegankelijk": false, "gemeenteBeperking": null, "openingstijden": null, "latitude": 52.619431, "longitude": 4.748719, "bronId": "SP00023134"}}, {"type": "Feature", "geometry": {"type": "Point", "coordinates": [4.748086, 52.619494]}, "properties": {"type": "inleverpunt", "locatieNaam": "Kruidvat Alkmaar", "straatNaam": "Geert Groteplein", "straatNr": "9a", "postcode": "1813 BM", "plaats": "Alkmaar", "merk": "StichtingOPEN", "puntType": "balie", "materialen": ["batterijen", "lampen"], "uitbetaling": [], "vrijToegankelijk": false, "gemeenteBeperking": null, "openingstijden": null, "latitude": 52.619494, "longitude": 4.748086, "bronId": "SP00024791"}}, {"type": "Feature", "geometry": {"type": "Point", "coordinates": [4.769093, 52.627675]}, "properties": {"type": "inleverpunt", "locatieNaam": "Timmerman IJzerhandel", "straatNaam": "Kamerlingh Onnesstraat", "straatNr": "2", "postcode": "1821 BP", "plaats": "Alkmaar", "merk": "StichtingOPEN", "puntType": "balie", "materialen": ["batterijen", "elektro-klein", "lampen", "tl-buizen"], "uitbetaling": [], "vrijToegankelijk": false, "gemeenteBeperking": null, "openingstijden": null, "latitude": 52.627675, "longitude": 4.769093, "bronId": "SP00026435"}}, {"type": "Feature", "geometry": {"type": "Point", "coordinates": [4.73642, 52.619641]}, "properties": {"type": "inleverpunt", "locatieNaam": "Action Alkmaar 1022", "straatNaam": "Wendelaarstraat", "straatNr": "1-3", "postcode": "1814 GR", "plaats": "Alkmaar", "merk": "StichtingOPEN", "puntType": "balie", "materialen": ["lampen"], "uitbetaling": [], "vrijToegankelijk": false, "gemeenteBeperking": null, "openingstijden": null, "latitude": 52.619641, "longitude": 4.73642, "bronId": "SP00026006"}}, {"type": "Feature", "geometry": {"type": "Point", "coordinates": [4.734313, 52.619229]}, "properties": {"type": "inleverpunt", "locatieNaam": "1385 Albert Heijn XL Alkmaar", "straatNaam": "Wendelaarhof", "straatNr": "1", "postcode": "1814 GR", "plaats": "Alkmaar", "merk": "StichtingOPEN", "puntType": "balie", "materialen": ["batterijen", "elektro-klein", "lampen"], "uitbetaling": [], "vrijToegankelijk": false, "gemeenteBeperking": null, "openingstijden": null, "latitude": 52.619229, "longitude": 4.734313, "bronId": "SP00023255"}}, {"type": "Feature", "geometry": {"type": "Point", "coordinates": [4.779772, 52.637058]}, "properties": {"type": "inleverpunt", "locatieNaam": "B.M.C. Kubbenga Holding", "straatNaam": "Esdoornlaan", "straatNr": "39", "postcode": "1829 HE", "plaats": "Oudorp NH", "merk": "StichtingOPEN", "puntType": "balie", "materialen": ["batterijen", "elektro-klein", "elektro-middel"], "uitbetaling": [], "vrijToegankelijk": false, "gemeenteBeperking": null, "openingstijden": null, "latitude": 52.637058, "longitude": 4.779772, "bronId": "SP00038171"}}, {"type": "Feature", "geometry": {"type": "Point", "coordinates": [4.75344, 52.62749]}, "properties": {"type": "inleverpunt", "locatieNaam": "Spar Alkmaar", "straatNaam": "Korte Vondelstraat", "straatNr": "2-4", "postcode": "1811 AE", "plaats": "Alkmaar", "merk": "StichtingOPEN", "puntType": "balie", "materialen": ["batterijen", "lampen"], "uitbetaling": [], "vrijToegankelijk": false, "gemeenteBeperking": null, "openingstijden": null, "latitude": 52.62749, "longitude": 4.75344, "bronId": "SP00027312"}}, {"type": "Feature", "geometry": {"type": "Point", "coordinates": [4.775342, 52.636065]}, "properties": {"type": "inleverpunt", "locatieNaam": "Spar Oudorp", "straatNaam": "Nyenburgh", "straatNr": "99", "postcode": "1829 GC", "plaats": "Oudorp", "merk": "StichtingOPEN", "puntType": "balie", "materialen": ["batterijen", "lampen"], "uitbetaling": [], "vrijToegankelijk": false, "gemeenteBeperking": null, "openingstijden": null, "latitude": 52.636065, "longitude": 4.775342, "bronId": "SP00022454"}}, {"type": "Feature", "geometry": {"type": "Point", "coordinates": [4.751939, 52.632267]}, "properties": {"type": "inleverpunt", "locatieNaam": "Spar Alkmaar", "straatNaam": "Dijk", "straatNr": "14", "postcode": "1811 MC", "plaats": "Alkmaar", "merk": "StichtingOPEN", "puntType": "balie", "materialen": ["batterijen", "lampen"], "uitbetaling": [], "vrijToegankelijk": false, "gemeenteBeperking": null, "openingstijden": null, "latitude": 52.632267, "longitude": 4.751939, "bronId": "SP00031270"}}, {"type": "Feature", "geometry": {"type": "Point", "coordinates": [4.747103, 52.631638]}, "properties": {"type": "inleverpunt", "locatieNaam": "Kruidvat Alkmaar", "straatNaam": "Langestraat", "straatNr": "66", "postcode": "1811 JJ", "plaats": "Alkmaar", "merk": "StichtingOPEN", "puntType": "balie", "materialen": ["batterijen", "lampen"], "uitbetaling": [], "vrijToegankelijk": false, "gemeenteBeperking": null, "openingstijden": null, "latitude": 52.631638, "longitude": 4.747103, "bronId": "SP00024793"}}, {"type": "Feature", "geometry": {"type": "Point", "coordinates": [4.744986, 52.630953]}, "properties": {"type": "inleverpunt", "locatieNaam": "Kruidvat Alkmaar", "straatNaam": "Laat", "straatNr": "217a", "postcode": "1811 EH", "plaats": "Alkmaar", "merk": "StichtingOPEN", "puntType": "balie", "materialen": ["batterijen", "lampen"], "uitbetaling": [], "vrijToegankelijk": false, "gemeenteBeperking": null, "openingstijden": null, "latitude": 52.630953, "longitude": 4.744986, "bronId": "SP00024792"}}, {"type": "Feature", "geometry": {"type": "Point", "coordinates": [4.75095, 52.633645]}, "properties": {"type": "inleverpunt", "locatieNaam": "1395 Albert Heijn Alkmaar", "straatNaam": "Noorderkade", "straatNr": "122", "postcode": "1823 CJ", "plaats": "Alkmaar", "merk": "StichtingOPEN", "puntType": "balie", "materialen": ["batterijen", "elektro-klein", "lampen"], "uitbetaling": [], "vrijToegankelijk": false, "gemeenteBeperking": null, "openingstijden": null, "latitude": 52.633645, "longitude": 4.75095, "bronId": "SP00023137"}}, {"type": "Feature", "geometry": {"type": "Point", "coordinates": [4.74519, 52.632168]}, "properties": {"type": "inleverpunt", "locatieNaam": "Xenos Alkmaar", "straatNaam": "Langestraat", "straatNr": "107", "postcode": "1811 JE", "plaats": "Alkmaar", "merk": "StichtingOPEN", "puntType": "balie", "materialen": ["batterijen", "lampen"], "uitbetaling": [], "vrijToegankelijk": false, "gemeenteBeperking": null, "openingstijden": null, "latitude": 52.632168, "longitude": 4.74519, "bronId": "SP00025720"}}, {"type": "Feature", "geometry": {"type": "Point", "coordinates": [4.750209, 52.634164]}, "properties": {"type": "inleverpunt", "locatieNaam": "Decathlon Alkmaar", "straatNaam": "Noorderkade", "straatNr": "126", "postcode": "1823 CJ", "plaats": "Alkmaar", "merk": "StichtingOPEN", "puntType": "balie", "materialen": ["batterijen", "elektro-klein"], "uitbetaling": [], "vrijToegankelijk": false, "gemeenteBeperking": null, "openingstijden": null, "latitude": 52.634164, "longitude": 4.750209, "bronId": "SP00033928"}}, {"type": "Feature", "geometry": {"type": "Point", "coordinates": [4.743826, 52.631752]}, "properties": {"type": "inleverpunt", "locatieNaam": "HiFi Klubben Alkmaar", "straatNaam": "Koorstraat", "straatNr": "22-24", "postcode": "1811 GP", "plaats": "Alkmaar", "merk": "StichtingOPEN", "puntType": "balie", "materialen": ["elektro-groot", "elektro-klein", "elektro-middel", "lampen"], "uitbetaling": [], "vrijToegankelijk": false, "gemeenteBeperking": null, "openingstijden": null, "latitude": 52.631752, "longitude": 4.743826, "bronId": "SP00026724"}}, {"type": "Feature", "geometry": {"type": "Point", "coordinates": [4.751986, 52.635152]}, "properties": {"type": "inleverpunt", "locatieNaam": "Aldi Alkmaar", "straatNaam": "Oosterweezenstraat", "straatNr": "19", "postcode": "1823 CN", "plaats": "Alkmaar", "merk": "StichtingOPEN", "puntType": "balie", "materialen": ["batterijen", "elektro-klein", "lampen"], "uitbetaling": [], "vrijToegankelijk": false, "gemeenteBeperking": null, "openingstijden": null, "latitude": 52.635152, "longitude": 4.751986, "bronId": "SP00027156"}}, {"type": "Feature", "geometry": {"type": "Point", "coordinates": [4.751496, 52.635311]}, "properties": {"type": "inleverpunt", "locatieNaam": "Action Alkmaar 1206", "straatNaam": "Oosterweezenstraat", "straatNr": "121", "postcode": "1823 CN", "plaats": "Alkmaar", "merk": "StichtingOPEN", "puntType": "balie", "materialen": ["batterijen", "lampen"], "uitbetaling": [], "vrijToegankelijk": false, "gemeenteBeperking": null, "openingstijden": null, "latitude": 52.635311, "longitude": 4.751496, "bronId": "SP00007783"}}, {"type": "Feature", "geometry": {"type": "Point", "coordinates": [4.789448, 52.649231]}, "properties": {"type": "inleverpunt", "locatieNaam": "Wouters Witgoed B.V.", "straatNaam": "Wezelkoog", "straatNr": "3", "postcode": "1822 BL", "plaats": "Alkmaar", "merk": "StichtingOPEN", "puntType": "balie", "materialen": ["elektro-groot", "elektro-middel"], "uitbetaling": [], "vrijToegankelijk": false, "gemeenteBeperking": null, "openingstijden": null, "latitude": 52.649231, "longitude": 4.789448, "bronId": "SP00032436"}}, {"type": "Feature", "geometry": {"type": "Point", "coordinates": [4.7522, 52.6359]}, "properties": {"type": "inleverpunt", "locatieNaam": "Leen Bakker Alkmaar", "straatNaam": "Huiswaarderplein", "straatNr": "8", "postcode": "1823 CP", "plaats": "Alkmaar", "merk": "StichtingOPEN", "puntType": "balie", "materialen": ["batterijen", "lampen"], "uitbetaling": [], "vrijToegankelijk": false, "gemeenteBeperking": null, "openingstijden": null, "latitude": 52.6359, "longitude": 4.7522, "bronId": "SP00030063"}}, {"type": "Feature", "geometry": {"type": "Point", "coordinates": [4.75725, 52.63816]}, "properties": {"type": "inleverpunt", "locatieNaam": "Albert Heijn Alkmaar", "straatNaam": "Stuivenbergheem", "straatNr": "15", "postcode": "1823 CP", "plaats": "Alkmaar", "merk": "StichtingOPEN", "puntType": "balie", "materialen": ["batterijen", "lampen"], "uitbetaling": [], "vrijToegankelijk": false, "gemeenteBeperking": null, "openingstijden": null, "latitude": 52.63816, "longitude": 4.75725, "bronId": "SP00030090"}}, {"type": "Feature", "geometry": {"type": "Point", "coordinates": [4.745242, 52.633669]}, "properties": {"type": "inleverpunt", "locatieNaam": "Jumbo Alkmaar", "straatNaam": "Paardenmarkt", "straatNr": "2", "postcode": "1811 KH", "plaats": "Alkmaar", "merk": "StichtingOPEN", "puntType": "balie", "materialen": ["batterijen", "lampen"], "uitbetaling": [], "vrijToegankelijk": false, "gemeenteBeperking": null, "openingstijden": null, "latitude": 52.633669, "longitude": 4.745242, "bronId": "SP00025341"}}, {"type": "Feature", "geometry": {"type": "Point", "coordinates": [4.749946, 52.635587]}, "properties": {"type": "inleverpunt", "locatieNaam": "Media Markt Alkmaar", "straatNaam": "Noorderkade", "straatNr": "1027", "postcode": "1823 CJ", "plaats": "Alkmaar", "merk": "StichtingOPEN", "puntType": "balie", "materialen": ["elektro-middel", "lampen"], "uitbetaling": [], "vrijToegankelijk": false, "gemeenteBeperking": null, "openingstijden": null, "latitude": 52.635587, "longitude": 4.749946, "bronId": "SP00003289"}}, {"type": "Feature", "geometry": {"type": "Point", "coordinates": [4.752016, 52.637183]}, "properties": {"type": "inleverpunt", "locatieNaam": "KARWEI Alkmaar", "straatNaam": "Koedijkerstraat", "straatNr": "1", "postcode": "1823 CR", "plaats": "Alkmaar", "merk": "StichtingOPEN", "puntType": "balie", "materialen": ["elektro-middel", "lampen", "tl-buizen"], "uitbetaling": [], "vrijToegankelijk": false, "gemeenteBeperking": null, "openingstijden": null, "latitude": 52.637183, "longitude": 4.752016, "bronId": "SP00001004"}}, {"type": "Feature", "geometry": {"type": "Point", "coordinates": [4.721967, 52.626336]}, "properties": {"type": "inleverpunt", "locatieNaam": "Aldi Alkmaar", "straatNaam": "Vincent van Goghlaan", "straatNr": "1", "postcode": "1816 VM", "plaats": "Alkmaar", "merk": "StichtingOPEN", "puntType": "balie", "materialen": ["batterijen", "elektro-klein", "lampen"], "uitbetaling": [], "vrijToegankelijk": false, "gemeenteBeperking": null, "openingstijden": null, "latitude": 52.626336, "longitude": 4.721967, "bronId": "SP00027155"}}, {"type": "Feature", "geometry": {"type": "Point", "coordinates": [4.738191, 52.634996]}, "properties": {"type": "inleverpunt", "locatieNaam": "Radio Bakker Alkmaar", "straatNaam": "Groenelaantje", "straatNr": "52-54", "postcode": "1815 VA", "plaats": "Alkmaar", "merk": "StichtingOPEN", "puntType": "balie", "materialen": ["elektro-middel"], "uitbetaling": [], "vrijToegankelijk": false, "gemeenteBeperking": null, "openingstijden": null, "latitude": 52.634996, "longitude": 4.738191, "bronId": "SP00004638"}}, {"type": "Feature", "geometry": {"type": "Point", "coordinates": [4.759296, 52.645581]}, "properties": {"type": "inleverpunt", "locatieNaam": "Jumbo Alkmaar", "straatNaam": "Winkelwaard", "straatNr": "486", "postcode": "1824 HX", "plaats": "Alkmaar", "merk": "StichtingOPEN", "puntType": "balie", "materialen": ["batterijen", "lampen"], "uitbetaling": [], "vrijToegankelijk": false, "gemeenteBeperking": null, "openingstijden": null, "latitude": 52.645581, "longitude": 4.759296, "bronId": "SP00025343"}}, {"type": "Feature", "geometry": {"type": "Point", "coordinates": [4.723199, 52.631627]}, "properties": {"type": "inleverpunt", "locatieNaam": "1067 Albert Heijn Alkmaar", "straatNaam": "Van Ostadelaan", "straatNr": "294", "postcode": "1816 JH", "plaats": "Alkmaar", "merk": "StichtingOPEN", "puntType": "balie", "materialen": ["batterijen", "elektro-klein", "lampen"], "uitbetaling": [], "vrijToegankelijk": false, "gemeenteBeperking": null, "openingstijden": null, "latitude": 52.631627, "longitude": 4.723199, "bronId": "SP00023136"}}, {"type": "Feature", "geometry": {"type": "Point", "coordinates": [4.724855, 52.632617]}, "properties": {"type": "inleverpunt", "locatieNaam": "Vomar Alkmaar", "straatNaam": "Van Ostadelaan", "straatNr": "296", "postcode": "1816 JH", "plaats": "Alkmaar", "merk": "StichtingOPEN", "puntType": "balie", "materialen": ["batterijen", "lampen"], "uitbetaling": [], "vrijToegankelijk": false, "gemeenteBeperking": null, "openingstijden": null, "latitude": 52.632617, "longitude": 4.724855, "bronId": "SP00025786"}}, {"type": "Feature", "geometry": {"type": "Point", "coordinates": [4.72445, 52.63293]}, "properties": {"type": "inleverpunt", "locatieNaam": "Kruidvat Alkmaar", "straatNaam": "Van Ostadelaan", "straatNr": "260", "postcode": "1816 JG", "plaats": "Alkmaar", "merk": "StichtingOPEN", "puntType": "balie", "materialen": ["batterijen", "lampen"], "uitbetaling": [], "vrijToegankelijk": false, "gemeenteBeperking": null, "openingstijden": null, "latitude": 52.63293, "longitude": 4.72445, "bronId": "SP00029597"}}, {"type": "Feature", "geometry": {"type": "Point", "coordinates": [4.749108, 52.645546]}, "properties": {"type": "inleverpunt", "locatieNaam": "Jumbo Alkmaar", "straatNaam": "Muiderwaard", "straatNr": "416", "postcode": "1824 XT", "plaats": "Alkmaar", "merk": "StichtingOPEN", "puntType": "balie", "materialen": ["batterijen", "lampen"], "uitbetaling": [], "vrijToegankelijk": false, "gemeenteBeperking": null, "openingstijden": null, "latitude": 52.645546, "longitude": 4.749108, "bronId": "SP00025342"}}, {"type": "Feature", "geometry": {"type": "Point", "coordinates": [4.733869, 52.644654]}, "properties": {"type": "inleverpunt", "locatieNaam": "Vomar Alkmaar", "straatNaam": "Bellinistraat", "straatNr": "71", "postcode": "1817 JM", "plaats": "Alkmaar", "merk": "StichtingOPEN", "puntType": "balie", "materialen": ["batterijen", "lampen"], "uitbetaling": [], "vrijToegankelijk": false, "gemeenteBeperking": null, "openingstijden": null, "latitude": 52.644654, "longitude": 4.733869, "bronId": "SP00025752"}}, {"type": "Feature", "geometry": {"type": "Point", "coordinates": [4.757528, 52.654594]}, "properties": {"type": "inleverpunt", "locatieNaam": "1403 Albert Heijn Alkmaar", "straatNaam": "Europaboulevard", "straatNr": "26", "postcode": "1825 SB", "plaats": "Alkmaar", "merk": "StichtingOPEN", "puntType": "balie", "materialen": ["batterijen"], "uitbetaling": [], "vrijToegankelijk": false, "gemeenteBeperking": null, "openingstijden": null, "latitude": 52.654594, "longitude": 4.757528, "bronId": "SP00023141"}}, {"type": "Feature", "geometry": {"type": "Point", "coordinates": [4.75713, 52.654493]}, "properties": {"type": "inleverpunt", "locatieNaam": "Action Alkmaar", "straatNaam": "Europaboulevard", "straatNr": "177-191", "postcode": "1825 RE", "plaats": "Alkmaar", "merk": "StichtingOPEN", "puntType": "balie", "materialen": ["batterijen", "lampen"], "uitbetaling": [], "vrijToegankelijk": false, "gemeenteBeperking": null, "openingstijden": null, "latitude": 52.654493, "longitude": 4.75713, "bronId": "SP00025513"}}, {"type": "Feature", "geometry": {"type": "Point", "coordinates": [4.757672, 52.655375]}, "properties": {"type": "inleverpunt", "locatieNaam": "Dekamarkt Alkmaar", "straatNaam": "Europaplein", "straatNr": "53", "postcode": "1825 TL", "plaats": "Alkmaar", "merk": "StichtingOPEN", "puntType": "balie", "materialen": ["batterijen", "elektro-klein", "lampen"], "uitbetaling": [], "vrijToegankelijk": false, "gemeenteBeperking": null, "openingstijden": null, "latitude": 52.655375, "longitude": 4.757672, "bronId": "SP00023708"}}, {"type": "Feature", "geometry": {"type": "Point", "coordinates": [4.75579, 52.65516]}, "properties": {"type": "inleverpunt", "locatieNaam": "Kruidvat Alkmaar", "straatNaam": "Europaboulevard", "straatNr": "347", "postcode": "1825 RK", "plaats": "Alkmaar", "merk": "StichtingOPEN", "puntType": "balie", "materialen": ["batterijen", "lampen"], "uitbetaling": [], "vrijToegankelijk": false, "gemeenteBeperking": null, "openingstijden": null, "latitude": 52.65516, "longitude": 4.75579, "bronId": "SP00024795"}}, {"type": "Feature", "geometry": {"type": "Point", "coordinates": [4.757114, 52.656537]}, "properties": {"type": "inleverpunt", "locatieNaam": "Lidl Alkmaar", "straatNaam": "Europaboulevard", "straatNr": "354", "postcode": "1825 SV", "plaats": "Alkmaar", "merk": "StichtingOPEN", "puntType": "balie", "materialen": ["batterijen", "lampen"], "uitbetaling": [], "vrijToegankelijk": false, "gemeenteBeperking": null, "openingstijden": null, "latitude": 52.656537, "longitude": 4.757114, "bronId": "SP00025653"}}, {"type": "Feature", "geometry": {"type": "Point", "coordinates": [4.76664, 52.66593]}, "properties": {"type": "inleverpunt", "locatieNaam": "Kruidvat Alkmaar", "straatNaam": "Johanna Naberstraat", "straatNr": "59-61", "postcode": "1827 LB", "plaats": "Alkmaar", "merk": "StichtingOPEN", "puntType": "balie", "materialen": ["batterijen", "lampen"], "uitbetaling": [], "vrijToegankelijk": false, "gemeenteBeperking": null, "openingstijden": null, "latitude": 52.66593, "longitude": 4.76664, "bronId": "SP00029504"}}, {"type": "Feature", "geometry": {"type": "Point", "coordinates": [4.766078, 52.665968]}, "properties": {"type": "inleverpunt", "locatieNaam": "Jumbo Alkmaar", "straatNaam": "Johanna Naberstraat", "straatNr": "49-51", "postcode": "1827 LB", "plaats": "Alkmaar", "merk": "StichtingOPEN", "puntType": "balie", "materialen": ["batterijen", "elektro-klein", "lampen"], "uitbetaling": [], "vrijToegankelijk": false, "gemeenteBeperking": null, "openingstijden": null, "latitude": 52.665968, "longitude": 4.766078, "bronId": "SP00025451"}}, {"type": "Feature", "geometry": {"type": "Point", "coordinates": [4.758803, 52.612765]}, "properties": {"type": "inleverpunt", "locatieNaam": "HVC ABS Alkmaar", "straatNaam": "Diamantweg", "straatNr": "16", "postcode": "1812 RC", "plaats": "Alkmaar", "merk": "StichtingOPEN", "puntType": "milieustraat", "materialen": ["batterijen", "elektro-groot", "elektro-klein", "elektro-middel", "lampen", "tl-buizen"], "uitbetaling": [], "vrijToegankelijk": false, "gemeenteBeperking": ["Alkmaar"], "openingstijden": null, "latitude": 52.612765, "longitude": 4.758803, "bronId": "SP00039136"}}, {"type": "Feature", "geometry": {"type": "Point", "coordinates": [4.8456227, 52.5501824]}, "properties": {"type": "inleverpunt", "locatieNaam": "JorPhone", "straatNaam": "De Volger", "straatNr": "20", "postcode": "1483 GA", "plaats": "De Rijp", "merk": "Stibat", "puntType": "inzamelbak", "materialen": ["batterijen"], "uitbetaling": [], "vrijToegankelijk": false, "gemeenteBeperking": null, "openingstijden": null, "latitude": 52.5501824, "longitude": 4.8456227, "bronId": "L040348"}}, {"type": "Feature", "geometry": {"type": "Point", "coordinates": [4.8466242, 52.5505772]}, "properties": {"type": "inleverpunt", "locatieNaam": "BIKE TOTAAL CO SCHIPPER", "straatNaam": "De Volger", "straatNr": "10A", "postcode": "1483 GA", "plaats": "De Rijp", "merk": "Stibat", "puntType": "inzamelbak", "materialen": ["batterijen"], "uitbetaling": [], "vrijToegankelijk": false, "gemeenteBeperking": null, "openingstijden": null, "latitude": 52.5505772, "longitude": 4.8466242, "bronId": "L032780"}}, {"type": "Feature", "geometry": {"type": "Point", "coordinates": [4.8463173, 52.5505946]}, "properties": {"type": "inleverpunt", "locatieNaam": "Rijper Wieler Boetiek", "straatNaam": "De Volger", "straatNr": "10A", "postcode": "1483 GA", "plaats": "De Rijp", "merk": "Stibat", "puntType": "inzamelbak", "materialen": ["batterijen"], "uitbetaling": [], "vrijToegankelijk": false, "gemeenteBeperking": null, "openingstijden": null, "latitude": 52.5505946, "longitude": 4.8463173, "bronId": "L044293"}}, {"type": "Feature", "geometry": {"type": "Point", "coordinates": [4.8450982, 52.5503893]}, "properties": {"type": "inleverpunt", "locatieNaam": "Shell", "straatNaam": "Zuiddijk", "straatNr": "2H", "postcode": "1483 MA", "plaats": "De Rijp", "merk": "Stibat", "puntType": "inzamelbak", "materialen": ["batterijen"], "uitbetaling": [], "vrijToegankelijk": false, "gemeenteBeperking": null, "openingstijden": null, "latitude": 52.5503893, "longitude": 4.8450982, "bronId": "L035135"}}, {"type": "Feature", "geometry": {"type": "Point", "coordinates": [4.8461505, 52.5510297]}, "properties": {"type": "inleverpunt", "locatieNaam": "Gemeentewerf De Rijp", "straatNaam": "De Volger", "straatNr": "6", "postcode": "1483 GA", "plaats": "De Rijp", "merk": "Stibat", "puntType": "inzamelbak", "materialen": ["batterijen"], "uitbetaling": [], "vrijToegankelijk": false, "gemeenteBeperking": null, "openingstijden": null, "latitude": 52.5510297, "longitude": 4.8461505, "bronId": "L035587"}}, {"type": "Feature", "geometry": {"type": "Point", "coordinates": [4.8453704, 52.5513205]}, "properties": {"type": "inleverpunt", "locatieNaam": "De Haan", "straatNaam": "Zuiddijk", "straatNr": "2h", "postcode": "1483 MA", "plaats": "De Rijp", "merk": "Stibat", "puntType": "inzamelbak", "materialen": ["batterijen"], "uitbetaling": [], "vrijToegankelijk": false, "gemeenteBeperking": null, "openingstijden": null, "latitude": 52.5513205, "longitude": 4.8453704, "bronId": "L044829"}}, {"type": "Feature", "geometry": {"type": "Point", "coordinates": [4.8493935, 52.5597742]}, "properties": {"type": "inleverpunt", "locatieNaam": "Green Mobility Center", "straatNaam": "Kleine Dam", "straatNr": "2", "postcode": "1483 BJ", "plaats": "De Rijp", "merk": "Stibat", "puntType": "inzamelbak", "materialen": ["batterijen"], "uitbetaling": [], "vrijToegankelijk": false, "gemeenteBeperking": null, "openingstijden": null, "latitude": 52.5597742, "longitude": 4.8493935, "bronId": "L048942"}}, {"type": "Feature", "geometry": {"type": "Point", "coordinates": [4.8444819, 52.5590685]}, "properties": {"type": "inleverpunt", "locatieNaam": "DA", "straatNaam": "Driemaster", "straatNr": "11", "postcode": "1483 WB", "plaats": "De Rijp", "merk": "Stibat", "puntType": "inzamelbak", "materialen": ["batterijen"], "uitbetaling": [], "vrijToegankelijk": false, "gemeenteBeperking": null, "openingstijden": null, "latitude": 52.5590685, "longitude": 4.8444819, "bronId": "L027501"}}, {"type": "Feature", "geometry": {"type": "Point", "coordinates": [4.8439494, 52.5592256]}, "properties": {"type": "inleverpunt", "locatieNaam": "PLUS", "straatNaam": "Driemaster", "straatNr": "3", "postcode": "1483 WB", "plaats": "De Rijp", "merk": "Stibat", "puntType": "inzamelbak", "materialen": ["batterijen"], "uitbetaling": [], "vrijToegankelijk": false, "gemeenteBeperking": null, "openingstijden": null, "latitude": 52.5592256, "longitude": 4.8439494, "bronId": "L011797"}}, {"type": "Feature", "geometry": {"type": "Point", "coordinates": [4.833094, 52.5625475]}, "properties": {"type": "inleverpunt", "locatieNaam": "Camping Welgelegen", "straatNaam": "Raadhuisstraat", "straatNr": "24a", "postcode": "1484 EN", "plaats": "Graft", "merk": "Stibat", "puntType": "inzamelbak", "materialen": ["batterijen"], "uitbetaling": [], "vrijToegankelijk": false, "gemeenteBeperking": null, "openingstijden": null, "latitude": 52.5625475, "longitude": 4.833094, "bronId": "L009445"}}, {"type": "Feature", "geometry": {"type": "Point", "coordinates": [4.8910067, 52.6005528]}, "properties": {"type": "inleverpunt", "locatieNaam": "GreenMillpc", "straatNaam": "Oosteinde", "straatNr": "17a", "postcode": "1636 XR", "plaats": "Schermerhorn", "merk": "Stibat", "puntType": "inzamelbak", "materialen": ["batterijen"], "uitbetaling": [], "vrijToegankelijk": false, "gemeenteBeperking": null, "openingstijden": null, "latitude": 52.6005528, "longitude": 4.8910067, "bronId": "L042899"}}, {"type": "Feature", "geometry": {"type": "Point", "coordinates": [4.8216171, 52.6128907]}, "properties": {"type": "inleverpunt", "locatieNaam": "Primera", "straatNaam": "Schermerplein", "straatNr": "16-17", "postcode": "1841 GX", "plaats": "Stompetoren", "merk": "Stibat", "puntType": "inzamelbak", "materialen": ["batterijen"], "uitbetaling": [], "vrijToegankelijk": false, "gemeenteBeperking": null, "openingstijden": null, "latitude": 52.6128907, "longitude": 4.8216171, "bronId": "L045536"}}, {"type": "Feature", "geometry": {"type": "Point", "coordinates": [4.8216171, 52.6128907]}, "properties": {"type": "inleverpunt", "locatieNaam": "Dekamarkt", "straatNaam": "Schermeerplein", "straatNr": "15", "postcode": "1841 GX", "plaats": "Stompetoren", "merk": "Stibat", "puntType": "inzamelbak", "materialen": ["batterijen"], "uitbetaling": [], "vrijToegankelijk": false, "gemeenteBeperking": null, "openingstijden": null, "latitude": 52.6128907, "longitude": 4.8216171, "bronId": "L032404"}}, {"type": "Feature", "geometry": {"type": "Point", "coordinates": [4.7504922, 52.6047174]}, "properties": {"type": "inleverpunt", "locatieNaam": "Vomar Hoofdkantoor", "straatNaam": "Opaalstraat", "straatNr": "15", "postcode": "1812 RH", "plaats": "Alkmaar", "merk": "Stibat", "puntType": "inzamelbak", "materialen": ["batterijen"], "uitbetaling": [], "vrijToegankelijk": false, "gemeenteBeperking": null, "openingstijden": null, "latitude": 52.6047174, "longitude": 4.7504922, "bronId": "L010930"}}, {"type": "Feature", "geometry": {"type": "Point", "coordinates": [4.7546124, 52.6065021]}, "properties": {"type": "inleverpunt", "locatieNaam": "Techprof Alkmaar BV", "straatNaam": "Diamantweg", "straatNr": "19", "postcode": "1812 RC", "plaats": "Alkmaar", "merk": "Stibat", "puntType": "inzamelbak", "materialen": ["batterijen"], "uitbetaling": [], "vrijToegankelijk": false, "gemeenteBeperking": null, "openingstijden": null, "latitude": 52.6065021, "longitude": 4.7546124, "bronId": "L044072"}}, {"type": "Feature", "geometry": {"type": "Point", "coordinates": [4.7544104, 52.6065269]}, "properties": {"type": "inleverpunt", "locatieNaam": "Groenhart gereedschappen, ijzerwaren", "straatNaam": "Diamantweg", "straatNr": "17", "postcode": "1812 RC", "plaats": "Alkmaar", "merk": "Stibat", "puntType": "inzamelbak", "materialen": ["batterijen"], "uitbetaling": [], "vrijToegankelijk": false, "gemeenteBeperking": null, "openingstijden": null, "latitude": 52.6065269, "longitude": 4.7544104, "bronId": "L039247"}}, {"type": "Feature", "geometry": {"type": "Point", "coordinates": [4.757586, 52.6113601]}, "properties": {"type": "inleverpunt", "locatieNaam": "Isero Alkmaar", "straatNaam": "Ivoorstraat", "straatNr": "2", "postcode": "1812 RE", "plaats": "Alkmaar", "merk": "Stibat", "puntType": "inzamelbak", "materialen": ["batterijen"], "uitbetaling": [], "vrijToegankelijk": false, "gemeenteBeperking": null, "openingstijden": null, "latitude": 52.6113601, "longitude": 4.757586, "bronId": "L045903"}}, {"type": "Feature", "geometry": {"type": "Point", "coordinates": [4.7529231, 52.6102184]}, "properties": {"type": "inleverpunt", "locatieNaam": "Bouwmaat", "straatNaam": "Ivoorstraat", "straatNr": "19", "postcode": "1812 RE", "plaats": "Alkmaar", "merk": "Stibat", "puntType": "inzamelbak", "materialen": ["batterijen"], "uitbetaling": [], "vrijToegankelijk": false, "gemeenteBeperking": null, "openingstijden": null, "latitude": 52.6102184, "longitude": 4.7529231, "bronId": "L028000"}}, {"type": "Feature", "geometry": {"type": "Point", "coordinates": [4.7528255, 52.6103801]}, "properties": {"type": "inleverpunt", "locatieNaam": "Bouwmaat", "straatNaam": "Ivoorstraat", "straatNr": "19", "postcode": "1812 RE", "plaats": "Alkmaar", "merk": "Stibat", "puntType": "inzamelbak", "materialen": ["batterijen"], "uitbetaling": [], "vrijToegankelijk": false, "gemeenteBeperking": null, "openingstijden": null, "latitude": 52.6103801, "longitude": 4.7528255, "bronId": "L046493"}}, {"type": "Feature", "geometry": {"type": "Point", "coordinates": [4.7668721, 52.6159507]}, "properties": {"type": "inleverpunt", "locatieNaam": "Sligro", "straatNaam": "Laanenderweg", "straatNr": "9", "postcode": "1812 PW", "plaats": "Alkmaar", "merk": "Stibat", "puntType": "inzamelbak", "materialen": ["batterijen"], "uitbetaling": [], "vrijToegankelijk": false, "gemeenteBeperking": null, "openingstijden": null, "latitude": 52.6159507, "longitude": 4.7668721, "bronId": "L026298"}}, {"type": "Feature", "geometry": {"type": "Point", "coordinates": [4.7668986, 52.6177852]}, "properties": {"type": "inleverpunt", "locatieNaam": "Business Center", "straatNaam": "Koelmalaan", "straatNr": "350", "postcode": "1812 PS", "plaats": "Alkmaar", "merk": "Stibat", "puntType": "inzamelbak", "materialen": ["batterijen"], "uitbetaling": [], "vrijToegankelijk": false, "gemeenteBeperking": null, "openingstijden": null, "latitude": 52.6177852, "longitude": 4.7668986, "bronId": "L010363"}}, {"type": "Feature", "geometry": {"type": "Point", "coordinates": [4.7739524, 52.621115]}, "properties": {"type": "inleverpunt", "locatieNaam": "Gamma", "straatNaam": "Omval", "straatNr": "57", "postcode": "1812 NA", "plaats": "Alkmaar", "merk": "Stibat", "puntType": "inzamelbak", "materialen": ["batterijen"], "uitbetaling": [], "vrijToegankelijk": false, "gemeenteBeperking": null, "openingstijden": null, "latitude": 52.621115, "longitude": 4.7739524, "bronId": "L007128"}}, {"type": "Feature", "geometry": {"type": "Point", "coordinates": [4.7753172, 52.6217089]}, "properties": {"type": "inleverpunt", "locatieNaam": "Ranzijn Alkmaar", "straatNaam": "Omval", "straatNr": "55", "postcode": "1812 NA", "plaats": "Alkmaar", "merk": "Stibat", "puntType": "inzamelbak", "materialen": ["batterijen"], "uitbetaling": [], "vrijToegankelijk": false, "gemeenteBeperking": null, "openingstijden": null, "latitude": 52.6217089, "longitude": 4.7753172, "bronId": "L032613"}}, {"type": "Feature", "geometry": {"type": "Point", "coordinates": [4.7632654, 52.6176565]}, "properties": {"type": "inleverpunt", "locatieNaam": "Toolstation", "straatNaam": "Koelmalaan", "straatNr": "330", "postcode": "1812 PS", "plaats": "Alkmaar", "merk": "Stibat", "puntType": "inzamelbak", "materialen": ["batterijen"], "uitbetaling": [], "vrijToegankelijk": false, "gemeenteBeperking": null, "openingstijden": null, "latitude": 52.6176565, "longitude": 4.7632654, "bronId": "L042544"}}, {"type": "Feature", "geometry": {"type": "Point", "coordinates": [4.7615476, 52.6180217]}, "properties": {"type": "inleverpunt", "locatieNaam": "Bo-Mij", "straatNaam": "Koelmalaan", "straatNr": "320", "postcode": "1812 PS", "plaats": "Alkmaar", "merk": "Stibat", "puntType": "inzamelbak", "materialen": ["batterijen"], "uitbetaling": [], "vrijToegankelijk": false, "gemeenteBeperking": null, "openingstijden": null, "latitude": 52.6180217, "longitude": 4.7615476, "bronId": "L028510"}}, {"type": "Feature", "geometry": {"type": "Point", "coordinates": [4.7609514, 52.6186363]}, "properties": {"type": "inleverpunt", "locatieNaam": "Praxis Mega 2017", "straatNaam": "Koelmalaan", "straatNr": "39", "postcode": "1812 PR", "plaats": "Alkmaar", "merk": "Stibat", "puntType": "inzamelbak", "materialen": ["batterijen"], "uitbetaling": [], "vrijToegankelijk": false, "gemeenteBeperking": null, "openingstijden": null, "latitude": 52.6186363, "longitude": 4.7609514, "bronId": "L015989"}}, {"type": "Feature", "geometry": {"type": "Point", "coordinates": [4.7618144, 52.6200663]}, "properties": {"type": "inleverpunt", "locatieNaam": "Afvalbrengplaats Alkmaar en Schermer", "straatNaam": "Kitmanstraat", "straatNr": "26", "postcode": "1812 PM", "plaats": "Alkmaar", "merk": "Stibat", "puntType": "inzamelbak", "materialen": ["batterijen"], "uitbetaling": [], "vrijToegankelijk": false, "gemeenteBeperking": null, "openingstijden": null, "latitude": 52.6200663, "longitude": 4.7618144, "bronId": "L035601"}}, {"type": "Feature", "geometry": {"type": "Point", "coordinates": [4.7718006, 52.6250515]}, "properties": {"type": "inleverpunt", "locatieNaam": "Repareer uw telefoon", "straatNaam": "Einthovenstraat", "straatNr": "113", "postcode": "1821 BV", "plaats": "Alkmaar", "merk": "Stibat", "puntType": "inzamelbak", "materialen": ["batterijen"], "uitbetaling": [], "vrijToegankelijk": false, "gemeenteBeperking": null, "openingstijden": null, "latitude": 52.6250515, "longitude": 4.7718006, "bronId": "L042630"}}, {"type": "Feature", "geometry": {"type": "Point", "coordinates": [4.7698413, 52.6257997]}, "properties": {"type": "inleverpunt", "locatieNaam": "Inktweb.nl", "straatNaam": "Prof. van der Waalsstraat", "straatNr": "2", "postcode": "1821 BT", "plaats": "Alkmaar", "merk": "Stibat", "puntType": "inzamelbak", "materialen": ["batterijen"], "uitbetaling": [], "vrijToegankelijk": false, "gemeenteBeperking": null, "openingstijden": null, "latitude": 52.6257997, "longitude": 4.7698413, "bronId": "L030566"}}, {"type": "Feature", "geometry": {"type": "Point", "coordinates": [4.7718947, 52.6267697]}, "properties": {"type": "inleverpunt", "locatieNaam": "Altoys", "straatNaam": "Edisonweg", "straatNr": "1F", "postcode": "1821 BN", "plaats": "Alkmaar", "merk": "Stibat", "puntType": "inzamelbak", "materialen": ["batterijen"], "uitbetaling": [], "vrijToegankelijk": false, "gemeenteBeperking": null, "openingstijden": null, "latitude": 52.6267697, "longitude": 4.7718947, "bronId": "L042698"}}, {"type": "Feature", "geometry": {"type": "Point", "coordinates": [4.7478629, 52.6186514]}, "properties": {"type": "inleverpunt", "locatieNaam": "Lidl", "straatNaam": "Boendalestraat", "straatNr": "6", "postcode": "1813 BT", "plaats": "Alkmaar", "merk": "Stibat", "puntType": "inzamelbak", "materialen": ["batterijen"], "uitbetaling": [], "vrijToegankelijk": false, "gemeenteBeperking": null, "openingstijden": null, "latitude": 52.6186514, "longitude": 4.7478629, "bronId": "L018794"}}, {"type": "Feature", "geometry": {"type": "Point", "coordinates": [4.7480043, 52.6193187]}, "properties": {"type": "inleverpunt", "locatieNaam": "1075 Albert Heijn", "straatNaam": "Geert Groteplein", "straatNr": "7", "postcode": "1813 BM", "plaats": "Alkmaar", "merk": "Stibat", "puntType": "inzamelbak", "materialen": ["batterijen"], "uitbetaling": [], "vrijToegankelijk": false, "gemeenteBeperking": null, "openingstijden": null, "latitude": 52.6193187, "longitude": 4.7480043, "bronId": "L006377"}}, {"type": "Feature", "geometry": {"type": "Point", "coordinates": [4.7481077, 52.6194307]}, "properties": {"type": "inleverpunt", "locatieNaam": "Primera", "straatNaam": "Geert Groteplein", "straatNr": "8", "postcode": "1813 BM", "plaats": "Alkmaar", "merk": "Stibat", "puntType": "inzamelbak", "materialen": ["batterijen"], "uitbetaling": [], "vrijToegankelijk": false, "gemeenteBeperking": null, "openingstijden": null, "latitude": 52.6194307, "longitude": 4.7481077, "bronId": "L039399"}}, {"type": "Feature", "geometry": {"type": "Point", "coordinates": [4.7481514, 52.6194759]}, "properties": {"type": "inleverpunt", "locatieNaam": "Kruidvat", "straatNaam": "Geert Groteplein", "straatNr": "9A", "postcode": "1813 BM", "plaats": "Alkmaar", "merk": "Stibat", "puntType": "inzamelbak", "materialen": ["batterijen"], "uitbetaling": [], "vrijToegankelijk": false, "gemeenteBeperking": null, "openingstijden": null, "latitude": 52.6194759, "longitude": 4.7481514, "bronId": "L036281"}}, {"type": "Feature", "geometry": {"type": "Point", "coordinates": [4.7479997, 52.619695]}, "properties": {"type": "inleverpunt", "locatieNaam": "Kruidvat", "straatNaam": "Koelmalaan", "straatNr": "10-18", "postcode": "1813 BS", "plaats": "Alkmaar", "merk": "Stibat", "puntType": "inzamelbak", "materialen": ["batterijen"], "uitbetaling": [], "vrijToegankelijk": false, "gemeenteBeperking": null, "openingstijden": null, "latitude": 52.619695, "longitude": 4.7479997, "bronId": "L031897"}}, {"type": "Feature", "geometry": {"type": "Point", "coordinates": [4.7517239, 52.625155]}, "properties": {"type": "inleverpunt", "locatieNaam": "DeAlkmaarseFietsenwinkel", "straatNaam": "Vondelstraat", "straatNr": "82", "postcode": "1814 AC", "plaats": "Alkmaar", "merk": "Stibat", "puntType": "inzamelbak", "materialen": ["batterijen"], "uitbetaling": [], "vrijToegankelijk": false, "gemeenteBeperking": null, "openingstijden": null, "latitude": 52.625155, "longitude": 4.7517239, "bronId": "L032065"}}, {"type": "Feature", "geometry": {"type": "Point", "coordinates": [4.7561922, 52.6273448]}, "properties": {"type": "inleverpunt", "locatieNaam": "Smorenberg", "straatNaam": "Voormeer", "straatNr": "12-14", "postcode": "1813 SB", "plaats": "Alkmaar", "merk": "Stibat", "puntType": "inzamelbak", "materialen": ["batterijen"], "uitbetaling": [], "vrijToegankelijk": false, "gemeenteBeperking": null, "openingstijden": null, "latitude": 52.6273448, "longitude": 4.7561922, "bronId": "L015242"}}, {"type": "Feature", "geometry": {"type": "Point", "coordinates": [4.7369687, 52.6197568]}, "properties": {"type": "inleverpunt", "locatieNaam": "Xenos", "straatNaam": "Wendelaarstraat", "straatNr": "1", "postcode": "1814 GR", "plaats": "Alkmaar", "merk": "Stibat", "puntType": "inzamelbak", "materialen": ["batterijen"], "uitbetaling": [], "vrijToegankelijk": false, "gemeenteBeperking": null, "openingstijden": null, "latitude": 52.6197568, "longitude": 4.7369687, "bronId": "L037049"}}, {"type": "Feature", "geometry": {"type": "Point", "coordinates": [4.7368082, 52.6197227]}, "properties": {"type": "inleverpunt", "locatieNaam": "7786 Etos", "straatNaam": "Wendelaarstraat", "straatNr": "1B", "postcode": "1814 GR", "plaats": "Alkmaar", "merk": "Stibat", "puntType": "inzamelbak", "materialen": ["batterijen"], "uitbetaling": [], "vrijToegankelijk": false, "gemeenteBeperking": null, "openingstijden": null, "latitude": 52.6197227, "longitude": 4.7368082, "bronId": "L025504"}}, {"type": "Feature", "geometry": {"type": "Point", "coordinates": [4.7368082, 52.6197227]}, "properties": {"type": "inleverpunt", "locatieNaam": "1385 Albert Heijn XL", "straatNaam": "Wendelaarstraat", "straatNr": "1", "postcode": "1814 GR", "plaats": "Alkmaar", "merk": "Stibat", "puntType": "inzamelbak", "materialen": ["batterijen"], "uitbetaling": [], "vrijToegankelijk": false, "gemeenteBeperking": null, "openingstijden": null, "latitude": 52.6197227, "longitude": 4.7368082, "bronId": "L006688"}}, {"type": "Feature", "geometry": {"type": "Point", "coordinates": [4.7361332, 52.619497]}, "properties": {"type": "inleverpunt", "locatieNaam": "HEMA Alkmaar Wendelaarstraat", "straatNaam": "Wendelaarstraat", "straatNr": "1-3", "postcode": "1814 GR", "plaats": "Alkmaar", "merk": "Stibat", "puntType": "inzamelbak", "materialen": ["batterijen"], "uitbetaling": [], "vrijToegankelijk": false, "gemeenteBeperking": null, "openingstijden": null, "latitude": 52.619497, "longitude": 4.7361332, "bronId": "L046809"}}, {"type": "Feature", "geometry": {"type": "Point", "coordinates": [4.7368427, 52.6199242]}, "properties": {"type": "inleverpunt", "locatieNaam": "1022 Action", "straatNaam": "Wendelaarstraat", "straatNr": "11", "postcode": "1814 GR", "plaats": "Alkmaar", "merk": "Stibat", "puntType": "inzamelbak", "materialen": ["batterijen"], "uitbetaling": [], "vrijToegankelijk": false, "gemeenteBeperking": null, "openingstijden": null, "latitude": 52.6199242, "longitude": 4.7368427, "bronId": "L018896"}}, {"type": "Feature", "geometry": {"type": "Point", "coordinates": [4.7429818, 52.6226716]}, "properties": {"type": "inleverpunt", "locatieNaam": "Makker Hoortoestellen Alkmaar", "straatNaam": "Frederik Hendriklaan", "straatNr": "10", "postcode": "1814 JP", "plaats": "Alkmaar", "merk": "Stibat", "puntType": "inzamelbak", "materialen": ["batterijen"], "uitbetaling": [], "vrijToegankelijk": false, "gemeenteBeperking": null, "openingstijden": null, "latitude": 52.6226716, "longitude": 4.7429818, "bronId": "L049630"}}, {"type": "Feature", "geometry": {"type": "Point", "coordinates": [4.7531057, 52.6271596]}, "properties": {"type": "inleverpunt", "locatieNaam": "Bike Action", "straatNaam": "Korte Vondelstraat", "straatNr": "8", "postcode": "1811 AE", "plaats": "Alkmaar", "merk": "Stibat", "puntType": "inzamelbak", "materialen": ["batterijen"], "uitbetaling": [], "vrijToegankelijk": false, "gemeenteBeperking": null, "openingstijden": null, "latitude": 52.6271596, "longitude": 4.7531057, "bronId": "L037317"}}, {"type": "Feature", "geometry": {"type": "Point", "coordinates": [4.753397, 52.6274488]}, "properties": {"type": "inleverpunt", "locatieNaam": "Spar", "straatNaam": "Korte Vondelstraat", "straatNr": "2-4", "postcode": "1811 AE", "plaats": "Alkmaar", "merk": "Stibat", "puntType": "inzamelbak", "materialen": ["batterijen"], "uitbetaling": [], "vrijToegankelijk": false, "gemeenteBeperking": null, "openingstijden": null, "latitude": 52.6274488, "longitude": 4.753397, "bronId": "L037190"}}, {"type": "Feature", "geometry": {"type": "Point", "coordinates": [4.7753406, 52.636084]}, "properties": {"type": "inleverpunt", "locatieNaam": "Spar", "straatNaam": "Nyenburgh", "straatNr": "99", "postcode": "1829 GC", "plaats": "Oudorp Nh", "merk": "Stibat", "puntType": "inzamelbak", "materialen": ["batterijen"], "uitbetaling": [], "vrijToegankelijk": false, "gemeenteBeperking": null, "openingstijden": null, "latitude": 52.636084, "longitude": 4.7753406, "bronId": "L010618"}}, {"type": "Feature", "geometry": {"type": "Point", "coordinates": [4.774478, 52.636131]}, "properties": {"type": "inleverpunt", "locatieNaam": "Floris Tweewielers", "straatNaam": "Herenweg", "straatNr": "85", "postcode": "1829 AC", "plaats": "Oudorp Nh", "merk": "Stibat", "puntType": "inzamelbak", "materialen": ["batterijen"], "uitbetaling": [], "vrijToegankelijk": false, "gemeenteBeperking": null, "openingstijden": null, "latitude": 52.636131, "longitude": 4.774478, "bronId": "L032855"}}, {"type": "Feature", "geometry": {"type": "Point", "coordinates": [4.7343325, 52.621012]}, "properties": {"type": "inleverpunt", "locatieNaam": "The Phone Lab", "straatNaam": "Kennemerstraatweg", "straatNr": "104", "postcode": "1815 LC", "plaats": "Alkmaar", "merk": "Stibat", "puntType": "inzamelbak", "materialen": ["batterijen"], "uitbetaling": [], "vrijToegankelijk": false, "gemeenteBeperking": null, "openingstijden": null, "latitude": 52.621012, "longitude": 4.7343325, "bronId": "L042765"}}, {"type": "Feature", "geometry": {"type": "Point", "coordinates": [4.7663215, 52.6339299]}, "properties": {"type": "inleverpunt", "locatieNaam": "8752 Albert Heijn", "straatNaam": "Oudorperplein", "straatNr": "27", "postcode": "1823 HA", "plaats": "Alkmaar", "merk": "Stibat", "puntType": "inzamelbak", "materialen": ["batterijen"], "uitbetaling": [], "vrijToegankelijk": false, "gemeenteBeperking": null, "openingstijden": null, "latitude": 52.6339299, "longitude": 4.7663215, "bronId": "L028020"}}, {"type": "Feature", "geometry": {"type": "Point", "coordinates": [4.7662314, 52.6345568]}, "properties": {"type": "inleverpunt", "locatieNaam": "Bruna", "straatNaam": "Oudorperplein", "straatNr": "48", "postcode": "1823 HA", "plaats": "Alkmaar", "merk": "Stibat", "puntType": "inzamelbak", "materialen": ["batterijen"], "uitbetaling": [], "vrijToegankelijk": false, "gemeenteBeperking": null, "openingstijden": null, "latitude": 52.6345568, "longitude": 4.7662314, "bronId": "L043161"}}, {"type": "Feature", "geometry": {"type": "Point", "coordinates": [4.7510134, 52.628865]}, "properties": {"type": "inleverpunt", "locatieNaam": "Profile Yvo Jonker", "straatNaam": "Laat", "straatNr": "49", "postcode": "1811 EB", "plaats": "Alkmaar", "merk": "Stibat", "puntType": "inzamelbak", "materialen": ["batterijen"], "uitbetaling": [], "vrijToegankelijk": false, "gemeenteBeperking": null, "openingstijden": null, "latitude": 52.628865, "longitude": 4.7510134, "bronId": "L032378"}}, {"type": "Feature", "geometry": {"type": "Point", "coordinates": [4.749561, 52.6294263]}, "properties": {"type": "inleverpunt", "locatieNaam": "Frits Postma &amp; Zn.", "straatNaam": "Laat", "straatNr": "99", "postcode": "1811 EC", "plaats": "Alkmaar", "merk": "Stibat", "puntType": "inzamelbak", "materialen": ["batterijen"], "uitbetaling": [], "vrijToegankelijk": false, "gemeenteBeperking": null, "openingstijden": null, "latitude": 52.6294263, "longitude": 4.749561, "bronId": "L018217"}}, {"type": "Feature", "geometry": {"type": "Point", "coordinates": [4.7478243, 52.6298213]}, "properties": {"type": "inleverpunt", "locatieNaam": "Jumbo", "straatNaam": "Laat", "straatNr": "143", "postcode": "1811 ED", "plaats": "Alkmaar", "merk": "Stibat", "puntType": "inzamelbak", "materialen": ["batterijen"], "uitbetaling": [], "vrijToegankelijk": false, "gemeenteBeperking": null, "openingstijden": null, "latitude": 52.6298213, "longitude": 4.7478243, "bronId": "L047984"}}, {"type": "Feature", "geometry": {"type": "Point", "coordinates": [4.7479723, 52.6303141]}, "properties": {"type": "inleverpunt", "locatieNaam": "Phone House", "straatNaam": "Payglop", "straatNr": "29", "postcode": "1811 HM", "plaats": "Alkmaar", "merk": "Stibat", "puntType": "inzamelbak", "materialen": ["batterijen"], "uitbetaling": [], "vrijToegankelijk": false, "gemeenteBeperking": null, "openingstijden": null, "latitude": 52.6303141, "longitude": 4.7479723, "bronId": "L022902"}}, {"type": "Feature", "geometry": {"type": "Point", "coordinates": [4.7472518, 52.6302103]}, "properties": {"type": "inleverpunt", "locatieNaam": "Specsavers", "straatNaam": "Laat", "straatNr": "153", "postcode": "1811 EE", "plaats": "Alkmaar", "merk": "Stibat", "puntType": "inzamelbak", "materialen": ["batterijen"], "uitbetaling": [], "vrijToegankelijk": false, "gemeenteBeperking": null, "openingstijden": null, "latitude": 52.6302103, "longitude": 4.7472518, "bronId": "L045009"}}, {"type": "Feature", "geometry": {"type": "Point", "coordinates": [4.7489999, 52.6309248]}, "properties": {"type": "inleverpunt", "locatieNaam": "DOUGLAS", "straatNaam": "Langestraat", "straatNr": "18", "postcode": "1811 JG", "plaats": "Alkmaar", "merk": "Stibat", "puntType": "inzamelbak", "materialen": ["batterijen"], "uitbetaling": [], "vrijToegankelijk": false, "gemeenteBeperking": null, "openingstijden": null, "latitude": 52.6309248, "longitude": 4.7489999, "bronId": "L049136"}}, {"type": "Feature", "geometry": {"type": "Point", "coordinates": [4.7852444, 52.6444115]}, "properties": {"type": "inleverpunt", "locatieNaam": "Picnic", "straatNaam": "Robbenkoog", "straatNr": "27", "postcode": "1822 BA", "plaats": "Alkmaar", "merk": "Stibat", "puntType": "inzamelbak", "materialen": ["batterijen"], "uitbetaling": [], "vrijToegankelijk": false, "gemeenteBeperking": null, "openingstijden": null, "latitude": 52.6444115, "longitude": 4.7852444, "bronId": "L043703"}}, {"type": "Feature", "geometry": {"type": "Point", "coordinates": [4.7471644, 52.6303003]}, "properties": {"type": "inleverpunt", "locatieNaam": "Zeeman", "straatNaam": "Laat", "straatNr": "157", "postcode": "1811 EE", "plaats": "Alkmaar", "merk": "Stibat", "puntType": "inzamelbak", "materialen": ["batterijen"], "uitbetaling": [], "vrijToegankelijk": false, "gemeenteBeperking": null, "openingstijden": null, "latitude": 52.6303003, "longitude": 4.7471644, "bronId": "L019985"}}, {"type": "Feature", "geometry": {"type": "Point", "coordinates": [4.7487464, 52.631008]}, "properties": {"type": "inleverpunt", "locatieNaam": "Stumpel", "straatNaam": "Langestraat", "straatNr": "24", "postcode": "1811 JG", "plaats": "Alkmaar", "merk": "Stibat", "puntType": "inzamelbak", "materialen": ["batterijen"], "uitbetaling": [], "vrijToegankelijk": false, "gemeenteBeperking": null, "openingstijden": null, "latitude": 52.631008, "longitude": 4.7487464, "bronId": "L045551"}}, {"type": "Feature", "geometry": {"type": "Point", "coordinates": [4.7468884, 52.630298]}, "properties": {"type": "inleverpunt", "locatieNaam": "Hans Anders", "straatNaam": "Laat", "straatNr": "167", "postcode": "1811 EE", "plaats": "Alkmaar", "merk": "Stibat", "puntType": "inzamelbak", "materialen": ["batterijen"], "uitbetaling": [], "vrijToegankelijk": false, "gemeenteBeperking": null, "openingstijden": null, "latitude": 52.630298, "longitude": 4.7468884, "bronId": "L040986"}}, {"type": "Feature", "geometry": {"type": "Point", "coordinates": [4.747406, 52.630519]}, "properties": {"type": "inleverpunt", "locatieNaam": "Intertoys", "straatNaam": "Laat", "straatNr": "122", "postcode": "1811 EL", "plaats": "Alkmaar", "merk": "Stibat", "puntType": "inzamelbak", "materialen": ["batterijen"], "uitbetaling": [], "vrijToegankelijk": false, "gemeenteBeperking": null, "openingstijden": null, "latitude": 52.630519, "longitude": 4.747406, "bronId": "L044927"}}, {"type": "Feature", "geometry": {"type": "Point", "coordinates": [4.7816652, 52.6433969]}, "properties": {"type": "inleverpunt", "locatieNaam": "WÜRTH shop Alkmaar", "straatNaam": "Berenkoog", "straatNr": "10", "postcode": "1822 BJ", "plaats": "Alkmaar", "merk": "Stibat", "puntType": "inzamelbak", "materialen": ["batterijen"], "uitbetaling": [], "vrijToegankelijk": false, "gemeenteBeperking": null, "openingstijden": null, "latitude": 52.6433969, "longitude": 4.7816652, "bronId": "L047352"}}, {"type": "Feature", "geometry": {"type": "Point", "coordinates": [4.7490877, 52.631501]}, "properties": {"type": "inleverpunt", "locatieNaam": "E-Plaza", "straatNaam": "Achterstraat", "straatNr": "52", "postcode": "1811 LJ", "plaats": "Alkmaar", "merk": "Stibat", "puntType": "inzamelbak", "materialen": ["batterijen"], "uitbetaling": [], "vrijToegankelijk": false, "gemeenteBeperking": null, "openingstijden": null, "latitude": 52.631501, "longitude": 4.7490877, "bronId": "L029656"}}, {"type": "Feature", "geometry": {"type": "Point", "coordinates": [4.742534, 52.6290881]}, "properties": {"type": "inleverpunt", "locatieNaam": "Beter Horen", "straatNaam": "Kennemerstraatweg", "straatNr": "7", "postcode": "1814 GA", "plaats": "Alkmaar", "merk": "Stibat", "puntType": "inzamelbak", "materialen": ["batterijen"], "uitbetaling": [], "vrijToegankelijk": false, "gemeenteBeperking": null, "openingstijden": null, "latitude": 52.6290881, "longitude": 4.742534, "bronId": "L016592"}}, {"type": "Feature", "geometry": {"type": "Point", "coordinates": [4.7460855, 52.6306227]}, "properties": {"type": "inleverpunt", "locatieNaam": "DA", "straatNaam": "Laat", "straatNr": "193", "postcode": "1811 EG", "plaats": "Alkmaar", "merk": "Stibat", "puntType": "inzamelbak", "materialen": ["batterijen"], "uitbetaling": [], "vrijToegankelijk": false, "gemeenteBeperking": null, "openingstijden": null, "latitude": 52.6306227, "longitude": 4.7460855, "bronId": "L024803"}}, {"type": "Feature", "geometry": {"type": "Point", "coordinates": [4.748654, 52.6316564]}, "properties": {"type": "inleverpunt", "locatieNaam": "Primera", "straatNaam": "Magdalenenstraat", "straatNr": "17A", "postcode": "1811 JR", "plaats": "Alkmaar", "merk": "Stibat", "puntType": "inzamelbak", "materialen": ["batterijen"], "uitbetaling": [], "vrijToegankelijk": false, "gemeenteBeperking": null, "openingstijden": null, "latitude": 52.6316564, "longitude": 4.748654, "bronId": "L023730"}}, {"type": "Feature", "geometry": {"type": "Point", "coordinates": [4.7424522, 52.6292603]}, "properties": {"type": "inleverpunt", "locatieNaam": "Schoonenberg hoorcomfort", "straatNaam": "Kennemerstraatweg", "straatNr": "3", "postcode": "1814 GA", "plaats": "Alkmaar", "merk": "Stibat", "puntType": "inzamelbak", "materialen": ["batterijen"], "uitbetaling": [], "vrijToegankelijk": false, "gemeenteBeperking": null, "openingstijden": null, "latitude": 52.6292603, "longitude": 4.7424522, "bronId": "L038048"}}, {"type": "Feature", "geometry": {"type": "Point", "coordinates": [4.7471512, 52.6313877]}, "properties": {"type": "inleverpunt", "locatieNaam": "7252 Etos", "straatNaam": "Langestraat", "straatNr": "65", "postcode": "1811 JH", "plaats": "Alkmaar", "merk": "Stibat", "puntType": "inzamelbak", "materialen": ["batterijen"], "uitbetaling": [], "vrijToegankelijk": false, "gemeenteBeperking": null, "openingstijden": null, "latitude": 52.6313877, "longitude": 4.7471512, "bronId": "L024165"}}, {"type": "Feature", "geometry": {"type": "Point", "coordinates": [4.7471308, 52.6316144]}, "properties": {"type": "inleverpunt", "locatieNaam": "Kruidvat", "straatNaam": "Langestraat", "straatNr": "66", "postcode": "1811 JJ", "plaats": "Alkmaar", "merk": "Stibat", "puntType": "inzamelbak", "materialen": ["batterijen"], "uitbetaling": [], "vrijToegankelijk": false, "gemeenteBeperking": null, "openingstijden": null, "latitude": 52.6316144, "longitude": 4.7471308, "bronId": "L016410"}}, {"type": "Feature", "geometry": {"type": "Point", "coordinates": [4.7448994, 52.6309771]}, "properties": {"type": "inleverpunt", "locatieNaam": "Kruidvat", "straatNaam": "De Laat", "straatNr": "217a", "postcode": "1811 EH", "plaats": "Alkmaar", "merk": "Stibat", "puntType": "inzamelbak", "materialen": ["batterijen"], "uitbetaling": [], "vrijToegankelijk": false, "gemeenteBeperking": null, "openingstijden": null, "latitude": 52.6309771, "longitude": 4.7448994, "bronId": "L015800"}}, {"type": "Feature", "geometry": {"type": "Point", "coordinates": [4.7467367, 52.6317946]}, "properties": {"type": "inleverpunt", "locatieNaam": "HEMA Langestraat", "straatNaam": "Langestraat", "straatNr": "72", "postcode": "1811 JJ", "plaats": "Alkmaar", "merk": "Stibat", "puntType": "inzamelbak", "materialen": ["batterijen"], "uitbetaling": [], "vrijToegankelijk": false, "gemeenteBeperking": null, "openingstijden": null, "latitude": 52.6317946, "longitude": 4.7467367, "bronId": "L005749"}}, {"type": "Feature", "geometry": {"type": "Point", "coordinates": [4.7512552, 52.6335936]}, "properties": {"type": "inleverpunt", "locatieNaam": "Decathlon", "straatNaam": "Noorderkade", "straatNr": "126", "postcode": "1823 CJ", "plaats": "Alkmaar", "merk": "Stibat", "puntType": "inzamelbak", "materialen": ["batterijen"], "uitbetaling": [], "vrijToegankelijk": false, "gemeenteBeperking": null, "openingstijden": null, "latitude": 52.6335936, "longitude": 4.7512552, "bronId": "L039379"}}, {"type": "Feature", "geometry": {"type": "Point", "coordinates": [4.7462737, 52.6317562]}, "properties": {"type": "inleverpunt", "locatieNaam": "Amac", "straatNaam": "Langestraat", "straatNr": "89", "postcode": "1811 JD", "plaats": "Alkmaar", "merk": "Stibat", "puntType": "inzamelbak", "materialen": ["batterijen"], "uitbetaling": [], "vrijToegankelijk": false, "gemeenteBeperking": null, "openingstijden": null, "latitude": 52.6317562, "longitude": 4.7462737, "bronId": "L043230"}}, {"type": "Feature", "geometry": {"type": "Point", "coordinates": [4.7445195, 52.6310994]}, "properties": {"type": "inleverpunt", "locatieNaam": "KPN winkel", "straatNaam": "Laat", "straatNr": "221", "postcode": "1811 EH", "plaats": "Alkmaar", "merk": "Stibat", "puntType": "inzamelbak", "materialen": ["batterijen"], "uitbetaling": [], "vrijToegankelijk": false, "gemeenteBeperking": null, "openingstijden": null, "latitude": 52.6310994, "longitude": 4.7445195, "bronId": "L006701"}}, {"type": "Feature", "geometry": {"type": "Point", "coordinates": [4.752012, 52.6344122]}, "properties": {"type": "inleverpunt", "locatieNaam": "Prenatal ALKMAAR", "straatNaam": "Kwakelkade", "straatNr": "10 B", "postcode": "1823 CK", "plaats": "Alkmaar", "merk": "Stibat", "puntType": "inzamelbak", "materialen": ["batterijen"], "uitbetaling": [], "vrijToegankelijk": false, "gemeenteBeperking": null, "openingstijden": null, "latitude": 52.6344122, "longitude": 4.752012, "bronId": "L039574"}}, {"type": "Feature", "geometry": {"type": "Point", "coordinates": [4.7523443, 52.6349017]}, "properties": {"type": "inleverpunt", "locatieNaam": "1206 Action", "straatNaam": "Oosterweezenstraat", "straatNr": "121", "postcode": "1823 CN", "plaats": "Alkmaar", "merk": "Stibat", "puntType": "inzamelbak", "materialen": ["batterijen"], "uitbetaling": [], "vrijToegankelijk": false, "gemeenteBeperking": null, "openingstijden": null, "latitude": 52.6349017, "longitude": 4.7523443, "bronId": "L027710"}}, {"type": "Feature", "geometry": {"type": "Point", "coordinates": [4.7451901, 52.632168]}, "properties": {"type": "inleverpunt", "locatieNaam": "Xenos", "straatNaam": "Langestraat", "straatNr": "107", "postcode": "1811 JE", "plaats": "Alkmaar", "merk": "Stibat", "puntType": "inzamelbak", "materialen": ["batterijen"], "uitbetaling": [], "vrijToegankelijk": false, "gemeenteBeperking": null, "openingstijden": null, "latitude": 52.632168, "longitude": 4.7451901, "bronId": "L036901"}}, {"type": "Feature", "geometry": {"type": "Point", "coordinates": [4.7511783, 52.6348006]}, "properties": {"type": "inleverpunt", "locatieNaam": "ToyChamp", "straatNaam": "Kwakelkade", "straatNr": "10d", "postcode": "1823 CK", "plaats": "Alkmaar", "merk": "Stibat", "puntType": "inzamelbak", "materialen": ["batterijen"], "uitbetaling": [], "vrijToegankelijk": false, "gemeenteBeperking": null, "openingstijden": null, "latitude": 52.6348006, "longitude": 4.7511783, "bronId": "L044436"}}, {"type": "Feature", "geometry": {"type": "Point", "coordinates": [4.7519861, 52.6351523]}, "properties": {"type": "inleverpunt", "locatieNaam": "Aldi", "straatNaam": "Oosterweezenstraat", "straatNr": "19", "postcode": "1823 CN", "plaats": "Alkmaar", "merk": "Stibat", "puntType": "inzamelbak", "materialen": ["batterijen"], "uitbetaling": [], "vrijToegankelijk": false, "gemeenteBeperking": null, "openingstijden": null, "latitude": 52.6351523, "longitude": 4.7519861, "bronId": "L041158"}}, {"type": "Feature", "geometry": {"type": "Point", "coordinates": [4.749637, 52.6343795]}, "properties": {"type": "inleverpunt", "locatieNaam": "ANWB", "straatNaam": "Noorderkade", "straatNr": "119", "postcode": "1823 CJ", "plaats": "Alkmaar", "merk": "Stibat", "puntType": "inzamelbak", "materialen": ["batterijen"], "uitbetaling": [], "vrijToegankelijk": false, "gemeenteBeperking": null, "openingstijden": null, "latitude": 52.6343795, "longitude": 4.749637, "bronId": "L044575"}}, {"type": "Feature", "geometry": {"type": "Point", "coordinates": [4.7543335, 52.6362497]}, "properties": {"type": "inleverpunt", "locatieNaam": "2228 Albert Heijn", "straatNaam": "Kwakelkade", "straatNr": "10e", "postcode": "1823 BJ", "plaats": "Alkmaar", "merk": "Stibat", "puntType": "inzamelbak", "materialen": ["batterijen"], "uitbetaling": [], "vrijToegankelijk": false, "gemeenteBeperking": null, "openingstijden": null, "latitude": 52.6362497, "longitude": 4.7543335, "bronId": "L043657"}}, {"type": "Feature", "geometry": {"type": "Point", "coordinates": [4.751952, 52.6354667]}, "properties": {"type": "inleverpunt", "locatieNaam": "Kwantum", "straatNaam": "Huiswaarderplein", "straatNr": "9", "postcode": "1823 CP", "plaats": "Alkmaar", "merk": "Stibat", "puntType": "inzamelbak", "materialen": ["batterijen"], "uitbetaling": [], "vrijToegankelijk": false, "gemeenteBeperking": null, "openingstijden": null, "latitude": 52.6354667, "longitude": 4.751952, "bronId": "L018036"}}, {"type": "Feature", "geometry": {"type": "Point", "coordinates": [4.7475387, 52.6337983]}, "properties": {"type": "inleverpunt", "locatieNaam": "Bever", "straatNaam": "Kanaalkade", "straatNr": "53", "postcode": "1811 LS", "plaats": "Alkmaar", "merk": "Stibat", "puntType": "inzamelbak", "materialen": ["batterijen"], "uitbetaling": [], "vrijToegankelijk": false, "gemeenteBeperking": null, "openingstijden": null, "latitude": 52.6337983, "longitude": 4.7475387, "bronId": "L020534"}}, {"type": "Feature", "geometry": {"type": "Point", "coordinates": [4.7471086, 52.6339179]}, "properties": {"type": "inleverpunt", "locatieNaam": "1 uur dubbel foto", "straatNaam": "Kanaalkade", "straatNr": "60", "postcode": "1811 LS", "plaats": "Alkmaar", "merk": "Stibat", "puntType": "inzamelbak", "materialen": ["batterijen"], "uitbetaling": [], "vrijToegankelijk": false, "gemeenteBeperking": null, "openingstijden": null, "latitude": 52.6339179, "longitude": 4.7471086, "bronId": "L013716"}}, {"type": "Feature", "geometry": {"type": "Point", "coordinates": [4.752206, 52.6359022]}, "properties": {"type": "inleverpunt", "locatieNaam": "Leen Bakker", "straatNaam": "Huiswaarderplein", "straatNr": "8", "postcode": "1823 CP", "plaats": "Alkmaar", "merk": "Stibat", "puntType": "inzamelbak", "materialen": ["batterijen"], "uitbetaling": [], "vrijToegankelijk": false, "gemeenteBeperking": null, "openingstijden": null, "latitude": 52.6359022, "longitude": 4.752206, "bronId": "L016923"}}, {"type": "Feature", "geometry": {"type": "Point", "coordinates": [4.750852, 52.635466]}, "properties": {"type": "inleverpunt", "locatieNaam": "Coolblue", "straatNaam": "Huiswaarderplein", "straatNr": "11B", "postcode": "1823 CP", "plaats": "Alkmaar", "merk": "Stibat", "puntType": "inzamelbak", "materialen": ["batterijen"], "uitbetaling": [], "vrijToegankelijk": false, "gemeenteBeperking": null, "openingstijden": null, "latitude": 52.635466, "longitude": 4.750852, "bronId": "L049692"}}, {"type": "Feature", "geometry": {"type": "Point", "coordinates": [4.745218, 52.6332916]}, "properties": {"type": "inleverpunt", "locatieNaam": "Fietsservice Alkmaar", "straatNaam": "Sint Sebastiaanstraat", "straatNr": "11", "postcode": "1811 PA", "plaats": "Alkmaar", "merk": "Stibat", "puntType": "inzamelbak", "materialen": ["batterijen"], "uitbetaling": [], "vrijToegankelijk": false, "gemeenteBeperking": null, "openingstijden": null, "latitude": 52.6332916, "longitude": 4.745218, "bronId": "L048878"}}, {"type": "Feature", "geometry": {"type": "Point", "coordinates": [4.7450345, 52.633743]}, "properties": {"type": "inleverpunt", "locatieNaam": "Jumbo", "straatNaam": "Paardenmarkt", "straatNr": "2", "postcode": "1811 KH", "plaats": "Alkmaar", "merk": "Stibat", "puntType": "inzamelbak", "materialen": ["batterijen"], "uitbetaling": [], "vrijToegankelijk": false, "gemeenteBeperking": null, "openingstijden": null, "latitude": 52.633743, "longitude": 4.7450345, "bronId": "L031962"}}, {"type": "Feature", "geometry": {"type": "Point", "coordinates": [4.7521825, 52.6367466]}, "properties": {"type": "inleverpunt", "locatieNaam": "Karwei", "straatNaam": "Koedijkerstraat", "straatNr": "1", "postcode": "1823 CR", "plaats": "Alkmaar", "merk": "Stibat", "puntType": "inzamelbak", "materialen": ["batterijen"], "uitbetaling": [], "vrijToegankelijk": false, "gemeenteBeperking": null, "openingstijden": null, "latitude": 52.6367466, "longitude": 4.7521825, "bronId": "L006193"}}, {"type": "Feature", "geometry": {"type": "Point", "coordinates": [4.7479003, 52.6357647]}, "properties": {"type": "inleverpunt", "locatieNaam": "MediaMarkt", "straatNaam": "Noorderkade", "straatNr": "172", "postcode": "1823 CJ", "plaats": "Alkmaar", "merk": "Stibat", "puntType": "inzamelbak", "materialen": ["batterijen"], "uitbetaling": [], "vrijToegankelijk": false, "gemeenteBeperking": null, "openingstijden": null, "latitude": 52.6357647, "longitude": 4.7479003, "bronId": "L020108"}}, {"type": "Feature", "geometry": {"type": "Point", "coordinates": [4.7539625, 52.6387792]}, "properties": {"type": "inleverpunt", "locatieNaam": "Kringloopwinkel RataPlan Alkmaar", "straatNaam": "Zijperstraat", "straatNr": "46-50", "postcode": "1823 CX", "plaats": "Alkmaar", "merk": "Stibat", "puntType": "inzamelbak", "materialen": ["batterijen"], "uitbetaling": [], "vrijToegankelijk": false, "gemeenteBeperking": null, "openingstijden": null, "latitude": 52.6387792, "longitude": 4.7539625, "bronId": "L045277"}}, {"type": "Feature", "geometry": {"type": "Point", "coordinates": [4.7554735, 52.6394062]}, "properties": {"type": "inleverpunt", "locatieNaam": "Theo Schilder Tweewielers", "straatNaam": "Koedijkerstraat", "straatNr": "31", "postcode": "1823 CR", "plaats": "Alkmaar", "merk": "Stibat", "puntType": "inzamelbak", "materialen": ["batterijen"], "uitbetaling": [], "vrijToegankelijk": false, "gemeenteBeperking": null, "openingstijden": null, "latitude": 52.6394062, "longitude": 4.7554735, "bronId": "L018716"}}, {"type": "Feature", "geometry": {"type": "Point", "coordinates": [4.7219674, 52.6263366]}, "properties": {"type": "inleverpunt", "locatieNaam": "Aldi", "straatNaam": "Vincent van Goghlaan", "straatNr": "1", "postcode": "1816 VM", "plaats": "Alkmaar", "merk": "Stibat", "puntType": "inzamelbak", "materialen": ["batterijen"], "uitbetaling": [], "vrijToegankelijk": false, "gemeenteBeperking": null, "openingstijden": null, "latitude": 52.6263366, "longitude": 4.7219674, "bronId": "L041157"}}, {"type": "Feature", "geometry": {"type": "Point", "coordinates": [4.755707, 52.6396747]}, "properties": {"type": "inleverpunt", "locatieNaam": "POA Office Solution (postagentschap en kantoorvakhandel)", "straatNaam": "Koedijkerstraat", "straatNr": "35-37", "postcode": "1823 CR", "plaats": "Alkmaar", "merk": "Stibat", "puntType": "inzamelbak", "materialen": ["batterijen"], "uitbetaling": [], "vrijToegankelijk": false, "gemeenteBeperking": null, "openingstijden": null, "latitude": 52.6396747, "longitude": 4.755707, "bronId": "L031448"}}, {"type": "Feature", "geometry": {"type": "Point", "coordinates": [4.7385268, 52.6353286]}, "properties": {"type": "inleverpunt", "locatieNaam": "Radio Bakker", "straatNaam": "Scharlo", "straatNr": "19", "postcode": "1815 CN", "plaats": "Alkmaar", "merk": "Stibat", "puntType": "inzamelbak", "materialen": ["batterijen"], "uitbetaling": [], "vrijToegankelijk": false, "gemeenteBeperking": null, "openingstijden": null, "latitude": 52.6353286, "longitude": 4.7385268, "bronId": "L040641"}}, {"type": "Feature", "geometry": {"type": "Point", "coordinates": [4.7405608, 52.6377258]}, "properties": {"type": "inleverpunt", "locatieNaam": "HEMA CS Alkmaar", "straatNaam": "Stationsweg", "straatNr": "45A", "postcode": "1815 CB", "plaats": "Alkmaar", "merk": "Stibat", "puntType": "inzamelbak", "materialen": ["batterijen"], "uitbetaling": [], "vrijToegankelijk": false, "gemeenteBeperking": null, "openingstijden": null, "latitude": 52.6377258, "longitude": 4.7405608, "bronId": "L047013"}}, {"type": "Feature", "geometry": {"type": "Point", "coordinates": [4.7597123, 52.6454838]}, "properties": {"type": "inleverpunt", "locatieNaam": "Smaakgilde Compleet (Winkelwaard 554)", "straatNaam": "Winkelwaard", "straatNr": "489", "postcode": "1824 HX", "plaats": "Alkmaar", "merk": "Stibat", "puntType": "inzamelbak", "materialen": ["batterijen"], "uitbetaling": [], "vrijToegankelijk": false, "gemeenteBeperking": null, "openingstijden": null, "latitude": 52.6454838, "longitude": 4.7597123, "bronId": "L043260"}}, {"type": "Feature", "geometry": {"type": "Point", "coordinates": [4.7235342, 52.6315032]}, "properties": {"type": "inleverpunt", "locatieNaam": "1067 Albert Heijn", "straatNaam": "Van Ostadelaan", "straatNr": "294", "postcode": "1816 JH", "plaats": "Alkmaar", "merk": "Stibat", "puntType": "inzamelbak", "materialen": ["batterijen"], "uitbetaling": [], "vrijToegankelijk": false, "gemeenteBeperking": null, "openingstijden": null, "latitude": 52.6315032, "longitude": 4.7235342, "bronId": "L006441"}}, {"type": "Feature", "geometry": {"type": "Point", "coordinates": [4.7592972, 52.6455804]}, "properties": {"type": "inleverpunt", "locatieNaam": "Jumbo", "straatNaam": "Winkelwaard", "straatNr": "486", "postcode": "1824 HX", "plaats": "Alkmaar", "merk": "Stibat", "puntType": "inzamelbak", "materialen": ["batterijen"], "uitbetaling": [], "vrijToegankelijk": false, "gemeenteBeperking": null, "openingstijden": null, "latitude": 52.6455804, "longitude": 4.7592972, "bronId": "L035521"}}, {"type": "Feature", "geometry": {"type": "Point", "coordinates": [4.7432636, 52.639662]}, "properties": {"type": "inleverpunt", "locatieNaam": "Student To Go (Horizon College Alkmaar)", "straatNaam": "Kruseman van Eltenweg", "straatNr": "4", "postcode": "1817 BC", "plaats": "Alkmaar", "merk": "Stibat", "puntType": "inzamelbak", "materialen": ["batterijen"], "uitbetaling": [], "vrijToegankelijk": false, "gemeenteBeperking": null, "openingstijden": null, "latitude": 52.639662, "longitude": 4.7432636, "bronId": "L038779"}}, {"type": "Feature", "geometry": {"type": "Point", "coordinates": [4.7245101, 52.63256]}, "properties": {"type": "inleverpunt", "locatieNaam": "Vomar", "straatNaam": "Van Ostadelaan", "straatNr": "296", "postcode": "1816 JH", "plaats": "Alkmaar", "merk": "Stibat", "puntType": "inzamelbak", "materialen": ["batterijen"], "uitbetaling": [], "vrijToegankelijk": false, "gemeenteBeperking": null, "openingstijden": null, "latitude": 52.63256, "longitude": 4.7245101, "bronId": "L019396"}}, {"type": "Feature", "geometry": {"type": "Point", "coordinates": [4.7242673, 52.6326928]}, "properties": {"type": "inleverpunt", "locatieNaam": "Bruna", "straatNaam": "Van Ostadelaan", "straatNr": "266", "postcode": "1816 JG", "plaats": "Alkmaar", "merk": "Stibat", "puntType": "inzamelbak", "materialen": ["batterijen"], "uitbetaling": [], "vrijToegankelijk": false, "gemeenteBeperking": null, "openingstijden": null, "latitude": 52.6326928, "longitude": 4.7242673, "bronId": "L024407"}}, {"type": "Feature", "geometry": {"type": "Point", "coordinates": [4.7244992, 52.6329172]}, "properties": {"type": "inleverpunt", "locatieNaam": "Kruidvat", "straatNaam": "Van Ostadelaan", "straatNr": "260", "postcode": "1816 JG", "plaats": "Alkmaar", "merk": "Stibat", "puntType": "inzamelbak", "materialen": ["batterijen"], "uitbetaling": [], "vrijToegankelijk": false, "gemeenteBeperking": null, "openingstijden": null, "latitude": 52.6329172, "longitude": 4.7244992, "bronId": "L039960"}}, {"type": "Feature", "geometry": {"type": "Point", "coordinates": [4.7246006, 52.6330526]}, "properties": {"type": "inleverpunt", "locatieNaam": "Wibra", "straatNaam": "Van Ostadelaan", "straatNr": "258", "postcode": "1816 JG", "plaats": "Alkmaar", "merk": "Stibat", "puntType": "inzamelbak", "materialen": ["batterijen"], "uitbetaling": [], "vrijToegankelijk": false, "gemeenteBeperking": null, "openingstijden": null, "latitude": 52.6330526, "longitude": 4.7246006, "bronId": "L043587"}}, {"type": "Feature", "geometry": {"type": "Point", "coordinates": [4.7439126, 52.6433449]}, "properties": {"type": "inleverpunt", "locatieNaam": "Stichting ICT Vanaf Morgen", "straatNaam": "Helderseweg", "straatNr": "29", "postcode": "1817 BA", "plaats": "Alkmaar", "merk": "Stibat", "puntType": "inzamelbak", "materialen": ["batterijen"], "uitbetaling": [], "vrijToegankelijk": false, "gemeenteBeperking": null, "openingstijden": null, "latitude": 52.6433449, "longitude": 4.7439126, "bronId": "L038944"}}, {"type": "Feature", "geometry": {"type": "Point", "coordinates": [4.7493969, 52.6456266]}, "properties": {"type": "inleverpunt", "locatieNaam": "Jumbo", "straatNaam": "Muiderwaard", "straatNr": "416", "postcode": "1824 XT", "plaats": "Alkmaar", "merk": "Stibat", "puntType": "inzamelbak", "materialen": ["batterijen"], "uitbetaling": [], "vrijToegankelijk": false, "gemeenteBeperking": null, "openingstijden": null, "latitude": 52.6456266, "longitude": 4.7493969, "bronId": "L036440"}}, {"type": "Feature", "geometry": {"type": "Point", "coordinates": [4.7539374, 52.648126]}, "properties": {"type": "inleverpunt", "locatieNaam": "Total", "straatNaam": "Huiswaarderweg", "straatNr": "7", "postcode": "1825 BA", "plaats": "Alkmaar", "merk": "Stibat", "puntType": "inzamelbak", "materialen": ["batterijen"], "uitbetaling": [], "vrijToegankelijk": false, "gemeenteBeperking": null, "openingstijden": null, "latitude": 52.648126, "longitude": 4.7539374, "bronId": "L019806"}}, {"type": "Feature", "geometry": {"type": "Point", "coordinates": [4.7338691, 52.6446548]}, "properties": {"type": "inleverpunt", "locatieNaam": "Vomar", "straatNaam": "Bellinistraat", "straatNr": "71", "postcode": "1817 JM", "plaats": "Alkmaar", "merk": "Stibat", "puntType": "inzamelbak", "materialen": ["batterijen"], "uitbetaling": [], "vrijToegankelijk": false, "gemeenteBeperking": null, "openingstijden": null, "latitude": 52.6446548, "longitude": 4.7338691, "bronId": "L034438"}}, {"type": "Feature", "geometry": {"type": "Point", "coordinates": [4.7586735, 52.6543395]}, "properties": {"type": "inleverpunt", "locatieNaam": "HEMA Europaboulevard", "straatNaam": "Europaboulevard", "straatNr": "2", "postcode": "1825 SB", "plaats": "Alkmaar", "merk": "Stibat", "puntType": "inzamelbak", "materialen": ["batterijen"], "uitbetaling": [], "vrijToegankelijk": false, "gemeenteBeperking": null, "openingstijden": null, "latitude": 52.6543395, "longitude": 4.7586735, "bronId": "L006150"}}, {"type": "Feature", "geometry": {"type": "Point", "coordinates": [4.7577928, 52.6545431]}, "properties": {"type": "inleverpunt", "locatieNaam": "Fotorama PostMasters", "straatNaam": "Europaboulevard", "straatNr": "20", "postcode": "1825 SB", "plaats": "Alkmaar", "merk": "Stibat", "puntType": "inzamelbak", "materialen": ["batterijen"], "uitbetaling": [], "vrijToegankelijk": false, "gemeenteBeperking": null, "openingstijden": null, "latitude": 52.6545431, "longitude": 4.7577928, "bronId": "L030663"}}, {"type": "Feature", "geometry": {"type": "Point", "coordinates": [4.757617, 52.6545768]}, "properties": {"type": "inleverpunt", "locatieNaam": "Specsavers", "straatNaam": "Europaboulevard", "straatNr": "24", "postcode": "1825 SB", "plaats": "Alkmaar", "merk": "Stibat", "puntType": "inzamelbak", "materialen": ["batterijen"], "uitbetaling": [], "vrijToegankelijk": false, "gemeenteBeperking": null, "openingstijden": null, "latitude": 52.6545768, "longitude": 4.757617, "bronId": "L045010"}}, {"type": "Feature", "geometry": {"type": "Point", "coordinates": [4.7575357, 52.6546006]}, "properties": {"type": "inleverpunt", "locatieNaam": "1403 Albert Heijn", "straatNaam": "Europaboulevard", "straatNr": "26", "postcode": "1825 SB", "plaats": "Alkmaar", "merk": "Stibat", "puntType": "inzamelbak", "materialen": ["batterijen"], "uitbetaling": [], "vrijToegankelijk": false, "gemeenteBeperking": null, "openingstijden": null, "latitude": 52.6546006, "longitude": 4.7575357, "bronId": "L008094"}}, {"type": "Feature", "geometry": {"type": "Point", "coordinates": [4.7570415, 52.6545198]}, "properties": {"type": "inleverpunt", "locatieNaam": "Primera", "straatNaam": "Europaboulevard", "straatNr": "179", "postcode": "1825 RE", "plaats": "Alkmaar", "merk": "Stibat", "puntType": "inzamelbak", "materialen": ["batterijen"], "uitbetaling": [], "vrijToegankelijk": false, "gemeenteBeperking": null, "openingstijden": null, "latitude": 52.6545198, "longitude": 4.7570415, "bronId": "L038069"}}, {"type": "Feature", "geometry": {"type": "Point", "coordinates": [4.7572056, 52.6547324]}, "properties": {"type": "inleverpunt", "locatieNaam": "BelCompany", "straatNaam": "Europaboulevard", "straatNr": "30", "postcode": "1825 SB", "plaats": "Alkmaar", "merk": "Stibat", "puntType": "inzamelbak", "materialen": ["batterijen"], "uitbetaling": [], "vrijToegankelijk": false, "gemeenteBeperking": null, "openingstijden": null, "latitude": 52.6547324, "longitude": 4.7572056, "bronId": "L023319"}}, {"type": "Feature", "geometry": {"type": "Point", "coordinates": [4.7564633, 52.6546426]}, "properties": {"type": "inleverpunt", "locatieNaam": "1375 Action", "straatNaam": "Europaboulevard", "straatNr": "191", "postcode": "1825 RE", "plaats": "Alkmaar", "merk": "Stibat", "puntType": "inzamelbak", "materialen": ["batterijen"], "uitbetaling": [], "vrijToegankelijk": false, "gemeenteBeperking": null, "openingstijden": null, "latitude": 52.6546426, "longitude": 4.7564633, "bronId": "L039815"}}, {"type": "Feature", "geometry": {"type": "Point", "coordinates": [4.7563582, 52.6547588]}, "properties": {"type": "inleverpunt", "locatieNaam": "6220 Etos", "straatNaam": "Europaboulevard", "straatNr": "323", "postcode": "1825 RK", "plaats": "Alkmaar", "merk": "Stibat", "puntType": "inzamelbak", "materialen": ["batterijen"], "uitbetaling": [], "vrijToegankelijk": false, "gemeenteBeperking": null, "openingstijden": null, "latitude": 52.6547588, "longitude": 4.7563582, "bronId": "L029925"}}, {"type": "Feature", "geometry": {"type": "Point", "coordinates": [4.7567874, 52.6550058]}, "properties": {"type": "inleverpunt", "locatieNaam": "DA", "straatNaam": "Europaboulevard", "straatNr": "160-162", "postcode": "1825 SH", "plaats": "Alkmaar", "merk": "Stibat", "puntType": "inzamelbak", "materialen": ["batterijen"], "uitbetaling": [], "vrijToegankelijk": false, "gemeenteBeperking": null, "openingstijden": null, "latitude": 52.6550058, "longitude": 4.7567874, "bronId": "L027299"}}, {"type": "Feature", "geometry": {"type": "Point", "coordinates": [4.7576721, 52.6553755]}, "properties": {"type": "inleverpunt", "locatieNaam": "Dekamarkt", "straatNaam": "Europaplein", "straatNr": "56", "postcode": "1825 TL", "plaats": "Alkmaar", "merk": "Stibat", "puntType": "inzamelbak", "materialen": ["batterijen"], "uitbetaling": [], "vrijToegankelijk": false, "gemeenteBeperking": null, "openingstijden": null, "latitude": 52.6553755, "longitude": 4.7576721, "bronId": "L006886"}}, {"type": "Feature", "geometry": {"type": "Point", "coordinates": [4.7566057, 52.6550208]}, "properties": {"type": "inleverpunt", "locatieNaam": "Read Shop", "straatNaam": "Europaboulevard", "straatNr": "168", "postcode": "1825 SH", "plaats": "Alkmaar", "merk": "Stibat", "puntType": "inzamelbak", "materialen": ["batterijen"], "uitbetaling": [], "vrijToegankelijk": false, "gemeenteBeperking": null, "openingstijden": null, "latitude": 52.6550208, "longitude": 4.7566057, "bronId": "L045825"}}, {"type": "Feature", "geometry": {"type": "Point", "coordinates": [4.7560623, 52.6550134]}, "properties": {"type": "inleverpunt", "locatieNaam": "Zeeman", "straatNaam": "Europaboulevard", "straatNr": "339", "postcode": "1825 RK", "plaats": "Alkmaar", "merk": "Stibat", "puntType": "inzamelbak", "materialen": ["batterijen"], "uitbetaling": [], "vrijToegankelijk": false, "gemeenteBeperking": null, "openingstijden": null, "latitude": 52.6550134, "longitude": 4.7560623, "bronId": "L020620"}}, {"type": "Feature", "geometry": {"type": "Point", "coordinates": [4.7563841, 52.655134]}, "properties": {"type": "inleverpunt", "locatieNaam": "Hans de Boer Tweewielers", "straatNaam": "Europaboulevard", "straatNr": "174", "postcode": "1825 SH", "plaats": "Alkmaar", "merk": "Stibat", "puntType": "inzamelbak", "materialen": ["batterijen"], "uitbetaling": [], "vrijToegankelijk": false, "gemeenteBeperking": null, "openingstijden": null, "latitude": 52.655134, "longitude": 4.7563841, "bronId": "L032854"}}, {"type": "Feature", "geometry": {"type": "Point", "coordinates": [4.7559052, 52.6550412]}, "properties": {"type": "inleverpunt", "locatieNaam": "Van Boxtel hoorwinkel", "straatNaam": "Europaboulevard", "straatNr": "335", "postcode": "1825 RK", "plaats": "Alkmaar", "merk": "Stibat", "puntType": "inzamelbak", "materialen": ["batterijen"], "uitbetaling": [], "vrijToegankelijk": false, "gemeenteBeperking": null, "openingstijden": null, "latitude": 52.6550412, "longitude": 4.7559052, "bronId": "L044388"}}, {"type": "Feature", "geometry": {"type": "Point", "coordinates": [4.7557757, 52.6551508]}, "properties": {"type": "inleverpunt", "locatieNaam": "Kruidvat", "straatNaam": "Europaboulevard", "straatNr": "347", "postcode": "1825 RK", "plaats": "Alkmaar", "merk": "Stibat", "puntType": "inzamelbak", "materialen": ["batterijen"], "uitbetaling": [], "vrijToegankelijk": false, "gemeenteBeperking": null, "openingstijden": null, "latitude": 52.6551508, "longitude": 4.7557757, "bronId": "L029915"}}, {"type": "Feature", "geometry": {"type": "Point", "coordinates": [4.75813, 52.6561758]}, "properties": {"type": "inleverpunt", "locatieNaam": "Wibra", "straatNaam": "Europaplein", "straatNr": "44", "postcode": "1825 TL", "plaats": "Alkmaar", "merk": "Stibat", "puntType": "inzamelbak", "materialen": ["batterijen"], "uitbetaling": [], "vrijToegankelijk": false, "gemeenteBeperking": null, "openingstijden": null, "latitude": 52.6561758, "longitude": 4.75813, "bronId": "L029026"}}, {"type": "Feature", "geometry": {"type": "Point", "coordinates": [4.7563388, 52.6555812]}, "properties": {"type": "inleverpunt", "locatieNaam": "Intertoys", "straatNaam": "Europaboulevard", "straatNr": "306", "postcode": "1825 ST", "plaats": "Alkmaar", "merk": "Stibat", "puntType": "inzamelbak", "materialen": ["batterijen"], "uitbetaling": [], "vrijToegankelijk": false, "gemeenteBeperking": null, "openingstijden": null, "latitude": 52.6555812, "longitude": 4.7563388, "bronId": "L043514"}}, {"type": "Feature", "geometry": {"type": "Point", "coordinates": [4.7565819, 52.6559347]}, "properties": {"type": "inleverpunt", "locatieNaam": "Hans Anders", "straatNaam": "Europaboulevard", "straatNr": "326", "postcode": "1825 ST", "plaats": "Alkmaar", "merk": "Stibat", "puntType": "inzamelbak", "materialen": ["batterijen"], "uitbetaling": [], "vrijToegankelijk": false, "gemeenteBeperking": null, "openingstijden": null, "latitude": 52.6559347, "longitude": 4.7565819, "bronId": "L040987"}}, {"type": "Feature", "geometry": {"type": "Point", "coordinates": [4.7573266, 52.6562828]}, "properties": {"type": "inleverpunt", "locatieNaam": "Xenos", "straatNaam": "Europaplein", "straatNr": "1", "postcode": "1825 TL", "plaats": "Alkmaar", "merk": "Stibat", "puntType": "inzamelbak", "materialen": ["batterijen"], "uitbetaling": [], "vrijToegankelijk": false, "gemeenteBeperking": null, "openingstijden": null, "latitude": 52.6562828, "longitude": 4.7573266, "bronId": "L036995"}}, {"type": "Feature", "geometry": {"type": "Point", "coordinates": [4.7561128, 52.6558625]}, "properties": {"type": "inleverpunt", "locatieNaam": "Vomar", "straatNaam": "Europaboulevard", "straatNr": "463-465", "postcode": "1825 RN", "plaats": "Alkmaar", "merk": "Stibat", "puntType": "inzamelbak", "materialen": ["batterijen"], "uitbetaling": [], "vrijToegankelijk": false, "gemeenteBeperking": null, "openingstijden": null, "latitude": 52.6558625, "longitude": 4.7561128, "bronId": "L045261"}}, {"type": "Feature", "geometry": {"type": "Point", "coordinates": [4.7568225, 52.6565492]}, "properties": {"type": "inleverpunt", "locatieNaam": "Lidl", "straatNaam": "Europaboulevard", "straatNr": "354", "postcode": "1825 SV", "plaats": "Alkmaar", "merk": "Stibat", "puntType": "inzamelbak", "materialen": ["batterijen"], "uitbetaling": [], "vrijToegankelijk": false, "gemeenteBeperking": null, "openingstijden": null, "latitude": 52.6565492, "longitude": 4.7568225, "bronId": "L018630"}}, {"type": "Feature", "geometry": {"type": "Point", "coordinates": [4.7666455, 52.6659339]}, "properties": {"type": "inleverpunt", "locatieNaam": "Kruidvat", "straatNaam": "Johanna Naberstraat", "straatNr": "59-61", "postcode": "1827 LB", "plaats": "Alkmaar", "merk": "Stibat", "puntType": "inzamelbak", "materialen": ["batterijen"], "uitbetaling": [], "vrijToegankelijk": false, "gemeenteBeperking": null, "openingstijden": null, "latitude": 52.6659339, "longitude": 4.7666455, "bronId": "L018351"}}, {"type": "Feature", "geometry": {"type": "Point", "coordinates": [4.7661775, 52.6658288]}, "properties": {"type": "inleverpunt", "locatieNaam": "Jumbo", "straatNaam": "Johanna Naberstraat", "straatNr": "49 - 51", "postcode": "1827 LB", "plaats": "Alkmaar", "merk": "Stibat", "puntType": "inzamelbak", "materialen": ["batterijen"], "uitbetaling": [], "vrijToegankelijk": false, "gemeenteBeperking": null, "openingstijden": null, "latitude": 52.6658288, "longitude": 4.7661775, "bronId": "L031286"}}, {"type": "Feature", "geometry": {"type": "Point", "coordinates": [4.7654852, 52.6656545]}, "properties": {"type": "inleverpunt", "locatieNaam": "FietsVakman Paul Harder", "straatNaam": "Johanna Naberstraat", "straatNr": "39", "postcode": "1827 LA", "plaats": "Alkmaar", "merk": "Stibat", "puntType": "inzamelbak", "materialen": ["batterijen"], "uitbetaling": [], "vrijToegankelijk": false, "gemeenteBeperking": null, "openingstijden": null, "latitude": 52.6656545, "longitude": 4.7654852, "bronId": "L037342"}}, {"type": "Feature", "geometry": {"type": "Point", "coordinates": [4.7555057, 52.6729472]}, "properties": {"type": "inleverpunt", "locatieNaam": "Lidl", "straatNaam": "Saskerstraat", "straatNr": "43", "postcode": "1831 CW", "plaats": "Koedijk", "merk": "Stibat", "puntType": "inzamelbak", "materialen": ["batterijen"], "uitbetaling": [], "vrijToegankelijk": false, "gemeenteBeperking": null, "openingstijden": null, "latitude": 52.6729472, "longitude": 4.7555057, "bronId": "L019008"}}, {"type": "Feature", "geometry": {"type": "Polygon", "coordinates": [[[4.788373001133212, 52.51916400422757], [4.79244000113729, 52.519725004227844], [4.798284001143344, 52.52436000423056], [4.803616001148685, 52.5250140042309], [4.80504400115013, 52.525493004231166], [4.81162700115692, 52.53019100423383], [4.813645001158958, 52.53075700423419], [4.819505001164814, 52.53109300423438], [4.82158200116692, 52.531877004234815], [4.824451001169871, 52.53383500423595], [4.816993001162536, 52.53564800423704], [4.819027001164714, 52.538726004238775], [4.820987001166641, 52.538246004238495], [4.824462001170321, 52.54268900424103], [4.8280320011738285, 52.541669004240454], [4.831430001177122, 52.53987700423942], [4.833910001179547, 52.53896000423888], [4.83591500118164, 52.54095800424002], [4.842278001188101, 52.54349300424146], [4.844173001190156, 52.54695500424343], [4.848372001194494, 52.550137004245244], [4.851828001198165, 52.554832004247956], [4.854128001200561, 52.55699200424918], [4.858711001205247, 52.55952500425061], [4.861449001208113, 52.56240700425229], [4.862940001209726, 52.56504700425378], [4.863158001210141, 52.569131004256086], [4.8655900012127855, 52.573667004258716], [4.868744001216037, 52.57600500426001], [4.872275001219607, 52.577092004260656], [4.874913001222236, 52.57720300426069], [4.880216001227661, 52.580309004262425], [4.881164001228678, 52.581765004263275], [4.8848800012325, 52.58434300426471], [4.88644500123415, 52.58626800426583], [4.8878970012358005, 52.59054800426827], [4.890010001238082, 52.594188004270336], [4.892274001240427, 52.59612000427142], [4.893593001241828, 52.59796200427248], [4.895904001244186, 52.59918000427316], [4.898774001247158, 52.60160000427451], [4.901331001249771, 52.6030000042753], [4.907562001256091, 52.605594004276774], [4.910202001258742, 52.60613600427703], [4.915415001264048, 52.60865100427846], [4.92162800127021, 52.608282004278244], [4.925337001273862, 52.607517004277796], [4.926925001275402, 52.60669700427731], [4.925791001274407, 52.6094760042789], [4.9232520012719645, 52.61123900427988], [4.922427001271158, 52.61147100428005], [4.916401001265165, 52.61153500428009], [4.896931001245895, 52.61335200428122], [4.89177300124075, 52.61304200428103], [4.8839920012330165, 52.6131390042811], [4.886794001236122, 52.61971000428483], [4.887251001236717, 52.62259400428646], [4.889238001238736, 52.623455004286974], [4.889414001238939, 52.62403300428726], [4.889048001238669, 52.625978004288356], [4.887854001237564, 52.62764300428933], [4.8854850012353, 52.629545004290385], [4.884793001234696, 52.631274004291384], [4.882568001232566, 52.63293300429234], [4.880723001230769, 52.63369300429276], [4.873515001223627, 52.63416700429301], [4.873399001223524, 52.63444600429318], [4.871892001222027, 52.6343990042932], [4.863882001214112, 52.63536000429374], [4.862972001213309, 52.637451004294924], [4.8613640012117445, 52.63815900429535], [4.861555001211951, 52.638466004295516], [4.860646001211078, 52.63909200429586], [4.855857001206366, 52.64005200429639], [4.854197001204719, 52.64007700429641], [4.853830001204368, 52.64038600429658], [4.85170400120226, 52.6405400042967], [4.847476001198135, 52.642033004297545], [4.8474510011981335, 52.64247200429777], [4.842635001193518, 52.64596300429975], [4.838549001189467, 52.64613800429984], [4.835550001186307, 52.642516004297825], [4.834460001185056, 52.639137004295954], [4.834412001184924, 52.63742900429496], [4.832613001183045, 52.63562800429393], [4.831910001182271, 52.63412200429307], [4.830225001180525, 52.63267800429228], [4.824210001174602, 52.63382300429294], [4.807816001158318, 52.63399000429303], [4.795420001146185, 52.63771200429518], [4.791768001142596, 52.638531004295594], [4.7916430011424564, 52.63823400429548], [4.788257001139123, 52.638885004295865], [4.7852790011361295, 52.638115004295415], [4.785587001136485, 52.639163004295995], [4.791773001143047, 52.64732700430056], [4.799030001150597, 52.654084004304394], [4.800524001152265, 52.65767600430643], [4.800509001152379, 52.66024100430787], [4.773669001125111, 52.64835400430115], [4.775711001127369, 52.65286300430373], [4.772981001124683, 52.65340400430405], [4.775112001126991, 52.657118004306135], [4.778042001130267, 52.66431800431016], [4.774487001126787, 52.665330004310746], [4.77864500113128, 52.67246600431474], [4.779026001131865, 52.67648400431698], [4.77779600113064, 52.67645900431698], [4.75064700110398, 52.682260004320206], [4.7478590011012205, 52.682438004320325], [4.741742001095063, 52.6808070043194], [4.7438440010970435, 52.678698004318264], [4.747707001100784, 52.676850004317224], [4.752411001105176, 52.67144600431418], [4.752073001104775, 52.67016700431345], [4.74901300110152, 52.66596900431107], [4.745933001098313, 52.6630790043095], [4.745164001097561, 52.663364004309614], [4.74260500109491, 52.66118200430838], [4.739034001091454, 52.66297800430939], [4.73410000108655, 52.66293100430938], [4.735282001087645, 52.66139700430854], [4.734355001086718, 52.66127900430845], [4.733744001086139, 52.66180200430874], [4.731211001083618, 52.6617150043087], [4.732853001085157, 52.659890004307684], [4.731529001083838, 52.65981200430762], [4.730643001082902, 52.65875300430704], [4.727550001079816, 52.6585270043069], [4.727555001079763, 52.65739000430624], [4.725707001077924, 52.65730900430617], [4.729369001081503, 52.65620400430561], [4.726753001078868, 52.655486004305196], [4.726773001078825, 52.65428600430454], [4.726143001078133, 52.653006004303755], [4.7254180010774, 52.65275600430363], [4.725297001077231, 52.65187600430316], [4.721793001073693, 52.65072500430251], [4.722676001074499, 52.64936500430174], [4.721937001073756, 52.64918000430159], [4.720394001072269, 52.650081004302145], [4.71690800106878, 52.64959300430186], [4.717609001069327, 52.64665000430019], [4.712815001064537, 52.64621100429994], [4.7142010010657405, 52.64282200429803], [4.710038001061588, 52.642486004297865], [4.708867001060057, 52.635509004293866], [4.709789001060902, 52.63412100429312], [4.7098290010608626, 52.632569004292215], [4.70827600105923, 52.630850004291254], [4.7114190010623025, 52.62988700429073], [4.709796001060629, 52.628724004290035], [4.715287001065935, 52.6258200042884], [4.714587001065186, 52.62478200428781], [4.7152160010658015, 52.624572004287735], [4.716241001066842, 52.62502500428798], [4.719972001070452, 52.62314200428691], [4.727476001077753, 52.62007700428518], [4.727663001077948, 52.62026000428529], [4.728851001079105, 52.61978500428501], [4.738099001088072, 52.61537900428254], [4.739451001089338, 52.61386800428169], [4.733348001082946, 52.607547004278096], [4.734634001084194, 52.606951004277754], [4.736413001085887, 52.60546000427691], [4.735496001084949, 52.60498200427663], [4.735410001084804, 52.60382400427599], [4.736148001085454, 52.60220400427506], [4.73650800108567, 52.599446004273496], [4.737930001086978, 52.59739300427231], [4.736966001085937, 52.5957620042714], [4.737462001086333, 52.59385800427032], [4.7521390011008275, 52.591891004269186], [4.752432001101155, 52.59258500426964], [4.754938001103627, 52.59219400426938], [4.7548890011035585, 52.591773004269115], [4.756478001105129, 52.591568004269035], [4.751312001099515, 52.58227700426371], [4.748301001096025, 52.572596004258166], [4.744702001092205, 52.567942004255535], [4.745084001092529, 52.5668520042549], [4.752932001100126, 52.56262800425251], [4.771967001118928, 52.5598980042509], [4.781623001128399, 52.557102004249344], [4.780859001127576, 52.5558490042486], [4.777886001124027, 52.544193004241954], [4.777796001123322, 52.531992004234944], [4.78247600112736, 52.519581004227796], [4.788373001133212, 52.51916400422757]]]}, "properties": {"type": "boundary", "gemeente": "Alkmaar"}}]}