{"type": "FeatureCollection", "metadata": {"gemeente": "Alphen aan den Rijn", "slug": "alphen-aan-den-rijn", "generated_at": "2026-07-28T19:03:25.026558Z", "total_points": 191, "merken": ["StatieDrive", "StatiegeldNederland", "Stibat", "StichtingOPEN"], "bounds": [4.540085, 52.064625, 4.7221155, 52.1547604]}, "features": [{"type": "Feature", "geometry": {"type": "Point", "coordinates": [4.6655161, 52.1296419]}, "properties": {"type": "inleverpunt", "locatieNaam": "Albert Heijn", "straatNaam": "De Aarhof", "straatNr": "61", "postcode": "2406 BT", "plaats": "Alphen a/d Rijn", "merk": "StatiegeldNederland", "puntType": "automaat", "materialen": ["pet-groot", "pet-klein", "blik", "glas", "krat"], "uitbetaling": ["bonnetje", "donatie"], "vrijToegankelijk": true, "gemeenteBeperking": null, "openingstijden": {"ma": "08:00–22:00", "di": "08:00–22:00", "wo": "08:00–22:00", "do": "08:00–22:00", "vr": "08:00–22:00", "za": "08:00–22:00", "zo": "12:00–22:00"}, "latitude": 52.1296419, "longitude": 4.6655161, "bronId": "252112"}}, {"type": "Feature", "geometry": {"type": "Point", "coordinates": [4.6604756, 52.1515321]}, "properties": {"type": "inleverpunt", "locatieNaam": "Albert Heijn", "straatNaam": "Herenhof", "straatNr": "74", "postcode": "2402 DN", "plaats": "Alphen a/d Rijn", "merk": "StatiegeldNederland", "puntType": "automaat", "materialen": ["pet-groot", "pet-klein", "blik", "glas", "krat"], "uitbetaling": ["bonnetje", "donatie"], "vrijToegankelijk": true, "gemeenteBeperking": null, "openingstijden": {"ma": "08:00–22:00", "di": "08:00–22:00", "wo": "08:00–22:00", "do": "08:00–22:00", "vr": "08:00–22:00", "za": "08:00–22:00", "zo": "12:00–22:00"}, "latitude": 52.1515321, "longitude": 4.6604756, "bronId": "252299"}}, {"type": "Feature", "geometry": {"type": "Point", "coordinates": [4.657989, 52.0738881]}, "properties": {"type": "inleverpunt", "locatieNaam": "Albert Heijn", "straatNaam": "Koninginneweg", "straatNr": "11-B", "postcode": "2771 DN", "plaats": "Boskoop", "merk": "StatiegeldNederland", "puntType": "automaat", "materialen": ["pet-groot", "pet-klein", "blik", "glas", "krat"], "uitbetaling": ["bonnetje", "donatie"], "vrijToegankelijk": true, "gemeenteBeperking": null, "openingstijden": {"ma": "08:00–21:00", "di": "08:00–21:00", "wo": "08:00–21:00", "do": "08:00–21:00", "vr": "08:00–21:00", "za": "08:00–21:00", "zo": "12:00–21:00"}, "latitude": 52.0738881, "longitude": 4.657989, "bronId": "252423"}}, {"type": "Feature", "geometry": {"type": "Point", "coordinates": [4.591798, 52.0968608]}, "properties": {"type": "inleverpunt", "locatieNaam": "Albert Heijn", "straatNaam": "Oude Gemeneweg", "straatNr": "5-7", "postcode": "2391 BE", "plaats": "Hazerswoude-Dorp", "merk": "StatiegeldNederland", "puntType": "automaat", "materialen": ["pet-groot", "pet-klein", "blik", "glas", "krat"], "uitbetaling": ["bonnetje", "donatie"], "vrijToegankelijk": true, "gemeenteBeperking": null, "openingstijden": {"ma": "08:00–21:00", "di": "08:00–21:00", "wo": "08:00–21:00", "do": "08:00–21:00", "vr": "08:00–21:00", "za": "08:00–21:00", "zo": "12:00–20:00"}, "latitude": 52.0968608, "longitude": 4.591798, "bronId": "252595"}}, {"type": "Feature", "geometry": {"type": "Point", "coordinates": [4.6745126, 52.144547]}, "properties": {"type": "inleverpunt", "locatieNaam": "Albert Heijn", "straatNaam": "Ridderhof", "straatNr": "2", "postcode": "2402 EN", "plaats": "Alphen a/d Rijn", "merk": "StatiegeldNederland", "puntType": "automaat", "materialen": ["pet-groot", "pet-klein", "blik", "glas", "krat"], "uitbetaling": ["bonnetje", "donatie"], "vrijToegankelijk": true, "gemeenteBeperking": null, "openingstijden": {"ma": "08:00–21:00", "di": "08:00–21:00", "wo": "08:00–21:00", "do": "08:00–21:00", "vr": "08:00–21:00", "za": "08:00–21:00", "zo": "12:00–21:00"}, "latitude": 52.144547, "longitude": 4.6745126, "bronId": "252668"}}, {"type": "Feature", "geometry": {"type": "Point", "coordinates": [4.6267706, 52.1249068]}, "properties": {"type": "inleverpunt", "locatieNaam": "Albert Heijn To Go", "straatNaam": "LEIDSE SCHOUW", "straatNr": "10", "postcode": "2408 AE", "plaats": "Alphen Aan Den Rijn", "merk": "StatiegeldNederland", "puntType": "balie", "materialen": ["pet-groot", "pet-klein", "blik"], "uitbetaling": [], "vrijToegankelijk": true, "gemeenteBeperking": null, "openingstijden": {"ma": "24 uur geopend", "di": "24 uur geopend", "wo": "24 uur geopend", "do": "24 uur geopend", "vr": "24 uur geopend", "za": "24 uur geopend", "zo": "24 uur geopend"}, "latitude": 52.1249068, "longitude": 4.6267706, "bronId": "252969"}}, {"type": "Feature", "geometry": {"type": "Point", "coordinates": [4.6510563, 52.1264007]}, "properties": {"type": "inleverpunt", "locatieNaam": "Aldi", "straatNaam": "Euromarkt", "straatNr": "89-97", "postcode": "2408 BC", "plaats": "Alphen Aan Den Rijn", "merk": "StatiegeldNederland", "puntType": "automaat", "materialen": ["pet-groot", "pet-klein", "blik", "glas", "krat"], "uitbetaling": ["bonnetje"], "vrijToegankelijk": true, "gemeenteBeperking": null, "openingstijden": {"ma": "08:00–20:00", "di": "08:00–20:00", "wo": "08:00–20:00", "do": "08:00–20:00", "vr": "08:00–20:00", "za": "08:00–20:00", "zo": "12:00–18:00"}, "latitude": 52.1264007, "longitude": 4.6510563, "bronId": "253102"}}, {"type": "Feature", "geometry": {"type": "Point", "coordinates": [4.6746771, 52.1438442]}, "properties": {"type": "inleverpunt", "locatieNaam": "Aldi", "straatNaam": "Ridderhof", "straatNr": "55", "postcode": "2402 EN", "plaats": "Alphen a/d Rijn", "merk": "StatiegeldNederland", "puntType": "automaat", "materialen": ["pet-groot", "pet-klein", "blik", "glas", "krat"], "uitbetaling": ["bonnetje"], "vrijToegankelijk": true, "gemeenteBeperking": null, "openingstijden": {"ma": "08:00–20:00", "di": "08:00–20:00", "wo": "08:00–20:00", "do": "08:00–20:00", "vr": "08:00–20:00", "za": "08:00–20:00", "zo": "12:00–18:00"}, "latitude": 52.1438442, "longitude": 4.6746771, "bronId": "253339"}}, {"type": "Feature", "geometry": {"type": "Point", "coordinates": [4.6330611, 52.0757471]}, "properties": {"type": "inleverpunt", "locatieNaam": "Aldi", "straatNaam": "Westpark", "straatNr": "3A", "postcode": "2771 TA", "plaats": "Boskoop", "merk": "StatiegeldNederland", "puntType": "automaat", "materialen": ["pet-groot", "pet-klein", "blik", "glas", "krat"], "uitbetaling": ["bonnetje"], "vrijToegankelijk": true, "gemeenteBeperking": null, "openingstijden": {"ma": "08:00–20:00", "di": "08:00–20:00", "wo": "08:00–20:00", "do": "08:00–20:00", "vr": "08:00–20:00", "za": "08:00–20:00", "zo": "12:00–18:00"}, "latitude": 52.0757471, "longitude": 4.6330611, "bronId": "253441"}}, {"type": "Feature", "geometry": {"type": "Point", "coordinates": [4.6598342, 52.1378714]}, "properties": {"type": "inleverpunt", "locatieNaam": "Attent t Rooie Dorp 987", "straatNaam": "GRIJPENSTEINSTRAAT", "straatNr": "19", "postcode": "2405 GM", "plaats": "Alphen Aan Den Rijn", "merk": "StatiegeldNederland", "puntType": "balie", "materialen": ["pet-groot", "pet-klein", "blik"], "uitbetaling": [], "vrijToegankelijk": true, "gemeenteBeperking": null, "openingstijden": {"ma": "08:00–22:00", "di": "08:00–22:00", "wo": "08:00–22:00", "do": "08:00–22:00", "vr": "08:00–22:00", "za": "08:00–22:00", "zo": "10:00–19:00"}, "latitude": 52.1378714, "longitude": 4.6598342, "bronId": "253775"}}, {"type": "Feature", "geometry": {"type": "Point", "coordinates": [4.6744578, 52.1454732]}, "properties": {"type": "inleverpunt", "locatieNaam": "Circlek Servauto - De Ridderhof", "straatNaam": "Troubadourweg", "straatNr": "6", "postcode": "2402 EP", "plaats": "Alphen Ad Rijn", "merk": "StatiegeldNederland", "puntType": "balie", "materialen": ["pet-groot", "pet-klein", "blik"], "uitbetaling": [], "vrijToegankelijk": true, "gemeenteBeperking": null, "openingstijden": {"ma": "06:30–22:00", "di": "06:30–22:00", "wo": "06:30–22:00", "do": "06:30–22:00", "vr": "06:30–22:00", "za": "08:00–22:00", "zo": "08:00–22:00"}, "latitude": 52.1454732, "longitude": 4.6744578, "bronId": "254136"}}, {"type": "Feature", "geometry": {"type": "Point", "coordinates": [4.6612957, 52.1275485]}, "properties": {"type": "inleverpunt", "locatieNaam": "Ekoplaza", "straatNaam": "KERKSTRAAT", "straatNr": "4", "postcode": "2405 CD", "plaats": "Alphen Aan Den Rijn", "merk": "StatiegeldNederland", "puntType": "balie", "materialen": ["pet-groot", "pet-klein", "blik"], "uitbetaling": [], "vrijToegankelijk": true, "gemeenteBeperking": null, "openingstijden": {"ma": "08:30–19:00", "di": "08:30–19:00", "wo": "08:30–19:00", "do": "08:30–19:00", "vr": "08:30–19:00", "za": "08:30–19:00", "zo": "12:00–18:00"}, "latitude": 52.1275485, "longitude": 4.6612957, "bronId": "254658"}}, {"type": "Feature", "geometry": {"type": "Point", "coordinates": [4.6517161, 52.1311252]}, "properties": {"type": "inleverpunt", "locatieNaam": "Groene Hart Leerpark A ad R", "straatNaam": "Prinses Beatrixlaan", "straatNr": "4", "postcode": "2404 XC", "plaats": "Alphen aan den Rijn", "merk": "StatiegeldNederland", "puntType": "automaat", "materialen": ["pet-klein", "blik"], "uitbetaling": ["donatie", "tikkie"], "vrijToegankelijk": false, "gemeenteBeperking": null, "openingstijden": null, "latitude": 52.1311252, "longitude": 4.6517161, "bronId": "254880"}}, {"type": "Feature", "geometry": {"type": "Point", "coordinates": [4.658413, 52.1352949]}, "properties": {"type": "inleverpunt", "locatieNaam": "Groene Hart Lyceum A ad Rijn", "straatNaam": "Tolstraat", "straatNr": "11", "postcode": "2405 VS", "plaats": "Alphen aan den Rijn", "merk": "StatiegeldNederland", "puntType": "automaat", "materialen": ["pet-klein", "blik"], "uitbetaling": ["donatie", "tikkie"], "vrijToegankelijk": false, "gemeenteBeperking": null, "openingstijden": null, "latitude": 52.1352949, "longitude": 4.658413, "bronId": "254881"}}, {"type": "Feature", "geometry": {"type": "Point", "coordinates": [4.6593829, 52.135612]}, "properties": {"type": "inleverpunt", "locatieNaam": "Groene Hart Topmavo - Alphen aan den Rijn", "straatNaam": "Tolstraat", "straatNr": "9", "postcode": "2405 VS", "plaats": "Alphen aan den Rijn", "merk": "StatiegeldNederland", "puntType": "automaat", "materialen": ["pet-klein", "blik"], "uitbetaling": ["donatie", "tikkie"], "vrijToegankelijk": false, "gemeenteBeperking": null, "openingstijden": null, "latitude": 52.135612, "longitude": 4.6593829, "bronId": "254882"}}, {"type": "Feature", "geometry": {"type": "Point", "coordinates": [4.6760402, 52.1276805]}, "properties": {"type": "inleverpunt", "locatieNaam": "Hockey Club Alphen", "straatNaam": "Olympiaweg", "straatNr": "3", "postcode": "2406 LG", "plaats": "Alphen Aan Den Rijn", "merk": "StatiegeldNederland", "puntType": "balie", "materialen": ["pet-groot", "pet-klein", "blik"], "uitbetaling": [], "vrijToegankelijk": false, "gemeenteBeperking": null, "openingstijden": {"ma": "16:00–22:00", "di": "16:00–22:00", "wo": "16:00–22:00", "do": "16:00–22:00", "vr": "16:00–22:00", "za": "09:00–19:00", "zo": "09:00–19:00"}, "latitude": 52.1276805, "longitude": 4.6760402, "bronId": "254986"}}, {"type": "Feature", "geometry": {"type": "Point", "coordinates": [4.659274, 52.0756109]}, "properties": {"type": "inleverpunt", "locatieNaam": "Hoogvliet", "straatNaam": "Burg. Colijnstraat", "straatNr": "26-32", "postcode": "2771 GE", "plaats": "Boskoop", "merk": "StatiegeldNederland", "puntType": "automaat", "materialen": ["pet-groot", "pet-klein", "blik", "glas", "krat"], "uitbetaling": ["bonnetje", "donatie"], "vrijToegankelijk": true, "gemeenteBeperking": null, "openingstijden": {"ma": "08:00–20:00", "di": "08:00–20:00", "wo": "08:00–20:00", "do": "08:00–21:00", "vr": "08:00–21:00", "za": "08:00–20:00", "zo": "12:00–19:00"}, "latitude": 52.0756109, "longitude": 4.659274, "bronId": "255040"}}, {"type": "Feature", "geometry": {"type": "Point", "coordinates": [4.6496811, 52.1350237]}, "properties": {"type": "inleverpunt", "locatieNaam": "Hoogvliet", "straatNaam": "De Baronie", "straatNr": "88", "postcode": "2404 XH", "plaats": "Alphen Aan Den Rijn", "merk": "StatiegeldNederland", "puntType": "automaat", "materialen": ["pet-groot", "pet-klein", "blik", "glas", "krat"], "uitbetaling": ["bonnetje", "donatie"], "vrijToegankelijk": true, "gemeenteBeperking": null, "openingstijden": {"ma": "08:00–21:00", "di": "08:00–21:00", "wo": "08:00–21:00", "do": "08:00–21:00", "vr": "08:00–21:00", "za": "08:00–21:00", "zo": "12:00–20:00"}, "latitude": 52.1350237, "longitude": 4.6496811, "bronId": "255045"}}, {"type": "Feature", "geometry": {"type": "Point", "coordinates": [4.6796594, 52.0782127]}, "properties": {"type": "inleverpunt", "locatieNaam": "Hoogvliet", "straatNaam": "Goudse Rijweg", "straatNr": "83", "postcode": "2771 AN", "plaats": "Boskoop", "merk": "StatiegeldNederland", "puntType": "automaat", "materialen": ["pet-groot", "pet-klein", "blik", "glas", "krat"], "uitbetaling": ["bonnetje", "donatie"], "vrijToegankelijk": true, "gemeenteBeperking": null, "openingstijden": {"ma": "08:00–19:00", "di": "08:00–19:00", "wo": "08:00–19:00", "do": "08:00–19:00", "vr": "08:00–20:00", "za": "08:00–19:00", "zo": "Gesloten"}, "latitude": 52.0782127, "longitude": 4.6796594, "bronId": "255051"}}, {"type": "Feature", "geometry": {"type": "Point", "coordinates": [4.6608863, 52.1279437]}, "properties": {"type": "inleverpunt", "locatieNaam": "Hoogvliet", "straatNaam": "Julianastraat", "straatNr": "45", "postcode": "2405 CG", "plaats": "Alphen a/d Rijn", "merk": "StatiegeldNederland", "puntType": "automaat", "materialen": ["pet-groot", "pet-klein", "blik", "glas", "krat"], "uitbetaling": ["bonnetje", "donatie"], "vrijToegankelijk": true, "gemeenteBeperking": null, "openingstijden": {"ma": "08:00–20:00", "di": "08:00–20:00", "wo": "08:00–20:00", "do": "08:00–21:00", "vr": "08:00–21:00", "za": "08:00–20:00", "zo": "12:00–20:00"}, "latitude": 52.1279437, "longitude": 4.6608863, "bronId": "255060"}}, {"type": "Feature", "geometry": {"type": "Point", "coordinates": [4.6483629, 52.0647567]}, "properties": {"type": "inleverpunt", "locatieNaam": "Hoogvliet", "straatNaam": "Linnaeusweg", "straatNr": "106", "postcode": "2771 JH", "plaats": "Boskoop", "merk": "StatiegeldNederland", "puntType": "automaat", "materialen": ["pet-groot", "pet-klein", "blik", "glas", "krat"], "uitbetaling": ["bonnetje", "donatie"], "vrijToegankelijk": true, "gemeenteBeperking": null, "openingstijden": {"ma": "08:00–20:00", "di": "08:00–20:00", "wo": "08:00–20:00", "do": "08:00–20:00", "vr": "08:00–21:00", "za": "08:00–20:00", "zo": "12:00–19:00"}, "latitude": 52.0647567, "longitude": 4.6483629, "bronId": "255072"}}, {"type": "Feature", "geometry": {"type": "Point", "coordinates": [4.6007636, 52.1331382]}, "properties": {"type": "inleverpunt", "locatieNaam": "Hoogvliet", "straatNaam": "Prins Bernhardstraat", "straatNr": "9", "postcode": "2396 GA", "plaats": "Koudekerk a/d Rijn", "merk": "StatiegeldNederland", "puntType": "automaat", "materialen": ["pet-groot", "pet-klein", "blik", "glas", "krat"], "uitbetaling": ["bonnetje", "donatie"], "vrijToegankelijk": true, "gemeenteBeperking": null, "openingstijden": {"ma": "08:00–20:00", "di": "08:00–20:00", "wo": "08:00–20:00", "do": "08:00–20:00", "vr": "08:00–20:00", "za": "08:00–20:00", "zo": "12:00–19:00"}, "latitude": 52.1331382, "longitude": 4.6007636, "bronId": "255091"}}, {"type": "Feature", "geometry": {"type": "Point", "coordinates": [4.6513204, 52.1241672]}, "properties": {"type": "inleverpunt", "locatieNaam": "Hoogvliet", "straatNaam": "Provinciepassage", "straatNr": "108", "postcode": "2408 EV", "plaats": "Alphen a/d Rijn", "merk": "StatiegeldNederland", "puntType": "automaat", "materialen": ["pet-groot", "pet-klein", "blik", "glas", "krat"], "uitbetaling": ["bonnetje", "donatie"], "vrijToegankelijk": true, "gemeenteBeperking": null, "openingstijden": {"ma": "08:00–21:00", "di": "08:00–21:00", "wo": "08:00–21:00", "do": "08:00–21:00", "vr": "08:00–21:00", "za": "08:00–21:00", "zo": "12:00–20:00"}, "latitude": 52.1241672, "longitude": 4.6513204, "bronId": "255093"}}, {"type": "Feature", "geometry": {"type": "Point", "coordinates": [4.6749058, 52.143813]}, "properties": {"type": "inleverpunt", "locatieNaam": "Hoogvliet", "straatNaam": "Ridderhof", "straatNr": "47", "postcode": "2402 EN", "plaats": "Alphen aan den Rijn", "merk": "StatiegeldNederland", "puntType": "automaat", "materialen": ["pet-groot", "pet-klein", "blik", "glas", "krat"], "uitbetaling": ["bonnetje", "donatie"], "vrijToegankelijk": true, "gemeenteBeperking": null, "openingstijden": {"ma": "08:00–21:00", "di": "08:00–21:00", "wo": "08:00–21:00", "do": "08:00–21:00", "vr": "08:00–21:00", "za": "08:00–20:00", "zo": "12:00–20:00"}, "latitude": 52.143813, "longitude": 4.6749058, "bronId": "255096"}}, {"type": "Feature", "geometry": {"type": "Point", "coordinates": [4.5871858, 52.1278907]}, "properties": {"type": "inleverpunt", "locatieNaam": "Hoogvliet", "straatNaam": "Willem Kloosstraat", "straatNr": "66", "postcode": "2394 BD", "plaats": "Hazerswoude", "merk": "StatiegeldNederland", "puntType": "automaat", "materialen": ["pet-groot", "pet-klein", "blik", "glas", "krat"], "uitbetaling": ["bonnetje", "donatie"], "vrijToegankelijk": true, "gemeenteBeperking": null, "openingstijden": {"ma": "08:00–20:00", "di": "08:00–20:00", "wo": "08:00–20:00", "do": "08:00–20:00", "vr": "08:00–21:00", "za": "08:00–20:00", "zo": "12:00–19:00"}, "latitude": 52.1278907, "longitude": 4.5871858, "bronId": "255120"}}, {"type": "Feature", "geometry": {"type": "Point", "coordinates": [4.588355, 52.127781]}, "properties": {"type": "inleverpunt", "locatieNaam": "Jumbo", "straatNaam": "Da Costasingel", "straatNr": "34-36", "postcode": "2394 BL", "plaats": "Hazerswoude-Rijndijk", "merk": "StatiegeldNederland", "puntType": "automaat", "materialen": ["pet-groot", "pet-klein", "blik", "glas", "krat"], "uitbetaling": ["bonnetje", "donatie"], "vrijToegankelijk": true, "gemeenteBeperking": null, "openingstijden": {"ma": "08:00–20:00", "di": "08:00–20:00", "wo": "08:00–20:00", "do": "08:00–20:00", "vr": "08:00–21:00", "za": "08:00–20:00", "zo": "12:00–18:00"}, "latitude": 52.127781, "longitude": 4.588355, "bronId": "255279"}}, {"type": "Feature", "geometry": {"type": "Point", "coordinates": [4.6615116, 52.1503994]}, "properties": {"type": "inleverpunt", "locatieNaam": "Jumbo", "straatNaam": "Herenhof", "straatNr": "183", "postcode": "2402 DK", "plaats": "Alphen Aan Den Rijn", "merk": "StatiegeldNederland", "puntType": "automaat", "materialen": ["pet-groot", "pet-klein", "blik", "glas", "krat"], "uitbetaling": ["bonnetje", "donatie"], "vrijToegankelijk": true, "gemeenteBeperking": null, "openingstijden": {"ma": "08:00–21:00", "di": "08:00–21:00", "wo": "08:00–21:00", "do": "08:00–21:00", "vr": "08:00–21:00", "za": "08:00–21:00", "zo": "12:00–20:00"}, "latitude": 52.1503994, "longitude": 4.6615116, "bronId": "255412"}}, {"type": "Feature", "geometry": {"type": "Point", "coordinates": [4.674513, 52.1284913]}, "properties": {"type": "inleverpunt", "locatieNaam": "Korfbalvereniging Tempo", "straatNaam": "Olympiaweg", "straatNr": "2", "postcode": "2406 LG", "plaats": "Alphen Aan Den Rijn", "merk": "StatiegeldNederland", "puntType": "balie", "materialen": ["pet-groot", "pet-klein", "blik"], "uitbetaling": [], "vrijToegankelijk": false, "gemeenteBeperking": null, "openingstijden": null, "latitude": 52.1284913, "longitude": 4.674513, "bronId": "255948"}}, {"type": "Feature", "geometry": {"type": "Point", "coordinates": [4.5911582, 52.1271127]}, "properties": {"type": "inleverpunt", "locatieNaam": "Kratje", "straatNaam": "De Genestetstraat", "straatNr": "5", "postcode": "2394 XK", "plaats": "Hazerswoude-rijndijk", "merk": "StatiegeldNederland", "puntType": "balie", "materialen": ["pet-groot", "pet-klein", "blik"], "uitbetaling": [], "vrijToegankelijk": true, "gemeenteBeperking": null, "openingstijden": null, "latitude": 52.1271127, "longitude": 4.5911582, "bronId": "255961"}}, {"type": "Feature", "geometry": {"type": "Point", "coordinates": [4.6498617, 52.1349916]}, "properties": {"type": "inleverpunt", "locatieNaam": "Lidl", "straatNaam": "De Baronie", "straatNr": "86", "postcode": "2404 XH", "plaats": "Alphen Aan Den Rijn", "merk": "StatiegeldNederland", "puntType": "automaat", "materialen": ["pet-groot", "pet-klein", "blik", "glas", "krat"], "uitbetaling": ["bonnetje", "donatie"], "vrijToegankelijk": true, "gemeenteBeperking": null, "openingstijden": {"ma": "08:00–21:00", "di": "08:00–21:00", "wo": "08:00–21:00", "do": "08:00–21:00", "vr": "08:00–21:00", "za": "08:00–21:00", "zo": "12:00–18:00"}, "latitude": 52.1349916, "longitude": 4.6498617, "bronId": "256104"}}, {"type": "Feature", "geometry": {"type": "Point", "coordinates": [4.65944, 52.14928]}, "properties": {"type": "inleverpunt", "locatieNaam": "Lidl", "straatNaam": "Ouvertureweg 81 -", "straatNr": "87", "postcode": "2402 DT", "plaats": "Alphen Aan Den Rijn", "merk": "StatiegeldNederland", "puntType": "automaat", "materialen": ["pet-groot", "pet-klein", "blik", "glas", "krat"], "uitbetaling": ["bonnetje", "donatie"], "vrijToegankelijk": true, "gemeenteBeperking": null, "openingstijden": {"ma": "08:00–21:00", "di": "08:00–21:00", "wo": "08:00–21:00", "do": "08:00–21:00", "vr": "08:00–21:00", "za": "08:00–20:00", "zo": "12:00–19:00"}, "latitude": 52.14928, "longitude": 4.65944, "bronId": "256324"}}, {"type": "Feature", "geometry": {"type": "Point", "coordinates": [4.6576408, 52.1335887]}, "properties": {"type": "inleverpunt", "locatieNaam": "Markies 60004 - Mbo Rijnland", "straatNaam": "Ambonstraat", "straatNr": "1", "postcode": "2405 EN", "plaats": "Alphen Aan De Rijn", "merk": "StatiegeldNederland", "puntType": "balie", "materialen": ["pet-groot", "pet-klein", "blik"], "uitbetaling": [], "vrijToegankelijk": true, "gemeenteBeperking": null, "openingstijden": {"ma": "07:30–18:00", "di": "07:30–18:00", "wo": "07:30–18:00", "do": "07:30–18:00", "vr": "07:30–18:00", "za": "Gesloten", "zo": "Gesloten"}, "latitude": 52.1335887, "longitude": 4.6576408, "bronId": "256632"}}, {"type": "Feature", "geometry": {"type": "Point", "coordinates": [4.5431934, 52.0766607]}, "properties": {"type": "inleverpunt", "locatieNaam": "Plus", "straatNaam": "Prins Willem Alexanderplein", "straatNr": "7", "postcode": "2731 EJ", "plaats": "Benthuizen", "merk": "StatiegeldNederland", "puntType": "automaat", "materialen": ["pet-groot", "pet-klein", "blik", "glas", "krat"], "uitbetaling": ["bonnetje"], "vrijToegankelijk": true, "gemeenteBeperking": null, "openingstijden": {"ma": "08:00–20:00", "di": "08:00–20:00", "wo": "08:00–20:00", "do": "08:00–20:00", "vr": "08:00–20:00", "za": "08:00–20:00", "zo": "Gesloten"}, "latitude": 52.0766607, "longitude": 4.5431934, "bronId": "257488"}}, {"type": "Feature", "geometry": {"type": "Point", "coordinates": [4.65906, 52.149576]}, "properties": {"type": "inleverpunt", "locatieNaam": "Shell", "straatNaam": "Eisenhowerlaan", "straatNr": "2", "postcode": "2402 JG", "plaats": "Alphen Aan Den Rijn", "merk": "StatiegeldNederland", "puntType": "balie", "materialen": ["pet-groot", "pet-klein", "blik"], "uitbetaling": [], "vrijToegankelijk": true, "gemeenteBeperking": null, "openingstijden": {"ma": "24 uur geopend", "di": "24 uur geopend", "wo": "24 uur geopend", "do": "24 uur geopend", "vr": "24 uur geopend", "za": "24 uur geopend", "zo": "24 uur geopend"}, "latitude": 52.149576, "longitude": 4.65906, "bronId": "258057"}}, {"type": "Feature", "geometry": {"type": "Point", "coordinates": [4.6532807, 52.1466979]}, "properties": {"type": "inleverpunt", "locatieNaam": "Stapfoods Ashram College APN", "straatNaam": "Marsdiep", "straatNr": "293", "postcode": "2401 XH", "plaats": "Alphen aan den Rijn", "merk": "StatiegeldNederland", "puntType": "automaat", "materialen": ["pet-klein", "blik"], "uitbetaling": ["donatie", "tikkie"], "vrijToegankelijk": false, "gemeenteBeperking": null, "openingstijden": null, "latitude": 52.1466979, "longitude": 4.6532807, "bronId": "258673"}}, {"type": "Feature", "geometry": {"type": "Point", "coordinates": [4.6744886, 52.1439125]}, "properties": {"type": "inleverpunt", "locatieNaam": "Statiegeld Retourshop", "straatNaam": "Ridderhof", "straatNr": "32", "postcode": "2402 EN", "plaats": "Alphen aan den Rijn", "merk": "StatiegeldNederland", "puntType": "automaat", "materialen": ["pet-groot", "pet-klein", "blik", "krat"], "uitbetaling": ["bonnetje", "donatie", "tikkie", "contant"], "vrijToegankelijk": true, "gemeenteBeperking": null, "openingstijden": {"ma": "08:00–20:00", "di": "08:00–00:00", "wo": "00:00–20:00", "do": "08:00–20:00", "vr": "08:00–20:00", "za": "08:00–20:00", "zo": "08:00–20:00"}, "latitude": 52.1439125, "longitude": 4.6744886, "bronId": "258692"}}, {"type": "Feature", "geometry": {"type": "Point", "coordinates": [4.5936134, 52.1027962]}, "properties": {"type": "inleverpunt", "locatieNaam": "Stichting De Hazelaar", "straatNaam": "Sportparklaan", "straatNr": "17", "postcode": "2391 AX", "plaats": "Hazerswoude Dorp", "merk": "StatiegeldNederland", "puntType": "balie", "materialen": ["pet-groot", "pet-klein", "blik"], "uitbetaling": [], "vrijToegankelijk": false, "gemeenteBeperking": null, "openingstijden": {"ma": "13:00–19:00", "di": "13:00–19:00", "wo": "13:00–19:00", "do": "13:00–19:00", "vr": "13:00–19:00", "za": "11:00–18:00", "zo": "11:00–18:00"}, "latitude": 52.1027962, "longitude": 4.5936134, "bronId": "258712"}}, {"type": "Feature", "geometry": {"type": "Point", "coordinates": [4.5952661, 52.1013749]}, "properties": {"type": "inleverpunt", "locatieNaam": "V&av Hazerswoudse Boys", "straatNaam": "Sportparklaan", "straatNr": "15", "postcode": "2391 AX", "plaats": "Hazerswoude Dorp", "merk": "StatiegeldNederland", "puntType": "balie", "materialen": ["pet-groot", "pet-klein", "blik"], "uitbetaling": [], "vrijToegankelijk": false, "gemeenteBeperking": null, "openingstijden": {"ma": "Gesloten", "di": "Gesloten", "wo": "Gesloten", "do": "Gesloten", "vr": "Gesloten", "za": "09:00–17:00", "zo": "Gesloten"}, "latitude": 52.1013749, "longitude": 4.5952661, "bronId": "259161"}}, {"type": "Feature", "geometry": {"type": "Point", "coordinates": [4.6888601, 52.1467221]}, "properties": {"type": "inleverpunt", "locatieNaam": "ViaTim", "straatNaam": "Boterbloemweg", "straatNr": "152", "postcode": "2403 TX", "plaats": "Alphen Aan Den Rijn", "merk": "StatiegeldNederland", "puntType": "balie", "materialen": ["pet-groot", "pet-klein", "blik"], "uitbetaling": ["tikkie"], "vrijToegankelijk": true, "gemeenteBeperking": null, "openingstijden": null, "latitude": 52.1467221, "longitude": 4.6888601, "bronId": "259231"}}, {"type": "Feature", "geometry": {"type": "Point", "coordinates": [4.5809537, 52.093325]}, "properties": {"type": "inleverpunt", "locatieNaam": "ViaTim", "straatNaam": "Breitnerlaan", "straatNr": "24a", "postcode": "2391 GC", "plaats": "Hazerswoude-dorp", "merk": "StatiegeldNederland", "puntType": "balie", "materialen": ["pet-groot", "pet-klein", "blik"], "uitbetaling": ["tikkie"], "vrijToegankelijk": true, "gemeenteBeperking": null, "openingstijden": null, "latitude": 52.093325, "longitude": 4.5809537, "bronId": "259234"}}, {"type": "Feature", "geometry": {"type": "Point", "coordinates": [4.6570951, 52.1416892]}, "properties": {"type": "inleverpunt", "locatieNaam": "ViaTim", "straatNaam": "Prins Bernhardlaan", "straatNr": "38", "postcode": "2405 VT", "plaats": "Alphen Aan Den Rijn", "merk": "StatiegeldNederland", "puntType": "balie", "materialen": ["pet-groot", "pet-klein", "blik"], "uitbetaling": ["tikkie"], "vrijToegankelijk": true, "gemeenteBeperking": null, "openingstijden": null, "latitude": 52.1416892, "longitude": 4.6570951, "bronId": "259450"}}, {"type": "Feature", "geometry": {"type": "Point", "coordinates": [4.6545813, 52.1475047]}, "properties": {"type": "inleverpunt", "locatieNaam": "ViaTim", "straatNaam": "Volkerak", "straatNr": "77", "postcode": "2401 DH", "plaats": "Alphen Aan Den Rijn", "merk": "StatiegeldNederland", "puntType": "balie", "materialen": ["pet-groot", "pet-klein", "blik"], "uitbetaling": ["tikkie"], "vrijToegankelijk": true, "gemeenteBeperking": null, "openingstijden": {"ma": "15:30–21:00", "di": "15:30–21:00", "wo": "15:30–21:00", "do": "15:30–21:00", "vr": "15:30–21:00", "za": "15:30–21:00", "zo": "Gesloten"}, "latitude": 52.1475047, "longitude": 4.6545813, "bronId": "259521"}}, {"type": "Feature", "geometry": {"type": "Point", "coordinates": [4.7221155, 52.1041145]}, "properties": {"type": "inleverpunt", "locatieNaam": "Voetbalvereniging Zwammerdam", "straatNaam": "Spoorlaan", "straatNr": "12", "postcode": "2471 PA", "plaats": "Zwammerdam", "merk": "StatiegeldNederland", "puntType": "balie", "materialen": ["pet-groot", "pet-klein", "blik"], "uitbetaling": [], "vrijToegankelijk": false, "gemeenteBeperking": null, "openingstijden": {"ma": "19:00–20:00", "di": "19:30–22:00", "wo": "19:30–23:00", "do": "18:00–23:00", "vr": "Gesloten", "za": "08:30–18:30", "zo": "Gesloten"}, "latitude": 52.1041145, "longitude": 4.7221155, "bronId": "259623"}}, {"type": "Feature", "geometry": {"type": "Point", "coordinates": [4.689166, 52.141243]}, "properties": {"type": "inleverpunt", "locatieNaam": "Kinderboerderij Zegersloot", "straatNaam": "Burgemeester Bruins Slotsingel", "straatNr": "11", "postcode": "2403 NC", "plaats": "Alphen aan den Rijn", "merk": "StichtingOPEN", "puntType": "balie", "materialen": ["batterijen", "elektro-klein", "lampen", "tl-buizen"], "uitbetaling": [], "vrijToegankelijk": false, "gemeenteBeperking": null, "openingstijden": null, "latitude": 52.141243, "longitude": 4.689166, "bronId": "SP00026658"}}, {"type": "Feature", "geometry": {"type": "Point", "coordinates": [4.679779, 52.078228]}, "properties": {"type": "inleverpunt", "locatieNaam": "Hoogvliet Boskoop", "straatNaam": "Goudse Rijweg", "straatNr": "83", "postcode": "2771 AN", "plaats": "Boskoop", "merk": "StichtingOPEN", "puntType": "balie", "materialen": ["batterijen", "elektro-klein", "lampen"], "uitbetaling": [], "vrijToegankelijk": false, "gemeenteBeperking": null, "openingstijden": null, "latitude": 52.078228, "longitude": 4.679779, "bronId": "SP00028448"}}, {"type": "Feature", "geometry": {"type": "Point", "coordinates": [4.674905, 52.143813]}, "properties": {"type": "inleverpunt", "locatieNaam": "380 Hoogvliet Alphen aan den Rijn", "straatNaam": "Ridderhof", "straatNr": "47", "postcode": "2402 EN", "plaats": "Alphen aan den Rijn", "merk": "StichtingOPEN", "puntType": "balie", "materialen": ["batterijen", "lampen"], "uitbetaling": [], "vrijToegankelijk": false, "gemeenteBeperking": null, "openingstijden": null, "latitude": 52.143813, "longitude": 4.674905, "bronId": "SP00023932"}}, {"type": "Feature", "geometry": {"type": "Point", "coordinates": [4.674838, 52.144681]}, "properties": {"type": "inleverpunt", "locatieNaam": "Action Alphen aan den Rijn 1344", "straatNaam": "Ridderhof", "straatNr": "21", "postcode": "2402 EM", "plaats": "Alphen aan den Rijn", "merk": "StichtingOPEN", "puntType": "balie", "materialen": ["batterijen", "lampen"], "uitbetaling": [], "vrijToegankelijk": false, "gemeenteBeperking": null, "openingstijden": null, "latitude": 52.144681, "longitude": 4.674838, "bronId": "SP00007908"}}, {"type": "Feature", "geometry": {"type": "Point", "coordinates": [4.674677, 52.143844]}, "properties": {"type": "inleverpunt", "locatieNaam": "Aldi Alphen a/d Rijn", "straatNaam": "Ridderhof", "straatNr": "55", "postcode": "2402 EN", "plaats": "Alphen a/d Rijn", "merk": "StichtingOPEN", "puntType": "balie", "materialen": ["batterijen", "lampen"], "uitbetaling": [], "vrijToegankelijk": false, "gemeenteBeperking": null, "openingstijden": null, "latitude": 52.143844, "longitude": 4.674677, "bronId": "SP00027204"}}, {"type": "Feature", "geometry": {"type": "Point", "coordinates": [4.674352, 52.144114]}, "properties": {"type": "inleverpunt", "locatieNaam": "Kruidvat Alphen aan den Rijn", "straatNaam": "Ridderhof", "straatNr": "26", "postcode": "2402 EN", "plaats": "Alphen aan den Rijn", "merk": "StichtingOPEN", "puntType": "balie", "materialen": ["batterijen", "lampen"], "uitbetaling": [], "vrijToegankelijk": false, "gemeenteBeperking": null, "openingstijden": null, "latitude": 52.144114, "longitude": 4.674352, "bronId": "SP00024681"}}, {"type": "Feature", "geometry": {"type": "Point", "coordinates": [4.673859, 52.144923]}, "properties": {"type": "inleverpunt", "locatieNaam": "1180 Albert Heijn Alphen aan den Rijn", "straatNaam": "Ridderhof", "straatNr": "2", "postcode": "2402 EN", "plaats": "Alphen aan den Rijn", "merk": "StichtingOPEN", "puntType": "balie", "materialen": ["batterijen", "elektro-klein", "lampen"], "uitbetaling": [], "vrijToegankelijk": false, "gemeenteBeperking": null, "openingstijden": null, "latitude": 52.144923, "longitude": 4.673859, "bronId": "SP00022907"}}, {"type": "Feature", "geometry": {"type": "Point", "coordinates": [4.664958, 52.115157]}, "properties": {"type": "inleverpunt", "locatieNaam": "Controllux BV", "straatNaam": "Tankval", "straatNr": "5", "postcode": "2408 ZC", "plaats": "Alphen aan den Rijn", "merk": "StichtingOPEN", "puntType": "balie", "materialen": ["batterijen", "elektro-klein", "elektro-middel", "lampen", "tl-buizen"], "uitbetaling": [], "vrijToegankelijk": false, "gemeenteBeperking": null, "openingstijden": null, "latitude": 52.115157, "longitude": 4.664958, "bronId": "SP00021677"}}, {"type": "Feature", "geometry": {"type": "Point", "coordinates": [4.665526, 52.12961]}, "properties": {"type": "inleverpunt", "locatieNaam": "1210 Albert Heijn Alphen aan den Rijn", "straatNaam": "De Aarhof", "straatNr": "61", "postcode": "2406 BT", "plaats": "Alphen aan den Rijn", "merk": "StichtingOPEN", "puntType": "balie", "materialen": ["batterijen", "elektro-klein", "lampen"], "uitbetaling": [], "vrijToegankelijk": false, "gemeenteBeperking": null, "openingstijden": null, "latitude": 52.12961, "longitude": 4.665526, "bronId": "SP00022898"}}, {"type": "Feature", "geometry": {"type": "Point", "coordinates": [4.663391, 52.12987]}, "properties": {"type": "inleverpunt", "locatieNaam": "Kruidvat Alphen aan den Rijn", "straatNaam": "Van Mandersloostraat", "straatNr": "39", "postcode": "2406 CB", "plaats": "Alphen aan den Rijn", "merk": "StichtingOPEN", "puntType": "balie", "materialen": ["batterijen", "lampen"], "uitbetaling": [], "vrijToegankelijk": false, "gemeenteBeperking": null, "openingstijden": null, "latitude": 52.12987, "longitude": 4.663391, "bronId": "SP00024674"}}, {"type": "Feature", "geometry": {"type": "Point", "coordinates": [4.661564, 52.129499]}, "properties": {"type": "inleverpunt", "locatieNaam": "Media Markt Alphen aan den Rijn BV", "straatNaam": "Rijnplein", "straatNr": "9", "postcode": "2405 DB", "plaats": "Alphen aan den Rijn", "merk": "StichtingOPEN", "puntType": "balie", "materialen": ["elektro-klein", "elektro-middel", "lampen", "tl-buizen"], "uitbetaling": [], "vrijToegankelijk": false, "gemeenteBeperking": null, "openingstijden": null, "latitude": 52.129499, "longitude": 4.661564, "bronId": "SP00000078"}}, {"type": "Feature", "geometry": {"type": "Point", "coordinates": [4.66091, 52.127964]}, "properties": {"type": "inleverpunt", "locatieNaam": "730 Hoogvliet Alphen aan den Rijn", "straatNaam": "Julianastraat", "straatNr": "45", "postcode": "2405 CG", "plaats": "Alphen aan den Rijn", "merk": "StichtingOPEN", "puntType": "balie", "materialen": ["batterijen", "lampen"], "uitbetaling": [], "vrijToegankelijk": false, "gemeenteBeperking": null, "openingstijden": null, "latitude": 52.127964, "longitude": 4.66091, "bronId": "SP00023960"}}, {"type": "Feature", "geometry": {"type": "Point", "coordinates": [4.659979, 52.075381]}, "properties": {"type": "inleverpunt", "locatieNaam": "Windhorst Techniek", "straatNaam": "Burgemeester Colijnstraat", "straatNr": "33", "postcode": "2771 GE", "plaats": "Boskoop", "merk": "StichtingOPEN", "puntType": "balie", "materialen": ["elektro-middel", "lampen"], "uitbetaling": [], "vrijToegankelijk": false, "gemeenteBeperking": null, "openingstijden": null, "latitude": 52.075381, "longitude": 4.659979, "bronId": "SP00028567"}}, {"type": "Feature", "geometry": {"type": "Point", "coordinates": [4.6597, 52.075576]}, "properties": {"type": "inleverpunt", "locatieNaam": "750 Hoogvliet Boskoop", "straatNaam": "Burgemeester Colijnstraat", "straatNr": "2632", "postcode": "2771 GE", "plaats": "Boskoop", "merk": "StichtingOPEN", "puntType": "balie", "materialen": ["batterijen", "lampen"], "uitbetaling": [], "vrijToegankelijk": false, "gemeenteBeperking": null, "openingstijden": null, "latitude": 52.075576, "longitude": 4.6597, "bronId": "SP00023962"}}, {"type": "Feature", "geometry": {"type": "Point", "coordinates": [4.659842, 52.137902]}, "properties": {"type": "inleverpunt", "locatieNaam": "Attent Alphen aan den Rijn", "straatNaam": "Grijpensteinstraat", "straatNr": "19", "postcode": "2405 GM", "plaats": "Alphen aan den Rijn", "merk": "StichtingOPEN", "puntType": "balie", "materialen": ["batterijen", "lampen"], "uitbetaling": [], "vrijToegankelijk": false, "gemeenteBeperking": null, "openingstijden": null, "latitude": 52.137902, "longitude": 4.659842, "bronId": "SP00025828"}}, {"type": "Feature", "geometry": {"type": "Point", "coordinates": [4.66192, 52.151]}, "properties": {"type": "inleverpunt", "locatieNaam": "Kruidvat Alphen aan den Rijn", "straatNaam": "Herenhof", "straatNr": "10", "postcode": "2402 DM", "plaats": "Alphen aan den Rijn", "merk": "StichtingOPEN", "puntType": "balie", "materialen": ["batterijen", "lampen"], "uitbetaling": [], "vrijToegankelijk": false, "gemeenteBeperking": null, "openingstijden": null, "latitude": 52.151, "longitude": 4.66192, "bronId": "SP00029725"}}, {"type": "Feature", "geometry": {"type": "Point", "coordinates": [4.658331, 52.073778]}, "properties": {"type": "inleverpunt", "locatieNaam": "1590 Albert Heijn Boskoop", "straatNaam": "Koninginneweg", "straatNr": "11b", "postcode": "2771 DN", "plaats": "Boskoop", "merk": "StichtingOPEN", "puntType": "balie", "materialen": ["batterijen", "elektro-klein", "lampen"], "uitbetaling": [], "vrijToegankelijk": false, "gemeenteBeperking": null, "openingstijden": null, "latitude": 52.073778, "longitude": 4.658331, "bronId": "SP00023277"}}, {"type": "Feature", "geometry": {"type": "Point", "coordinates": [4.65822, 52.07407]}, "properties": {"type": "inleverpunt", "locatieNaam": "Kruidvat Boskoop", "straatNaam": "Koninginneweg", "straatNr": "1h", "postcode": "2771 DN", "plaats": "Boskoop", "merk": "StichtingOPEN", "puntType": "balie", "materialen": ["batterijen", "lampen"], "uitbetaling": [], "vrijToegankelijk": false, "gemeenteBeperking": null, "openingstijden": null, "latitude": 52.07407, "longitude": 4.65822, "bronId": "SP00029538"}}, {"type": "Feature", "geometry": {"type": "Point", "coordinates": [4.661405, 52.15054]}, "properties": {"type": "inleverpunt", "locatieNaam": "Jumbo Alphen aan den Rijn", "straatNaam": "Herenhof", "straatNr": "183", "postcode": "2402 DK", "plaats": "Alphen aan den Rijn", "merk": "StichtingOPEN", "puntType": "balie", "materialen": ["batterijen", "lampen"], "uitbetaling": [], "vrijToegankelijk": false, "gemeenteBeperking": null, "openingstijden": null, "latitude": 52.15054, "longitude": 4.661405, "bronId": "SP00025242"}}, {"type": "Feature", "geometry": {"type": "Point", "coordinates": [4.660432, 52.151389]}, "properties": {"type": "inleverpunt", "locatieNaam": "1508 Albert Heijn Alphen aan den Rijn", "straatNaam": "Herenhof", "straatNr": "74", "postcode": "2402 DN", "plaats": "Alphen aan den Rijn", "merk": "StichtingOPEN", "puntType": "balie", "materialen": ["batterijen", "lampen"], "uitbetaling": [], "vrijToegankelijk": false, "gemeenteBeperking": null, "openingstijden": null, "latitude": 52.151389, "longitude": 4.660432, "bronId": "SP00022911"}}, {"type": "Feature", "geometry": {"type": "Point", "coordinates": [4.655678, 52.131755]}, "properties": {"type": "inleverpunt", "locatieNaam": "Kinderboerderij Bospark", "straatNaam": "Parklaan", "straatNr": "2", "postcode": "2404 NC", "plaats": "Alphen aan den Rijn", "merk": "StichtingOPEN", "puntType": "balie", "materialen": ["elektro-klein"], "uitbetaling": [], "vrijToegankelijk": false, "gemeenteBeperking": null, "openingstijden": null, "latitude": 52.131755, "longitude": 4.655678, "bronId": "SP00027633"}}, {"type": "Feature", "geometry": {"type": "Point", "coordinates": [4.651748, 52.123857]}, "properties": {"type": "inleverpunt", "locatieNaam": "Kruidvat Alphen aan den Rijn", "straatNaam": "Provinciepassage", "straatNr": "4349", "postcode": "2408 GT", "plaats": "Alphen aan den Rijn", "merk": "StichtingOPEN", "puntType": "balie", "materialen": ["batterijen", "lampen"], "uitbetaling": [], "vrijToegankelijk": false, "gemeenteBeperking": null, "openingstijden": null, "latitude": 52.123857, "longitude": 4.651748, "bronId": "SP00024907"}}, {"type": "Feature", "geometry": {"type": "Point", "coordinates": [4.651553, 52.124388]}, "properties": {"type": "inleverpunt", "locatieNaam": "410 Hoogvliet Alphen aan den Rijn", "straatNaam": "Provinciepassage", "straatNr": "108", "postcode": "2408 EV", "plaats": "Alphen aan den Rijn", "merk": "StichtingOPEN", "puntType": "balie", "materialen": ["batterijen", "lampen"], "uitbetaling": [], "vrijToegankelijk": false, "gemeenteBeperking": null, "openingstijden": null, "latitude": 52.124388, "longitude": 4.651553, "bronId": "SP00023934"}}, {"type": "Feature", "geometry": {"type": "Point", "coordinates": [4.651628, 52.12612]}, "properties": {"type": "inleverpunt", "locatieNaam": "Aldi Alphen a/d Rijn", "straatNaam": "Euromarkt", "straatNr": "89-97", "postcode": "2408 BC", "plaats": "Alphen a/d Rijn", "merk": "StichtingOPEN", "puntType": "balie", "materialen": ["batterijen", "elektro-klein", "lampen"], "uitbetaling": [], "vrijToegankelijk": false, "gemeenteBeperking": null, "openingstijden": null, "latitude": 52.12612, "longitude": 4.651628, "bronId": "SP00027205"}}, {"type": "Feature", "geometry": {"type": "Point", "coordinates": [4.650373, 52.127176]}, "properties": {"type": "inleverpunt", "locatieNaam": "GAMMA Alphen aan den Rijn", "straatNaam": "Euromarkt", "straatNr": "119", "postcode": "2408 BD", "plaats": "Alphen aan den Rijn", "merk": "StichtingOPEN", "puntType": "balie", "materialen": ["batterijen", "elektro-middel", "lampen", "tl-buizen"], "uitbetaling": [], "vrijToegankelijk": false, "gemeenteBeperking": null, "openingstijden": null, "latitude": 52.127176, "longitude": 4.650373, "bronId": "SP00003150"}}, {"type": "Feature", "geometry": {"type": "Point", "coordinates": [4.650653, 52.134861]}, "properties": {"type": "inleverpunt", "locatieNaam": "Action Alphen aan de Rijn 1298", "straatNaam": "Baronie", "straatNr": "2", "postcode": "2404 XG", "plaats": "Alphen aan den Rijn", "merk": "StichtingOPEN", "puntType": "balie", "materialen": ["batterijen", "lampen"], "uitbetaling": [], "vrijToegankelijk": false, "gemeenteBeperking": null, "openingstijden": null, "latitude": 52.134861, "longitude": 4.650653, "bronId": "SP00007867"}}, {"type": "Feature", "geometry": {"type": "Point", "coordinates": [4.650415, 52.134901]}, "properties": {"type": "inleverpunt", "locatieNaam": "Kruidvat Alphen aan den Rijn", "straatNaam": "Baronie", "straatNr": "7478", "postcode": "2404 XH", "plaats": "Alphen aan den Rijn", "merk": "StichtingOPEN", "puntType": "balie", "materialen": ["batterijen", "lampen"], "uitbetaling": [], "vrijToegankelijk": false, "gemeenteBeperking": null, "openingstijden": null, "latitude": 52.134901, "longitude": 4.650415, "bronId": "SP00024676"}}, {"type": "Feature", "geometry": {"type": "Point", "coordinates": [4.649709, 52.135091]}, "properties": {"type": "inleverpunt", "locatieNaam": "660 Hoogvliet Alphen aan den Rijn", "straatNaam": "Baronie", "straatNr": "88", "postcode": "2404 XH", "plaats": "Alphen aan den Rijn", "merk": "StichtingOPEN", "puntType": "balie", "materialen": ["batterijen", "lampen"], "uitbetaling": [], "vrijToegankelijk": false, "gemeenteBeperking": null, "openingstijden": null, "latitude": 52.135091, "longitude": 4.649709, "bronId": "SP00023955"}}, {"type": "Feature", "geometry": {"type": "Point", "coordinates": [4.649013, 52.136386]}, "properties": {"type": "inleverpunt", "locatieNaam": "KARWEI Alphen aan den Rijn", "straatNaam": "Van Foreestlaan", "straatNr": "2", "postcode": "2404 HC", "plaats": "Alphen aan den Rijn", "merk": "StichtingOPEN", "puntType": "balie", "materialen": ["batterijen", "elektro-klein", "elektro-middel", "lampen", "tl-buizen"], "uitbetaling": [], "vrijToegankelijk": false, "gemeenteBeperking": null, "openingstijden": null, "latitude": 52.136386, "longitude": 4.649013, "bronId": "SP00001005"}}, {"type": "Feature", "geometry": {"type": "Point", "coordinates": [4.648299, 52.064915]}, "properties": {"type": "inleverpunt", "locatieNaam": "720 Hoogvliet Boskoop", "straatNaam": "Linnaeusweg", "straatNr": "106", "postcode": "2771 HH", "plaats": "Boskoop", "merk": "StichtingOPEN", "puntType": "balie", "materialen": ["batterijen", "lampen"], "uitbetaling": [], "vrijToegankelijk": false, "gemeenteBeperking": null, "openingstijden": null, "latitude": 52.064915, "longitude": 4.648299, "bronId": "SP00023959"}}, {"type": "Feature", "geometry": {"type": "Point", "coordinates": [4.647542, 52.135931]}, "properties": {"type": "inleverpunt", "locatieNaam": "43 - Bouwmaat Alphen ad Rijn", "straatNaam": "Van Foreestlaan", "straatNr": "1", "postcode": "2404 HC", "plaats": "Alphen aan den Rijn", "merk": "StichtingOPEN", "puntType": "balie", "materialen": ["lampen", "tl-buizen"], "uitbetaling": [], "vrijToegankelijk": false, "gemeenteBeperking": null, "openingstijden": null, "latitude": 52.135931, "longitude": 4.647542, "bronId": "SP00032961"}}, {"type": "Feature", "geometry": {"type": "Point", "coordinates": [4.644607, 52.067244]}, "properties": {"type": "inleverpunt", "locatieNaam": "Kinderboerderij De Contactweide", "straatNaam": "Snijdelwijklaan", "straatNr": "6", "postcode": "2771 SX", "plaats": "Boskoop", "merk": "StichtingOPEN", "puntType": "balie", "materialen": ["batterijen", "elektro-groot", "elektro-klein", "elektro-middel", "lampen", "tl-buizen"], "uitbetaling": [], "vrijToegankelijk": false, "gemeenteBeperking": null, "openingstijden": null, "latitude": 52.067244, "longitude": 4.644607, "bronId": "SP00006444"}}, {"type": "Feature", "geometry": {"type": "Point", "coordinates": [4.642308, 52.071665]}, "properties": {"type": "inleverpunt", "locatieNaam": "Aldi Boskoop", "straatNaam": "Puttelaan", "straatNr": "142", "postcode": "2771 SV", "plaats": "Boskoop", "merk": "StichtingOPEN", "puntType": "balie", "materialen": ["batterijen", "elektro-klein", "lampen"], "uitbetaling": [], "vrijToegankelijk": false, "gemeenteBeperking": null, "openingstijden": null, "latitude": 52.071665, "longitude": 4.642308, "bronId": "SP00027208"}}, {"type": "Feature", "geometry": {"type": "Point", "coordinates": [4.632214, 52.075869]}, "properties": {"type": "inleverpunt", "locatieNaam": "Karwei Boskoop", "straatNaam": "Westpark", "straatNr": "1", "postcode": "2771 RV", "plaats": "Boskoop", "merk": "StichtingOPEN", "puntType": "balie", "materialen": ["elektro-middel", "lampen", "tl-buizen"], "uitbetaling": [], "vrijToegankelijk": false, "gemeenteBeperking": null, "openingstijden": null, "latitude": 52.075869, "longitude": 4.632214, "bronId": "SP00008123"}}, {"type": "Feature", "geometry": {"type": "Point", "coordinates": [4.626227, 52.079805]}, "properties": {"type": "inleverpunt", "locatieNaam": "Wildkamp Hazerswoude", "straatNaam": "Italiëlaan", "straatNr": "10", "postcode": "2391 PT", "plaats": "Hazerswoude-Dorp", "merk": "StichtingOPEN", "puntType": "balie", "materialen": ["lampen", "tl-buizen"], "uitbetaling": [], "vrijToegankelijk": false, "gemeenteBeperking": null, "openingstijden": null, "latitude": 52.079805, "longitude": 4.626227, "bronId": "SP00020242"}}, {"type": "Feature", "geometry": {"type": "Point", "coordinates": [4.600753, 52.132993]}, "properties": {"type": "inleverpunt", "locatieNaam": "8742 Albert Heijn Koudekerk aan den Rijn", "straatNaam": "Prins Bernhardstraat", "straatNr": "9", "postcode": "2396 GA", "plaats": "Koudekerk aan den Rijn", "merk": "StichtingOPEN", "puntType": "balie", "materialen": ["batterijen", "elektro-klein", "lampen"], "uitbetaling": [], "vrijToegankelijk": false, "gemeenteBeperking": null, "openingstijden": null, "latitude": 52.132993, "longitude": 4.600753, "bronId": "SP00022900"}}, {"type": "Feature", "geometry": {"type": "Point", "coordinates": [4.592135, 52.097144]}, "properties": {"type": "inleverpunt", "locatieNaam": "Kruidvat Hazerswoude-Dorp", "straatNaam": "Ambachtsplein", "straatNr": "12", "postcode": "2391 BD", "plaats": "Hazerswoude-Dorp", "merk": "StichtingOPEN", "puntType": "balie", "materialen": ["batterijen", "lampen"], "uitbetaling": [], "vrijToegankelijk": false, "gemeenteBeperking": null, "openingstijden": null, "latitude": 52.097144, "longitude": 4.592135, "bronId": "SP00024663"}}, {"type": "Feature", "geometry": {"type": "Point", "coordinates": [4.591798, 52.09686]}, "properties": {"type": "inleverpunt", "locatieNaam": "4034 Albert Heijn Hazerswoude-Dorp", "straatNaam": "Oude Gemeneweg", "straatNr": "57", "postcode": "2391 BE", "plaats": "Hazerswoude-Dorp", "merk": "StichtingOPEN", "puntType": "balie", "materialen": ["batterijen", "elektro-klein", "lampen"], "uitbetaling": [], "vrijToegankelijk": false, "gemeenteBeperking": null, "openingstijden": null, "latitude": 52.09686, "longitude": 4.591798, "bronId": "SP00023307"}}, {"type": "Feature", "geometry": {"type": "Point", "coordinates": [4.587436, 52.12795]}, "properties": {"type": "inleverpunt", "locatieNaam": "140 Hoogvliet Hazerswoude-Rijndijk", "straatNaam": "Willem Kloosstraat", "straatNr": "66", "postcode": "2394 BD", "plaats": "Hazerswoude-Rijndijk", "merk": "StichtingOPEN", "puntType": "balie", "materialen": ["batterijen", "elektro-klein", "lampen"], "uitbetaling": [], "vrijToegankelijk": false, "gemeenteBeperking": null, "openingstijden": null, "latitude": 52.12795, "longitude": 4.587436, "bronId": "SP00023911"}}, {"type": "Feature", "geometry": {"type": "Point", "coordinates": [4.551185, 52.137555]}, "properties": {"type": "inleverpunt", "locatieNaam": "Action Hazerswoude-Rijndijk", "straatNaam": "Rijndijk", "straatNr": "2f", "postcode": "2394 AH", "plaats": "Hazerswoude-Rijndijk", "merk": "StichtingOPEN", "puntType": "balie", "materialen": ["batterijen", "lampen"], "uitbetaling": [], "vrijToegankelijk": false, "gemeenteBeperking": null, "openingstijden": null, "latitude": 52.137555, "longitude": 4.551185, "bronId": "SP00025554"}}, {"type": "Feature", "geometry": {"type": "Point", "coordinates": [4.543149, 52.076543]}, "properties": {"type": "inleverpunt", "locatieNaam": "PLUS Benthuizen", "straatNaam": "Prins Willem-Alexanderplein", "straatNr": "7", "postcode": "2731 EJ", "plaats": "Benthuizen", "merk": "StichtingOPEN", "puntType": "balie", "materialen": ["batterijen", "lampen"], "uitbetaling": [], "vrijToegankelijk": false, "gemeenteBeperking": null, "openingstijden": null, "latitude": 52.076543, "longitude": 4.543149, "bronId": "SP00024150"}}, {"type": "Feature", "geometry": {"type": "Point", "coordinates": [4.540085, 52.078191]}, "properties": {"type": "inleverpunt", "locatieNaam": "201 Isero - Alphen a/d Rijn", "straatNaam": "A. van Leeuwenhoekweg", "straatNr": "31", "postcode": "2408 AK", "plaats": "Alphen aan den Rijn", "merk": "StichtingOPEN", "puntType": "balie", "materialen": ["elektro-klein", "lampen", "tl-buizen"], "uitbetaling": [], "vrijToegankelijk": false, "gemeenteBeperking": null, "openingstijden": null, "latitude": 52.078191, "longitude": 4.540085, "bronId": "SP00032355"}}, {"type": "Feature", "geometry": {"type": "Point", "coordinates": [4.681207, 52.115281]}, "properties": {"type": "inleverpunt", "locatieNaam": "Ecopark de Limes", "straatNaam": "Limes-lus", "straatNr": "5", "postcode": "2407 AK", "plaats": "Alphen aan den Rijn", "merk": "StichtingOPEN", "puntType": "milieustraat", "materialen": ["batterijen", "elektro-groot", "elektro-klein", "elektro-middel", "lampen", "tl-buizen"], "uitbetaling": [], "vrijToegankelijk": false, "gemeenteBeperking": ["Alphen aan den Rijn"], "openingstijden": null, "latitude": 52.115281, "longitude": 4.681207, "bronId": "SP00030659"}}, {"type": "Feature", "geometry": {"type": "Point", "coordinates": [4.6797689, 52.0780792]}, "properties": {"type": "inleverpunt", "locatieNaam": "710 Hoogvliet", "straatNaam": "Goudse Rijweg", "straatNr": "83", "postcode": "2771 AN", "plaats": "Boskoop", "merk": "Stibat", "puntType": "inzamelbak", "materialen": ["batterijen"], "uitbetaling": [], "vrijToegankelijk": false, "gemeenteBeperking": null, "openingstijden": null, "latitude": 52.0780792, "longitude": 4.6797689, "bronId": "L009276"}}, {"type": "Feature", "geometry": {"type": "Point", "coordinates": [4.673543, 52.0785823]}, "properties": {"type": "inleverpunt", "locatieNaam": "De Fietsenmaker Boskoop", "straatNaam": "Biezen", "straatNr": "118B", "postcode": "2771 CN", "plaats": "Boskoop", "merk": "Stibat", "puntType": "inzamelbak", "materialen": ["batterijen"], "uitbetaling": [], "vrijToegankelijk": false, "gemeenteBeperking": null, "openingstijden": null, "latitude": 52.0785823, "longitude": 4.673543, "bronId": "L041832"}}, {"type": "Feature", "geometry": {"type": "Point", "coordinates": [4.6749062, 52.1437301]}, "properties": {"type": "inleverpunt", "locatieNaam": "Wibra", "straatNaam": "De Ridderhof", "straatNr": "51", "postcode": "2402 EN", "plaats": "Alphen aan den Rijn", "merk": "Stibat", "puntType": "inzamelbak", "materialen": ["batterijen"], "uitbetaling": [], "vrijToegankelijk": false, "gemeenteBeperking": null, "openingstijden": null, "latitude": 52.1437301, "longitude": 4.6749062, "bronId": "L023541"}}, {"type": "Feature", "geometry": {"type": "Point", "coordinates": [4.6748377, 52.143898]}, "properties": {"type": "inleverpunt", "locatieNaam": "380 Hoogvliet", "straatNaam": "Ridderhof", "straatNr": "47", "postcode": "2402 EN", "plaats": "Alphen aan den Rijn", "merk": "Stibat", "puntType": "inzamelbak", "materialen": ["batterijen"], "uitbetaling": [], "vrijToegankelijk": false, "gemeenteBeperking": null, "openingstijden": null, "latitude": 52.143898, "longitude": 4.6748377, "bronId": "L028054"}}, {"type": "Feature", "geometry": {"type": "Point", "coordinates": [4.6748463, 52.1446818]}, "properties": {"type": "inleverpunt", "locatieNaam": "Primera", "straatNaam": "Ridderhof", "straatNr": "20", "postcode": "2402 EN", "plaats": "Alphen aan den Rijn", "merk": "Stibat", "puntType": "inzamelbak", "materialen": ["batterijen"], "uitbetaling": [], "vrijToegankelijk": false, "gemeenteBeperking": null, "openingstijden": null, "latitude": 52.1446818, "longitude": 4.6748463, "bronId": "L032205"}}, {"type": "Feature", "geometry": {"type": "Point", "coordinates": [4.6748389, 52.1446811]}, "properties": {"type": "inleverpunt", "locatieNaam": "1344 Action", "straatNaam": "Ridderhof", "straatNr": "21", "postcode": "2402 EM", "plaats": "Alphen aan den Rijn", "merk": "Stibat", "puntType": "inzamelbak", "materialen": ["batterijen"], "uitbetaling": [], "vrijToegankelijk": false, "gemeenteBeperking": null, "openingstijden": null, "latitude": 52.1446811, "longitude": 4.6748389, "bronId": "L036855"}}, {"type": "Feature", "geometry": {"type": "Point", "coordinates": [4.6746771, 52.1438442]}, "properties": {"type": "inleverpunt", "locatieNaam": "Aldi", "straatNaam": "Ridderhof", "straatNr": "55", "postcode": "2402 EN", "plaats": "Alphen aan den Rijn", "merk": "Stibat", "puntType": "inzamelbak", "materialen": ["batterijen"], "uitbetaling": [], "vrijToegankelijk": false, "gemeenteBeperking": null, "openingstijden": null, "latitude": 52.1438442, "longitude": 4.6746771, "bronId": "L041180"}}, {"type": "Feature", "geometry": {"type": "Point", "coordinates": [4.6745693, 52.1442679]}, "properties": {"type": "inleverpunt", "locatieNaam": "Kruidvat", "straatNaam": "Ridderhof", "straatNr": "26", "postcode": "2402 EN", "plaats": "Alphen aan den Rijn", "merk": "Stibat", "puntType": "inzamelbak", "materialen": ["batterijen"], "uitbetaling": [], "vrijToegankelijk": false, "gemeenteBeperking": null, "openingstijden": null, "latitude": 52.1442679, "longitude": 4.6745693, "bronId": "L015819"}}, {"type": "Feature", "geometry": {"type": "Point", "coordinates": [4.6746368, 52.1450066]}, "properties": {"type": "inleverpunt", "locatieNaam": "6084 Etos", "straatNaam": "Winkelc.Ridderhof", "straatNr": "9", "postcode": "2402 EM", "plaats": "Alphen A/d Rijn", "merk": "Stibat", "puntType": "inzamelbak", "materialen": ["batterijen"], "uitbetaling": [], "vrijToegankelijk": false, "gemeenteBeperking": null, "openingstijden": null, "latitude": 52.1450066, "longitude": 4.6746368, "bronId": "L022632"}}, {"type": "Feature", "geometry": {"type": "Point", "coordinates": [4.6743544, 52.1453901]}, "properties": {"type": "inleverpunt", "locatieNaam": "Total", "straatNaam": "Troubadourweg", "straatNr": "6", "postcode": "2402 EP", "plaats": "Alphen aan den Rijn", "merk": "Stibat", "puntType": "inzamelbak", "materialen": ["batterijen"], "uitbetaling": [], "vrijToegankelijk": false, "gemeenteBeperking": null, "openingstijden": null, "latitude": 52.1453901, "longitude": 4.6743544, "bronId": "L021349"}}, {"type": "Feature", "geometry": {"type": "Point", "coordinates": [4.6739641, 52.1450018]}, "properties": {"type": "inleverpunt", "locatieNaam": "1180 Albert Heijn", "straatNaam": "Ridderhof", "straatNr": "2", "postcode": "2402 EN", "plaats": "Alphen aan den Rijn", "merk": "Stibat", "puntType": "inzamelbak", "materialen": ["batterijen"], "uitbetaling": [], "vrijToegankelijk": false, "gemeenteBeperking": null, "openingstijden": null, "latitude": 52.1450018, "longitude": 4.6739641, "bronId": "L006131"}}, {"type": "Feature", "geometry": {"type": "Point", "coordinates": [4.668537, 52.1172643]}, "properties": {"type": "inleverpunt", "locatieNaam": "Zeeman", "straatNaam": "De Schans", "straatNr": "15", "postcode": "2405 XX", "plaats": "Alphen aan den Rijn", "merk": "Stibat", "puntType": "inzamelbak", "materialen": ["batterijen"], "uitbetaling": [], "vrijToegankelijk": false, "gemeenteBeperking": null, "openingstijden": null, "latitude": 52.1172643, "longitude": 4.668537, "bronId": "L020705"}}, {"type": "Feature", "geometry": {"type": "Point", "coordinates": [4.6688508, 52.1276577]}, "properties": {"type": "inleverpunt", "locatieNaam": "Afvalbrengstation Ecopark De Limes", "straatNaam": "Limes-lus", "straatNr": "5", "postcode": "2407 AK", "plaats": "Alphen aan den Rijn", "merk": "Stibat", "puntType": "inzamelbak", "materialen": ["batterijen"], "uitbetaling": [], "vrijToegankelijk": false, "gemeenteBeperking": null, "openingstijden": null, "latitude": 52.1276577, "longitude": 4.6688508, "bronId": "L035625"}}, {"type": "Feature", "geometry": {"type": "Point", "coordinates": [4.6685761, 52.0753882]}, "properties": {"type": "inleverpunt", "locatieNaam": "Frank Fietsen", "straatNaam": "Valkenburgerlaan", "straatNr": "41", "postcode": "2771 CW", "plaats": "Boskoop", "merk": "Stibat", "puntType": "inzamelbak", "materialen": ["batterijen"], "uitbetaling": [], "vrijToegankelijk": false, "gemeenteBeperking": null, "openingstijden": null, "latitude": 52.0753882, "longitude": 4.6685761, "bronId": "L039081"}}, {"type": "Feature", "geometry": {"type": "Point", "coordinates": [4.66833, 52.1307459]}, "properties": {"type": "inleverpunt", "locatieNaam": "Bakker Fietsen", "straatNaam": "Bloemhofstraat", "straatNr": "39-43", "postcode": "2406 BR", "plaats": "Alphen aan den Rijn", "merk": "Stibat", "puntType": "inzamelbak", "materialen": ["batterijen"], "uitbetaling": [], "vrijToegankelijk": false, "gemeenteBeperking": null, "openingstijden": null, "latitude": 52.1307459, "longitude": 4.66833, "bronId": "L032965"}}, {"type": "Feature", "geometry": {"type": "Point", "coordinates": [4.67087, 52.1547604]}, "properties": {"type": "inleverpunt", "locatieNaam": "De Haan", "straatNaam": "Zegerbaan", "straatNr": "2", "postcode": "2402 NL", "plaats": "Alphen aan den Rijn", "merk": "Stibat", "puntType": "inzamelbak", "materialen": ["batterijen"], "uitbetaling": [], "vrijToegankelijk": false, "gemeenteBeperking": null, "openingstijden": null, "latitude": 52.1547604, "longitude": 4.67087, "bronId": "L044797"}}, {"type": "Feature", "geometry": {"type": "Point", "coordinates": [4.6650096, 52.1146904]}, "properties": {"type": "inleverpunt", "locatieNaam": "RC-Connect", "straatNaam": "Tankval", "straatNr": "14", "postcode": "2408 ZC", "plaats": "Alphen aan den Ryn", "merk": "Stibat", "puntType": "inzamelbak", "materialen": ["batterijen"], "uitbetaling": [], "vrijToegankelijk": false, "gemeenteBeperking": null, "openingstijden": null, "latitude": 52.1146904, "longitude": 4.6650096, "bronId": "L043618"}}, {"type": "Feature", "geometry": {"type": "Point", "coordinates": [4.6658379, 52.1294003]}, "properties": {"type": "inleverpunt", "locatieNaam": "Primera", "straatNaam": "De Aarhof", "straatNr": "70", "postcode": "2406 BT", "plaats": "Alphen aan den Rijn", "merk": "Stibat", "puntType": "inzamelbak", "materialen": ["batterijen"], "uitbetaling": [], "vrijToegankelijk": false, "gemeenteBeperking": null, "openingstijden": null, "latitude": 52.1294003, "longitude": 4.6658379, "bronId": "L038802"}}, {"type": "Feature", "geometry": {"type": "Point", "coordinates": [4.6655695, 52.1295046]}, "properties": {"type": "inleverpunt", "locatieNaam": "HEMA De Aarhof", "straatNaam": "De Aarhof", "straatNr": "65", "postcode": "2406 BT", "plaats": "Alphen aan den Rijn", "merk": "Stibat", "puntType": "inzamelbak", "materialen": ["batterijen"], "uitbetaling": [], "vrijToegankelijk": false, "gemeenteBeperking": null, "openingstijden": null, "latitude": 52.1295046, "longitude": 4.6655695, "bronId": "L008258"}}, {"type": "Feature", "geometry": {"type": "Point", "coordinates": [4.6655289, 52.1296125]}, "properties": {"type": "inleverpunt", "locatieNaam": "1210 Albert Heijn", "straatNaam": "De Aarhof", "straatNr": "61", "postcode": "2406 BT", "plaats": "Alphen aan den Rijn", "merk": "Stibat", "puntType": "inzamelbak", "materialen": ["batterijen"], "uitbetaling": [], "vrijToegankelijk": false, "gemeenteBeperking": null, "openingstijden": null, "latitude": 52.1296125, "longitude": 4.6655289, "bronId": "L005722"}}, {"type": "Feature", "geometry": {"type": "Point", "coordinates": [4.6648805, 52.1291941]}, "properties": {"type": "inleverpunt", "locatieNaam": "Handyman", "straatNaam": "De Aarhof", "straatNr": "4", "postcode": "2406 BT", "plaats": "Alphen aan den Rijn", "merk": "Stibat", "puntType": "inzamelbak", "materialen": ["batterijen"], "uitbetaling": [], "vrijToegankelijk": false, "gemeenteBeperking": null, "openingstijden": null, "latitude": 52.1291941, "longitude": 4.6648805, "bronId": "L014568"}}, {"type": "Feature", "geometry": {"type": "Point", "coordinates": [4.6648033, 52.1293274]}, "properties": {"type": "inleverpunt", "locatieNaam": "Zeeman", "straatNaam": "De Aarhof", "straatNr": "7", "postcode": "2406 BT", "plaats": "Alphen aan den Rijn", "merk": "Stibat", "puntType": "inzamelbak", "materialen": ["batterijen"], "uitbetaling": [], "vrijToegankelijk": false, "gemeenteBeperking": null, "openingstijden": null, "latitude": 52.1293274, "longitude": 4.6648033, "bronId": "L021161"}}, {"type": "Feature", "geometry": {"type": "Point", "coordinates": [4.6647558, 52.1294835]}, "properties": {"type": "inleverpunt", "locatieNaam": "7250 Etos", "straatNaam": "De Aarhof", "straatNr": "10", "postcode": "2406 BT", "plaats": "Alphen aan den Rijn", "merk": "Stibat", "puntType": "inzamelbak", "materialen": ["batterijen"], "uitbetaling": [], "vrijToegankelijk": false, "gemeenteBeperking": null, "openingstijden": null, "latitude": 52.1294835, "longitude": 4.6647558, "bronId": "L024066"}}, {"type": "Feature", "geometry": {"type": "Point", "coordinates": [4.6638312, 52.1297655]}, "properties": {"type": "inleverpunt", "locatieNaam": "Xenos", "straatNaam": "Van Mandersloostraat", "straatNr": "64", "postcode": "2406 CE", "plaats": "Alphen aan den Rijn", "merk": "Stibat", "puntType": "inzamelbak", "materialen": ["batterijen"], "uitbetaling": [], "vrijToegankelijk": false, "gemeenteBeperking": null, "openingstijden": null, "latitude": 52.1297655, "longitude": 4.6638312, "bronId": "L037050"}}, {"type": "Feature", "geometry": {"type": "Point", "coordinates": [4.6656213, 52.1425615]}, "properties": {"type": "inleverpunt", "locatieNaam": "Hoorstudio Strating", "straatNaam": "Sterrenlaan", "straatNr": "172", "postcode": "2402 BC", "plaats": "Alphen aan den Rijn", "merk": "Stibat", "puntType": "inzamelbak", "materialen": ["batterijen"], "uitbetaling": [], "vrijToegankelijk": false, "gemeenteBeperking": null, "openingstijden": null, "latitude": 52.1425615, "longitude": 4.6656213, "bronId": "L029684"}}, {"type": "Feature", "geometry": {"type": "Point", "coordinates": [4.663616, 52.128632]}, "properties": {"type": "inleverpunt", "locatieNaam": "Hans Anders", "straatNaam": "Van Boetzelaerstraat", "straatNr": "2", "postcode": "2406 BG", "plaats": "Alphen aan den Rijn", "merk": "Stibat", "puntType": "inzamelbak", "materialen": ["batterijen"], "uitbetaling": [], "vrijToegankelijk": false, "gemeenteBeperking": null, "openingstijden": null, "latitude": 52.128632, "longitude": 4.663616, "bronId": "L037729"}}, {"type": "Feature", "geometry": {"type": "Point", "coordinates": [4.6632952, 52.1269345]}, "properties": {"type": "inleverpunt", "locatieNaam": "Audio &amp; Video Specialist", "straatNaam": "Raadhuisstraat", "straatNr": "118", "postcode": "2406 AH", "plaats": "Alphen aan den Rijn", "merk": "Stibat", "puntType": "inzamelbak", "materialen": ["batterijen"], "uitbetaling": [], "vrijToegankelijk": false, "gemeenteBeperking": null, "openingstijden": null, "latitude": 52.1269345, "longitude": 4.6632952, "bronId": "L023388"}}, {"type": "Feature", "geometry": {"type": "Point", "coordinates": [4.6635841, 52.1296732]}, "properties": {"type": "inleverpunt", "locatieNaam": "DOUGLAS", "straatNaam": "Van Mandersloostraat", "straatNr": "58", "postcode": "2406 CE", "plaats": "Alphen A/d Rijn", "merk": "Stibat", "puntType": "inzamelbak", "materialen": ["batterijen"], "uitbetaling": [], "vrijToegankelijk": false, "gemeenteBeperking": null, "openingstijden": null, "latitude": 52.1296732, "longitude": 4.6635841, "bronId": "L049170"}}, {"type": "Feature", "geometry": {"type": "Point", "coordinates": [4.6635007, 52.1290693]}, "properties": {"type": "inleverpunt", "locatieNaam": "KPN winkel", "straatNaam": "Van Mandersloostraat", "straatNr": "32", "postcode": "2406 CD", "plaats": "Alphen aan den Rijn", "merk": "Stibat", "puntType": "inzamelbak", "materialen": ["batterijen"], "uitbetaling": [], "vrijToegankelijk": false, "gemeenteBeperking": null, "openingstijden": null, "latitude": 52.1290693, "longitude": 4.6635007, "bronId": "L032075"}}, {"type": "Feature", "geometry": {"type": "Point", "coordinates": [4.6652923, 52.142376]}, "properties": {"type": "inleverpunt", "locatieNaam": "Lekker Makkelijk De Driehoorne (Van Tol Retail)", "straatNaam": "Sterrenlaan", "straatNr": "170", "postcode": "2402 BC", "plaats": "Alphen aan den Rijn", "merk": "Stibat", "puntType": "inzamelbak", "materialen": ["batterijen"], "uitbetaling": [], "vrijToegankelijk": false, "gemeenteBeperking": null, "openingstijden": null, "latitude": 52.142376, "longitude": 4.6652923, "bronId": "L036628"}}, {"type": "Feature", "geometry": {"type": "Point", "coordinates": [4.6634274, 52.1293702]}, "properties": {"type": "inleverpunt", "locatieNaam": "Smartphone Service Alphen", "straatNaam": "Van Mandersloostraat", "straatNr": "19", "postcode": "2406 CB", "plaats": "Alphen aan den Rijn", "merk": "Stibat", "puntType": "inzamelbak", "materialen": ["batterijen"], "uitbetaling": [], "vrijToegankelijk": false, "gemeenteBeperking": null, "openingstijden": null, "latitude": 52.1293702, "longitude": 4.6634274, "bronId": "L049808"}}, {"type": "Feature", "geometry": {"type": "Point", "coordinates": [4.663413, 52.1298652]}, "properties": {"type": "inleverpunt", "locatieNaam": "Kruidvat", "straatNaam": "Van Mandersloostraat", "straatNr": "39", "postcode": "2406 CB", "plaats": "Alphen aan den Rijn", "merk": "Stibat", "puntType": "inzamelbak", "materialen": ["batterijen"], "uitbetaling": [], "vrijToegankelijk": false, "gemeenteBeperking": null, "openingstijden": null, "latitude": 52.1298652, "longitude": 4.663413, "bronId": "L015559"}}, {"type": "Feature", "geometry": {"type": "Point", "coordinates": [4.6634207, 52.1299925]}, "properties": {"type": "inleverpunt", "locatieNaam": "Perry", "straatNaam": "Van Mandersloostraat", "straatNr": "47", "postcode": "2406 CC", "plaats": "Alphen aan den Rijn", "merk": "Stibat", "puntType": "inzamelbak", "materialen": ["batterijen"], "uitbetaling": [], "vrijToegankelijk": false, "gemeenteBeperking": null, "openingstijden": null, "latitude": 52.1299925, "longitude": 4.6634207, "bronId": "L024685"}}, {"type": "Feature", "geometry": {"type": "Point", "coordinates": [4.6632724, 52.1299686]}, "properties": {"type": "inleverpunt", "locatieNaam": "ANWB", "straatNaam": "Van Mandersloostraat", "straatNr": "43", "postcode": "2406 CC", "plaats": "Alphen aan den Rijn", "merk": "Stibat", "puntType": "inzamelbak", "materialen": ["batterijen"], "uitbetaling": [], "vrijToegankelijk": false, "gemeenteBeperking": null, "openingstijden": null, "latitude": 52.1299686, "longitude": 4.6632724, "bronId": "L044607"}}, {"type": "Feature", "geometry": {"type": "Point", "coordinates": [4.663028, 52.0740621]}, "properties": {"type": "inleverpunt", "locatieNaam": "Expert", "straatNaam": "Gouwestraat", "straatNr": "20", "postcode": "2771 CH", "plaats": "Boskoop", "merk": "Stibat", "puntType": "inzamelbak", "materialen": ["batterijen"], "uitbetaling": [], "vrijToegankelijk": false, "gemeenteBeperking": null, "openingstijden": null, "latitude": 52.0740621, "longitude": 4.663028, "bronId": "L008971"}}, {"type": "Feature", "geometry": {"type": "Point", "coordinates": [4.6622307, 52.1308635]}, "properties": {"type": "inleverpunt", "locatieNaam": "Hoorstudio Strating", "straatNaam": "Wilhelminalaan", "straatNr": "6", "postcode": "2405 ED", "plaats": "Alphen aan den Rijn", "merk": "Stibat", "puntType": "inzamelbak", "materialen": ["batterijen"], "uitbetaling": [], "vrijToegankelijk": false, "gemeenteBeperking": null, "openingstijden": null, "latitude": 52.1308635, "longitude": 4.6622307, "bronId": "L026223"}}, {"type": "Feature", "geometry": {"type": "Point", "coordinates": [4.6614445, 52.1277106]}, "properties": {"type": "inleverpunt", "locatieNaam": "Wibra", "straatNaam": "Kerkstraat", "straatNr": "17", "postcode": "2405 CD", "plaats": "Alphen A/d Rijn", "merk": "Stibat", "puntType": "inzamelbak", "materialen": ["batterijen"], "uitbetaling": [], "vrijToegankelijk": false, "gemeenteBeperking": null, "openingstijden": null, "latitude": 52.1277106, "longitude": 4.6614445, "bronId": "L024437"}}, {"type": "Feature", "geometry": {"type": "Point", "coordinates": [4.6616755, 52.1300436]}, "properties": {"type": "inleverpunt", "locatieNaam": "Intertoys", "straatNaam": "Julianastraat", "straatNr": "91", "postcode": "2405 CG", "plaats": "Alphen aan den Rijn", "merk": "Stibat", "puntType": "inzamelbak", "materialen": ["batterijen"], "uitbetaling": [], "vrijToegankelijk": false, "gemeenteBeperking": null, "openingstijden": null, "latitude": 52.1300436, "longitude": 4.6616755, "bronId": "L007725"}}, {"type": "Feature", "geometry": {"type": "Point", "coordinates": [4.6613498, 52.1278807]}, "properties": {"type": "inleverpunt", "locatieNaam": "730 Hoogvliet", "straatNaam": "Julianastraat", "straatNr": "45", "postcode": "2405 CG", "plaats": "Alphen aan den Rijn", "merk": "Stibat", "puntType": "inzamelbak", "materialen": ["batterijen"], "uitbetaling": [], "vrijToegankelijk": false, "gemeenteBeperking": null, "openingstijden": null, "latitude": 52.1278807, "longitude": 4.6613498, "bronId": "L010292"}}, {"type": "Feature", "geometry": {"type": "Point", "coordinates": [4.6611093, 52.1288716]}, "properties": {"type": "inleverpunt", "locatieNaam": "Van der Louw Tweewielers", "straatNaam": "Castellumstraat", "straatNr": "1", "postcode": "2405 CB", "plaats": "Alphen aan den Rijn", "merk": "Stibat", "puntType": "inzamelbak", "materialen": ["batterijen"], "uitbetaling": [], "vrijToegankelijk": false, "gemeenteBeperking": null, "openingstijden": null, "latitude": 52.1288716, "longitude": 4.6611093, "bronId": "L032966"}}, {"type": "Feature", "geometry": {"type": "Point", "coordinates": [4.6608815, 52.1294546]}, "properties": {"type": "inleverpunt", "locatieNaam": "MediaMarkt", "straatNaam": "St Jorisstraat", "straatNr": "15", "postcode": "2405 CK", "plaats": "Alphen aan den Rijn", "merk": "Stibat", "puntType": "inzamelbak", "materialen": ["batterijen"], "uitbetaling": [], "vrijToegankelijk": false, "gemeenteBeperking": null, "openingstijden": null, "latitude": 52.1294546, "longitude": 4.6608815, "bronId": "L013995"}}, {"type": "Feature", "geometry": {"type": "Point", "coordinates": [4.6606232, 52.129305]}, "properties": {"type": "inleverpunt", "locatieNaam": "Specsavers", "straatNaam": "Sint Jorisstraat", "straatNr": "22", "postcode": "2405 CK", "plaats": "Alphen aan den Rijn", "merk": "Stibat", "puntType": "inzamelbak", "materialen": ["batterijen"], "uitbetaling": [], "vrijToegankelijk": false, "gemeenteBeperking": null, "openingstijden": null, "latitude": 52.129305, "longitude": 4.6606232, "bronId": "L045014"}}, {"type": "Feature", "geometry": {"type": "Point", "coordinates": [4.6601988, 52.0757775]}, "properties": {"type": "inleverpunt", "locatieNaam": "Hoogduijn Tweewielers", "straatNaam": "Burgemeester Colijnstraat", "straatNr": "53", "postcode": "2771 GG", "plaats": "Boskoop", "merk": "Stibat", "puntType": "inzamelbak", "materialen": ["batterijen"], "uitbetaling": [], "vrijToegankelijk": false, "gemeenteBeperking": null, "openingstijden": null, "latitude": 52.0757775, "longitude": 4.6601988, "bronId": "L033029"}}, {"type": "Feature", "geometry": {"type": "Point", "coordinates": [4.6599792, 52.0753818]}, "properties": {"type": "inleverpunt", "locatieNaam": "EP: Windhorst Techniek", "straatNaam": "Burgemeester Colijnstraat", "straatNr": "33", "postcode": "2771 GE", "plaats": "Boskoop", "merk": "Stibat", "puntType": "inzamelbak", "materialen": ["batterijen"], "uitbetaling": [], "vrijToegankelijk": false, "gemeenteBeperking": null, "openingstijden": null, "latitude": 52.0753818, "longitude": 4.6599792, "bronId": "L029528"}}, {"type": "Feature", "geometry": {"type": "Point", "coordinates": [4.661663, 52.1427233]}, "properties": {"type": "inleverpunt", "locatieNaam": "Schoonenberg Hoorcomfort", "straatNaam": "Meteoorlaan", "straatNr": "4", "postcode": "2402 WC", "plaats": "Alphen aan den Rijn", "merk": "Stibat", "puntType": "inzamelbak", "materialen": ["batterijen"], "uitbetaling": [], "vrijToegankelijk": false, "gemeenteBeperking": null, "openingstijden": null, "latitude": 52.1427233, "longitude": 4.661663, "bronId": "L021615"}}, {"type": "Feature", "geometry": {"type": "Point", "coordinates": [4.659579, 52.0750553]}, "properties": {"type": "inleverpunt", "locatieNaam": "Oorwerk", "straatNaam": "Burgemeester Colijnstraat", "straatNr": "21", "postcode": "2771 GE", "plaats": "Boskoop", "merk": "Stibat", "puntType": "inzamelbak", "materialen": ["batterijen"], "uitbetaling": [], "vrijToegankelijk": false, "gemeenteBeperking": null, "openingstijden": null, "latitude": 52.0750553, "longitude": 4.659579, "bronId": "L048258"}}, {"type": "Feature", "geometry": {"type": "Point", "coordinates": [4.6595113, 52.0750381]}, "properties": {"type": "inleverpunt", "locatieNaam": "750 Hoogvliet", "straatNaam": "Colijnstraat", "straatNr": "26-32", "postcode": "2771 GE", "plaats": "Boskoop", "merk": "Stibat", "puntType": "inzamelbak", "materialen": ["batterijen"], "uitbetaling": [], "vrijToegankelijk": false, "gemeenteBeperking": null, "openingstijden": null, "latitude": 52.0750381, "longitude": 4.6595113, "bronId": "L008872"}}, {"type": "Feature", "geometry": {"type": "Point", "coordinates": [4.6594835, 52.0749571]}, "properties": {"type": "inleverpunt", "locatieNaam": "Intertoys", "straatNaam": "Kerkstraat", "straatNr": "7", "postcode": "2771 GS", "plaats": "Boskoop", "merk": "Stibat", "puntType": "inzamelbak", "materialen": ["batterijen"], "uitbetaling": [], "vrijToegankelijk": false, "gemeenteBeperking": null, "openingstijden": null, "latitude": 52.0749571, "longitude": 4.6594835, "bronId": "L026723"}}, {"type": "Feature", "geometry": {"type": "Point", "coordinates": [4.6588649, 52.0753763]}, "properties": {"type": "inleverpunt", "locatieNaam": "Zeeman", "straatNaam": "Burgemeester Colijnstraat", "straatNr": "22c", "postcode": "2771 GD", "plaats": "Boskoop", "merk": "Stibat", "puntType": "inzamelbak", "materialen": ["batterijen"], "uitbetaling": [], "vrijToegankelijk": false, "gemeenteBeperking": null, "openingstijden": null, "latitude": 52.0753763, "longitude": 4.6588649, "bronId": "L026320"}}, {"type": "Feature", "geometry": {"type": "Point", "coordinates": [4.6587293, 52.0737929]}, "properties": {"type": "inleverpunt", "locatieNaam": "Bruna", "straatNaam": "Koninginneweg", "straatNr": "6", "postcode": "2771 DN", "plaats": "Boskoop", "merk": "Stibat", "puntType": "inzamelbak", "materialen": ["batterijen"], "uitbetaling": [], "vrijToegankelijk": false, "gemeenteBeperking": null, "openingstijden": null, "latitude": 52.0737929, "longitude": 4.6587293, "bronId": "L022543"}}, {"type": "Feature", "geometry": {"type": "Point", "coordinates": [4.6585767, 52.0740415]}, "properties": {"type": "inleverpunt", "locatieNaam": "Niro Mobile", "straatNaam": "Koninginneweg", "straatNr": "2", "postcode": "2771 DN", "plaats": "Boskoop", "merk": "Stibat", "puntType": "inzamelbak", "materialen": ["batterijen"], "uitbetaling": [], "vrijToegankelijk": false, "gemeenteBeperking": null, "openingstijden": null, "latitude": 52.0740415, "longitude": 4.6585767, "bronId": "L039285"}}, {"type": "Feature", "geometry": {"type": "Point", "coordinates": [4.6583315, 52.0744825]}, "properties": {"type": "inleverpunt", "locatieNaam": "HEMA Zijde", "straatNaam": "Zijde", "straatNr": "3-7", "postcode": "2771 EJ", "plaats": "Boskoop", "merk": "Stibat", "puntType": "inzamelbak", "materialen": ["batterijen"], "uitbetaling": [], "vrijToegankelijk": false, "gemeenteBeperking": null, "openingstijden": null, "latitude": 52.0744825, "longitude": 4.6583315, "bronId": "L025047"}}, {"type": "Feature", "geometry": {"type": "Point", "coordinates": [4.6618063, 52.1510283]}, "properties": {"type": "inleverpunt", "locatieNaam": "Kruidvat", "straatNaam": "Herenhof", "straatNr": "10", "postcode": "2402 DM", "plaats": "Alphen aan den Rijn", "merk": "Stibat", "puntType": "inzamelbak", "materialen": ["batterijen"], "uitbetaling": [], "vrijToegankelijk": false, "gemeenteBeperking": null, "openingstijden": null, "latitude": 52.1510283, "longitude": 4.6618063, "bronId": "L040894"}}, {"type": "Feature", "geometry": {"type": "Point", "coordinates": [4.6582846, 52.0740667]}, "properties": {"type": "inleverpunt", "locatieNaam": "Kruidvat", "straatNaam": "Koninginneweg", "straatNr": "1 h", "postcode": "2771 DN", "plaats": "Boskoop", "merk": "Stibat", "puntType": "inzamelbak", "materialen": ["batterijen"], "uitbetaling": [], "vrijToegankelijk": false, "gemeenteBeperking": null, "openingstijden": null, "latitude": 52.0740667, "longitude": 4.6582846, "bronId": "L014644"}}, {"type": "Feature", "geometry": {"type": "Point", "coordinates": [4.6583375, 52.0736856]}, "properties": {"type": "inleverpunt", "locatieNaam": "Primera", "straatNaam": "Koninginneweg", "straatNr": "11 D", "postcode": "2771 DN", "plaats": "Boskoop", "merk": "Stibat", "puntType": "inzamelbak", "materialen": ["batterijen"], "uitbetaling": [], "vrijToegankelijk": false, "gemeenteBeperking": null, "openingstijden": null, "latitude": 52.0736856, "longitude": 4.6583375, "bronId": "L022409"}}, {"type": "Feature", "geometry": {"type": "Point", "coordinates": [4.6583132, 52.0737378]}, "properties": {"type": "inleverpunt", "locatieNaam": "1590 Albert Heijn", "straatNaam": "Koninginneweg", "straatNr": "11 B", "postcode": "2771 DN", "plaats": "Boskoop", "merk": "Stibat", "puntType": "inzamelbak", "materialen": ["batterijen"], "uitbetaling": [], "vrijToegankelijk": false, "gemeenteBeperking": null, "openingstijden": null, "latitude": 52.0737378, "longitude": 4.6583132, "bronId": "L006349"}}, {"type": "Feature", "geometry": {"type": "Point", "coordinates": [4.6615025, 52.1508377]}, "properties": {"type": "inleverpunt", "locatieNaam": "VarPhone", "straatNaam": "Herenhof", "straatNr": "22", "postcode": "2402 DM", "plaats": "Alphen aan den Rijn", "merk": "Stibat", "puntType": "inzamelbak", "materialen": ["batterijen"], "uitbetaling": [], "vrijToegankelijk": false, "gemeenteBeperking": null, "openingstijden": null, "latitude": 52.1508377, "longitude": 4.6615025, "bronId": "L043377"}}, {"type": "Feature", "geometry": {"type": "Point", "coordinates": [4.6614051, 52.1505404]}, "properties": {"type": "inleverpunt", "locatieNaam": "Jumbo", "straatNaam": "Herenhof", "straatNr": "183", "postcode": "2402 DK", "plaats": "Alphen aan den Rijn", "merk": "Stibat", "puntType": "inzamelbak", "materialen": ["batterijen"], "uitbetaling": [], "vrijToegankelijk": false, "gemeenteBeperking": null, "openingstijden": null, "latitude": 52.1505404, "longitude": 4.6614051, "bronId": "L037186"}}, {"type": "Feature", "geometry": {"type": "Point", "coordinates": [4.6582045, 52.1341565]}, "properties": {"type": "inleverpunt", "locatieNaam": "Gekvanfietsen.nl", "straatNaam": "Frederik Hendrikstraat", "straatNr": "2", "postcode": "2405 ES", "plaats": "Alphen aan den Rijn", "merk": "Stibat", "puntType": "inzamelbak", "materialen": ["batterijen"], "uitbetaling": [], "vrijToegankelijk": false, "gemeenteBeperking": null, "openingstijden": null, "latitude": 52.1341565, "longitude": 4.6582045, "bronId": "L032964"}}, {"type": "Feature", "geometry": {"type": "Point", "coordinates": [4.6606866, 52.1516766]}, "properties": {"type": "inleverpunt", "locatieNaam": "Primera", "straatNaam": "Herenhof", "straatNr": "64", "postcode": "2402 DN", "plaats": "Alphen aan den Rijn", "merk": "Stibat", "puntType": "inzamelbak", "materialen": ["batterijen"], "uitbetaling": [], "vrijToegankelijk": false, "gemeenteBeperking": null, "openingstijden": null, "latitude": 52.1516766, "longitude": 4.6606866, "bronId": "L028907"}}, {"type": "Feature", "geometry": {"type": "Point", "coordinates": [4.6601057, 52.1495797]}, "properties": {"type": "inleverpunt", "locatieNaam": "Bike totaal Samplonius", "straatNaam": "Ouvertureweg", "straatNr": "141-143", "postcode": "2402 DX", "plaats": "Alphen aan den Rijn", "merk": "Stibat", "puntType": "inzamelbak", "materialen": ["batterijen"], "uitbetaling": [], "vrijToegankelijk": false, "gemeenteBeperking": null, "openingstijden": null, "latitude": 52.1495797, "longitude": 4.6601057, "bronId": "L032962"}}, {"type": "Feature", "geometry": {"type": "Point", "coordinates": [4.6604351, 52.1513917]}, "properties": {"type": "inleverpunt", "locatieNaam": "1508 Albert Heijn", "straatNaam": "Herenhof", "straatNr": "74", "postcode": "2402 DN", "plaats": "Alphen aan den Rijn", "merk": "Stibat", "puntType": "inzamelbak", "materialen": ["batterijen"], "uitbetaling": [], "vrijToegankelijk": false, "gemeenteBeperking": null, "openingstijden": null, "latitude": 52.1513917, "longitude": 4.6604351, "bronId": "L008165"}}, {"type": "Feature", "geometry": {"type": "Point", "coordinates": [4.6601777, 52.1516801]}, "properties": {"type": "inleverpunt", "locatieNaam": "Zeeman", "straatNaam": "Keizershof", "straatNr": "115-117", "postcode": "2402 DB", "plaats": "Alphen aan den Rijn", "merk": "Stibat", "puntType": "inzamelbak", "materialen": ["batterijen"], "uitbetaling": [], "vrijToegankelijk": false, "gemeenteBeperking": null, "openingstijden": null, "latitude": 52.1516801, "longitude": 4.6601777, "bronId": "L021303"}}, {"type": "Feature", "geometry": {"type": "Point", "coordinates": [4.6594345, 52.1494476]}, "properties": {"type": "inleverpunt", "locatieNaam": "Lidl", "straatNaam": "Ouvertureweg", "straatNr": "81", "postcode": "2402 DT", "plaats": "Alphen aan den Rijn", "merk": "Stibat", "puntType": "inzamelbak", "materialen": ["batterijen"], "uitbetaling": [], "vrijToegankelijk": false, "gemeenteBeperking": null, "openingstijden": null, "latitude": 52.1494476, "longitude": 4.6594345, "bronId": "L030616"}}, {"type": "Feature", "geometry": {"type": "Point", "coordinates": [4.651748, 52.1238574]}, "properties": {"type": "inleverpunt", "locatieNaam": "Kruidvat", "straatNaam": "Provinciepassage", "straatNr": "43-49", "postcode": "2408 GT", "plaats": "Alphen aan den Rijn", "merk": "Stibat", "puntType": "inzamelbak", "materialen": ["batterijen"], "uitbetaling": [], "vrijToegankelijk": false, "gemeenteBeperking": null, "openingstijden": null, "latitude": 52.1238574, "longitude": 4.651748, "bronId": "L038748"}}, {"type": "Feature", "geometry": {"type": "Point", "coordinates": [4.6515499, 52.1243685]}, "properties": {"type": "inleverpunt", "locatieNaam": "Bruna", "straatNaam": "Provinciepassage", "straatNr": "110-112", "postcode": "2408 EV", "plaats": "Alphen aan den Rijn", "merk": "Stibat", "puntType": "inzamelbak", "materialen": ["batterijen"], "uitbetaling": [], "vrijToegankelijk": false, "gemeenteBeperking": null, "openingstijden": null, "latitude": 52.1243685, "longitude": 4.6515499, "bronId": "L022810"}}, {"type": "Feature", "geometry": {"type": "Point", "coordinates": [4.6515173, 52.1240875]}, "properties": {"type": "inleverpunt", "locatieNaam": "410 Hoogvliet", "straatNaam": "Provinciepassage", "straatNr": "108", "postcode": "2408 EV", "plaats": "Alphen aan den Rijn", "merk": "Stibat", "puntType": "inzamelbak", "materialen": ["batterijen"], "uitbetaling": [], "vrijToegankelijk": false, "gemeenteBeperking": null, "openingstijden": null, "latitude": 52.1240875, "longitude": 4.6515173, "bronId": "L011007"}}, {"type": "Feature", "geometry": {"type": "Point", "coordinates": [4.6510102, 52.1264519]}, "properties": {"type": "inleverpunt", "locatieNaam": "Aldi", "straatNaam": "Euromarkt", "straatNr": "89-97", "postcode": "2408 BC", "plaats": "Alphen a/d Rijn", "merk": "Stibat", "puntType": "inzamelbak", "materialen": ["batterijen"], "uitbetaling": [], "vrijToegankelijk": false, "gemeenteBeperking": null, "openingstijden": null, "latitude": 52.1264519, "longitude": 4.6510102, "bronId": "L041181"}}, {"type": "Feature", "geometry": {"type": "Point", "coordinates": [4.650321, 52.1269712]}, "properties": {"type": "inleverpunt", "locatieNaam": "Gamma", "straatNaam": "Euromarkt", "straatNr": "119", "postcode": "2408 BD", "plaats": "Alphen aan den Rijn", "merk": "Stibat", "puntType": "inzamelbak", "materialen": ["batterijen"], "uitbetaling": [], "vrijToegankelijk": false, "gemeenteBeperking": null, "openingstijden": null, "latitude": 52.1269712, "longitude": 4.650321, "bronId": "L006700"}}, {"type": "Feature", "geometry": {"type": "Point", "coordinates": [4.6505743, 52.1349709]}, "properties": {"type": "inleverpunt", "locatieNaam": "Primera", "straatNaam": "Baronie", "straatNr": "74", "postcode": "2404 XH", "plaats": "Alphen aan den Rijn", "merk": "Stibat", "puntType": "inzamelbak", "materialen": ["batterijen"], "uitbetaling": [], "vrijToegankelijk": false, "gemeenteBeperking": null, "openingstijden": null, "latitude": 52.1349709, "longitude": 4.6505743, "bronId": "L032379"}}, {"type": "Feature", "geometry": {"type": "Point", "coordinates": [4.6504595, 52.134912]}, "properties": {"type": "inleverpunt", "locatieNaam": "Lidl", "straatNaam": "Baronie", "straatNr": "86", "postcode": "2404 XH", "plaats": "Alphen aan den Rijn", "merk": "Stibat", "puntType": "inzamelbak", "materialen": ["batterijen"], "uitbetaling": [], "vrijToegankelijk": false, "gemeenteBeperking": null, "openingstijden": null, "latitude": 52.134912, "longitude": 4.6504595, "bronId": "L032219"}}, {"type": "Feature", "geometry": {"type": "Point", "coordinates": [4.6503047, 52.1346032]}, "properties": {"type": "inleverpunt", "locatieNaam": "1298 Action", "straatNaam": "De Baronie", "straatNr": "2", "postcode": "2404 XG", "plaats": "Alphen aan den Rijn", "merk": "Stibat", "puntType": "inzamelbak", "materialen": ["batterijen"], "uitbetaling": [], "vrijToegankelijk": false, "gemeenteBeperking": null, "openingstijden": null, "latitude": 52.1346032, "longitude": 4.6503047, "bronId": "L034562"}}, {"type": "Feature", "geometry": {"type": "Point", "coordinates": [4.6496189, 52.1350971]}, "properties": {"type": "inleverpunt", "locatieNaam": "660 Hoogvliet", "straatNaam": "Baronie", "straatNr": "88", "postcode": "2404 XH", "plaats": "Alphen aan den Rijn", "merk": "Stibat", "puntType": "inzamelbak", "materialen": ["batterijen"], "uitbetaling": [], "vrijToegankelijk": false, "gemeenteBeperking": null, "openingstijden": null, "latitude": 52.1350971, "longitude": 4.6496189, "bronId": "L032167"}}, {"type": "Feature", "geometry": {"type": "Point", "coordinates": [4.6503444, 52.1348822]}, "properties": {"type": "inleverpunt", "locatieNaam": "Kruidvat", "straatNaam": "Baronie", "straatNr": "14", "postcode": "2404 XG", "plaats": "Alphen aan den Rijn", "merk": "Stibat", "puntType": "inzamelbak", "materialen": ["batterijen"], "uitbetaling": [], "vrijToegankelijk": false, "gemeenteBeperking": null, "openingstijden": null, "latitude": 52.1348822, "longitude": 4.6503444, "bronId": "L032375"}}, {"type": "Feature", "geometry": {"type": "Point", "coordinates": [4.6489561, 52.1348924]}, "properties": {"type": "inleverpunt", "locatieNaam": "Zeeman", "straatNaam": "Baronie", "straatNr": "18", "postcode": "2404 XG", "plaats": "Alphen aan den Rijn", "merk": "Stibat", "puntType": "inzamelbak", "materialen": ["batterijen"], "uitbetaling": [], "vrijToegankelijk": false, "gemeenteBeperking": null, "openingstijden": null, "latitude": 52.1348924, "longitude": 4.6489561, "bronId": "L038197"}}, {"type": "Feature", "geometry": {"type": "Point", "coordinates": [4.6485901, 52.1349747]}, "properties": {"type": "inleverpunt", "locatieNaam": "Leen Bakker", "straatNaam": "Moerbeilaan", "straatNr": "6", "postcode": "2404 XE", "plaats": "Alphen aan den Rijn", "merk": "Stibat", "puntType": "inzamelbak", "materialen": ["batterijen"], "uitbetaling": [], "vrijToegankelijk": false, "gemeenteBeperking": null, "openingstijden": null, "latitude": 52.1349747, "longitude": 4.6485901, "bronId": "L017127"}}, {"type": "Feature", "geometry": {"type": "Point", "coordinates": [4.6487846, 52.1366892]}, "properties": {"type": "inleverpunt", "locatieNaam": "Karwei", "straatNaam": "Van Foreestlaan", "straatNr": "2", "postcode": "2404 HC", "plaats": "Alphen aan den Rijn", "merk": "Stibat", "puntType": "inzamelbak", "materialen": ["batterijen"], "uitbetaling": [], "vrijToegankelijk": false, "gemeenteBeperking": null, "openingstijden": null, "latitude": 52.1366892, "longitude": 4.6487846, "bronId": "L008025"}}, {"type": "Feature", "geometry": {"type": "Point", "coordinates": [4.6486555, 52.064625]}, "properties": {"type": "inleverpunt", "locatieNaam": "720 Hoogvliet", "straatNaam": "Linnaeusweg", "straatNr": "106", "postcode": "2771 HH", "plaats": "Boskoop", "merk": "Stibat", "puntType": "inzamelbak", "materialen": ["batterijen"], "uitbetaling": [], "vrijToegankelijk": false, "gemeenteBeperking": null, "openingstijden": null, "latitude": 52.064625, "longitude": 4.6486555, "bronId": "L010148"}}, {"type": "Feature", "geometry": {"type": "Point", "coordinates": [4.6475429, 52.1359316]}, "properties": {"type": "inleverpunt", "locatieNaam": "Bouwmaat", "straatNaam": "Van Foreestlaan", "straatNr": "1", "postcode": "2404 HC", "plaats": "Alphen aan den Rijn", "merk": "Stibat", "puntType": "inzamelbak", "materialen": ["batterijen"], "uitbetaling": [], "vrijToegankelijk": false, "gemeenteBeperking": null, "openingstijden": null, "latitude": 52.1359316, "longitude": 4.6475429, "bronId": "L042019"}}, {"type": "Feature", "geometry": {"type": "Point", "coordinates": [4.6485958, 52.148724]}, "properties": {"type": "inleverpunt", "locatieNaam": "BP Gabo", "straatNaam": "Kalkovenweg", "straatNr": "7", "postcode": "2401 LJ", "plaats": "Alphen aan den Rijn", "merk": "Stibat", "puntType": "inzamelbak", "materialen": ["batterijen"], "uitbetaling": [], "vrijToegankelijk": false, "gemeenteBeperking": null, "openingstijden": null, "latitude": 52.148724, "longitude": 4.6485958, "bronId": "L025488"}}, {"type": "Feature", "geometry": {"type": "Point", "coordinates": [4.6449601, 52.1294244]}, "properties": {"type": "inleverpunt", "locatieNaam": "Fiets-Exclusief", "straatNaam": "H. Kamerlingh Onnesweg", "straatNr": "12", "postcode": "2408 AW", "plaats": "Alphen aan den Rijn", "merk": "Stibat", "puntType": "inzamelbak", "materialen": ["batterijen"], "uitbetaling": [], "vrijToegankelijk": false, "gemeenteBeperking": null, "openingstijden": null, "latitude": 52.1294244, "longitude": 4.6449601, "bronId": "L043148"}}, {"type": "Feature", "geometry": {"type": "Point", "coordinates": [4.6445138, 52.128902]}, "properties": {"type": "inleverpunt", "locatieNaam": "Toolstation", "straatNaam": "A van Leeuwenhoekweg", "straatNr": "16b", "postcode": "2408 AM", "plaats": "Alphen aan den Rijn", "merk": "Stibat", "puntType": "inzamelbak", "materialen": ["batterijen"], "uitbetaling": [], "vrijToegankelijk": false, "gemeenteBeperking": null, "openingstijden": null, "latitude": 52.128902, "longitude": 4.6445138, "bronId": "L042546"}}, {"type": "Feature", "geometry": {"type": "Point", "coordinates": [4.6458344, 52.1397005]}, "properties": {"type": "inleverpunt", "locatieNaam": "Praxis 2431", "straatNaam": "Van Foreestlaan", "straatNr": "15", "postcode": "2404 HC", "plaats": "Alphen aan den Rijn", "merk": "Stibat", "puntType": "inzamelbak", "materialen": ["batterijen"], "uitbetaling": [], "vrijToegankelijk": false, "gemeenteBeperking": null, "openingstijden": null, "latitude": 52.1397005, "longitude": 4.6458344, "bronId": "L031072"}}, {"type": "Feature", "geometry": {"type": "Point", "coordinates": [4.6454365, 52.1375365]}, "properties": {"type": "inleverpunt", "locatieNaam": "Stichting Kringloop Alphen a/d Rijn", "straatNaam": "Energieweg", "straatNr": "13", "postcode": "2404 HE", "plaats": "Alphen aan den Rijn", "merk": "Stibat", "puntType": "inzamelbak", "materialen": ["batterijen"], "uitbetaling": [], "vrijToegankelijk": false, "gemeenteBeperking": null, "openingstijden": null, "latitude": 52.1375365, "longitude": 4.6454365, "bronId": "L031021"}}, {"type": "Feature", "geometry": {"type": "Point", "coordinates": [4.642693, 52.1271762]}, "properties": {"type": "inleverpunt", "locatieNaam": "Picnic", "straatNaam": "Albert Einsteinweg", "straatNr": "7", "postcode": "2408 AP", "plaats": "Alphen aan den Rijn", "merk": "Stibat", "puntType": "inzamelbak", "materialen": ["batterijen"], "uitbetaling": [], "vrijToegankelijk": false, "gemeenteBeperking": null, "openingstijden": null, "latitude": 52.1271762, "longitude": 4.642693, "bronId": "L043731"}}, {"type": "Feature", "geometry": {"type": "Point", "coordinates": [4.6392477, 52.1308607]}, "properties": {"type": "inleverpunt", "locatieNaam": "D.K.A. Alphen", "straatNaam": "Handelsweg", "straatNr": "10", "postcode": "2404 CD", "plaats": "Alphen aan den Rijn", "merk": "Stibat", "puntType": "inzamelbak", "materialen": ["batterijen"], "uitbetaling": [], "vrijToegankelijk": false, "gemeenteBeperking": null, "openingstijden": null, "latitude": 52.1308607, "longitude": 4.6392477, "bronId": "L025516"}}, {"type": "Feature", "geometry": {"type": "Point", "coordinates": [4.6387217, 52.1273797]}, "properties": {"type": "inleverpunt", "locatieNaam": "Isero Alphen aan den Rijn", "straatNaam": "A van Leeuwenhoekweg", "straatNr": "31", "postcode": "2408 AK", "plaats": "Alphen aan den Rijn", "merk": "Stibat", "puntType": "inzamelbak", "materialen": ["batterijen"], "uitbetaling": [], "vrijToegankelijk": false, "gemeenteBeperking": null, "openingstijden": null, "latitude": 52.1273797, "longitude": 4.6387217, "bronId": "L029628"}}, {"type": "Feature", "geometry": {"type": "Point", "coordinates": [4.6345198, 52.1311847]}, "properties": {"type": "inleverpunt", "locatieNaam": "Würth Shop (technische groothandel)", "straatNaam": "Eikenlaan", "straatNr": "255b", "postcode": "2404 BP", "plaats": "Alphen aan den Rijn", "merk": "Stibat", "puntType": "inzamelbak", "materialen": ["batterijen"], "uitbetaling": [], "vrijToegankelijk": false, "gemeenteBeperking": null, "openingstijden": null, "latitude": 52.1311847, "longitude": 4.6345198, "bronId": "L045252"}}, {"type": "Feature", "geometry": {"type": "Point", "coordinates": [4.6332006, 52.0756086]}, "properties": {"type": "inleverpunt", "locatieNaam": "Aldi", "straatNaam": "Westpark", "straatNr": "3a", "postcode": "2771 RV", "plaats": "Boskoop", "merk": "Stibat", "puntType": "inzamelbak", "materialen": ["batterijen"], "uitbetaling": [], "vrijToegankelijk": false, "gemeenteBeperking": null, "openingstijden": null, "latitude": 52.0756086, "longitude": 4.6332006, "bronId": "L041196"}}, {"type": "Feature", "geometry": {"type": "Point", "coordinates": [4.6322144, 52.0758697]}, "properties": {"type": "inleverpunt", "locatieNaam": "Karwei", "straatNaam": "Westpark", "straatNr": "1", "postcode": "2771 RV", "plaats": "Boskoop", "merk": "Stibat", "puntType": "inzamelbak", "materialen": ["batterijen"], "uitbetaling": [], "vrijToegankelijk": false, "gemeenteBeperking": null, "openingstijden": null, "latitude": 52.0758697, "longitude": 4.6322144, "bronId": "L038031"}}, {"type": "Feature", "geometry": {"type": "Point", "coordinates": [4.6309267, 52.1272825]}, "properties": {"type": "inleverpunt", "locatieNaam": "JUIZZ", "straatNaam": "Curieweg", "straatNr": "15", "postcode": "2408 BZ", "plaats": "Alphen aan den Ryn", "merk": "Stibat", "puntType": "inzamelbak", "materialen": ["batterijen"], "uitbetaling": [], "vrijToegankelijk": false, "gemeenteBeperking": null, "openingstijden": null, "latitude": 52.1272825, "longitude": 4.6309267, "bronId": "L039197"}}, {"type": "Feature", "geometry": {"type": "Point", "coordinates": [4.630189, 52.133644]}, "properties": {"type": "inleverpunt", "locatieNaam": "Roadrider", "straatNaam": "Maatschapslaan", "straatNr": "17", "postcode": "2404 CL", "plaats": "Alphen aan den Rijn", "merk": "Stibat", "puntType": "inzamelbak", "materialen": ["batterijen"], "uitbetaling": [], "vrijToegankelijk": false, "gemeenteBeperking": null, "openingstijden": null, "latitude": 52.133644, "longitude": 4.630189, "bronId": "L048818"}}, {"type": "Feature", "geometry": {"type": "Point", "coordinates": [4.6260731, 52.0818517]}, "properties": {"type": "inleverpunt", "locatieNaam": "Wildkamp B.V.", "straatNaam": "Italielaan", "straatNr": "10", "postcode": "2391 PT", "plaats": "Hazerswoude-Dorp", "merk": "Stibat", "puntType": "inzamelbak", "materialen": ["batterijen"], "uitbetaling": [], "vrijToegankelijk": false, "gemeenteBeperking": null, "openingstijden": null, "latitude": 52.0818517, "longitude": 4.6260731, "bronId": "L039710"}}, {"type": "Feature", "geometry": {"type": "Point", "coordinates": [4.625019, 52.125068]}, "properties": {"type": "inleverpunt", "locatieNaam": "Tuincentrum De Bosrand", "straatNaam": "Prinsen Schouw", "straatNr": "1", "postcode": "2394 CX", "plaats": "Hazerswoude-Rijndijk", "merk": "Stibat", "puntType": "inzamelbak", "materialen": ["batterijen"], "uitbetaling": [], "vrijToegankelijk": false, "gemeenteBeperking": null, "openingstijden": null, "latitude": 52.125068, "longitude": 4.625019, "bronId": "L039559"}}, {"type": "Feature", "geometry": {"type": "Point", "coordinates": [4.600729, 52.13307]}, "properties": {"type": "inleverpunt", "locatieNaam": "840 Hoogvliet", "straatNaam": "Prins Bernhardstraat", "straatNr": "9", "postcode": "2396 GA", "plaats": "Koudekerk Ad Ryn", "merk": "Stibat", "puntType": "inzamelbak", "materialen": ["batterijen"], "uitbetaling": [], "vrijToegankelijk": false, "gemeenteBeperking": null, "openingstijden": null, "latitude": 52.13307, "longitude": 4.600729, "bronId": "L046706"}}, {"type": "Feature", "geometry": {"type": "Point", "coordinates": [4.5921495, 52.0971602]}, "properties": {"type": "inleverpunt", "locatieNaam": "Kruidvat", "straatNaam": "Ambachtsplein", "straatNr": "12", "postcode": "2391 BD", "plaats": "Hazerswoude-Dorp", "merk": "Stibat", "puntType": "inzamelbak", "materialen": ["batterijen"], "uitbetaling": [], "vrijToegankelijk": false, "gemeenteBeperking": null, "openingstijden": null, "latitude": 52.0971602, "longitude": 4.5921495, "bronId": "L015377"}}, {"type": "Feature", "geometry": {"type": "Point", "coordinates": [4.591724, 52.0971318]}, "properties": {"type": "inleverpunt", "locatieNaam": "4034 Albert Heijn", "straatNaam": "Oude Gemeneweg", "straatNr": "5-7", "postcode": "2391 BE", "plaats": "Hazerswoude-Dorp", "merk": "Stibat", "puntType": "inzamelbak", "materialen": ["batterijen"], "uitbetaling": [], "vrijToegankelijk": false, "gemeenteBeperking": null, "openingstijden": null, "latitude": 52.0971318, "longitude": 4.591724, "bronId": "L036016"}}, {"type": "Feature", "geometry": {"type": "Point", "coordinates": [4.5887413, 52.0964724]}, "properties": {"type": "inleverpunt", "locatieNaam": "VOF Theo van Zanten Tweewielers", "straatNaam": "Dorpsstraat", "straatNr": "176", "postcode": "2391 CH", "plaats": "Hazerswoude-Dorp", "merk": "Stibat", "puntType": "inzamelbak", "materialen": ["batterijen"], "uitbetaling": [], "vrijToegankelijk": false, "gemeenteBeperking": null, "openingstijden": null, "latitude": 52.0964724, "longitude": 4.5887413, "bronId": "L032960"}}, {"type": "Feature", "geometry": {"type": "Point", "coordinates": [4.5883579, 52.127784]}, "properties": {"type": "inleverpunt", "locatieNaam": "Jumbo", "straatNaam": "Da Costasingel", "straatNr": "34-36", "postcode": "2394 BL", "plaats": "Hazerswoude-Rijndijk", "merk": "Stibat", "puntType": "inzamelbak", "materialen": ["batterijen"], "uitbetaling": [], "vrijToegankelijk": false, "gemeenteBeperking": null, "openingstijden": null, "latitude": 52.127784, "longitude": 4.5883579, "bronId": "L008205"}}, {"type": "Feature", "geometry": {"type": "Point", "coordinates": [4.5881023, 52.1284429]}, "properties": {"type": "inleverpunt", "locatieNaam": "Drogisterij de Margriet", "straatNaam": "Da Costasingel", "straatNr": "6", "postcode": "2394 BG", "plaats": "Hazerswoude-Rijndijk", "merk": "Stibat", "puntType": "inzamelbak", "materialen": ["batterijen"], "uitbetaling": [], "vrijToegankelijk": false, "gemeenteBeperking": null, "openingstijden": null, "latitude": 52.1284429, "longitude": 4.5881023, "bronId": "L026439"}}, {"type": "Feature", "geometry": {"type": "Point", "coordinates": [4.5874366, 52.1279509]}, "properties": {"type": "inleverpunt", "locatieNaam": "140 Hoogvliet", "straatNaam": "Willem Kloosstraat", "straatNr": "66", "postcode": "2394 BD", "plaats": "Hazerswoude-Rijndijk", "merk": "Stibat", "puntType": "inzamelbak", "materialen": ["batterijen"], "uitbetaling": [], "vrijToegankelijk": false, "gemeenteBeperking": null, "openingstijden": null, "latitude": 52.1279509, "longitude": 4.5874366, "bronId": "L009230"}}, {"type": "Feature", "geometry": {"type": "Point", "coordinates": [4.5496894, 52.1377966]}, "properties": {"type": "inleverpunt", "locatieNaam": "1210 Action", "straatNaam": "Rijndijk", "straatNr": "2 F", "postcode": "2394 AH", "plaats": "Hazerswoude-Rijndijk", "merk": "Stibat", "puntType": "inzamelbak", "materialen": ["batterijen"], "uitbetaling": [], "vrijToegankelijk": false, "gemeenteBeperking": null, "openingstijden": null, "latitude": 52.1377966, "longitude": 4.5496894, "bronId": "L027798"}}, {"type": "Feature", "geometry": {"type": "Point", "coordinates": [4.5431513, 52.0765595]}, "properties": {"type": "inleverpunt", "locatieNaam": "PLUS", "straatNaam": "Prins Willem Alexanderplein", "straatNr": "7", "postcode": "2731 EJ", "plaats": "Benthuizen", "merk": "Stibat", "puntType": "inzamelbak", "materialen": ["batterijen"], "uitbetaling": [], "vrijToegankelijk": false, "gemeenteBeperking": null, "openingstijden": null, "latitude": 52.0765595, "longitude": 4.5431513, "bronId": "L011445"}}, {"type": "Feature", "geometry": {"type": "Point", "coordinates": [4.5430666, 52.0763544]}, "properties": {"type": "inleverpunt", "locatieNaam": "Hans Janssen Tweewielers", "straatNaam": "Prins Willem-Alexanderplein", "straatNr": "6", "postcode": "2731 EJ", "plaats": "Benthuizen", "merk": "Stibat", "puntType": "inzamelbak", "materialen": ["batterijen"], "uitbetaling": [], "vrijToegankelijk": false, "gemeenteBeperking": null, "openingstijden": null, "latitude": 52.0763544, "longitude": 4.5430666, "bronId": "L029476"}}, {"type": "Feature", "geometry": {"type": "Point", "coordinates": [4.6576, 52.1347]}, "properties": {"type": "inleverpunt", "locatieNaam": "Alphen aan den Rijn Winkelcentrum Ridderhof XL Statiegeld Retourshop", "straatNaam": "Ridderhof", "straatNr": "1-55", "postcode": "2402 ST", "plaats": "Alphen aan den Rijn", "merk": "StatieDrive", "puntType": "automaat", "materialen": ["pet-groot", "pet-klein", "blik", "krat"], "uitbetaling": ["bonnetje"], "vrijToegankelijk": true, "gemeenteBeperking": null, "openingstijden": null, "latitude": 52.1347, "longitude": 4.6576, "bronId": "statiegeld-inleveren-alphen-aan-den-rijn-noord-business"}}, {"type": "Feature", "geometry": {"type": "Polygon", "coordinates": [[[4.665911000987864, 52.06395200395543], [4.665660000987705, 52.06572400395654], [4.67724700099932, 52.06552100395643], [4.679298001001062, 52.05921600395252], [4.681974001003741, 52.05910400395247], [4.6852970010075925, 52.069395003958846], [4.686149001008437, 52.069214003958734], [4.686260001008565, 52.06952600395892], [4.694411001016655, 52.06776700395786], [4.696529001019119, 52.07454700396205], [4.696829001019392, 52.074003003961714], [4.704905001027638, 52.07683600396349], [4.713034001035801, 52.07693000396354], [4.713929001036832, 52.07968600396525], [4.715506001038492, 52.08118800396618], [4.713102001036235, 52.08433800396811], [4.70875800103234, 52.09364400397386], [4.707006001030566, 52.093296003973634], [4.706674001030258, 52.09385800397398], [4.705068001028689, 52.09463800397444], [4.70473200102838, 52.09524100397483], [4.734879001058953, 52.10189100397894], [4.734205001058304, 52.10250100397929], [4.740223001064447, 52.10464800398065], [4.738857001063169, 52.10650700398175], [4.7517750010767354, 52.11891100398941], [4.753240001078231, 52.119442003989725], [4.7549520010800475, 52.12145800399098], [4.756641001081855, 52.123790003992404], [4.756746001082022, 52.12506800399315], [4.760065001085641, 52.130953003996794], [4.759025001084803, 52.135143003999325], [4.741839001068938, 52.16267300401615], [4.726811001053697, 52.15899500401388], [4.726167001053002, 52.15797900401326], [4.726054001052811, 52.15639700401232], [4.72418700105093, 52.15621600401221], [4.704998001031124, 52.14476000400517], [4.7038010010299205, 52.14462000400508], [4.704213001030378, 52.14551400400566], [4.704165001030458, 52.14809700400723], [4.705929001032406, 52.151682004009416], [4.705371001031861, 52.1520130040096], [4.705673001032173, 52.1521570040097], [4.698218001025021, 52.15852800401358], [4.694775001021643, 52.159940004014416], [4.681209001008434, 52.16750400401903], [4.679841001006822, 52.16274500401612], [4.642607000969477, 52.161953004015544], [4.57273700089898, 52.15224800400937], [4.571481000897767, 52.15310900400986], [4.5704670008962145, 52.142858004003635], [4.566105000891447, 52.135264003998984], [4.563199000888473, 52.13407300399819], [4.562024000887223, 52.132672003997335], [4.5601210008852755, 52.131903003996875], [4.551737000877188, 52.137865004000474], [4.550733000876206, 52.13838000400079], [4.549390000874827, 52.1377370040004], [4.549028000874456, 52.13751400400029], [4.550303000875693, 52.136758003999795], [4.546307000871542, 52.13402100399806], [4.546552000871781, 52.13388000399801], [4.5459990008711975, 52.13328700399764], [4.547621000872771, 52.13231000399705], [4.541394000866067, 52.123481003991614], [4.54064100086521, 52.12156200399041], [4.542949000867508, 52.12123500399019], [4.541905000866324, 52.11866000398865], [4.5353230008598215, 52.12043200398974], [4.537135000859717, 52.08394600396729], [4.534484000857035, 52.08345000396697], [4.530104000852465, 52.08008200396487], [4.53604700085826, 52.07692800396295], [4.533904000856021, 52.07521500396191], [4.535173000857253, 52.07446100396143], [4.5336950008556975, 52.07305100396055], [4.553210000874788, 52.063831003954945], [4.552772000874321, 52.06330800395461], [4.5571800008786365, 52.06123900395338], [4.557809000879291, 52.061741003953685], [4.565043000886385, 52.05856900395177], [4.565303000886675, 52.05912000395214], [4.575489000896981, 52.06080600395318], [4.607427000929268, 52.06552700395624], [4.606907000929335, 52.07705000396332], [4.6253200009477755, 52.07644300396303], [4.625307000947661, 52.07444700396178], [4.636851000959204, 52.073737003961384], [4.638225000960131, 52.06482400395592], [4.653823000975728, 52.06381700395531], [4.65992700098187, 52.06410500395554], [4.665911000987864, 52.06395200395543]]]}, "properties": {"type": "boundary", "gemeente": "Alphen aan den Rijn"}}]}