{"type": "FeatureCollection", "metadata": {"gemeente": "Breda", "slug": "breda", "generated_at": "2026-07-28T09:25:50.134599Z", "total_points": 389, "merken": ["StatieDrive", "StatiegeldNederland", "Stibat", "StichtingOPEN"], "bounds": [4.6959547, 51.497404, 4.8370025, 51.6238626]}, "features": [{"type": "Feature", "geometry": {"type": "Point", "coordinates": [4.7823019, 51.5965498]}, "properties": {"type": "inleverpunt", "locatieNaam": "Albert Heijn", "straatNaam": "Anna van Burenstraat", "straatNr": "24", "postcode": "4815 CK", "plaats": "Breda", "merk": "StatiegeldNederland", "puntType": "automaat", "materialen": ["pet-groot", "pet-klein", "blik", "glas", "krat"], "uitbetaling": ["bonnetje", "donatie"], "vrijToegankelijk": true, "gemeenteBeperking": null, "openingstijden": {"ma": "08:00–21:00", "di": "08:00–21:00", "wo": "08:00–21:00", "do": "08:00–21:00", "vr": "08:00–21:00", "za": "08:00–21:00", "zo": "09:00–21:00"}, "latitude": 51.5965498, "longitude": 4.7823019, "bronId": "251984"}}, {"type": "Feature", "geometry": {"type": "Point", "coordinates": [4.7171232, 51.6042517]}, "properties": {"type": "inleverpunt", "locatieNaam": "Albert Heijn", "straatNaam": "Beeksestraat", "straatNr": "55", "postcode": "4841 GB", "plaats": "Prinsenbeek", "merk": "StatiegeldNederland", "puntType": "automaat", "materialen": ["pet-groot", "pet-klein", "blik", "glas", "krat"], "uitbetaling": ["bonnetje", "donatie"], "vrijToegankelijk": true, "gemeenteBeperking": null, "openingstijden": {"ma": "08:00–21:00", "di": "08:00–21:00", "wo": "08:00–21:00", "do": "08:00–21:00", "vr": "08:00–21:00", "za": "08:00–21:00", "zo": "09:00–20:00"}, "latitude": 51.6042517, "longitude": 4.7171232, "bronId": "252002"}}, {"type": "Feature", "geometry": {"type": "Point", "coordinates": [4.8220723, 51.5894478]}, "properties": {"type": "inleverpunt", "locatieNaam": "Albert Heijn", "straatNaam": "Bisschopshoeve", "straatNr": "30", "postcode": "4817 PV", "plaats": "Breda", "merk": "StatiegeldNederland", "puntType": "automaat", "materialen": ["pet-groot", "pet-klein", "blik", "glas", "krat"], "uitbetaling": ["bonnetje", "donatie"], "vrijToegankelijk": true, "gemeenteBeperking": null, "openingstijden": {"ma": "08:00–21:00", "di": "08:00–21:00", "wo": "08:00–21:00", "do": "08:00–21:00", "vr": "08:00–21:00", "za": "08:00–21:00", "zo": "08:00–21:00"}, "latitude": 51.5894478, "longitude": 4.8220723, "bronId": "252028"}}, {"type": "Feature", "geometry": {"type": "Point", "coordinates": [4.8004625, 51.5906879]}, "properties": {"type": "inleverpunt", "locatieNaam": "Albert Heijn", "straatNaam": "Brabantplein", "straatNr": "24", "postcode": "4817 LR", "plaats": "Breda", "merk": "StatiegeldNederland", "puntType": "automaat", "materialen": ["pet-groot", "pet-klein", "blik", "glas", "krat"], "uitbetaling": ["bonnetje", "donatie"], "vrijToegankelijk": true, "gemeenteBeperking": null, "openingstijden": {"ma": "08:00–21:00", "di": "08:00–21:00", "wo": "08:00–21:00", "do": "08:00–21:00", "vr": "08:00–21:00", "za": "08:00–21:00", "zo": "09:00–21:00"}, "latitude": 51.5906879, "longitude": 4.8004625, "bronId": "252051"}}, {"type": "Feature", "geometry": {"type": "Point", "coordinates": [4.805232, 51.572051]}, "properties": {"type": "inleverpunt", "locatieNaam": "Albert Heijn", "straatNaam": "De Burcht", "straatNr": "1", "postcode": "4834 HE", "plaats": "Breda", "merk": "StatiegeldNederland", "puntType": "automaat", "materialen": ["pet-groot", "pet-klein", "blik", "glas", "krat"], "uitbetaling": ["bonnetje", "donatie"], "vrijToegankelijk": true, "gemeenteBeperking": null, "openingstijden": {"ma": "08:00–21:00", "di": "08:00–21:00", "wo": "08:00–21:00", "do": "08:00–21:00", "vr": "08:00–21:00", "za": "08:00–21:00", "zo": "08:00–21:00"}, "latitude": 51.572051, "longitude": 4.805232, "bronId": "252116"}}, {"type": "Feature", "geometry": {"type": "Point", "coordinates": [4.7802866, 51.5773992]}, "properties": {"type": "inleverpunt", "locatieNaam": "Albert Heijn", "straatNaam": "Ginnekenweg", "straatNr": "46", "postcode": "4818 JG", "plaats": "Breda", "merk": "StatiegeldNederland", "puntType": "automaat", "materialen": ["pet-groot", "pet-klein", "blik", "glas", "krat"], "uitbetaling": ["bonnetje", "donatie"], "vrijToegankelijk": true, "gemeenteBeperking": null, "openingstijden": {"ma": "08:00–22:00", "di": "08:00–22:00", "wo": "08:00–22:00", "do": "08:00–22:00", "vr": "08:00–22:00", "za": "08:00–22:00", "zo": "08:00–22:00"}, "latitude": 51.5773992, "longitude": 4.7802866, "bronId": "252245"}}, {"type": "Feature", "geometry": {"type": "Point", "coordinates": [4.7688335, 51.5875311]}, "properties": {"type": "inleverpunt", "locatieNaam": "Albert Heijn", "straatNaam": "Haagdijk", "straatNr": "108", "postcode": "4811 TW", "plaats": "Breda", "merk": "StatiegeldNederland", "puntType": "automaat", "materialen": ["pet-groot", "pet-klein", "blik", "glas", "krat"], "uitbetaling": ["bonnetje", "donatie"], "vrijToegankelijk": true, "gemeenteBeperking": null, "openingstijden": {"ma": "08:00–22:00", "di": "08:00–22:00", "wo": "08:00–22:00", "do": "08:00–22:00", "vr": "08:00–22:00", "za": "08:00–22:00", "zo": "08:00–22:00"}, "latitude": 51.5875311, "longitude": 4.7688335, "bronId": "252277"}}, {"type": "Feature", "geometry": {"type": "Point", "coordinates": [4.7435912, 51.6231525]}, "properties": {"type": "inleverpunt", "locatieNaam": "Albert Heijn", "straatNaam": "Heksenwaag", "straatNr": "2", "postcode": "4823 JV", "plaats": "Breda", "merk": "StatiegeldNederland", "puntType": "automaat", "materialen": ["pet-groot", "pet-klein", "blik", "glas", "krat"], "uitbetaling": ["bonnetje", "donatie"], "vrijToegankelijk": true, "gemeenteBeperking": null, "openingstijden": {"ma": "08:00–21:00", "di": "08:00–21:00", "wo": "08:00–21:00", "do": "08:00–21:00", "vr": "08:00–21:00", "za": "08:00–21:00", "zo": "08:00–21:00"}, "latitude": 51.6231525, "longitude": 4.7435912, "bronId": "252292"}}, {"type": "Feature", "geometry": {"type": "Point", "coordinates": [4.7894064, 51.6068604]}, "properties": {"type": "inleverpunt", "locatieNaam": "Albert Heijn", "straatNaam": "Moerwijk", "straatNr": "2", "postcode": "4826 HN", "plaats": "Breda", "merk": "StatiegeldNederland", "puntType": "automaat", "materialen": ["pet-groot", "pet-klein", "blik", "glas", "krat"], "uitbetaling": ["bonnetje", "donatie"], "vrijToegankelijk": true, "gemeenteBeperking": null, "openingstijden": {"ma": "08:00–22:00", "di": "08:00–22:00", "wo": "08:00–22:00", "do": "08:00–22:00", "vr": "08:00–22:00", "za": "08:00–22:00", "zo": "08:00–22:00"}, "latitude": 51.6068604, "longitude": 4.7894064, "bronId": "252539"}}, {"type": "Feature", "geometry": {"type": "Point", "coordinates": [4.7729257, 51.5877438]}, "properties": {"type": "inleverpunt", "locatieNaam": "Albert Heijn", "straatNaam": "Nieuwstraat", "straatNr": "45", "postcode": "4811 WV", "plaats": "Breda", "merk": "StatiegeldNederland", "puntType": "automaat", "materialen": ["pet-groot", "pet-klein", "blik", "glas", "krat"], "uitbetaling": ["bonnetje", "donatie"], "vrijToegankelijk": true, "gemeenteBeperking": null, "openingstijden": {"ma": "08:00–21:00", "di": "08:00–21:00", "wo": "08:00–21:00", "do": "08:00–21:00", "vr": "08:00–21:00", "za": "08:00–21:00", "zo": "10:00–20:00"}, "latitude": 51.5877438, "longitude": 4.7729257, "bronId": "252570"}}, {"type": "Feature", "geometry": {"type": "Point", "coordinates": [4.7783333, 51.5866667]}, "properties": {"type": "inleverpunt", "locatieNaam": "Albert Heijn", "straatNaam": "Oude Vest", "straatNr": "3", "postcode": "4811 BR", "plaats": "Breda", "merk": "StatiegeldNederland", "puntType": "automaat", "materialen": ["pet-groot", "pet-klein", "blik", "glas", "krat"], "uitbetaling": ["bonnetje", "donatie"], "vrijToegankelijk": true, "gemeenteBeperking": null, "openingstijden": {"ma": "08:00–21:00", "di": "08:00–21:00", "wo": "08:00–21:00", "do": "08:00–21:00", "vr": "08:00–21:00", "za": "08:00–21:00", "zo": "09:00–21:00"}, "latitude": 51.5866667, "longitude": 4.7783333, "bronId": "252598"}}, {"type": "Feature", "geometry": {"type": "Point", "coordinates": [4.8314343, 51.5654893]}, "properties": {"type": "inleverpunt", "locatieNaam": "Albert Heijn", "straatNaam": "Pastoor Doensstraat", "straatNr": "4", "postcode": "4854 CP", "plaats": "Bavel", "merk": "StatiegeldNederland", "puntType": "automaat", "materialen": ["pet-groot", "pet-klein", "blik", "glas", "krat"], "uitbetaling": ["bonnetje", "donatie"], "vrijToegankelijk": true, "gemeenteBeperking": null, "openingstijden": {"ma": "08:00–21:00", "di": "08:00–21:00", "wo": "08:00–21:00", "do": "08:00–21:00", "vr": "08:00–21:00", "za": "08:00–21:00", "zo": "09:00–19:00"}, "latitude": 51.5654893, "longitude": 4.8314343, "bronId": "252620"}}, {"type": "Feature", "geometry": {"type": "Point", "coordinates": [4.7394328, 51.5783393]}, "properties": {"type": "inleverpunt", "locatieNaam": "Albert Heijn", "straatNaam": "Pastoor Van Spaandonkstraat", "straatNr": "48", "postcode": "4813 BB", "plaats": "Breda", "merk": "StatiegeldNederland", "puntType": "automaat", "materialen": ["pet-groot", "pet-klein", "blik", "glas", "krat"], "uitbetaling": ["bonnetje", "donatie"], "vrijToegankelijk": true, "gemeenteBeperking": null, "openingstijden": {"ma": "08:00–21:00", "di": "08:00–21:00", "wo": "08:00–21:00", "do": "08:00–21:00", "vr": "08:00–21:00", "za": "08:00–21:00", "zo": "09:00–21:00"}, "latitude": 51.5783393, "longitude": 4.7394328, "bronId": "252622"}}, {"type": "Feature", "geometry": {"type": "Point", "coordinates": [4.791347, 51.5699848]}, "properties": {"type": "inleverpunt", "locatieNaam": "Albert Heijn", "straatNaam": "Valkeniersplein", "straatNr": "2B", "postcode": "4835 RB", "plaats": "Breda", "merk": "StatiegeldNederland", "puntType": "automaat", "materialen": ["pet-groot", "pet-klein", "blik", "glas", "krat"], "uitbetaling": ["bonnetje", "donatie"], "vrijToegankelijk": true, "gemeenteBeperking": null, "openingstijden": {"ma": "07:00–22:00", "di": "07:00–22:00", "wo": "07:00–22:00", "do": "07:00–22:00", "vr": "07:00–22:00", "za": "07:00–22:00", "zo": "08:00–22:00"}, "latitude": 51.5699848, "longitude": 4.791347, "bronId": "252830"}}, {"type": "Feature", "geometry": {"type": "Point", "coordinates": [4.7945782, 51.5657157]}, "properties": {"type": "inleverpunt", "locatieNaam": "Aldi", "straatNaam": "Allerheiligenweg", "straatNr": "85", "postcode": "4835 BM", "plaats": "Breda", "merk": "StatiegeldNederland", "puntType": "automaat", "materialen": ["pet-groot", "pet-klein", "blik", "glas", "krat"], "uitbetaling": ["bonnetje"], "vrijToegankelijk": true, "gemeenteBeperking": null, "openingstijden": {"ma": "08:00–20:00", "di": "08:00–20:00", "wo": "08:00–20:00", "do": "08:00–20:00", "vr": "08:00–20:00", "za": "08:00–20:00", "zo": "10:00–17:00"}, "latitude": 51.5657157, "longitude": 4.7945782, "bronId": "252999"}}, {"type": "Feature", "geometry": {"type": "Point", "coordinates": [4.7698533, 51.5968953]}, "properties": {"type": "inleverpunt", "locatieNaam": "Aldi", "straatNaam": "Belcrumweg", "straatNr": "5-7", "postcode": "4815 HA", "plaats": "Breda", "merk": "StatiegeldNederland", "puntType": "automaat", "materialen": ["pet-groot", "pet-klein", "blik", "glas", "krat"], "uitbetaling": ["bonnetje"], "vrijToegankelijk": true, "gemeenteBeperking": null, "openingstijden": {"ma": "08:00–20:00", "di": "08:00–20:00", "wo": "08:00–20:00", "do": "08:00–20:00", "vr": "08:00–20:00", "za": "08:00–20:00", "zo": "10:00–18:00"}, "latitude": 51.5968953, "longitude": 4.7698533, "bronId": "253009"}}, {"type": "Feature", "geometry": {"type": "Point", "coordinates": [4.788705, 51.60882]}, "properties": {"type": "inleverpunt", "locatieNaam": "Aldi", "straatNaam": "Brusselstraat", "straatNr": "10-12", "postcode": "4826 NJ", "plaats": "Breda", "merk": "StatiegeldNederland", "puntType": "automaat", "materialen": ["pet-groot", "pet-klein", "blik", "glas", "krat"], "uitbetaling": ["bonnetje"], "vrijToegankelijk": true, "gemeenteBeperking": null, "openingstijden": {"ma": "08:00–20:00", "di": "08:00–20:00", "wo": "08:00–20:00", "do": "08:00–20:00", "vr": "08:00–20:00", "za": "08:00–20:00", "zo": "09:00–18:00"}, "latitude": 51.60882, "longitude": 4.788705, "bronId": "253035"}}, {"type": "Feature", "geometry": {"type": "Point", "coordinates": [4.743248, 51.623477]}, "properties": {"type": "inleverpunt", "locatieNaam": "Aldi", "straatNaam": "Heksenwaag", "straatNr": "1", "postcode": "4823 JT", "plaats": "Breda", "merk": "StatiegeldNederland", "puntType": "automaat", "materialen": ["pet-groot", "pet-klein", "blik", "glas", "krat"], "uitbetaling": ["bonnetje"], "vrijToegankelijk": true, "gemeenteBeperking": null, "openingstijden": {"ma": "08:00–20:00", "di": "08:00–20:00", "wo": "08:00–20:00", "do": "08:00–20:00", "vr": "08:00–20:00", "za": "08:00–20:00", "zo": "09:00–17:00"}, "latitude": 51.623477, "longitude": 4.743248, "bronId": "253145"}}, {"type": "Feature", "geometry": {"type": "Point", "coordinates": [4.8226016, 51.6098228]}, "properties": {"type": "inleverpunt", "locatieNaam": "Aldi", "straatNaam": "Scheperij", "straatNr": "5", "postcode": "4847 EZ", "plaats": "Teteringen", "merk": "StatiegeldNederland", "puntType": "automaat", "materialen": ["pet-groot", "pet-klein", "blik", "glas", "krat"], "uitbetaling": ["bonnetje"], "vrijToegankelijk": true, "gemeenteBeperking": null, "openingstijden": {"ma": "08:00–20:00", "di": "08:00–20:00", "wo": "08:00–20:00", "do": "08:00–20:00", "vr": "08:00–20:00", "za": "08:00–20:00", "zo": "09:00–18:00"}, "latitude": 51.6098228, "longitude": 4.8226016, "bronId": "253354"}}, {"type": "Feature", "geometry": {"type": "Point", "coordinates": [4.8164847, 51.5954074]}, "properties": {"type": "inleverpunt", "locatieNaam": "Aldi", "straatNaam": "Urkstraat", "straatNr": "9", "postcode": "4817 AR", "plaats": "Breda", "merk": "StatiegeldNederland", "puntType": "automaat", "materialen": ["pet-groot", "pet-klein", "blik", "glas", "krat"], "uitbetaling": ["bonnetje"], "vrijToegankelijk": true, "gemeenteBeperking": null, "openingstijden": {"ma": "08:00–20:00", "di": "08:00–20:00", "wo": "08:00–20:00", "do": "08:00–20:00", "vr": "08:00–20:00", "za": "08:00–20:00", "zo": "10:00–17:00"}, "latitude": 51.5954074, "longitude": 4.8164847, "bronId": "253395"}}, {"type": "Feature", "geometry": {"type": "Point", "coordinates": [4.7572893, 51.6002254]}, "properties": {"type": "inleverpunt", "locatieNaam": "ANAC Breda *", "straatNaam": "Spinveld", "straatNr": "21", "postcode": "4815 HR", "plaats": "Breda", "merk": "StatiegeldNederland", "puntType": "automaat", "materialen": ["pet-klein", "blik"], "uitbetaling": ["donatie", "tikkie"], "vrijToegankelijk": true, "gemeenteBeperking": null, "openingstijden": null, "latitude": 51.6002254, "longitude": 4.7572893, "bronId": "253494"}}, {"type": "Feature", "geometry": {"type": "Point", "coordinates": [4.764613, 51.5892636]}, "properties": {"type": "inleverpunt", "locatieNaam": "Appel 2539 - Wonen Breburg Breda", "straatNaam": "Schorsmolenstraat", "straatNr": "48", "postcode": "4811 VP", "plaats": "Breda", "merk": "StatiegeldNederland", "puntType": "balie", "materialen": ["pet-groot", "pet-klein", "blik"], "uitbetaling": [], "vrijToegankelijk": true, "gemeenteBeperking": null, "openingstijden": {"ma": "09:00–17:00", "di": "09:00–17:00", "wo": "09:00–17:00", "do": "09:00–17:00", "vr": "09:00–17:00", "za": "Gesloten", "zo": "Gesloten"}, "latitude": 51.5892636, "longitude": 4.764613, "bronId": "253569"}}, {"type": "Feature", "geometry": {"type": "Point", "coordinates": [4.764613, 51.5892636]}, "properties": {"type": "inleverpunt", "locatieNaam": "Appel 2539 Wonen Breburg Breda", "straatNaam": "Schorsmolenstraat", "straatNr": "48", "postcode": "4811 VP", "plaats": "Breda", "merk": "StatiegeldNederland", "puntType": "balie", "materialen": ["pet-groot", "pet-klein", "blik"], "uitbetaling": [], "vrijToegankelijk": true, "gemeenteBeperking": null, "openingstijden": {"ma": "09:00–17:00", "di": "09:00–17:00", "wo": "09:00–17:00", "do": "09:00–17:00", "vr": "09:00–17:00", "za": "Gesloten", "zo": "Gesloten"}, "latitude": 51.5892636, "longitude": 4.764613, "bronId": "253570"}}, {"type": "Feature", "geometry": {"type": "Point", "coordinates": [4.7999227, 51.5839198]}, "properties": {"type": "inleverpunt", "locatieNaam": "Appel 2598 - Avans Plus", "straatNaam": "Claudius Prinsenlaan", "straatNr": "140-148a", "postcode": "4818 CP", "plaats": "Breda", "merk": "StatiegeldNederland", "puntType": "balie", "materialen": ["pet-groot", "pet-klein", "blik"], "uitbetaling": [], "vrijToegankelijk": true, "gemeenteBeperking": null, "openingstijden": {"ma": "08:30–21:30", "di": "08:30–21:30", "wo": "08:30–21:30", "do": "08:30–21:30", "vr": "08:30–17:30", "za": "Gesloten", "zo": "Gesloten"}, "latitude": 51.5839198, "longitude": 4.7999227, "bronId": "253594"}}, {"type": "Feature", "geometry": {"type": "Point", "coordinates": [4.7728715, 51.5880791]}, "properties": {"type": "inleverpunt", "locatieNaam": "Appel 2658-office Improvers", "straatNaam": "Stadionstraat", "straatNr": "2", "postcode": "4815 NG", "plaats": "Breda", "merk": "StatiegeldNederland", "puntType": "balie", "materialen": ["pet-groot", "pet-klein", "blik"], "uitbetaling": [], "vrijToegankelijk": true, "gemeenteBeperking": null, "openingstijden": {"ma": "13:00–17:30", "di": "10:00–17:30", "wo": "10:00–17:30", "do": "10:00–17:30", "vr": "10:00–17:30", "za": "10:00–17:30", "zo": "12:00–17:00"}, "latitude": 51.5880791, "longitude": 4.7728715, "bronId": "253620"}}, {"type": "Feature", "geometry": {"type": "Point", "coordinates": [4.7449324, 51.6238626]}, "properties": {"type": "inleverpunt", "locatieNaam": "B. S.v. Boeimeer", "straatNaam": "Heksendans", "straatNr": "4", "postcode": "4823 JX", "plaats": "Breda", "merk": "StatiegeldNederland", "puntType": "balie", "materialen": ["pet-groot", "pet-klein", "blik"], "uitbetaling": [], "vrijToegankelijk": false, "gemeenteBeperking": null, "openingstijden": {"ma": "10:00–22:00", "di": "12:00–22:00", "wo": "24 uur geopend", "do": "10:45–23:00", "vr": "Gesloten", "za": "06:00–22:00", "zo": "Gesloten"}, "latitude": 51.6238626, "longitude": 4.7449324, "bronId": "253797"}}, {"type": "Feature", "geometry": {"type": "Point", "coordinates": [4.7384642, 51.5753988]}, "properties": {"type": "inleverpunt", "locatieNaam": "Barons Breda Basketball", "straatNaam": "Doelen", "straatNr": "7", "postcode": "4813 GP", "plaats": "Breda", "merk": "StatiegeldNederland", "puntType": "balie", "materialen": ["pet-groot", "pet-klein", "blik"], "uitbetaling": [], "vrijToegankelijk": false, "gemeenteBeperking": null, "openingstijden": null, "latitude": 51.5753988, "longitude": 4.7384642, "bronId": "253805"}}, {"type": "Feature", "geometry": {"type": "Point", "coordinates": [4.7986164, 51.592475]}, "properties": {"type": "inleverpunt", "locatieNaam": "Buurtsuper De Pollen", "straatNaam": "Oude Hoevenweg", "straatNr": "90a", "postcode": "7671 PK", "plaats": "De Pollen", "merk": "StatiegeldNederland", "puntType": "automaat", "materialen": ["pet-klein", "blik"], "uitbetaling": [], "vrijToegankelijk": true, "gemeenteBeperking": null, "openingstijden": {"ma": "09:00–17:00", "di": "09:00–17:00", "wo": "09:00–17:00", "do": "09:00–17:00", "vr": "09:00–17:00", "za": "09:00–17:00", "zo": "09:00–17:00"}, "latitude": 51.592475, "longitude": 4.7986164, "bronId": "253956"}}, {"type": "Feature", "geometry": {"type": "Point", "coordinates": [4.7916242, 51.5855768]}, "properties": {"type": "inleverpunt", "locatieNaam": "Cg 1239 Avans Hs", "straatNaam": "Lovensdijkstraat", "straatNr": "61-63", "postcode": "4818 AJ", "plaats": "Breda", "merk": "StatiegeldNederland", "puntType": "balie", "materialen": ["pet-groot", "pet-klein", "blik"], "uitbetaling": [], "vrijToegankelijk": true, "gemeenteBeperking": null, "openingstijden": {"ma": "07:30–22:00", "di": "07:30–22:00", "wo": "07:30–18:30", "do": "07:30–22:00", "vr": "07:30–18:30", "za": "Gesloten", "zo": "Gesloten"}, "latitude": 51.5855768, "longitude": 4.7916242, "bronId": "254029"}}, {"type": "Feature", "geometry": {"type": "Point", "coordinates": [4.8115067, 51.5791558]}, "properties": {"type": "inleverpunt", "locatieNaam": "Cg 1240 Avans Hs", "straatNaam": "Beukenlaan", "straatNr": "1", "postcode": "4854 TA", "plaats": "Bavel", "merk": "StatiegeldNederland", "puntType": "balie", "materialen": ["pet-groot", "pet-klein", "blik"], "uitbetaling": [], "vrijToegankelijk": true, "gemeenteBeperking": null, "openingstijden": {"ma": "08:00–20:00", "di": "08:00–20:00", "wo": "08:00–20:00", "do": "08:00–20:00", "vr": "08:00–18:30", "za": "Gesloten", "zo": "Gesloten"}, "latitude": 51.5791558, "longitude": 4.8115067, "bronId": "254030"}}, {"type": "Feature", "geometry": {"type": "Point", "coordinates": [4.7975691, 51.5846128]}, "properties": {"type": "inleverpunt", "locatieNaam": "Cg 1245 Avans Hs", "straatNaam": "Hogeschoollaan", "straatNr": "1", "postcode": "4818 CR", "plaats": "Breda", "merk": "StatiegeldNederland", "puntType": "balie", "materialen": ["pet-groot", "pet-klein", "blik"], "uitbetaling": [], "vrijToegankelijk": true, "gemeenteBeperking": null, "openingstijden": {"ma": "07:00–22:00", "di": "07:00–22:00", "wo": "07:00–22:00", "do": "07:00–22:00", "vr": "07:00–18:30", "za": "Gesloten", "zo": "Gesloten"}, "latitude": 51.5846128, "longitude": 4.7975691, "bronId": "254033"}}, {"type": "Feature", "geometry": {"type": "Point", "coordinates": [4.7696245, 51.6080845]}, "properties": {"type": "inleverpunt", "locatieNaam": "Cg 1384 Bosch", "straatNaam": "Konijnenberg", "straatNr": "60", "postcode": "4825 BD", "plaats": "Breda", "merk": "StatiegeldNederland", "puntType": "balie", "materialen": ["pet-groot", "pet-klein", "blik"], "uitbetaling": [], "vrijToegankelijk": true, "gemeenteBeperking": null, "openingstijden": {"ma": "09:00–16:00", "di": "09:00–16:00", "wo": "09:00–16:00", "do": "09:00–16:00", "vr": "09:00–16:00", "za": "Gesloten", "zo": "Gesloten"}, "latitude": 51.6080845, "longitude": 4.7696245, "bronId": "254038"}}, {"type": "Feature", "geometry": {"type": "Point", "coordinates": [4.7707791, 51.577675]}, "properties": {"type": "inleverpunt", "locatieNaam": "Cg 1520 Lage Mosten", "straatNaam": "Lage Mosten", "straatNr": "49", "postcode": "4822 NK", "plaats": "Breda", "merk": "StatiegeldNederland", "puntType": "balie", "materialen": ["pet-groot", "pet-klein", "blik"], "uitbetaling": [], "vrijToegankelijk": true, "gemeenteBeperking": null, "openingstijden": {"ma": "Gesloten", "di": "09:30–18:00", "wo": "09:30–18:00", "do": "09:30–18:00", "vr": "09:30–18:00", "za": "09:30–17:00", "zo": "Gesloten"}, "latitude": 51.577675, "longitude": 4.7707791, "bronId": "254051"}}, {"type": "Feature", "geometry": {"type": "Point", "coordinates": [4.8070461, 51.5840892]}, "properties": {"type": "inleverpunt", "locatieNaam": "Christoffel Breda", "straatNaam": "Nieuwe Inslag", "straatNr": "46", "postcode": "4817 GX", "plaats": "Breda", "merk": "StatiegeldNederland", "puntType": "automaat", "materialen": ["pet-klein", "blik"], "uitbetaling": ["donatie", "tikkie"], "vrijToegankelijk": true, "gemeenteBeperking": null, "openingstijden": null, "latitude": 51.5840892, "longitude": 4.8070461, "bronId": "254117"}}, {"type": "Feature", "geometry": {"type": "Point", "coordinates": [4.72139, 51.60938]}, "properties": {"type": "inleverpunt", "locatieNaam": "Circlek Servauto - Westerhage", "straatNaam": "Westerhagelaan", "straatNr": "25", "postcode": "4823 AJ", "plaats": "Breda", "merk": "StatiegeldNederland", "puntType": "balie", "materialen": ["pet-groot", "pet-klein", "blik"], "uitbetaling": [], "vrijToegankelijk": true, "gemeenteBeperking": null, "openingstijden": {"ma": "06:00–22:00", "di": "06:00–22:00", "wo": "06:00–22:00", "do": "06:00–22:00", "vr": "06:00–22:00", "za": "08:00–22:00", "zo": "08:00–22:00"}, "latitude": 51.60938, "longitude": 4.72139, "bronId": "254167"}}, {"type": "Feature", "geometry": {"type": "Point", "coordinates": [4.7972875, 51.5841762]}, "properties": {"type": "inleverpunt", "locatieNaam": "Compass 121801- HS Avans Breda", "straatNaam": "Hogeschoollaan", "straatNr": "1", "postcode": "4818 CR", "plaats": "Breda", "merk": "StatiegeldNederland", "puntType": "automaat", "materialen": ["pet-groot", "pet-klein", "blik"], "uitbetaling": ["donatie", "tikkie"], "vrijToegankelijk": true, "gemeenteBeperking": null, "openingstijden": {"ma": "07:30–22:00", "di": "07:30–22:00", "wo": "07:30–22:00", "do": "07:30–23:00", "vr": "07:30–23:00", "za": "08:00–23:00", "zo": "12:00–22:00"}, "latitude": 51.5841762, "longitude": 4.7972875, "bronId": "254190"}}, {"type": "Feature", "geometry": {"type": "Point", "coordinates": [4.7849378, 51.6028821]}, "properties": {"type": "inleverpunt", "locatieNaam": "Curio", "straatNaam": "Biesdonkweg", "straatNr": "33", "postcode": "4826 KS", "plaats": "Breda", "merk": "StatiegeldNederland", "puntType": "automaat", "materialen": ["pet-groot", "pet-klein", "blik"], "uitbetaling": ["bonnetje", "donatie", "tikkie"], "vrijToegankelijk": true, "gemeenteBeperking": null, "openingstijden": null, "latitude": 51.6028821, "longitude": 4.7849378, "bronId": "254218"}}, {"type": "Feature", "geometry": {"type": "Point", "coordinates": [4.8028345, 51.5996902]}, "properties": {"type": "inleverpunt", "locatieNaam": "Curio", "straatNaam": "Frankenthalerstraat", "straatNr": "15", "postcode": "4816 KA", "plaats": "Breda", "merk": "StatiegeldNederland", "puntType": "automaat", "materialen": ["pet-klein", "blik"], "uitbetaling": ["donatie", "tikkie"], "vrijToegankelijk": true, "gemeenteBeperking": null, "openingstijden": null, "latitude": 51.5996902, "longitude": 4.8028345, "bronId": "254221"}}, {"type": "Feature", "geometry": {"type": "Point", "coordinates": [4.7986164, 51.592475]}, "properties": {"type": "inleverpunt", "locatieNaam": "Curio", "straatNaam": "Frankenthalerstraat", "straatNr": "17", "postcode": "4811 KA", "plaats": "Breda", "merk": "StatiegeldNederland", "puntType": "automaat", "materialen": ["pet-klein", "blik"], "uitbetaling": ["donatie", "tikkie"], "vrijToegankelijk": true, "gemeenteBeperking": null, "openingstijden": {"ma": "09:00–17:00", "di": "09:00–17:00", "wo": "09:00–17:00", "do": "09:00–17:00", "vr": "09:00–17:00", "za": "09:00–17:00", "zo": "09:00–17:00"}, "latitude": 51.592475, "longitude": 4.7986164, "bronId": "254222"}}, {"type": "Feature", "geometry": {"type": "Point", "coordinates": [4.7748633, 51.5858726]}, "properties": {"type": "inleverpunt", "locatieNaam": "Curio", "straatNaam": "Markendaalseweg", "straatNr": "35", "postcode": "4811 KA", "plaats": "Breda", "merk": "StatiegeldNederland", "puntType": "automaat", "materialen": ["pet-klein", "blik"], "uitbetaling": ["donatie", "tikkie"], "vrijToegankelijk": true, "gemeenteBeperking": null, "openingstijden": null, "latitude": 51.5858726, "longitude": 4.7748633, "bronId": "254226"}}, {"type": "Feature", "geometry": {"type": "Point", "coordinates": [4.8164155, 51.6011122]}, "properties": {"type": "inleverpunt", "locatieNaam": "Curio", "straatNaam": "Meulenspie", "straatNr": "2", "postcode": "4847 TK", "plaats": "Teteringen", "merk": "StatiegeldNederland", "puntType": "automaat", "materialen": ["pet-klein", "blik"], "uitbetaling": ["donatie", "tikkie"], "vrijToegankelijk": true, "gemeenteBeperking": null, "openingstijden": null, "latitude": 51.6011122, "longitude": 4.8164155, "bronId": "254228"}}, {"type": "Feature", "geometry": {"type": "Point", "coordinates": [4.7801601, 51.6032274]}, "properties": {"type": "inleverpunt", "locatieNaam": "Curio", "straatNaam": "Terheijdenseweg", "straatNr": "348", "postcode": "4826 AA", "plaats": "Breda", "merk": "StatiegeldNederland", "puntType": "automaat", "materialen": ["pet-klein", "blik"], "uitbetaling": ["donatie", "tikkie"], "vrijToegankelijk": true, "gemeenteBeperking": null, "openingstijden": null, "latitude": 51.6032274, "longitude": 4.7801601, "bronId": "254233"}}, {"type": "Feature", "geometry": {"type": "Point", "coordinates": [4.7779454, 51.6064755]}, "properties": {"type": "inleverpunt", "locatieNaam": "Curio", "straatNaam": "Terheijdenseweg", "straatNr": "350", "postcode": "4826 AA", "plaats": "Breda", "merk": "StatiegeldNederland", "puntType": "automaat", "materialen": ["pet-klein", "blik"], "uitbetaling": ["donatie", "tikkie"], "vrijToegankelijk": true, "gemeenteBeperking": null, "openingstijden": {"ma": "08:00–18:00", "di": "08:00–18:00", "wo": "08:00–18:00", "do": "08:00–18:00", "vr": "08:00–18:00", "za": "Gesloten", "zo": "Gesloten"}, "latitude": 51.6064755, "longitude": 4.7779454, "bronId": "254234"}}, {"type": "Feature", "geometry": {"type": "Point", "coordinates": [4.775943, 51.6095576]}, "properties": {"type": "inleverpunt", "locatieNaam": "Curio", "straatNaam": "Terheijdenseweg", "straatNr": "414", "postcode": "4826 AB", "plaats": "Breda", "merk": "StatiegeldNederland", "puntType": "automaat", "materialen": ["pet-klein", "blik"], "uitbetaling": ["donatie", "tikkie"], "vrijToegankelijk": true, "gemeenteBeperking": null, "openingstijden": null, "latitude": 51.6095576, "longitude": 4.775943, "bronId": "254235"}}, {"type": "Feature", "geometry": {"type": "Point", "coordinates": [4.7535204, 51.5805495]}, "properties": {"type": "inleverpunt", "locatieNaam": "Curio", "straatNaam": "Tuinzigtlaan", "straatNr": "10", "postcode": "4812 XG", "plaats": "Breda", "merk": "StatiegeldNederland", "puntType": "automaat", "materialen": ["pet-klein", "blik"], "uitbetaling": ["donatie", "tikkie"], "vrijToegankelijk": true, "gemeenteBeperking": null, "openingstijden": null, "latitude": 51.5805495, "longitude": 4.7535204, "bronId": "254236"}}, {"type": "Feature", "geometry": {"type": "Point", "coordinates": [4.7896196, 51.5901859]}, "properties": {"type": "inleverpunt", "locatieNaam": "Curio", "straatNaam": "Wilhelminasingel", "straatNr": "33", "postcode": "4817 JX", "plaats": "Breda", "merk": "StatiegeldNederland", "puntType": "automaat", "materialen": ["pet-klein", "blik"], "uitbetaling": ["donatie", "tikkie"], "vrijToegankelijk": true, "gemeenteBeperking": null, "openingstijden": {"ma": "08:00–17:00", "di": "08:00–17:00", "wo": "08:00–17:00", "do": "08:00–17:00", "vr": "08:00–17:00", "za": "Gesloten", "zo": "Gesloten"}, "latitude": 51.5901859, "longitude": 4.7896196, "bronId": "254237"}}, {"type": "Feature", "geometry": {"type": "Point", "coordinates": [4.7652419, 51.5864827]}, "properties": {"type": "inleverpunt", "locatieNaam": "Ekoplaza", "straatNaam": "Nieuwe Haagdijk", "straatNr": "7", "postcode": "4811 TB", "plaats": "Breda", "merk": "StatiegeldNederland", "puntType": "balie", "materialen": ["pet-groot", "pet-klein", "blik"], "uitbetaling": [], "vrijToegankelijk": true, "gemeenteBeperking": null, "openingstijden": {"ma": "08:30–19:00", "di": "08:30–19:00", "wo": "08:30–19:00", "do": "08:30–19:00", "vr": "08:30–19:00", "za": "08:30–18:00", "zo": "11:00–18:00"}, "latitude": 51.5864827, "longitude": 4.7652419, "bronId": "254674"}}, {"type": "Feature", "geometry": {"type": "Point", "coordinates": [4.7985444, 51.5475468]}, "properties": {"type": "inleverpunt", "locatieNaam": "FSN Berkman Ulvenhout", "straatNaam": "Molenstraat", "straatNr": "1A", "postcode": "4851 SG", "plaats": "Ulvenhout", "merk": "StatiegeldNederland", "puntType": "balie", "materialen": ["pet-groot", "pet-klein", "blik"], "uitbetaling": [], "vrijToegankelijk": true, "gemeenteBeperking": null, "openingstijden": {"ma": "06:00–20:00", "di": "06:00–20:00", "wo": "06:00–20:00", "do": "06:00–20:00", "vr": "06:00–20:00", "za": "07:00–20:00", "zo": "08:00–20:00"}, "latitude": 51.5475468, "longitude": 4.7985444, "bronId": "254814"}}, {"type": "Feature", "geometry": {"type": "Point", "coordinates": [4.7833407, 51.5872884]}, "properties": {"type": "inleverpunt", "locatieNaam": "gemeente Breda", "straatNaam": "Claudius Prinsenlaan", "straatNr": "10", "postcode": "4811 DJ", "plaats": "Breda", "merk": "StatiegeldNederland", "puntType": "automaat", "materialen": ["pet-groot", "pet-klein", "blik"], "uitbetaling": ["bonnetje", "donatie", "tikkie"], "vrijToegankelijk": false, "gemeenteBeperking": null, "openingstijden": {"ma": "24 uur geopend", "di": "24 uur geopend", "wo": "24 uur geopend", "do": "24 uur geopend", "vr": "24 uur geopend", "za": "24 uur geopend", "zo": "24 uur geopend"}, "latitude": 51.5872884, "longitude": 4.7833407, "bronId": "254831"}}, {"type": "Feature", "geometry": {"type": "Point", "coordinates": [4.7614532, 51.6004239]}, "properties": {"type": "inleverpunt", "locatieNaam": "Green Boots BV", "straatNaam": "Spinveld", "straatNr": "5a", "postcode": "4815 HR", "plaats": "Breda", "merk": "StatiegeldNederland", "puntType": "automaat", "materialen": ["pet-groot", "pet-klein", "blik", "krat"], "uitbetaling": ["donatie", "tikkie"], "vrijToegankelijk": true, "gemeenteBeperking": null, "openingstijden": {"ma": "03:30–00:00", "di": "03:30–00:00", "wo": "03:30–00:00", "do": "03:30–00:00", "vr": "03:30–00:00", "za": "03:30–00:00", "zo": "03:30–00:00"}, "latitude": 51.6004239, "longitude": 4.7614532, "bronId": "254874"}}, {"type": "Feature", "geometry": {"type": "Point", "coordinates": [4.793045, 51.598767]}, "properties": {"type": "inleverpunt", "locatieNaam": "Jumbo", "straatNaam": "Baliendijk", "straatNr": "20", "postcode": "4838 GB", "plaats": "Breda", "merk": "StatiegeldNederland", "puntType": "automaat", "materialen": ["pet-groot", "pet-klein", "blik", "glas", "krat"], "uitbetaling": ["bonnetje", "donatie"], "vrijToegankelijk": true, "gemeenteBeperking": null, "openingstijden": {"ma": "08:00–21:00", "di": "08:00–21:00", "wo": "08:00–21:00", "do": "08:00–21:00", "vr": "08:00–21:00", "za": "08:00–21:00", "zo": "08:00–21:00"}, "latitude": 51.598767, "longitude": 4.793045, "bronId": "255223"}}, {"type": "Feature", "geometry": {"type": "Point", "coordinates": [4.770219, 51.596607]}, "properties": {"type": "inleverpunt", "locatieNaam": "Jumbo", "straatNaam": "Belcrumweg", "straatNr": "5-7", "postcode": "4815 HA", "plaats": "Breda", "merk": "StatiegeldNederland", "puntType": "automaat", "materialen": ["pet-groot", "pet-klein", "blik", "glas", "krat"], "uitbetaling": ["bonnetje", "donatie"], "vrijToegankelijk": true, "gemeenteBeperking": null, "openingstijden": {"ma": "08:00–22:00", "di": "08:00–22:00", "wo": "08:00–22:00", "do": "08:00–22:00", "vr": "08:00–22:00", "za": "08:00–22:00", "zo": "08:00–22:00"}, "latitude": 51.596607, "longitude": 4.770219, "bronId": "255228"}}, {"type": "Feature", "geometry": {"type": "Point", "coordinates": [4.795884, 51.541724]}, "properties": {"type": "inleverpunt", "locatieNaam": "Jumbo", "straatNaam": "Chaamseweg", "straatNr": "1", "postcode": "4851 SM", "plaats": "Ulvenhout", "merk": "StatiegeldNederland", "puntType": "automaat", "materialen": ["pet-groot", "pet-klein", "blik", "glas", "krat"], "uitbetaling": ["bonnetje", "donatie"], "vrijToegankelijk": true, "gemeenteBeperking": null, "openingstijden": {"ma": "08:00–21:00", "di": "08:00–21:00", "wo": "08:00–21:00", "do": "08:00–21:00", "vr": "08:00–21:00", "za": "08:00–21:00", "zo": "09:00–20:00"}, "latitude": 51.541724, "longitude": 4.795884, "bronId": "255270"}}, {"type": "Feature", "geometry": {"type": "Point", "coordinates": [4.753484, 51.58751]}, "properties": {"type": "inleverpunt", "locatieNaam": "Jumbo", "straatNaam": "Cypresstraat", "straatNr": "21", "postcode": "4814 PN", "plaats": "Breda", "merk": "StatiegeldNederland", "puntType": "automaat", "materialen": ["pet-groot", "pet-klein", "blik", "glas", "krat"], "uitbetaling": ["bonnetje"], "vrijToegankelijk": true, "gemeenteBeperking": null, "openingstijden": {"ma": "08:00–21:00", "di": "08:00–21:00", "wo": "08:00–21:00", "do": "08:00–21:00", "vr": "08:00–21:00", "za": "08:00–21:00", "zo": "08:00–21:00"}, "latitude": 51.58751, "longitude": 4.753484, "bronId": "255278"}}, {"type": "Feature", "geometry": {"type": "Point", "coordinates": [4.806992, 51.572716]}, "properties": {"type": "inleverpunt", "locatieNaam": "Jumbo", "straatNaam": "De Burcht", "straatNr": "20", "postcode": "4834 HE", "plaats": "Breda", "merk": "StatiegeldNederland", "puntType": "automaat", "materialen": ["pet-groot", "pet-klein", "blik", "glas", "krat"], "uitbetaling": ["bonnetje"], "vrijToegankelijk": true, "gemeenteBeperking": null, "openingstijden": {"ma": "07:30–21:00", "di": "07:30–21:00", "wo": "07:30–21:00", "do": "07:30–21:00", "vr": "07:30–21:00", "za": "07:30–21:00", "zo": "07:30–21:00"}, "latitude": 51.572716, "longitude": 4.806992, "bronId": "255287"}}, {"type": "Feature", "geometry": {"type": "Point", "coordinates": [4.755936, 51.576775]}, "properties": {"type": "inleverpunt", "locatieNaam": "Jumbo", "straatNaam": "Doctor Struyckenstraat", "straatNr": "60", "postcode": "4812 TA", "plaats": "Breda", "merk": "StatiegeldNederland", "puntType": "automaat", "materialen": ["pet-groot", "pet-klein", "blik", "glas", "krat"], "uitbetaling": ["bonnetje", "donatie"], "vrijToegankelijk": true, "gemeenteBeperking": null, "openingstijden": {"ma": "08:00–22:00", "di": "08:00–22:00", "wo": "08:00–22:00", "do": "08:00–22:00", "vr": "08:00–22:00", "za": "08:00–22:00", "zo": "08:00–22:00"}, "latitude": 51.576775, "longitude": 4.755936, "bronId": "255319"}}, {"type": "Feature", "geometry": {"type": "Point", "coordinates": [4.746425, 51.607354]}, "properties": {"type": "inleverpunt", "locatieNaam": "Jumbo", "straatNaam": "Donk", "straatNr": "4", "postcode": "4824 CS", "plaats": "Breda", "merk": "StatiegeldNederland", "puntType": "automaat", "materialen": ["pet-groot", "pet-klein", "blik", "glas", "krat"], "uitbetaling": ["bonnetje", "donatie"], "vrijToegankelijk": true, "gemeenteBeperking": null, "openingstijden": {"ma": "08:00–21:00", "di": "08:00–21:00", "wo": "08:00–21:00", "do": "08:00–21:00", "vr": "08:00–21:00", "za": "08:00–21:00", "zo": "08:00–21:00"}, "latitude": 51.607354, "longitude": 4.746425, "bronId": "255322"}}, {"type": "Feature", "geometry": {"type": "Point", "coordinates": [4.755936, 51.576775]}, "properties": {"type": "inleverpunt", "locatieNaam": "Jumbo", "straatNaam": "Dr. Struijckenplein", "straatNr": "60", "postcode": "4812 TA", "plaats": "Breda", "merk": "StatiegeldNederland", "puntType": "automaat", "materialen": ["pet-groot", "pet-klein", "blik", "glas", "krat"], "uitbetaling": ["bonnetje", "donatie"], "vrijToegankelijk": true, "gemeenteBeperking": null, "openingstijden": {"ma": "08:00–22:00", "di": "08:00–22:00", "wo": "08:00–22:00", "do": "08:00–22:00", "vr": "08:00–22:00", "za": "08:00–22:00", "zo": "08:00–22:00"}, "latitude": 51.576775, "longitude": 4.755936, "bronId": "255340"}}, {"type": "Feature", "geometry": {"type": "Point", "coordinates": [4.744883, 51.622827]}, "properties": {"type": "inleverpunt", "locatieNaam": "Jumbo", "straatNaam": "Heksenwaag", "straatNr": "37", "postcode": "4823 JT", "plaats": "Breda", "merk": "StatiegeldNederland", "puntType": "automaat", "materialen": ["pet-groot", "pet-klein", "blik", "glas", "krat"], "uitbetaling": ["bonnetje", "donatie"], "vrijToegankelijk": true, "gemeenteBeperking": null, "openingstijden": {"ma": "08:00–21:00", "di": "08:00–21:00", "wo": "08:00–21:00", "do": "08:00–21:00", "vr": "08:00–21:00", "za": "08:00–21:00", "zo": "08:00–21:00"}, "latitude": 51.622827, "longitude": 4.744883, "bronId": "255410"}}, {"type": "Feature", "geometry": {"type": "Point", "coordinates": [4.719296, 51.599912]}, "properties": {"type": "inleverpunt", "locatieNaam": "Jumbo", "straatNaam": "Markt", "straatNr": "14", "postcode": "4841 AC", "plaats": "Prinsenbeek", "merk": "StatiegeldNederland", "puntType": "automaat", "materialen": ["pet-groot", "pet-klein", "blik", "glas", "krat"], "uitbetaling": ["bonnetje", "donatie"], "vrijToegankelijk": true, "gemeenteBeperking": null, "openingstijden": {"ma": "08:00–21:00", "di": "08:00–21:00", "wo": "08:00–21:00", "do": "08:00–21:00", "vr": "08:00–21:00", "za": "08:00–21:00", "zo": "09:00–20:00"}, "latitude": 51.599912, "longitude": 4.719296, "bronId": "255561"}}, {"type": "Feature", "geometry": {"type": "Point", "coordinates": [4.789411, 51.608923]}, "properties": {"type": "inleverpunt", "locatieNaam": "Jumbo", "straatNaam": "Moerwijk", "straatNr": "23", "postcode": "4826 HN", "plaats": "Breda", "merk": "StatiegeldNederland", "puntType": "automaat", "materialen": ["pet-groot", "pet-klein", "blik", "glas", "krat"], "uitbetaling": ["bonnetje", "donatie"], "vrijToegankelijk": true, "gemeenteBeperking": null, "openingstijden": {"ma": "08:00–22:00", "di": "08:00–22:00", "wo": "08:00–22:00", "do": "08:00–22:00", "vr": "08:00–22:00", "za": "08:00–22:00", "zo": "08:00–22:00"}, "latitude": 51.608923, "longitude": 4.789411, "bronId": "255592"}}, {"type": "Feature", "geometry": {"type": "Point", "coordinates": [4.739012, 51.578387]}, "properties": {"type": "inleverpunt", "locatieNaam": "Jumbo", "straatNaam": "P. Van Spaandonkstraat", "straatNr": "60", "postcode": "4813 BS", "plaats": "Breda", "merk": "StatiegeldNederland", "puntType": "automaat", "materialen": ["pet-groot", "pet-klein", "blik", "glas", "krat"], "uitbetaling": ["bonnetje"], "vrijToegankelijk": true, "gemeenteBeperking": null, "openingstijden": {"ma": "08:00–21:00", "di": "08:00–21:00", "wo": "08:00–21:00", "do": "08:00–21:00", "vr": "08:00–21:00", "za": "08:00–21:00", "zo": "08:00–21:00"}, "latitude": 51.578387, "longitude": 4.739012, "bronId": "255649"}}, {"type": "Feature", "geometry": {"type": "Point", "coordinates": [4.748829, 51.593948]}, "properties": {"type": "inleverpunt", "locatieNaam": "Jumbo", "straatNaam": "Rat Verleghstraat", "straatNr": "4", "postcode": "4815 NZ", "plaats": "Breda", "merk": "StatiegeldNederland", "puntType": "automaat", "materialen": ["pet-groot", "pet-klein", "blik", "glas", "krat"], "uitbetaling": ["bonnetje", "donatie"], "vrijToegankelijk": true, "gemeenteBeperking": null, "openingstijden": {"ma": "07:30–22:00", "di": "07:30–22:00", "wo": "07:30–22:00", "do": "07:30–22:00", "vr": "07:30–22:00", "za": "07:30–22:00", "zo": "07:30–22:00"}, "latitude": 51.593948, "longitude": 4.748829, "bronId": "255701"}}, {"type": "Feature", "geometry": {"type": "Point", "coordinates": [4.82226, 51.60986]}, "properties": {"type": "inleverpunt", "locatieNaam": "Jumbo", "straatNaam": "Scheperij", "straatNr": "7", "postcode": "4847 EZ", "plaats": "Teteringen", "merk": "StatiegeldNederland", "puntType": "automaat", "materialen": ["pet-groot", "pet-klein", "blik", "glas", "krat"], "uitbetaling": ["bonnetje"], "vrijToegankelijk": true, "gemeenteBeperking": null, "openingstijden": {"ma": "07:30–21:00", "di": "07:30–21:00", "wo": "07:30–21:00", "do": "07:30–21:00", "vr": "07:30–21:00", "za": "07:30–21:00", "zo": "07:30–21:00"}, "latitude": 51.60986, "longitude": 4.82226, "bronId": "255732"}}, {"type": "Feature", "geometry": {"type": "Point", "coordinates": [4.756, 51.57715]}, "properties": {"type": "inleverpunt", "locatieNaam": "Lidl", "straatNaam": "Dr.Struykenplein", "straatNr": "2", "postcode": "4812 TA", "plaats": "Breda", "merk": "StatiegeldNederland", "puntType": "automaat", "materialen": ["pet-groot", "pet-klein", "blik", "glas", "krat"], "uitbetaling": ["bonnetje", "donatie"], "vrijToegankelijk": true, "gemeenteBeperking": null, "openingstijden": {"ma": "07:30–21:00", "di": "07:30–21:00", "wo": "07:30–21:00", "do": "07:30–21:00", "vr": "07:30–21:00", "za": "08:00–21:00", "zo": "08:00–20:00"}, "latitude": 51.57715, "longitude": 4.756, "bronId": "256137"}}, {"type": "Feature", "geometry": {"type": "Point", "coordinates": [4.716509, 51.5984233]}, "properties": {"type": "inleverpunt", "locatieNaam": "Lidl", "straatNaam": "Groenstraat", "straatNr": "25", "postcode": "4841 BA", "plaats": "Prinsenbeek", "merk": "StatiegeldNederland", "puntType": "automaat", "materialen": ["pet-groot", "pet-klein", "blik", "glas", "krat"], "uitbetaling": ["bonnetje", "donatie"], "vrijToegankelijk": true, "gemeenteBeperking": null, "openingstijden": {"ma": "08:00–20:00", "di": "08:00–20:00", "wo": "08:00–20:00", "do": "08:00–21:00", "vr": "08:00–21:00", "za": "08:00–20:00", "zo": "09:00–18:00"}, "latitude": 51.5984233, "longitude": 4.716509, "bronId": "256171"}}, {"type": "Feature", "geometry": {"type": "Point", "coordinates": [4.7968745, 51.5662885]}, "properties": {"type": "inleverpunt", "locatieNaam": "Lidl", "straatNaam": "Jorisstraat", "straatNr": "30-40", "postcode": "4834 VB", "plaats": "Breda", "merk": "StatiegeldNederland", "puntType": "automaat", "materialen": ["pet-groot", "pet-klein", "blik", "glas", "krat"], "uitbetaling": ["bonnetje", "donatie"], "vrijToegankelijk": true, "gemeenteBeperking": null, "openingstijden": {"ma": "07:30–21:00", "di": "07:30–21:00", "wo": "07:30–21:00", "do": "07:30–21:00", "vr": "07:30–21:00", "za": "07:30–21:00", "zo": "08:00–20:00"}, "latitude": 51.5662885, "longitude": 4.7968745, "bronId": "256216"}}, {"type": "Feature", "geometry": {"type": "Point", "coordinates": [4.7235464, 51.6134964]}, "properties": {"type": "inleverpunt", "locatieNaam": "Lidl", "straatNaam": "Kesterenlaan", "straatNr": "150", "postcode": "4822 WK", "plaats": "Breda", "merk": "StatiegeldNederland", "puntType": "automaat", "materialen": ["pet-groot", "pet-klein", "blik", "glas", "krat"], "uitbetaling": ["bonnetje", "donatie"], "vrijToegankelijk": true, "gemeenteBeperking": null, "openingstijden": {"ma": "07:30–21:00", "di": "07:30–21:00", "wo": "07:30–21:00", "do": "07:30–21:00", "vr": "07:30–21:00", "za": "07:30–21:00", "zo": "08:00–20:00"}, "latitude": 51.6134964, "longitude": 4.7235464, "bronId": "256234"}}, {"type": "Feature", "geometry": {"type": "Point", "coordinates": [4.7687512, 51.6141035]}, "properties": {"type": "inleverpunt", "locatieNaam": "Makro", "straatNaam": "Konijnenberg", "straatNr": "92", "postcode": "4825 BE", "plaats": "Breda", "merk": "StatiegeldNederland", "puntType": "automaat", "materialen": ["pet-groot", "pet-klein", "blik", "krat"], "uitbetaling": ["donatie", "tikkie"], "vrijToegankelijk": true, "gemeenteBeperking": null, "openingstijden": {"ma": "09:00–21:00", "di": "09:00–21:00", "wo": "09:00–21:00", "do": "09:00–21:00", "vr": "09:00–21:00", "za": "09:00–18:00", "zo": "11:00–17:00"}, "latitude": 51.6141035, "longitude": 4.7687512, "bronId": "256532"}}, {"type": "Feature", "geometry": {"type": "Point", "coordinates": [4.761926, 51.56958]}, "properties": {"type": "inleverpunt", "locatieNaam": "Markies 60040 Int. School Br", "straatNaam": "Mozartlaan", "straatNr": "35", "postcode": "4837 EH", "plaats": "Breda", "merk": "StatiegeldNederland", "puntType": "balie", "materialen": ["pet-groot", "pet-klein", "blik"], "uitbetaling": [], "vrijToegankelijk": true, "gemeenteBeperking": null, "openingstijden": {"ma": "08:00–17:00", "di": "08:00–17:00", "wo": "08:00–17:00", "do": "08:00–17:00", "vr": "08:00–17:00", "za": "Gesloten", "zo": "Gesloten"}, "latitude": 51.56958, "longitude": 4.761926, "bronId": "256640"}}, {"type": "Feature", "geometry": {"type": "Point", "coordinates": [4.7809728, 51.5771718]}, "properties": {"type": "inleverpunt", "locatieNaam": "Odin Breda", "straatNaam": "Ginnekenweg", "straatNr": "65", "postcode": "4818 JB", "plaats": "Breda", "merk": "StatiegeldNederland", "puntType": "balie", "materialen": ["pet-groot", "pet-klein", "blik"], "uitbetaling": [], "vrijToegankelijk": true, "gemeenteBeperking": null, "openingstijden": {"ma": "08:30–19:00", "di": "08:30–19:00", "wo": "08:30–19:00", "do": "08:30–19:00", "vr": "08:30–19:00", "za": "08:30–18:00", "zo": "12:00–17:00"}, "latitude": 51.5771718, "longitude": 4.7809728, "bronId": "256962"}}, {"type": "Feature", "geometry": {"type": "Point", "coordinates": [4.7855586, 51.5816464]}, "properties": {"type": "inleverpunt", "locatieNaam": "OLV Breda", "straatNaam": "Paul Windhausenweg", "straatNr": "11", "postcode": "4818 TA", "plaats": "Breda", "merk": "StatiegeldNederland", "puntType": "automaat", "materialen": ["pet-klein", "blik"], "uitbetaling": ["donatie"], "vrijToegankelijk": false, "gemeenteBeperking": null, "openingstijden": null, "latitude": 51.5816464, "longitude": 4.7855586, "bronId": "256996"}}, {"type": "Feature", "geometry": {"type": "Point", "coordinates": [4.7738509, 51.6162009]}, "properties": {"type": "inleverpunt", "locatieNaam": "Optisport Kunstijsbaan Breda", "straatNaam": "Terheijdenseweg", "straatNr": "506", "postcode": "4826 AB", "plaats": "Breda", "merk": "StatiegeldNederland", "puntType": "balie", "materialen": ["pet-groot", "pet-klein", "blik"], "uitbetaling": [], "vrijToegankelijk": false, "gemeenteBeperking": null, "openingstijden": null, "latitude": 51.6162009, "longitude": 4.7738509, "bronId": "257023"}}, {"type": "Feature", "geometry": {"type": "Point", "coordinates": [4.7741391, 51.6138575]}, "properties": {"type": "inleverpunt", "locatieNaam": "Optisport Zwembad De Wisselaar", "straatNaam": "Terheijdenseweg", "straatNr": "494", "postcode": "4826 AB", "plaats": "Breda", "merk": "StatiegeldNederland", "puntType": "balie", "materialen": ["pet-groot", "pet-klein", "blik"], "uitbetaling": [], "vrijToegankelijk": false, "gemeenteBeperking": null, "openingstijden": {"ma": "11:30–18:30", "di": "07:00–22:45", "wo": "07:00–17:00", "do": "07:00–18:15", "vr": "07:00–18:15", "za": "08:00–12:30", "zo": "Gesloten"}, "latitude": 51.6138575, "longitude": 4.7741391, "bronId": "257076"}}, {"type": "Feature", "geometry": {"type": "Point", "coordinates": [4.7680134, 51.5804281]}, "properties": {"type": "inleverpunt", "locatieNaam": "Optisport Zwembad Sonsbeeck", "straatNaam": "Pieter Christiaanstraat", "straatNr": "2", "postcode": "4811 PS", "plaats": "Breda", "merk": "StatiegeldNederland", "puntType": "balie", "materialen": ["pet-groot", "pet-klein", "blik"], "uitbetaling": [], "vrijToegankelijk": false, "gemeenteBeperking": null, "openingstijden": null, "latitude": 51.5804281, "longitude": 4.7680134, "bronId": "257086"}}, {"type": "Feature", "geometry": {"type": "Point", "coordinates": [4.8032965, 51.5598091]}, "properties": {"type": "inleverpunt", "locatieNaam": "Optisport Zwembad Wolfslaar", "straatNaam": "Wolfslaardreef", "straatNr": "105", "postcode": "4834 SN", "plaats": "Breda", "merk": "StatiegeldNederland", "puntType": "balie", "materialen": ["pet-groot", "pet-klein", "blik"], "uitbetaling": [], "vrijToegankelijk": false, "gemeenteBeperking": null, "openingstijden": {"ma": "07:00–20:00", "di": "07:00–20:00", "wo": "07:00–20:00", "do": "07:00–20:00", "vr": "07:00–20:00", "za": "09:00–17:00", "zo": "09:00–17:00"}, "latitude": 51.5598091, "longitude": 4.8032965, "bronId": "257090"}}, {"type": "Feature", "geometry": {"type": "Point", "coordinates": [4.7849864, 51.5898694]}, "properties": {"type": "inleverpunt", "locatieNaam": "Pathé Breda", "straatNaam": "Chasséveld", "straatNr": "15", "postcode": "4811 DH", "plaats": "Breda", "merk": "StatiegeldNederland", "puntType": "automaat", "materialen": ["pet-groot", "pet-klein", "blik"], "uitbetaling": ["bonnetje", "donatie", "tikkie"], "vrijToegankelijk": false, "gemeenteBeperking": null, "openingstijden": null, "latitude": 51.5898694, "longitude": 4.7849864, "bronId": "257132"}}, {"type": "Feature", "geometry": {"type": "Point", "coordinates": [4.796557, 51.551293]}, "properties": {"type": "inleverpunt", "locatieNaam": "Plus", "straatNaam": "Dorpstraat", "straatNr": "48", "postcode": "4851 CM", "plaats": "Ulvenhout", "merk": "StatiegeldNederland", "puntType": "automaat", "materialen": ["pet-groot", "pet-klein", "blik", "glas", "krat"], "uitbetaling": ["bonnetje", "donatie"], "vrijToegankelijk": true, "gemeenteBeperking": null, "openingstijden": {"ma": "08:00–20:00", "di": "08:00–20:00", "wo": "08:00–20:00", "do": "08:00–20:00", "vr": "08:00–20:00", "za": "08:00–20:00", "zo": "09:00–19:00"}, "latitude": 51.551293, "longitude": 4.796557, "bronId": "257288"}}, {"type": "Feature", "geometry": {"type": "Point", "coordinates": [4.8059498, 51.5629088]}, "properties": {"type": "inleverpunt", "locatieNaam": "Ruitersportcentrum Breda", "straatNaam": "Overakkerstraat", "straatNr": "372", "postcode": "4834 XR", "plaats": "Breda", "merk": "StatiegeldNederland", "puntType": "balie", "materialen": ["pet-groot", "pet-klein", "blik"], "uitbetaling": [], "vrijToegankelijk": false, "gemeenteBeperking": null, "openingstijden": {"ma": "08:00–22:00", "di": "08:00–22:00", "wo": "08:00–22:00", "do": "08:00–22:00", "vr": "08:00–22:00", "za": "08:00–20:00", "zo": "08:00–19:00"}, "latitude": 51.5629088, "longitude": 4.8059498, "bronId": "257901"}}, {"type": "Feature", "geometry": {"type": "Point", "coordinates": [4.7296715, 51.5828637]}, "properties": {"type": "inleverpunt", "locatieNaam": "Samsung SDS Breda - Iabc", "straatNaam": "Iabc", "straatNr": "5103", "postcode": "4814 RN", "plaats": "Breda", "merk": "StatiegeldNederland", "puntType": "automaat", "materialen": ["pet-klein", "blik"], "uitbetaling": ["donatie", "tikkie"], "vrijToegankelijk": false, "gemeenteBeperking": null, "openingstijden": null, "latitude": 51.5828637, "longitude": 4.7296715, "bronId": "257955"}}, {"type": "Feature", "geometry": {"type": "Point", "coordinates": [4.7707133, 51.5972227]}, "properties": {"type": "inleverpunt", "locatieNaam": "Sham S Belcrum B.v.", "straatNaam": "Belcrumweg", "straatNr": "34", "postcode": "4815 HB", "plaats": "Breda", "merk": "StatiegeldNederland", "puntType": "balie", "materialen": ["pet-groot", "pet-klein", "blik"], "uitbetaling": [], "vrijToegankelijk": true, "gemeenteBeperking": null, "openingstijden": {"ma": "10:00–19:00", "di": "10:00–19:00", "wo": "10:00–19:00", "do": "10:00–19:00", "vr": "10:00–19:00", "za": "09:00–18:00", "zo": "11:00–17:00"}, "latitude": 51.5972227, "longitude": 4.7707133, "bronId": "258018"}}, {"type": "Feature", "geometry": {"type": "Point", "coordinates": [4.769034, 51.602214]}, "properties": {"type": "inleverpunt", "locatieNaam": "Shell", "straatNaam": "Backer en Ruebweg", "straatNr": "2", "postcode": "4825 AA", "plaats": "Breda", "merk": "StatiegeldNederland", "puntType": "balie", "materialen": ["pet-groot", "pet-klein", "blik"], "uitbetaling": [], "vrijToegankelijk": true, "gemeenteBeperking": null, "openingstijden": {"ma": "24 uur geopend", "di": "24 uur geopend", "wo": "24 uur geopend", "do": "24 uur geopend", "vr": "24 uur geopend", "za": "24 uur geopend", "zo": "24 uur geopend"}, "latitude": 51.602214, "longitude": 4.769034, "bronId": "258030"}}, {"type": "Feature", "geometry": {"type": "Point", "coordinates": [4.742213, 51.497404]}, "properties": {"type": "inleverpunt", "locatieNaam": "Shell", "straatNaam": "E19 Hazeldonk", "straatNr": "111", "postcode": "4836 LB", "plaats": "Breda", "merk": "StatiegeldNederland", "puntType": "balie", "materialen": ["pet-groot", "pet-klein", "blik"], "uitbetaling": [], "vrijToegankelijk": true, "gemeenteBeperking": null, "openingstijden": {"ma": "24 uur geopend", "di": "24 uur geopend", "wo": "24 uur geopend", "do": "24 uur geopend", "vr": "24 uur geopend", "za": "24 uur geopend", "zo": "24 uur geopend"}, "latitude": 51.497404, "longitude": 4.742213, "bronId": "258055"}}, {"type": "Feature", "geometry": {"type": "Point", "coordinates": [4.741536, 51.499855]}, "properties": {"type": "inleverpunt", "locatieNaam": "Shell", "straatNaam": "Hazeldonk", "straatNr": "5002", "postcode": "4836 LZ", "plaats": "Breda", "merk": "StatiegeldNederland", "puntType": "balie", "materialen": ["pet-groot", "pet-klein", "blik"], "uitbetaling": [], "vrijToegankelijk": true, "gemeenteBeperking": null, "openingstijden": {"ma": "24 uur geopend", "di": "24 uur geopend", "wo": "24 uur geopend", "do": "24 uur geopend", "vr": "24 uur geopend", "za": "24 uur geopend", "zo": "24 uur geopend"}, "latitude": 51.499855, "longitude": 4.741536, "bronId": "258079"}}, {"type": "Feature", "geometry": {"type": "Point", "coordinates": [4.7986164, 51.592475]}, "properties": {"type": "inleverpunt", "locatieNaam": "Sirkular Breda", "straatNaam": "Beverweg", "straatNr": "102", "postcode": "4817 LN", "plaats": "Breda", "merk": "StatiegeldNederland", "puntType": "automaat", "materialen": ["pet-groot", "pet-klein", "blik", "krat"], "uitbetaling": ["donatie", "tikkie"], "vrijToegankelijk": true, "gemeenteBeperking": null, "openingstijden": {"ma": "09:00–17:00", "di": "09:00–17:00", "wo": "09:00–17:00", "do": "09:00–17:00", "vr": "09:00–17:00", "za": "09:00–17:00", "zo": "09:00–17:00"}, "latitude": 51.592475, "longitude": 4.7986164, "bronId": "258268"}}, {"type": "Feature", "geometry": {"type": "Point", "coordinates": [4.7817782, 51.5899862]}, "properties": {"type": "inleverpunt", "locatieNaam": "Spar City", "straatNaam": "BOSCHSTRAAT", "straatNr": "32", "postcode": "4811 GH", "plaats": "Breda", "merk": "StatiegeldNederland", "puntType": "balie", "materialen": ["pet-groot", "pet-klein", "blik"], "uitbetaling": [], "vrijToegankelijk": true, "gemeenteBeperking": null, "openingstijden": {"ma": "07:30–22:00", "di": "07:30–22:00", "wo": "07:30–22:00", "do": "07:30–22:00", "vr": "07:30–22:00", "za": "08:00–22:00", "zo": "09:00–20:00"}, "latitude": 51.5899862, "longitude": 4.7817782, "bronId": "258505"}}, {"type": "Feature", "geometry": {"type": "Point", "coordinates": [4.7792936, 51.5938991]}, "properties": {"type": "inleverpunt", "locatieNaam": "Spar City", "straatNaam": "WILLEMSSTRAAT", "straatNr": "13", "postcode": "4811 AH", "plaats": "Breda", "merk": "StatiegeldNederland", "puntType": "balie", "materialen": ["pet-groot", "pet-klein", "blik"], "uitbetaling": [], "vrijToegankelijk": true, "gemeenteBeperking": null, "openingstijden": {"ma": "06:30–22:00", "di": "06:30–22:00", "wo": "06:30–22:00", "do": "06:30–22:00", "vr": "06:30–23:00", "za": "07:00–23:00", "zo": "08:00–20:00"}, "latitude": 51.5938991, "longitude": 4.7792936, "bronId": "258528"}}, {"type": "Feature", "geometry": {"type": "Point", "coordinates": [4.7810819, 51.5513637]}, "properties": {"type": "inleverpunt", "locatieNaam": "T.c. Breda", "straatNaam": "Galderseweg", "straatNr": "45", "postcode": "4836 AC", "plaats": "Breda", "merk": "StatiegeldNederland", "puntType": "balie", "materialen": ["pet-groot", "pet-klein", "blik"], "uitbetaling": [], "vrijToegankelijk": false, "gemeenteBeperking": null, "openingstijden": null, "latitude": 51.5513637, "longitude": 4.7810819, "bronId": "258857"}}, {"type": "Feature", "geometry": {"type": "Point", "coordinates": [4.7462497, 51.6228351]}, "properties": {"type": "inleverpunt", "locatieNaam": "T.v. Heksenwiel", "straatNaam": "Heksendans", "straatNr": "2", "postcode": "4823 JX", "plaats": "Breda", "merk": "StatiegeldNederland", "puntType": "balie", "materialen": ["pet-groot", "pet-klein", "blik"], "uitbetaling": [], "vrijToegankelijk": false, "gemeenteBeperking": null, "openingstijden": {"ma": "09:00–23:30", "di": "09:00–23:30", "wo": "09:00–23:30", "do": "09:00–23:30", "vr": "09:00–23:30", "za": "09:00–23:30", "zo": "09:00–23:30"}, "latitude": 51.6228351, "longitude": 4.7462497, "bronId": "258865"}}, {"type": "Feature", "geometry": {"type": "Point", "coordinates": [4.7088577, 51.6056221]}, "properties": {"type": "inleverpunt", "locatieNaam": "Tennis Vereniging Prinsenbeek", "straatNaam": "Heikantsestraat 37 A", "straatNr": "", "postcode": "4841 EG", "plaats": "Prinsenbeek", "merk": "StatiegeldNederland", "puntType": "balie", "materialen": ["pet-groot", "pet-klein", "blik"], "uitbetaling": [], "vrijToegankelijk": false, "gemeenteBeperking": null, "openingstijden": null, "latitude": 51.6056221, "longitude": 4.7088577, "bronId": "258910"}}, {"type": "Feature", "geometry": {"type": "Point", "coordinates": [4.7371895, 51.568299]}, "properties": {"type": "inleverpunt", "locatieNaam": "Tennispark Princenhage", "straatNaam": "Rithsestraat", "straatNr": "62", "postcode": "4813 GX", "plaats": "Breda", "merk": "StatiegeldNederland", "puntType": "balie", "materialen": ["pet-groot", "pet-klein", "blik"], "uitbetaling": [], "vrijToegankelijk": false, "gemeenteBeperking": null, "openingstijden": {"ma": "09:00–22:00", "di": "09:00–22:00", "wo": "09:00–22:00", "do": "09:00–22:00", "vr": "09:00–22:00", "za": "09:00–22:00", "zo": "09:00–22:00"}, "latitude": 51.568299, "longitude": 4.7371895, "bronId": "258924"}}, {"type": "Feature", "geometry": {"type": "Point", "coordinates": [4.7409704, 51.6050578]}, "properties": {"type": "inleverpunt", "locatieNaam": "Tennisvereniging Haagse Beemden", "straatNaam": "Kantenbeemd", "straatNr": "1", "postcode": "4824 NB", "plaats": "Breda", "merk": "StatiegeldNederland", "puntType": "balie", "materialen": ["pet-groot", "pet-klein", "blik"], "uitbetaling": [], "vrijToegankelijk": false, "gemeenteBeperking": null, "openingstijden": {"ma": "09:00–23:00", "di": "09:00–23:00", "wo": "09:00–23:00", "do": "09:00–23:00", "vr": "09:00–23:00", "za": "09:00–23:00", "zo": "09:00–23:00"}, "latitude": 51.6050578, "longitude": 4.7409704, "bronId": "258940"}}, {"type": "Feature", "geometry": {"type": "Point", "coordinates": [4.7397786, 51.6027534]}, "properties": {"type": "inleverpunt", "locatieNaam": "The Gunners", "straatNaam": "Wandelakker", "straatNr": "20", "postcode": "4824 SG", "plaats": "Breda", "merk": "StatiegeldNederland", "puntType": "balie", "materialen": ["pet-groot", "pet-klein", "blik"], "uitbetaling": [], "vrijToegankelijk": false, "gemeenteBeperking": null, "openingstijden": {"ma": "Gesloten", "di": "18:00–22:30", "wo": "Gesloten", "do": "18:00–22:30", "vr": "Gesloten", "za": "08:00–21:00", "zo": "Gesloten"}, "latitude": 51.6027534, "longitude": 4.7397786, "bronId": "258962"}}, {"type": "Feature", "geometry": {"type": "Point", "coordinates": [4.7986164, 51.592475]}, "properties": {"type": "inleverpunt", "locatieNaam": "The Padellers Mijkenbroek", "straatNaam": "Mijkenbroek", "straatNr": "27", "postcode": "4824 AA", "plaats": "Breda", "merk": "StatiegeldNederland", "puntType": "automaat", "materialen": ["pet-klein", "blik"], "uitbetaling": [], "vrijToegankelijk": false, "gemeenteBeperking": null, "openingstijden": {"ma": "09:00–17:00", "di": "09:00–17:00", "wo": "09:00–17:00", "do": "09:00–17:00", "vr": "09:00–17:00", "za": "09:00–17:00", "zo": "09:00–17:00"}, "latitude": 51.592475, "longitude": 4.7986164, "bronId": "258975"}}, {"type": "Feature", "geometry": {"type": "Point", "coordinates": [4.7839637, 51.6012435]}, "properties": {"type": "inleverpunt", "locatieNaam": "Trumpi Time", "straatNaam": "Nieuwe Kadijk", "straatNr": "25", "postcode": "4816 AP", "plaats": "Breda", "merk": "StatiegeldNederland", "puntType": "automaat", "materialen": ["pet-groot", "pet-klein", "blik"], "uitbetaling": ["bonnetje", "donatie", "tikkie"], "vrijToegankelijk": true, "gemeenteBeperking": null, "openingstijden": {"ma": "08:00–20:00", "di": "08:00–20:00", "wo": "08:00–20:00", "do": "08:00–20:00", "vr": "08:00–20:00", "za": "08:00–17:30", "zo": "Gesloten"}, "latitude": 51.6012435, "longitude": 4.7839637, "bronId": "259045"}}, {"type": "Feature", "geometry": {"type": "Point", "coordinates": [4.7520465, 51.6172537]}, "properties": {"type": "inleverpunt", "locatieNaam": "Tuincentrum Poppelaars", "straatNaam": "Rietdijk", "straatNr": "1b", "postcode": "4824 ZB", "plaats": "Breda", "merk": "StatiegeldNederland", "puntType": "automaat", "materialen": ["pet-groot", "pet-klein", "blik"], "uitbetaling": ["bonnetje", "donatie", "tikkie"], "vrijToegankelijk": true, "gemeenteBeperking": null, "openingstijden": null, "latitude": 51.6172537, "longitude": 4.7520465, "bronId": "259058"}}, {"type": "Feature", "geometry": {"type": "Point", "coordinates": [4.8344571, 51.6064266]}, "properties": {"type": "inleverpunt", "locatieNaam": "Ttv Teteringen", "straatNaam": "Donkerstraat", "straatNr": "44", "postcode": "4847 EJ", "plaats": "Teteringen", "merk": "StatiegeldNederland", "puntType": "balie", "materialen": ["pet-groot", "pet-klein", "blik"], "uitbetaling": [], "vrijToegankelijk": false, "gemeenteBeperking": null, "openingstijden": {"ma": "09:00–22:00", "di": "09:00–22:00", "wo": "09:00–22:00", "do": "09:00–22:00", "vr": "09:00–22:00", "za": "09:00–22:00", "zo": "09:00–22:00"}, "latitude": 51.6064266, "longitude": 4.8344571, "bronId": "259061"}}, {"type": "Feature", "geometry": {"type": "Point", "coordinates": [4.8106626, 51.5875634]}, "properties": {"type": "inleverpunt", "locatieNaam": "V.v. Pcp", "straatNaam": "Langveld", "straatNr": "5", "postcode": "4814 RS", "plaats": "Breda", "merk": "StatiegeldNederland", "puntType": "balie", "materialen": ["pet-groot", "pet-klein", "blik"], "uitbetaling": [], "vrijToegankelijk": false, "gemeenteBeperking": null, "openingstijden": null, "latitude": 51.5875634, "longitude": 4.8106626, "bronId": "259133"}}, {"type": "Feature", "geometry": {"type": "Point", "coordinates": [4.7302139, 51.6194607]}, "properties": {"type": "inleverpunt", "locatieNaam": "ViaTim", "straatNaam": "Lisdodde", "straatNr": "3", "postcode": "4823 MB", "plaats": "Breda", "merk": "StatiegeldNederland", "puntType": "balie", "materialen": ["pet-groot", "pet-klein", "blik"], "uitbetaling": ["tikkie"], "vrijToegankelijk": true, "gemeenteBeperking": null, "openingstijden": {"ma": "16:00–21:00", "di": "16:00–21:00", "wo": "16:00–21:00", "do": "16:00–21:00", "vr": "16:00–21:00", "za": "16:00–21:00", "zo": "Gesloten"}, "latitude": 51.6194607, "longitude": 4.7302139, "bronId": "259393"}}, {"type": "Feature", "geometry": {"type": "Point", "coordinates": [4.7404597, 51.6231627]}, "properties": {"type": "inleverpunt", "locatieNaam": "ViaTim", "straatNaam": "Vijftigbunder", "straatNr": "64", "postcode": "4823 BG", "plaats": "Breda", "merk": "StatiegeldNederland", "puntType": "balie", "materialen": ["pet-groot", "pet-klein", "blik"], "uitbetaling": ["tikkie"], "vrijToegankelijk": true, "gemeenteBeperking": null, "openingstijden": null, "latitude": 51.6231627, "longitude": 4.7404597, "bronId": "259517"}}, {"type": "Feature", "geometry": {"type": "Point", "coordinates": [4.8269597, 51.6087192]}, "properties": {"type": "inleverpunt", "locatieNaam": "Voetbal Ver Dia Teteringen", "straatNaam": "Donkerstraat", "straatNr": "34", "postcode": "4847 EJ", "plaats": "Teteringen", "merk": "StatiegeldNederland", "puntType": "balie", "materialen": ["pet-groot", "pet-klein", "blik"], "uitbetaling": [], "vrijToegankelijk": false, "gemeenteBeperking": null, "openingstijden": {"ma": "24 uur geopend", "di": "24 uur geopend", "wo": "24 uur geopend", "do": "24 uur geopend", "vr": "24 uur geopend", "za": "24 uur geopend", "zo": "24 uur geopend"}, "latitude": 51.6087192, "longitude": 4.8269597, "bronId": "259554"}}, {"type": "Feature", "geometry": {"type": "Point", "coordinates": [4.8036023, 51.5847051]}, "properties": {"type": "inleverpunt", "locatieNaam": "Volleybalvereniging Hwvv", "straatNaam": "Lange Brugstraat", "straatNr": "41", "postcode": "4811 WP", "plaats": "Breda", "merk": "StatiegeldNederland", "puntType": "balie", "materialen": ["pet-groot", "pet-klein", "blik"], "uitbetaling": [], "vrijToegankelijk": false, "gemeenteBeperking": null, "openingstijden": {"ma": "18:00–22:00", "di": "18:00–22:00", "wo": "17:15–22:00", "do": "18:00–22:00", "vr": "18:00–21:00", "za": "10:00–20:00", "zo": "Gesloten"}, "latitude": 51.5847051, "longitude": 4.8036023, "bronId": "259632"}}, {"type": "Feature", "geometry": {"type": "Point", "coordinates": [4.822312, 51.609811]}, "properties": {"type": "inleverpunt", "locatieNaam": "Jumbo Teteringen", "straatNaam": "Scheperij", "straatNr": "3", "postcode": "4847 EZ", "plaats": "Teteringen", "merk": "StichtingOPEN", "puntType": "balie", "materialen": ["batterijen", "lampen"], "uitbetaling": [], "vrijToegankelijk": false, "gemeenteBeperking": null, "openingstijden": null, "latitude": 51.609811, "longitude": 4.822312, "bronId": "SP00025052"}}, {"type": "Feature", "geometry": {"type": "Point", "coordinates": [4.791931, 51.613906]}, "properties": {"type": "inleverpunt", "locatieNaam": "Kinderboerderij Parkhoeve", "straatNaam": "Tussen de Dijken", "straatNr": "101", "postcode": "4826 GW", "plaats": "Breda", "merk": "StichtingOPEN", "puntType": "balie", "materialen": ["elektro-klein", "elektro-middel"], "uitbetaling": [], "vrijToegankelijk": false, "gemeenteBeperking": null, "openingstijden": null, "latitude": 51.613906, "longitude": 4.791931, "bronId": "SP00009173"}}, {"type": "Feature", "geometry": {"type": "Point", "coordinates": [4.78997, 51.608949]}, "properties": {"type": "inleverpunt", "locatieNaam": "Action Breda", "straatNaam": "Moerwijk", "straatNr": "26", "postcode": "4826 HN", "plaats": "Breda", "merk": "StichtingOPEN", "puntType": "balie", "materialen": ["batterijen", "lampen"], "uitbetaling": [], "vrijToegankelijk": false, "gemeenteBeperking": null, "openingstijden": null, "latitude": 51.608949, "longitude": 4.78997, "bronId": "SP00025535"}}, {"type": "Feature", "geometry": {"type": "Point", "coordinates": [4.78958, 51.60869]}, "properties": {"type": "inleverpunt", "locatieNaam": "Jumbo", "straatNaam": "Moerwijk", "straatNr": "23", "postcode": "4826 HN", "plaats": "Breda", "merk": "StichtingOPEN", "puntType": "balie", "materialen": ["batterijen", "lampen"], "uitbetaling": [], "vrijToegankelijk": false, "gemeenteBeperking": null, "openingstijden": null, "latitude": 51.60869, "longitude": 4.78958, "bronId": "SP00030212"}}, {"type": "Feature", "geometry": {"type": "Point", "coordinates": [4.788704, 51.608819]}, "properties": {"type": "inleverpunt", "locatieNaam": "Aldi Breda", "straatNaam": "Brusselstraat", "straatNr": "10-12", "postcode": "4826 NJ", "plaats": "Breda", "merk": "StichtingOPEN", "puntType": "balie", "materialen": ["batterijen", "elektro-klein", "lampen"], "uitbetaling": [], "vrijToegankelijk": false, "gemeenteBeperking": null, "openingstijden": null, "latitude": 51.608819, "longitude": 4.788704, "bronId": "SP00027147"}}, {"type": "Feature", "geometry": {"type": "Point", "coordinates": [4.828208, 51.593951]}, "properties": {"type": "inleverpunt", "locatieNaam": "KARWEI Hoofdlocatie (Breda B012)", "straatNaam": "Takkebijsters", "straatNr": "57", "postcode": "4817 BL", "plaats": "Breda", "merk": "StichtingOPEN", "puntType": "balie", "materialen": ["elektro-middel", "lampen", "tl-buizen"], "uitbetaling": [], "vrijToegankelijk": false, "gemeenteBeperking": null, "openingstijden": null, "latitude": 51.593951, "longitude": 4.828208, "bronId": "SP00003655"}}, {"type": "Feature", "geometry": {"type": "Point", "coordinates": [4.789997, 51.608006]}, "properties": {"type": "inleverpunt", "locatieNaam": "Kruidvat Breda", "straatNaam": "Moerwijk", "straatNr": "4244", "postcode": "4826 HP", "plaats": "Breda", "merk": "StichtingOPEN", "puntType": "balie", "materialen": ["batterijen", "lampen"], "uitbetaling": [], "vrijToegankelijk": false, "gemeenteBeperking": null, "openingstijden": null, "latitude": 51.608006, "longitude": 4.789997, "bronId": "SP00024522"}}, {"type": "Feature", "geometry": {"type": "Point", "coordinates": [4.789695, 51.608073]}, "properties": {"type": "inleverpunt", "locatieNaam": "1007 Albert Heijn Breda", "straatNaam": "Moerwijk", "straatNr": "2", "postcode": "4826 HN", "plaats": "Breda", "merk": "StichtingOPEN", "puntType": "balie", "materialen": ["batterijen", "elektro-klein", "lampen"], "uitbetaling": [], "vrijToegankelijk": false, "gemeenteBeperking": null, "openingstijden": null, "latitude": 51.608073, "longitude": 4.789695, "bronId": "SP00022620"}}, {"type": "Feature", "geometry": {"type": "Point", "coordinates": [4.7447, 51.62276]}, "properties": {"type": "inleverpunt", "locatieNaam": "Jumbo Amsterdam", "straatNaam": "Heksenwaag", "straatNr": "37", "postcode": "4823 JT", "plaats": "Breda", "merk": "StichtingOPEN", "puntType": "balie", "materialen": ["batterijen", "elektro-klein", "lampen"], "uitbetaling": [], "vrijToegankelijk": false, "gemeenteBeperking": null, "openingstijden": null, "latitude": 51.62276, "longitude": 4.7447, "bronId": "SP00030211"}}, {"type": "Feature", "geometry": {"type": "Point", "coordinates": [4.743372, 51.623267]}, "properties": {"type": "inleverpunt", "locatieNaam": "1238 Albert Heijn Breda", "straatNaam": "Heksenwaag", "straatNr": "2", "postcode": "4823 JV", "plaats": "Breda", "merk": "StichtingOPEN", "puntType": "balie", "materialen": ["batterijen", "elektro-klein", "lampen"], "uitbetaling": [], "vrijToegankelijk": false, "gemeenteBeperking": null, "openingstijden": null, "latitude": 51.623267, "longitude": 4.743372, "bronId": "SP00022624"}}, {"type": "Feature", "geometry": {"type": "Point", "coordinates": [4.782005, 51.605412]}, "properties": {"type": "inleverpunt", "locatieNaam": "Action Breda 1323", "straatNaam": "Charleroistraat", "straatNr": "172-180", "postcode": "4826 LP", "plaats": "Breda", "merk": "StichtingOPEN", "puntType": "balie", "materialen": ["lampen"], "uitbetaling": [], "vrijToegankelijk": false, "gemeenteBeperking": null, "openingstijden": null, "latitude": 51.605412, "longitude": 4.782005, "bronId": "SP00007889"}}, {"type": "Feature", "geometry": {"type": "Point", "coordinates": [4.821433, 51.589594]}, "properties": {"type": "inleverpunt", "locatieNaam": "1174 Albert Heijn Breda", "straatNaam": "Bisschopshoeve", "straatNr": "30", "postcode": "4817 PV", "plaats": "Breda", "merk": "StichtingOPEN", "puntType": "balie", "materialen": ["batterijen", "elektro-klein", "lampen"], "uitbetaling": [], "vrijToegankelijk": false, "gemeenteBeperking": null, "openingstijden": null, "latitude": 51.589594, "longitude": 4.821433, "bronId": "SP00022615"}}, {"type": "Feature", "geometry": {"type": "Point", "coordinates": [4.793048, 51.598772]}, "properties": {"type": "inleverpunt", "locatieNaam": "Jumbo Breda", "straatNaam": "Baliëndijk", "straatNr": "20", "postcode": "4816 GD", "plaats": "Breda", "merk": "StichtingOPEN", "puntType": "balie", "materialen": ["batterijen", "lampen"], "uitbetaling": [], "vrijToegankelijk": false, "gemeenteBeperking": null, "openingstijden": null, "latitude": 51.598772, "longitude": 4.793048, "bronId": "SP00025045"}}, {"type": "Feature", "geometry": {"type": "Point", "coordinates": [4.77916, 51.602964]}, "properties": {"type": "inleverpunt", "locatieNaam": "Intratuin Breda", "straatNaam": "Terheijdenseweg", "straatNr": "296", "postcode": "4826 AA", "plaats": "Breda", "merk": "StichtingOPEN", "puntType": "balie", "materialen": ["batterijen", "elektro-klein", "elektro-middel", "lampen"], "uitbetaling": [], "vrijToegankelijk": false, "gemeenteBeperking": null, "openingstijden": null, "latitude": 51.602964, "longitude": 4.77916, "bronId": "SP00005545"}}, {"type": "Feature", "geometry": {"type": "Point", "coordinates": [4.834645, 51.582148]}, "properties": {"type": "inleverpunt", "locatieNaam": "Decathlon Breda", "straatNaam": "Bavelseparklaan", "straatNr": "20", "postcode": "4817 ZJ", "plaats": "Breda", "merk": "StichtingOPEN", "puntType": "balie", "materialen": ["batterijen", "elektro-klein"], "uitbetaling": [], "vrijToegankelijk": false, "gemeenteBeperking": null, "openingstijden": null, "latitude": 51.582148, "longitude": 4.834645, "bronId": "SP00034740"}}, {"type": "Feature", "geometry": {"type": "Point", "coordinates": [4.771479, 51.60559]}, "properties": {"type": "inleverpunt", "locatieNaam": "Kringloopwinkel Vindingrijk", "straatNaam": "Riethil", "straatNr": "6-10", "postcode": "4825 AP", "plaats": "Breda", "merk": "StichtingOPEN", "puntType": "balie", "materialen": ["elektro-klein", "elektro-middel"], "uitbetaling": [], "vrijToegankelijk": false, "gemeenteBeperking": null, "openingstijden": null, "latitude": 51.60559, "longitude": 4.771479, "bronId": "SP00033496"}}, {"type": "Feature", "geometry": {"type": "Point", "coordinates": [4.801141, 51.593545]}, "properties": {"type": "inleverpunt", "locatieNaam": "Dellaert Camiel, beeld en geluid sinds 1925", "straatNaam": "Teteringsedijk", "straatNr": "183", "postcode": "4817 MD", "plaats": "Breda", "merk": "StichtingOPEN", "puntType": "balie", "materialen": ["elektro-groot", "elektro-klein", "elektro-middel"], "uitbetaling": [], "vrijToegankelijk": false, "gemeenteBeperking": null, "openingstijden": null, "latitude": 51.593545, "longitude": 4.801141, "bronId": "SP00002368"}}, {"type": "Feature", "geometry": {"type": "Point", "coordinates": [4.799485, 51.593249]}, "properties": {"type": "inleverpunt", "locatieNaam": "Aldi Breda", "straatNaam": "Teteringsedijk", "straatNr": "130", "postcode": "4817 MJ", "plaats": "Breda", "merk": "StichtingOPEN", "puntType": "balie", "materialen": ["batterijen", "elektro-klein", "lampen"], "uitbetaling": [], "vrijToegankelijk": false, "gemeenteBeperking": null, "openingstijden": null, "latitude": 51.593249, "longitude": 4.799485, "bronId": "SP00027129"}}, {"type": "Feature", "geometry": {"type": "Point", "coordinates": [4.814828, 51.586308]}, "properties": {"type": "inleverpunt", "locatieNaam": "Van Rooij VOF Witgoedspecialist Verschoor", "straatNaam": "Wilderen", "straatNr": "237", "postcode": "4817 VC", "plaats": "Breda", "merk": "StichtingOPEN", "puntType": "balie", "materialen": ["lampen"], "uitbetaling": [], "vrijToegankelijk": false, "gemeenteBeperking": null, "openingstijden": null, "latitude": 51.586308, "longitude": 4.814828, "bronId": "SP00005403"}}, {"type": "Feature", "geometry": {"type": "Point", "coordinates": [4.799627, 51.590768]}, "properties": {"type": "inleverpunt", "locatieNaam": "1382 Albert Heijn Breda", "straatNaam": "Brabantplein", "straatNr": "24", "postcode": "4817 LR", "plaats": "Breda", "merk": "StichtingOPEN", "puntType": "balie", "materialen": ["batterijen", "elektro-klein", "lampen"], "uitbetaling": [], "vrijToegankelijk": false, "gemeenteBeperking": null, "openingstijden": null, "latitude": 51.590768, "longitude": 4.799627, "bronId": "SP00022616"}}, {"type": "Feature", "geometry": {"type": "Point", "coordinates": [4.767874, 51.603093]}, "properties": {"type": "inleverpunt", "locatieNaam": "Hornbach Breda", "straatNaam": "Konijnenberg", "straatNr": "33", "postcode": "4825 BC", "plaats": "Breda", "merk": "StichtingOPEN", "puntType": "balie", "materialen": ["elektro-middel", "lampen", "tl-buizen"], "uitbetaling": [], "vrijToegankelijk": false, "gemeenteBeperking": null, "openingstijden": null, "latitude": 51.603093, "longitude": 4.767874, "bronId": "SP00004661"}}, {"type": "Feature", "geometry": {"type": "Point", "coordinates": [4.799954, 51.590507]}, "properties": {"type": "inleverpunt", "locatieNaam": "Kruidvat Breda", "straatNaam": "Brabantplein", "straatNr": "2527", "postcode": "4817 LR", "plaats": "Breda", "merk": "StichtingOPEN", "puntType": "balie", "materialen": ["batterijen", "lampen"], "uitbetaling": [], "vrijToegankelijk": false, "gemeenteBeperking": null, "openingstijden": null, "latitude": 51.590507, "longitude": 4.799954, "bronId": "SP00024518"}}, {"type": "Feature", "geometry": {"type": "Point", "coordinates": [4.789369, 51.594312]}, "properties": {"type": "inleverpunt", "locatieNaam": "Excellent Electro Service", "straatNaam": "Ceresstraat", "straatNr": "30", "postcode": "4811 CD", "plaats": "Breda", "merk": "StichtingOPEN", "puntType": "balie", "materialen": ["batterijen", "elektro-groot", "elektro-klein", "elektro-middel", "tl-buizen"], "uitbetaling": [], "vrijToegankelijk": false, "gemeenteBeperking": null, "openingstijden": null, "latitude": 51.594312, "longitude": 4.789369, "bronId": "SP00002367"}}, {"type": "Feature", "geometry": {"type": "Point", "coordinates": [4.770668, 51.601506]}, "properties": {"type": "inleverpunt", "locatieNaam": "1415 Albert Heijn Breda", "straatNaam": "Crogtdijk", "straatNr": "79", "postcode": "4815 AE", "plaats": "Breda", "merk": "StichtingOPEN", "puntType": "balie", "materialen": ["batterijen", "elektro-klein", "lampen"], "uitbetaling": [], "vrijToegankelijk": false, "gemeenteBeperking": null, "openingstijden": null, "latitude": 51.601506, "longitude": 4.770668, "bronId": "SP00022618"}}, {"type": "Feature", "geometry": {"type": "Point", "coordinates": [4.752887, 51.606561]}, "properties": {"type": "inleverpunt", "locatieNaam": "Renewi Nederland B.V. - Destra Data", "straatNaam": "Mijkenbroek", "straatNr": "34-44", "postcode": "4824 AC", "plaats": "Breda", "merk": "StichtingOPEN", "puntType": "balie", "materialen": ["batterijen", "elektro-groot", "elektro-klein", "elektro-middel"], "uitbetaling": [], "vrijToegankelijk": false, "gemeenteBeperking": null, "openingstijden": null, "latitude": 51.606561, "longitude": 4.752887, "bronId": "SP00035848"}}, {"type": "Feature", "geometry": {"type": "Point", "coordinates": [4.767503, 51.598684]}, "properties": {"type": "inleverpunt", "locatieNaam": "Stichting Emmaus Breda", "straatNaam": "Veilingkade", "straatNr": "7", "postcode": "4815 HC", "plaats": "Breda", "merk": "StichtingOPEN", "puntType": "balie", "materialen": ["elektro-klein", "elektro-middel"], "uitbetaling": [], "vrijToegankelijk": false, "gemeenteBeperking": null, "openingstijden": null, "latitude": 51.598684, "longitude": 4.767503, "bronId": "SP00026225"}}, {"type": "Feature", "geometry": {"type": "Point", "coordinates": [4.77928, 51.59394]}, "properties": {"type": "inleverpunt", "locatieNaam": "Spar Breda", "straatNaam": "Willemstraat", "straatNr": "13", "postcode": "4811 AH", "plaats": "Breda", "merk": "StichtingOPEN", "puntType": "balie", "materialen": ["batterijen", "lampen"], "uitbetaling": [], "vrijToegankelijk": false, "gemeenteBeperking": null, "openingstijden": null, "latitude": 51.59394, "longitude": 4.77928, "bronId": "SP00030042"}}, {"type": "Feature", "geometry": {"type": "Point", "coordinates": [4.746438, 51.607011]}, "properties": {"type": "inleverpunt", "locatieNaam": "Jumbo Breda", "straatNaam": "Donk", "straatNr": "4", "postcode": "4824 CS", "plaats": "Breda", "merk": "StichtingOPEN", "puntType": "balie", "materialen": ["batterijen", "lampen"], "uitbetaling": [], "vrijToegankelijk": false, "gemeenteBeperking": null, "openingstijden": null, "latitude": 51.607011, "longitude": 4.746438, "bronId": "SP00025050"}}, {"type": "Feature", "geometry": {"type": "Point", "coordinates": [4.769962, 51.596711]}, "properties": {"type": "inleverpunt", "locatieNaam": "Jumbo Breda", "straatNaam": "Belcrumweg", "straatNr": "5-7", "postcode": "4815 HA", "plaats": "Breda", "merk": "StichtingOPEN", "puntType": "balie", "materialen": ["batterijen", "lampen"], "uitbetaling": [], "vrijToegankelijk": false, "gemeenteBeperking": null, "openingstijden": null, "latitude": 51.596711, "longitude": 4.769962, "bronId": "SP00025429"}}, {"type": "Feature", "geometry": {"type": "Point", "coordinates": [4.769962, 51.596711]}, "properties": {"type": "inleverpunt", "locatieNaam": "Aldi Breda", "straatNaam": "Belcrumweg", "straatNr": "5-7", "postcode": "4815 HA", "plaats": "Breda", "merk": "StichtingOPEN", "puntType": "balie", "materialen": ["batterijen", "elektro-klein", "lampen"], "uitbetaling": [], "vrijToegankelijk": false, "gemeenteBeperking": null, "openingstijden": null, "latitude": 51.596711, "longitude": 4.769962, "bronId": "SP00027150"}}, {"type": "Feature", "geometry": {"type": "Point", "coordinates": [4.758899, 51.598429]}, "properties": {"type": "inleverpunt", "locatieNaam": "GAMMA Breda", "straatNaam": "Spinveld", "straatNr": "16", "postcode": "4815 HS", "plaats": "Breda", "merk": "StichtingOPEN", "puntType": "balie", "materialen": ["batterijen", "elektro-middel", "lampen", "tl-buizen"], "uitbetaling": [], "vrijToegankelijk": false, "gemeenteBeperking": null, "openingstijden": null, "latitude": 51.598429, "longitude": 4.758899, "bronId": "SP00003048"}}, {"type": "Feature", "geometry": {"type": "Point", "coordinates": [4.730054, 51.607617]}, "properties": {"type": "inleverpunt", "locatieNaam": "Kinderboerderij de Sik", "straatNaam": "Kesterendreef", "straatNr": "14", "postcode": "4822 WT", "plaats": "Breda", "merk": "StichtingOPEN", "puntType": "balie", "materialen": ["elektro-middel"], "uitbetaling": [], "vrijToegankelijk": false, "gemeenteBeperking": null, "openingstijden": null, "latitude": 51.607617, "longitude": 4.730054, "bronId": "SP00005489"}}, {"type": "Feature", "geometry": {"type": "Point", "coordinates": [4.7788, 51.586575]}, "properties": {"type": "inleverpunt", "locatieNaam": "1651 Albert Heijn Breda", "straatNaam": "Oude Vest", "straatNr": "5", "postcode": "4811 HR", "plaats": "Breda", "merk": "StichtingOPEN", "puntType": "balie", "materialen": ["batterijen", "elektro-klein", "lampen"], "uitbetaling": [], "vrijToegankelijk": false, "gemeenteBeperking": null, "openingstijden": null, "latitude": 51.586575, "longitude": 4.7788, "bronId": "SP00022609"}}, {"type": "Feature", "geometry": {"type": "Point", "coordinates": [4.776157, 51.586871]}, "properties": {"type": "inleverpunt", "locatieNaam": "Kruidvat Breda", "straatNaam": "Eindstraat", "straatNr": "911", "postcode": "4811 KK", "plaats": "Breda", "merk": "StichtingOPEN", "puntType": "balie", "materialen": ["batterijen", "lampen"], "uitbetaling": [], "vrijToegankelijk": false, "gemeenteBeperking": null, "openingstijden": null, "latitude": 51.586871, "longitude": 4.776157, "bronId": "SP00024516"}}, {"type": "Feature", "geometry": {"type": "Point", "coordinates": [4.773825, 51.586951]}, "properties": {"type": "inleverpunt", "locatieNaam": "1029 Albert Heijn Breda", "straatNaam": "Nieuwstraat", "straatNr": "45", "postcode": "4811 WV", "plaats": "Breda", "merk": "StichtingOPEN", "puntType": "balie", "materialen": ["batterijen", "elektro-klein", "lampen"], "uitbetaling": [], "vrijToegankelijk": false, "gemeenteBeperking": null, "openingstijden": null, "latitude": 51.586951, "longitude": 4.773825, "bronId": "SP00022610"}}, {"type": "Feature", "geometry": {"type": "Point", "coordinates": [4.831542, 51.565729]}, "properties": {"type": "inleverpunt", "locatieNaam": "Kruidvat Bavel", "straatNaam": "Pastoor Doensstraat", "straatNr": "8", "postcode": "4854 CP", "plaats": "Bavel", "merk": "StichtingOPEN", "puntType": "balie", "materialen": ["batterijen", "lampen"], "uitbetaling": [], "vrijToegankelijk": false, "gemeenteBeperking": null, "openingstijden": null, "latitude": 51.565729, "longitude": 4.831542, "bronId": "SP00024901"}}, {"type": "Feature", "geometry": {"type": "Point", "coordinates": [4.831344, 51.565468]}, "properties": {"type": "inleverpunt", "locatieNaam": "8620 Albert Heijn Bavel", "straatNaam": "Pastoor Doensstraat", "straatNr": "4", "postcode": "4854 CP", "plaats": "Bavel", "merk": "StichtingOPEN", "puntType": "balie", "materialen": ["batterijen", "lampen"], "uitbetaling": [], "vrijToegankelijk": false, "gemeenteBeperking": null, "openingstijden": null, "latitude": 51.565468, "longitude": 4.831344, "bronId": "SP00022596"}}, {"type": "Feature", "geometry": {"type": "Point", "coordinates": [4.744704, 51.597437]}, "properties": {"type": "inleverpunt", "locatieNaam": "Praxis Breda MEGA - 2034", "straatNaam": "Grenssteen", "straatNr": "1", "postcode": "4815 PP", "plaats": "Breda", "merk": "StichtingOPEN", "puntType": "balie", "materialen": ["elektro-middel", "lampen", "tl-buizen"], "uitbetaling": [], "vrijToegankelijk": false, "gemeenteBeperking": null, "openingstijden": null, "latitude": 51.597437, "longitude": 4.744704, "bronId": "SP00004571"}}, {"type": "Feature", "geometry": {"type": "Point", "coordinates": [4.768745, 51.587439]}, "properties": {"type": "inleverpunt", "locatieNaam": "1424 Albert Heijn Breda", "straatNaam": "Haagdijk", "straatNr": "108", "postcode": "4811 TW", "plaats": "Breda", "merk": "StichtingOPEN", "puntType": "balie", "materialen": ["batterijen", "lampen"], "uitbetaling": [], "vrijToegankelijk": false, "gemeenteBeperking": null, "openingstijden": null, "latitude": 51.587439, "longitude": 4.768745, "bronId": "SP00022612"}}, {"type": "Feature", "geometry": {"type": "Point", "coordinates": [4.807035, 51.572759]}, "properties": {"type": "inleverpunt", "locatieNaam": "Jumbo Breda", "straatNaam": "De Burcht", "straatNr": "20", "postcode": "4834 HE", "plaats": "Breda", "merk": "StichtingOPEN", "puntType": "balie", "materialen": ["batterijen", "lampen"], "uitbetaling": [], "vrijToegankelijk": false, "gemeenteBeperking": null, "openingstijden": null, "latitude": 51.572759, "longitude": 4.807035, "bronId": "SP00025032"}}, {"type": "Feature", "geometry": {"type": "Point", "coordinates": [4.777585, 51.583456]}, "properties": {"type": "inleverpunt", "locatieNaam": "Spar Breda Ginnekenstraat", "straatNaam": "Ginnekenstraat", "straatNr": "147", "postcode": "4811 JG", "plaats": "Breda", "merk": "StichtingOPEN", "puntType": "balie", "materialen": ["batterijen", "lampen"], "uitbetaling": [], "vrijToegankelijk": false, "gemeenteBeperking": null, "openingstijden": null, "latitude": 51.583456, "longitude": 4.777585, "bronId": "SP00031287"}}, {"type": "Feature", "geometry": {"type": "Point", "coordinates": [4.74965, 51.594308]}, "properties": {"type": "inleverpunt", "locatieNaam": "Jumbo Foodmarkt Breda", "straatNaam": "Rat Verleghstraat", "straatNr": "4", "postcode": "4815 NZ", "plaats": "Breda", "merk": "StichtingOPEN", "puntType": "balie", "materialen": ["batterijen", "lampen"], "uitbetaling": [], "vrijToegankelijk": false, "gemeenteBeperking": null, "openingstijden": null, "latitude": 51.594308, "longitude": 4.74965, "bronId": "SP00025044"}}, {"type": "Feature", "geometry": {"type": "Point", "coordinates": [4.80637, 51.57238]}, "properties": {"type": "inleverpunt", "locatieNaam": "Kruidvat Breda", "straatNaam": "De Burcht", "straatNr": "39", "postcode": "4834 HK", "plaats": "Breda", "merk": "StichtingOPEN", "puntType": "balie", "materialen": ["batterijen", "lampen"], "uitbetaling": [], "vrijToegankelijk": false, "gemeenteBeperking": null, "openingstijden": null, "latitude": 51.57238, "longitude": 4.80637, "bronId": "SP00029695"}}, {"type": "Feature", "geometry": {"type": "Point", "coordinates": [4.748163, 51.594251]}, "properties": {"type": "inleverpunt", "locatieNaam": "Action Breda 1279", "straatNaam": "Rat Verleghstraat", "straatNr": "26", "postcode": "4815 NZ", "plaats": "Breda", "merk": "StichtingOPEN", "puntType": "balie", "materialen": ["batterijen", "lampen"], "uitbetaling": [], "vrijToegankelijk": false, "gemeenteBeperking": null, "openingstijden": null, "latitude": 51.594251, "longitude": 4.748163, "bronId": "SP00007851"}}, {"type": "Feature", "geometry": {"type": "Point", "coordinates": [4.777332, 51.582583]}, "properties": {"type": "inleverpunt", "locatieNaam": "HiFi Klubben Breda", "straatNaam": "Nieuwe Ginnekenstraat", "straatNr": "11", "postcode": "4811 NM", "plaats": "Breda", "merk": "StichtingOPEN", "puntType": "balie", "materialen": ["elektro-groot", "elektro-klein", "elektro-middel"], "uitbetaling": [], "vrijToegankelijk": false, "gemeenteBeperking": null, "openingstijden": null, "latitude": 51.582583, "longitude": 4.777332, "bronId": "SP00031612"}}, {"type": "Feature", "geometry": {"type": "Point", "coordinates": [4.805409, 51.57207]}, "properties": {"type": "inleverpunt", "locatieNaam": "1005 Albert Heijn Breda", "straatNaam": "De Burcht", "straatNr": "1", "postcode": "4834 HE", "plaats": "Breda", "merk": "StichtingOPEN", "puntType": "balie", "materialen": ["batterijen", "elektro-klein", "lampen"], "uitbetaling": [], "vrijToegankelijk": false, "gemeenteBeperking": null, "openingstijden": null, "latitude": 51.57207, "longitude": 4.805409, "bronId": "SP00022599"}}, {"type": "Feature", "geometry": {"type": "Point", "coordinates": [4.716, 51.607547]}, "properties": {"type": "inleverpunt", "locatieNaam": "1324 Albert Heijn Prinsenbeek", "straatNaam": "Beeksestraat", "straatNr": "55", "postcode": "4841 GB", "plaats": "Prinsenbeek", "merk": "StichtingOPEN", "puntType": "balie", "materialen": ["batterijen", "elektro-klein", "lampen"], "uitbetaling": [], "vrijToegankelijk": false, "gemeenteBeperking": null, "openingstijden": null, "latitude": 51.607547, "longitude": 4.716, "bronId": "SP00022619"}}, {"type": "Feature", "geometry": {"type": "Point", "coordinates": [4.80932, 51.569284]}, "properties": {"type": "inleverpunt", "locatieNaam": "Action Breda 1358", "straatNaam": "Rijnauwenstraat", "straatNr": "110", "postcode": "4834 LG", "plaats": "Breda", "merk": "StichtingOPEN", "puntType": "balie", "materialen": ["batterijen", "lampen"], "uitbetaling": [], "vrijToegankelijk": false, "gemeenteBeperking": null, "openingstijden": null, "latitude": 51.569284, "longitude": 4.80932, "bronId": "SP00007913"}}, {"type": "Feature", "geometry": {"type": "Point", "coordinates": [4.702146, 51.612811]}, "properties": {"type": "inleverpunt", "locatieNaam": "Groenrijk Prinsenbeek", "straatNaam": "Mastlanddreef", "straatNr": "9", "postcode": "4841 KJ", "plaats": "Prinsenbeek", "merk": "StichtingOPEN", "puntType": "balie", "materialen": ["elektro-klein", "elektro-middel", "lampen", "tl-buizen"], "uitbetaling": [], "vrijToegankelijk": false, "gemeenteBeperking": null, "openingstijden": null, "latitude": 51.612811, "longitude": 4.702146, "bronId": "SP00020421"}}, {"type": "Feature", "geometry": {"type": "Point", "coordinates": [4.780272, 51.577376]}, "properties": {"type": "inleverpunt", "locatieNaam": "Kruidvat Breda", "straatNaam": "Ginnekenweg", "straatNr": "4446", "postcode": "4818 JG", "plaats": "Breda", "merk": "StichtingOPEN", "puntType": "balie", "materialen": ["batterijen", "lampen"], "uitbetaling": [], "vrijToegankelijk": false, "gemeenteBeperking": null, "openingstijden": null, "latitude": 51.577376, "longitude": 4.780272, "bronId": "SP00024512"}}, {"type": "Feature", "geometry": {"type": "Point", "coordinates": [4.78034, 51.577302]}, "properties": {"type": "inleverpunt", "locatieNaam": "1808 Albert Heijn Breda", "straatNaam": "Ginnekenweg", "straatNr": "46", "postcode": "4818 JG", "plaats": "Breda", "merk": "StichtingOPEN", "puntType": "balie", "materialen": ["batterijen", "elektro-klein", "lampen"], "uitbetaling": [], "vrijToegankelijk": false, "gemeenteBeperking": null, "openingstijden": null, "latitude": 51.577302, "longitude": 4.78034, "bronId": "SP00022601"}}, {"type": "Feature", "geometry": {"type": "Point", "coordinates": [4.780549, 51.577179]}, "properties": {"type": "inleverpunt", "locatieNaam": "A.E. de Munck - Handyman Breda- Zuid", "straatNaam": "Ginnekenweg", "straatNr": "48", "postcode": "4818 JG", "plaats": "Breda", "merk": "StichtingOPEN", "puntType": "balie", "materialen": ["batterijen", "elektro-klein", "lampen", "tl-buizen"], "uitbetaling": [], "vrijToegankelijk": false, "gemeenteBeperking": null, "openingstijden": null, "latitude": 51.577179, "longitude": 4.780549, "bronId": "SP00026299"}}, {"type": "Feature", "geometry": {"type": "Point", "coordinates": [4.753844, 51.587579]}, "properties": {"type": "inleverpunt", "locatieNaam": "Jumbo Breda", "straatNaam": "Cypresstraat", "straatNr": "21", "postcode": "4814 PN", "plaats": "Breda", "merk": "StichtingOPEN", "puntType": "balie", "materialen": ["batterijen", "lampen"], "uitbetaling": [], "vrijToegankelijk": false, "gemeenteBeperking": null, "openingstijden": null, "latitude": 51.587579, "longitude": 4.753844, "bronId": "SP00025041"}}, {"type": "Feature", "geometry": {"type": "Point", "coordinates": [4.719118, 51.59991]}, "properties": {"type": "inleverpunt", "locatieNaam": "Jumbo Prinsenbeek", "straatNaam": "Markt", "straatNr": "14", "postcode": "4841 AC", "plaats": "Prinsenbeek", "merk": "StichtingOPEN", "puntType": "balie", "materialen": ["batterijen", "lampen"], "uitbetaling": [], "vrijToegankelijk": false, "gemeenteBeperking": null, "openingstijden": null, "latitude": 51.59991, "longitude": 4.719118, "bronId": "SP00025047"}}, {"type": "Feature", "geometry": {"type": "Point", "coordinates": [4.792432, 51.569825]}, "properties": {"type": "inleverpunt", "locatieNaam": "Kruidvat Breda", "straatNaam": "Valkeniersplein", "straatNr": "8", "postcode": "4835 RB", "plaats": "Breda", "merk": "StichtingOPEN", "puntType": "balie", "materialen": ["batterijen", "lampen"], "uitbetaling": [], "vrijToegankelijk": false, "gemeenteBeperking": null, "openingstijden": null, "latitude": 51.569825, "longitude": 4.792432, "bronId": "SP00024511"}}, {"type": "Feature", "geometry": {"type": "Point", "coordinates": [4.791347, 51.569984]}, "properties": {"type": "inleverpunt", "locatieNaam": "1045 Albert Heijn Breda", "straatNaam": "Valkeniersplein", "straatNr": "2b", "postcode": "4835 RB", "plaats": "Breda", "merk": "StichtingOPEN", "puntType": "balie", "materialen": ["batterijen", "elektro-klein", "lampen"], "uitbetaling": [], "vrijToegankelijk": false, "gemeenteBeperking": null, "openingstijden": null, "latitude": 51.569984, "longitude": 4.791347, "bronId": "SP00023223"}}, {"type": "Feature", "geometry": {"type": "Point", "coordinates": [4.77121, 51.577408]}, "properties": {"type": "inleverpunt", "locatieNaam": "Aldi Breda", "straatNaam": "Gr. Hendrik-III-plein", "straatNr": "35", "postcode": "4819 CJ", "plaats": "Breda", "merk": "StichtingOPEN", "puntType": "balie", "materialen": ["batterijen", "elektro-klein", "lampen"], "uitbetaling": [], "vrijToegankelijk": false, "gemeenteBeperking": null, "openingstijden": null, "latitude": 51.577408, "longitude": 4.77121, "bronId": "SP00027130"}}, {"type": "Feature", "geometry": {"type": "Point", "coordinates": [4.71758, 51.599128]}, "properties": {"type": "inleverpunt", "locatieNaam": "Van Gils, P.", "straatNaam": "Groenstraat", "straatNr": "7a", "postcode": "4841 BA", "plaats": "Prinsenbeek", "merk": "StichtingOPEN", "puntType": "balie", "materialen": ["lampen"], "uitbetaling": [], "vrijToegankelijk": false, "gemeenteBeperking": null, "openingstijden": null, "latitude": 51.599128, "longitude": 4.71758, "bronId": "SP00002371"}}, {"type": "Feature", "geometry": {"type": "Point", "coordinates": [4.77927, 51.573577]}, "properties": {"type": "inleverpunt", "locatieNaam": "Kinderboerderij Zandberg", "straatNaam": "Marijke Meustraat", "straatNr": "19", "postcode": "4818 LV", "plaats": "Breda", "merk": "StichtingOPEN", "puntType": "balie", "materialen": ["elektro-middel"], "uitbetaling": [], "vrijToegankelijk": false, "gemeenteBeperking": null, "openingstijden": null, "latitude": 51.573577, "longitude": 4.77927, "bronId": "SP00005811"}}, {"type": "Feature", "geometry": {"type": "Point", "coordinates": [4.716623, 51.598799]}, "properties": {"type": "inleverpunt", "locatieNaam": "Kruidvat Prinsenbeek", "straatNaam": "Groenstraat", "straatNr": "16d", "postcode": "4841 BD", "plaats": "Prinsenbeek", "merk": "StichtingOPEN", "puntType": "balie", "materialen": ["batterijen", "lampen"], "uitbetaling": [], "vrijToegankelijk": false, "gemeenteBeperking": null, "openingstijden": null, "latitude": 51.598799, "longitude": 4.716623, "bronId": "SP00024871"}}, {"type": "Feature", "geometry": {"type": "Point", "coordinates": [4.79669, 51.56625]}, "properties": {"type": "inleverpunt", "locatieNaam": "Lidl Breda", "straatNaam": "Jorisstraat", "straatNr": "28-40", "postcode": "4834 VD", "plaats": "Breda", "merk": "StichtingOPEN", "puntType": "balie", "materialen": ["batterijen", "lampen"], "uitbetaling": [], "vrijToegankelijk": false, "gemeenteBeperking": null, "openingstijden": null, "latitude": 51.56625, "longitude": 4.79669, "bronId": "SP00029972"}}, {"type": "Feature", "geometry": {"type": "Point", "coordinates": [4.794602, 51.565705]}, "properties": {"type": "inleverpunt", "locatieNaam": "Aldi Breda", "straatNaam": "Allerheiligenweg", "straatNr": "85", "postcode": "4834 TN", "plaats": "Breda", "merk": "StichtingOPEN", "puntType": "balie", "materialen": ["batterijen", "elektro-klein", "lampen"], "uitbetaling": [], "vrijToegankelijk": false, "gemeenteBeperking": null, "openingstijden": null, "latitude": 51.565705, "longitude": 4.794602, "bronId": "SP00027105"}}, {"type": "Feature", "geometry": {"type": "Point", "coordinates": [4.801719, 51.561071]}, "properties": {"type": "inleverpunt", "locatieNaam": "Bezoekerscentrum/Boerderij Wolfslaar", "straatNaam": "Wolfslaardreef", "straatNr": "95", "postcode": "4834 SN", "plaats": "Breda", "merk": "StichtingOPEN", "puntType": "balie", "materialen": ["elektro-klein", "elektro-middel"], "uitbetaling": [], "vrijToegankelijk": false, "gemeenteBeperking": null, "openingstijden": null, "latitude": 51.561071, "longitude": 4.801719, "bronId": "SP00006499"}}, {"type": "Feature", "geometry": {"type": "Point", "coordinates": [4.75682, 51.57735]}, "properties": {"type": "inleverpunt", "locatieNaam": "Kruidvat Breda", "straatNaam": "Rijpstraat", "straatNr": "6", "postcode": "4812 TC", "plaats": "Breda", "merk": "StichtingOPEN", "puntType": "balie", "materialen": ["batterijen", "lampen"], "uitbetaling": [], "vrijToegankelijk": false, "gemeenteBeperking": null, "openingstijden": null, "latitude": 51.57735, "longitude": 4.75682, "bronId": "SP00029584"}}, {"type": "Feature", "geometry": {"type": "Point", "coordinates": [4.737585, 51.582557]}, "properties": {"type": "inleverpunt", "locatieNaam": "Rexel Breda", "straatNaam": "Van de Reijtstraat", "straatNr": "41", "postcode": "4814 NE", "plaats": "Breda", "merk": "StichtingOPEN", "puntType": "balie", "materialen": ["elektro-middel", "lampen", "tl-buizen"], "uitbetaling": [], "vrijToegankelijk": false, "gemeenteBeperking": null, "openingstijden": null, "latitude": 51.582557, "longitude": 4.737585, "bronId": "SP00008559"}}, {"type": "Feature", "geometry": {"type": "Point", "coordinates": [4.73409, 51.581572]}, "properties": {"type": "inleverpunt", "locatieNaam": "Media Markt Breda BV", "straatNaam": "Kruisvoort", "straatNr": "14", "postcode": "4814 RZ", "plaats": "Breda", "merk": "StichtingOPEN", "puntType": "balie", "materialen": ["batterijen", "elektro-groot", "elektro-klein", "elektro-middel", "lampen", "tl-buizen"], "uitbetaling": [], "vrijToegankelijk": false, "gemeenteBeperking": null, "openingstijden": null, "latitude": 51.581572, "longitude": 4.73409, "bronId": "SP00003294"}}, {"type": "Feature", "geometry": {"type": "Point", "coordinates": [4.73903, 51.578538]}, "properties": {"type": "inleverpunt", "locatieNaam": "Jumbo Breda", "straatNaam": "Pastoor van Spaandonkstraat", "straatNr": "60", "postcode": "4813 BS", "plaats": "Breda", "merk": "StichtingOPEN", "puntType": "balie", "materialen": ["batterijen"], "uitbetaling": [], "vrijToegankelijk": false, "gemeenteBeperking": null, "openingstijden": null, "latitude": 51.578538, "longitude": 4.73903, "bronId": "SP00025035"}}, {"type": "Feature", "geometry": {"type": "Point", "coordinates": [4.739534, 51.57805]}, "properties": {"type": "inleverpunt", "locatieNaam": "1387 Albert Heijn Breda", "straatNaam": "Pastoor van Spaandonkstraat", "straatNr": "48", "postcode": "4813 BS", "plaats": "Breda", "merk": "StichtingOPEN", "puntType": "balie", "materialen": ["batterijen", "elektro-klein", "lampen"], "uitbetaling": [], "vrijToegankelijk": false, "gemeenteBeperking": null, "openingstijden": null, "latitude": 51.57805, "longitude": 4.739534, "bronId": "SP00023256"}}, {"type": "Feature", "geometry": {"type": "Point", "coordinates": [4.728474, 51.580292]}, "properties": {"type": "inleverpunt", "locatieNaam": "IKEA Breda", "straatNaam": "Kruisweide", "straatNr": "1", "postcode": "4814 RW", "plaats": "Breda", "merk": "StichtingOPEN", "puntType": "balie", "materialen": ["elektro-middel", "lampen"], "uitbetaling": [], "vrijToegankelijk": false, "gemeenteBeperking": null, "openingstijden": null, "latitude": 51.580292, "longitude": 4.728474, "bronId": "SP00001994"}}, {"type": "Feature", "geometry": {"type": "Point", "coordinates": [4.7437, 51.573283]}, "properties": {"type": "inleverpunt", "locatieNaam": "63280 Hubo Breda van Hees", "straatNaam": "heuvelplein", "straatNr": "273", "postcode": "4812 PE", "plaats": "Breda", "merk": "StichtingOPEN", "puntType": "balie", "materialen": ["elektro-middel", "lampen", "tl-buizen"], "uitbetaling": [], "vrijToegankelijk": false, "gemeenteBeperking": null, "openingstijden": null, "latitude": 51.573283, "longitude": 4.7437, "bronId": "SP00005159"}}, {"type": "Feature", "geometry": {"type": "Point", "coordinates": [4.795701, 51.553135]}, "properties": {"type": "inleverpunt", "locatieNaam": "8613 Albert Heijn Ulvenhout", "straatNaam": "Dorpstraat", "straatNr": "48", "postcode": "4851 CM", "plaats": "Ulvenhout", "merk": "StichtingOPEN", "puntType": "balie", "materialen": ["batterijen", "elektro-klein", "lampen"], "uitbetaling": [], "vrijToegankelijk": false, "gemeenteBeperking": null, "openingstijden": null, "latitude": 51.553135, "longitude": 4.795701, "bronId": "SP00022592"}}, {"type": "Feature", "geometry": {"type": "Point", "coordinates": [4.797935, 51.5505]}, "properties": {"type": "inleverpunt", "locatieNaam": "Kruidvat Ulvenhout", "straatNaam": "Dorpstraat", "straatNr": "81a", "postcode": "4851 CL", "plaats": "Ulvenhout", "merk": "StichtingOPEN", "puntType": "balie", "materialen": ["batterijen", "lampen"], "uitbetaling": [], "vrijToegankelijk": false, "gemeenteBeperking": null, "openingstijden": null, "latitude": 51.5505, "longitude": 4.797935, "bronId": "SP00024504"}}, {"type": "Feature", "geometry": {"type": "Point", "coordinates": [4.796086, 51.541912]}, "properties": {"type": "inleverpunt", "locatieNaam": "Jumbo Ulvenhout", "straatNaam": "Chaamseweg", "straatNr": "1", "postcode": "4851 SM", "plaats": "Ulvenhout", "merk": "StichtingOPEN", "puntType": "balie", "materialen": ["batterijen", "lampen"], "uitbetaling": [], "vrijToegankelijk": false, "gemeenteBeperking": null, "openingstijden": null, "latitude": 51.541912, "longitude": 4.796086, "bronId": "SP00025022"}}, {"type": "Feature", "geometry": {"type": "Point", "coordinates": [4.763123, 51.591811]}, "properties": {"type": "inleverpunt", "locatieNaam": "Milieustation Breda Slingerweg", "straatNaam": "Slingerweg", "straatNr": "9", "postcode": "4814 AZ", "plaats": "Breda", "merk": "StichtingOPEN", "puntType": "milieustraat", "materialen": ["batterijen", "elektro-groot", "elektro-klein", "elektro-middel", "lampen", "tl-buizen"], "uitbetaling": [], "vrijToegankelijk": false, "gemeenteBeperking": ["Breda"], "openingstijden": null, "latitude": 51.591811, "longitude": 4.763123, "bronId": "SP00002518"}}, {"type": "Feature", "geometry": {"type": "Point", "coordinates": [4.760781, 51.600363]}, "properties": {"type": "inleverpunt", "locatieNaam": "Milieustation Breda Spinveld", "straatNaam": "Spinveld", "straatNr": "9", "postcode": "4815 HR", "plaats": "Breda", "merk": "StichtingOPEN", "puntType": "milieustraat", "materialen": ["batterijen", "elektro-groot", "elektro-klein", "elektro-middel", "lampen", "tl-buizen"], "uitbetaling": [], "vrijToegankelijk": false, "gemeenteBeperking": ["Breda"], "openingstijden": null, "latitude": 51.600363, "longitude": 4.760781, "bronId": "SP00001116"}}, {"type": "Feature", "geometry": {"type": "Point", "coordinates": [4.8346343, 51.6105853]}, "properties": {"type": "inleverpunt", "locatieNaam": "Tools to Work", "straatNaam": "Laanzichtweg", "straatNr": "101", "postcode": "4847 SH", "plaats": "TETERINGEN", "merk": "Stibat", "puntType": "inzamelbak", "materialen": ["batterijen"], "uitbetaling": [], "vrijToegankelijk": false, "gemeenteBeperking": null, "openingstijden": null, "latitude": 51.6105853, "longitude": 4.8346343, "bronId": "L048974"}}, {"type": "Feature", "geometry": {"type": "Point", "coordinates": [4.8222829, 51.6098293]}, "properties": {"type": "inleverpunt", "locatieNaam": "Jumbo", "straatNaam": "Scheperij", "straatNr": "7", "postcode": "4847 EZ", "plaats": "TETERINGEN", "merk": "Stibat", "puntType": "inzamelbak", "materialen": ["batterijen"], "uitbetaling": [], "vrijToegankelijk": false, "gemeenteBeperking": null, "openingstijden": null, "latitude": 51.6098293, "longitude": 4.8222829, "bronId": "L036063"}}, {"type": "Feature", "geometry": {"type": "Point", "coordinates": [4.7899705, 51.6089497]}, "properties": {"type": "inleverpunt", "locatieNaam": "1323 Action", "straatNaam": "Moerwijk", "straatNr": "26", "postcode": "4826 HN", "plaats": "BREDA", "merk": "Stibat", "puntType": "inzamelbak", "materialen": ["batterijen"], "uitbetaling": [], "vrijToegankelijk": false, "gemeenteBeperking": null, "openingstijden": null, "latitude": 51.6089497, "longitude": 4.7899705, "bronId": "L035413"}}, {"type": "Feature", "geometry": {"type": "Point", "coordinates": [4.7897231, 51.6087872]}, "properties": {"type": "inleverpunt", "locatieNaam": "De Baronie Tweewielers", "straatNaam": "Moerwijk", "straatNr": "24", "postcode": "4826 HN", "plaats": "BREDA", "merk": "Stibat", "puntType": "inzamelbak", "materialen": ["batterijen"], "uitbetaling": [], "vrijToegankelijk": false, "gemeenteBeperking": null, "openingstijden": null, "latitude": 51.6087872, "longitude": 4.7897231, "bronId": "L033435"}}, {"type": "Feature", "geometry": {"type": "Point", "coordinates": [4.7905574, 51.6083233]}, "properties": {"type": "inleverpunt", "locatieNaam": "HEMA Breda Hoge Vught", "straatNaam": "Moerwijk", "straatNr": "36", "postcode": "4826 HP", "plaats": "Breda", "merk": "Stibat", "puntType": "inzamelbak", "materialen": ["batterijen"], "uitbetaling": [], "vrijToegankelijk": false, "gemeenteBeperking": null, "openingstijden": null, "latitude": 51.6083233, "longitude": 4.7905574, "bronId": "L046826"}}, {"type": "Feature", "geometry": {"type": "Point", "coordinates": [4.7895696, 51.608696]}, "properties": {"type": "inleverpunt", "locatieNaam": "Jumbo", "straatNaam": "Moerwijk", "straatNr": "23", "postcode": "4826 HN", "plaats": "BREDA", "merk": "Stibat", "puntType": "inzamelbak", "materialen": ["batterijen"], "uitbetaling": [], "vrijToegankelijk": false, "gemeenteBeperking": null, "openingstijden": null, "latitude": 51.608696, "longitude": 4.7895696, "bronId": "L040165"}}, {"type": "Feature", "geometry": {"type": "Point", "coordinates": [4.8281576, 51.5941178]}, "properties": {"type": "inleverpunt", "locatieNaam": "Karwei", "straatNaam": "Takkebijsters", "straatNr": "57", "postcode": "4817 BL", "plaats": "BREDA", "merk": "Stibat", "puntType": "inzamelbak", "materialen": ["batterijen"], "uitbetaling": [], "vrijToegankelijk": false, "gemeenteBeperking": null, "openingstijden": null, "latitude": 51.5941178, "longitude": 4.8281576, "bronId": "L007756"}}, {"type": "Feature", "geometry": {"type": "Point", "coordinates": [4.8238885, 51.5956348]}, "properties": {"type": "inleverpunt", "locatieNaam": "Van Walraven Breda", "straatNaam": "Takkebijsters", "straatNr": "6", "postcode": "4817 BL", "plaats": "BREDA", "merk": "Stibat", "puntType": "inzamelbak", "materialen": ["batterijen"], "uitbetaling": [], "vrijToegankelijk": false, "gemeenteBeperking": null, "openingstijden": null, "latitude": 51.5956348, "longitude": 4.8238885, "bronId": "L046212"}}, {"type": "Feature", "geometry": {"type": "Point", "coordinates": [4.7898746, 51.6084085]}, "properties": {"type": "inleverpunt", "locatieNaam": "Trekpleister", "straatNaam": "Moerwijk", "straatNr": "32", "postcode": "4826 HP", "plaats": "BREDA", "merk": "Stibat", "puntType": "inzamelbak", "materialen": ["batterijen"], "uitbetaling": [], "vrijToegankelijk": false, "gemeenteBeperking": null, "openingstijden": null, "latitude": 51.6084085, "longitude": 4.7898746, "bronId": "L017769"}}, {"type": "Feature", "geometry": {"type": "Point", "coordinates": [4.7887163, 51.6088002]}, "properties": {"type": "inleverpunt", "locatieNaam": "Aldi", "straatNaam": "Brusselstraat", "straatNr": "10-12", "postcode": "4826 NJ", "plaats": "Breda", "merk": "Stibat", "puntType": "inzamelbak", "materialen": ["batterijen"], "uitbetaling": [], "vrijToegankelijk": false, "gemeenteBeperking": null, "openingstijden": null, "latitude": 51.6088002, "longitude": 4.7887163, "bronId": "L041303"}}, {"type": "Feature", "geometry": {"type": "Point", "coordinates": [4.7896454, 51.6084177]}, "properties": {"type": "inleverpunt", "locatieNaam": "Zeeman", "straatNaam": "Moerwijk", "straatNr": "20", "postcode": "4826 HN", "plaats": "BREDA", "merk": "Stibat", "puntType": "inzamelbak", "materialen": ["batterijen"], "uitbetaling": [], "vrijToegankelijk": false, "gemeenteBeperking": null, "openingstijden": null, "latitude": 51.6084177, "longitude": 4.7896454, "bronId": "L021385"}}, {"type": "Feature", "geometry": {"type": "Point", "coordinates": [4.7900023, 51.6080067]}, "properties": {"type": "inleverpunt", "locatieNaam": "Kruidvat", "straatNaam": "Moerwijk", "straatNr": "42-44", "postcode": "4826 HP", "plaats": "BREDA", "merk": "Stibat", "puntType": "inzamelbak", "materialen": ["batterijen"], "uitbetaling": [], "vrijToegankelijk": false, "gemeenteBeperking": null, "openingstijden": null, "latitude": 51.6080067, "longitude": 4.7900023, "bronId": "L015580"}}, {"type": "Feature", "geometry": {"type": "Point", "coordinates": [4.7899286, 51.607745]}, "properties": {"type": "inleverpunt", "locatieNaam": "CIGO", "straatNaam": "Moerwijk", "straatNr": "46", "postcode": "4826 HP", "plaats": "BREDA", "merk": "Stibat", "puntType": "inzamelbak", "materialen": ["batterijen"], "uitbetaling": [], "vrijToegankelijk": false, "gemeenteBeperking": null, "openingstijden": null, "latitude": 51.607745, "longitude": 4.7899286, "bronId": "L034884"}}, {"type": "Feature", "geometry": {"type": "Point", "coordinates": [4.7899372, 51.6076865]}, "properties": {"type": "inleverpunt", "locatieNaam": "Phone House", "straatNaam": "Moerwijk", "straatNr": "47", "postcode": "4826 HP", "plaats": "Breda", "merk": "Stibat", "puntType": "inzamelbak", "materialen": ["batterijen"], "uitbetaling": [], "vrijToegankelijk": false, "gemeenteBeperking": null, "openingstijden": null, "latitude": 51.6076865, "longitude": 4.7899372, "bronId": "L023948"}}, {"type": "Feature", "geometry": {"type": "Point", "coordinates": [4.7899016, 51.607601]}, "properties": {"type": "inleverpunt", "locatieNaam": "Intertoys", "straatNaam": "Moerwijk", "straatNr": "48", "postcode": "4826 HP", "plaats": "BREDA", "merk": "Stibat", "puntType": "inzamelbak", "materialen": ["batterijen"], "uitbetaling": [], "vrijToegankelijk": false, "gemeenteBeperking": null, "openingstijden": null, "latitude": 51.607601, "longitude": 4.7899016, "bronId": "L044928"}}, {"type": "Feature", "geometry": {"type": "Point", "coordinates": [4.7896659, 51.6075903]}, "properties": {"type": "inleverpunt", "locatieNaam": "Houwen Juweliers", "straatNaam": "Moerwijk", "straatNr": "11", "postcode": "4826 HN", "plaats": "BREDA", "merk": "Stibat", "puntType": "inzamelbak", "materialen": ["batterijen"], "uitbetaling": [], "vrijToegankelijk": false, "gemeenteBeperking": null, "openingstijden": null, "latitude": 51.6075903, "longitude": 4.7896659, "bronId": "L030438"}}, {"type": "Feature", "geometry": {"type": "Point", "coordinates": [4.7898916, 51.6073309]}, "properties": {"type": "inleverpunt", "locatieNaam": "Prifoto", "straatNaam": "Moerwijk", "straatNr": "49", "postcode": "4826 HP", "plaats": "BREDA", "merk": "Stibat", "puntType": "inzamelbak", "materialen": ["batterijen"], "uitbetaling": [], "vrijToegankelijk": false, "gemeenteBeperking": null, "openingstijden": null, "latitude": 51.6073309, "longitude": 4.7898916, "bronId": "L011483"}}, {"type": "Feature", "geometry": {"type": "Point", "coordinates": [4.8370025, 51.5898757]}, "properties": {"type": "inleverpunt", "locatieNaam": "Smartphonenzo", "straatNaam": "Minervum", "straatNr": "7448", "postcode": "4817 ZG", "plaats": "BREDA", "merk": "Stibat", "puntType": "inzamelbak", "materialen": ["batterijen"], "uitbetaling": [], "vrijToegankelijk": false, "gemeenteBeperking": null, "openingstijden": null, "latitude": 51.5898757, "longitude": 4.8370025, "bronId": "L041784"}}, {"type": "Feature", "geometry": {"type": "Point", "coordinates": [4.7896156, 51.6073928]}, "properties": {"type": "inleverpunt", "locatieNaam": "Primera", "straatNaam": "Moerwijk", "straatNr": "8", "postcode": "4826 HN", "plaats": "BREDA", "merk": "Stibat", "puntType": "inzamelbak", "materialen": ["batterijen"], "uitbetaling": [], "vrijToegankelijk": false, "gemeenteBeperking": null, "openingstijden": null, "latitude": 51.6073928, "longitude": 4.7896156, "bronId": "L032208"}}, {"type": "Feature", "geometry": {"type": "Point", "coordinates": [4.7893771, 51.6065868]}, "properties": {"type": "inleverpunt", "locatieNaam": "1007 Albert Heijn", "straatNaam": "Moerwijk", "straatNr": "2", "postcode": "4826 HN", "plaats": "BREDA", "merk": "Stibat", "puntType": "inzamelbak", "materialen": ["batterijen"], "uitbetaling": [], "vrijToegankelijk": false, "gemeenteBeperking": null, "openingstijden": null, "latitude": 51.6065868, "longitude": 4.7893771, "bronId": "L006664"}}, {"type": "Feature", "geometry": {"type": "Point", "coordinates": [4.8172679, 51.5953241]}, "properties": {"type": "inleverpunt", "locatieNaam": "Aldi", "straatNaam": "Urkstraat", "straatNr": "9", "postcode": "4817 AR", "plaats": "BREDA", "merk": "Stibat", "puntType": "inzamelbak", "materialen": ["batterijen"], "uitbetaling": [], "vrijToegankelijk": false, "gemeenteBeperking": null, "openingstijden": null, "latitude": 51.5953241, "longitude": 4.8172679, "bronId": "L041301"}}, {"type": "Feature", "geometry": {"type": "Point", "coordinates": [4.7698146, 51.6136381]}, "properties": {"type": "inleverpunt", "locatieNaam": "Makro", "straatNaam": "Konijnenberg", "straatNr": "92", "postcode": "4825 BE", "plaats": "BREDA", "merk": "Stibat", "puntType": "inzamelbak", "materialen": ["batterijen"], "uitbetaling": [], "vrijToegankelijk": false, "gemeenteBeperking": null, "openingstijden": null, "latitude": 51.6136381, "longitude": 4.7698146, "bronId": "L024857"}}, {"type": "Feature", "geometry": {"type": "Point", "coordinates": [4.8005395, 51.6007319]}, "properties": {"type": "inleverpunt", "locatieNaam": "De Haan", "straatNaam": "Kapittelweg", "straatNr": "5", "postcode": "4816 EK", "plaats": "Breda", "merk": "Stibat", "puntType": "inzamelbak", "materialen": ["batterijen"], "uitbetaling": [], "vrijToegankelijk": false, "gemeenteBeperking": null, "openingstijden": null, "latitude": 51.6007319, "longitude": 4.8005395, "bronId": "L044770"}}, {"type": "Feature", "geometry": {"type": "Point", "coordinates": [4.743437, 51.6234984]}, "properties": {"type": "inleverpunt", "locatieNaam": "Zeeman", "straatNaam": "Heksenakker", "straatNr": "108-112", "postcode": "4823 JP", "plaats": "BREDA", "merk": "Stibat", "puntType": "inzamelbak", "materialen": ["batterijen"], "uitbetaling": [], "vrijToegankelijk": false, "gemeenteBeperking": null, "openingstijden": null, "latitude": 51.6234984, "longitude": 4.743437, "bronId": "L038240"}}, {"type": "Feature", "geometry": {"type": "Point", "coordinates": [4.745326, 51.622655]}, "properties": {"type": "inleverpunt", "locatieNaam": "Hans Anders", "straatNaam": "Heksenwaag", "straatNr": "43", "postcode": "4823 JT", "plaats": "BREDA", "merk": "Stibat", "puntType": "inzamelbak", "materialen": ["batterijen"], "uitbetaling": [], "vrijToegankelijk": false, "gemeenteBeperking": null, "openingstijden": null, "latitude": 51.622655, "longitude": 4.745326, "bronId": "L037765"}}, {"type": "Feature", "geometry": {"type": "Point", "coordinates": [4.7436357, 51.623394]}, "properties": {"type": "inleverpunt", "locatieNaam": "Aldi", "straatNaam": "Heksenwaag", "straatNr": "1", "postcode": "4823 JT", "plaats": "BREDA", "merk": "Stibat", "puntType": "inzamelbak", "materialen": ["batterijen"], "uitbetaling": [], "vrijToegankelijk": false, "gemeenteBeperking": null, "openingstijden": null, "latitude": 51.623394, "longitude": 4.7436357, "bronId": "L046146"}}, {"type": "Feature", "geometry": {"type": "Point", "coordinates": [4.7449343, 51.6228055]}, "properties": {"type": "inleverpunt", "locatieNaam": "Jumbo", "straatNaam": "Heksenwaag", "straatNr": "37", "postcode": "4823 JT", "plaats": "BREDA", "merk": "Stibat", "puntType": "inzamelbak", "materialen": ["batterijen"], "uitbetaling": [], "vrijToegankelijk": false, "gemeenteBeperking": null, "openingstijden": null, "latitude": 51.6228055, "longitude": 4.7449343, "bronId": "L040285"}}, {"type": "Feature", "geometry": {"type": "Point", "coordinates": [4.7442669, 51.6229921]}, "properties": {"type": "inleverpunt", "locatieNaam": "Kruidvat", "straatNaam": "Heksenwaag", "straatNr": "27-31", "postcode": "4823 JT", "plaats": "BREDA", "merk": "Stibat", "puntType": "inzamelbak", "materialen": ["batterijen"], "uitbetaling": [], "vrijToegankelijk": false, "gemeenteBeperking": null, "openingstijden": null, "latitude": 51.6229921, "longitude": 4.7442669, "bronId": "L014024"}}, {"type": "Feature", "geometry": {"type": "Point", "coordinates": [4.7446164, 51.6228135]}, "properties": {"type": "inleverpunt", "locatieNaam": "Primera", "straatNaam": "Heksenwaag", "straatNr": "35", "postcode": "4823 JT", "plaats": "BREDA", "merk": "Stibat", "puntType": "inzamelbak", "materialen": ["batterijen"], "uitbetaling": [], "vrijToegankelijk": false, "gemeenteBeperking": null, "openingstijden": null, "latitude": 51.6228135, "longitude": 4.7446164, "bronId": "L023772"}}, {"type": "Feature", "geometry": {"type": "Point", "coordinates": [4.7454381, 51.6224228]}, "properties": {"type": "inleverpunt", "locatieNaam": "De Baronie Tweewielers", "straatNaam": "Heksenwaag", "straatNr": "51", "postcode": "4823 JT", "plaats": "BREDA", "merk": "Stibat", "puntType": "inzamelbak", "materialen": ["batterijen"], "uitbetaling": [], "vrijToegankelijk": false, "gemeenteBeperking": null, "openingstijden": null, "latitude": 51.6224228, "longitude": 4.7454381, "bronId": "L046088"}}, {"type": "Feature", "geometry": {"type": "Point", "coordinates": [4.7433753, 51.6232698]}, "properties": {"type": "inleverpunt", "locatieNaam": "1238 Albert Heijn", "straatNaam": "Heksenwaag", "straatNr": "2", "postcode": "4823 JV", "plaats": "BREDA", "merk": "Stibat", "puntType": "inzamelbak", "materialen": ["batterijen"], "uitbetaling": [], "vrijToegankelijk": false, "gemeenteBeperking": null, "openingstijden": null, "latitude": 51.6232698, "longitude": 4.7433753, "bronId": "L007163"}}, {"type": "Feature", "geometry": {"type": "Point", "coordinates": [4.7441699, 51.6227923]}, "properties": {"type": "inleverpunt", "locatieNaam": "HEMA Heksenwaag", "straatNaam": "Heksenwaag", "straatNr": "20-30", "postcode": "4823 JV", "plaats": "BREDA", "merk": "Stibat", "puntType": "inzamelbak", "materialen": ["batterijen"], "uitbetaling": [], "vrijToegankelijk": false, "gemeenteBeperking": null, "openingstijden": null, "latitude": 51.6227923, "longitude": 4.7441699, "bronId": "L007273"}}, {"type": "Feature", "geometry": {"type": "Point", "coordinates": [4.8091636, 51.5952467]}, "properties": {"type": "inleverpunt", "locatieNaam": "Fietsen Breda - Peter van den Broek", "straatNaam": "Tilburgseweg", "straatNr": "1", "postcode": "4817 BA", "plaats": "BREDA", "merk": "Stibat", "puntType": "inzamelbak", "materialen": ["batterijen"], "uitbetaling": [], "vrijToegankelijk": false, "gemeenteBeperking": null, "openingstijden": null, "latitude": 51.5952467, "longitude": 4.8091636, "bronId": "L033432"}}, {"type": "Feature", "geometry": {"type": "Point", "coordinates": [4.8088009, 51.5949542]}, "properties": {"type": "inleverpunt", "locatieNaam": "Top1Toys", "straatNaam": "Tilburgseweg", "straatNr": "16", "postcode": "4817 BE", "plaats": "BREDA", "merk": "Stibat", "puntType": "inzamelbak", "materialen": ["batterijen"], "uitbetaling": [], "vrijToegankelijk": false, "gemeenteBeperking": null, "openingstijden": null, "latitude": 51.5949542, "longitude": 4.8088009, "bronId": "L015772"}}, {"type": "Feature", "geometry": {"type": "Point", "coordinates": [4.8220671, 51.5896775]}, "properties": {"type": "inleverpunt", "locatieNaam": "6329 Etos", "straatNaam": "Bisschopshoeve", "straatNr": "26", "postcode": "4817 PV", "plaats": "BREDA", "merk": "Stibat", "puntType": "inzamelbak", "materialen": ["batterijen"], "uitbetaling": [], "vrijToegankelijk": false, "gemeenteBeperking": null, "openingstijden": null, "latitude": 51.5896775, "longitude": 4.8220671, "bronId": "L023556"}}, {"type": "Feature", "geometry": {"type": "Point", "coordinates": [4.8136859, 51.5920649]}, "properties": {"type": "inleverpunt", "locatieNaam": "Shape Computers", "straatNaam": "Gastakker", "straatNr": "29", "postcode": "4817 XA", "plaats": "Breda", "merk": "Stibat", "puntType": "inzamelbak", "materialen": ["batterijen"], "uitbetaling": [], "vrijToegankelijk": false, "gemeenteBeperking": null, "openingstijden": null, "latitude": 51.5920649, "longitude": 4.8136859, "bronId": "L031464"}}, {"type": "Feature", "geometry": {"type": "Point", "coordinates": [4.8220135, 51.5890525]}, "properties": {"type": "inleverpunt", "locatieNaam": "1174 Albert Heijn", "straatNaam": "Bisschopshoeve", "straatNr": "30", "postcode": "4817 PV", "plaats": "BREDA", "merk": "Stibat", "puntType": "inzamelbak", "materialen": ["batterijen"], "uitbetaling": [], "vrijToegankelijk": false, "gemeenteBeperking": null, "openingstijden": null, "latitude": 51.5890525, "longitude": 4.8220135, "bronId": "L007361"}}, {"type": "Feature", "geometry": {"type": "Point", "coordinates": [4.7930483, 51.5987695]}, "properties": {"type": "inleverpunt", "locatieNaam": "Jumbo", "straatNaam": "Baliendijk", "straatNr": "20", "postcode": "4816 GD", "plaats": "BREDA", "merk": "Stibat", "puntType": "inzamelbak", "materialen": ["batterijen"], "uitbetaling": [], "vrijToegankelijk": false, "gemeenteBeperking": null, "openingstijden": null, "latitude": 51.5987695, "longitude": 4.7930483, "bronId": "L006068"}}, {"type": "Feature", "geometry": {"type": "Point", "coordinates": [4.7786927, 51.6028252]}, "properties": {"type": "inleverpunt", "locatieNaam": "Intratuin", "straatNaam": "Terheijdenseweg", "straatNr": "296", "postcode": "4826 AA", "plaats": "BREDA", "merk": "Stibat", "puntType": "inzamelbak", "materialen": ["batterijen"], "uitbetaling": [], "vrijToegankelijk": false, "gemeenteBeperking": null, "openingstijden": null, "latitude": 51.6028252, "longitude": 4.7786927, "bronId": "L019888"}}, {"type": "Feature", "geometry": {"type": "Point", "coordinates": [4.8346668, 51.5820696]}, "properties": {"type": "inleverpunt", "locatieNaam": "Decathlon", "straatNaam": "Bavelseparklaan", "straatNr": "20", "postcode": "4817 ZJ", "plaats": "BREDA", "merk": "Stibat", "puntType": "inzamelbak", "materialen": ["batterijen"], "uitbetaling": [], "vrijToegankelijk": false, "gemeenteBeperking": null, "openingstijden": null, "latitude": 51.5820696, "longitude": 4.8346668, "bronId": "L043633"}}, {"type": "Feature", "geometry": {"type": "Point", "coordinates": [4.834636, 51.582053]}, "properties": {"type": "inleverpunt", "locatieNaam": "Decathlon", "straatNaam": "Bavelseparklaan", "straatNr": "20", "postcode": "4817 ZX", "plaats": "BREDA", "merk": "Stibat", "puntType": "inzamelbak", "materialen": ["batterijen"], "uitbetaling": [], "vrijToegankelijk": false, "gemeenteBeperking": null, "openingstijden": null, "latitude": 51.582053, "longitude": 4.834636, "bronId": "L039375"}}, {"type": "Feature", "geometry": {"type": "Point", "coordinates": [4.7931462, 51.5968353]}, "properties": {"type": "inleverpunt", "locatieNaam": "Vincentius Vereniging Breda", "straatNaam": "Koele Mei", "straatNr": "2", "postcode": "4816 JD", "plaats": "BREDA", "merk": "Stibat", "puntType": "inzamelbak", "materialen": ["batterijen"], "uitbetaling": [], "vrijToegankelijk": false, "gemeenteBeperking": null, "openingstijden": null, "latitude": 51.5968353, "longitude": 4.7931462, "bronId": "L049324"}}, {"type": "Feature", "geometry": {"type": "Point", "coordinates": [4.7697432, 51.6058874]}, "properties": {"type": "inleverpunt", "locatieNaam": "Mastermate", "straatNaam": "Konijnenberg", "straatNr": "47", "postcode": "4825 BC", "plaats": "BREDA", "merk": "Stibat", "puntType": "inzamelbak", "materialen": ["batterijen"], "uitbetaling": [], "vrijToegankelijk": false, "gemeenteBeperking": null, "openingstijden": null, "latitude": 51.6058874, "longitude": 4.7697432, "bronId": "L046738"}}, {"type": "Feature", "geometry": {"type": "Point", "coordinates": [4.7697432, 51.6058874]}, "properties": {"type": "inleverpunt", "locatieNaam": "Würth Shop (technische groothandel)", "straatNaam": "Konijnenberg", "straatNr": "47a", "postcode": "4825 BC", "plaats": "BREDA", "merk": "Stibat", "puntType": "inzamelbak", "materialen": ["batterijen"], "uitbetaling": [], "vrijToegankelijk": false, "gemeenteBeperking": null, "openingstijden": null, "latitude": 51.6058874, "longitude": 4.7697432, "bronId": "L042179"}}, {"type": "Feature", "geometry": {"type": "Point", "coordinates": [4.8012237, 51.5908894]}, "properties": {"type": "inleverpunt", "locatieNaam": "Buurstee Bike Center", "straatNaam": "Brabantplein", "straatNr": "14-15", "postcode": "4817 LR", "plaats": "BREDA", "merk": "Stibat", "puntType": "inzamelbak", "materialen": ["batterijen"], "uitbetaling": [], "vrijToegankelijk": false, "gemeenteBeperking": null, "openingstijden": null, "latitude": 51.5908894, "longitude": 4.8012237, "bronId": "L033433"}}, {"type": "Feature", "geometry": {"type": "Point", "coordinates": [4.7997819, 51.590834]}, "properties": {"type": "inleverpunt", "locatieNaam": "CIGO", "straatNaam": "Brabantplein", "straatNr": "28", "postcode": "4817 LR", "plaats": "BREDA", "merk": "Stibat", "puntType": "inzamelbak", "materialen": ["batterijen"], "uitbetaling": [], "vrijToegankelijk": false, "gemeenteBeperking": null, "openingstijden": null, "latitude": 51.590834, "longitude": 4.7997819, "bronId": "L038581"}}, {"type": "Feature", "geometry": {"type": "Point", "coordinates": [4.80068, 51.5904924]}, "properties": {"type": "inleverpunt", "locatieNaam": "1382 Albert Heijn", "straatNaam": "Brabantplein", "straatNr": "24", "postcode": "4817 LR", "plaats": "BREDA", "merk": "Stibat", "puntType": "inzamelbak", "materialen": ["batterijen"], "uitbetaling": [], "vrijToegankelijk": false, "gemeenteBeperking": null, "openingstijden": null, "latitude": 51.5904924, "longitude": 4.80068, "bronId": "L007539"}}, {"type": "Feature", "geometry": {"type": "Point", "coordinates": [4.8002753, 51.5905097]}, "properties": {"type": "inleverpunt", "locatieNaam": "Kruidvat", "straatNaam": "Brabantplein", "straatNr": "25-27", "postcode": "4817 LR", "plaats": "BREDA", "merk": "Stibat", "puntType": "inzamelbak", "materialen": ["batterijen"], "uitbetaling": [], "vrijToegankelijk": false, "gemeenteBeperking": null, "openingstijden": null, "latitude": 51.5905097, "longitude": 4.8002753, "bronId": "L014218"}}, {"type": "Feature", "geometry": {"type": "Point", "coordinates": [4.7681509, 51.6030199]}, "properties": {"type": "inleverpunt", "locatieNaam": "Hornbach", "straatNaam": "Konijnenberg", "straatNr": "33", "postcode": "4825 BC", "plaats": "BREDA", "merk": "Stibat", "puntType": "inzamelbak", "materialen": ["batterijen"], "uitbetaling": [], "vrijToegankelijk": false, "gemeenteBeperking": null, "openingstijden": null, "latitude": 51.6030199, "longitude": 4.7681509, "bronId": "L028211"}}, {"type": "Feature", "geometry": {"type": "Point", "coordinates": [4.7989948, 51.5908199]}, "properties": {"type": "inleverpunt", "locatieNaam": "Kooijman Hoortoestellen", "straatNaam": "Brabantplein", "straatNr": "4", "postcode": "4817 LR", "plaats": "BREDA", "merk": "Stibat", "puntType": "inzamelbak", "materialen": ["batterijen"], "uitbetaling": [], "vrijToegankelijk": false, "gemeenteBeperking": null, "openingstijden": null, "latitude": 51.5908199, "longitude": 4.7989948, "bronId": "L025625"}}, {"type": "Feature", "geometry": {"type": "Point", "coordinates": [4.8180839, 51.5831799]}, "properties": {"type": "inleverpunt", "locatieNaam": "De Haan", "straatNaam": "Heerbaan", "straatNr": "190", "postcode": "4817 NL", "plaats": "Breda", "merk": "Stibat", "puntType": "inzamelbak", "materialen": ["batterijen"], "uitbetaling": [], "vrijToegankelijk": false, "gemeenteBeperking": null, "openingstijden": null, "latitude": 51.5831799, "longitude": 4.8180839, "bronId": "L044793"}}, {"type": "Feature", "geometry": {"type": "Point", "coordinates": [4.781484, 51.5961648]}, "properties": {"type": "inleverpunt", "locatieNaam": "1415 Albert Heijn", "straatNaam": "Anna van Burenstraat", "straatNr": "24", "postcode": "4811 CK", "plaats": "BREDA", "merk": "Stibat", "puntType": "inzamelbak", "materialen": ["batterijen"], "uitbetaling": [], "vrijToegankelijk": false, "gemeenteBeperking": null, "openingstijden": null, "latitude": 51.5961648, "longitude": 4.781484, "bronId": "L005689"}}, {"type": "Feature", "geometry": {"type": "Point", "coordinates": [4.7467681, 51.6074807]}, "properties": {"type": "inleverpunt", "locatieNaam": "Jumbo", "straatNaam": "Donk", "straatNr": "4", "postcode": "4824 CS", "plaats": "BREDA", "merk": "Stibat", "puntType": "inzamelbak", "materialen": ["batterijen"], "uitbetaling": [], "vrijToegankelijk": false, "gemeenteBeperking": null, "openingstijden": null, "latitude": 51.6074807, "longitude": 4.7467681, "bronId": "L034968"}}, {"type": "Feature", "geometry": {"type": "Point", "coordinates": [4.7777345, 51.5947678]}, "properties": {"type": "inleverpunt", "locatieNaam": "Leonardo Hotel", "straatNaam": "Stationsplein", "straatNr": "14", "postcode": "4811 BB", "plaats": "BREDA", "merk": "Stibat", "puntType": "inzamelbak", "materialen": ["batterijen"], "uitbetaling": [], "vrijToegankelijk": false, "gemeenteBeperking": null, "openingstijden": null, "latitude": 51.5947678, "longitude": 4.7777345, "bronId": "L021066"}}, {"type": "Feature", "geometry": {"type": "Point", "coordinates": [4.7466959, 51.6074803]}, "properties": {"type": "inleverpunt", "locatieNaam": "Kruidvat", "straatNaam": "Donk", "straatNr": "16", "postcode": "4824 CS", "plaats": "BREDA", "merk": "Stibat", "puntType": "inzamelbak", "materialen": ["batterijen"], "uitbetaling": [], "vrijToegankelijk": false, "gemeenteBeperking": null, "openingstijden": null, "latitude": 51.6074803, "longitude": 4.7466959, "bronId": "L015264"}}, {"type": "Feature", "geometry": {"type": "Point", "coordinates": [4.7792936, 51.5938991]}, "properties": {"type": "inleverpunt", "locatieNaam": "Spar", "straatNaam": "Willemstraat", "straatNr": "13", "postcode": "4811 AH", "plaats": "BREDA", "merk": "Stibat", "puntType": "inzamelbak", "materialen": ["batterijen"], "uitbetaling": [], "vrijToegankelijk": false, "gemeenteBeperking": null, "openingstijden": null, "latitude": 51.5938991, "longitude": 4.7792936, "bronId": "L038469"}}, {"type": "Feature", "geometry": {"type": "Point", "coordinates": [4.7698533, 51.5968953]}, "properties": {"type": "inleverpunt", "locatieNaam": "Aldi", "straatNaam": "Belcrumweg", "straatNr": "5-7", "postcode": "4815 HA", "plaats": "Breda", "merk": "Stibat", "puntType": "inzamelbak", "materialen": ["batterijen"], "uitbetaling": [], "vrijToegankelijk": false, "gemeenteBeperking": null, "openingstijden": null, "latitude": 51.5968953, "longitude": 4.7698533, "bronId": "L041300"}}, {"type": "Feature", "geometry": {"type": "Point", "coordinates": [4.7702219, 51.5966095]}, "properties": {"type": "inleverpunt", "locatieNaam": "Jumbo", "straatNaam": "Belcrumweg", "straatNr": "5 - 7", "postcode": "4815 HA", "plaats": "BREDA", "merk": "Stibat", "puntType": "inzamelbak", "materialen": ["batterijen"], "uitbetaling": [], "vrijToegankelijk": false, "gemeenteBeperking": null, "openingstijden": null, "latitude": 51.5966095, "longitude": 4.7702219, "bronId": "L029720"}}, {"type": "Feature", "geometry": {"type": "Point", "coordinates": [4.760656, 51.6003158]}, "properties": {"type": "inleverpunt", "locatieNaam": "Milieustation Breda Spinveld", "straatNaam": "Spinveld", "straatNr": "9", "postcode": "4815 HR", "plaats": "BREDA", "merk": "Stibat", "puntType": "inzamelbak", "materialen": ["batterijen"], "uitbetaling": [], "vrijToegankelijk": false, "gemeenteBeperking": null, "openingstijden": null, "latitude": 51.6003158, "longitude": 4.760656, "bronId": "L035734"}}, {"type": "Feature", "geometry": {"type": "Point", "coordinates": [4.8023976, 51.5834353]}, "properties": {"type": "inleverpunt", "locatieNaam": "Total", "straatNaam": "Cl. Prinsenlaan", "straatNr": "150", "postcode": "4818 CP", "plaats": "BREDA", "merk": "Stibat", "puntType": "inzamelbak", "materialen": ["batterijen"], "uitbetaling": [], "vrijToegankelijk": false, "gemeenteBeperking": null, "openingstijden": null, "latitude": 51.5834353, "longitude": 4.8023976, "bronId": "L020602"}}, {"type": "Feature", "geometry": {"type": "Point", "coordinates": [4.7583633, 51.6001613]}, "properties": {"type": "inleverpunt", "locatieNaam": "Toolstation", "straatNaam": "Spinveld", "straatNr": "17", "postcode": "4815 HR", "plaats": "BREDA", "merk": "Stibat", "puntType": "inzamelbak", "materialen": ["batterijen"], "uitbetaling": [], "vrijToegankelijk": false, "gemeenteBeperking": null, "openingstijden": null, "latitude": 51.6001613, "longitude": 4.7583633, "bronId": "L042535"}}, {"type": "Feature", "geometry": {"type": "Point", "coordinates": [4.7586046, 51.5989392]}, "properties": {"type": "inleverpunt", "locatieNaam": "Gamma", "straatNaam": "Spinveld", "straatNr": "16", "postcode": "4815 HS", "plaats": "BREDA", "merk": "Stibat", "puntType": "inzamelbak", "materialen": ["batterijen"], "uitbetaling": [], "vrijToegankelijk": false, "gemeenteBeperking": null, "openingstijden": null, "latitude": 51.5989392, "longitude": 4.7586046, "bronId": "L007666"}}, {"type": "Feature", "geometry": {"type": "Point", "coordinates": [4.7235439, 51.6134863]}, "properties": {"type": "inleverpunt", "locatieNaam": "Lidl", "straatNaam": "Kesterenlaan", "straatNr": "150", "postcode": "4822 WK", "plaats": "BREDA", "merk": "Stibat", "puntType": "inzamelbak", "materialen": ["batterijen"], "uitbetaling": [], "vrijToegankelijk": false, "gemeenteBeperking": null, "openingstijden": null, "latitude": 51.6134863, "longitude": 4.7235439, "bronId": "L042121"}}, {"type": "Feature", "geometry": {"type": "Point", "coordinates": [4.7806441, 51.5895289]}, "properties": {"type": "inleverpunt", "locatieNaam": "Cartridge World Breda", "straatNaam": "Boschstraat", "straatNr": "18-20", "postcode": "4811 GH", "plaats": "BREDA", "merk": "Stibat", "puntType": "inzamelbak", "materialen": ["batterijen"], "uitbetaling": [], "vrijToegankelijk": false, "gemeenteBeperking": null, "openingstijden": null, "latitude": 51.5895289, "longitude": 4.7806441, "bronId": "L025595"}}, {"type": "Feature", "geometry": {"type": "Point", "coordinates": [4.7753679, 51.5891072]}, "properties": {"type": "inleverpunt", "locatieNaam": "7573 Etos", "straatNaam": "Gr. van Nassauboulevard", "straatNr": "25", "postcode": "4811 BN", "plaats": "BREDA", "merk": "Stibat", "puntType": "inzamelbak", "materialen": ["batterijen"], "uitbetaling": [], "vrijToegankelijk": false, "gemeenteBeperking": null, "openingstijden": null, "latitude": 51.5891072, "longitude": 4.7753679, "bronId": "L036364"}}, {"type": "Feature", "geometry": {"type": "Point", "coordinates": [4.7753679, 51.5891072]}, "properties": {"type": "inleverpunt", "locatieNaam": "5837 AH to go", "straatNaam": "Gravinnen van Nassauboulevard", "straatNr": "45", "postcode": "4811 BN", "plaats": "BREDA", "merk": "Stibat", "puntType": "inzamelbak", "materialen": ["batterijen"], "uitbetaling": [], "vrijToegankelijk": false, "gemeenteBeperking": null, "openingstijden": null, "latitude": 51.5891072, "longitude": 4.7753679, "bronId": "L036461"}}, {"type": "Feature", "geometry": {"type": "Point", "coordinates": [4.7753919, 51.5882924]}, "properties": {"type": "inleverpunt", "locatieNaam": "Rookwinkel.nl", "straatNaam": "Korte Brugstraat", "straatNr": "12", "postcode": "4811 ZA", "plaats": "BREDA", "merk": "Stibat", "puntType": "inzamelbak", "materialen": ["batterijen"], "uitbetaling": [], "vrijToegankelijk": false, "gemeenteBeperking": null, "openingstijden": null, "latitude": 51.5882924, "longitude": 4.7753919, "bronId": "L042011"}}, {"type": "Feature", "geometry": {"type": "Point", "coordinates": [4.774988, 51.5882382]}, "properties": {"type": "inleverpunt", "locatieNaam": "Expert", "straatNaam": "Lange Brugstraat", "straatNr": "4", "postcode": "4811 WR", "plaats": "BREDA", "merk": "Stibat", "puntType": "inzamelbak", "materialen": ["batterijen"], "uitbetaling": [], "vrijToegankelijk": false, "gemeenteBeperking": null, "openingstijden": null, "latitude": 51.5882382, "longitude": 4.774988, "bronId": "L010797"}}, {"type": "Feature", "geometry": {"type": "Point", "coordinates": [4.7754508, 51.58792]}, "properties": {"type": "inleverpunt", "locatieNaam": "Phone House", "straatNaam": "Karrestraat", "straatNr": "5", "postcode": "4811 WT", "plaats": "Breda", "merk": "Stibat", "puntType": "inzamelbak", "materialen": ["batterijen"], "uitbetaling": [], "vrijToegankelijk": false, "gemeenteBeperking": null, "openingstijden": null, "latitude": 51.58792, "longitude": 4.7754508, "bronId": "L022967"}}, {"type": "Feature", "geometry": {"type": "Point", "coordinates": [4.7784009, 51.5867698]}, "properties": {"type": "inleverpunt", "locatieNaam": "1651 Albert Heijn", "straatNaam": "Oude Vest", "straatNr": "5", "postcode": "4811 HR", "plaats": "BREDA", "merk": "Stibat", "puntType": "inzamelbak", "materialen": ["batterijen"], "uitbetaling": [], "vrijToegankelijk": false, "gemeenteBeperking": null, "openingstijden": null, "latitude": 51.5867698, "longitude": 4.7784009, "bronId": "L030099"}}, {"type": "Feature", "geometry": {"type": "Point", "coordinates": [4.7752803, 51.5879324]}, "properties": {"type": "inleverpunt", "locatieNaam": "Flying Tiger (Tiger Stores)", "straatNaam": "Karrestraat", "straatNr": "6", "postcode": "4811 WT", "plaats": "BREDA", "merk": "Stibat", "puntType": "inzamelbak", "materialen": ["batterijen"], "uitbetaling": [], "vrijToegankelijk": false, "gemeenteBeperking": null, "openingstijden": null, "latitude": 51.5879324, "longitude": 4.7752803, "bronId": "L035102"}}, {"type": "Feature", "geometry": {"type": "Point", "coordinates": [4.7754825, 51.587851]}, "properties": {"type": "inleverpunt", "locatieNaam": "Ritel", "straatNaam": "Karrestraat", "straatNr": "7", "postcode": "4811 WT", "plaats": "BREDA", "merk": "Stibat", "puntType": "inzamelbak", "materialen": ["batterijen"], "uitbetaling": [], "vrijToegankelijk": false, "gemeenteBeperking": null, "openingstijden": null, "latitude": 51.587851, "longitude": 4.7754825, "bronId": "L028551"}}, {"type": "Feature", "geometry": {"type": "Point", "coordinates": [4.7757181, 51.5876615]}, "properties": {"type": "inleverpunt", "locatieNaam": "Specsavers", "straatNaam": "Karrestraat", "straatNr": "17", "postcode": "4811 WT", "plaats": "BREDA", "merk": "Stibat", "puntType": "inzamelbak", "materialen": ["batterijen"], "uitbetaling": [], "vrijToegankelijk": false, "gemeenteBeperking": null, "openingstijden": null, "latitude": 51.5876615, "longitude": 4.7757181, "bronId": "L039050"}}, {"type": "Feature", "geometry": {"type": "Point", "coordinates": [4.7770805, 51.586997]}, "properties": {"type": "inleverpunt", "locatieNaam": "Wallebroek IJzerhandel", "straatNaam": "Halstraat", "straatNr": "16-18", "postcode": "4811 HW", "plaats": "BREDA", "merk": "Stibat", "puntType": "inzamelbak", "materialen": ["batterijen"], "uitbetaling": [], "vrijToegankelijk": false, "gemeenteBeperking": null, "openingstijden": null, "latitude": 51.586997, "longitude": 4.7770805, "bronId": "L016743"}}, {"type": "Feature", "geometry": {"type": "Point", "coordinates": [4.7761307, 51.5873431]}, "properties": {"type": "inleverpunt", "locatieNaam": "Verschuren Foto", "straatNaam": "Ridderstraat", "straatNr": "8", "postcode": "4811 JB", "plaats": "BREDA", "merk": "Stibat", "puntType": "inzamelbak", "materialen": ["batterijen"], "uitbetaling": [], "vrijToegankelijk": false, "gemeenteBeperking": null, "openingstijden": null, "latitude": 51.5873431, "longitude": 4.7761307, "bronId": "L008985"}}, {"type": "Feature", "geometry": {"type": "Point", "coordinates": [4.7741851, 51.5880861]}, "properties": {"type": "inleverpunt", "locatieNaam": "Xenos", "straatNaam": "Lange Brugstraat", "straatNr": "23", "postcode": "4811 WP", "plaats": "BREDA", "merk": "Stibat", "puntType": "inzamelbak", "materialen": ["batterijen"], "uitbetaling": [], "vrijToegankelijk": false, "gemeenteBeperking": null, "openingstijden": null, "latitude": 51.5880861, "longitude": 4.7741851, "bronId": "L036905"}}, {"type": "Feature", "geometry": {"type": "Point", "coordinates": [4.7793166, 51.5860117]}, "properties": {"type": "inleverpunt", "locatieNaam": "Beter Horen", "straatNaam": "Keizerstraat", "straatNr": "1 D", "postcode": "4811 HL", "plaats": "BREDA", "merk": "Stibat", "puntType": "inzamelbak", "materialen": ["batterijen"], "uitbetaling": [], "vrijToegankelijk": false, "gemeenteBeperking": null, "openingstijden": null, "latitude": 51.5860117, "longitude": 4.7793166, "bronId": "L018468"}}, {"type": "Feature", "geometry": {"type": "Point", "coordinates": [4.7754602, 51.5874493]}, "properties": {"type": "inleverpunt", "locatieNaam": "Zara", "straatNaam": "Karrestraat", "straatNr": "22", "postcode": "4811 WT", "plaats": "Breda", "merk": "Stibat", "puntType": "inzamelbak", "materialen": ["batterijen"], "uitbetaling": [], "vrijToegankelijk": false, "gemeenteBeperking": null, "openingstijden": null, "latitude": 51.5874493, "longitude": 4.7754602, "bronId": "L045704"}}, {"type": "Feature", "geometry": {"type": "Point", "coordinates": [4.7738984, 51.5879047]}, "properties": {"type": "inleverpunt", "locatieNaam": "7740 Etos", "straatNaam": "De Barones", "straatNr": "43", "postcode": "4811 XZ", "plaats": "BREDA", "merk": "Stibat", "puntType": "inzamelbak", "materialen": ["batterijen"], "uitbetaling": [], "vrijToegankelijk": false, "gemeenteBeperking": null, "openingstijden": null, "latitude": 51.5879047, "longitude": 4.7738984, "bronId": "L024796"}}, {"type": "Feature", "geometry": {"type": "Point", "coordinates": [4.7761074, 51.5868536]}, "properties": {"type": "inleverpunt", "locatieNaam": "Kruidvat", "straatNaam": "Eindstraat", "straatNr": "9-11", "postcode": "4811 KK", "plaats": "BREDA", "merk": "Stibat", "puntType": "inzamelbak", "materialen": ["batterijen"], "uitbetaling": [], "vrijToegankelijk": false, "gemeenteBeperking": null, "openingstijden": null, "latitude": 51.5868536, "longitude": 4.7761074, "bronId": "L014752"}}, {"type": "Feature", "geometry": {"type": "Point", "coordinates": [4.776183, 51.5868225]}, "properties": {"type": "inleverpunt", "locatieNaam": "Amac", "straatNaam": "Eindstraat", "straatNr": "13", "postcode": "4811 KK", "plaats": "BREDA", "merk": "Stibat", "puntType": "inzamelbak", "materialen": ["batterijen"], "uitbetaling": [], "vrijToegankelijk": false, "gemeenteBeperking": null, "openingstijden": null, "latitude": 51.5868225, "longitude": 4.776183, "bronId": "L043225"}}, {"type": "Feature", "geometry": {"type": "Point", "coordinates": [4.7761477, 51.5867729]}, "properties": {"type": "inleverpunt", "locatieNaam": "iFactors/Apple Store", "straatNaam": "Eindstraat", "straatNr": "13", "postcode": "4811 KK", "plaats": "BREDA", "merk": "Stibat", "puntType": "inzamelbak", "materialen": ["batterijen"], "uitbetaling": [], "vrijToegankelijk": false, "gemeenteBeperking": null, "openingstijden": null, "latitude": 51.5867729, "longitude": 4.7761477, "bronId": "L028176"}}, {"type": "Feature", "geometry": {"type": "Point", "coordinates": [4.77591, 51.5868]}, "properties": {"type": "inleverpunt", "locatieNaam": "HEMA Ginnekenstraat", "straatNaam": "Ginnekenstraat", "straatNr": "38", "postcode": "4811 JH", "plaats": "BREDA", "merk": "Stibat", "puntType": "inzamelbak", "materialen": ["batterijen"], "uitbetaling": [], "vrijToegankelijk": false, "gemeenteBeperking": null, "openingstijden": null, "latitude": 51.5868, "longitude": 4.77591, "bronId": "L006454"}}, {"type": "Feature", "geometry": {"type": "Point", "coordinates": [4.7724656, 51.5881155]}, "properties": {"type": "inleverpunt", "locatieNaam": "Bever", "straatNaam": "Tolbrugstraat", "straatNr": "7", "postcode": "4811 WN", "plaats": "BREDA", "merk": "Stibat", "puntType": "inzamelbak", "materialen": ["batterijen"], "uitbetaling": [], "vrijToegankelijk": false, "gemeenteBeperking": null, "openingstijden": null, "latitude": 51.5881155, "longitude": 4.7724656, "bronId": "L019341"}}, {"type": "Feature", "geometry": {"type": "Point", "coordinates": [4.7630861, 51.59183]}, "properties": {"type": "inleverpunt", "locatieNaam": "Milieustation Breda Slingerweg", "straatNaam": "Slingerweg", "straatNr": "9", "postcode": "4814 AZ", "plaats": "BREDA", "merk": "Stibat", "puntType": "inzamelbak", "materialen": ["batterijen"], "uitbetaling": [], "vrijToegankelijk": false, "gemeenteBeperking": null, "openingstijden": null, "latitude": 51.59183, "longitude": 4.7630861, "bronId": "L035733"}}, {"type": "Feature", "geometry": {"type": "Point", "coordinates": [4.7759929, 51.5866752]}, "properties": {"type": "inleverpunt", "locatieNaam": "Samsung Experience Store Breda", "straatNaam": "Eindstraat", "straatNr": "14", "postcode": "4811 KL", "plaats": "BREDA", "merk": "Stibat", "puntType": "inzamelbak", "materialen": ["batterijen"], "uitbetaling": [], "vrijToegankelijk": false, "gemeenteBeperking": null, "openingstijden": null, "latitude": 51.5866752, "longitude": 4.7759929, "bronId": "L045827"}}, {"type": "Feature", "geometry": {"type": "Point", "coordinates": [4.7729105, 51.5878075]}, "properties": {"type": "inleverpunt", "locatieNaam": "1029 Albert Heijn", "straatNaam": "Nieuwstraat", "straatNr": "45", "postcode": "4811 WV", "plaats": "BREDA", "merk": "Stibat", "puntType": "inzamelbak", "materialen": ["batterijen"], "uitbetaling": [], "vrijToegankelijk": false, "gemeenteBeperking": null, "openingstijden": null, "latitude": 51.5878075, "longitude": 4.7729105, "bronId": "L007463"}}, {"type": "Feature", "geometry": {"type": "Point", "coordinates": [4.7706569, 51.5885798]}, "properties": {"type": "inleverpunt", "locatieNaam": "Phone Repair Kliniek", "straatNaam": "Haagdijk", "straatNr": "10", "postcode": "4811 TT", "plaats": "BREDA", "merk": "Stibat", "puntType": "inzamelbak", "materialen": ["batterijen"], "uitbetaling": [], "vrijToegankelijk": false, "gemeenteBeperking": null, "openingstijden": null, "latitude": 51.5885798, "longitude": 4.7706569, "bronId": "L039105"}}, {"type": "Feature", "geometry": {"type": "Point", "coordinates": [4.7747131, 51.5869868]}, "properties": {"type": "inleverpunt", "locatieNaam": "Bershka", "straatNaam": "Barones Unit", "straatNr": "29-16", "postcode": "4811 XZ", "plaats": "Breda", "merk": "Stibat", "puntType": "inzamelbak", "materialen": ["batterijen"], "uitbetaling": [], "vrijToegankelijk": false, "gemeenteBeperking": null, "openingstijden": null, "latitude": 51.5869868, "longitude": 4.7747131, "bronId": "L045677"}}, {"type": "Feature", "geometry": {"type": "Point", "coordinates": [4.7747131, 51.5869868]}, "properties": {"type": "inleverpunt", "locatieNaam": "Pull&amp;Bear", "straatNaam": "Barones Unit", "straatNr": "27", "postcode": "4811 XZ", "plaats": "Breda", "merk": "Stibat", "puntType": "inzamelbak", "materialen": ["batterijen"], "uitbetaling": [], "vrijToegankelijk": false, "gemeenteBeperking": null, "openingstijden": null, "latitude": 51.5869868, "longitude": 4.7747131, "bronId": "L045692"}}, {"type": "Feature", "geometry": {"type": "Point", "coordinates": [4.7760494, 51.586463]}, "properties": {"type": "inleverpunt", "locatieNaam": "DOUGLAS", "straatNaam": "Eindstraat", "straatNr": "22", "postcode": "4811 KL", "plaats": "BREDA", "merk": "Stibat", "puntType": "inzamelbak", "materialen": ["batterijen"], "uitbetaling": [], "vrijToegankelijk": false, "gemeenteBeperking": null, "openingstijden": null, "latitude": 51.586463, "longitude": 4.7760494, "bronId": "L049152"}}, {"type": "Feature", "geometry": {"type": "Point", "coordinates": [4.7213726, 51.6092483]}, "properties": {"type": "inleverpunt", "locatieNaam": "Total", "straatNaam": "Westerhagelaan", "straatNr": "25", "postcode": "4823 AJ", "plaats": "BREDA", "merk": "Stibat", "puntType": "inzamelbak", "materialen": ["batterijen"], "uitbetaling": [], "vrijToegankelijk": false, "gemeenteBeperking": null, "openingstijden": null, "latitude": 51.6092483, "longitude": 4.7213726, "bronId": "L021933"}}, {"type": "Feature", "geometry": {"type": "Point", "coordinates": [4.7648365, 51.5906532]}, "properties": {"type": "inleverpunt", "locatieNaam": "Total", "straatNaam": "Tramsingel", "straatNr": "48", "postcode": "4814 AC", "plaats": "BREDA", "merk": "Stibat", "puntType": "inzamelbak", "materialen": ["batterijen"], "uitbetaling": [], "vrijToegankelijk": false, "gemeenteBeperking": null, "openingstijden": null, "latitude": 51.5906532, "longitude": 4.7648365, "bronId": "L019835"}}, {"type": "Feature", "geometry": {"type": "Point", "coordinates": [4.7755004, 51.5862964]}, "properties": {"type": "inleverpunt", "locatieNaam": "Schoonenberg Hoorcomfort", "straatNaam": "Karnemelkstraat", "straatNr": "6A1", "postcode": "4811 KJ", "plaats": "BREDA", "merk": "Stibat", "puntType": "inzamelbak", "materialen": ["batterijen"], "uitbetaling": [], "vrijToegankelijk": false, "gemeenteBeperking": null, "openingstijden": null, "latitude": 51.5862964, "longitude": 4.7755004, "bronId": "L021285"}}, {"type": "Feature", "geometry": {"type": "Point", "coordinates": [4.7762808, 51.5857532]}, "properties": {"type": "inleverpunt", "locatieNaam": "SoLow", "straatNaam": "Ginnekenstraat", "straatNr": "14", "postcode": "4811 JH", "plaats": "BREDA", "merk": "Stibat", "puntType": "inzamelbak", "materialen": ["batterijen"], "uitbetaling": [], "vrijToegankelijk": false, "gemeenteBeperking": null, "openingstijden": null, "latitude": 51.5857532, "longitude": 4.7762808, "bronId": "L042165"}}, {"type": "Feature", "geometry": {"type": "Point", "coordinates": [4.8315429, 51.5657298]}, "properties": {"type": "inleverpunt", "locatieNaam": "Kruidvat", "straatNaam": "Pastoor Doensstraat", "straatNr": "8", "postcode": "4854 CP", "plaats": "BAVEL", "merk": "Stibat", "puntType": "inzamelbak", "materialen": ["batterijen"], "uitbetaling": [], "vrijToegankelijk": false, "gemeenteBeperking": null, "openingstijden": null, "latitude": 51.5657298, "longitude": 4.8315429, "bronId": "L039223"}}, {"type": "Feature", "geometry": {"type": "Point", "coordinates": [4.7755385, 51.585901]}, "properties": {"type": "inleverpunt", "locatieNaam": "Intertoys", "straatNaam": "Karnemelkstraat", "straatNr": "9", "postcode": "4811 KJ", "plaats": "BREDA", "merk": "Stibat", "puntType": "inzamelbak", "materialen": ["batterijen"], "uitbetaling": [], "vrijToegankelijk": false, "gemeenteBeperking": null, "openingstijden": null, "latitude": 51.585901, "longitude": 4.7755385, "bronId": "L044929"}}, {"type": "Feature", "geometry": {"type": "Point", "coordinates": [4.7701184, 51.5879354]}, "properties": {"type": "inleverpunt", "locatieNaam": "Electra Breda B.V.", "straatNaam": "Haagdijk", "straatNr": "53", "postcode": "4811 TP", "plaats": "BREDA", "merk": "Stibat", "puntType": "inzamelbak", "materialen": ["batterijen"], "uitbetaling": [], "vrijToegankelijk": false, "gemeenteBeperking": null, "openingstijden": null, "latitude": 51.5879354, "longitude": 4.7701184, "bronId": "L031194"}}, {"type": "Feature", "geometry": {"type": "Point", "coordinates": [4.7773851, 51.5850407]}, "properties": {"type": "inleverpunt", "locatieNaam": "Zeeman", "straatNaam": "Ginnekenstraat", "straatNr": "112", "postcode": "4811 JE", "plaats": "Breda", "merk": "Stibat", "puntType": "inzamelbak", "materialen": ["batterijen"], "uitbetaling": [], "vrijToegankelijk": false, "gemeenteBeperking": null, "openingstijden": null, "latitude": 51.5850407, "longitude": 4.7773851, "bronId": "L021672"}}, {"type": "Feature", "geometry": {"type": "Point", "coordinates": [4.8313442, 51.5654682]}, "properties": {"type": "inleverpunt", "locatieNaam": "8620 Albert Heijn", "straatNaam": "Pastoor Doenstraat", "straatNr": "4", "postcode": "4854 CP", "plaats": "BAVEL", "merk": "Stibat", "puntType": "inzamelbak", "materialen": ["batterijen"], "uitbetaling": [], "vrijToegankelijk": false, "gemeenteBeperking": null, "openingstijden": null, "latitude": 51.5654682, "longitude": 4.8313442, "bronId": "L007660"}}, {"type": "Feature", "geometry": {"type": "Point", "coordinates": [4.7719252, 51.586981]}, "properties": {"type": "inleverpunt", "locatieNaam": "De Klein Fietsen", "straatNaam": "Markendaalseweg", "straatNr": "38", "postcode": "4811 KC", "plaats": "BREDA", "merk": "Stibat", "puntType": "inzamelbak", "materialen": ["batterijen"], "uitbetaling": [], "vrijToegankelijk": false, "gemeenteBeperking": null, "openingstijden": null, "latitude": 51.586981, "longitude": 4.7719252, "bronId": "L042058"}}, {"type": "Feature", "geometry": {"type": "Point", "coordinates": [4.7444186, 51.5980565]}, "properties": {"type": "inleverpunt", "locatieNaam": "Praxis Mega 2034", "straatNaam": "Grenssteen", "straatNr": "1", "postcode": "4815 PP", "plaats": "BREDA", "merk": "Stibat", "puntType": "inzamelbak", "materialen": ["batterijen"], "uitbetaling": [], "vrijToegankelijk": false, "gemeenteBeperking": null, "openingstijden": null, "latitude": 51.5980565, "longitude": 4.7444186, "bronId": "L013783"}}, {"type": "Feature", "geometry": {"type": "Point", "coordinates": [4.8297037, 51.5658272]}, "properties": {"type": "inleverpunt", "locatieNaam": "Primera", "straatNaam": "Kerkstraat", "straatNr": "4", "postcode": "4854 CE", "plaats": "BAVEL", "merk": "Stibat", "puntType": "inzamelbak", "materialen": ["batterijen"], "uitbetaling": [], "vrijToegankelijk": false, "gemeenteBeperking": null, "openingstijden": null, "latitude": 51.5658272, "longitude": 4.8297037, "bronId": "L028650"}}, {"type": "Feature", "geometry": {"type": "Point", "coordinates": [4.7694981, 51.5876788]}, "properties": {"type": "inleverpunt", "locatieNaam": "Expert Breda", "straatNaam": "Haagdijk", "straatNr": "67", "postcode": "4811 TP", "plaats": "BREDA", "merk": "Stibat", "puntType": "inzamelbak", "materialen": ["batterijen"], "uitbetaling": [], "vrijToegankelijk": false, "gemeenteBeperking": null, "openingstijden": null, "latitude": 51.5876788, "longitude": 4.7694981, "bronId": "L014970"}}, {"type": "Feature", "geometry": {"type": "Point", "coordinates": [4.7766957, 51.5848451]}, "properties": {"type": "inleverpunt", "locatieNaam": "Kruidvat", "straatNaam": "Ginnekenstraat", "straatNr": "44-46", "postcode": "4811 JH", "plaats": "BREDA", "merk": "Stibat", "puntType": "inzamelbak", "materialen": ["batterijen"], "uitbetaling": [], "vrijToegankelijk": false, "gemeenteBeperking": null, "openingstijden": null, "latitude": 51.5848451, "longitude": 4.7766957, "bronId": "L015599"}}, {"type": "Feature", "geometry": {"type": "Point", "coordinates": [4.776174, 51.5849442]}, "properties": {"type": "inleverpunt", "locatieNaam": "Perry", "straatNaam": "Ginnekenstraat", "straatNr": "38b", "postcode": "4811 JH", "plaats": "BREDA", "merk": "Stibat", "puntType": "inzamelbak", "materialen": ["batterijen"], "uitbetaling": [], "vrijToegankelijk": false, "gemeenteBeperking": null, "openingstijden": null, "latitude": 51.5849442, "longitude": 4.776174, "bronId": "L022364"}}, {"type": "Feature", "geometry": {"type": "Point", "coordinates": [4.7689382, 51.5875509]}, "properties": {"type": "inleverpunt", "locatieNaam": "Primera", "straatNaam": "Haagdijk", "straatNr": "106", "postcode": "4811 TW", "plaats": "BREDA", "merk": "Stibat", "puntType": "inzamelbak", "materialen": ["batterijen"], "uitbetaling": [], "vrijToegankelijk": false, "gemeenteBeperking": null, "openingstijden": null, "latitude": 51.5875509, "longitude": 4.7689382, "bronId": "L027838"}}, {"type": "Feature", "geometry": {"type": "Point", "coordinates": [4.7535257, 51.5937093]}, "properties": {"type": "inleverpunt", "locatieNaam": "1279 Action", "straatNaam": "Rat Verleghstraat", "straatNr": "26", "postcode": "4815 NZ", "plaats": "BREDA", "merk": "Stibat", "puntType": "inzamelbak", "materialen": ["batterijen"], "uitbetaling": [], "vrijToegankelijk": false, "gemeenteBeperking": null, "openingstijden": null, "latitude": 51.5937093, "longitude": 4.7535257, "bronId": "L030579"}}, {"type": "Feature", "geometry": {"type": "Point", "coordinates": [4.7535257, 51.5937093]}, "properties": {"type": "inleverpunt", "locatieNaam": "Toys XL", "straatNaam": "Rat Verleghstraat", "straatNr": "6", "postcode": "4815 NZ", "plaats": "BREDA", "merk": "Stibat", "puntType": "inzamelbak", "materialen": ["batterijen"], "uitbetaling": [], "vrijToegankelijk": false, "gemeenteBeperking": null, "openingstijden": null, "latitude": 51.5937093, "longitude": 4.7535257, "bronId": "L031761"}}, {"type": "Feature", "geometry": {"type": "Point", "coordinates": [4.7687477, 51.5874413]}, "properties": {"type": "inleverpunt", "locatieNaam": "1424 Albert Heijn", "straatNaam": "Haagdijk", "straatNr": "108", "postcode": "4811 TW", "plaats": "BREDA", "merk": "Stibat", "puntType": "inzamelbak", "materialen": ["batterijen"], "uitbetaling": [], "vrijToegankelijk": false, "gemeenteBeperking": null, "openingstijden": null, "latitude": 51.5874413, "longitude": 4.7687477, "bronId": "L007724"}}, {"type": "Feature", "geometry": {"type": "Point", "coordinates": [4.7421452, 51.5982723]}, "properties": {"type": "inleverpunt", "locatieNaam": "Halfords Superstore", "straatNaam": "Huifakkerstraat", "straatNr": "7", "postcode": "4815 PN", "plaats": "BREDA NOORD", "merk": "Stibat", "puntType": "inzamelbak", "materialen": ["batterijen"], "uitbetaling": [], "vrijToegankelijk": false, "gemeenteBeperking": null, "openingstijden": null, "latitude": 51.5982723, "longitude": 4.7421452, "bronId": "L015011"}}, {"type": "Feature", "geometry": {"type": "Point", "coordinates": [4.7330075, 51.6021181]}, "properties": {"type": "inleverpunt", "locatieNaam": "Esso", "straatNaam": "Backer en Ruebweg", "straatNr": "101", "postcode": "4815 PM", "plaats": "BREDA", "merk": "Stibat", "puntType": "inzamelbak", "materialen": ["batterijen"], "uitbetaling": [], "vrijToegankelijk": false, "gemeenteBeperking": null, "openingstijden": null, "latitude": 51.6021181, "longitude": 4.7330075, "bronId": "L025758"}}, {"type": "Feature", "geometry": {"type": "Point", "coordinates": [4.7769545, 51.5841168]}, "properties": {"type": "inleverpunt", "locatieNaam": "Handyman", "straatNaam": "Ginnekenstraat", "straatNr": "76", "postcode": "4811 JJ", "plaats": "BREDA", "merk": "Stibat", "puntType": "inzamelbak", "materialen": ["batterijen"], "uitbetaling": [], "vrijToegankelijk": false, "gemeenteBeperking": null, "openingstijden": null, "latitude": 51.5841168, "longitude": 4.7769545, "bronId": "L014395"}}, {"type": "Feature", "geometry": {"type": "Point", "coordinates": [4.777426, 51.583781]}, "properties": {"type": "inleverpunt", "locatieNaam": "Hans Anders", "straatNaam": "Ginnekenstraat", "straatNr": "137", "postcode": "4811 JG", "plaats": "BREDA", "merk": "Stibat", "puntType": "inzamelbak", "materialen": ["batterijen"], "uitbetaling": [], "vrijToegankelijk": false, "gemeenteBeperking": null, "openingstijden": null, "latitude": 51.583781, "longitude": 4.777426, "bronId": "L037766"}}, {"type": "Feature", "geometry": {"type": "Point", "coordinates": [4.75248, 51.5937093]}, "properties": {"type": "inleverpunt", "locatieNaam": "Jumbo Foodmarkt", "straatNaam": "Rat Verleghstraat", "straatNr": "4", "postcode": "4815 NZ", "plaats": "BREDA", "merk": "Stibat", "puntType": "inzamelbak", "materialen": ["batterijen"], "uitbetaling": [], "vrijToegankelijk": false, "gemeenteBeperking": null, "openingstijden": null, "latitude": 51.5937093, "longitude": 4.75248, "bronId": "L031967"}}, {"type": "Feature", "geometry": {"type": "Point", "coordinates": [4.8071374, 51.5726765]}, "properties": {"type": "inleverpunt", "locatieNaam": "Jumbo", "straatNaam": "De Burcht", "straatNr": "20", "postcode": "4834 HE", "plaats": "BREDA", "merk": "Stibat", "puntType": "inzamelbak", "materialen": ["batterijen"], "uitbetaling": [], "vrijToegankelijk": false, "gemeenteBeperking": null, "openingstijden": null, "latitude": 51.5726765, "longitude": 4.8071374, "bronId": "L034461"}}, {"type": "Feature", "geometry": {"type": "Point", "coordinates": [4.7771419, 51.5837861]}, "properties": {"type": "inleverpunt", "locatieNaam": "Wibra", "straatNaam": "Ginnekenstraat", "straatNr": "90", "postcode": "4811 JK", "plaats": "Breda", "merk": "Stibat", "puntType": "inzamelbak", "materialen": ["batterijen"], "uitbetaling": [], "vrijToegankelijk": false, "gemeenteBeperking": null, "openingstijden": null, "latitude": 51.5837861, "longitude": 4.7771419, "bronId": "L022973"}}, {"type": "Feature", "geometry": {"type": "Point", "coordinates": [4.7418652, 51.5979706]}, "properties": {"type": "inleverpunt", "locatieNaam": "Fietsvoordeelshop.nl Breda", "straatNaam": "Huifakkerstraat", "straatNr": "14", "postcode": "4815 PN", "plaats": "BREDA", "merk": "Stibat", "puntType": "inzamelbak", "materialen": ["batterijen"], "uitbetaling": [], "vrijToegankelijk": false, "gemeenteBeperking": null, "openingstijden": null, "latitude": 51.5979706, "longitude": 4.7418652, "bronId": "L049759"}}, {"type": "Feature", "geometry": {"type": "Point", "coordinates": [4.7772289, 51.5836454]}, "properties": {"type": "inleverpunt", "locatieNaam": "BelCompany", "straatNaam": "Ginnekenstraat", "straatNr": "118", "postcode": "4811 JK", "plaats": "Breda", "merk": "Stibat", "puntType": "inzamelbak", "materialen": ["batterijen"], "uitbetaling": [], "vrijToegankelijk": false, "gemeenteBeperking": null, "openingstijden": null, "latitude": 51.5836454, "longitude": 4.7772289, "bronId": "L014736"}}, {"type": "Feature", "geometry": {"type": "Point", "coordinates": [4.7775515, 51.5834977]}, "properties": {"type": "inleverpunt", "locatieNaam": "KPN winkel", "straatNaam": "Ginnekenstraat", "straatNr": "145", "postcode": "4811 JG", "plaats": "BREDA", "merk": "Stibat", "puntType": "inzamelbak", "materialen": ["batterijen"], "uitbetaling": [], "vrijToegankelijk": false, "gemeenteBeperking": null, "openingstijden": null, "latitude": 51.5834977, "longitude": 4.7775515, "bronId": "L005600"}}, {"type": "Feature", "geometry": {"type": "Point", "coordinates": [4.7772463, 51.5835986]}, "properties": {"type": "inleverpunt", "locatieNaam": "GSM Specialist", "straatNaam": "Ginnekenstraat", "straatNr": "120", "postcode": "4811 JK", "plaats": "BREDA", "merk": "Stibat", "puntType": "inzamelbak", "materialen": ["batterijen"], "uitbetaling": [], "vrijToegankelijk": false, "gemeenteBeperking": null, "openingstijden": null, "latitude": 51.5835986, "longitude": 4.7772463, "bronId": "L032476"}}, {"type": "Feature", "geometry": {"type": "Point", "coordinates": [4.7773386, 51.5834542]}, "properties": {"type": "inleverpunt", "locatieNaam": "Phone House", "straatNaam": "Ginnekenstraat", "straatNr": "130", "postcode": "4811 JK", "plaats": "Breda", "merk": "Stibat", "puntType": "inzamelbak", "materialen": ["batterijen"], "uitbetaling": [], "vrijToegankelijk": false, "gemeenteBeperking": null, "openingstijden": null, "latitude": 51.5834542, "longitude": 4.7773386, "bronId": "L022948"}}, {"type": "Feature", "geometry": {"type": "Point", "coordinates": [4.7899393, 51.5784571]}, "properties": {"type": "inleverpunt", "locatieNaam": "De Baronie tweewielers", "straatNaam": "Benedictinessenhof", "straatNr": "10", "postcode": "4818 BW", "plaats": "BREDA", "merk": "Stibat", "puntType": "inzamelbak", "materialen": ["batterijen"], "uitbetaling": [], "vrijToegankelijk": false, "gemeenteBeperking": null, "openingstijden": null, "latitude": 51.5784571, "longitude": 4.7899393, "bronId": "L046600"}}, {"type": "Feature", "geometry": {"type": "Point", "coordinates": [4.8062748, 51.5724475]}, "properties": {"type": "inleverpunt", "locatieNaam": "Kruidvat", "straatNaam": "De Burcht", "straatNr": "39", "postcode": "4834 HK", "plaats": "BREDA", "merk": "Stibat", "puntType": "inzamelbak", "materialen": ["batterijen"], "uitbetaling": [], "vrijToegankelijk": false, "gemeenteBeperking": null, "openingstijden": null, "latitude": 51.5724475, "longitude": 4.8062748, "bronId": "L035066"}}, {"type": "Feature", "geometry": {"type": "Point", "coordinates": [4.8066415, 51.5723028]}, "properties": {"type": "inleverpunt", "locatieNaam": "Bruna", "straatNaam": "De Burcht", "straatNr": "14", "postcode": "4834 HE", "plaats": "BREDA", "merk": "Stibat", "puntType": "inzamelbak", "materialen": ["batterijen"], "uitbetaling": [], "vrijToegankelijk": false, "gemeenteBeperking": null, "openingstijden": null, "latitude": 51.5723028, "longitude": 4.8066415, "bronId": "L024676"}}, {"type": "Feature", "geometry": {"type": "Point", "coordinates": [4.741539, 51.5975643]}, "properties": {"type": "inleverpunt", "locatieNaam": "Leys", "straatNaam": "Korte Huifakkerstraat", "straatNr": "4", "postcode": "4815 PS", "plaats": "BREDA", "merk": "Stibat", "puntType": "inzamelbak", "materialen": ["batterijen"], "uitbetaling": [], "vrijToegankelijk": false, "gemeenteBeperking": null, "openingstijden": null, "latitude": 51.5975643, "longitude": 4.741539, "bronId": "L044239"}}, {"type": "Feature", "geometry": {"type": "Point", "coordinates": [4.8065411, 51.5722347]}, "properties": {"type": "inleverpunt", "locatieNaam": "DA", "straatNaam": "De Burcht", "straatNr": "13", "postcode": "4834 HE", "plaats": "BREDA", "merk": "Stibat", "puntType": "inzamelbak", "materialen": ["batterijen"], "uitbetaling": [], "vrijToegankelijk": false, "gemeenteBeperking": null, "openingstijden": null, "latitude": 51.5722347, "longitude": 4.8065411, "bronId": "L024451"}}, {"type": "Feature", "geometry": {"type": "Point", "coordinates": [4.7436808, 51.5965552]}, "properties": {"type": "inleverpunt", "locatieNaam": "Raab Karcher", "straatNaam": "Huifakkerstraat", "straatNr": "20", "postcode": "4815 PN", "plaats": "BREDA", "merk": "Stibat", "puntType": "inzamelbak", "materialen": ["batterijen"], "uitbetaling": [], "vrijToegankelijk": false, "gemeenteBeperking": null, "openingstijden": null, "latitude": 51.5965552, "longitude": 4.7436808, "bronId": "L043765"}}, {"type": "Feature", "geometry": {"type": "Point", "coordinates": [4.8056273, 51.5722766]}, "properties": {"type": "inleverpunt", "locatieNaam": "Zeeman", "straatNaam": "De Burcht", "straatNr": "1B", "postcode": "4834 HE", "plaats": "BREDA", "merk": "Stibat", "puntType": "inzamelbak", "materialen": ["batterijen"], "uitbetaling": [], "vrijToegankelijk": false, "gemeenteBeperking": null, "openingstijden": null, "latitude": 51.5722766, "longitude": 4.8056273, "bronId": "L019805"}}, {"type": "Feature", "geometry": {"type": "Point", "coordinates": [4.7480378, 51.5942993]}, "properties": {"type": "inleverpunt", "locatieNaam": "ToyChamp XL", "straatNaam": "Rat Verleghstraat", "straatNr": "6", "postcode": "4815 NZ", "plaats": "BREDA", "merk": "Stibat", "puntType": "inzamelbak", "materialen": ["batterijen"], "uitbetaling": [], "vrijToegankelijk": false, "gemeenteBeperking": null, "openingstijden": null, "latitude": 51.5942993, "longitude": 4.7480378, "bronId": "L044444"}}, {"type": "Feature", "geometry": {"type": "Point", "coordinates": [4.8056232, 51.5720825]}, "properties": {"type": "inleverpunt", "locatieNaam": "Marskramer", "straatNaam": "De Burcht", "straatNr": "7", "postcode": "4834 HE", "plaats": "BREDA", "merk": "Stibat", "puntType": "inzamelbak", "materialen": ["batterijen"], "uitbetaling": [], "vrijToegankelijk": false, "gemeenteBeperking": null, "openingstijden": null, "latitude": 51.5720825, "longitude": 4.8056232, "bronId": "L018479"}}, {"type": "Feature", "geometry": {"type": "Point", "coordinates": [4.7766962, 51.5827464]}, "properties": {"type": "inleverpunt", "locatieNaam": "Struijk Audiciens Breda", "straatNaam": "Nieuwe Ginnekenstraat", "straatNr": "6", "postcode": "4811 NR", "plaats": "BREDA", "merk": "Stibat", "puntType": "inzamelbak", "materialen": ["batterijen"], "uitbetaling": [], "vrijToegankelijk": false, "gemeenteBeperking": null, "openingstijden": null, "latitude": 51.5827464, "longitude": 4.7766962, "bronId": "L045173"}}, {"type": "Feature", "geometry": {"type": "Point", "coordinates": [4.8054124, 51.5720725]}, "properties": {"type": "inleverpunt", "locatieNaam": "1005 Albert Heijn", "straatNaam": "De Burcht", "straatNr": "1", "postcode": "4834 HE", "plaats": "BREDA", "merk": "Stibat", "puntType": "inzamelbak", "materialen": ["batterijen"], "uitbetaling": [], "vrijToegankelijk": false, "gemeenteBeperking": null, "openingstijden": null, "latitude": 51.5720725, "longitude": 4.8054124, "bronId": "L005702"}}, {"type": "Feature", "geometry": {"type": "Point", "coordinates": [4.7397529, 51.5973905]}, "properties": {"type": "inleverpunt", "locatieNaam": "Van Dijck Mobility BV", "straatNaam": "Hoeksteen", "straatNr": "11", "postcode": "4815 PR", "plaats": "BREDA", "merk": "Stibat", "puntType": "inzamelbak", "materialen": ["batterijen"], "uitbetaling": [], "vrijToegankelijk": false, "gemeenteBeperking": null, "openingstijden": null, "latitude": 51.5973905, "longitude": 4.7397529, "bronId": "L049474"}}, {"type": "Feature", "geometry": {"type": "Point", "coordinates": [4.747259, 51.594173]}, "properties": {"type": "inleverpunt", "locatieNaam": "Wibra", "straatNaam": "Rat Verleghstraat", "straatNr": "18", "postcode": "4815 NZ", "plaats": "BREDA", "merk": "Stibat", "puntType": "inzamelbak", "materialen": ["batterijen"], "uitbetaling": [], "vrijToegankelijk": false, "gemeenteBeperking": null, "openingstijden": null, "latitude": 51.594173, "longitude": 4.747259, "bronId": "L047528"}}, {"type": "Feature", "geometry": {"type": "Point", "coordinates": [4.7774665, 51.5820792]}, "properties": {"type": "inleverpunt", "locatieNaam": "ANWB", "straatNaam": "Nieuwe Ginnekenstraat", "straatNr": "27", "postcode": "4811 NM", "plaats": "BREDA", "merk": "Stibat", "puntType": "inzamelbak", "materialen": ["batterijen"], "uitbetaling": [], "vrijToegankelijk": false, "gemeenteBeperking": null, "openingstijden": null, "latitude": 51.5820792, "longitude": 4.7774665, "bronId": "L044623"}}, {"type": "Feature", "geometry": {"type": "Point", "coordinates": [4.7777249, 51.5811976]}, "properties": {"type": "inleverpunt", "locatieNaam": "Relay", "straatNaam": "Nieuwe Ginnekenstraat", "straatNr": "51", "postcode": "4811 NN", "plaats": "BREDA", "merk": "Stibat", "puntType": "inzamelbak", "materialen": ["batterijen"], "uitbetaling": [], "vrijToegankelijk": false, "gemeenteBeperking": null, "openingstijden": null, "latitude": 51.5811976, "longitude": 4.7777249, "bronId": "L044036"}}, {"type": "Feature", "geometry": {"type": "Point", "coordinates": [4.8095038, 51.5692185]}, "properties": {"type": "inleverpunt", "locatieNaam": "1358 Action", "straatNaam": "Rijnauwenstraat", "straatNr": "110", "postcode": "4834 LG", "plaats": "BREDA", "merk": "Stibat", "puntType": "inzamelbak", "materialen": ["batterijen"], "uitbetaling": [], "vrijToegankelijk": false, "gemeenteBeperking": null, "openingstijden": null, "latitude": 51.5692185, "longitude": 4.8095038, "bronId": "L037275"}}, {"type": "Feature", "geometry": {"type": "Point", "coordinates": [4.7384682, 51.5966594]}, "properties": {"type": "inleverpunt", "locatieNaam": "Destil", "straatNaam": "Brugsteen", "straatNr": "11", "postcode": "4815 PL", "plaats": "Breda", "merk": "Stibat", "puntType": "inzamelbak", "materialen": ["batterijen"], "uitbetaling": [], "vrijToegankelijk": false, "gemeenteBeperking": null, "openingstijden": null, "latitude": 51.5966594, "longitude": 4.7384682, "bronId": "L043436"}}, {"type": "Feature", "geometry": {"type": "Point", "coordinates": [4.7769655, 51.5810231]}, "properties": {"type": "inleverpunt", "locatieNaam": "Kamera Express", "straatNaam": "Marksingel", "straatNr": "1", "postcode": "4811 NV", "plaats": "BREDA", "merk": "Stibat", "puntType": "inzamelbak", "materialen": ["batterijen"], "uitbetaling": [], "vrijToegankelijk": false, "gemeenteBeperking": null, "openingstijden": null, "latitude": 51.5810231, "longitude": 4.7769655, "bronId": "L040685"}}, {"type": "Feature", "geometry": {"type": "Point", "coordinates": [4.7021244, 51.612729]}, "properties": {"type": "inleverpunt", "locatieNaam": "Groenrijk", "straatNaam": "Mastlanddreef", "straatNr": "9", "postcode": "4841 KJ", "plaats": "PRINSENBEEK", "merk": "Stibat", "puntType": "inzamelbak", "materialen": ["batterijen"], "uitbetaling": [], "vrijToegankelijk": false, "gemeenteBeperking": null, "openingstijden": null, "latitude": 51.612729, "longitude": 4.7021244, "bronId": "L039865"}}, {"type": "Feature", "geometry": {"type": "Point", "coordinates": [4.7777242, 51.5793903]}, "properties": {"type": "inleverpunt", "locatieNaam": "Audio &amp; Video Specialist", "straatNaam": "Wilhelminastraat", "straatNr": "32-36", "postcode": "4818 SH", "plaats": "BREDA", "merk": "Stibat", "puntType": "inzamelbak", "materialen": ["batterijen"], "uitbetaling": [], "vrijToegankelijk": false, "gemeenteBeperking": null, "openingstijden": null, "latitude": 51.5793903, "longitude": 4.7777242, "bronId": "L019064"}}, {"type": "Feature", "geometry": {"type": "Point", "coordinates": [4.7172135, 51.6043119]}, "properties": {"type": "inleverpunt", "locatieNaam": "1324 Albert Heijn", "straatNaam": "Beeksestraat", "straatNr": "55", "postcode": "4841 GB", "plaats": "PRINSENBEEK", "merk": "Stibat", "puntType": "inzamelbak", "materialen": ["batterijen"], "uitbetaling": [], "vrijToegankelijk": false, "gemeenteBeperking": null, "openingstijden": null, "latitude": 51.6043119, "longitude": 4.7172135, "bronId": "L007194"}}, {"type": "Feature", "geometry": {"type": "Point", "coordinates": [4.7781115, 51.5789581]}, "properties": {"type": "inleverpunt", "locatieNaam": "Van Boxtel hoorwinkel", "straatNaam": "Wilhelminastraat", "straatNr": "48", "postcode": "4818 SH", "plaats": "BREDA", "merk": "Stibat", "puntType": "inzamelbak", "materialen": ["batterijen"], "uitbetaling": [], "vrijToegankelijk": false, "gemeenteBeperking": null, "openingstijden": null, "latitude": 51.5789581, "longitude": 4.7781115, "bronId": "L031065"}}, {"type": "Feature", "geometry": {"type": "Point", "coordinates": [4.779353, 51.5783831]}, "properties": {"type": "inleverpunt", "locatieNaam": "Fiets &amp; Zo", "straatNaam": "Ginnekenweg", "straatNr": "9", "postcode": "4818 JA", "plaats": "BREDA", "merk": "Stibat", "puntType": "inzamelbak", "materialen": ["batterijen"], "uitbetaling": [], "vrijToegankelijk": false, "gemeenteBeperking": null, "openingstijden": null, "latitude": 51.5783831, "longitude": 4.779353, "bronId": "L033434"}}, {"type": "Feature", "geometry": {"type": "Point", "coordinates": [4.7616209, 51.5852397]}, "properties": {"type": "inleverpunt", "locatieNaam": "Dijks Fietsen/ Hoogdijk fietsen", "straatNaam": "Haagweg", "straatNr": "22", "postcode": "4814 GD", "plaats": "BREDA", "merk": "Stibat", "puntType": "inzamelbak", "materialen": ["batterijen"], "uitbetaling": [], "vrijToegankelijk": false, "gemeenteBeperking": null, "openingstijden": null, "latitude": 51.5852397, "longitude": 4.7616209, "bronId": "L046225"}}, {"type": "Feature", "geometry": {"type": "Point", "coordinates": [4.7807567, 51.5773334]}, "properties": {"type": "inleverpunt", "locatieNaam": "Toys2Play", "straatNaam": "Ginnekenweg", "straatNr": "55", "postcode": "4818 JB", "plaats": "BREDA", "merk": "Stibat", "puntType": "inzamelbak", "materialen": ["batterijen"], "uitbetaling": [], "vrijToegankelijk": false, "gemeenteBeperking": null, "openingstijden": null, "latitude": 51.5773334, "longitude": 4.7807567, "bronId": "L025193"}}, {"type": "Feature", "geometry": {"type": "Point", "coordinates": [4.7605121, 51.5850917]}, "properties": {"type": "inleverpunt", "locatieNaam": "CDRom Land", "straatNaam": "Dijklaan", "straatNr": "9", "postcode": "4814 CA", "plaats": "BREDA", "merk": "Stibat", "puntType": "inzamelbak", "materialen": ["batterijen"], "uitbetaling": [], "vrijToegankelijk": false, "gemeenteBeperking": null, "openingstijden": null, "latitude": 51.5850917, "longitude": 4.7605121, "bronId": "L020731"}}, {"type": "Feature", "geometry": {"type": "Point", "coordinates": [4.7813149, 51.5769478]}, "properties": {"type": "inleverpunt", "locatieNaam": "Gsm Plaza", "straatNaam": "Ginnekenweg", "straatNr": "77", "postcode": "4818 JB", "plaats": "BREDA", "merk": "Stibat", "puntType": "inzamelbak", "materialen": ["batterijen"], "uitbetaling": [], "vrijToegankelijk": false, "gemeenteBeperking": null, "openingstijden": null, "latitude": 51.5769478, "longitude": 4.7813149, "bronId": "L045139"}}, {"type": "Feature", "geometry": {"type": "Point", "coordinates": [4.7804564, 51.5772347]}, "properties": {"type": "inleverpunt", "locatieNaam": "1808 Albert Heijn", "straatNaam": "Ginnekenweg", "straatNr": "46", "postcode": "4818 JG", "plaats": "BREDA", "merk": "Stibat", "puntType": "inzamelbak", "materialen": ["batterijen"], "uitbetaling": [], "vrijToegankelijk": false, "gemeenteBeperking": null, "openingstijden": null, "latitude": 51.5772347, "longitude": 4.7804564, "bronId": "L023988"}}, {"type": "Feature", "geometry": {"type": "Point", "coordinates": [4.7805257, 51.5771976]}, "properties": {"type": "inleverpunt", "locatieNaam": "Kruidvat", "straatNaam": "Ginnekenweg", "straatNr": "48", "postcode": "4818 JG", "plaats": "BREDA", "merk": "Stibat", "puntType": "inzamelbak", "materialen": ["batterijen"], "uitbetaling": [], "vrijToegankelijk": false, "gemeenteBeperking": null, "openingstijden": null, "latitude": 51.5771976, "longitude": 4.7805257, "bronId": "L014603"}}, {"type": "Feature", "geometry": {"type": "Point", "coordinates": [4.7805837, 51.5771589]}, "properties": {"type": "inleverpunt", "locatieNaam": "Handyman", "straatNaam": "Ginnekenweg", "straatNr": "48", "postcode": "4818 JG", "plaats": "BREDA", "merk": "Stibat", "puntType": "inzamelbak", "materialen": ["batterijen"], "uitbetaling": [], "vrijToegankelijk": false, "gemeenteBeperking": null, "openingstijden": null, "latitude": 51.5771589, "longitude": 4.7805837, "bronId": "L016441"}}, {"type": "Feature", "geometry": {"type": "Point", "coordinates": [4.7534868, 51.5875126]}, "properties": {"type": "inleverpunt", "locatieNaam": "Jumbo", "straatNaam": "Cypresstraat", "straatNr": "21", "postcode": "4814 PN", "plaats": "BREDA", "merk": "Stibat", "puntType": "inzamelbak", "materialen": ["batterijen"], "uitbetaling": [], "vrijToegankelijk": false, "gemeenteBeperking": null, "openingstijden": null, "latitude": 51.5875126, "longitude": 4.7534868, "bronId": "L028467"}}, {"type": "Feature", "geometry": {"type": "Point", "coordinates": [4.754083, 51.5871671]}, "properties": {"type": "inleverpunt", "locatieNaam": "Wibra", "straatNaam": "Cypresstraat", "straatNr": "1", "postcode": "4814 PN", "plaats": "BREDA", "merk": "Stibat", "puntType": "inzamelbak", "materialen": ["batterijen"], "uitbetaling": [], "vrijToegankelijk": false, "gemeenteBeperking": null, "openingstijden": null, "latitude": 51.5871671, "longitude": 4.754083, "bronId": "L030798"}}, {"type": "Feature", "geometry": {"type": "Point", "coordinates": [4.7534962, 51.5872613]}, "properties": {"type": "inleverpunt", "locatieNaam": "6350 Etos", "straatNaam": "Cypresstraat", "straatNr": "15 -17", "postcode": "4814 PN", "plaats": "BREDA", "merk": "Stibat", "puntType": "inzamelbak", "materialen": ["batterijen"], "uitbetaling": [], "vrijToegankelijk": false, "gemeenteBeperking": null, "openingstijden": null, "latitude": 51.5872613, "longitude": 4.7534962, "bronId": "L024773"}}, {"type": "Feature", "geometry": {"type": "Point", "coordinates": [4.740336, 51.592531]}, "properties": {"type": "inleverpunt", "locatieNaam": "PDA Services/Smartphone Repairs", "straatNaam": "Neerloopweg", "straatNr": "28", "postcode": "4814 RS", "plaats": "BREDA", "merk": "Stibat", "puntType": "inzamelbak", "materialen": ["batterijen"], "uitbetaling": [], "vrijToegankelijk": false, "gemeenteBeperking": null, "openingstijden": null, "latitude": 51.592531, "longitude": 4.740336, "bronId": "L036002"}}, {"type": "Feature", "geometry": {"type": "Point", "coordinates": [4.7184463, 51.6018543]}, "properties": {"type": "inleverpunt", "locatieNaam": "Bossers Tweewielers", "straatNaam": "Beeksestraat", "straatNr": "32", "postcode": "4841 GC", "plaats": "PRINSENBEEK", "merk": "Stibat", "puntType": "inzamelbak", "materialen": ["batterijen"], "uitbetaling": [], "vrijToegankelijk": false, "gemeenteBeperking": null, "openingstijden": null, "latitude": 51.6018543, "longitude": 4.7184463, "bronId": "L036554"}}, {"type": "Feature", "geometry": {"type": "Point", "coordinates": [4.7393603, 51.5924203]}, "properties": {"type": "inleverpunt", "locatieNaam": "Picnic", "straatNaam": "Neerloopweg", "straatNr": "48", "postcode": "4814 RS", "plaats": "Breda", "merk": "Stibat", "puntType": "inzamelbak", "materialen": ["batterijen"], "uitbetaling": [], "vrijToegankelijk": false, "gemeenteBeperking": null, "openingstijden": null, "latitude": 51.5924203, "longitude": 4.7393603, "bronId": "L043707"}}, {"type": "Feature", "geometry": {"type": "Point", "coordinates": [4.7202618, 51.5998119]}, "properties": {"type": "inleverpunt", "locatieNaam": "HEMA Breda Prinsenbeek", "straatNaam": "Loopstraat", "straatNr": "2", "postcode": "4841 AD", "plaats": "Prinsenbeek", "merk": "Stibat", "puntType": "inzamelbak", "materialen": ["batterijen"], "uitbetaling": [], "vrijToegankelijk": false, "gemeenteBeperking": null, "openingstijden": null, "latitude": 51.5998119, "longitude": 4.7202618, "bronId": "L046853"}}, {"type": "Feature", "geometry": {"type": "Point", "coordinates": [4.7829653, 51.5741297]}, "properties": {"type": "inleverpunt", "locatieNaam": "DHZ van Wijck", "straatNaam": "Ginnekenweg", "straatNr": "146", "postcode": "4818 JK", "plaats": "BREDA", "merk": "Stibat", "puntType": "inzamelbak", "materialen": ["batterijen"], "uitbetaling": [], "vrijToegankelijk": false, "gemeenteBeperking": null, "openingstijden": null, "latitude": 51.5741297, "longitude": 4.7829653, "bronId": "L020862"}}, {"type": "Feature", "geometry": {"type": "Point", "coordinates": [4.7196727, 51.5998682]}, "properties": {"type": "inleverpunt", "locatieNaam": "Kruidvat", "straatNaam": "Markt", "straatNr": "18", "postcode": "4841 AC", "plaats": "PRINSENBEEK", "merk": "Stibat", "puntType": "inzamelbak", "materialen": ["batterijen"], "uitbetaling": [], "vrijToegankelijk": false, "gemeenteBeperking": null, "openingstijden": null, "latitude": 51.5998682, "longitude": 4.7196727, "bronId": "L045502"}}, {"type": "Feature", "geometry": {"type": "Point", "coordinates": [4.7191189, 51.5999103]}, "properties": {"type": "inleverpunt", "locatieNaam": "Jumbo", "straatNaam": "Markt", "straatNr": "14", "postcode": "4841 AC", "plaats": "PRINSENBEEK", "merk": "Stibat", "puntType": "inzamelbak", "materialen": ["batterijen"], "uitbetaling": [], "vrijToegankelijk": false, "gemeenteBeperking": null, "openingstijden": null, "latitude": 51.5999103, "longitude": 4.7191189, "bronId": "L034811"}}, {"type": "Feature", "geometry": {"type": "Point", "coordinates": [4.7919629, 51.5705689]}, "properties": {"type": "inleverpunt", "locatieNaam": "7310 Etos", "straatNaam": "Valkeniersplein", "straatNr": "17", "postcode": "4835 RA", "plaats": "BREDA", "merk": "Stibat", "puntType": "inzamelbak", "materialen": ["batterijen"], "uitbetaling": [], "vrijToegankelijk": false, "gemeenteBeperking": null, "openingstijden": null, "latitude": 51.5705689, "longitude": 4.7919629, "bronId": "L023440"}}, {"type": "Feature", "geometry": {"type": "Point", "coordinates": [4.7926049, 51.5698709]}, "properties": {"type": "inleverpunt", "locatieNaam": "HEMA Breda Valkeniersplein", "straatNaam": "Valkeniersplein", "straatNr": "14", "postcode": "4835 RB", "plaats": "Breda", "merk": "Stibat", "puntType": "inzamelbak", "materialen": ["batterijen"], "uitbetaling": [], "vrijToegankelijk": false, "gemeenteBeperking": null, "openingstijden": null, "latitude": 51.5698709, "longitude": 4.7926049, "bronId": "L046832"}}, {"type": "Feature", "geometry": {"type": "Point", "coordinates": [4.7923789, 51.5698034]}, "properties": {"type": "inleverpunt", "locatieNaam": "Kruidvat", "straatNaam": "Valkeniersplein", "straatNr": "8", "postcode": "4835 RB", "plaats": "BREDA", "merk": "Stibat", "puntType": "inzamelbak", "materialen": ["batterijen"], "uitbetaling": [], "vrijToegankelijk": false, "gemeenteBeperking": null, "openingstijden": null, "latitude": 51.5698034, "longitude": 4.7923789, "bronId": "L014987"}}, {"type": "Feature", "geometry": {"type": "Point", "coordinates": [4.7921745, 51.5697541]}, "properties": {"type": "inleverpunt", "locatieNaam": "The Read Shop Express", "straatNaam": "Valkeniersplein", "straatNr": "4", "postcode": "4835 RB", "plaats": "BREDA", "merk": "Stibat", "puntType": "inzamelbak", "materialen": ["batterijen"], "uitbetaling": [], "vrijToegankelijk": false, "gemeenteBeperking": null, "openingstijden": null, "latitude": 51.5697541, "longitude": 4.7921745, "bronId": "L029820"}}, {"type": "Feature", "geometry": {"type": "Point", "coordinates": [4.791347, 51.5699848]}, "properties": {"type": "inleverpunt", "locatieNaam": "1045 Albert Heijn", "straatNaam": "Valkeniersplein", "straatNr": "2b", "postcode": "4835 RB", "plaats": "BREDA", "merk": "Stibat", "puntType": "inzamelbak", "materialen": ["batterijen"], "uitbetaling": [], "vrijToegankelijk": false, "gemeenteBeperking": null, "openingstijden": null, "latitude": 51.5699848, "longitude": 4.791347, "bronId": "L007789"}}, {"type": "Feature", "geometry": {"type": "Point", "coordinates": [4.7175809, 51.5994366]}, "properties": {"type": "inleverpunt", "locatieNaam": "Kruidvat", "straatNaam": "Groenstraat", "straatNr": "16 d", "postcode": "4841 BD", "plaats": "PRINSENBEEK", "merk": "Stibat", "puntType": "inzamelbak", "materialen": ["batterijen"], "uitbetaling": [], "vrijToegankelijk": false, "gemeenteBeperking": null, "openingstijden": null, "latitude": 51.5994366, "longitude": 4.7175809, "bronId": "L016123"}}, {"type": "Feature", "geometry": {"type": "Point", "coordinates": [4.7175798, 51.5992184]}, "properties": {"type": "inleverpunt", "locatieNaam": "Elektro World", "straatNaam": "Groenstraat", "straatNr": "7-A", "postcode": "4841 BA", "plaats": "PRINSENBEEK", "merk": "Stibat", "puntType": "inzamelbak", "materialen": ["batterijen"], "uitbetaling": [], "vrijToegankelijk": false, "gemeenteBeperking": null, "openingstijden": null, "latitude": 51.5992184, "longitude": 4.7175798, "bronId": "L016283"}}, {"type": "Feature", "geometry": {"type": "Point", "coordinates": [4.7173848, 51.5992713]}, "properties": {"type": "inleverpunt", "locatieNaam": "In the Mood", "straatNaam": "Groenstraat", "straatNr": "8A", "postcode": "4841 BD", "plaats": "PRINSENBEEK", "merk": "Stibat", "puntType": "inzamelbak", "materialen": ["batterijen"], "uitbetaling": [], "vrijToegankelijk": false, "gemeenteBeperking": null, "openingstijden": null, "latitude": 51.5992713, "longitude": 4.7173848, "bronId": "L031246"}}, {"type": "Feature", "geometry": {"type": "Point", "coordinates": [4.7193963, 51.5983614]}, "properties": {"type": "inleverpunt", "locatieNaam": "Total", "straatNaam": "Haverdijk", "straatNr": "39", "postcode": "4841 AP", "plaats": "PRINSENBEEK", "merk": "Stibat", "puntType": "inzamelbak", "materialen": ["batterijen"], "uitbetaling": [], "vrijToegankelijk": false, "gemeenteBeperking": null, "openingstijden": null, "latitude": 51.5983614, "longitude": 4.7193963, "bronId": "L021660"}}, {"type": "Feature", "geometry": {"type": "Point", "coordinates": [4.7162017, 51.5995547]}, "properties": {"type": "inleverpunt", "locatieNaam": "Mario Boere Tweewielers", "straatNaam": "Schoolstraat", "straatNr": "13", "postcode": "4841 XC", "plaats": "PRINSENBEEK", "merk": "Stibat", "puntType": "inzamelbak", "materialen": ["batterijen"], "uitbetaling": [], "vrijToegankelijk": false, "gemeenteBeperking": null, "openingstijden": null, "latitude": 51.5995547, "longitude": 4.7162017, "bronId": "L033437"}}, {"type": "Feature", "geometry": {"type": "Point", "coordinates": [4.7520558, 51.584195]}, "properties": {"type": "inleverpunt", "locatieNaam": "Dijk Fietsplus", "straatNaam": "Tuinzigtlaan", "straatNr": "22", "postcode": "4814 JE", "plaats": "BREDA", "merk": "Stibat", "puntType": "inzamelbak", "materialen": ["batterijen"], "uitbetaling": [], "vrijToegankelijk": false, "gemeenteBeperking": null, "openingstijden": null, "latitude": 51.584195, "longitude": 4.7520558, "bronId": "L033431"}}, {"type": "Feature", "geometry": {"type": "Point", "coordinates": [4.7027376, 51.6052461]}, "properties": {"type": "inleverpunt", "locatieNaam": "Fastfix ICT Support", "straatNaam": "de Lind", "straatNr": "6", "postcode": "4841 KC", "plaats": "PRINSENBEEK", "merk": "Stibat", "puntType": "inzamelbak", "materialen": ["batterijen"], "uitbetaling": [], "vrijToegankelijk": false, "gemeenteBeperking": null, "openingstijden": null, "latitude": 51.6052461, "longitude": 4.7027376, "bronId": "L030124"}}, {"type": "Feature", "geometry": {"type": "Point", "coordinates": [4.7169695, 51.5987873]}, "properties": {"type": "inleverpunt", "locatieNaam": "Toys2Play", "straatNaam": "Groenstraat", "straatNr": "15", "postcode": "4841 BA", "plaats": "PRINSENBEEK", "merk": "Stibat", "puntType": "inzamelbak", "materialen": ["batterijen"], "uitbetaling": [], "vrijToegankelijk": false, "gemeenteBeperking": null, "openingstijden": null, "latitude": 51.5987873, "longitude": 4.7169695, "bronId": "L022716"}}, {"type": "Feature", "geometry": {"type": "Point", "coordinates": [4.7622826, 51.5795016]}, "properties": {"type": "inleverpunt", "locatieNaam": "Lidl", "straatNaam": "Dr. Struyckenplein", "straatNr": "2", "postcode": "4812 TA", "plaats": "BREDA", "merk": "Stibat", "puntType": "inzamelbak", "materialen": ["batterijen"], "uitbetaling": [], "vrijToegankelijk": false, "gemeenteBeperking": null, "openingstijden": null, "latitude": 51.5795016, "longitude": 4.7622826, "bronId": "L034466"}}, {"type": "Feature", "geometry": {"type": "Point", "coordinates": [4.7164776, 51.5984712]}, "properties": {"type": "inleverpunt", "locatieNaam": "Lidl", "straatNaam": "Groenstraat", "straatNr": "25", "postcode": "4841 BA", "plaats": "Prinsenbeek", "merk": "Stibat", "puntType": "inzamelbak", "materialen": ["batterijen"], "uitbetaling": [], "vrijToegankelijk": false, "gemeenteBeperking": null, "openingstijden": null, "latitude": 51.5984712, "longitude": 4.7164776, "bronId": "L017954"}}, {"type": "Feature", "geometry": {"type": "Point", "coordinates": [4.7692852, 51.5765822]}, "properties": {"type": "inleverpunt", "locatieNaam": "OK", "straatNaam": "Graaf Hendrik III Laan", "straatNr": "56", "postcode": "4819 CH", "plaats": "BREDA", "merk": "Stibat", "puntType": "inzamelbak", "materialen": ["batterijen"], "uitbetaling": [], "vrijToegankelijk": false, "gemeenteBeperking": null, "openingstijden": null, "latitude": 51.5765822, "longitude": 4.7692852, "bronId": "L043176"}}, {"type": "Feature", "geometry": {"type": "Point", "coordinates": [4.7969501, 51.5662704]}, "properties": {"type": "inleverpunt", "locatieNaam": "Lidl", "straatNaam": "Jorisstraat", "straatNr": "28", "postcode": "4834 VD", "plaats": "BREDA", "merk": "Stibat", "puntType": "inzamelbak", "materialen": ["batterijen"], "uitbetaling": [], "vrijToegankelijk": false, "gemeenteBeperking": null, "openingstijden": null, "latitude": 51.5662704, "longitude": 4.7969501, "bronId": "L029874"}}, {"type": "Feature", "geometry": {"type": "Point", "coordinates": [4.7946023, 51.5657057]}, "properties": {"type": "inleverpunt", "locatieNaam": "Aldi", "straatNaam": "Allerheiligenweg", "straatNr": "85", "postcode": "4834 TN", "plaats": "Breda", "merk": "Stibat", "puntType": "inzamelbak", "materialen": ["batterijen"], "uitbetaling": [], "vrijToegankelijk": false, "gemeenteBeperking": null, "openingstijden": null, "latitude": 51.5657057, "longitude": 4.7946023, "bronId": "L041304"}}, {"type": "Feature", "geometry": {"type": "Point", "coordinates": [4.7564192, 51.5771214]}, "properties": {"type": "inleverpunt", "locatieNaam": "Primera", "straatNaam": "Dr. Struyckenplein", "straatNr": "3", "postcode": "4812 TA", "plaats": "BREDA", "merk": "Stibat", "puntType": "inzamelbak", "materialen": ["batterijen"], "uitbetaling": [], "vrijToegankelijk": false, "gemeenteBeperking": null, "openingstijden": null, "latitude": 51.5771214, "longitude": 4.7564192, "bronId": "L024460"}}, {"type": "Feature", "geometry": {"type": "Point", "coordinates": [4.7565166, 51.5770706]}, "properties": {"type": "inleverpunt", "locatieNaam": "Kruidvat", "straatNaam": "Rijpstraat", "straatNr": "6", "postcode": "4812 TC", "plaats": "BREDA", "merk": "Stibat", "puntType": "inzamelbak", "materialen": ["batterijen"], "uitbetaling": [], "vrijToegankelijk": false, "gemeenteBeperking": null, "openingstijden": null, "latitude": 51.5770706, "longitude": 4.7565166, "bronId": "L034370"}}, {"type": "Feature", "geometry": {"type": "Point", "coordinates": [4.7572028, 51.576584]}, "properties": {"type": "inleverpunt", "locatieNaam": "Zeeman", "straatNaam": "Rijpstraat", "straatNr": "48", "postcode": "4812 TC", "plaats": "BREDA", "merk": "Stibat", "puntType": "inzamelbak", "materialen": ["batterijen"], "uitbetaling": [], "vrijToegankelijk": false, "gemeenteBeperking": null, "openingstijden": null, "latitude": 51.576584, "longitude": 4.7572028, "bronId": "L038209"}}, {"type": "Feature", "geometry": {"type": "Point", "coordinates": [4.7560069, 51.5768196]}, "properties": {"type": "inleverpunt", "locatieNaam": "Jumbo", "straatNaam": "Dr. Struyckenplein", "straatNr": "60", "postcode": "4812 TA", "plaats": "BREDA", "merk": "Stibat", "puntType": "inzamelbak", "materialen": ["batterijen"], "uitbetaling": [], "vrijToegankelijk": false, "gemeenteBeperking": null, "openingstijden": null, "latitude": 51.5768196, "longitude": 4.7560069, "bronId": "L014094"}}, {"type": "Feature", "geometry": {"type": "Point", "coordinates": [4.7722343, 51.5704671]}, "properties": {"type": "inleverpunt", "locatieNaam": "Woonzorgcentrum Ruitersbos (met winkel)", "straatNaam": "Boeimeerweg", "straatNr": "2", "postcode": "4837 AM", "plaats": "BREDA", "merk": "Stibat", "puntType": "inzamelbak", "materialen": ["batterijen"], "uitbetaling": [], "vrijToegankelijk": false, "gemeenteBeperking": null, "openingstijden": null, "latitude": 51.5704671, "longitude": 4.7722343, "bronId": "L026568"}}, {"type": "Feature", "geometry": {"type": "Point", "coordinates": [4.7325585, 51.5849102]}, "properties": {"type": "inleverpunt", "locatieNaam": "Sligro", "straatNaam": "Iabc", "straatNr": "5252", "postcode": "4814 RD", "plaats": "BREDA", "merk": "Stibat", "puntType": "inzamelbak", "materialen": ["batterijen"], "uitbetaling": [], "vrijToegankelijk": false, "gemeenteBeperking": null, "openingstijden": null, "latitude": 51.5849102, "longitude": 4.7325585, "bronId": "L026524"}}, {"type": "Feature", "geometry": {"type": "Point", "coordinates": [4.7360629, 51.5825982]}, "properties": {"type": "inleverpunt", "locatieNaam": "Overvecht", "straatNaam": "Heilaarstraat", "straatNr": "175", "postcode": "4814 NX", "plaats": "BREDA", "merk": "Stibat", "puntType": "inzamelbak", "materialen": ["batterijen"], "uitbetaling": [], "vrijToegankelijk": false, "gemeenteBeperking": null, "openingstijden": null, "latitude": 51.5825982, "longitude": 4.7360629, "bronId": "L022643"}}, {"type": "Feature", "geometry": {"type": "Point", "coordinates": [4.7343809, 51.5816929]}, "properties": {"type": "inleverpunt", "locatieNaam": "MediaMarkt", "straatNaam": "Kruisvoort", "straatNr": "14", "postcode": "4814 RZ", "plaats": "BREDA", "merk": "Stibat", "puntType": "inzamelbak", "materialen": ["batterijen"], "uitbetaling": [], "vrijToegankelijk": false, "gemeenteBeperking": null, "openingstijden": null, "latitude": 51.5816929, "longitude": 4.7343809, "bronId": "L019608"}}, {"type": "Feature", "geometry": {"type": "Point", "coordinates": [4.7325546, 51.5823045]}, "properties": {"type": "inleverpunt", "locatieNaam": "Kwantum", "straatNaam": "Kruisvoort", "straatNr": "40", "postcode": "4814 RZ", "plaats": "BREDA", "merk": "Stibat", "puntType": "inzamelbak", "materialen": ["batterijen"], "uitbetaling": [], "vrijToegankelijk": false, "gemeenteBeperking": null, "openingstijden": null, "latitude": 51.5823045, "longitude": 4.7325546, "bronId": "L017805"}}, {"type": "Feature", "geometry": {"type": "Point", "coordinates": [4.7341198, 51.5815679]}, "properties": {"type": "inleverpunt", "locatieNaam": "KPN XL winkel", "straatNaam": "Kruisvoort", "straatNr": "18", "postcode": "4814 RZ", "plaats": "BREDA", "merk": "Stibat", "puntType": "inzamelbak", "materialen": ["batterijen"], "uitbetaling": [], "vrijToegankelijk": false, "gemeenteBeperking": null, "openingstijden": null, "latitude": 51.5815679, "longitude": 4.7341198, "bronId": "L035093"}}, {"type": "Feature", "geometry": {"type": "Point", "coordinates": [4.7388807, 51.5785562]}, "properties": {"type": "inleverpunt", "locatieNaam": "Jumbo", "straatNaam": "Pastoor van Spaandonkstraat", "straatNr": "60", "postcode": "4813 BS", "plaats": "BREDA", "merk": "Stibat", "puntType": "inzamelbak", "materialen": ["batterijen"], "uitbetaling": [], "vrijToegankelijk": false, "gemeenteBeperking": null, "openingstijden": null, "latitude": 51.5785562, "longitude": 4.7388807, "bronId": "L035522"}}, {"type": "Feature", "geometry": {"type": "Point", "coordinates": [4.7392377, 51.578259]}, "properties": {"type": "inleverpunt", "locatieNaam": "1387 Albert Heijn", "straatNaam": "Pastoor van Spaandonkstraat", "straatNr": "48", "postcode": "4813 BS", "plaats": "BREDA", "merk": "Stibat", "puntType": "inzamelbak", "materialen": ["batterijen"], "uitbetaling": [], "vrijToegankelijk": false, "gemeenteBeperking": null, "openingstijden": null, "latitude": 51.578259, "longitude": 4.7392377, "bronId": "L013362"}}, {"type": "Feature", "geometry": {"type": "Point", "coordinates": [4.7389898, 51.5779905]}, "properties": {"type": "inleverpunt", "locatieNaam": "7970 Etos", "straatNaam": "P.v.Spaandonk", "straatNr": "42", "postcode": "4813 BS", "plaats": "BREDA", "merk": "Stibat", "puntType": "inzamelbak", "materialen": ["batterijen"], "uitbetaling": [], "vrijToegankelijk": false, "gemeenteBeperking": null, "openingstijden": null, "latitude": 51.5779905, "longitude": 4.7389898, "bronId": "L026935"}}, {"type": "Feature", "geometry": {"type": "Point", "coordinates": [4.731995, 51.580772]}, "properties": {"type": "inleverpunt", "locatieNaam": "Prenatal BREDA", "straatNaam": "Kruisvoort", "straatNr": "64b", "postcode": "4814 RZ", "plaats": "BREDA", "merk": "Stibat", "puntType": "inzamelbak", "materialen": ["batterijen"], "uitbetaling": [], "vrijToegankelijk": false, "gemeenteBeperking": null, "openingstijden": null, "latitude": 51.580772, "longitude": 4.731995, "bronId": "L039618"}}, {"type": "Feature", "geometry": {"type": "Point", "coordinates": [4.7187862, 51.5862454]}, "properties": {"type": "inleverpunt", "locatieNaam": "Lagarde Techniek - Tuinmachines &amp; Gereedschappen", "straatNaam": "Leursebaan", "straatNr": "269", "postcode": "4839 AM", "plaats": "BREDA", "merk": "Stibat", "puntType": "inzamelbak", "materialen": ["batterijen"], "uitbetaling": [], "vrijToegankelijk": false, "gemeenteBeperking": null, "openingstijden": null, "latitude": 51.5862454, "longitude": 4.7187862, "bronId": "L047099"}}, {"type": "Feature", "geometry": {"type": "Point", "coordinates": [4.7322852, 51.5805172]}, "properties": {"type": "inleverpunt", "locatieNaam": "Coolblue", "straatNaam": "Kruisvoort", "straatNr": "64", "postcode": "4814 RZ", "plaats": "BREDA", "merk": "Stibat", "puntType": "inzamelbak", "materialen": ["batterijen"], "uitbetaling": [], "vrijToegankelijk": false, "gemeenteBeperking": null, "openingstijden": null, "latitude": 51.5805172, "longitude": 4.7322852, "bronId": "L047611"}}, {"type": "Feature", "geometry": {"type": "Point", "coordinates": [4.7300577, 51.5810762]}, "properties": {"type": "inleverpunt", "locatieNaam": "Leen Bakker", "straatNaam": "Kruisvoort", "straatNr": "90", "postcode": "4814 RZ", "plaats": "BREDA", "merk": "Stibat", "puntType": "inzamelbak", "materialen": ["batterijen"], "uitbetaling": [], "vrijToegankelijk": false, "gemeenteBeperking": null, "openingstijden": null, "latitude": 51.5810762, "longitude": 4.7300577, "bronId": "L017229"}}, {"type": "Feature", "geometry": {"type": "Point", "coordinates": [4.738827, 51.5774448]}, "properties": {"type": "inleverpunt", "locatieNaam": "HEMA Breda Princenhage", "straatNaam": "Haagsemarkt", "straatNr": "12", "postcode": "4813 BA", "plaats": "Breda", "merk": "Stibat", "puntType": "inzamelbak", "materialen": ["batterijen"], "uitbetaling": [], "vrijToegankelijk": false, "gemeenteBeperking": null, "openingstijden": null, "latitude": 51.5774448, "longitude": 4.738827, "bronId": "L046869"}}, {"type": "Feature", "geometry": {"type": "Point", "coordinates": [4.7312018, 51.5803992]}, "properties": {"type": "inleverpunt", "locatieNaam": "De Haan", "straatNaam": "Kruisweide", "straatNr": "2", "postcode": "4814 RW", "plaats": "Breda", "merk": "Stibat", "puntType": "inzamelbak", "materialen": ["batterijen"], "uitbetaling": [], "vrijToegankelijk": false, "gemeenteBeperking": null, "openingstijden": null, "latitude": 51.5803992, "longitude": 4.7312018, "bronId": "L044748"}}, {"type": "Feature", "geometry": {"type": "Point", "coordinates": [4.7291274, 51.5803136]}, "properties": {"type": "inleverpunt", "locatieNaam": "Ikea", "straatNaam": "Kruisweide", "straatNr": "1", "postcode": "4814 RW", "plaats": "BREDA", "merk": "Stibat", "puntType": "inzamelbak", "materialen": ["batterijen"], "uitbetaling": [], "vrijToegankelijk": false, "gemeenteBeperking": null, "openingstijden": null, "latitude": 51.5803136, "longitude": 4.7291274, "bronId": "L025690"}}, {"type": "Feature", "geometry": {"type": "Point", "coordinates": [4.7413579, 51.5752466]}, "properties": {"type": "inleverpunt", "locatieNaam": "Boerenbond", "straatNaam": "Doelen", "straatNr": "37", "postcode": "4813 GP", "plaats": "BREDA", "merk": "Stibat", "puntType": "inzamelbak", "materialen": ["batterijen"], "uitbetaling": [], "vrijToegankelijk": false, "gemeenteBeperking": null, "openingstijden": null, "latitude": 51.5752466, "longitude": 4.7413579, "bronId": "L017884"}}, {"type": "Feature", "geometry": {"type": "Point", "coordinates": [4.7437329, 51.5733036]}, "properties": {"type": "inleverpunt", "locatieNaam": "Hubo", "straatNaam": "Heuvelplein", "straatNr": "273", "postcode": "4812 PE", "plaats": "BREDA", "merk": "Stibat", "puntType": "inzamelbak", "materialen": ["batterijen"], "uitbetaling": [], "vrijToegankelijk": false, "gemeenteBeperking": null, "openingstijden": null, "latitude": 51.5733036, "longitude": 4.7437329, "bronId": "L008956"}}, {"type": "Feature", "geometry": {"type": "Point", "coordinates": [4.7970615, 51.5522801]}, "properties": {"type": "inleverpunt", "locatieNaam": "Fietsen aan de Mark", "straatNaam": "Dorpstraat", "straatNr": "47", "postcode": "4851 CJ", "plaats": "ULVENHOUT", "merk": "Stibat", "puntType": "inzamelbak", "materialen": ["batterijen"], "uitbetaling": [], "vrijToegankelijk": false, "gemeenteBeperking": null, "openingstijden": null, "latitude": 51.5522801, "longitude": 4.7970615, "bronId": "L031300"}}, {"type": "Feature", "geometry": {"type": "Point", "coordinates": [4.7971898, 51.552165]}, "properties": {"type": "inleverpunt", "locatieNaam": "Marskramer", "straatNaam": "Dorpstraat", "straatNr": "47c", "postcode": "4851 CJ", "plaats": "Ulvenhout", "merk": "Stibat", "puntType": "inzamelbak", "materialen": ["batterijen"], "uitbetaling": [], "vrijToegankelijk": false, "gemeenteBeperking": null, "openingstijden": null, "latitude": 51.552165, "longitude": 4.7971898, "bronId": "L016797"}}, {"type": "Feature", "geometry": {"type": "Point", "coordinates": [4.796557, 51.551293]}, "properties": {"type": "inleverpunt", "locatieNaam": "PLUS", "straatNaam": "Dorpstraat", "straatNr": "48", "postcode": "4851 CM", "plaats": "ULVENHOUT", "merk": "Stibat", "puntType": "inzamelbak", "materialen": ["batterijen"], "uitbetaling": [], "vrijToegankelijk": false, "gemeenteBeperking": null, "openingstijden": null, "latitude": 51.551293, "longitude": 4.796557, "bronId": "L045262"}}, {"type": "Feature", "geometry": {"type": "Point", "coordinates": [4.7428663, 51.5711231]}, "properties": {"type": "inleverpunt", "locatieNaam": "Janus van Nispen Tweewielers", "straatNaam": "Mastbosstraat", "straatNr": "80", "postcode": "4813 GV", "plaats": "BREDA", "merk": "Stibat", "puntType": "inzamelbak", "materialen": ["batterijen"], "uitbetaling": [], "vrijToegankelijk": false, "gemeenteBeperking": null, "openingstijden": null, "latitude": 51.5711231, "longitude": 4.7428663, "bronId": "L033430"}}, {"type": "Feature", "geometry": {"type": "Point", "coordinates": [4.7979357, 51.5503884]}, "properties": {"type": "inleverpunt", "locatieNaam": "Kruidvat", "straatNaam": "Dorpstraat", "straatNr": "81a", "postcode": "4851 CL", "plaats": "ULVENHOUT", "merk": "Stibat", "puntType": "inzamelbak", "materialen": ["batterijen"], "uitbetaling": [], "vrijToegankelijk": false, "gemeenteBeperking": null, "openingstijden": null, "latitude": 51.5503884, "longitude": 4.7979357, "bronId": "L015281"}}, {"type": "Feature", "geometry": {"type": "Point", "coordinates": [4.7455511, 51.5678593]}, "properties": {"type": "inleverpunt", "locatieNaam": "Esso", "straatNaam": "Graaf Engelbertlaan", "straatNr": "200", "postcode": "4812 PX", "plaats": "BREDA", "merk": "Stibat", "puntType": "inzamelbak", "materialen": ["batterijen"], "uitbetaling": [], "vrijToegankelijk": false, "gemeenteBeperking": null, "openingstijden": null, "latitude": 51.5678593, "longitude": 4.7455511, "bronId": "L027008"}}, {"type": "Feature", "geometry": {"type": "Point", "coordinates": [4.7953727, 51.5423069]}, "properties": {"type": "inleverpunt", "locatieNaam": "Boerenbond", "straatNaam": "Molenstraat", "straatNr": "73", "postcode": "4851 SE", "plaats": "Ulvenhout", "merk": "Stibat", "puntType": "inzamelbak", "materialen": ["batterijen"], "uitbetaling": [], "vrijToegankelijk": false, "gemeenteBeperking": null, "openingstijden": null, "latitude": 51.5423069, "longitude": 4.7953727, "bronId": "L018315"}}, {"type": "Feature", "geometry": {"type": "Point", "coordinates": [4.7958873, 51.5417266]}, "properties": {"type": "inleverpunt", "locatieNaam": "Jumbo", "straatNaam": "Chaamseweg", "straatNr": "1", "postcode": "4851 SM", "plaats": "ULVENHOUT", "merk": "Stibat", "puntType": "inzamelbak", "materialen": ["batterijen"], "uitbetaling": [], "vrijToegankelijk": false, "gemeenteBeperking": null, "openingstijden": null, "latitude": 51.5417266, "longitude": 4.7958873, "bronId": "L008053"}}, {"type": "Feature", "geometry": {"type": "Point", "coordinates": [4.6959547, 51.5649434]}, "properties": {"type": "inleverpunt", "locatieNaam": "Camping Liesbos", "straatNaam": "Liesddreef", "straatNr": "40", "postcode": "4838 GV", "plaats": "BREDA", "merk": "Stibat", "puntType": "inzamelbak", "materialen": ["batterijen"], "uitbetaling": [], "vrijToegankelijk": false, "gemeenteBeperking": null, "openingstijden": null, "latitude": 51.5649434, "longitude": 4.6959547, "bronId": "L004625"}}, {"type": "Feature", "geometry": {"type": "Point", "coordinates": [4.7945, 51.588]}, "properties": {"type": "inleverpunt", "locatieNaam": "StatieDrive Breda Oost", "straatNaam": "Beverweg", "straatNr": "102", "postcode": "4817 LN", "plaats": "Breda", "merk": "StatieDrive", "puntType": "automaat", "materialen": ["pet-groot", "pet-klein", "blik", "krat"], "uitbetaling": ["bonnetje"], "vrijToegankelijk": true, "gemeenteBeperking": null, "openingstijden": null, "latitude": 51.588, "longitude": 4.7945, "bronId": "statiegeld-inleveren-breda-oost-business"}}, {"type": "Feature", "geometry": {"type": "Polygon", "coordinates": [[[4.733997001028296, 51.48554800358332], [4.746561001041194, 51.489505003585975], [4.746830001041523, 51.49070400358681], [4.749699001044598, 51.49436400358921], [4.7500030010449565, 51.49543100358989], [4.748944001043943, 51.49668500359078], [4.751225001046341, 51.49859600359203], [4.75270000104789, 51.49980800359283], [4.755260001050512, 51.50054200359334], [4.75836000105363, 51.500157003593074], [4.760023001055418, 51.50237300359456], [4.758213001053657, 51.503861003595595], [4.7534720010489515, 51.50579600359684], [4.750948001046557, 51.50910700359905], [4.74948100104522, 51.51228800360116], [4.746995001042855, 51.51547900360331], [4.748909001044954, 51.518961003605554], [4.7569880010531245, 51.51894100360556], [4.760185001056375, 51.519308003605815], [4.76480800106128, 51.52421400360909], [4.767315001063857, 51.52507600360966], [4.768633001065193, 51.52512900360971], [4.769174001065696, 51.524222003609104], [4.770273001066783, 51.52371200360876], [4.770219001066771, 51.52456100360932], [4.76931400106589, 51.52538200360986], [4.7700600010667396, 51.527357003611165], [4.774733001071515, 51.52839700361188], [4.774387001071171, 51.52857300361195], [4.777531001074398, 51.529557003612645], [4.777979001074842, 51.52940800361254], [4.782015001078981, 51.530594003613324], [4.781698001078677, 51.53095400361355], [4.794253001091555, 51.53489700361619], [4.7999020010972915, 51.53538100361653], [4.801326001098765, 51.536083003616994], [4.799329001096791, 51.537055003617596], [4.813811001111732, 51.54351500362192], [4.815024001112924, 51.54275000362137], [4.8163730011142745, 51.5424820036212], [4.814617001112568, 51.54394400362214], [4.821070001119217, 51.54664700362395], [4.82195900112008, 51.54584500362344], [4.822600001120729, 51.545862003623455], [4.822087001120253, 51.54683200362409], [4.823689001121904, 51.5475010036245], [4.824300001122503, 51.54708100362423], [4.823997001122223, 51.547626003624615], [4.830770001129197, 51.550352003626415], [4.832862001131303, 51.55013500362626], [4.832904001131317, 51.5495800036259], [4.837397001135859, 51.54951300362585], [4.83799700113651, 51.55049500362647], [4.839435001138013, 51.551621003627226], [4.839780001138435, 51.55318600362825], [4.84370300114245, 51.554236003628965], [4.853671001152599, 51.55576100362996], [4.8539910011529335, 51.55603200363014], [4.8562500011551775, 51.555102003629514], [4.85821400115723, 51.556569003630536], [4.862985001162087, 51.557270003630926], [4.862910001162046, 51.55805600363147], [4.864151001163361, 51.55940300363235], [4.86731100116653, 51.55886500363198], [4.867485001166736, 51.55946200363238], [4.868278001167556, 51.559926003632675], [4.8690180011684, 51.56196100363403], [4.867457001166952, 51.56481000363592], [4.86900500116853, 51.565148003636146], [4.868451001168049, 51.566868003637296], [4.869649001169249, 51.56664100363711], [4.871685001171329, 51.56711000363742], [4.870085001169881, 51.57081900363988], [4.869823001169611, 51.5706760036398], [4.866085001165877, 51.571709003640485], [4.8652950011651015, 51.5721940036408], [4.865327001165163, 51.57286000364124], [4.866766001166702, 51.57468200364242], [4.865380001165298, 51.57456800364238], [4.864239001164351, 51.57908900364536], [4.8625430011626465, 51.579333003645516], [4.854398001154416, 51.579370003645565], [4.84896900114903, 51.58152900364702], [4.845118001145242, 51.58381300364849], [4.843921001144105, 51.58541500364957], [4.842622001142813, 51.58582900364984], [4.8419530011424, 51.59154400365362], [4.84263000114308, 51.59147200365357], [4.841747001142336, 51.594648003655685], [4.842021001142676, 51.59602700365657], [4.840743001141404, 51.59648500365688], [4.834073001134708, 51.597412003657496], [4.835986001136713, 51.59896100365851], [4.835717001136458, 51.59929300365875], [4.8398030011406945, 51.601681003660296], [4.83989200114082, 51.60245700366078], [4.841411001142399, 51.60336300366143], [4.843552001144584, 51.60387600366172], [4.840789001141936, 51.6069800036638], [4.840459001141647, 51.607963003664466], [4.8390790011402975, 51.60893400366506], [4.840311001141707, 51.612475003667406], [4.841605001143099, 51.61424700366856], [4.8426830011443105, 51.61698600367029], [4.839102001140805, 51.61940100367198], [4.82803800112987, 51.62457800367535], [4.826036001127959, 51.62698400367694], [4.8239670011259, 51.627685003677406], [4.821867001123764, 51.62727400367713], [4.8209160011229315, 51.630071003678964], [4.818867001120922, 51.63139600367983], [4.811487001113541, 51.63294400368088], [4.8093230011113635, 51.63302200368094], [4.806970001108963, 51.63260700368065], [4.804118001106109, 51.633158003681], [4.800641001102596, 51.63308600368099], [4.797042001098976, 51.63345500368123], [4.789688001091603, 51.634568003681984], [4.788156001090038, 51.63423900368172], [4.788291001090204, 51.63480400368213], [4.789329001091291, 51.635665003682675], [4.789024001091014, 51.636294003683105], [4.787506001089515, 51.637048003683596], [4.768168001069601, 51.62886600367821], [4.767726001069179, 51.629414003678576], [4.767427001068859, 51.62904500367828], [4.765686001067106, 51.62914000367841], [4.764230001065844, 51.63354300368128], [4.762081001063764, 51.635456003682535], [4.759988001061707, 51.636643003683304], [4.756422001058163, 51.637841003684116], [4.748227001049953, 51.639181003685], [4.740050001041853, 51.64247900368713], [4.736911001038711, 51.643065003687504], [4.733928001035704, 51.64319800368759], [4.73138900103313, 51.64299400368746], [4.703695001004938, 51.63815800368428], [4.6960350009972, 51.638035003684166], [4.692023000993125, 51.637592003683885], [4.6888050009898325, 51.63666300368327], [4.682754000983576, 51.633636003681275], [4.678513000979243, 51.632594003680545], [4.675213000975902, 51.63239900368044], [4.672257000972928, 51.63262300368058], [4.665072000965755, 51.63431900368165], [4.664457000965074, 51.63306600368083], [4.664753000965269, 51.63094000367945], [4.663021000963516, 51.630850003679384], [4.664818000965216, 51.628481003677805], [4.663560000963793, 51.62535900367577], [4.660920000961015, 51.62303800367424], [4.660109000960105, 51.62117600367305], [4.658011000957954, 51.620503003672596], [4.657981000957886, 51.61968200367206], [4.658797000958556, 51.616521003669995], [4.658594000958311, 51.61575800366945], [4.659263000958939, 51.614790003668816], [4.659580000959178, 51.613096003667714], [4.660300000959873, 51.61242700366728], [4.661371000960941, 51.61212300366707], [4.661434000960933, 51.61072400366613], [4.660814000960272, 51.60994200366568], [4.661634000961099, 51.6098960036656], [4.664330000963763, 51.60872400366487], [4.664677000964025, 51.6068620036636], [4.6638720009630745, 51.604069003661806], [4.675561000974872, 51.60385400366169], [4.674882000974007, 51.600192003659274], [4.678668000977808, 51.59971100365893], [4.678955000978079, 51.5993080036587], [4.682106000981244, 51.59889300365841], [4.6867450009852885, 51.585625003649675], [4.6863430009848726, 51.58542800364955], [4.686843000985285, 51.5834850036483], [4.6888510009872, 51.58110600364672], [4.690849000988885, 51.57414100364213], [4.691353000989384, 51.573984003642], [4.692468000990333, 51.57026500363955], [4.693716000991485, 51.567952003638034], [4.6929920009906, 51.5647600036359], [4.694616000991864, 51.556867003630686], [4.694187000990856, 51.54484800362275], [4.7039970010010075, 51.54979900362603], [4.728417001025081, 51.5368780036175], [4.722490001019007, 51.53515800361635], [4.725100001021536, 51.532900003614834], [4.726523001023011, 51.53364100361536], [4.7282390010247495, 51.533695003615385], [4.72903200102558, 51.53431200361581], [4.728864001025436, 51.53484200361615], [4.729424001025992, 51.53466600361601], [4.730013001026615, 51.53519300361637], [4.730147001026805, 51.53640600361718], [4.73071100102738, 51.53645100361721], [4.732888001029558, 51.53597600361688], [4.733350001029991, 51.53524500361642], [4.734452001031082, 51.53477200361612], [4.735834001032423, 51.5335830036153], [4.7387990010353604, 51.53226700361445], [4.739045001035596, 51.532030003614246], [4.738050001034556, 51.53133300361379], [4.738289001034787, 51.53108600361363], [4.74006900103665, 51.53236200361447], [4.74146400103808, 51.53285800361483], [4.741737001038262, 51.53080900361346], [4.740347001036771, 51.52904300361231], [4.740119001036486, 51.52785800361153], [4.741134001037438, 51.52631500361049], [4.743235001039521, 51.5253940036099], [4.743868001039872, 51.519285003605816], [4.742112001038088, 51.519124003605704], [4.7398630010357845, 51.51843400360524], [4.739996001035906, 51.518244003605126], [4.7424350010384, 51.518776003605474], [4.743984001039966, 51.518761003605455], [4.743556001039182, 51.51135000360051], [4.742158001037499, 51.50563100359672], [4.738147001033453, 51.50579300359683], [4.738120001033411, 51.505522003596646], [4.7415590010368724, 51.50519900359641], [4.73755200103234, 51.49504200358964], [4.736388001031038, 51.49240900358791], [4.73567400103029, 51.49184000358752], [4.733997001028296, 51.48554800358332]]]}, "properties": {"type": "boundary", "gemeente": "Breda"}}]}