{"type": "FeatureCollection", "metadata": {"gemeente": "Dordrecht", "slug": "dordrecht", "generated_at": "2026-07-28T19:03:25.026558Z", "total_points": 192, "merken": ["StatiegeldNederland", "Stibat", "StichtingOPEN"], "bounds": [4.6314168, 51.735129, 4.7263501, 51.8195454]}, "features": [{"type": "Feature", "geometry": {"type": "Point", "coordinates": [4.666853, 51.8124297]}, "properties": {"type": "inleverpunt", "locatieNaam": "Albert Heijn", "straatNaam": "Achterom", "straatNr": "42", "postcode": "3311 KC", "plaats": "Dordrecht", "merk": "StatiegeldNederland", "puntType": "automaat", "materialen": ["pet-groot", "pet-klein", "blik", "glas", "krat"], "uitbetaling": ["bonnetje", "donatie"], "vrijToegankelijk": true, "gemeenteBeperking": null, "openingstijden": {"ma": "08:00–21:00", "di": "08:00–21:00", "wo": "08:00–21:00", "do": "08:00–21:00", "vr": "08:00–21:00", "za": "08:00–21:00", "zo": "12:00–18:00"}, "latitude": 51.8124297, "longitude": 4.666853, "bronId": "251964"}}, {"type": "Feature", "geometry": {"type": "Point", "coordinates": [4.653718, 51.7909793]}, "properties": {"type": "inleverpunt", "locatieNaam": "Albert Heijn", "straatNaam": "Admiraalsplein", "straatNr": "162-165", "postcode": "3317 BC", "plaats": "Dordrecht", "merk": "StatiegeldNederland", "puntType": "automaat", "materialen": ["pet-groot", "pet-klein", "blik", "glas", "krat"], "uitbetaling": ["bonnetje", "donatie"], "vrijToegankelijk": true, "gemeenteBeperking": null, "openingstijden": {"ma": "08:00–21:00", "di": "08:00–21:00", "wo": "08:00–21:00", "do": "08:00–21:00", "vr": "08:00–21:00", "za": "08:00–21:00", "zo": "12:00–18:00"}, "latitude": 51.7909793, "longitude": 4.653718, "bronId": "251966"}}, {"type": "Feature", "geometry": {"type": "Point", "coordinates": [4.6551276, 51.8102928]}, "properties": {"type": "inleverpunt", "locatieNaam": "Albert Heijn", "straatNaam": "Korte Parallelweg", "straatNr": "165", "postcode": "3311 JG", "plaats": "Dordrecht", "merk": "StatiegeldNederland", "puntType": "automaat", "materialen": ["pet-groot", "pet-klein", "blik", "glas", "krat"], "uitbetaling": ["bonnetje", "donatie"], "vrijToegankelijk": true, "gemeenteBeperking": null, "openingstijden": {"ma": "08:00–22:00", "di": "08:00–22:00", "wo": "08:00–22:00", "do": "08:00–22:00", "vr": "08:00–22:00", "za": "07:00–22:00", "zo": "12:00–18:00"}, "latitude": 51.8102928, "longitude": 4.6551276, "bronId": "252431"}}, {"type": "Feature", "geometry": {"type": "Point", "coordinates": [4.6752515, 51.7744248]}, "properties": {"type": "inleverpunt", "locatieNaam": "Albert Heijn", "straatNaam": "Slangenburg", "straatNr": "5", "postcode": "3328 DN", "plaats": "Dordrecht", "merk": "StatiegeldNederland", "puntType": "automaat", "materialen": ["pet-groot", "pet-klein", "blik", "glas", "krat"], "uitbetaling": ["bonnetje", "donatie"], "vrijToegankelijk": true, "gemeenteBeperking": null, "openingstijden": {"ma": "08:00–21:00", "di": "08:00–21:00", "wo": "08:00–21:00", "do": "08:00–21:00", "vr": "08:00–21:00", "za": "08:00–21:00", "zo": "12:00–18:00"}, "latitude": 51.7744248, "longitude": 4.6752515, "bronId": "252736"}}, {"type": "Feature", "geometry": {"type": "Point", "coordinates": [4.7175524, 51.8036176]}, "properties": {"type": "inleverpunt", "locatieNaam": "Albert Heijn", "straatNaam": "Van Eesterenplein", "straatNr": "99", "postcode": "3315 KT", "plaats": "Dordrecht", "merk": "StatiegeldNederland", "puntType": "automaat", "materialen": ["pet-groot", "pet-klein", "blik", "glas", "krat"], "uitbetaling": ["bonnetje", "donatie"], "vrijToegankelijk": true, "gemeenteBeperking": null, "openingstijden": {"ma": "08:00–22:00", "di": "08:00–22:00", "wo": "08:00–22:00", "do": "08:00–22:00", "vr": "08:00–22:00", "za": "08:00–22:00", "zo": "12:00–18:00"}, "latitude": 51.8036176, "longitude": 4.7175524, "bronId": "252838"}}, {"type": "Feature", "geometry": {"type": "Point", "coordinates": [4.6827778, 51.7916667]}, "properties": {"type": "inleverpunt", "locatieNaam": "Albert Schweitzer Ziekenhuis", "straatNaam": "Albert Schweitzerplaats", "straatNr": "25", "postcode": "3318 AT", "plaats": "Dordrecht", "merk": "StatiegeldNederland", "puntType": "automaat", "materialen": ["pet-groot", "pet-klein", "blik"], "uitbetaling": [], "vrijToegankelijk": true, "gemeenteBeperking": null, "openingstijden": {"ma": "24 uur geopend", "di": "24 uur geopend", "wo": "24 uur geopend", "do": "24 uur geopend", "vr": "24 uur geopend", "za": "24 uur geopend", "zo": "24 uur geopend"}, "latitude": 51.7916667, "longitude": 4.6827778, "bronId": "252981"}}, {"type": "Feature", "geometry": {"type": "Point", "coordinates": [4.6749378, 51.8059478]}, "properties": {"type": "inleverpunt", "locatieNaam": "Aldi", "straatNaam": "Dubbeldamseweg Zuid", "straatNr": "72", "postcode": "3314 JA", "plaats": "Dordrecht", "merk": "StatiegeldNederland", "puntType": "automaat", "materialen": ["pet-groot", "pet-klein", "blik", "glas", "krat"], "uitbetaling": ["bonnetje"], "vrijToegankelijk": true, "gemeenteBeperking": null, "openingstijden": {"ma": "08:00–20:00", "di": "08:00–20:00", "wo": "08:00–20:00", "do": "08:00–20:00", "vr": "08:00–20:00", "za": "08:00–20:00", "zo": "12:00–18:00"}, "latitude": 51.8059478, "longitude": 4.6749378, "bronId": "253092"}}, {"type": "Feature", "geometry": {"type": "Point", "coordinates": [4.6965803, 51.8194553]}, "properties": {"type": "inleverpunt", "locatieNaam": "Aldi", "straatNaam": "Merwedestraat", "straatNr": "50", "postcode": "3313 CS", "plaats": "Dordrecht", "merk": "StatiegeldNederland", "puntType": "automaat", "materialen": ["pet-groot", "pet-klein", "blik", "glas", "krat"], "uitbetaling": ["bonnetje"], "vrijToegankelijk": true, "gemeenteBeperking": null, "openingstijden": {"ma": "08:00–20:00", "di": "08:00–20:00", "wo": "08:00–20:00", "do": "08:00–20:00", "vr": "08:00–20:00", "za": "08:00–20:00", "zo": "12:00–18:00"}, "latitude": 51.8194553, "longitude": 4.6965803, "bronId": "253258"}}, {"type": "Feature", "geometry": {"type": "Point", "coordinates": [4.715843, 51.8032312]}, "properties": {"type": "inleverpunt", "locatieNaam": "Aldi", "straatNaam": "Van Eesterenplein", "straatNr": "183", "postcode": "3315 KW", "plaats": "Dordrecht", "merk": "StatiegeldNederland", "puntType": "automaat", "materialen": ["pet-groot", "pet-klein", "blik", "glas", "krat"], "uitbetaling": ["bonnetje"], "vrijToegankelijk": true, "gemeenteBeperking": null, "openingstijden": {"ma": "09:00–18:00", "di": "09:00–18:00", "wo": "09:00–18:00", "do": "09:00–20:00", "vr": "09:00–18:00", "za": "09:00–17:00", "zo": "12:00–17:00"}, "latitude": 51.8032312, "longitude": 4.715843, "bronId": "253403"}}, {"type": "Feature", "geometry": {"type": "Point", "coordinates": [4.6614663, 51.8119514]}, "properties": {"type": "inleverpunt", "locatieNaam": "Appel 2680 - Gem.dordrecht", "straatNaam": "Spuiboulevard", "straatNr": "300", "postcode": "3311 GR", "plaats": "Dordrecht", "merk": "StatiegeldNederland", "puntType": "balie", "materialen": ["pet-groot", "pet-klein", "blik"], "uitbetaling": [], "vrijToegankelijk": true, "gemeenteBeperking": null, "openingstijden": {"ma": "08:30–12:00", "di": "11:00–19:30", "wo": "08:30–16:30", "do": "11:00–19:30", "vr": "08:30–12:00", "za": "Gesloten", "zo": "Gesloten"}, "latitude": 51.8119514, "longitude": 4.6614663, "bronId": "253630"}}, {"type": "Feature", "geometry": {"type": "Point", "coordinates": [4.6316032, 51.768071]}, "properties": {"type": "inleverpunt", "locatieNaam": "Appel 2682 - Spinel", "straatNaam": "Spinel", "straatNr": "100", "postcode": "3316 LG", "plaats": "Dordrecht", "merk": "StatiegeldNederland", "puntType": "balie", "materialen": ["pet-groot", "pet-klein", "blik"], "uitbetaling": [], "vrijToegankelijk": true, "gemeenteBeperking": null, "openingstijden": {"ma": "08:00–17:30", "di": "08:00–17:30", "wo": "08:00–17:30", "do": "08:00–17:30", "vr": "08:00–17:30", "za": "Gesloten", "zo": "Gesloten"}, "latitude": 51.768071, "longitude": 4.6316032, "bronId": "253632"}}, {"type": "Feature", "geometry": {"type": "Point", "coordinates": [4.7003541, 51.8095542]}, "properties": {"type": "inleverpunt", "locatieNaam": "C.k..v. Oranje Wit Korfbal", "straatNaam": "Nieuwe noordpolderweg", "straatNr": "5", "postcode": "3312 AD", "plaats": "Dordrecht", "merk": "StatiegeldNederland", "puntType": "balie", "materialen": ["pet-groot", "pet-klein", "blik"], "uitbetaling": [], "vrijToegankelijk": false, "gemeenteBeperking": null, "openingstijden": null, "latitude": 51.8095542, "longitude": 4.7003541, "bronId": "253967"}}, {"type": "Feature", "geometry": {"type": "Point", "coordinates": [4.6453509, 51.7776985]}, "properties": {"type": "inleverpunt", "locatieNaam": "Cg 1798 Vaf Instruments", "straatNaam": "Vierlinghstraat", "straatNr": "24", "postcode": "3316 EL", "plaats": "Dordrecht", "merk": "StatiegeldNederland", "puntType": "balie", "materialen": ["pet-groot", "pet-klein", "blik"], "uitbetaling": [], "vrijToegankelijk": true, "gemeenteBeperking": null, "openingstijden": {"ma": "08:00–17:00", "di": "08:00–17:00", "wo": "08:00–17:00", "do": "08:00–17:00", "vr": "08:00–16:00", "za": "Gesloten", "zo": "Gesloten"}, "latitude": 51.7776985, "longitude": 4.6453509, "bronId": "254076"}}, {"type": "Feature", "geometry": {"type": "Point", "coordinates": [4.6584499, 51.8030547]}, "properties": {"type": "inleverpunt", "locatieNaam": "Dirk", "straatNaam": "Brouwersdijk", "straatNr": "30", "postcode": "3314 GR", "plaats": "Dordrecht", "merk": "StatiegeldNederland", "puntType": "automaat", "materialen": ["pet-groot", "pet-klein", "blik", "glas", "krat"], "uitbetaling": ["bonnetje", "donatie"], "vrijToegankelijk": true, "gemeenteBeperking": null, "openingstijden": {"ma": "08:00–21:00", "di": "08:00–21:00", "wo": "08:00–21:00", "do": "08:00–21:00", "vr": "08:00–21:00", "za": "08:00–21:00", "zo": "12:00–18:00"}, "latitude": 51.8030547, "longitude": 4.6584499, "bronId": "254448"}}, {"type": "Feature", "geometry": {"type": "Point", "coordinates": [4.6688059, 51.8107242]}, "properties": {"type": "inleverpunt", "locatieNaam": "Dirk", "straatNaam": "Cornelis De Wittstraat", "straatNr": "84", "postcode": "3311 GD", "plaats": "Dordrecht", "merk": "StatiegeldNederland", "puntType": "automaat", "materialen": ["pet-groot", "pet-klein", "blik", "glas", "krat"], "uitbetaling": ["bonnetje", "donatie"], "vrijToegankelijk": true, "gemeenteBeperking": null, "openingstijden": {"ma": "08:00–21:00", "di": "08:00–21:00", "wo": "08:00–21:00", "do": "08:00–21:00", "vr": "08:00–21:00", "za": "08:00–21:00", "zo": "12:00–18:00"}, "latitude": 51.8107242, "longitude": 4.6688059, "bronId": "254455"}}, {"type": "Feature", "geometry": {"type": "Point", "coordinates": [4.6641496, 51.79169]}, "properties": {"type": "inleverpunt", "locatieNaam": "Dirk", "straatNaam": "Van Oldenbarneveltplein", "straatNr": "50", "postcode": "3317 ER", "plaats": "Dordrecht", "merk": "StatiegeldNederland", "puntType": "automaat", "materialen": ["pet-groot", "pet-klein", "blik", "glas", "krat"], "uitbetaling": ["bonnetje", "donatie"], "vrijToegankelijk": true, "gemeenteBeperking": null, "openingstijden": {"ma": "08:00–21:00", "di": "08:00–21:00", "wo": "08:00–21:00", "do": "08:00–21:00", "vr": "08:00–21:00", "za": "08:00–21:00", "zo": "12:00–18:00"}, "latitude": 51.79169, "longitude": 4.6641496, "bronId": "254556"}}, {"type": "Feature", "geometry": {"type": "Point", "coordinates": [4.7072852, 51.7996974]}, "properties": {"type": "inleverpunt", "locatieNaam": "FSN BP Stadspolders", "straatNaam": "Provincialeweg", "straatNr": "32", "postcode": "3329 KP", "plaats": "Dordrecht", "merk": "StatiegeldNederland", "puntType": "balie", "materialen": ["pet-groot", "pet-klein", "blik"], "uitbetaling": [], "vrijToegankelijk": true, "gemeenteBeperking": null, "openingstijden": {"ma": "06:00–23:00", "di": "06:00–23:00", "wo": "06:00–23:00", "do": "06:00–23:00", "vr": "06:00–23:00", "za": "07:00–23:00", "zo": "08:00–23:00"}, "latitude": 51.7996974, "longitude": 4.7072852, "bronId": "254815"}}, {"type": "Feature", "geometry": {"type": "Point", "coordinates": [4.7181526, 51.816257]}, "properties": {"type": "inleverpunt", "locatieNaam": "Fuel Service Dordrecht", "straatNaam": "Provincialeweg", "straatNr": "32", "postcode": "3329 KP", "plaats": "Dordrecht", "merk": "StatiegeldNederland", "puntType": "automaat", "materialen": ["pet-groot", "pet-klein", "blik", "krat"], "uitbetaling": ["donatie", "tikkie"], "vrijToegankelijk": true, "gemeenteBeperking": null, "openingstijden": {"ma": "09:00–18:15", "di": "09:00–18:15", "wo": "09:00–18:15", "do": "09:00–18:15", "vr": "09:00–18:15", "za": "09:00–18:15", "zo": "Gesloten"}, "latitude": 51.816257, "longitude": 4.7181526, "bronId": "254823"}}, {"type": "Feature", "geometry": {"type": "Point", "coordinates": [4.7160981, 51.8162946]}, "properties": {"type": "inleverpunt", "locatieNaam": "HVC - Dordrecht", "straatNaam": "Baanhoekweg", "straatNr": "8", "postcode": "3313 LA", "plaats": "Dordrecht", "merk": "StatiegeldNederland", "puntType": "automaat", "materialen": ["pet-groot", "pet-klein", "blik", "krat"], "uitbetaling": ["tikkie"], "vrijToegankelijk": true, "gemeenteBeperking": null, "openingstijden": {"ma": "09:00–18:00", "di": "09:00–18:00", "wo": "09:00–18:00", "do": "09:00–18:00", "vr": "09:00–18:00", "za": "09:00–16:30", "zo": "Gesloten"}, "latitude": 51.8162946, "longitude": 4.7160981, "bronId": "255146"}}, {"type": "Feature", "geometry": {"type": "Point", "coordinates": [4.665475, 51.801534]}, "properties": {"type": "inleverpunt", "locatieNaam": "Jumbo", "straatNaam": "Krispijnseweg", "straatNr": "68", "postcode": "3314 KL", "plaats": "Dordrecht", "merk": "StatiegeldNederland", "puntType": "automaat", "materialen": ["pet-groot", "pet-klein", "blik", "glas", "krat"], "uitbetaling": ["bonnetje", "donatie"], "vrijToegankelijk": true, "gemeenteBeperking": null, "openingstijden": {"ma": "08:00–20:00", "di": "08:00–20:00", "wo": "08:00–20:00", "do": "08:00–20:00", "vr": "08:00–20:00", "za": "08:00–20:00", "zo": "12:00–18:00"}, "latitude": 51.801534, "longitude": 4.665475, "bronId": "255504"}}, {"type": "Feature", "geometry": {"type": "Point", "coordinates": [4.696502, 51.819026]}, "properties": {"type": "inleverpunt", "locatieNaam": "Jumbo", "straatNaam": "Merwedestraat", "straatNr": "50", "postcode": "3313 CS", "plaats": "Dordrecht", "merk": "StatiegeldNederland", "puntType": "automaat", "materialen": ["pet-groot", "pet-klein", "blik", "glas", "krat"], "uitbetaling": ["bonnetje", "donatie"], "vrijToegankelijk": true, "gemeenteBeperking": null, "openingstijden": {"ma": "08:00–21:00", "di": "08:00–21:00", "wo": "08:00–21:00", "do": "08:00–21:00", "vr": "08:00–21:00", "za": "07:30–21:00", "zo": "12:00–18:00"}, "latitude": 51.819026, "longitude": 4.696502, "bronId": "255584"}}, {"type": "Feature", "geometry": {"type": "Point", "coordinates": [4.6760388, 51.786411]}, "properties": {"type": "inleverpunt", "locatieNaam": "Jumbo", "straatNaam": "P.A. De Kokplein", "straatNr": "152", "postcode": "3318 JW", "plaats": "Dordrecht", "merk": "StatiegeldNederland", "puntType": "automaat", "materialen": ["pet-groot", "pet-klein", "blik", "glas", "krat"], "uitbetaling": ["bonnetje", "tikkie"], "vrijToegankelijk": true, "gemeenteBeperking": null, "openingstijden": {"ma": "07:00–22:00", "di": "07:00–22:00", "wo": "07:00–22:00", "do": "07:00–22:00", "vr": "07:00–22:00", "za": "07:00–22:00", "zo": "12:00–18:00"}, "latitude": 51.786411, "longitude": 4.6760388, "bronId": "255650"}}, {"type": "Feature", "geometry": {"type": "Point", "coordinates": [4.6765044, 51.7848748]}, "properties": {"type": "inleverpunt", "locatieNaam": "Lidl", "straatNaam": "P.A. De Kok-Plein", "straatNr": "107", "postcode": "3318 JW", "plaats": "Dordrecht", "merk": "StatiegeldNederland", "puntType": "automaat", "materialen": ["pet-groot", "pet-klein", "blik", "glas", "krat"], "uitbetaling": ["bonnetje", "donatie"], "vrijToegankelijk": true, "gemeenteBeperking": null, "openingstijden": {"ma": "07:00–21:00", "di": "07:00–21:00", "wo": "07:00–21:00", "do": "07:00–21:00", "vr": "07:00–21:00", "za": "07:00–21:00", "zo": "12:00–18:00"}, "latitude": 51.7848748, "longitude": 4.6765044, "bronId": "256326"}}, {"type": "Feature", "geometry": {"type": "Point", "coordinates": [4.72629, 51.79761]}, "properties": {"type": "inleverpunt", "locatieNaam": "Lidl", "straatNaam": "Pearl Buckerf", "straatNr": "22", "postcode": "3315 BA", "plaats": "Dordrecht", "merk": "StatiegeldNederland", "puntType": "automaat", "materialen": ["pet-groot", "pet-klein", "blik", "glas", "krat"], "uitbetaling": ["bonnetje", "donatie"], "vrijToegankelijk": true, "gemeenteBeperking": null, "openingstijden": {"ma": "08:00–21:00", "di": "08:00–21:00", "wo": "08:00–21:00", "do": "08:00–21:00", "vr": "08:00–21:00", "za": "08:00–21:00", "zo": "12:00–18:00"}, "latitude": 51.79761, "longitude": 4.72629, "bronId": "256335"}}, {"type": "Feature", "geometry": {"type": "Point", "coordinates": [4.6637812, 51.7917229]}, "properties": {"type": "inleverpunt", "locatieNaam": "Lidl", "straatNaam": "Van Oldenbarneveltplein", "straatNr": "29", "postcode": "3317 EP", "plaats": "Dordrecht", "merk": "StatiegeldNederland", "puntType": "automaat", "materialen": ["pet-groot", "pet-klein", "blik", "glas", "krat"], "uitbetaling": ["bonnetje", "donatie"], "vrijToegankelijk": true, "gemeenteBeperking": null, "openingstijden": {"ma": "07:00–21:00", "di": "07:00–21:00", "wo": "07:00–21:00", "do": "07:00–21:00", "vr": "07:00–21:00", "za": "07:00–21:00", "zo": "12:00–18:00"}, "latitude": 51.7917229, "longitude": 4.6637812, "bronId": "256432"}}, {"type": "Feature", "geometry": {"type": "Point", "coordinates": [4.6794198, 51.7978609]}, "properties": {"type": "inleverpunt", "locatieNaam": "Markies 60117 Da Vinci C. Le", "straatNaam": "Leerparkpromenade", "straatNr": "100", "postcode": "3312 KW", "plaats": "Dordrecht", "merk": "StatiegeldNederland", "puntType": "balie", "materialen": ["pet-groot", "pet-klein", "blik"], "uitbetaling": [], "vrijToegankelijk": true, "gemeenteBeperking": null, "openingstijden": null, "latitude": 51.7978609, "longitude": 4.6794198, "bronId": "256660"}}, {"type": "Feature", "geometry": {"type": "Point", "coordinates": [4.6832751, 51.7984581]}, "properties": {"type": "inleverpunt", "locatieNaam": "Markies 60120 Da Vinci C. Az", "straatNaam": "Romboutslaan", "straatNr": "40", "postcode": "3312 KP", "plaats": "Dordrecht", "merk": "StatiegeldNederland", "puntType": "balie", "materialen": ["pet-groot", "pet-klein", "blik"], "uitbetaling": [], "vrijToegankelijk": true, "gemeenteBeperking": null, "openingstijden": null, "latitude": 51.7984581, "longitude": 4.6832751, "bronId": "256662"}}, {"type": "Feature", "geometry": {"type": "Point", "coordinates": [4.6659413, 51.8138281]}, "properties": {"type": "inleverpunt", "locatieNaam": "Medikamente die Grenze", "straatNaam": "Visstraat", "straatNr": "14", "postcode": "3311 KX", "plaats": "Dordrecht", "merk": "StatiegeldNederland", "puntType": "automaat", "materialen": ["pet-groot", "pet-klein", "blik"], "uitbetaling": ["bonnetje"], "vrijToegankelijk": true, "gemeenteBeperking": null, "openingstijden": null, "latitude": 51.8138281, "longitude": 4.6659413, "bronId": "256746"}}, {"type": "Feature", "geometry": {"type": "Point", "coordinates": [4.7042748, 51.7936029]}, "properties": {"type": "inleverpunt", "locatieNaam": "Nettorama", "straatNaam": "Damplein", "straatNr": "16", "postcode": "3319 HC", "plaats": "Dordrecht", "merk": "StatiegeldNederland", "puntType": "automaat", "materialen": ["pet-groot", "pet-klein", "blik", "glas", "krat"], "uitbetaling": ["bonnetje"], "vrijToegankelijk": true, "gemeenteBeperking": null, "openingstijden": {"ma": "08:00–20:00", "di": "08:00–20:00", "wo": "08:00–20:00", "do": "08:00–21:00", "vr": "08:00–21:00", "za": "08:00–20:00", "zo": "12:00–18:00"}, "latitude": 51.7936029, "longitude": 4.7042748, "bronId": "256851"}}, {"type": "Feature", "geometry": {"type": "Point", "coordinates": [4.6935482, 51.7782242]}, "properties": {"type": "inleverpunt", "locatieNaam": "Next Volley Dordrecht", "straatNaam": "Sportpark Schenkeldijk", "straatNr": "10", "postcode": "3328 LE", "plaats": "Dordrecht", "merk": "StatiegeldNederland", "puntType": "balie", "materialen": ["pet-groot", "pet-klein", "blik"], "uitbetaling": [], "vrijToegankelijk": false, "gemeenteBeperking": null, "openingstijden": {"ma": "17:00–23:00", "di": "17:00–23:00", "wo": "17:00–23:00", "do": "17:00–23:00", "vr": "17:00–23:00", "za": "09:00–22:00", "zo": "Gesloten"}, "latitude": 51.7782242, "longitude": 4.6935482, "bronId": "256924"}}, {"type": "Feature", "geometry": {"type": "Point", "coordinates": [4.6735763, 51.807201]}, "properties": {"type": "inleverpunt", "locatieNaam": "Odin Dordrecht", "straatNaam": "Transvaalstraat", "straatNr": "250", "postcode": "3312 EX", "plaats": "Dordrecht", "merk": "StatiegeldNederland", "puntType": "balie", "materialen": ["pet-groot", "pet-klein", "blik"], "uitbetaling": [], "vrijToegankelijk": true, "gemeenteBeperking": null, "openingstijden": {"ma": "08:30–19:00", "di": "08:30–19:00", "wo": "08:30–19:00", "do": "08:30–19:00", "vr": "08:30–19:00", "za": "08:30–18:00", "zo": "12:00–17:00"}, "latitude": 51.807201, "longitude": 4.6735763, "bronId": "256968"}}, {"type": "Feature", "geometry": {"type": "Point", "coordinates": [4.6788813, 51.7932543]}, "properties": {"type": "inleverpunt", "locatieNaam": "Optisport Sportboulevard Dordrecht", "straatNaam": "Fanny BlankersKoen-weg", "straatNr": "10", "postcode": "3318 AX", "plaats": "Dordrecht", "merk": "StatiegeldNederland", "puntType": "balie", "materialen": ["pet-groot", "pet-klein", "blik"], "uitbetaling": [], "vrijToegankelijk": false, "gemeenteBeperking": null, "openingstijden": {"ma": "06:45–21:00", "di": "06:45–21:00", "wo": "06:45–21:00", "do": "06:45–21:00", "vr": "06:45–18:30", "za": "08:30–17:00", "zo": "08:30–16:00"}, "latitude": 51.7932543, "longitude": 4.6788813, "bronId": "257031"}}, {"type": "Feature", "geometry": {"type": "Point", "coordinates": [4.703441, 51.794244]}, "properties": {"type": "inleverpunt", "locatieNaam": "Plus", "straatNaam": "Dubbelsteynlaan West", "straatNr": "86", "postcode": "3319 EM", "plaats": "Dordrecht", "merk": "StatiegeldNederland", "puntType": "automaat", "materialen": ["pet-groot", "pet-klein", "blik", "glas", "krat"], "uitbetaling": ["bonnetje", "donatie"], "vrijToegankelijk": true, "gemeenteBeperking": null, "openingstijden": {"ma": "07:00–21:00", "di": "07:00–21:00", "wo": "07:00–21:00", "do": "07:00–21:00", "vr": "07:00–21:00", "za": "07:00–21:00", "zo": "Gesloten"}, "latitude": 51.794244, "longitude": 4.703441, "bronId": "257295"}}, {"type": "Feature", "geometry": {"type": "Point", "coordinates": [4.6794266, 51.8002997]}, "properties": {"type": "inleverpunt", "locatieNaam": "Plus", "straatNaam": "Prof. Waterinklaan", "straatNr": "45", "postcode": "3312 KM", "plaats": "Dordrecht", "merk": "StatiegeldNederland", "puntType": "automaat", "materialen": ["pet-groot", "pet-klein", "blik", "glas", "krat"], "uitbetaling": ["bonnetje", "donatie"], "vrijToegankelijk": true, "gemeenteBeperking": null, "openingstijden": {"ma": "08:00–21:00", "di": "08:00–21:00", "wo": "08:00–21:00", "do": "08:00–21:00", "vr": "08:00–21:00", "za": "08:00–21:00", "zo": "12:00–18:00"}, "latitude": 51.8002997, "longitude": 4.6794266, "bronId": "257491"}}, {"type": "Feature", "geometry": {"type": "Point", "coordinates": [4.718002, 51.8029782]}, "properties": {"type": "inleverpunt", "locatieNaam": "Plus", "straatNaam": "Van Eesterenplein23", "straatNr": "", "postcode": "3315 KS", "plaats": "Dordrecht", "merk": "StatiegeldNederland", "puntType": "automaat", "materialen": ["pet-groot", "pet-klein", "blik", "glas", "krat"], "uitbetaling": ["bonnetje", "donatie"], "vrijToegankelijk": true, "gemeenteBeperking": null, "openingstijden": {"ma": "07:00–21:00", "di": "07:00–21:00", "wo": "07:00–21:00", "do": "07:00–21:00", "vr": "07:00–21:00", "za": "07:00–21:00", "zo": "12:00–18:00"}, "latitude": 51.8029782, "longitude": 4.718002, "bronId": "257561"}}, {"type": "Feature", "geometry": {"type": "Point", "coordinates": [4.68464, 51.81054]}, "properties": {"type": "inleverpunt", "locatieNaam": "Plus", "straatNaam": "Vogelplein", "straatNr": "18", "postcode": "3312 GP", "plaats": "Dordrecht", "merk": "StatiegeldNederland", "puntType": "automaat", "materialen": ["pet-groot", "pet-klein", "blik", "glas", "krat"], "uitbetaling": ["bonnetje", "donatie"], "vrijToegankelijk": true, "gemeenteBeperking": null, "openingstijden": {"ma": "08:00–21:00", "di": "08:00–21:00", "wo": "08:00–21:00", "do": "08:00–21:00", "vr": "08:00–21:00", "za": "08:00–21:00", "zo": "12:00–18:00"}, "latitude": 51.81054, "longitude": 4.68464, "bronId": "257573"}}, {"type": "Feature", "geometry": {"type": "Point", "coordinates": [4.6799904, 51.7982846]}, "properties": {"type": "inleverpunt", "locatieNaam": "ROC", "straatNaam": "Leerparkpromenade", "straatNr": "100", "postcode": "3312 KW", "plaats": "Dordrecht", "merk": "StatiegeldNederland", "puntType": "automaat", "materialen": ["pet-klein", "blik"], "uitbetaling": ["donatie", "tikkie"], "vrijToegankelijk": true, "gemeenteBeperking": null, "openingstijden": null, "latitude": 51.7982846, "longitude": 4.6799904, "bronId": "257859"}}, {"type": "Feature", "geometry": {"type": "Point", "coordinates": [4.6860344, 51.8130962]}, "properties": {"type": "inleverpunt", "locatieNaam": "Scouting Johan En Cornelis De Witt", "straatNaam": "Doctor L.L. Zamenhoflaan", "straatNr": "31", "postcode": "3312 AX", "plaats": "Dordrecht", "merk": "StatiegeldNederland", "puntType": "balie", "materialen": ["pet-groot", "pet-klein", "blik"], "uitbetaling": [], "vrijToegankelijk": false, "gemeenteBeperking": null, "openingstijden": {"ma": "Gesloten", "di": "Gesloten", "wo": "Gesloten", "do": "Gesloten", "vr": "Gesloten", "za": "10:00–18:00", "zo": "Gesloten"}, "latitude": 51.8130962, "longitude": 4.6860344, "bronId": "257998"}}, {"type": "Feature", "geometry": {"type": "Point", "coordinates": [4.6562668, 51.7948045]}, "properties": {"type": "inleverpunt", "locatieNaam": "Shell", "straatNaam": "Karel Doormanweg", "straatNr": "5", "postcode": "3317 ZD", "plaats": "Dordrecht", "merk": "StatiegeldNederland", "puntType": "balie", "materialen": ["pet-groot", "pet-klein", "blik"], "uitbetaling": [], "vrijToegankelijk": true, "gemeenteBeperking": null, "openingstijden": {"ma": "24 uur geopend", "di": "24 uur geopend", "wo": "24 uur geopend", "do": "24 uur geopend", "vr": "24 uur geopend", "za": "24 uur geopend", "zo": "24 uur geopend"}, "latitude": 51.7948045, "longitude": 4.6562668, "bronId": "258093"}}, {"type": "Feature", "geometry": {"type": "Point", "coordinates": [4.6879781, 51.8054033]}, "properties": {"type": "inleverpunt", "locatieNaam": "Shell", "straatNaam": "Reeweg Oost", "straatNr": "247", "postcode": "3312 CP", "plaats": "Dordrecht", "merk": "StatiegeldNederland", "puntType": "balie", "materialen": ["pet-groot", "pet-klein", "blik"], "uitbetaling": [], "vrijToegankelijk": true, "gemeenteBeperking": null, "openingstijden": {"ma": "24 uur geopend", "di": "24 uur geopend", "wo": "24 uur geopend", "do": "24 uur geopend", "vr": "24 uur geopend", "za": "24 uur geopend", "zo": "24 uur geopend"}, "latitude": 51.8054033, "longitude": 4.6879781, "bronId": "258151"}}, {"type": "Feature", "geometry": {"type": "Point", "coordinates": [4.632637, 51.735129]}, "properties": {"type": "inleverpunt", "locatieNaam": "Shell", "straatNaam": "Rijksweg A16", "straatNr": "", "postcode": "3316 EJ", "plaats": "Dordrecht", "merk": "StatiegeldNederland", "puntType": "balie", "materialen": ["pet-groot", "pet-klein", "blik"], "uitbetaling": [], "vrijToegankelijk": true, "gemeenteBeperking": null, "openingstijden": {"ma": "24 uur geopend", "di": "24 uur geopend", "wo": "24 uur geopend", "do": "24 uur geopend", "vr": "24 uur geopend", "za": "24 uur geopend", "zo": "24 uur geopend"}, "latitude": 51.735129, "longitude": 4.632637, "bronId": "258187"}}, {"type": "Feature", "geometry": {"type": "Point", "coordinates": [4.6669333, 51.8165717]}, "properties": {"type": "inleverpunt", "locatieNaam": "Spar", "straatNaam": "GROTE MARKT", "straatNr": "75", "postcode": "3311 BG", "plaats": "Dordrecht", "merk": "StatiegeldNederland", "puntType": "balie", "materialen": ["pet-groot", "pet-klein", "blik"], "uitbetaling": [], "vrijToegankelijk": true, "gemeenteBeperking": null, "openingstijden": {"ma": "08:00–20:00", "di": "08:00–20:00", "wo": "08:00–20:00", "do": "08:00–20:00", "vr": "08:00–20:00", "za": "08:00–20:00", "zo": "12:00–17:00"}, "latitude": 51.8165717, "longitude": 4.6669333, "bronId": "258359"}}, {"type": "Feature", "geometry": {"type": "Point", "coordinates": [4.7040365, 51.8050344]}, "properties": {"type": "inleverpunt", "locatieNaam": "Stichting Yuverta MBO Dordrecht", "straatNaam": "Groenezoom", "straatNr": "398", "postcode": "3315 LA", "plaats": "Dordrecht", "merk": "StatiegeldNederland", "puntType": "automaat", "materialen": ["pet-klein", "blik"], "uitbetaling": [], "vrijToegankelijk": false, "gemeenteBeperking": null, "openingstijden": {"ma": "08:30–16:30", "di": "08:30–16:30", "wo": "08:30–16:30", "do": "08:30–16:30", "vr": "08:30–16:30", "za": "Gesloten", "zo": "Gesloten"}, "latitude": 51.8050344, "longitude": 4.7040365, "bronId": "258734"}}, {"type": "Feature", "geometry": {"type": "Point", "coordinates": [4.7058673, 51.8047653]}, "properties": {"type": "inleverpunt", "locatieNaam": "Stichting Yuverta VMBO Dordrecht", "straatNaam": "Chicomendesring", "straatNr": "825", "postcode": "3315 WX", "plaats": "Dordrecht", "merk": "StatiegeldNederland", "puntType": "automaat", "materialen": ["pet-klein", "blik"], "uitbetaling": [], "vrijToegankelijk": false, "gemeenteBeperking": null, "openingstijden": null, "latitude": 51.8047653, "longitude": 4.7058673, "bronId": "258737"}}, {"type": "Feature", "geometry": {"type": "Point", "coordinates": [4.6523247, 51.8057734]}, "properties": {"type": "inleverpunt", "locatieNaam": "Sv Diana", "straatNaam": "Brandts Buysstraat", "straatNr": "2", "postcode": "3314 CA", "plaats": "Dordrecht", "merk": "StatiegeldNederland", "puntType": "balie", "materialen": ["pet-groot", "pet-klein", "blik"], "uitbetaling": [], "vrijToegankelijk": false, "gemeenteBeperking": null, "openingstijden": {"ma": "19:30–22:30", "di": "19:30–22:30", "wo": "Gesloten", "do": "19:30–22:30", "vr": "Gesloten", "za": "Gesloten", "zo": "Gesloten"}, "latitude": 51.8057734, "longitude": 4.6523247, "bronId": "258808"}}, {"type": "Feature", "geometry": {"type": "Point", "coordinates": [4.6721761, 51.803968]}, "properties": {"type": "inleverpunt", "locatieNaam": "ViaTim", "straatNaam": "Anna Paulownastraat", "straatNr": "61", "postcode": "3314 JK", "plaats": "Dordrecht", "merk": "StatiegeldNederland", "puntType": "balie", "materialen": ["pet-groot", "pet-klein", "blik"], "uitbetaling": ["tikkie"], "vrijToegankelijk": true, "gemeenteBeperking": null, "openingstijden": null, "latitude": 51.803968, "longitude": 4.6721761, "bronId": "259205"}}, {"type": "Feature", "geometry": {"type": "Point", "coordinates": [4.6712685, 51.8148275]}, "properties": {"type": "inleverpunt", "locatieNaam": "ViaTim", "straatNaam": "Augustijnenkamp", "straatNr": "35", "postcode": "3311 XC", "plaats": "Dordrecht", "merk": "StatiegeldNederland", "puntType": "balie", "materialen": ["pet-groot", "pet-klein", "blik"], "uitbetaling": ["tikkie"], "vrijToegankelijk": true, "gemeenteBeperking": null, "openingstijden": {"ma": "14:00–20:00", "di": "14:00–20:00", "wo": "14:00–20:00", "do": "14:00–20:00", "vr": "14:00–20:00", "za": "11:00–14:30", "zo": "Gesloten"}, "latitude": 51.8148275, "longitude": 4.6712685, "bronId": "259212"}}, {"type": "Feature", "geometry": {"type": "Point", "coordinates": [4.665898, 51.7782868]}, "properties": {"type": "inleverpunt", "locatieNaam": "ViaTim", "straatNaam": "Brittenburg", "straatNr": "87", "postcode": "3328 JC", "plaats": "Dordrecht", "merk": "StatiegeldNederland", "puntType": "balie", "materialen": ["pet-groot", "pet-klein", "blik"], "uitbetaling": ["tikkie"], "vrijToegankelijk": true, "gemeenteBeperking": null, "openingstijden": {"ma": "15:00–21:00", "di": "15:00–21:00", "wo": "15:00–21:00", "do": "15:00–21:00", "vr": "15:00–21:00", "za": "13:00–18:00", "zo": "Gesloten"}, "latitude": 51.7782868, "longitude": 4.665898, "bronId": "259236"}}, {"type": "Feature", "geometry": {"type": "Point", "coordinates": [4.6710499, 51.8173581]}, "properties": {"type": "inleverpunt", "locatieNaam": "ViaTim", "straatNaam": "Mariënbornstraat", "straatNr": "28", "postcode": "3311 XN", "plaats": "Dordrecht", "merk": "StatiegeldNederland", "puntType": "balie", "materialen": ["pet-groot", "pet-klein", "blik"], "uitbetaling": ["tikkie"], "vrijToegankelijk": true, "gemeenteBeperking": null, "openingstijden": null, "latitude": 51.8173581, "longitude": 4.6710499, "bronId": "259399"}}, {"type": "Feature", "geometry": {"type": "Point", "coordinates": [4.6761687, 51.7769854]}, "properties": {"type": "inleverpunt", "locatieNaam": "ViaTim", "straatNaam": "Prattenburg", "straatNr": "2", "postcode": "3328 WB", "plaats": "Dordrecht", "merk": "StatiegeldNederland", "puntType": "balie", "materialen": ["pet-groot", "pet-klein", "blik"], "uitbetaling": ["tikkie"], "vrijToegankelijk": true, "gemeenteBeperking": null, "openingstijden": null, "latitude": 51.7769854, "longitude": 4.6761687, "bronId": "259448"}}, {"type": "Feature", "geometry": {"type": "Point", "coordinates": [4.72568, 51.79792]}, "properties": {"type": "inleverpunt", "locatieNaam": "Kruidvat Dordrecht", "straatNaam": "Pearl Buck-erf", "straatNr": "77", "postcode": "3315 BA", "plaats": "Dordrecht", "merk": "StichtingOPEN", "puntType": "balie", "materialen": ["batterijen", "lampen"], "uitbetaling": [], "vrijToegankelijk": false, "gemeenteBeperking": null, "openingstijden": null, "latitude": 51.79792, "longitude": 4.72568, "bronId": "SP00029496"}}, {"type": "Feature", "geometry": {"type": "Point", "coordinates": [4.718029, 51.803094]}, "properties": {"type": "inleverpunt", "locatieNaam": "PLUS Dordrecht", "straatNaam": "Van Eesterenplein", "straatNr": "23", "postcode": "3315 KS", "plaats": "Dordrecht", "merk": "StichtingOPEN", "puntType": "balie", "materialen": ["batterijen", "lampen"], "uitbetaling": [], "vrijToegankelijk": false, "gemeenteBeperking": null, "openingstijden": null, "latitude": 51.803094, "longitude": 4.718029, "bronId": "SP00024196"}}, {"type": "Feature", "geometry": {"type": "Point", "coordinates": [4.696564, 51.819468]}, "properties": {"type": "inleverpunt", "locatieNaam": "Aldi Dordrecht", "straatNaam": "Merwedestraat", "straatNr": "50", "postcode": "3313 CS", "plaats": "Dordrecht", "merk": "StichtingOPEN", "puntType": "balie", "materialen": ["batterijen", "elektro-klein", "lampen"], "uitbetaling": [], "vrijToegankelijk": false, "gemeenteBeperking": null, "openingstijden": null, "latitude": 51.819468, "longitude": 4.696564, "bronId": "SP00027132"}}, {"type": "Feature", "geometry": {"type": "Point", "coordinates": [4.696496, 51.81905]}, "properties": {"type": "inleverpunt", "locatieNaam": "Jumbo Dordrecht", "straatNaam": "Merwedestraat", "straatNr": "50", "postcode": "3313 CS", "plaats": "Dordrecht", "merk": "StichtingOPEN", "puntType": "balie", "materialen": ["batterijen", "lampen"], "uitbetaling": [], "vrijToegankelijk": false, "gemeenteBeperking": null, "openingstijden": null, "latitude": 51.81905, "longitude": 4.696496, "bronId": "SP00025103"}}, {"type": "Feature", "geometry": {"type": "Point", "coordinates": [4.716719, 51.803123]}, "properties": {"type": "inleverpunt", "locatieNaam": "Kruidvat Dordrecht", "straatNaam": "Van Eesterenplein", "straatNr": "136", "postcode": "3315 KV", "plaats": "Dordrecht", "merk": "StichtingOPEN", "puntType": "balie", "materialen": ["batterijen", "lampen"], "uitbetaling": [], "vrijToegankelijk": false, "gemeenteBeperking": null, "openingstijden": null, "latitude": 51.803123, "longitude": 4.716719, "bronId": "SP00024547"}}, {"type": "Feature", "geometry": {"type": "Point", "coordinates": [4.716684, 51.803037]}, "properties": {"type": "inleverpunt", "locatieNaam": "Aldi Dordrecht", "straatNaam": "Van Eesterenplein", "straatNr": "183", "postcode": "3315 KW", "plaats": "Dordrecht", "merk": "StichtingOPEN", "puntType": "balie", "materialen": ["batterijen", "elektro-klein", "lampen"], "uitbetaling": [], "vrijToegankelijk": false, "gemeenteBeperking": null, "openingstijden": null, "latitude": 51.803037, "longitude": 4.716684, "bronId": "SP00036560"}}, {"type": "Feature", "geometry": {"type": "Point", "coordinates": [4.709558, 51.800831]}, "properties": {"type": "inleverpunt", "locatieNaam": "KARWEI Dordrecht", "straatNaam": "Vissersdijk Beneden", "straatNr": "60", "postcode": "3319 GW", "plaats": "Dordrecht", "merk": "StichtingOPEN", "puntType": "balie", "materialen": ["elektro-klein", "lampen", "tl-buizen"], "uitbetaling": [], "vrijToegankelijk": false, "gemeenteBeperking": null, "openingstijden": null, "latitude": 51.800831, "longitude": 4.709558, "bronId": "SP00003669"}}, {"type": "Feature", "geometry": {"type": "Point", "coordinates": [4.705363, 51.800459]}, "properties": {"type": "inleverpunt", "locatieNaam": "Tuinwereld Dordrecht", "straatNaam": "Provincialeweg", "straatNr": "4A", "postcode": "3319 LH", "plaats": "Dordrecht", "merk": "StichtingOPEN", "puntType": "balie", "materialen": ["elektro-middel", "lampen"], "uitbetaling": [], "vrijToegankelijk": false, "gemeenteBeperking": null, "openingstijden": null, "latitude": 51.800459, "longitude": 4.705363, "bronId": "SP00006396"}}, {"type": "Feature", "geometry": {"type": "Point", "coordinates": [4.684338, 51.810919]}, "properties": {"type": "inleverpunt", "locatieNaam": "PLUS Dordrecht", "straatNaam": "Vogelplein", "straatNr": "18", "postcode": "3312 GP", "plaats": "Dordrecht", "merk": "StichtingOPEN", "puntType": "balie", "materialen": ["batterijen", "lampen"], "uitbetaling": [], "vrijToegankelijk": false, "gemeenteBeperking": null, "openingstijden": null, "latitude": 51.810919, "longitude": 4.684338, "bronId": "SP00024201"}}, {"type": "Feature", "geometry": {"type": "Point", "coordinates": [4.703441, 51.794244]}, "properties": {"type": "inleverpunt", "locatieNaam": "PLUS Dordrecht", "straatNaam": "Dubbelsteynlaan West", "straatNr": "8692", "postcode": "3319 EM", "plaats": "Dordrecht", "merk": "StichtingOPEN", "puntType": "balie", "materialen": ["batterijen", "lampen"], "uitbetaling": [], "vrijToegankelijk": false, "gemeenteBeperking": null, "openingstijden": null, "latitude": 51.794244, "longitude": 4.703441, "bronId": "SP00024048"}}, {"type": "Feature", "geometry": {"type": "Point", "coordinates": [4.666933, 51.816571]}, "properties": {"type": "inleverpunt", "locatieNaam": "Spar Dordrecht Grote Markt", "straatNaam": "Grote Markt", "straatNr": "75", "postcode": "3311 BG", "plaats": "Dordrecht", "merk": "StichtingOPEN", "puntType": "balie", "materialen": ["batterijen", "lampen"], "uitbetaling": [], "vrijToegankelijk": false, "gemeenteBeperking": null, "openingstijden": null, "latitude": 51.816571, "longitude": 4.666933, "bronId": "SP00031458"}}, {"type": "Feature", "geometry": {"type": "Point", "coordinates": [4.667248, 51.816157]}, "properties": {"type": "inleverpunt", "locatieNaam": "Action Dordrecht", "straatNaam": "Grote Markt", "straatNr": "27", "postcode": "3311 BG", "plaats": "Dordrecht", "merk": "StichtingOPEN", "puntType": "balie", "materialen": ["batterijen", "lampen"], "uitbetaling": [], "vrijToegankelijk": false, "gemeenteBeperking": null, "openingstijden": null, "latitude": 51.816157, "longitude": 4.667248, "bronId": "SP00025515"}}, {"type": "Feature", "geometry": {"type": "Point", "coordinates": [4.667206, 51.816101]}, "properties": {"type": "inleverpunt", "locatieNaam": "Action Dordrecht 1154", "straatNaam": "Grote Markt", "straatNr": "3-7", "postcode": "3311 BG", "plaats": "Dordrecht", "merk": "StichtingOPEN", "puntType": "balie", "materialen": ["lampen"], "uitbetaling": [], "vrijToegankelijk": false, "gemeenteBeperking": null, "openingstijden": null, "latitude": 51.816101, "longitude": 4.667206, "bronId": "SP00007740"}}, {"type": "Feature", "geometry": {"type": "Point", "coordinates": [4.66825, 51.81472]}, "properties": {"type": "inleverpunt", "locatieNaam": "Kruidvat Dordrecht", "straatNaam": "Kolfstraat", "straatNr": "12-14", "postcode": "3311 XL", "plaats": "Dordrecht", "merk": "StichtingOPEN", "puntType": "balie", "materialen": ["batterijen", "lampen"], "uitbetaling": [], "vrijToegankelijk": false, "gemeenteBeperking": null, "openingstijden": null, "latitude": 51.81472, "longitude": 4.66825, "bronId": "SP00029666"}}, {"type": "Feature", "geometry": {"type": "Point", "coordinates": [4.681496, 51.803473]}, "properties": {"type": "inleverpunt", "locatieNaam": "Kringloop Stichting Nieuwe Hoop", "straatNaam": "Eemsteynplein", "straatNr": "14", "postcode": "3312 JA", "plaats": "Dordrecht", "merk": "StichtingOPEN", "puntType": "balie", "materialen": ["batterijen", "elektro-groot", "elektro-klein", "elektro-middel", "lampen", "tl-buizen"], "uitbetaling": [], "vrijToegankelijk": false, "gemeenteBeperking": null, "openingstijden": null, "latitude": 51.803473, "longitude": 4.681496, "bronId": "SP00008665"}}, {"type": "Feature", "geometry": {"type": "Point", "coordinates": [4.67087, 51.810672]}, "properties": {"type": "inleverpunt", "locatieNaam": "Spar Dordrecht", "straatNaam": "Blekersdijk", "straatNr": "13", "postcode": "3311 LC", "plaats": "Dordrecht", "merk": "StichtingOPEN", "puntType": "balie", "materialen": ["batterijen", "elektro-klein", "lampen"], "uitbetaling": [], "vrijToegankelijk": false, "gemeenteBeperking": null, "openingstijden": null, "latitude": 51.810672, "longitude": 4.67087, "bronId": "SP00022392"}}, {"type": "Feature", "geometry": {"type": "Point", "coordinates": [4.668153, 51.811905]}, "properties": {"type": "inleverpunt", "locatieNaam": "Saturn Dordrecht", "straatNaam": "Johan de Wittstraat", "straatNr": "15", "postcode": "3311 KG", "plaats": "Dordrecht", "merk": "StichtingOPEN", "puntType": "balie", "materialen": ["elektro-middel", "lampen"], "uitbetaling": [], "vrijToegankelijk": false, "gemeenteBeperking": null, "openingstijden": null, "latitude": 51.811905, "longitude": 4.668153, "bronId": "SP00005957"}}, {"type": "Feature", "geometry": {"type": "Point", "coordinates": [4.675725, 51.805694]}, "properties": {"type": "inleverpunt", "locatieNaam": "Aldi Dordrecht", "straatNaam": "Dubbeldamseweg Zuid", "straatNr": "72", "postcode": "3314 JA", "plaats": "Dordrecht", "merk": "StichtingOPEN", "puntType": "balie", "materialen": ["batterijen", "elektro-klein", "lampen"], "uitbetaling": [], "vrijToegankelijk": false, "gemeenteBeperking": null, "openingstijden": null, "latitude": 51.805694, "longitude": 4.675725, "bronId": "SP00027124"}}, {"type": "Feature", "geometry": {"type": "Point", "coordinates": [4.669016, 51.810775]}, "properties": {"type": "inleverpunt", "locatieNaam": "Dirk Dordrecht", "straatNaam": "Cornelis de Wittstraat", "straatNr": "84", "postcode": "3311 GD", "plaats": "Dordrecht", "merk": "StichtingOPEN", "puntType": "balie", "materialen": ["batterijen", "lampen"], "uitbetaling": [], "vrijToegankelijk": false, "gemeenteBeperking": null, "openingstijden": null, "latitude": 51.810775, "longitude": 4.669016, "bronId": "SP00023498"}}, {"type": "Feature", "geometry": {"type": "Point", "coordinates": [4.666865, 51.812233]}, "properties": {"type": "inleverpunt", "locatieNaam": "1034 Albert Heijn Dordrecht", "straatNaam": "Achterom", "straatNr": "42", "postcode": "3311 KC", "plaats": "Dordrecht", "merk": "StichtingOPEN", "puntType": "balie", "materialen": ["batterijen", "elektro-klein", "lampen"], "uitbetaling": [], "vrijToegankelijk": false, "gemeenteBeperking": null, "openingstijden": null, "latitude": 51.812233, "longitude": 4.666865, "bronId": "SP00022671"}}, {"type": "Feature", "geometry": {"type": "Point", "coordinates": [4.679361, 51.800176]}, "properties": {"type": "inleverpunt", "locatieNaam": "PLUS Dordrecht", "straatNaam": "Prof. Waterinklaan", "straatNr": "45", "postcode": "3312 KM", "plaats": "Dordrecht", "merk": "StichtingOPEN", "puntType": "balie", "materialen": ["batterijen", "lampen"], "uitbetaling": [], "vrijToegankelijk": false, "gemeenteBeperking": null, "openingstijden": null, "latitude": 51.800176, "longitude": 4.679361, "bronId": "SP00024153"}}, {"type": "Feature", "geometry": {"type": "Point", "coordinates": [4.664025, 51.812473]}, "properties": {"type": "inleverpunt", "locatieNaam": "Het Lichtpaleis - van der Knaap", "straatNaam": "Grote Spuistraat", "straatNr": "50", "postcode": "3311 GE", "plaats": "Dordrecht", "merk": "StichtingOPEN", "puntType": "balie", "materialen": ["lampen", "tl-buizen"], "uitbetaling": [], "vrijToegankelijk": false, "gemeenteBeperking": null, "openingstijden": null, "latitude": 51.812473, "longitude": 4.664025, "bronId": "SP00003082"}}, {"type": "Feature", "geometry": {"type": "Point", "coordinates": [4.655337, 51.810069]}, "properties": {"type": "inleverpunt", "locatieNaam": "1542 Albert Heijn Dordrecht", "straatNaam": "Korte Parallelweg", "straatNr": "165", "postcode": "3311 JN", "plaats": "Dordrecht", "merk": "StichtingOPEN", "puntType": "balie", "materialen": ["batterijen", "elektro-klein", "lampen"], "uitbetaling": [], "vrijToegankelijk": false, "gemeenteBeperking": null, "openingstijden": null, "latitude": 51.810069, "longitude": 4.655337, "bronId": "SP00022667"}}, {"type": "Feature", "geometry": {"type": "Point", "coordinates": [4.66548, 51.80168]}, "properties": {"type": "inleverpunt", "locatieNaam": "Jumbo Vlijmen", "straatNaam": "Krispijnseweg", "straatNr": "68", "postcode": "3314 KL", "plaats": "Dordrecht", "merk": "StichtingOPEN", "puntType": "balie", "materialen": ["batterijen", "elektro-klein", "lampen"], "uitbetaling": [], "vrijToegankelijk": false, "gemeenteBeperking": null, "openingstijden": null, "latitude": 51.80168, "longitude": 4.66548, "bronId": "SP00030200"}}, {"type": "Feature", "geometry": {"type": "Point", "coordinates": [4.65531, 51.80994]}, "properties": {"type": "inleverpunt", "locatieNaam": "Action Dordrecht", "straatNaam": "Korte Parallelweg", "straatNr": "159-161", "postcode": "3311 JN", "plaats": "Dordrecht", "merk": "StichtingOPEN", "puntType": "balie", "materialen": ["batterijen", "lampen"], "uitbetaling": [], "vrijToegankelijk": false, "gemeenteBeperking": null, "openingstijden": null, "latitude": 51.80994, "longitude": 4.65531, "bronId": "SP00029874"}}, {"type": "Feature", "geometry": {"type": "Point", "coordinates": [4.658504, 51.802967]}, "properties": {"type": "inleverpunt", "locatieNaam": "Dirk Dordrecht", "straatNaam": "Brouwersdijk", "straatNr": "30", "postcode": "3314 GR", "plaats": "Dordrecht", "merk": "StichtingOPEN", "puntType": "balie", "materialen": ["batterijen", "lampen"], "uitbetaling": [], "vrijToegankelijk": false, "gemeenteBeperking": null, "openingstijden": null, "latitude": 51.802967, "longitude": 4.658504, "bronId": "SP00023410"}}, {"type": "Feature", "geometry": {"type": "Point", "coordinates": [4.676789, 51.784757]}, "properties": {"type": "inleverpunt", "locatieNaam": "Kruidvat Dordrecht", "straatNaam": "P.A. de Kok-plein", "straatNr": "122", "postcode": "3318 JW", "plaats": "Dordrecht", "merk": "StichtingOPEN", "puntType": "balie", "materialen": ["batterijen", "elektro-klein", "lampen"], "uitbetaling": [], "vrijToegankelijk": false, "gemeenteBeperking": null, "openingstijden": null, "latitude": 51.784757, "longitude": 4.676789, "bronId": "SP00033900"}}, {"type": "Feature", "geometry": {"type": "Point", "coordinates": [4.676436, 51.784911]}, "properties": {"type": "inleverpunt", "locatieNaam": "Jumbo Dordrecht", "straatNaam": "P.A. de Kok-plein", "straatNr": "127", "postcode": "3318 JW", "plaats": "Dordrecht", "merk": "StichtingOPEN", "puntType": "balie", "materialen": ["batterijen", "lampen"], "uitbetaling": [], "vrijToegankelijk": false, "gemeenteBeperking": null, "openingstijden": null, "latitude": 51.784911, "longitude": 4.676436, "bronId": "SP00025096"}}, {"type": "Feature", "geometry": {"type": "Point", "coordinates": [4.676466, 51.784682]}, "properties": {"type": "inleverpunt", "locatieNaam": "Action Dordrecht 1352", "straatNaam": "P.A. de Kok-plein", "straatNr": "169", "postcode": "3318 JW", "plaats": "Dordrecht", "merk": "StichtingOPEN", "puntType": "balie", "materialen": ["batterijen", "lampen"], "uitbetaling": [], "vrijToegankelijk": false, "gemeenteBeperking": null, "openingstijden": null, "latitude": 51.784682, "longitude": 4.676466, "bronId": "SP00007605"}}, {"type": "Feature", "geometry": {"type": "Point", "coordinates": [4.664149, 51.79169]}, "properties": {"type": "inleverpunt", "locatieNaam": "Dirk Dordrecht", "straatNaam": "Van Oldenbarneveltplein", "straatNr": "50", "postcode": "3317 ER", "plaats": "Dordrecht", "merk": "StichtingOPEN", "puntType": "balie", "materialen": ["batterijen", "lampen"], "uitbetaling": [], "vrijToegankelijk": false, "gemeenteBeperking": null, "openingstijden": null, "latitude": 51.79169, "longitude": 4.664149, "bronId": "SP00023512"}}, {"type": "Feature", "geometry": {"type": "Point", "coordinates": [4.664213, 51.791322]}, "properties": {"type": "inleverpunt", "locatieNaam": "Expert Crabbehof", "straatNaam": "Van Oldenbarneveltplein", "straatNr": "6265D", "postcode": "3317 ES", "plaats": "Dordrecht", "merk": "StichtingOPEN", "puntType": "balie", "materialen": ["elektro-middel", "lampen"], "uitbetaling": [], "vrijToegankelijk": false, "gemeenteBeperking": null, "openingstijden": null, "latitude": 51.791322, "longitude": 4.664213, "bronId": "SP00001279"}}, {"type": "Feature", "geometry": {"type": "Point", "coordinates": [4.663442, 51.791894]}, "properties": {"type": "inleverpunt", "locatieNaam": "Lidl Dordrecht", "straatNaam": "Van Oldenbarneveltplein", "straatNr": "2729", "postcode": "3317 EP", "plaats": "Dordrecht", "merk": "StichtingOPEN", "puntType": "balie", "materialen": ["batterijen", "lampen"], "uitbetaling": [], "vrijToegankelijk": false, "gemeenteBeperking": null, "openingstijden": null, "latitude": 51.791894, "longitude": 4.663442, "bronId": "SP00025689"}}, {"type": "Feature", "geometry": {"type": "Point", "coordinates": [4.647413, 51.804707]}, "properties": {"type": "inleverpunt", "locatieNaam": "Praxis Dordrecht - 2050", "straatNaam": "Edisonstraat", "straatNr": "7", "postcode": "3316 AE", "plaats": "Dordrecht", "merk": "StichtingOPEN", "puntType": "balie", "materialen": ["elektro-middel", "lampen", "tl-buizen"], "uitbetaling": [], "vrijToegankelijk": false, "gemeenteBeperking": null, "openingstijden": null, "latitude": 51.804707, "longitude": 4.647413, "bronId": "SP00004612"}}, {"type": "Feature", "geometry": {"type": "Point", "coordinates": [4.653183, 51.791515]}, "properties": {"type": "inleverpunt", "locatieNaam": "Aldi Dordrecht", "straatNaam": "Admiraalsplein", "straatNr": "68-70", "postcode": "3317 BC", "plaats": "Dordrecht", "merk": "StichtingOPEN", "puntType": "balie", "materialen": ["batterijen", "elektro-klein", "lampen"], "uitbetaling": [], "vrijToegankelijk": false, "gemeenteBeperking": null, "openingstijden": null, "latitude": 51.791515, "longitude": 4.653183, "bronId": "SP00027139"}}, {"type": "Feature", "geometry": {"type": "Point", "coordinates": [4.65397, 51.79082]}, "properties": {"type": "inleverpunt", "locatieNaam": "Kruidvat Dordrecht", "straatNaam": "Admiraalsplein", "straatNr": "159-160", "postcode": "3317 BC", "plaats": "Dordrecht", "merk": "StichtingOPEN", "puntType": "balie", "materialen": ["batterijen", "lampen"], "uitbetaling": [], "vrijToegankelijk": false, "gemeenteBeperking": null, "openingstijden": null, "latitude": 51.79082, "longitude": 4.65397, "bronId": "SP00029530"}}, {"type": "Feature", "geometry": {"type": "Point", "coordinates": [4.653662, 51.790974]}, "properties": {"type": "inleverpunt", "locatieNaam": "8674 Albert Heijn Dordrecht", "straatNaam": "Admiraalsplein", "straatNr": "162", "postcode": "3317 BC", "plaats": "Dordrecht", "merk": "StichtingOPEN", "puntType": "balie", "materialen": ["batterijen", "elektro-klein", "lampen"], "uitbetaling": [], "vrijToegankelijk": false, "gemeenteBeperking": null, "openingstijden": null, "latitude": 51.790974, "longitude": 4.653662, "bronId": "SP00022663"}}, {"type": "Feature", "geometry": {"type": "Point", "coordinates": [4.675343, 51.77443]}, "properties": {"type": "inleverpunt", "locatieNaam": "Jumbo Dordrecht", "straatNaam": "Slangenburg", "straatNr": "5", "postcode": "3328 DN", "plaats": "Dordrecht", "merk": "StichtingOPEN", "puntType": "balie", "materialen": ["batterijen", "lampen"], "uitbetaling": [], "vrijToegankelijk": false, "gemeenteBeperking": null, "openingstijden": null, "latitude": 51.77443, "longitude": 4.675343, "bronId": "SP00025094"}}, {"type": "Feature", "geometry": {"type": "Point", "coordinates": [4.647834, 51.795102]}, "properties": {"type": "inleverpunt", "locatieNaam": "GAMMA Dordrecht", "straatNaam": "Mijlweg", "straatNr": "49", "postcode": "3316 BE", "plaats": "Dordrecht", "merk": "StichtingOPEN", "puntType": "balie", "materialen": ["batterijen", "elektro-klein", "elektro-middel", "lampen", "tl-buizen"], "uitbetaling": [], "vrijToegankelijk": false, "gemeenteBeperking": null, "openingstijden": null, "latitude": 51.795102, "longitude": 4.647834, "bronId": "SP00002925"}}, {"type": "Feature", "geometry": {"type": "Point", "coordinates": [4.637997, 51.779569]}, "properties": {"type": "inleverpunt", "locatieNaam": "403 - Isero Dordrecht", "straatNaam": "Daltonstraat", "straatNr": "1", "postcode": "3316 GD", "plaats": "Dordrecht", "merk": "StichtingOPEN", "puntType": "balie", "materialen": ["elektro-klein", "lampen", "tl-buizen"], "uitbetaling": [], "vrijToegankelijk": false, "gemeenteBeperking": null, "openingstijden": null, "latitude": 51.779569, "longitude": 4.637997, "bronId": "SP00032843"}}, {"type": "Feature", "geometry": {"type": "Point", "coordinates": [4.633933, 51.775569]}, "properties": {"type": "inleverpunt", "locatieNaam": "Mastermate VBT Groep", "straatNaam": "Pascalstraat", "straatNr": "80A", "postcode": "3316 GR", "plaats": "Dordrecht", "merk": "StichtingOPEN", "puntType": "balie", "materialen": ["elektro-middel", "lampen", "tl-buizen"], "uitbetaling": [], "vrijToegankelijk": false, "gemeenteBeperking": null, "openingstijden": null, "latitude": 51.775569, "longitude": 4.633933, "bronId": "SP00030980"}}, {"type": "Feature", "geometry": {"type": "Point", "coordinates": [4.715999, 51.816572]}, "properties": {"type": "inleverpunt", "locatieNaam": "HVC Afvalbrengstation Dordrecht", "straatNaam": "Baanhoekweg", "straatNr": "8-12", "postcode": "3313 LA", "plaats": "Dordrecht", "merk": "StichtingOPEN", "puntType": "milieustraat", "materialen": ["batterijen", "elektro-groot", "elektro-klein", "elektro-middel", "lampen", "tl-buizen"], "uitbetaling": [], "vrijToegankelijk": false, "gemeenteBeperking": ["Dordrecht"], "openingstijden": null, "latitude": 51.816572, "longitude": 4.715999, "bronId": "SP00030691"}}, {"type": "Feature", "geometry": {"type": "Point", "coordinates": [4.7258166, 51.8144272]}, "properties": {"type": "inleverpunt", "locatieNaam": "Milieustraat Dordrecht", "straatNaam": "Baanhoekweg", "straatNr": "8-12", "postcode": "3313 LA", "plaats": "Dordrecht", "merk": "Stibat", "puntType": "inzamelbak", "materialen": ["batterijen"], "uitbetaling": [], "vrijToegankelijk": false, "gemeenteBeperking": null, "openingstijden": null, "latitude": 51.8144272, "longitude": 4.7258166, "bronId": "L035667"}}, {"type": "Feature", "geometry": {"type": "Point", "coordinates": [4.7252881, 51.7983808]}, "properties": {"type": "inleverpunt", "locatieNaam": "Tabak en Gifts Rob van Zwoll", "straatNaam": "Pearl Buck-erf", "straatNr": "214", "postcode": "3315 BE", "plaats": "Dordrecht", "merk": "Stibat", "puntType": "inzamelbak", "materialen": ["batterijen"], "uitbetaling": [], "vrijToegankelijk": false, "gemeenteBeperking": null, "openingstijden": null, "latitude": 51.7983808, "longitude": 4.7252881, "bronId": "L015308"}}, {"type": "Feature", "geometry": {"type": "Point", "coordinates": [4.7263501, 51.7975533]}, "properties": {"type": "inleverpunt", "locatieNaam": "Lidl", "straatNaam": "Pearl Buck-erf", "straatNr": "22", "postcode": "3315 BA", "plaats": "Dordrecht", "merk": "Stibat", "puntType": "inzamelbak", "materialen": ["batterijen"], "uitbetaling": [], "vrijToegankelijk": false, "gemeenteBeperking": null, "openingstijden": null, "latitude": 51.7975533, "longitude": 4.7263501, "bronId": "L027877"}}, {"type": "Feature", "geometry": {"type": "Point", "coordinates": [4.7253504, 51.7981653]}, "properties": {"type": "inleverpunt", "locatieNaam": "Rijwielcentrum Vietsch", "straatNaam": "Pearl Buck-erf", "straatNr": "77A", "postcode": "3315 BA", "plaats": "Dordrecht", "merk": "Stibat", "puntType": "inzamelbak", "materialen": ["batterijen"], "uitbetaling": [], "vrijToegankelijk": false, "gemeenteBeperking": null, "openingstijden": null, "latitude": 51.7981653, "longitude": 4.7253504, "bronId": "L033142"}}, {"type": "Feature", "geometry": {"type": "Point", "coordinates": [4.72568, 51.7979223]}, "properties": {"type": "inleverpunt", "locatieNaam": "Kruidvat", "straatNaam": "Pearl Buck-erf", "straatNr": "77", "postcode": "3315 BA", "plaats": "Dordrecht", "merk": "Stibat", "puntType": "inzamelbak", "materialen": ["batterijen"], "uitbetaling": [], "vrijToegankelijk": false, "gemeenteBeperking": null, "openingstijden": null, "latitude": 51.7979223, "longitude": 4.72568, "bronId": "L015862"}}, {"type": "Feature", "geometry": {"type": "Point", "coordinates": [4.7176377, 51.8036539]}, "properties": {"type": "inleverpunt", "locatieNaam": "1457 Albert Heijn", "straatNaam": "Van Eesterenplein", "straatNr": "99", "postcode": "3315 KT", "plaats": "Dordrecht", "merk": "Stibat", "puntType": "inzamelbak", "materialen": ["batterijen"], "uitbetaling": [], "vrijToegankelijk": false, "gemeenteBeperking": null, "openingstijden": null, "latitude": 51.8036539, "longitude": 4.7176377, "bronId": "L006079"}}, {"type": "Feature", "geometry": {"type": "Point", "coordinates": [4.7180761, 51.8030393]}, "properties": {"type": "inleverpunt", "locatieNaam": "PLUS", "straatNaam": "Van Eesterenplein", "straatNr": "23", "postcode": "3315 KS", "plaats": "Dordrecht", "merk": "Stibat", "puntType": "inzamelbak", "materialen": ["batterijen"], "uitbetaling": [], "vrijToegankelijk": false, "gemeenteBeperking": null, "openingstijden": null, "latitude": 51.8030393, "longitude": 4.7180761, "bronId": "L019439"}}, {"type": "Feature", "geometry": {"type": "Point", "coordinates": [4.717572, 51.803405]}, "properties": {"type": "inleverpunt", "locatieNaam": "Frank's Optiek en Hoorcomfort", "straatNaam": "Van Eesterenplein", "straatNr": "89", "postcode": "3315 KT", "plaats": "Dordrecht", "merk": "Stibat", "puntType": "inzamelbak", "materialen": ["batterijen"], "uitbetaling": [], "vrijToegankelijk": false, "gemeenteBeperking": null, "openingstijden": null, "latitude": 51.803405, "longitude": 4.717572, "bronId": "L028575"}}, {"type": "Feature", "geometry": {"type": "Point", "coordinates": [4.6965516, 51.8195454]}, "properties": {"type": "inleverpunt", "locatieNaam": "Opnieuw &amp; Co Dordrecht", "straatNaam": "Merwedestraat", "straatNr": "52-54", "postcode": "3313 CS", "plaats": "Dordrecht", "merk": "Stibat", "puntType": "inzamelbak", "materialen": ["batterijen"], "uitbetaling": [], "vrijToegankelijk": false, "gemeenteBeperking": null, "openingstijden": null, "latitude": 51.8195454, "longitude": 4.6965516, "bronId": "L030687"}}, {"type": "Feature", "geometry": {"type": "Point", "coordinates": [4.6965642, 51.8194686]}, "properties": {"type": "inleverpunt", "locatieNaam": "Aldi", "straatNaam": "Merwedestraat", "straatNr": "50", "postcode": "3313 CS", "plaats": "Dordrecht", "merk": "Stibat", "puntType": "inzamelbak", "materialen": ["batterijen"], "uitbetaling": [], "vrijToegankelijk": false, "gemeenteBeperking": null, "openingstijden": null, "latitude": 51.8194686, "longitude": 4.6965642, "bronId": "L041223"}}, {"type": "Feature", "geometry": {"type": "Point", "coordinates": [4.7167369, 51.8033659]}, "properties": {"type": "inleverpunt", "locatieNaam": "Zeeman", "straatNaam": "van Eesterenplein", "straatNr": "201", "postcode": "3315 KW", "plaats": "Dordrecht", "merk": "Stibat", "puntType": "inzamelbak", "materialen": ["batterijen"], "uitbetaling": [], "vrijToegankelijk": false, "gemeenteBeperking": null, "openingstijden": null, "latitude": 51.8033659, "longitude": 4.7167369, "bronId": "L019445"}}, {"type": "Feature", "geometry": {"type": "Point", "coordinates": [4.6965047, 51.8190286]}, "properties": {"type": "inleverpunt", "locatieNaam": "Jumbo", "straatNaam": "Merwedestraat", "straatNr": "50", "postcode": "3313 CS", "plaats": "Dordrecht", "merk": "Stibat", "puntType": "inzamelbak", "materialen": ["batterijen"], "uitbetaling": [], "vrijToegankelijk": false, "gemeenteBeperking": null, "openingstijden": null, "latitude": 51.8190286, "longitude": 4.6965047, "bronId": "L027811"}}, {"type": "Feature", "geometry": {"type": "Point", "coordinates": [4.7169127, 51.8031285]}, "properties": {"type": "inleverpunt", "locatieNaam": "Kruidvat", "straatNaam": "Van Eesterenplein", "straatNr": "136", "postcode": "3315 KV", "plaats": "Dordrecht", "merk": "Stibat", "puntType": "inzamelbak", "materialen": ["batterijen"], "uitbetaling": [], "vrijToegankelijk": false, "gemeenteBeperking": null, "openingstijden": null, "latitude": 51.8031285, "longitude": 4.7169127, "bronId": "L014713"}}, {"type": "Feature", "geometry": {"type": "Point", "coordinates": [4.7166843, 51.803037]}, "properties": {"type": "inleverpunt", "locatieNaam": "Aldi", "straatNaam": "Van Eesterenplein", "straatNr": "183", "postcode": "3315 KW", "plaats": "Dordrecht", "merk": "Stibat", "puntType": "inzamelbak", "materialen": ["batterijen"], "uitbetaling": [], "vrijToegankelijk": false, "gemeenteBeperking": null, "openingstijden": null, "latitude": 51.803037, "longitude": 4.7166843, "bronId": "L046496"}}, {"type": "Feature", "geometry": {"type": "Point", "coordinates": [4.7158203, 51.803241]}, "properties": {"type": "inleverpunt", "locatieNaam": "HEMA Dordrecht-Bieshof", "straatNaam": "Van Eesterenplein", "straatNr": "250", "postcode": "3315 KW", "plaats": "Dordrecht", "merk": "Stibat", "puntType": "inzamelbak", "materialen": ["batterijen"], "uitbetaling": [], "vrijToegankelijk": false, "gemeenteBeperking": null, "openingstijden": null, "latitude": 51.803241, "longitude": 4.7158203, "bronId": "L046856"}}, {"type": "Feature", "geometry": {"type": "Point", "coordinates": [4.7093096, 51.7998502]}, "properties": {"type": "inleverpunt", "locatieNaam": "Karwei", "straatNaam": "Vissersdijk Beneden", "straatNr": "60", "postcode": "3319 GW", "plaats": "Dordrecht", "merk": "Stibat", "puntType": "inzamelbak", "materialen": ["batterijen"], "uitbetaling": [], "vrijToegankelijk": false, "gemeenteBeperking": null, "openingstijden": null, "latitude": 51.7998502, "longitude": 4.7093096, "bronId": "L007452"}}, {"type": "Feature", "geometry": {"type": "Point", "coordinates": [4.7093025, 51.7998086]}, "properties": {"type": "inleverpunt", "locatieNaam": "HCA Computers", "straatNaam": "Vissersdijk Beneden", "straatNr": "17", "postcode": "3319 GW", "plaats": "Dordrecht", "merk": "Stibat", "puntType": "inzamelbak", "materialen": ["batterijen"], "uitbetaling": [], "vrijToegankelijk": false, "gemeenteBeperking": null, "openingstijden": null, "latitude": 51.7998086, "longitude": 4.7093025, "bronId": "L030026"}}, {"type": "Feature", "geometry": {"type": "Point", "coordinates": [4.7160907, 51.7946908]}, "properties": {"type": "inleverpunt", "locatieNaam": "Maia Ligfietspunt", "straatNaam": "Kromme Zandweg", "straatNr": "80", "postcode": "3319 LC", "plaats": "Dordrecht", "merk": "Stibat", "puntType": "inzamelbak", "materialen": ["batterijen"], "uitbetaling": [], "vrijToegankelijk": false, "gemeenteBeperking": null, "openingstijden": null, "latitude": 51.7946908, "longitude": 4.7160907, "bronId": "L028497"}}, {"type": "Feature", "geometry": {"type": "Point", "coordinates": [4.7058925, 51.8002291]}, "properties": {"type": "inleverpunt", "locatieNaam": "Tuinwereld Dordrecht", "straatNaam": "Provincialeweg", "straatNr": "4-A", "postcode": "3319 LH", "plaats": "Dordrecht", "merk": "Stibat", "puntType": "inzamelbak", "materialen": ["batterijen"], "uitbetaling": [], "vrijToegankelijk": false, "gemeenteBeperking": null, "openingstijden": null, "latitude": 51.8002291, "longitude": 4.7058925, "bronId": "L032626"}}, {"type": "Feature", "geometry": {"type": "Point", "coordinates": [4.7047283, 51.795255]}, "properties": {"type": "inleverpunt", "locatieNaam": "Primera", "straatNaam": "Rechte Zandweg", "straatNr": "10A", "postcode": "3319 GR", "plaats": "Dordrecht", "merk": "Stibat", "puntType": "inzamelbak", "materialen": ["batterijen"], "uitbetaling": [], "vrijToegankelijk": false, "gemeenteBeperking": null, "openingstijden": null, "latitude": 51.795255, "longitude": 4.7047283, "bronId": "L022829"}}, {"type": "Feature", "geometry": {"type": "Point", "coordinates": [4.6845618, 51.8106449]}, "properties": {"type": "inleverpunt", "locatieNaam": "PLUS", "straatNaam": "Vogelplein", "straatNr": "18", "postcode": "3312 GP", "plaats": "Dordrecht", "merk": "Stibat", "puntType": "inzamelbak", "materialen": ["batterijen"], "uitbetaling": [], "vrijToegankelijk": false, "gemeenteBeperking": null, "openingstijden": null, "latitude": 51.8106449, "longitude": 4.6845618, "bronId": "L009430"}}, {"type": "Feature", "geometry": {"type": "Point", "coordinates": [4.7048764, 51.7943448]}, "properties": {"type": "inleverpunt", "locatieNaam": "Schoonenberg Hoorcomfort", "straatNaam": "Damplein", "straatNr": "3", "postcode": "3319 HC", "plaats": "Dordrecht", "merk": "Stibat", "puntType": "inzamelbak", "materialen": ["batterijen"], "uitbetaling": [], "vrijToegankelijk": false, "gemeenteBeperking": null, "openingstijden": null, "latitude": 51.7943448, "longitude": 4.7048764, "bronId": "L021513"}}, {"type": "Feature", "geometry": {"type": "Point", "coordinates": [4.7034589, 51.7942494]}, "properties": {"type": "inleverpunt", "locatieNaam": "PLUS", "straatNaam": "Dubbelsteynlaan West", "straatNr": "86-92", "postcode": "3319 EM", "plaats": "Dordrecht", "merk": "Stibat", "puntType": "inzamelbak", "materialen": ["batterijen"], "uitbetaling": [], "vrijToegankelijk": false, "gemeenteBeperking": null, "openingstijden": null, "latitude": 51.7942494, "longitude": 4.7034589, "bronId": "L010106"}}, {"type": "Feature", "geometry": {"type": "Point", "coordinates": [4.7034915, 51.7937131]}, "properties": {"type": "inleverpunt", "locatieNaam": "Un2Daily/Drogisterij Dubbeldam", "straatNaam": "Damplein", "straatNr": "20", "postcode": "3319 HC", "plaats": "Dordrecht", "merk": "Stibat", "puntType": "inzamelbak", "materialen": ["batterijen"], "uitbetaling": [], "vrijToegankelijk": false, "gemeenteBeperking": null, "openingstijden": null, "latitude": 51.7937131, "longitude": 4.7034915, "bronId": "L039278"}}, {"type": "Feature", "geometry": {"type": "Point", "coordinates": [4.6969003, 51.7965079]}, "properties": {"type": "inleverpunt", "locatieNaam": "Goos Stam Fietsen", "straatNaam": "Damstraat", "straatNr": "92", "postcode": "3319 BE", "plaats": "Dordrecht", "merk": "Stibat", "puntType": "inzamelbak", "materialen": ["batterijen"], "uitbetaling": [], "vrijToegankelijk": false, "gemeenteBeperking": null, "openingstijden": null, "latitude": 51.7965079, "longitude": 4.6969003, "bronId": "L049265"}}, {"type": "Feature", "geometry": {"type": "Point", "coordinates": [4.6698691, 51.8144109]}, "properties": {"type": "inleverpunt", "locatieNaam": "Intertoys", "straatNaam": "Statenplein", "straatNr": "26", "postcode": "3311 NG", "plaats": "Dordrecht", "merk": "Stibat", "puntType": "inzamelbak", "materialen": ["batterijen"], "uitbetaling": [], "vrijToegankelijk": false, "gemeenteBeperking": null, "openingstijden": null, "latitude": 51.8144109, "longitude": 4.6698691, "bronId": "L006273"}}, {"type": "Feature", "geometry": {"type": "Point", "coordinates": [4.6669333, 51.8165717]}, "properties": {"type": "inleverpunt", "locatieNaam": "Spar", "straatNaam": "Grote Markt", "straatNr": "75", "postcode": "3311 BG", "plaats": "Dordrecht", "merk": "Stibat", "puntType": "inzamelbak", "materialen": ["batterijen"], "uitbetaling": [], "vrijToegankelijk": false, "gemeenteBeperking": null, "openingstijden": null, "latitude": 51.8165717, "longitude": 4.6669333, "bronId": "L043339"}}, {"type": "Feature", "geometry": {"type": "Point", "coordinates": [4.6673319, 51.8161484]}, "properties": {"type": "inleverpunt", "locatieNaam": "1154 Action", "straatNaam": "Grote Markt", "straatNr": "2-7", "postcode": "3311 BG", "plaats": "Dordrecht", "merk": "Stibat", "puntType": "inzamelbak", "materialen": ["batterijen"], "uitbetaling": [], "vrijToegankelijk": false, "gemeenteBeperking": null, "openingstijden": null, "latitude": 51.8161484, "longitude": 4.6673319, "bronId": "L018125"}}, {"type": "Feature", "geometry": {"type": "Point", "coordinates": [4.668908, 51.814624]}, "properties": {"type": "inleverpunt", "locatieNaam": "Hans Anders", "straatNaam": "Statenplein", "straatNr": "143-144", "postcode": "3311 NH", "plaats": "Dordrecht", "merk": "Stibat", "puntType": "inzamelbak", "materialen": ["batterijen"], "uitbetaling": [], "vrijToegankelijk": false, "gemeenteBeperking": null, "openingstijden": null, "latitude": 51.814624, "longitude": 4.668908, "bronId": "L037791"}}, {"type": "Feature", "geometry": {"type": "Point", "coordinates": [4.6688869, 51.8145872]}, "properties": {"type": "inleverpunt", "locatieNaam": "KPN winkel", "straatNaam": "Statenplein", "straatNr": "141-142", "postcode": "3311 NH", "plaats": "Dordrecht", "merk": "Stibat", "puntType": "inzamelbak", "materialen": ["batterijen"], "uitbetaling": [], "vrijToegankelijk": false, "gemeenteBeperking": null, "openingstijden": null, "latitude": 51.8145872, "longitude": 4.6688869, "bronId": "L008010"}}, {"type": "Feature", "geometry": {"type": "Point", "coordinates": [4.6687103, 51.8145076]}, "properties": {"type": "inleverpunt", "locatieNaam": "Perry", "straatNaam": "Statenplein", "straatNr": "139", "postcode": "3311 NH", "plaats": "Dordrecht", "merk": "Stibat", "puntType": "inzamelbak", "materialen": ["batterijen"], "uitbetaling": [], "vrijToegankelijk": false, "gemeenteBeperking": null, "openingstijden": null, "latitude": 51.8145076, "longitude": 4.6687103, "bronId": "L024176"}}, {"type": "Feature", "geometry": {"type": "Point", "coordinates": [4.6682493, 51.8147274]}, "properties": {"type": "inleverpunt", "locatieNaam": "Kruidvat", "straatNaam": "Kolfstraat", "straatNr": "12-14", "postcode": "3311 XL", "plaats": "Dordrecht", "merk": "Stibat", "puntType": "inzamelbak", "materialen": ["batterijen"], "uitbetaling": [], "vrijToegankelijk": false, "gemeenteBeperking": null, "openingstijden": null, "latitude": 51.8147274, "longitude": 4.6682493, "bronId": "L016346"}}, {"type": "Feature", "geometry": {"type": "Point", "coordinates": [4.6677926, 51.8150909]}, "properties": {"type": "inleverpunt", "locatieNaam": "Handyman", "straatNaam": "Voorstraat", "straatNr": "254", "postcode": "3311 ET", "plaats": "Dordrecht", "merk": "Stibat", "puntType": "inzamelbak", "materialen": ["batterijen"], "uitbetaling": [], "vrijToegankelijk": false, "gemeenteBeperking": null, "openingstijden": null, "latitude": 51.8150909, "longitude": 4.6677926, "bronId": "L014618"}}, {"type": "Feature", "geometry": {"type": "Point", "coordinates": [4.6697264, 51.813308]}, "properties": {"type": "inleverpunt", "locatieNaam": "Primark", "straatNaam": "Drievriendenhof", "straatNr": "8-21", "postcode": "3311 NM", "plaats": "Dordrecht", "merk": "Stibat", "puntType": "inzamelbak", "materialen": ["batterijen"], "uitbetaling": [], "vrijToegankelijk": false, "gemeenteBeperking": null, "openingstijden": null, "latitude": 51.813308, "longitude": 4.6697264, "bronId": "L037272"}}, {"type": "Feature", "geometry": {"type": "Point", "coordinates": [4.6691511, 51.8136806]}, "properties": {"type": "inleverpunt", "locatieNaam": "DOUGLAS", "straatNaam": "Statenplein", "straatNr": "38", "postcode": "3311 NG", "plaats": "Dordrecht", "merk": "Stibat", "puntType": "inzamelbak", "materialen": ["batterijen"], "uitbetaling": [], "vrijToegankelijk": false, "gemeenteBeperking": null, "openingstijden": null, "latitude": 51.8136806, "longitude": 4.6691511, "bronId": "L049189"}}, {"type": "Feature", "geometry": {"type": "Point", "coordinates": [4.6713582, 51.8117648]}, "properties": {"type": "inleverpunt", "locatieNaam": "Witgoed specialist", "straatNaam": "Vrieseweg", "straatNr": "55", "postcode": "3311 NT", "plaats": "Dordrecht", "merk": "Stibat", "puntType": "inzamelbak", "materialen": ["batterijen"], "uitbetaling": [], "vrijToegankelijk": false, "gemeenteBeperking": null, "openingstijden": null, "latitude": 51.8117648, "longitude": 4.6713582, "bronId": "L016189"}}, {"type": "Feature", "geometry": {"type": "Point", "coordinates": [4.668132, 51.8141611]}, "properties": {"type": "inleverpunt", "locatieNaam": "MediaMarkt", "straatNaam": "Johan de Wittstraat", "straatNr": "15", "postcode": "3311 KG", "plaats": "Dordrecht", "merk": "Stibat", "puntType": "inzamelbak", "materialen": ["batterijen"], "uitbetaling": [], "vrijToegankelijk": false, "gemeenteBeperking": null, "openingstijden": null, "latitude": 51.8141611, "longitude": 4.668132, "bronId": "L032293"}}, {"type": "Feature", "geometry": {"type": "Point", "coordinates": [4.6685776, 51.8136922]}, "properties": {"type": "inleverpunt", "locatieNaam": "7227 Etos", "straatNaam": "Statenplein", "straatNr": "44", "postcode": "3311 NG", "plaats": "Dordrecht", "merk": "Stibat", "puntType": "inzamelbak", "materialen": ["batterijen"], "uitbetaling": [], "vrijToegankelijk": false, "gemeenteBeperking": null, "openingstijden": null, "latitude": 51.8136922, "longitude": 4.6685776, "bronId": "L023750"}}, {"type": "Feature", "geometry": {"type": "Point", "coordinates": [4.6668444, 51.8147051]}, "properties": {"type": "inleverpunt", "locatieNaam": "Ritel", "straatNaam": "Voorstraat", "straatNr": "266", "postcode": "3311 ET", "plaats": "Dordrecht", "merk": "Stibat", "puntType": "inzamelbak", "materialen": ["batterijen"], "uitbetaling": [], "vrijToegankelijk": false, "gemeenteBeperking": null, "openingstijden": null, "latitude": 51.8147051, "longitude": 4.6668444, "bronId": "L029147"}}, {"type": "Feature", "geometry": {"type": "Point", "coordinates": [4.6679648, 51.8136178]}, "properties": {"type": "inleverpunt", "locatieNaam": "Specsavers", "straatNaam": "Sarisgang", "straatNr": "15", "postcode": "3311 NE", "plaats": "Dordrecht", "merk": "Stibat", "puntType": "inzamelbak", "materialen": ["batterijen"], "uitbetaling": [], "vrijToegankelijk": false, "gemeenteBeperking": null, "openingstijden": null, "latitude": 51.8136178, "longitude": 4.6679648, "bronId": "L023818"}}, {"type": "Feature", "geometry": {"type": "Point", "coordinates": [4.6666264, 51.8146149]}, "properties": {"type": "inleverpunt", "locatieNaam": "Digimaxx", "straatNaam": "Voorstraat", "straatNr": "274", "postcode": "3311 ET", "plaats": "Dordrecht", "merk": "Stibat", "puntType": "inzamelbak", "materialen": ["batterijen"], "uitbetaling": [], "vrijToegankelijk": false, "gemeenteBeperking": null, "openingstijden": null, "latitude": 51.8146149, "longitude": 4.6666264, "bronId": "L030860"}}, {"type": "Feature", "geometry": {"type": "Point", "coordinates": [4.6664271, 51.8146427]}, "properties": {"type": "inleverpunt", "locatieNaam": "Phone House", "straatNaam": "Voorstraat", "straatNr": "317", "postcode": "3311 EP", "plaats": "Dordrecht", "merk": "Stibat", "puntType": "inzamelbak", "materialen": ["batterijen"], "uitbetaling": [], "vrijToegankelijk": false, "gemeenteBeperking": null, "openingstijden": null, "latitude": 51.8146427, "longitude": 4.6664271, "bronId": "L022718"}}, {"type": "Feature", "geometry": {"type": "Point", "coordinates": [4.6677071, 51.8134687]}, "properties": {"type": "inleverpunt", "locatieNaam": "BelCompany", "straatNaam": "Sarisgang", "straatNr": "39", "postcode": "3311 NE", "plaats": "Dordrecht", "merk": "Stibat", "puntType": "inzamelbak", "materialen": ["batterijen"], "uitbetaling": [], "vrijToegankelijk": false, "gemeenteBeperking": null, "openingstijden": null, "latitude": 51.8134687, "longitude": 4.6677071, "bronId": "L014400"}}, {"type": "Feature", "geometry": {"type": "Point", "coordinates": [4.6680991, 51.8126085]}, "properties": {"type": "inleverpunt", "locatieNaam": "i-Am Store Dordrecht", "straatNaam": "Bagijnhof", "straatNr": "52", "postcode": "3311 KE", "plaats": "Dordrecht", "merk": "Stibat", "puntType": "inzamelbak", "materialen": ["batterijen"], "uitbetaling": [], "vrijToegankelijk": false, "gemeenteBeperking": null, "openingstijden": null, "latitude": 51.8126085, "longitude": 4.6680991, "bronId": "L031795"}}, {"type": "Feature", "geometry": {"type": "Point", "coordinates": [4.6675948, 51.8129304]}, "properties": {"type": "inleverpunt", "locatieNaam": "ANWB", "straatNaam": "Bagijnhof", "straatNr": "38", "postcode": "3311 KE", "plaats": "Dordrecht", "merk": "Stibat", "puntType": "inzamelbak", "materialen": ["batterijen"], "uitbetaling": [], "vrijToegankelijk": false, "gemeenteBeperking": null, "openingstijden": null, "latitude": 51.8129304, "longitude": 4.6675948, "bronId": "L044616"}}, {"type": "Feature", "geometry": {"type": "Point", "coordinates": [4.667496, 51.812654]}, "properties": {"type": "inleverpunt", "locatieNaam": "HEMA Bagijnhof", "straatNaam": "Bagijnhof", "straatNr": "15", "postcode": "3311 KE", "plaats": "Dordrecht", "merk": "Stibat", "puntType": "inzamelbak", "materialen": ["batterijen"], "uitbetaling": [], "vrijToegankelijk": false, "gemeenteBeperking": null, "openingstijden": null, "latitude": 51.812654, "longitude": 4.667496, "bronId": "L006495"}}, {"type": "Feature", "geometry": {"type": "Point", "coordinates": [4.6658748, 51.8138417]}, "properties": {"type": "inleverpunt", "locatieNaam": "Xenos", "straatNaam": "Visstraat", "straatNr": "14", "postcode": "3311 KX", "plaats": "Dordrecht", "merk": "Stibat", "puntType": "inzamelbak", "materialen": ["batterijen"], "uitbetaling": [], "vrijToegankelijk": false, "gemeenteBeperking": null, "openingstijden": null, "latitude": 51.8138417, "longitude": 4.6658748, "bronId": "L036931"}}, {"type": "Feature", "geometry": {"type": "Point", "coordinates": [4.6668738, 51.8129895]}, "properties": {"type": "inleverpunt", "locatieNaam": "XeDa Premium Store (SX2) Dordrecht b.v.", "straatNaam": "Achterom", "straatNr": "65", "postcode": "3311 KB", "plaats": "Dordrecht", "merk": "Stibat", "puntType": "inzamelbak", "materialen": ["batterijen"], "uitbetaling": [], "vrijToegankelijk": false, "gemeenteBeperking": null, "openingstijden": null, "latitude": 51.8129895, "longitude": 4.6668738, "bronId": "L047380"}}, {"type": "Feature", "geometry": {"type": "Point", "coordinates": [4.675725, 51.805694]}, "properties": {"type": "inleverpunt", "locatieNaam": "Aldi", "straatNaam": "Dubbeldamseweg Zuid", "straatNr": "72", "postcode": "3314 JA", "plaats": "Dordrecht", "merk": "Stibat", "puntType": "inzamelbak", "materialen": ["batterijen"], "uitbetaling": [], "vrijToegankelijk": false, "gemeenteBeperking": null, "openingstijden": null, "latitude": 51.805694, "longitude": 4.675725, "bronId": "L041224"}}, {"type": "Feature", "geometry": {"type": "Point", "coordinates": [4.666595, 51.812674]}, "properties": {"type": "inleverpunt", "locatieNaam": "Prenatal DORDRECHT", "straatNaam": "Achterom", "straatNr": "5", "postcode": "3311 KA", "plaats": "Dordrecht", "merk": "Stibat", "puntType": "inzamelbak", "materialen": ["batterijen"], "uitbetaling": [], "vrijToegankelijk": false, "gemeenteBeperking": null, "openingstijden": null, "latitude": 51.812674, "longitude": 4.666595, "bronId": "L039583"}}, {"type": "Feature", "geometry": {"type": "Point", "coordinates": [4.6650836, 51.8138807]}, "properties": {"type": "inleverpunt", "locatieNaam": "Zeeman", "straatNaam": "Voorstraat", "straatNr": "302", "postcode": "3311 CW", "plaats": "Dordrecht", "merk": "Stibat", "puntType": "inzamelbak", "materialen": ["batterijen"], "uitbetaling": [], "vrijToegankelijk": false, "gemeenteBeperking": null, "openingstijden": null, "latitude": 51.8138807, "longitude": 4.6650836, "bronId": "L021144"}}, {"type": "Feature", "geometry": {"type": "Point", "coordinates": [4.6668837, 51.8122456]}, "properties": {"type": "inleverpunt", "locatieNaam": "1034 Albert Heijn", "straatNaam": "Achterom", "straatNr": "42", "postcode": "3311 KC", "plaats": "Dordrecht", "merk": "Stibat", "puntType": "inzamelbak", "materialen": ["batterijen"], "uitbetaling": [], "vrijToegankelijk": false, "gemeenteBeperking": null, "openingstijden": null, "latitude": 51.8122456, "longitude": 4.6668837, "bronId": "L006078"}}, {"type": "Feature", "geometry": {"type": "Point", "coordinates": [4.668378, 51.8108498]}, "properties": {"type": "inleverpunt", "locatieNaam": "Dirk", "straatNaam": "Cornelis de Wittstraat", "straatNr": "84", "postcode": "3311 GD", "plaats": "Dordrecht", "merk": "Stibat", "puntType": "inzamelbak", "materialen": ["batterijen"], "uitbetaling": [], "vrijToegankelijk": false, "gemeenteBeperking": null, "openingstijden": null, "latitude": 51.8108498, "longitude": 4.668378, "bronId": "L038041"}}, {"type": "Feature", "geometry": {"type": "Point", "coordinates": [4.666515, 51.8123033]}, "properties": {"type": "inleverpunt", "locatieNaam": "Schoonenberg World of hearing", "straatNaam": "Achterom", "straatNr": "95", "postcode": "3311 KB", "plaats": "Dordrecht", "merk": "Stibat", "puntType": "inzamelbak", "materialen": ["batterijen"], "uitbetaling": [], "vrijToegankelijk": false, "gemeenteBeperking": null, "openingstijden": null, "latitude": 51.8123033, "longitude": 4.666515, "bronId": "L041754"}}, {"type": "Feature", "geometry": {"type": "Point", "coordinates": [4.6647479, 51.813707]}, "properties": {"type": "inleverpunt", "locatieNaam": "Wibra", "straatNaam": "Voorstraat", "straatNr": "312", "postcode": "3311 CW", "plaats": "Dordrecht", "merk": "Stibat", "puntType": "inzamelbak", "materialen": ["batterijen"], "uitbetaling": [], "vrijToegankelijk": false, "gemeenteBeperking": null, "openingstijden": null, "latitude": 51.813707, "longitude": 4.6647479, "bronId": "L023151"}}, {"type": "Feature", "geometry": {"type": "Point", "coordinates": [4.6799133, 51.8010089]}, "properties": {"type": "inleverpunt", "locatieNaam": "PLUS", "straatNaam": "Prof. Waterinklaan", "straatNr": "45", "postcode": "3312 KM", "plaats": "Dordrecht", "merk": "Stibat", "puntType": "inzamelbak", "materialen": ["batterijen"], "uitbetaling": [], "vrijToegankelijk": false, "gemeenteBeperking": null, "openingstijden": null, "latitude": 51.8010089, "longitude": 4.6799133, "bronId": "L010997"}}, {"type": "Feature", "geometry": {"type": "Point", "coordinates": [4.6684582, 51.809335]}, "properties": {"type": "inleverpunt", "locatieNaam": "Beter Horen", "straatNaam": "Johan de Wittstraat", "straatNr": "302", "postcode": "3311 KK", "plaats": "Dordrecht", "merk": "Stibat", "puntType": "inzamelbak", "materialen": ["batterijen"], "uitbetaling": [], "vrijToegankelijk": false, "gemeenteBeperking": null, "openingstijden": null, "latitude": 51.809335, "longitude": 4.6684582, "bronId": "L018088"}}, {"type": "Feature", "geometry": {"type": "Point", "coordinates": [4.6640301, 51.8125059]}, "properties": {"type": "inleverpunt", "locatieNaam": "Het Lichtpaleis", "straatNaam": "Grote Spuistraat", "straatNr": "50", "postcode": "3311 GE", "plaats": "Dordrecht", "merk": "Stibat", "puntType": "inzamelbak", "materialen": ["batterijen"], "uitbetaling": [], "vrijToegankelijk": false, "gemeenteBeperking": null, "openingstijden": null, "latitude": 51.8125059, "longitude": 4.6640301, "bronId": "L014036"}}, {"type": "Feature", "geometry": {"type": "Point", "coordinates": [4.6679786, 51.8075626]}, "properties": {"type": "inleverpunt", "locatieNaam": "AKO", "straatNaam": "Stationsplein", "straatNr": "3", "postcode": "3311 JV", "plaats": "Dordrecht", "merk": "Stibat", "puntType": "inzamelbak", "materialen": ["batterijen"], "uitbetaling": [], "vrijToegankelijk": false, "gemeenteBeperking": null, "openingstijden": null, "latitude": 51.8075626, "longitude": 4.6679786, "bronId": "L023709"}}, {"type": "Feature", "geometry": {"type": "Point", "coordinates": [4.6665978, 51.807788]}, "properties": {"type": "inleverpunt", "locatieNaam": "Bike Totaal Zwan", "straatNaam": "Stationsplein", "straatNr": "6", "postcode": "3311 JV", "plaats": "Dordrecht", "merk": "Stibat", "puntType": "inzamelbak", "materialen": ["batterijen"], "uitbetaling": [], "vrijToegankelijk": false, "gemeenteBeperking": null, "openingstijden": null, "latitude": 51.807788, "longitude": 4.6665978, "bronId": "L030988"}}, {"type": "Feature", "geometry": {"type": "Point", "coordinates": [4.6778005, 51.7986959]}, "properties": {"type": "inleverpunt", "locatieNaam": "Beter Horen", "straatNaam": "Max Gootelaan", "straatNr": "52", "postcode": "3312 KK", "plaats": "Dordrecht", "merk": "Stibat", "puntType": "inzamelbak", "materialen": ["batterijen"], "uitbetaling": [], "vrijToegankelijk": false, "gemeenteBeperking": null, "openingstijden": null, "latitude": 51.7986959, "longitude": 4.6778005, "bronId": "L039953"}}, {"type": "Feature", "geometry": {"type": "Point", "coordinates": [4.6553403, 51.8100711]}, "properties": {"type": "inleverpunt", "locatieNaam": "1542 Albert Heijn", "straatNaam": "Korte Parallelweg", "straatNr": "165", "postcode": "3311 JN", "plaats": "Dordrecht", "merk": "Stibat", "puntType": "inzamelbak", "materialen": ["batterijen"], "uitbetaling": [], "vrijToegankelijk": false, "gemeenteBeperking": null, "openingstijden": null, "latitude": 51.8100711, "longitude": 4.6553403, "bronId": "L005977"}}, {"type": "Feature", "geometry": {"type": "Point", "coordinates": [4.6554527, 51.8099569]}, "properties": {"type": "inleverpunt", "locatieNaam": "1405 Action", "straatNaam": "Korte Parallelweg", "straatNr": "159-161", "postcode": "3311 JN", "plaats": "Dordrecht", "merk": "Stibat", "puntType": "inzamelbak", "materialen": ["batterijen"], "uitbetaling": [], "vrijToegankelijk": false, "gemeenteBeperking": null, "openingstijden": null, "latitude": 51.8099569, "longitude": 4.6554527, "bronId": "L040465"}}, {"type": "Feature", "geometry": {"type": "Point", "coordinates": [4.6655944, 51.8015496]}, "properties": {"type": "inleverpunt", "locatieNaam": "Jumbo", "straatNaam": "Krispijnseweg", "straatNr": "68", "postcode": "3314 KL", "plaats": "Dordrecht", "merk": "Stibat", "puntType": "inzamelbak", "materialen": ["batterijen"], "uitbetaling": [], "vrijToegankelijk": false, "gemeenteBeperking": null, "openingstijden": null, "latitude": 51.8015496, "longitude": 4.6655944, "bronId": "L040681"}}, {"type": "Feature", "geometry": {"type": "Point", "coordinates": [4.6673123, 51.7979171]}, "properties": {"type": "inleverpunt", "locatieNaam": "Total", "straatNaam": "S.M. Hugo van Gijnweg", "straatNr": "2", "postcode": "3314 HX", "plaats": "Dordrecht", "merk": "Stibat", "puntType": "inzamelbak", "materialen": ["batterijen"], "uitbetaling": [], "vrijToegankelijk": false, "gemeenteBeperking": null, "openingstijden": null, "latitude": 51.7979171, "longitude": 4.6673123, "bronId": "L020131"}}, {"type": "Feature", "geometry": {"type": "Point", "coordinates": [4.6586404, 51.8027802]}, "properties": {"type": "inleverpunt", "locatieNaam": "Dirk", "straatNaam": "Brouwersdijk", "straatNr": "30", "postcode": "3314 GR", "plaats": "Dordrecht", "merk": "Stibat", "puntType": "inzamelbak", "materialen": ["batterijen"], "uitbetaling": [], "vrijToegankelijk": false, "gemeenteBeperking": null, "openingstijden": null, "latitude": 51.8027802, "longitude": 4.6586404, "bronId": "L013299"}}, {"type": "Feature", "geometry": {"type": "Point", "coordinates": [4.660247, 51.8013037]}, "properties": {"type": "inleverpunt", "locatieNaam": "Motor- en Rijwielhandel Soeteman", "straatNaam": "Brouwersdijk", "straatNr": "88-94", "postcode": "3314 GT", "plaats": "Dordrecht", "merk": "Stibat", "puntType": "inzamelbak", "materialen": ["batterijen"], "uitbetaling": [], "vrijToegankelijk": false, "gemeenteBeperking": null, "openingstijden": null, "latitude": 51.8013037, "longitude": 4.660247, "bronId": "L033140"}}, {"type": "Feature", "geometry": {"type": "Point", "coordinates": [4.6769444, 51.7861609]}, "properties": {"type": "inleverpunt", "locatieNaam": "Zeeman", "straatNaam": "P.A. de Kokplein", "straatNr": "95", "postcode": "3318 JW", "plaats": "Dordrecht", "merk": "Stibat", "puntType": "inzamelbak", "materialen": ["batterijen"], "uitbetaling": [], "vrijToegankelijk": false, "gemeenteBeperking": null, "openingstijden": null, "latitude": 51.7861609, "longitude": 4.6769444, "bronId": "L021894"}}, {"type": "Feature", "geometry": {"type": "Point", "coordinates": [4.6769453, 51.7861048]}, "properties": {"type": "inleverpunt", "locatieNaam": "HEMA P.A. de Kokplein", "straatNaam": "P.A. de Kokplein", "straatNr": "96", "postcode": "3318 JW", "plaats": "Dordrecht", "merk": "Stibat", "puntType": "inzamelbak", "materialen": ["batterijen"], "uitbetaling": [], "vrijToegankelijk": false, "gemeenteBeperking": null, "openingstijden": null, "latitude": 51.7861048, "longitude": 4.6769453, "bronId": "L007747"}}, {"type": "Feature", "geometry": {"type": "Point", "coordinates": [4.6762252, 51.7863355]}, "properties": {"type": "inleverpunt", "locatieNaam": "BelCompany", "straatNaam": "P.A. de Kok-plein", "straatNr": "149", "postcode": "3318 JW", "plaats": "Dordrecht", "merk": "Stibat", "puntType": "inzamelbak", "materialen": ["batterijen"], "uitbetaling": [], "vrijToegankelijk": false, "gemeenteBeperking": null, "openingstijden": null, "latitude": 51.7863355, "longitude": 4.6762252, "bronId": "L024077"}}, {"type": "Feature", "geometry": {"type": "Point", "coordinates": [4.6770485, 51.7854474]}, "properties": {"type": "inleverpunt", "locatieNaam": "Jumbo", "straatNaam": "P.A. de Kok-plein", "straatNr": "152", "postcode": "3318 JW", "plaats": "Dordrecht", "merk": "Stibat", "puntType": "inzamelbak", "materialen": ["batterijen"], "uitbetaling": [], "vrijToegankelijk": false, "gemeenteBeperking": null, "openingstijden": null, "latitude": 51.7854474, "longitude": 4.6770485, "bronId": "L007506"}}, {"type": "Feature", "geometry": {"type": "Point", "coordinates": [4.6762725, 51.7858966]}, "properties": {"type": "inleverpunt", "locatieNaam": "Intertoys", "straatNaam": "P.A. de Kok-plein", "straatNr": "143", "postcode": "3318 JW", "plaats": "Dordrecht", "merk": "Stibat", "puntType": "inzamelbak", "materialen": ["batterijen"], "uitbetaling": [], "vrijToegankelijk": false, "gemeenteBeperking": null, "openingstijden": null, "latitude": 51.7858966, "longitude": 4.6762725, "bronId": "L046519"}}, {"type": "Feature", "geometry": {"type": "Point", "coordinates": [4.6766719, 51.7855872]}, "properties": {"type": "inleverpunt", "locatieNaam": "Bruna", "straatNaam": "P.A. de Kokplein", "straatNr": "110", "postcode": "3318 JW", "plaats": "Dordrecht", "merk": "Stibat", "puntType": "inzamelbak", "materialen": ["batterijen"], "uitbetaling": [], "vrijToegankelijk": false, "gemeenteBeperking": null, "openingstijden": null, "latitude": 51.7855872, "longitude": 4.6766719, "bronId": "L022446"}}, {"type": "Feature", "geometry": {"type": "Point", "coordinates": [4.6765588, 51.7856221]}, "properties": {"type": "inleverpunt", "locatieNaam": "Lidl", "straatNaam": "P.A. de Kok-plein", "straatNr": "127", "postcode": "3318 JW", "plaats": "Dordrecht", "merk": "Stibat", "puntType": "inzamelbak", "materialen": ["batterijen"], "uitbetaling": [], "vrijToegankelijk": false, "gemeenteBeperking": null, "openingstijden": null, "latitude": 51.7856221, "longitude": 4.6765588, "bronId": "L022427"}}, {"type": "Feature", "geometry": {"type": "Point", "coordinates": [4.6767227, 51.7851463]}, "properties": {"type": "inleverpunt", "locatieNaam": "Specsavers", "straatNaam": "P.A. de Kok-plein", "straatNr": "117", "postcode": "3318 JW", "plaats": "Dordrecht", "merk": "Stibat", "puntType": "inzamelbak", "materialen": ["batterijen"], "uitbetaling": [], "vrijToegankelijk": false, "gemeenteBeperking": null, "openingstijden": null, "latitude": 51.7851463, "longitude": 4.6767227, "bronId": "L045033"}}, {"type": "Feature", "geometry": {"type": "Point", "coordinates": [4.676169, 51.785445]}, "properties": {"type": "inleverpunt", "locatieNaam": "Hans Anders", "straatNaam": "P.A. de Kok-plein", "straatNr": "108", "postcode": "3318 JW", "plaats": "Dordrecht", "merk": "Stibat", "puntType": "inzamelbak", "materialen": ["batterijen"], "uitbetaling": [], "vrijToegankelijk": false, "gemeenteBeperking": null, "openingstijden": null, "latitude": 51.785445, "longitude": 4.676169, "bronId": "L037790"}}, {"type": "Feature", "geometry": {"type": "Point", "coordinates": [4.6767892, 51.7847579]}, "properties": {"type": "inleverpunt", "locatieNaam": "Kruidvat", "straatNaam": "P.A. de Kok-plein", "straatNr": "122", "postcode": "3318 JW", "plaats": "Dordrecht", "merk": "Stibat", "puntType": "inzamelbak", "materialen": ["batterijen"], "uitbetaling": [], "vrijToegankelijk": false, "gemeenteBeperking": null, "openingstijden": null, "latitude": 51.7847579, "longitude": 4.6767892, "bronId": "L015457"}}, {"type": "Feature", "geometry": {"type": "Point", "coordinates": [4.6764661, 51.7846822]}, "properties": {"type": "inleverpunt", "locatieNaam": "1352 Action", "straatNaam": "P.A. de Kok-plein", "straatNr": "169", "postcode": "3318 JW", "plaats": "Dordrecht", "merk": "Stibat", "puntType": "inzamelbak", "materialen": ["batterijen"], "uitbetaling": [], "vrijToegankelijk": false, "gemeenteBeperking": null, "openingstijden": null, "latitude": 51.7846822, "longitude": 4.6764661, "bronId": "L037202"}}, {"type": "Feature", "geometry": {"type": "Point", "coordinates": [4.6541461, 51.8013769]}, "properties": {"type": "inleverpunt", "locatieNaam": "B.M.M. Baartman", "straatNaam": "Frans Lebretlaan", "straatNr": "39", "postcode": "3314 EC", "plaats": "Dordrecht", "merk": "Stibat", "puntType": "inzamelbak", "materialen": ["batterijen"], "uitbetaling": [], "vrijToegankelijk": false, "gemeenteBeperking": null, "openingstijden": null, "latitude": 51.8013769, "longitude": 4.6541461, "bronId": "L033139"}}, {"type": "Feature", "geometry": {"type": "Point", "coordinates": [4.6645442, 51.791511]}, "properties": {"type": "inleverpunt", "locatieNaam": "Expert", "straatNaam": "Van Oldenbarneveltplein", "straatNr": "62-65", "postcode": "3317 ES", "plaats": "Dordrecht", "merk": "Stibat", "puntType": "inzamelbak", "materialen": ["batterijen"], "uitbetaling": [], "vrijToegankelijk": false, "gemeenteBeperking": null, "openingstijden": null, "latitude": 51.791511, "longitude": 4.6645442, "bronId": "L008688"}}, {"type": "Feature", "geometry": {"type": "Point", "coordinates": [4.6641496, 51.79169]}, "properties": {"type": "inleverpunt", "locatieNaam": "Dirk", "straatNaam": "Van Oldenbarneveltplein", "straatNr": "50", "postcode": "3317 ER", "plaats": "Dordrecht", "merk": "Stibat", "puntType": "inzamelbak", "materialen": ["batterijen"], "uitbetaling": [], "vrijToegankelijk": false, "gemeenteBeperking": null, "openingstijden": null, "latitude": 51.79169, "longitude": 4.6641496, "bronId": "L039492"}}, {"type": "Feature", "geometry": {"type": "Point", "coordinates": [4.6634335, 51.7917579]}, "properties": {"type": "inleverpunt", "locatieNaam": "Lidl", "straatNaam": "Van Oldenbarneveltplein", "straatNr": "27-29", "postcode": "3317 EP", "plaats": "Dordrecht", "merk": "Stibat", "puntType": "inzamelbak", "materialen": ["batterijen"], "uitbetaling": [], "vrijToegankelijk": false, "gemeenteBeperking": null, "openingstijden": null, "latitude": 51.7917579, "longitude": 4.6634335, "bronId": "L022983"}}, {"type": "Feature", "geometry": {"type": "Point", "coordinates": [4.6632197, 51.7917898]}, "properties": {"type": "inleverpunt", "locatieNaam": "Primera Crabbehof", "straatNaam": "Van Oldenbarneveltplein", "straatNr": "20", "postcode": "3317 EP", "plaats": "Dordrecht", "merk": "Stibat", "puntType": "inzamelbak", "materialen": ["batterijen"], "uitbetaling": [], "vrijToegankelijk": false, "gemeenteBeperking": null, "openingstijden": null, "latitude": 51.7917898, "longitude": 4.6632197, "bronId": "L022041"}}, {"type": "Feature", "geometry": {"type": "Point", "coordinates": [4.647383, 51.8043596]}, "properties": {"type": "inleverpunt", "locatieNaam": "Praxis 2050", "straatNaam": "Edisonstraat", "straatNr": "7", "postcode": "3316 AE", "plaats": "Dordrecht", "merk": "Stibat", "puntType": "inzamelbak", "materialen": ["batterijen"], "uitbetaling": [], "vrijToegankelijk": false, "gemeenteBeperking": null, "openingstijden": null, "latitude": 51.8043596, "longitude": 4.647383, "bronId": "L015578"}}, {"type": "Feature", "geometry": {"type": "Point", "coordinates": [4.6641082, 51.7907484]}, "properties": {"type": "inleverpunt", "locatieNaam": "Wibra", "straatNaam": "Van Oldenbarneveltplein", "straatNr": "78", "postcode": "3317 ES", "plaats": "Dordrecht", "merk": "Stibat", "puntType": "inzamelbak", "materialen": ["batterijen"], "uitbetaling": [], "vrijToegankelijk": false, "gemeenteBeperking": null, "openingstijden": null, "latitude": 51.7907484, "longitude": 4.6641082, "bronId": "L027705"}}, {"type": "Feature", "geometry": {"type": "Point", "coordinates": [4.6631423, 51.790718]}, "properties": {"type": "inleverpunt", "locatieNaam": "Trekpleister", "straatNaam": "Van Oldebarneveldplein", "straatNr": "89-92", "postcode": "3317 ES", "plaats": "Dordrecht", "merk": "Stibat", "puntType": "inzamelbak", "materialen": ["batterijen"], "uitbetaling": [], "vrijToegankelijk": false, "gemeenteBeperking": null, "openingstijden": null, "latitude": 51.790718, "longitude": 4.6631423, "bronId": "L018575"}}, {"type": "Feature", "geometry": {"type": "Point", "coordinates": [4.6547924, 51.7918821]}, "properties": {"type": "inleverpunt", "locatieNaam": "Bike Totaal Isendoorn", "straatNaam": "Admiraalsplein", "straatNr": "2-3", "postcode": "3317 BA", "plaats": "Dordrecht", "merk": "Stibat", "puntType": "inzamelbak", "materialen": ["batterijen"], "uitbetaling": [], "vrijToegankelijk": false, "gemeenteBeperking": null, "openingstijden": null, "latitude": 51.7918821, "longitude": 4.6547924, "bronId": "L018514"}}, {"type": "Feature", "geometry": {"type": "Point", "coordinates": [4.6534947, 51.7915345]}, "properties": {"type": "inleverpunt", "locatieNaam": "Zeeman", "straatNaam": "Admiraalsplein", "straatNr": "71", "postcode": "3317 BC", "plaats": "Dordrecht", "merk": "Stibat", "puntType": "inzamelbak", "materialen": ["batterijen"], "uitbetaling": [], "vrijToegankelijk": false, "gemeenteBeperking": null, "openingstijden": null, "latitude": 51.7915345, "longitude": 4.6534947, "bronId": "L021535"}}, {"type": "Feature", "geometry": {"type": "Point", "coordinates": [4.6530516, 51.791536]}, "properties": {"type": "inleverpunt", "locatieNaam": "Kruidvat", "straatNaam": "Admiraalsplein", "straatNr": "159-160", "postcode": "3317 BC", "plaats": "Dordrecht", "merk": "Stibat", "puntType": "inzamelbak", "materialen": ["batterijen"], "uitbetaling": [], "vrijToegankelijk": false, "gemeenteBeperking": null, "openingstijden": null, "latitude": 51.791536, "longitude": 4.6530516, "bronId": "L014361"}}, {"type": "Feature", "geometry": {"type": "Point", "coordinates": [4.6536653, 51.790977]}, "properties": {"type": "inleverpunt", "locatieNaam": "2306 Albert Heijn", "straatNaam": "Admiraalsplein", "straatNr": "162", "postcode": "3317 BC", "plaats": "Dordrecht", "merk": "Stibat", "puntType": "inzamelbak", "materialen": ["batterijen"], "uitbetaling": [], "vrijToegankelijk": false, "gemeenteBeperking": null, "openingstijden": null, "latitude": 51.790977, "longitude": 4.6536653, "bronId": "L013952"}}, {"type": "Feature", "geometry": {"type": "Point", "coordinates": [4.6480811, 51.7950815]}, "properties": {"type": "inleverpunt", "locatieNaam": "Gamma", "straatNaam": "Mijlweg", "straatNr": "49", "postcode": "3316 BE", "plaats": "Dordrecht", "merk": "Stibat", "puntType": "inzamelbak", "materialen": ["batterijen"], "uitbetaling": [], "vrijToegankelijk": false, "gemeenteBeperking": null, "openingstijden": null, "latitude": 51.7950815, "longitude": 4.6480811, "bronId": "L007992"}}, {"type": "Feature", "geometry": {"type": "Point", "coordinates": [4.648048, 51.7943997]}, "properties": {"type": "inleverpunt", "locatieNaam": "Kwantum", "straatNaam": "Mijlweg", "straatNr": "51A", "postcode": "3316 BE", "plaats": "Dordrecht", "merk": "Stibat", "puntType": "inzamelbak", "materialen": ["batterijen"], "uitbetaling": [], "vrijToegankelijk": false, "gemeenteBeperking": null, "openingstijden": null, "latitude": 51.7943997, "longitude": 4.648048, "bronId": "L016613"}}, {"type": "Feature", "geometry": {"type": "Point", "coordinates": [4.647658, 51.7937458]}, "properties": {"type": "inleverpunt", "locatieNaam": "Leen Bakker", "straatNaam": "Mijlweg", "straatNr": "51c", "postcode": "3316 BE", "plaats": "Dordrecht", "merk": "Stibat", "puntType": "inzamelbak", "materialen": ["batterijen"], "uitbetaling": [], "vrijToegankelijk": false, "gemeenteBeperking": null, "openingstijden": null, "latitude": 51.7937458, "longitude": 4.647658, "bronId": "L016620"}}, {"type": "Feature", "geometry": {"type": "Point", "coordinates": [4.6464664, 51.7797559]}, "properties": {"type": "inleverpunt", "locatieNaam": "Office Centre", "straatNaam": "Calandstraat", "straatNr": "7", "postcode": "3316 EA", "plaats": "Dordrecht", "merk": "Stibat", "puntType": "inzamelbak", "materialen": ["batterijen"], "uitbetaling": [], "vrijToegankelijk": false, "gemeenteBeperking": null, "openingstijden": null, "latitude": 51.7797559, "longitude": 4.6464664, "bronId": "L016781"}}, {"type": "Feature", "geometry": {"type": "Point", "coordinates": [4.644762, 51.7793024]}, "properties": {"type": "inleverpunt", "locatieNaam": "Toolstation", "straatNaam": "Rijksstraatweg", "straatNr": "18", "postcode": "3316 EH", "plaats": "Dordrecht", "merk": "Stibat", "puntType": "inzamelbak", "materialen": ["batterijen"], "uitbetaling": [], "vrijToegankelijk": false, "gemeenteBeperking": null, "openingstijden": null, "latitude": 51.7793024, "longitude": 4.644762, "bronId": "L042533"}}, {"type": "Feature", "geometry": {"type": "Point", "coordinates": [4.6467719, 51.7766327]}, "properties": {"type": "inleverpunt", "locatieNaam": "Bouwmaat", "straatNaam": "Vierlinghstraat", "straatNr": "52", "postcode": "3316 EL", "plaats": "Dordrecht", "merk": "Stibat", "puntType": "inzamelbak", "materialen": ["batterijen"], "uitbetaling": [], "vrijToegankelijk": false, "gemeenteBeperking": null, "openingstijden": null, "latitude": 51.7766327, "longitude": 4.6467719, "bronId": "L046491"}}, {"type": "Feature", "geometry": {"type": "Point", "coordinates": [4.6455174, 51.7753395]}, "properties": {"type": "inleverpunt", "locatieNaam": "De Haan", "straatNaam": "Rijksstraatweg", "straatNr": "28", "postcode": "3316 EH", "plaats": "Dordrecht", "merk": "Stibat", "puntType": "inzamelbak", "materialen": ["batterijen"], "uitbetaling": [], "vrijToegankelijk": false, "gemeenteBeperking": null, "openingstijden": null, "latitude": 51.7753395, "longitude": 4.6455174, "bronId": "L044750"}}, {"type": "Feature", "geometry": {"type": "Point", "coordinates": [4.6379976, 51.7766617]}, "properties": {"type": "inleverpunt", "locatieNaam": "Isero Dordrecht", "straatNaam": "Daltonstraat", "straatNr": "1", "postcode": "3316 GD", "plaats": "Dordrecht", "merk": "Stibat", "puntType": "inzamelbak", "materialen": ["batterijen"], "uitbetaling": [], "vrijToegankelijk": false, "gemeenteBeperking": null, "openingstijden": null, "latitude": 51.7766617, "longitude": 4.6379976, "bronId": "L039813"}}, {"type": "Feature", "geometry": {"type": "Point", "coordinates": [4.6336725, 51.7775946]}, "properties": {"type": "inleverpunt", "locatieNaam": "Mastermate", "straatNaam": "Pascalstraat", "straatNr": "80a", "postcode": "3316 GR", "plaats": "Dordrecht", "merk": "Stibat", "puntType": "inzamelbak", "materialen": ["batterijen"], "uitbetaling": [], "vrijToegankelijk": false, "gemeenteBeperking": null, "openingstijden": null, "latitude": 51.7775946, "longitude": 4.6336725, "bronId": "L031479"}}, {"type": "Feature", "geometry": {"type": "Point", "coordinates": [4.6373683, 51.7736987]}, "properties": {"type": "inleverpunt", "locatieNaam": "Picnic", "straatNaam": "Pieter Zeemanweg", "straatNr": "146 A", "postcode": "3316 GZ", "plaats": "Dordrecht", "merk": "Stibat", "puntType": "inzamelbak", "materialen": ["batterijen"], "uitbetaling": [], "vrijToegankelijk": false, "gemeenteBeperking": null, "openingstijden": null, "latitude": 51.7736987, "longitude": 4.6373683, "bronId": "L043709"}}, {"type": "Feature", "geometry": {"type": "Point", "coordinates": [4.6314168, 51.7658213]}, "properties": {"type": "inleverpunt", "locatieNaam": "Makro", "straatNaam": "Toermalijnring", "straatNr": "2000", "postcode": "3316 LC", "plaats": "Dordrecht", "merk": "Stibat", "puntType": "inzamelbak", "materialen": ["batterijen"], "uitbetaling": [], "vrijToegankelijk": false, "gemeenteBeperking": null, "openingstijden": null, "latitude": 51.7658213, "longitude": 4.6314168, "bronId": "L024794"}}, {"type": "Feature", "geometry": {"type": "Polygon", "coordinates": [[[4.6204040009246, 51.714124003733595], [4.644596000949235, 51.718975003736794], [4.675223000980378, 51.7242090037403], [4.681598000987012, 51.72841900374306], [4.693263000998963, 51.73228200374555], [4.703746001009759, 51.736927003748576], [4.717281001023743, 51.74381900375307], [4.729445001036337, 51.75071000375751], [4.7366310010438175, 51.75556800376065], [4.740770001048147, 51.75881800376277], [4.744788001052419, 51.76348700376575], [4.750569001058839, 51.7757620037737], [4.755240001063825, 51.78161100377748], [4.758403001067149, 51.78441500377925], [4.765434001074471, 51.78936300378242], [4.773539001082827, 51.793324003784974], [4.781809001091284, 51.79593500378666], [4.79719400110697, 51.79977000378912], [4.806876001116752, 51.80033600378948], [4.81637200112629, 51.799660003789036], [4.828872001138809, 51.79802100378797], [4.836108001146094, 51.79783900378783], [4.845984001156088, 51.79875700378844], [4.854413001164671, 51.800683003789615], [4.8596670011700605, 51.8026840037909], [4.865810001176387, 51.80561300379278], [4.876054001187, 51.811883003796794], [4.884643001195867, 51.81647100379967], [4.8833230011946345, 51.81862700380106], [4.876738001187956, 51.817723003800495], [4.871246001182418, 51.817586003800415], [4.8432640011543, 51.81916300380149], [4.820115001130977, 51.81905800380144], [4.807978001118721, 51.818465003801066], [4.798025001108637, 51.81725700380031], [4.786804001097241, 51.8153140037991], [4.773190001083523, 51.81528600379907], [4.76794400107826, 51.81571900379934], [4.765035001075361, 51.81635000379973], [4.762118001072467, 51.81730800380036], [4.754618001065073, 51.820684003802505], [4.748724001059205, 51.822090003803375], [4.745063001055528, 51.82229500380352], [4.735948001046334, 51.822033003803355], [4.729639001039988, 51.82216900380343], [4.713857001024146, 51.82329700380415], [4.709097001019356, 51.823358003804216], [4.695377001005494, 51.822448003803586], [4.682302000992232, 51.82057300380238], [4.676719000986604, 51.82039600380222], [4.67042900098029, 51.8208210038025], [4.666005000975793, 51.82001800380194], [4.661899000971579, 51.81851200380097], [4.65320800096258, 51.81346000379772], [4.645689000954708, 51.80744500379384], [4.63993700094878, 51.80468800379211], [4.634907000943622, 51.80281500379085], [4.630159000938781, 51.80168800379013], [4.626037000934595, 51.801022003789676], [4.621222000929735, 51.80080400378951], [4.622742000930913, 51.79374400378496], [4.62647600093428, 51.785765003779886], [4.627497000935128, 51.78216400377759], [4.62768400093507, 51.777174003774405], [4.626185000933131, 51.76860700376882], [4.626343000933042, 51.76361700376562], [4.627441000933931, 51.75921500376281], [4.630738000936876, 51.751626003757906], [4.631633000937478, 51.74555800375396], [4.631089000936733, 51.74156900375143], [4.628985000934245, 51.73417800374663], [4.6204040009246, 51.714124003733595]]]}, "properties": {"type": "boundary", "gemeente": "Dordrecht"}}]}