{"type": "FeatureCollection", "metadata": {"gemeente": "Eindhoven", "slug": "eindhoven", "generated_at": "2026-07-28T09:25:50.134599Z", "total_points": 434, "merken": ["StatiegeldNederland", "Stibat", "StichtingOPEN"], "bounds": [5.3920123, 51.4066286, 5.5265653, 51.4892475]}, "features": [{"type": "Feature", "geometry": {"type": "Point", "coordinates": [5.4406559, 51.4887236]}, "properties": {"type": "inleverpunt", "locatieNaam": "Albert Heijn", "straatNaam": "Ardechelaan", "straatNr": "5", "postcode": "5627 EM", "plaats": "Eindhoven", "merk": "StatiegeldNederland", "puntType": "automaat", "materialen": ["pet-groot", "pet-klein", "blik", "glas", "krat"], "uitbetaling": ["bonnetje", "donatie"], "vrijToegankelijk": true, "gemeenteBeperking": null, "openingstijden": {"ma": "08:00–21:00", "di": "08:00–21:00", "wo": "08:00–21:00", "do": "08:00–21:00", "vr": "08:00–21:00", "za": "08:00–21:00", "zo": "10:00–20:00"}, "latitude": 51.4887236, "longitude": 5.4406559, "bronId": "251989"}}, {"type": "Feature", "geometry": {"type": "Point", "coordinates": [5.4888728, 51.4597946]}, "properties": {"type": "inleverpunt", "locatieNaam": "Albert Heijn", "straatNaam": "Casandraplein", "straatNr": "8", "postcode": "5631 BA", "plaats": "Eindhoven", "merk": "StatiegeldNederland", "puntType": "automaat", "materialen": ["pet-groot", "pet-klein", "blik", "glas", "krat"], "uitbetaling": ["bonnetje", "donatie"], "vrijToegankelijk": true, "gemeenteBeperking": null, "openingstijden": {"ma": "08:00–21:00", "di": "08:00–21:00", "wo": "08:00–21:00", "do": "08:00–21:00", "vr": "08:00–21:00", "za": "08:00–21:00", "zo": "09:00–20:00"}, "latitude": 51.4597946, "longitude": 5.4888728, "bronId": "252090"}}, {"type": "Feature", "geometry": {"type": "Point", "coordinates": [5.4700836, 51.4325626]}, "properties": {"type": "inleverpunt", "locatieNaam": "Albert Heijn", "straatNaam": "Hoogstraat", "straatNr": "100", "postcode": "5615 PS", "plaats": "Eindhoven", "merk": "StatiegeldNederland", "puntType": "automaat", "materialen": ["pet-groot", "pet-klein", "blik", "glas", "krat"], "uitbetaling": ["bonnetje", "donatie"], "vrijToegankelijk": true, "gemeenteBeperking": null, "openingstijden": {"ma": "08:00–22:00", "di": "08:00–22:00", "wo": "08:00–22:00", "do": "08:00–22:00", "vr": "08:00–22:00", "za": "08:00–22:00", "zo": "09:00–20:00"}, "latitude": 51.4325626, "longitude": 5.4700836, "bronId": "252334"}}, {"type": "Feature", "geometry": {"type": "Point", "coordinates": [5.5037016, 51.4413959]}, "properties": {"type": "inleverpunt", "locatieNaam": "Albert Heijn", "straatNaam": "Insulindelaan", "straatNr": "130", "postcode": "5613 BT", "plaats": "Eindhoven", "merk": "StatiegeldNederland", "puntType": "automaat", "materialen": ["pet-groot", "pet-klein", "blik", "glas", "krat"], "uitbetaling": ["bonnetje", "donatie"], "vrijToegankelijk": true, "gemeenteBeperking": null, "openingstijden": {"ma": "08:00–22:00", "di": "08:00–22:00", "wo": "08:00–22:00", "do": "08:00–22:00", "vr": "08:00–22:00", "za": "08:00–22:00", "zo": "09:00–20:00"}, "latitude": 51.4413959, "longitude": 5.5037016, "bronId": "252348"}}, {"type": "Feature", "geometry": {"type": "Point", "coordinates": [5.4986864, 51.4228437]}, "properties": {"type": "inleverpunt", "locatieNaam": "Albert Heijn", "straatNaam": "Kamperfoelielaan", "straatNr": "45", "postcode": "5643 BB", "plaats": "Eindhoven", "merk": "StatiegeldNederland", "puntType": "automaat", "materialen": ["pet-groot", "pet-klein", "blik", "glas", "krat"], "uitbetaling": ["bonnetje", "donatie"], "vrijToegankelijk": true, "gemeenteBeperking": null, "openingstijden": {"ma": "08:00–22:00", "di": "08:00–22:00", "wo": "08:00–22:00", "do": "08:00–22:00", "vr": "08:00–22:00", "za": "08:00–22:00", "zo": "09:00–20:00"}, "latitude": 51.4228437, "longitude": 5.4986864, "bronId": "252371"}}, {"type": "Feature", "geometry": {"type": "Point", "coordinates": [5.4886451, 51.4266891]}, "properties": {"type": "inleverpunt", "locatieNaam": "Albert Heijn", "straatNaam": "Leenderweg", "straatNr": "52", "postcode": "5615 AA", "plaats": "Eindhoven", "merk": "StatiegeldNederland", "puntType": "automaat", "materialen": ["pet-groot", "pet-klein", "blik", "glas", "krat"], "uitbetaling": ["bonnetje", "donatie"], "vrijToegankelijk": true, "gemeenteBeperking": null, "openingstijden": {"ma": "08:00–22:00", "di": "08:00–22:00", "wo": "08:00–22:00", "do": "08:00–22:00", "vr": "08:00–22:00", "za": "08:00–22:00", "zo": "09:00–20:00"}, "latitude": 51.4266891, "longitude": 5.4886451, "bronId": "252463"}}, {"type": "Feature", "geometry": {"type": "Point", "coordinates": [5.462836, 51.4233662]}, "properties": {"type": "inleverpunt", "locatieNaam": "Albert Heijn", "straatNaam": "Leharplein", "straatNr": "19", "postcode": "5654 AZ", "plaats": "Eindhoven", "merk": "StatiegeldNederland", "puntType": "automaat", "materialen": ["pet-groot", "pet-klein", "blik", "glas", "krat"], "uitbetaling": ["bonnetje", "donatie"], "vrijToegankelijk": true, "gemeenteBeperking": null, "openingstijden": {"ma": "08:00–22:00", "di": "08:00–22:00", "wo": "08:00–22:00", "do": "08:00–22:00", "vr": "08:00–22:00", "za": "08:00–22:00", "zo": "09:00–20:00"}, "latitude": 51.4233662, "longitude": 5.462836, "bronId": "252465"}}, {"type": "Feature", "geometry": {"type": "Point", "coordinates": [5.4516667, 51.435]}, "properties": {"type": "inleverpunt", "locatieNaam": "Albert Heijn", "straatNaam": "Limburglaan", "straatNr": "2", "postcode": "5652 AA", "plaats": "Eindhoven", "merk": "StatiegeldNederland", "puntType": "automaat", "materialen": ["pet-groot", "pet-klein", "blik", "glas", "krat"], "uitbetaling": ["bonnetje", "donatie"], "vrijToegankelijk": true, "gemeenteBeperking": null, "openingstijden": {"ma": "07:00–22:00", "di": "07:00–22:00", "wo": "07:00–22:00", "do": "07:00–22:00", "vr": "07:00–22:00", "za": "07:00–22:00", "zo": "09:00–20:00"}, "latitude": 51.435, "longitude": 5.4516667, "bronId": "252477"}}, {"type": "Feature", "geometry": {"type": "Point", "coordinates": [5.409474, 51.4428852]}, "properties": {"type": "inleverpunt", "locatieNaam": "Albert Heijn", "straatNaam": "Meerzand", "straatNr": "6", "postcode": "5658 LJ", "plaats": "Eindhoven", "merk": "StatiegeldNederland", "puntType": "automaat", "materialen": ["pet-groot", "pet-klein", "blik", "glas", "krat"], "uitbetaling": ["bonnetje", "donatie"], "vrijToegankelijk": true, "gemeenteBeperking": null, "openingstijden": {"ma": "08:00–22:00", "di": "08:00–22:00", "wo": "08:00–22:00", "do": "08:00–22:00", "vr": "08:00–22:00", "za": "08:00–22:00", "zo": "09:00–20:00"}, "latitude": 51.4428852, "longitude": 5.409474, "bronId": "252519"}}, {"type": "Feature", "geometry": {"type": "Point", "coordinates": [5.4941282, 51.4700898]}, "properties": {"type": "inleverpunt", "locatieNaam": "Albert Heijn", "straatNaam": "Orionstraat", "straatNr": "149", "postcode": "5632 DC", "plaats": "Eindhoven", "merk": "StatiegeldNederland", "puntType": "automaat", "materialen": ["pet-groot", "pet-klein", "blik", "glas", "krat"], "uitbetaling": ["bonnetje", "donatie"], "vrijToegankelijk": true, "gemeenteBeperking": null, "openingstijden": {"ma": "08:00–21:00", "di": "08:00–21:00", "wo": "08:00–21:00", "do": "08:00–21:00", "vr": "08:00–21:00", "za": "08:00–21:00", "zo": "10:00–19:00"}, "latitude": 51.4700898, "longitude": 5.4941282, "bronId": "252590"}}, {"type": "Feature", "geometry": {"type": "Point", "coordinates": [5.4738889, 51.4891667]}, "properties": {"type": "inleverpunt", "locatieNaam": "Albert Heijn", "straatNaam": "Ouverture", "straatNr": "214", "postcode": "5629 PZ", "plaats": "Eindhoven", "merk": "StatiegeldNederland", "puntType": "automaat", "materialen": ["pet-groot", "pet-klein", "blik", "glas", "krat"], "uitbetaling": ["bonnetje", "donatie"], "vrijToegankelijk": true, "gemeenteBeperking": null, "openingstijden": {"ma": "08:00–21:00", "di": "08:00–21:00", "wo": "08:00–21:00", "do": "08:00–21:00", "vr": "08:00–21:00", "za": "08:00–21:00", "zo": "09:00–20:00"}, "latitude": 51.4891667, "longitude": 5.4738889, "bronId": "252604"}}, {"type": "Feature", "geometry": {"type": "Point", "coordinates": [5.5097222, 51.4277778]}, "properties": {"type": "inleverpunt", "locatieNaam": "Albert Heijn", "straatNaam": "P. Canisiuslaan", "straatNr": "43", "postcode": "5645 GC", "plaats": "Eindhoven", "merk": "StatiegeldNederland", "puntType": "automaat", "materialen": ["pet-groot", "pet-klein", "blik", "glas", "krat"], "uitbetaling": ["bonnetje", "donatie"], "vrijToegankelijk": true, "gemeenteBeperking": null, "openingstijden": {"ma": "08:00–22:00", "di": "08:00–22:00", "wo": "08:00–22:00", "do": "08:00–22:00", "vr": "08:00–22:00", "za": "08:00–22:00", "zo": "09:00–20:00"}, "latitude": 51.4277778, "longitude": 5.5097222, "bronId": "252609"}}, {"type": "Feature", "geometry": {"type": "Point", "coordinates": [5.4918086, 51.4199276]}, "properties": {"type": "inleverpunt", "locatieNaam": "Albert Heijn", "straatNaam": "Roostenlaan", "straatNr": "112", "postcode": "5644 GJ", "plaats": "Eindhoven", "merk": "StatiegeldNederland", "puntType": "automaat", "materialen": ["pet-groot", "pet-klein", "blik", "glas", "krat"], "uitbetaling": ["bonnetje", "donatie"], "vrijToegankelijk": true, "gemeenteBeperking": null, "openingstijden": {"ma": "08:00–22:00", "di": "08:00–22:00", "wo": "08:00–22:00", "do": "08:00–22:00", "vr": "08:00–22:00", "za": "08:00–22:00", "zo": "09:00–20:00"}, "latitude": 51.4199276, "longitude": 5.4918086, "bronId": "252687"}}, {"type": "Feature", "geometry": {"type": "Point", "coordinates": [5.4530546, 51.4408135]}, "properties": {"type": "inleverpunt", "locatieNaam": "Albert Heijn", "straatNaam": "Strijpsestraat", "straatNr": "137A", "postcode": "5616 GM", "plaats": "Eindhoven", "merk": "StatiegeldNederland", "puntType": "automaat", "materialen": ["pet-groot", "pet-klein", "blik", "glas", "krat"], "uitbetaling": ["bonnetje", "donatie"], "vrijToegankelijk": true, "gemeenteBeperking": null, "openingstijden": {"ma": "08:00–22:00", "di": "08:00–22:00", "wo": "08:00–22:00", "do": "08:00–22:00", "vr": "08:00–22:00", "za": "08:00–22:00", "zo": "09:00–20:00"}, "latitude": 51.4408135, "longitude": 5.4530546, "bronId": "252785"}}, {"type": "Feature", "geometry": {"type": "Point", "coordinates": [5.4930739, 51.4769667]}, "properties": {"type": "inleverpunt", "locatieNaam": "Albert Heijn", "straatNaam": "Tarwelaan", "straatNr": "70", "postcode": "5632 KG", "plaats": "Eindhoven", "merk": "StatiegeldNederland", "puntType": "automaat", "materialen": ["pet-groot", "pet-klein", "blik", "glas", "krat"], "uitbetaling": ["bonnetje", "donatie"], "vrijToegankelijk": true, "gemeenteBeperking": null, "openingstijden": {"ma": "08:00–22:00", "di": "08:00–22:00", "wo": "08:00–22:00", "do": "08:00–22:00", "vr": "08:00–22:00", "za": "08:00–22:00", "zo": "10:00–20:00"}, "latitude": 51.4769667, "longitude": 5.4930739, "bronId": "252798"}}, {"type": "Feature", "geometry": {"type": "Point", "coordinates": [5.45374, 51.4480991]}, "properties": {"type": "inleverpunt", "locatieNaam": "Albert Heijn", "straatNaam": "Torenallee", "straatNr": "86-02", "postcode": "5617 BD", "plaats": "Eindhoven", "merk": "StatiegeldNederland", "puntType": "automaat", "materialen": ["pet-groot", "pet-klein", "blik", "glas", "krat"], "uitbetaling": ["bonnetje", "donatie"], "vrijToegankelijk": true, "gemeenteBeperking": null, "openingstijden": {"ma": "08:00–21:00", "di": "08:00–21:00", "wo": "08:00–21:00", "do": "08:00–21:00", "vr": "08:00–21:00", "za": "08:00–21:00", "zo": "10:00–20:00"}, "latitude": 51.4480991, "longitude": 5.45374, "bronId": "252814"}}, {"type": "Feature", "geometry": {"type": "Point", "coordinates": [5.4791765, 51.4410206]}, "properties": {"type": "inleverpunt", "locatieNaam": "Albert Heijn", "straatNaam": "Vestdijk", "straatNr": "1", "postcode": "5611 CA", "plaats": "Eindhoven", "merk": "StatiegeldNederland", "puntType": "automaat", "materialen": ["pet-groot", "pet-klein", "blik", "glas", "krat"], "uitbetaling": ["bonnetje", "donatie"], "vrijToegankelijk": true, "gemeenteBeperking": null, "openingstijden": {"ma": "08:00–22:00", "di": "08:00–22:00", "wo": "08:00–22:00", "do": "08:00–22:00", "vr": "08:00–22:00", "za": "08:00–22:00", "zo": "09:00–20:00"}, "latitude": 51.4410206, "longitude": 5.4791765, "bronId": "252861"}}, {"type": "Feature", "geometry": {"type": "Point", "coordinates": [5.4734772, 51.4680885]}, "properties": {"type": "inleverpunt", "locatieNaam": "Albert Heijn", "straatNaam": "Winkelcentrum Woensel", "straatNr": "119", "postcode": "5625 AG", "plaats": "Eindhoven", "merk": "StatiegeldNederland", "puntType": "automaat", "materialen": ["pet-groot", "pet-klein", "blik", "glas", "krat"], "uitbetaling": ["bonnetje", "donatie"], "vrijToegankelijk": true, "gemeenteBeperking": null, "openingstijden": {"ma": "07:00–22:00", "di": "07:00–22:00", "wo": "07:00–22:00", "do": "07:00–22:00", "vr": "07:00–22:00", "za": "07:00–22:00", "zo": "09:00–20:00"}, "latitude": 51.4680885, "longitude": 5.4734772, "bronId": "252937"}}, {"type": "Feature", "geometry": {"type": "Point", "coordinates": [5.4722792, 51.4517023]}, "properties": {"type": "inleverpunt", "locatieNaam": "Albert Heijn", "straatNaam": "Woenselse Markt", "straatNr": "5", "postcode": "5612 CP", "plaats": "Eindhoven", "merk": "StatiegeldNederland", "puntType": "automaat", "materialen": ["pet-groot", "pet-klein", "blik", "glas", "krat"], "uitbetaling": ["bonnetje", "donatie"], "vrijToegankelijk": true, "gemeenteBeperking": null, "openingstijden": {"ma": "08:00–22:00", "di": "08:00–22:00", "wo": "08:00–22:00", "do": "08:00–22:00", "vr": "08:00–22:00", "za": "08:00–22:00", "zo": "09:00–20:00"}, "latitude": 51.4517023, "longitude": 5.4722792, "bronId": "252940"}}, {"type": "Feature", "geometry": {"type": "Point", "coordinates": [5.4858157, 51.42259]}, "properties": {"type": "inleverpunt", "locatieNaam": "Aldi", "straatNaam": "Aalsterweg", "straatNr": "141-143", "postcode": "5644 RA", "plaats": "Eindhoven", "merk": "StatiegeldNederland", "puntType": "automaat", "materialen": ["pet-groot", "pet-klein", "blik", "glas", "krat"], "uitbetaling": ["bonnetje"], "vrijToegankelijk": true, "gemeenteBeperking": null, "openingstijden": {"ma": "08:00–20:00", "di": "08:00–20:00", "wo": "08:00–20:00", "do": "08:00–20:00", "vr": "08:00–20:00", "za": "08:00–20:00", "zo": "09:00–18:00"}, "latitude": 51.42259, "longitude": 5.4858157, "bronId": "252991"}}, {"type": "Feature", "geometry": {"type": "Point", "coordinates": [5.47897, 51.480051]}, "properties": {"type": "inleverpunt", "locatieNaam": "Aldi", "straatNaam": "Belgiëplein", "straatNr": "22-23", "postcode": "5628 XJ", "plaats": "Eindhoven", "merk": "StatiegeldNederland", "puntType": "automaat", "materialen": ["pet-groot", "pet-klein", "blik", "glas", "krat"], "uitbetaling": ["bonnetje"], "vrijToegankelijk": true, "gemeenteBeperking": null, "openingstijden": {"ma": "08:00–20:00", "di": "08:00–20:00", "wo": "08:00–20:00", "do": "08:00–20:00", "vr": "08:00–20:00", "za": "08:00–20:00", "zo": "09:00–18:00"}, "latitude": 51.480051, "longitude": 5.47897, "bronId": "253010"}}, {"type": "Feature", "geometry": {"type": "Point", "coordinates": [5.4643603, 51.4630466]}, "properties": {"type": "inleverpunt", "locatieNaam": "Aldi", "straatNaam": "Judas Thaddeusplein", "straatNr": "1", "postcode": "5622 JX", "plaats": "Eindhoven", "merk": "StatiegeldNederland", "puntType": "automaat", "materialen": ["pet-groot", "pet-klein", "blik", "glas", "krat"], "uitbetaling": ["bonnetje"], "vrijToegankelijk": true, "gemeenteBeperking": null, "openingstijden": {"ma": "08:00–20:00", "di": "08:00–20:00", "wo": "08:00–20:00", "do": "08:00–20:00", "vr": "08:00–20:00", "za": "08:00–20:00", "zo": "09:00–18:00"}, "latitude": 51.4630466, "longitude": 5.4643603, "bronId": "253190"}}, {"type": "Feature", "geometry": {"type": "Point", "coordinates": [5.439299, 51.418824]}, "properties": {"type": "inleverpunt", "locatieNaam": "Aldi", "straatNaam": "Kastelenplein", "straatNr": "60", "postcode": "5653 LP", "plaats": "Eindhoven", "merk": "StatiegeldNederland", "puntType": "automaat", "materialen": ["pet-groot", "pet-klein", "blik", "glas", "krat"], "uitbetaling": ["bonnetje"], "vrijToegankelijk": true, "gemeenteBeperking": null, "openingstijden": {"ma": "08:00–20:00", "di": "08:00–20:00", "wo": "08:00–20:00", "do": "08:00–20:00", "vr": "08:00–20:00", "za": "08:00–20:00", "zo": "09:00–18:00"}, "latitude": 51.418824, "longitude": 5.439299, "bronId": "253200"}}, {"type": "Feature", "geometry": {"type": "Point", "coordinates": [5.502751, 51.442792]}, "properties": {"type": "inleverpunt", "locatieNaam": "Aldi", "straatNaam": "Meerkollaan", "straatNr": "6", "postcode": "5613 DG", "plaats": "Eindhoven", "merk": "StatiegeldNederland", "puntType": "automaat", "materialen": ["pet-groot", "pet-klein", "blik", "glas", "krat"], "uitbetaling": ["bonnetje"], "vrijToegankelijk": true, "gemeenteBeperking": null, "openingstijden": {"ma": "08:00–18:00", "di": "08:00–18:00", "wo": "08:00–18:00", "do": "08:00–18:00", "vr": "08:00–18:00", "za": "08:00–18:00", "zo": "Gesloten"}, "latitude": 51.442792, "longitude": 5.502751, "bronId": "253255"}}, {"type": "Feature", "geometry": {"type": "Point", "coordinates": [5.415446, 51.483329]}, "properties": {"type": "inleverpunt", "locatieNaam": "Appel - 2710 - Kulicke Soffa", "straatNaam": "Hooge Zijde", "straatNr": "32", "postcode": "5626 DC", "plaats": "Eindhoven", "merk": "StatiegeldNederland", "puntType": "balie", "materialen": ["pet-groot", "pet-klein", "blik"], "uitbetaling": [], "vrijToegankelijk": true, "gemeenteBeperking": null, "openingstijden": {"ma": "08:30–16:30", "di": "08:30–16:30", "wo": "08:30–16:30", "do": "08:30–16:30", "vr": "08:30–16:30", "za": "Gesloten", "zo": "Gesloten"}, "latitude": 51.483329, "longitude": 5.415446, "bronId": "253509"}}, {"type": "Feature", "geometry": {"type": "Point", "coordinates": [5.3944261, 51.4557529]}, "properties": {"type": "inleverpunt", "locatieNaam": "Appel - 2732 - Dufry", "straatNaam": "Luchthavenweg", "straatNr": "38", "postcode": "5657 EB", "plaats": "Eindhoven", "merk": "StatiegeldNederland", "puntType": "balie", "materialen": ["pet-groot", "pet-klein", "blik"], "uitbetaling": [], "vrijToegankelijk": true, "gemeenteBeperking": null, "openingstijden": null, "latitude": 51.4557529, "longitude": 5.3944261, "bronId": "253514"}}, {"type": "Feature", "geometry": {"type": "Point", "coordinates": [5.484525, 51.44772]}, "properties": {"type": "inleverpunt", "locatieNaam": "Appel - 7025 - Tu E Auditorium Bqt", "straatNaam": "Den Dolech", "straatNr": "2", "postcode": "5612 AZ", "plaats": "Eindhoven", "merk": "StatiegeldNederland", "puntType": "balie", "materialen": ["pet-groot", "pet-klein", "blik"], "uitbetaling": [], "vrijToegankelijk": true, "gemeenteBeperking": null, "openingstijden": null, "latitude": 51.44772, "longitude": 5.484525, "bronId": "253518"}}, {"type": "Feature", "geometry": {"type": "Point", "coordinates": [5.4889007, 51.4487895]}, "properties": {"type": "inleverpunt", "locatieNaam": "Appel - 7042 Tu/e Neuron", "straatNaam": "Groene Loper", "straatNr": "19", "postcode": "5612 AP", "plaats": "Eindhoven", "merk": "StatiegeldNederland", "puntType": "balie", "materialen": ["pet-groot", "pet-klein", "blik"], "uitbetaling": [], "vrijToegankelijk": true, "gemeenteBeperking": null, "openingstijden": {"ma": "07:30–22:00", "di": "07:30–22:00", "wo": "07:30–22:00", "do": "07:30–22:00", "vr": "07:30–22:00", "za": "Gesloten", "zo": "Gesloten"}, "latitude": 51.4487895, "longitude": 5.4889007, "bronId": "253519"}}, {"type": "Feature", "geometry": {"type": "Point", "coordinates": [5.414183, 51.4711188]}, "properties": {"type": "inleverpunt", "locatieNaam": "Appel 2398 - Vdl Enabling", "straatNaam": "De Schakel", "straatNr": "22", "postcode": "5651 GH", "plaats": "Eindhoven", "merk": "StatiegeldNederland", "puntType": "balie", "materialen": ["pet-groot", "pet-klein", "blik"], "uitbetaling": [], "vrijToegankelijk": true, "gemeenteBeperking": null, "openingstijden": {"ma": "08:00–17:00", "di": "08:00–17:00", "wo": "08:00–17:00", "do": "08:00–17:00", "vr": "08:00–17:00", "za": "Gesloten", "zo": "Gesloten"}, "latitude": 51.4711188, "longitude": 5.414183, "bronId": "253544"}}, {"type": "Feature", "geometry": {"type": "Point", "coordinates": [5.438844, 51.4331387]}, "properties": {"type": "inleverpunt", "locatieNaam": "Appel 2399 - Vdl Etg", "straatNaam": "Hurksestraat", "straatNr": "13", "postcode": "5652 AH", "plaats": "Eindhoven", "merk": "StatiegeldNederland", "puntType": "balie", "materialen": ["pet-groot", "pet-klein", "blik"], "uitbetaling": [], "vrijToegankelijk": true, "gemeenteBeperking": null, "openingstijden": {"ma": "08:00–17:00", "di": "08:00–17:00", "wo": "08:00–17:00", "do": "08:00–17:00", "vr": "08:00–17:00", "za": "Gesloten", "zo": "Gesloten"}, "latitude": 51.4331387, "longitude": 5.438844, "bronId": "253545"}}, {"type": "Feature", "geometry": {"type": "Point", "coordinates": [5.3978763, 51.4539004]}, "properties": {"type": "inleverpunt", "locatieNaam": "Appel 2457 - Edco Eindhoven", "straatNaam": "A. Mulderweg", "straatNr": "9-11", "postcode": "5657 EM", "plaats": "Eindhoven", "merk": "StatiegeldNederland", "puntType": "balie", "materialen": ["pet-groot", "pet-klein", "blik"], "uitbetaling": [], "vrijToegankelijk": true, "gemeenteBeperking": null, "openingstijden": {"ma": "08:00–17:00", "di": "08:00–17:00", "wo": "08:00–17:00", "do": "08:00–17:00", "vr": "08:00–17:00", "za": "Gesloten", "zo": "Gesloten"}, "latitude": 51.4539004, "longitude": 5.3978763, "bronId": "253550"}}, {"type": "Feature", "geometry": {"type": "Point", "coordinates": [5.4298364, 51.4230984]}, "properties": {"type": "inleverpunt", "locatieNaam": "Appel 2460 - Cbr Eindhoven", "straatNaam": "Hoevenweg", "straatNr": "20", "postcode": "5652 AW", "plaats": "Eindhoven", "merk": "StatiegeldNederland", "puntType": "balie", "materialen": ["pet-groot", "pet-klein", "blik"], "uitbetaling": [], "vrijToegankelijk": true, "gemeenteBeperking": null, "openingstijden": null, "latitude": 51.4230984, "longitude": 5.4298364, "bronId": "253553"}}, {"type": "Feature", "geometry": {"type": "Point", "coordinates": [5.4030009, 51.4529066]}, "properties": {"type": "inleverpunt", "locatieNaam": "Appel 2771 - Tech Tower", "straatNaam": "Flight Forum", "straatNr": "80-119", "postcode": "5657 DC", "plaats": "Eindhoven", "merk": "StatiegeldNederland", "puntType": "balie", "materialen": ["pet-groot", "pet-klein", "blik"], "uitbetaling": [], "vrijToegankelijk": true, "gemeenteBeperking": null, "openingstijden": {"ma": "09:00–17:30", "di": "09:00–17:30", "wo": "09:00–17:30", "do": "09:00–17:30", "vr": "09:00–17:30", "za": "Gesloten", "zo": "Gesloten"}, "latitude": 51.4529066, "longitude": 5.4030009, "bronId": "253665"}}, {"type": "Feature", "geometry": {"type": "Point", "coordinates": [5.4861219, 51.4481784]}, "properties": {"type": "inleverpunt", "locatieNaam": "Appel 7024 - Tu-e Atlas", "straatNaam": "De Zaale", "straatNr": "11", "postcode": "5612 AJ", "plaats": "Eindhoven", "merk": "StatiegeldNederland", "puntType": "balie", "materialen": ["pet-groot", "pet-klein", "blik"], "uitbetaling": [], "vrijToegankelijk": true, "gemeenteBeperking": null, "openingstijden": {"ma": "07:00–20:00", "di": "07:00–20:00", "wo": "07:00–20:00", "do": "07:00–20:00", "vr": "07:00–20:00", "za": "Gesloten", "zo": "Gesloten"}, "latitude": 51.4481784, "longitude": 5.4861219, "bronId": "253698"}}, {"type": "Feature", "geometry": {"type": "Point", "coordinates": [5.484525, 51.44772]}, "properties": {"type": "inleverpunt", "locatieNaam": "Appel 7025 - Tu Ehv Auditorium", "straatNaam": "De Zaale", "straatNr": "11", "postcode": "5612 AJ", "plaats": "Eindhoven", "merk": "StatiegeldNederland", "puntType": "balie", "materialen": ["pet-groot", "pet-klein", "blik"], "uitbetaling": [], "vrijToegankelijk": true, "gemeenteBeperking": null, "openingstijden": null, "latitude": 51.44772, "longitude": 5.484525, "bronId": "253699"}}, {"type": "Feature", "geometry": {"type": "Point", "coordinates": [5.4874078, 51.4468853]}, "properties": {"type": "inleverpunt", "locatieNaam": "Appel 7026 - Tu Ehv Metaforum", "straatNaam": "De Zaale", "straatNr": "11", "postcode": "5612 AJ", "plaats": "Eindhoven", "merk": "StatiegeldNederland", "puntType": "balie", "materialen": ["pet-groot", "pet-klein", "blik"], "uitbetaling": [], "vrijToegankelijk": true, "gemeenteBeperking": null, "openingstijden": {"ma": "07:30–22:00", "di": "07:30–22:00", "wo": "07:30–22:00", "do": "07:30–22:00", "vr": "07:30–22:00", "za": "10:00–21:00", "zo": "10:00–21:00"}, "latitude": 51.4468853, "longitude": 5.4874078, "bronId": "253700"}}, {"type": "Feature", "geometry": {"type": "Point", "coordinates": [5.485064, 51.4463122]}, "properties": {"type": "inleverpunt", "locatieNaam": "Appel 7027 - Tu Ehv Vertigo", "straatNaam": "De Zaale", "straatNr": "11", "postcode": "5612 AJ", "plaats": "Eindhoven", "merk": "StatiegeldNederland", "puntType": "balie", "materialen": ["pet-groot", "pet-klein", "blik"], "uitbetaling": [], "vrijToegankelijk": true, "gemeenteBeperking": null, "openingstijden": {"ma": "07:30–20:00", "di": "07:30–20:00", "wo": "07:30–20:00", "do": "07:30–20:00", "vr": "07:30–20:00", "za": "Gesloten", "zo": "Gesloten"}, "latitude": 51.4463122, "longitude": 5.485064, "bronId": "253701"}}, {"type": "Feature", "geometry": {"type": "Point", "coordinates": [5.4971577, 51.4499099]}, "properties": {"type": "inleverpunt", "locatieNaam": "Appel 7028 - Tu Ehv Gemini", "straatNaam": "De Zaale", "straatNr": "11", "postcode": "5612 AJ", "plaats": "Eindhoven", "merk": "StatiegeldNederland", "puntType": "balie", "materialen": ["pet-groot", "pet-klein", "blik"], "uitbetaling": [], "vrijToegankelijk": true, "gemeenteBeperking": null, "openingstijden": null, "latitude": 51.4499099, "longitude": 5.4971577, "bronId": "253702"}}, {"type": "Feature", "geometry": {"type": "Point", "coordinates": [5.4861252, 51.4479168]}, "properties": {"type": "inleverpunt", "locatieNaam": "Appel 7029 - Tu-e Gemini Exp Geb15", "straatNaam": "Den Dolech", "straatNr": "2", "postcode": "6512 AZ", "plaats": "Eindhoven", "merk": "StatiegeldNederland", "puntType": "balie", "materialen": ["pet-groot", "pet-klein", "blik"], "uitbetaling": [], "vrijToegankelijk": true, "gemeenteBeperking": null, "openingstijden": null, "latitude": 51.4479168, "longitude": 5.4861252, "bronId": "253703"}}, {"type": "Feature", "geometry": {"type": "Point", "coordinates": [5.4859005, 51.4479973]}, "properties": {"type": "inleverpunt", "locatieNaam": "Appel 7028 - Tu-e Helix Gebouw 14", "straatNaam": "Den Dolech", "straatNr": "2", "postcode": "5296 AZ", "plaats": "Eindhoven", "merk": "StatiegeldNederland", "puntType": "balie", "materialen": ["pet-groot", "pet-klein", "blik"], "uitbetaling": [], "vrijToegankelijk": true, "gemeenteBeperking": null, "openingstijden": {"ma": "07:30–20:00", "di": "07:30–20:00", "wo": "07:30–20:00", "do": "07:30–20:00", "vr": "07:30–20:00", "za": "Gesloten", "zo": "Gesloten"}, "latitude": 51.4479973, "longitude": 5.4859005, "bronId": "253704"}}, {"type": "Feature", "geometry": {"type": "Point", "coordinates": [5.4971577, 51.4499099]}, "properties": {"type": "inleverpunt", "locatieNaam": "Appel 7030 - Tu Ehv Flux", "straatNaam": "De Zaale", "straatNr": "11", "postcode": "5612 AJ", "plaats": "Eindhoven", "merk": "StatiegeldNederland", "puntType": "balie", "materialen": ["pet-groot", "pet-klein", "blik"], "uitbetaling": [], "vrijToegankelijk": true, "gemeenteBeperking": null, "openingstijden": null, "latitude": 51.4499099, "longitude": 5.4971577, "bronId": "253705"}}, {"type": "Feature", "geometry": {"type": "Point", "coordinates": [5.4919059, 51.4472674]}, "properties": {"type": "inleverpunt", "locatieNaam": "Appel 7030 - Tu-e Flux", "straatNaam": "Den Dolech", "straatNr": "2", "postcode": "6512 AZ", "plaats": "Eindhoven", "merk": "StatiegeldNederland", "puntType": "balie", "materialen": ["pet-groot", "pet-klein", "blik"], "uitbetaling": [], "vrijToegankelijk": true, "gemeenteBeperking": null, "openingstijden": {"ma": "07:30–20:00", "di": "07:30–20:00", "wo": "07:30–20:00", "do": "07:30–20:00", "vr": "07:30–20:00", "za": "Gesloten", "zo": "Gesloten"}, "latitude": 51.4472674, "longitude": 5.4919059, "bronId": "253706"}}, {"type": "Feature", "geometry": {"type": "Point", "coordinates": [5.4801426, 51.4521042]}, "properties": {"type": "inleverpunt", "locatieNaam": "Appel 7031 - Fontys R3-r4", "straatNaam": "Rachelsmolen", "straatNr": "1", "postcode": "5612 MA", "plaats": "Eindhoven", "merk": "StatiegeldNederland", "puntType": "balie", "materialen": ["pet-groot", "pet-klein", "blik"], "uitbetaling": [], "vrijToegankelijk": true, "gemeenteBeperking": null, "openingstijden": {"ma": "07:30–18:30", "di": "07:30–22:00", "wo": "07:30–18:30", "do": "07:30–18:30", "vr": "07:30–18:00", "za": "Gesloten", "zo": "Gesloten"}, "latitude": 51.4521042, "longitude": 5.4801426, "bronId": "253707"}}, {"type": "Feature", "geometry": {"type": "Point", "coordinates": [5.4791943, 51.4130366]}, "properties": {"type": "inleverpunt", "locatieNaam": "Appel 7039 - Fontys Ek", "straatNaam": "Theo Koomenlaan", "straatNr": "3", "postcode": "5644 HZ", "plaats": "Eindhoven", "merk": "StatiegeldNederland", "puntType": "balie", "materialen": ["pet-groot", "pet-klein", "blik"], "uitbetaling": [], "vrijToegankelijk": true, "gemeenteBeperking": null, "openingstijden": null, "latitude": 51.4130366, "longitude": 5.4791943, "bronId": "253708"}}, {"type": "Feature", "geometry": {"type": "Point", "coordinates": [5.4810442, 51.4512756]}, "properties": {"type": "inleverpunt", "locatieNaam": "Appel Fontys gebouw R10", "straatNaam": "Rachelsmolen", "straatNr": "1", "postcode": "5612 MA", "plaats": "Eindhoven", "merk": "StatiegeldNederland", "puntType": "automaat", "materialen": ["pet-klein", "blik"], "uitbetaling": ["donatie", "tikkie"], "vrijToegankelijk": true, "gemeenteBeperking": null, "openingstijden": {"ma": "09:00–18:00", "di": "09:00–18:00", "wo": "09:00–18:00", "do": "09:00–18:00", "vr": "09:00–20:00", "za": "09:00–18:00", "zo": "12:00–17:00"}, "latitude": 51.4512756, "longitude": 5.4810442, "bronId": "253737"}}, {"type": "Feature", "geometry": {"type": "Point", "coordinates": [5.4898862, 51.4459538]}, "properties": {"type": "inleverpunt", "locatieNaam": "Appel Fontys HS Gebouw ER", "straatNaam": "De Rondom", "straatNr": "1", "postcode": "5612 AP", "plaats": "Eindhoven", "merk": "StatiegeldNederland", "puntType": "automaat", "materialen": ["pet-klein", "blik"], "uitbetaling": ["donatie", "tikkie"], "vrijToegankelijk": true, "gemeenteBeperking": null, "openingstijden": {"ma": "07:30–22:00", "di": "07:30–18:00", "wo": "07:30–18:15", "do": "07:30–22:00", "vr": "07:30–18:15", "za": "Gesloten", "zo": "Gesloten"}, "latitude": 51.4459538, "longitude": 5.4898862, "bronId": "253738"}}, {"type": "Feature", "geometry": {"type": "Point", "coordinates": [5.4898862, 51.4459538]}, "properties": {"type": "inleverpunt", "locatieNaam": "Appel Fontys Hogesch. Eindhoven Er", "straatNaam": "De Rondom", "straatNr": "1", "postcode": "5612 AP", "plaats": "Eindhoven", "merk": "StatiegeldNederland", "puntType": "balie", "materialen": ["pet-groot", "pet-klein", "blik"], "uitbetaling": [], "vrijToegankelijk": true, "gemeenteBeperking": null, "openingstijden": {"ma": "07:30–22:00", "di": "07:30–18:00", "wo": "07:30–18:15", "do": "07:30–22:00", "vr": "07:30–18:15", "za": "Gesloten", "zo": "Gesloten"}, "latitude": 51.4459538, "longitude": 5.4898862, "bronId": "253742"}}, {"type": "Feature", "geometry": {"type": "Point", "coordinates": [5.484525, 51.44772]}, "properties": {"type": "inleverpunt", "locatieNaam": "Appel Tu-e Auditorium Gebouw 1", "straatNaam": "Den Dolech", "straatNr": "2", "postcode": "6512 AZ", "plaats": "Eindhoven", "merk": "StatiegeldNederland", "puntType": "balie", "materialen": ["pet-groot", "pet-klein", "blik"], "uitbetaling": [], "vrijToegankelijk": true, "gemeenteBeperking": null, "openingstijden": null, "latitude": 51.44772, "longitude": 5.484525, "bronId": "253745"}}, {"type": "Feature", "geometry": {"type": "Point", "coordinates": [5.4038695, 51.4634737]}, "properties": {"type": "inleverpunt", "locatieNaam": "Brainport / Sodexo 1", "straatNaam": "Bic", "straatNr": "1", "postcode": "5657 BX", "plaats": "Eindhoven", "merk": "StatiegeldNederland", "puntType": "automaat", "materialen": ["pet-groot", "pet-klein", "blik"], "uitbetaling": ["donatie", "tikkie"], "vrijToegankelijk": true, "gemeenteBeperking": null, "openingstijden": null, "latitude": 51.4634737, "longitude": 5.4038695, "bronId": "253911"}}, {"type": "Feature", "geometry": {"type": "Point", "coordinates": [5.4506957, 51.4538583]}, "properties": {"type": "inleverpunt", "locatieNaam": "Cg 1332 Bosch", "straatNaam": "Achtseweg Zuid", "straatNr": "173", "postcode": "5651 GW", "plaats": "Eindhoven", "merk": "StatiegeldNederland", "puntType": "balie", "materialen": ["pet-groot", "pet-klein", "blik"], "uitbetaling": [], "vrijToegankelijk": true, "gemeenteBeperking": null, "openingstijden": {"ma": "08:00–18:00", "di": "08:00–18:00", "wo": "08:00–18:00", "do": "08:00–18:00", "vr": "08:00–18:00", "za": "Gesloten", "zo": "Gesloten"}, "latitude": 51.4538583, "longitude": 5.4506957, "bronId": "254035"}}, {"type": "Feature", "geometry": {"type": "Point", "coordinates": [5.4572063, 51.4121137]}, "properties": {"type": "inleverpunt", "locatieNaam": "Cg 2718 Htc Brave New World", "straatNaam": "High Tech Campus", "straatNr": "1", "postcode": "5656 AE", "plaats": "Eindhoven", "merk": "StatiegeldNederland", "puntType": "balie", "materialen": ["pet-groot", "pet-klein", "blik"], "uitbetaling": [], "vrijToegankelijk": true, "gemeenteBeperking": null, "openingstijden": {"ma": "06:30–23:00", "di": "06:30–23:00", "wo": "06:30–23:00", "do": "06:30–23:00", "vr": "06:30–23:00", "za": "08:00–17:00", "zo": "08:00–17:00"}, "latitude": 51.4121137, "longitude": 5.4572063, "bronId": "254090"}}, {"type": "Feature", "geometry": {"type": "Point", "coordinates": [5.408709, 51.4745407]}, "properties": {"type": "inleverpunt", "locatieNaam": "Circlek Servauto - Best", "straatNaam": "Raadhuisstraat", "straatNr": "247", "postcode": "5683 GE", "plaats": "Best", "merk": "StatiegeldNederland", "puntType": "balie", "materialen": ["pet-groot", "pet-klein", "blik"], "uitbetaling": [], "vrijToegankelijk": true, "gemeenteBeperking": null, "openingstijden": {"ma": "08:00–17:00", "di": "08:00–17:00", "wo": "08:00–17:00", "do": "08:00–17:00", "vr": "08:00–16:30", "za": "Gesloten", "zo": "Gesloten"}, "latitude": 51.4745407, "longitude": 5.408709, "bronId": "254125"}}, {"type": "Feature", "geometry": {"type": "Point", "coordinates": [5.4469866, 51.4370727]}, "properties": {"type": "inleverpunt", "locatieNaam": "Ckv Rust Roest", "straatNaam": "Rijstenweg", "straatNr": "9", "postcode": "5652 CG", "plaats": "Eindhoven", "merk": "StatiegeldNederland", "puntType": "balie", "materialen": ["pet-groot", "pet-klein", "blik"], "uitbetaling": [], "vrijToegankelijk": false, "gemeenteBeperking": null, "openingstijden": null, "latitude": 51.4370727, "longitude": 5.4469866, "bronId": "254183"}}, {"type": "Feature", "geometry": {"type": "Point", "coordinates": [5.5045548, 51.4340975]}, "properties": {"type": "inleverpunt", "locatieNaam": "Daf Trucks Eindhoven - Hugo vd Goeslaan", "straatNaam": "Hugo Van Der Goeslaan", "straatNr": "1", "postcode": "5643 TW", "plaats": "Eindhoven", "merk": "StatiegeldNederland", "puntType": "automaat", "materialen": ["pet-groot", "pet-klein", "blik"], "uitbetaling": ["bonnetje", "donatie", "tikkie"], "vrijToegankelijk": false, "gemeenteBeperking": null, "openingstijden": {"ma": "08:00–18:00", "di": "08:00–18:00", "wo": "08:00–18:00", "do": "08:00–18:00", "vr": "08:00–18:00", "za": "08:00–18:00", "zo": "10:00–17:00"}, "latitude": 51.4340975, "longitude": 5.5045548, "bronId": "254251"}}, {"type": "Feature", "geometry": {"type": "Point", "coordinates": [5.4615218, 51.4240025]}, "properties": {"type": "inleverpunt", "locatieNaam": "Dunya Supermarkt Eindhoven", "straatNaam": "Hoogstraat", "straatNr": "322", "postcode": "5654 NJ", "plaats": "Eindhoven", "merk": "StatiegeldNederland", "puntType": "automaat", "materialen": ["pet-groot", "pet-klein", "blik"], "uitbetaling": ["bonnetje", "donatie", "tikkie"], "vrijToegankelijk": true, "gemeenteBeperking": null, "openingstijden": null, "latitude": 51.4240025, "longitude": 5.4615218, "bronId": "254614"}}, {"type": "Feature", "geometry": {"type": "Point", "coordinates": [5.4933042, 51.4537722]}, "properties": {"type": "inleverpunt", "locatieNaam": "Eindhoven Atletiek", "straatNaam": "J.C. Dirkxpad", "straatNr": "7", "postcode": "5631 BZ", "plaats": "Eindhoven", "merk": "StatiegeldNederland", "puntType": "balie", "materialen": ["pet-groot", "pet-klein", "blik"], "uitbetaling": [], "vrijToegankelijk": false, "gemeenteBeperking": null, "openingstijden": {"ma": "09:00–21:30", "di": "09:00–21:30", "wo": "09:00–21:30", "do": "09:00–21:30", "vr": "09:00–21:30", "za": "09:00–12:30", "zo": "Gesloten"}, "latitude": 51.4537722, "longitude": 5.4933042, "bronId": "254625"}}, {"type": "Feature", "geometry": {"type": "Point", "coordinates": [5.3920408, 51.4585655]}, "properties": {"type": "inleverpunt", "locatieNaam": "Eindhoven Airport / Vermaat Groep", "straatNaam": "Luchthavenweg", "straatNr": "25", "postcode": "5657 EA", "plaats": "Eindhoven", "merk": "StatiegeldNederland", "puntType": "automaat", "materialen": ["pet-groot", "pet-klein", "blik"], "uitbetaling": ["donatie", "tikkie"], "vrijToegankelijk": true, "gemeenteBeperking": null, "openingstijden": null, "latitude": 51.4585655, "longitude": 5.3920408, "bronId": "254637"}}, {"type": "Feature", "geometry": {"type": "Point", "coordinates": [5.4744912, 51.4491644]}, "properties": {"type": "inleverpunt", "locatieNaam": "Ekoplaza", "straatNaam": "KRUISSTRAAT", "straatNr": "128A", "postcode": "5612 CM", "plaats": "Eindhoven", "merk": "StatiegeldNederland", "puntType": "balie", "materialen": ["pet-groot", "pet-klein", "blik"], "uitbetaling": [], "vrijToegankelijk": true, "gemeenteBeperking": null, "openingstijden": {"ma": "08:30–19:00", "di": "08:30–19:00", "wo": "08:30–19:00", "do": "08:30–19:00", "vr": "08:30–19:00", "za": "08:30–19:00", "zo": "12:00–18:00"}, "latitude": 51.4491644, "longitude": 5.4744912, "bronId": "254662"}}, {"type": "Feature", "geometry": {"type": "Point", "coordinates": [5.4851069, 51.4311944]}, "properties": {"type": "inleverpunt", "locatieNaam": "Ekoplaza", "straatNaam": "STRATUMSEDIJK", "straatNr": "34", "postcode": "5611 NE", "plaats": "Eindhoven", "merk": "StatiegeldNederland", "puntType": "balie", "materialen": ["pet-groot", "pet-klein", "blik"], "uitbetaling": [], "vrijToegankelijk": true, "gemeenteBeperking": null, "openingstijden": {"ma": "08:00–20:00", "di": "08:00–20:00", "wo": "08:00–20:00", "do": "08:00–20:00", "vr": "08:00–20:00", "za": "08:00–20:00", "zo": "12:00–19:00"}, "latitude": 51.4311944, "longitude": 5.4851069, "bronId": "254685"}}, {"type": "Feature", "geometry": {"type": "Point", "coordinates": [5.4808262, 51.451331]}, "properties": {"type": "inleverpunt", "locatieNaam": "Fontys Hogeschool Eindhoven R11", "straatNaam": "Rachelsmolen", "straatNr": "1", "postcode": "5612 MA", "plaats": "Eindhoven", "merk": "StatiegeldNederland", "puntType": "balie", "materialen": ["pet-groot", "pet-klein", "blik"], "uitbetaling": [], "vrijToegankelijk": true, "gemeenteBeperking": null, "openingstijden": {"ma": "07:30–18:30", "di": "07:30–18:30", "wo": "07:30–18:30", "do": "07:30–18:30", "vr": "07:30–18:00", "za": "Gesloten", "zo": "Gesloten"}, "latitude": 51.451331, "longitude": 5.4808262, "bronId": "254798"}}, {"type": "Feature", "geometry": {"type": "Point", "coordinates": [5.4517613, 51.4765194]}, "properties": {"type": "inleverpunt", "locatieNaam": "Hc Eindhoven", "straatNaam": "Vlaanderenlaan", "straatNr": "31", "postcode": "5628 SB", "plaats": "Eindhoven", "merk": "StatiegeldNederland", "puntType": "balie", "materialen": ["pet-groot", "pet-klein", "blik"], "uitbetaling": [], "vrijToegankelijk": false, "gemeenteBeperking": null, "openingstijden": {"ma": "17:00–21:30", "di": "17:00–21:30", "wo": "15:00–21:30", "do": "17:00–21:30", "vr": "17:00–21:30", "za": "09:00–18:00", "zo": "09:00–18:00"}, "latitude": 51.4765194, "longitude": 5.4517613, "bronId": "254945"}}, {"type": "Feature", "geometry": {"type": "Point", "coordinates": [5.4578041, 51.4106944]}, "properties": {"type": "inleverpunt", "locatieNaam": "HTC High Tech Campus", "straatNaam": "High Tech Campus", "straatNr": "1", "postcode": "5656 AE", "plaats": "Eindhoven", "merk": "StatiegeldNederland", "puntType": "automaat", "materialen": ["pet-groot", "pet-klein", "blik"], "uitbetaling": ["donatie", "tikkie"], "vrijToegankelijk": false, "gemeenteBeperking": null, "openingstijden": null, "latitude": 51.4106944, "longitude": 5.4578041, "bronId": "255134"}}, {"type": "Feature", "geometry": {"type": "Point", "coordinates": [5.478941, 51.479727]}, "properties": {"type": "inleverpunt", "locatieNaam": "Jumbo", "straatNaam": "Belgieplein", "straatNr": "21", "postcode": "5629 XJ", "plaats": "Eindhoven", "merk": "StatiegeldNederland", "puntType": "automaat", "materialen": ["pet-groot", "pet-klein", "blik", "glas", "krat"], "uitbetaling": ["bonnetje", "donatie"], "vrijToegankelijk": true, "gemeenteBeperking": null, "openingstijden": {"ma": "08:00–21:00", "di": "08:00–21:00", "wo": "08:00–21:00", "do": "08:00–21:00", "vr": "08:00–21:00", "za": "08:00–21:00", "zo": "09:00–20:00"}, "latitude": 51.479727, "longitude": 5.478941, "bronId": "255229"}}, {"type": "Feature", "geometry": {"type": "Point", "coordinates": [5.44934, 51.482902]}, "properties": {"type": "inleverpunt", "locatieNaam": "Jumbo", "straatNaam": "Biarritz", "straatNr": "37", "postcode": "5627 LE", "plaats": "Eindhoven", "merk": "StatiegeldNederland", "puntType": "automaat", "materialen": ["pet-groot", "pet-klein", "blik", "glas", "krat"], "uitbetaling": ["bonnetje", "donatie"], "vrijToegankelijk": true, "gemeenteBeperking": null, "openingstijden": {"ma": "08:00–21:00", "di": "08:00–21:00", "wo": "08:00–21:00", "do": "08:00–21:00", "vr": "08:00–21:00", "za": "08:00–21:00", "zo": "09:00–20:00"}, "latitude": 51.482902, "longitude": 5.44934, "bronId": "255234"}}, {"type": "Feature", "geometry": {"type": "Point", "coordinates": [5.464946, 51.451005]}, "properties": {"type": "inleverpunt", "locatieNaam": "Jumbo", "straatNaam": "Boschdijk", "straatNr": "289", "postcode": "5612 HD", "plaats": "Eindhoven", "merk": "StatiegeldNederland", "puntType": "automaat", "materialen": ["pet-groot", "pet-klein", "blik", "glas", "krat"], "uitbetaling": ["bonnetje"], "vrijToegankelijk": true, "gemeenteBeperking": null, "openingstijden": {"ma": "08:00–22:00", "di": "08:00–22:00", "wo": "08:00–22:00", "do": "08:00–22:00", "vr": "08:00–22:00", "za": "08:00–22:00", "zo": "08:00–20:00"}, "latitude": 51.451005, "longitude": 5.464946, "bronId": "255240"}}, {"type": "Feature", "geometry": {"type": "Point", "coordinates": [5.465047, 51.427559]}, "properties": {"type": "inleverpunt", "locatieNaam": "Jumbo", "straatNaam": "Boutenslaan", "straatNr": "56", "postcode": "5615 KT", "plaats": "Eindhoven", "merk": "StatiegeldNederland", "puntType": "automaat", "materialen": ["pet-groot", "pet-klein", "blik", "glas", "krat"], "uitbetaling": ["bonnetje", "donatie"], "vrijToegankelijk": true, "gemeenteBeperking": null, "openingstijden": {"ma": "08:00–22:00", "di": "08:00–22:00", "wo": "08:00–22:00", "do": "08:00–22:00", "vr": "08:00–22:00", "za": "08:00–22:00", "zo": "09:00–20:00"}, "latitude": 51.427559, "longitude": 5.465047, "bronId": "255245"}}, {"type": "Feature", "geometry": {"type": "Point", "coordinates": [5.490035, 51.433142]}, "properties": {"type": "inleverpunt", "locatieNaam": "Jumbo", "straatNaam": "Geldropseweg", "straatNr": "103", "postcode": "5611 SE", "plaats": "Eindhoven", "merk": "StatiegeldNederland", "puntType": "automaat", "materialen": ["pet-groot", "pet-klein", "blik", "glas", "krat"], "uitbetaling": ["bonnetje"], "vrijToegankelijk": true, "gemeenteBeperking": null, "openingstijden": {"ma": "08:00–22:00", "di": "08:00–22:00", "wo": "08:00–22:00", "do": "08:00–22:00", "vr": "08:00–22:00", "za": "08:00–22:00", "zo": "09:00–20:00"}, "latitude": 51.433142, "longitude": 5.490035, "bronId": "255381"}}, {"type": "Feature", "geometry": {"type": "Point", "coordinates": [5.463269, 51.470731]}, "properties": {"type": "inleverpunt", "locatieNaam": "Jumbo", "straatNaam": "Gerretsonplein", "straatNr": "67", "postcode": "5624 JP", "plaats": "Eindhoven", "merk": "StatiegeldNederland", "puntType": "automaat", "materialen": ["pet-groot", "pet-klein", "blik", "glas", "krat"], "uitbetaling": ["bonnetje", "donatie"], "vrijToegankelijk": true, "gemeenteBeperking": null, "openingstijden": {"ma": "08:00–21:00", "di": "08:00–21:00", "wo": "08:00–21:00", "do": "08:00–21:00", "vr": "08:00–21:00", "za": "08:00–21:00", "zo": "09:00–20:00"}, "latitude": 51.470731, "longitude": 5.463269, "bronId": "255382"}}, {"type": "Feature", "geometry": {"type": "Point", "coordinates": [5.440903, 51.419103]}, "properties": {"type": "inleverpunt", "locatieNaam": "Jumbo", "straatNaam": "Kastelenplein", "straatNr": "86", "postcode": "5653 LR", "plaats": "Eindhoven", "merk": "StatiegeldNederland", "puntType": "automaat", "materialen": ["pet-groot", "pet-klein", "blik", "glas", "krat"], "uitbetaling": ["bonnetje", "donatie"], "vrijToegankelijk": true, "gemeenteBeperking": null, "openingstijden": {"ma": "08:00–21:00", "di": "08:00–21:00", "wo": "08:00–21:00", "do": "08:00–21:00", "vr": "08:00–21:00", "za": "08:00–21:00", "zo": "09:00–20:00"}, "latitude": 51.419103, "longitude": 5.440903, "bronId": "255472"}}, {"type": "Feature", "geometry": {"type": "Point", "coordinates": [5.408455, 51.442225]}, "properties": {"type": "inleverpunt", "locatieNaam": "Jumbo", "straatNaam": "Meerwater", "straatNr": "8", "postcode": "5658 LM", "plaats": "Eindhoven", "merk": "StatiegeldNederland", "puntType": "automaat", "materialen": ["pet-groot", "pet-klein", "blik", "glas", "krat"], "uitbetaling": ["bonnetje", "donatie"], "vrijToegankelijk": true, "gemeenteBeperking": null, "openingstijden": {"ma": "08:00–20:00", "di": "08:00–20:00", "wo": "08:00–20:00", "do": "08:00–20:00", "vr": "08:00–20:00", "za": "08:00–20:00", "zo": "10:00–19:00"}, "latitude": 51.442225, "longitude": 5.408455, "bronId": "255575"}}, {"type": "Feature", "geometry": {"type": "Point", "coordinates": [5.46338, 51.479272]}, "properties": {"type": "inleverpunt", "locatieNaam": "Jumbo", "straatNaam": "Nederlandplein", "straatNr": "103", "postcode": "5628 AJ", "plaats": "Eindhoven", "merk": "StatiegeldNederland", "puntType": "automaat", "materialen": ["pet-groot", "pet-klein", "blik", "glas", "krat"], "uitbetaling": ["bonnetje", "donatie"], "vrijToegankelijk": true, "gemeenteBeperking": null, "openingstijden": {"ma": "08:00–21:00", "di": "08:00–21:00", "wo": "08:00–21:00", "do": "08:00–21:00", "vr": "08:00–21:00", "za": "08:00–21:00", "zo": "09:00–20:00"}, "latitude": 51.479272, "longitude": 5.46338, "bronId": "255611"}}, {"type": "Feature", "geometry": {"type": "Point", "coordinates": [5.517419, 51.452017]}, "properties": {"type": "inleverpunt", "locatieNaam": "Jumbo", "straatNaam": "Pagelaan", "straatNr": "9", "postcode": "5641 CB", "plaats": "Eindhoven", "merk": "StatiegeldNederland", "puntType": "automaat", "materialen": ["pet-groot", "pet-klein", "blik", "glas", "krat"], "uitbetaling": ["bonnetje", "donatie"], "vrijToegankelijk": true, "gemeenteBeperking": null, "openingstijden": {"ma": "08:00–21:00", "di": "08:00–21:00", "wo": "08:00–21:00", "do": "08:00–21:00", "vr": "08:00–21:00", "za": "08:00–21:00", "zo": "09:00–20:00"}, "latitude": 51.452017, "longitude": 5.517419, "bronId": "255654"}}, {"type": "Feature", "geometry": {"type": "Point", "coordinates": [5.4724963, 51.4404578]}, "properties": {"type": "inleverpunt", "locatieNaam": "Jumbo", "straatNaam": "Victoriapark", "straatNr": "90", "postcode": "5611 BM", "plaats": "Eindhoven", "merk": "StatiegeldNederland", "puntType": "automaat", "materialen": ["pet-groot", "pet-klein", "blik", "glas", "krat"], "uitbetaling": ["bonnetje", "donatie"], "vrijToegankelijk": true, "gemeenteBeperking": null, "openingstijden": {"ma": "08:00–22:00", "di": "08:00–22:00", "wo": "08:00–22:00", "do": "08:00–22:00", "vr": "08:00–22:00", "za": "08:00–22:00", "zo": "09:00–20:00"}, "latitude": 51.4404578, "longitude": 5.4724963, "bronId": "255821"}}, {"type": "Feature", "geometry": {"type": "Point", "coordinates": [5.477477, 51.46822]}, "properties": {"type": "inleverpunt", "locatieNaam": "Jumbo", "straatNaam": "Winkelcentrum Woensel", "straatNr": "1", "postcode": "5625 AA", "plaats": "Eindhoven", "merk": "StatiegeldNederland", "puntType": "automaat", "materialen": ["pet-groot", "pet-klein", "blik", "glas", "krat"], "uitbetaling": ["bonnetje", "donatie"], "vrijToegankelijk": true, "gemeenteBeperking": null, "openingstijden": {"ma": "08:00–22:00", "di": "08:00–22:00", "wo": "08:00–22:00", "do": "08:00–22:00", "vr": "08:00–22:00", "za": "08:00–22:00", "zo": "09:00–20:00"}, "latitude": 51.46822, "longitude": 5.477477, "bronId": "255876"}}, {"type": "Feature", "geometry": {"type": "Point", "coordinates": [5.49848, 51.42318]}, "properties": {"type": "inleverpunt", "locatieNaam": "Lidl", "straatNaam": "Kamperfoelielaan", "straatNr": "39", "postcode": "5643 BB", "plaats": "Eindhoven", "merk": "StatiegeldNederland", "puntType": "automaat", "materialen": ["pet-groot", "pet-klein", "blik", "glas", "krat"], "uitbetaling": ["bonnetje", "donatie"], "vrijToegankelijk": true, "gemeenteBeperking": null, "openingstijden": {"ma": "08:00–21:00", "di": "08:00–21:00", "wo": "08:00–21:00", "do": "08:00–21:00", "vr": "08:00–21:00", "za": "08:00–21:00", "zo": "09:00–20:00"}, "latitude": 51.42318, "longitude": 5.49848, "bronId": "256218"}}, {"type": "Feature", "geometry": {"type": "Point", "coordinates": [5.45271, 51.44043]}, "properties": {"type": "inleverpunt", "locatieNaam": "Lidl", "straatNaam": "Klipperstraat", "straatNr": "2A", "postcode": "5616 GP", "plaats": "Eindhoven", "merk": "StatiegeldNederland", "puntType": "automaat", "materialen": ["pet-groot", "pet-klein", "blik", "glas", "krat"], "uitbetaling": ["bonnetje", "donatie"], "vrijToegankelijk": true, "gemeenteBeperking": null, "openingstijden": {"ma": "08:00–21:00", "di": "08:00–21:00", "wo": "08:00–21:00", "do": "08:00–21:00", "vr": "08:00–21:00", "za": "08:00–20:00", "zo": "09:00–18:00"}, "latitude": 51.44043, "longitude": 5.45271, "bronId": "256238"}}, {"type": "Feature", "geometry": {"type": "Point", "coordinates": [5.4341, 51.44202]}, "properties": {"type": "inleverpunt", "locatieNaam": "Lidl", "straatNaam": "Lievendaalseweg", "straatNr": "5", "postcode": "5652 PK", "plaats": "Eindhoven", "merk": "StatiegeldNederland", "puntType": "automaat", "materialen": ["pet-groot", "pet-klein", "blik", "glas", "krat"], "uitbetaling": ["bonnetje", "donatie"], "vrijToegankelijk": true, "gemeenteBeperking": null, "openingstijden": {"ma": "08:00–21:00", "di": "08:00–21:00", "wo": "08:00–21:00", "do": "08:00–21:00", "vr": "08:00–21:00", "za": "08:00–21:00", "zo": "09:00–20:00"}, "latitude": 51.44202, "longitude": 5.4341, "bronId": "256259"}}, {"type": "Feature", "geometry": {"type": "Point", "coordinates": [5.40964, 51.442]}, "properties": {"type": "inleverpunt", "locatieNaam": "Lidl", "straatNaam": "Meerplein", "straatNr": "71", "postcode": "5658 LL", "plaats": "Eindhoven", "merk": "StatiegeldNederland", "puntType": "automaat", "materialen": ["pet-groot", "pet-klein", "blik", "glas", "krat"], "uitbetaling": ["bonnetje", "donatie"], "vrijToegankelijk": true, "gemeenteBeperking": null, "openingstijden": {"ma": "08:00–21:00", "di": "08:00–21:00", "wo": "08:00–21:00", "do": "08:00–21:00", "vr": "08:00–21:00", "za": "08:00–20:00", "zo": "10:00–18:00"}, "latitude": 51.442, "longitude": 5.40964, "bronId": "256278"}}, {"type": "Feature", "geometry": {"type": "Point", "coordinates": [5.4631605, 51.4787332]}, "properties": {"type": "inleverpunt", "locatieNaam": "Lidl", "straatNaam": "Nederlandplein", "straatNr": "114", "postcode": "5628 AJ", "plaats": "Eindhoven", "merk": "StatiegeldNederland", "puntType": "automaat", "materialen": ["pet-groot", "pet-klein", "blik", "glas", "krat"], "uitbetaling": ["bonnetje", "donatie"], "vrijToegankelijk": true, "gemeenteBeperking": null, "openingstijden": {"ma": "08:00–21:00", "di": "08:00–21:00", "wo": "08:00–21:00", "do": "08:00–21:00", "vr": "08:00–21:00", "za": "08:00–21:00", "zo": "09:00–18:00"}, "latitude": 51.4787332, "longitude": 5.4631605, "bronId": "256298"}}, {"type": "Feature", "geometry": {"type": "Point", "coordinates": [5.52174, 51.44535]}, "properties": {"type": "inleverpunt", "locatieNaam": "Lidl", "straatNaam": "Urkhovenseweg", "straatNr": "16", "postcode": "5641 KE", "plaats": "Eindhoven", "merk": "StatiegeldNederland", "puntType": "automaat", "materialen": ["pet-groot", "pet-klein", "blik", "glas", "krat"], "uitbetaling": ["bonnetje", "donatie"], "vrijToegankelijk": true, "gemeenteBeperking": null, "openingstijden": {"ma": "08:00–21:00", "di": "08:00–21:00", "wo": "08:00–21:00", "do": "08:00–21:00", "vr": "08:00–21:00", "za": "08:00–21:00", "zo": "09:00–20:00"}, "latitude": 51.44535, "longitude": 5.52174, "bronId": "256422"}}, {"type": "Feature", "geometry": {"type": "Point", "coordinates": [5.4934, 51.47755]}, "properties": {"type": "inleverpunt", "locatieNaam": "Lidl", "straatNaam": "Wijngaardplein", "straatNr": "45", "postcode": "5632 ME", "plaats": "Eindhoven", "merk": "StatiegeldNederland", "puntType": "automaat", "materialen": ["pet-groot", "pet-klein", "blik", "glas", "krat"], "uitbetaling": ["bonnetje", "donatie"], "vrijToegankelijk": true, "gemeenteBeperking": null, "openingstijden": {"ma": "08:00–20:00", "di": "08:00–20:00", "wo": "08:00–20:00", "do": "08:00–20:00", "vr": "08:00–21:00", "za": "08:00–20:00", "zo": "09:00–18:00"}, "latitude": 51.47755, "longitude": 5.4934, "bronId": "256464"}}, {"type": "Feature", "geometry": {"type": "Point", "coordinates": [5.461227, 51.4229154]}, "properties": {"type": "inleverpunt", "locatieNaam": "Lidl", "straatNaam": "Willaertplein", "straatNr": "11", "postcode": "5654 LN", "plaats": "Eindhoven", "merk": "StatiegeldNederland", "puntType": "automaat", "materialen": ["pet-groot", "pet-klein", "blik", "glas", "krat"], "uitbetaling": ["bonnetje", "donatie"], "vrijToegankelijk": true, "gemeenteBeperking": null, "openingstijden": {"ma": "08:00–21:00", "di": "08:00–21:00", "wo": "08:00–21:00", "do": "08:00–21:00", "vr": "08:00–21:00", "za": "08:00–21:00", "zo": "09:00–20:00"}, "latitude": 51.4229154, "longitude": 5.461227, "bronId": "256468"}}, {"type": "Feature", "geometry": {"type": "Point", "coordinates": [5.47461, 51.46927]}, "properties": {"type": "inleverpunt", "locatieNaam": "Lidl", "straatNaam": "Winkelcentrum Woensel", "straatNr": "410", "postcode": "5625 AE", "plaats": "Eindhoven", "merk": "StatiegeldNederland", "puntType": "automaat", "materialen": ["pet-groot", "pet-klein", "blik", "glas", "krat"], "uitbetaling": ["bonnetje", "donatie"], "vrijToegankelijk": true, "gemeenteBeperking": null, "openingstijden": {"ma": "08:00–21:00", "di": "08:00–21:00", "wo": "08:00–21:00", "do": "08:00–21:00", "vr": "08:00–21:00", "za": "08:00–21:00", "zo": "09:00–18:00"}, "latitude": 51.46927, "longitude": 5.47461, "bronId": "256473"}}, {"type": "Feature", "geometry": {"type": "Point", "coordinates": [5.47177, 51.45078]}, "properties": {"type": "inleverpunt", "locatieNaam": "Lidl", "straatNaam": "Woenselse Markt", "straatNr": "38", "postcode": "5661 CS", "plaats": "Eindhoven", "merk": "StatiegeldNederland", "puntType": "automaat", "materialen": ["pet-groot", "pet-klein", "blik", "glas", "krat"], "uitbetaling": ["bonnetje", "donatie"], "vrijToegankelijk": true, "gemeenteBeperking": null, "openingstijden": {"ma": "08:00–21:00", "di": "08:00–21:00", "wo": "08:00–21:00", "do": "08:00–21:00", "vr": "08:00–21:00", "za": "08:00–21:00", "zo": "10:00–20:00"}, "latitude": 51.45078, "longitude": 5.47177, "bronId": "256474"}}, {"type": "Feature", "geometry": {"type": "Point", "coordinates": [5.4546784, 51.4466885]}, "properties": {"type": "inleverpunt", "locatieNaam": "Markies 6313 St. Lucas Eindh", "straatNaam": "Torenallee", "straatNr": "75", "postcode": "5617 BB", "plaats": "Eindhoven", "merk": "StatiegeldNederland", "puntType": "balie", "materialen": ["pet-groot", "pet-klein", "blik"], "uitbetaling": [], "vrijToegankelijk": true, "gemeenteBeperking": null, "openingstijden": {"ma": "08:00–18:00", "di": "08:00–18:00", "wo": "08:00–18:00", "do": "08:00–18:00", "vr": "08:00–18:00", "za": "Gesloten", "zo": "Gesloten"}, "latitude": 51.4466885, "longitude": 5.4546784, "bronId": "256570"}}, {"type": "Feature", "geometry": {"type": "Point", "coordinates": [5.4750209, 51.4283462]}, "properties": {"type": "inleverpunt", "locatieNaam": "Markies 6505 Van Maerlant Ly", "straatNaam": "J. van maerlantlaan", "straatNr": "11", "postcode": "5615 JS", "plaats": "Eindhoven", "merk": "StatiegeldNederland", "puntType": "balie", "materialen": ["pet-groot", "pet-klein", "blik"], "uitbetaling": [], "vrijToegankelijk": true, "gemeenteBeperking": null, "openingstijden": {"ma": "08:30–18:00", "di": "08:30–18:00", "wo": "08:30–18:00", "do": "08:30–18:00", "vr": "08:30–18:00", "za": "Gesloten", "zo": "Gesloten"}, "latitude": 51.4283462, "longitude": 5.4750209, "bronId": "256578"}}, {"type": "Feature", "geometry": {"type": "Point", "coordinates": [5.4966905, 51.4665983]}, "properties": {"type": "inleverpunt", "locatieNaam": "Markies 6788 Summa Hoofdloca", "straatNaam": "Sterrenlaan", "straatNr": "10", "postcode": "5631 KA", "plaats": "Eindhoven", "merk": "StatiegeldNederland", "puntType": "balie", "materialen": ["pet-groot", "pet-klein", "blik"], "uitbetaling": [], "vrijToegankelijk": true, "gemeenteBeperking": null, "openingstijden": {"ma": "07:30–18:00", "di": "07:30–18:00", "wo": "07:30–18:00", "do": "07:30–18:00", "vr": "07:30–18:00", "za": "Gesloten", "zo": "Gesloten"}, "latitude": 51.4665983, "longitude": 5.4966905, "bronId": "256591"}}, {"type": "Feature", "geometry": {"type": "Point", "coordinates": [5.4910233, 51.4668686]}, "properties": {"type": "inleverpunt", "locatieNaam": "Markies 6789 Summa Uiterlijk", "straatNaam": "Sterrenlaan", "straatNr": "4", "postcode": "5631 KA", "plaats": "Eindhoven", "merk": "StatiegeldNederland", "puntType": "balie", "materialen": ["pet-groot", "pet-klein", "blik"], "uitbetaling": [], "vrijToegankelijk": true, "gemeenteBeperking": null, "openingstijden": {"ma": "07:30–17:00", "di": "07:30–17:00", "wo": "07:30–17:00", "do": "07:30–17:00", "vr": "07:30–17:00", "za": "Gesloten", "zo": "Gesloten"}, "latitude": 51.4668686, "longitude": 5.4910233, "bronId": "256592"}}, {"type": "Feature", "geometry": {"type": "Point", "coordinates": [5.4918061, 51.4669114]}, "properties": {"type": "inleverpunt", "locatieNaam": "Markies 6790 Summa Business", "straatNaam": "Sterrenlaan", "straatNr": "6", "postcode": "5631 KA", "plaats": "Eindhoven", "merk": "StatiegeldNederland", "puntType": "balie", "materialen": ["pet-groot", "pet-klein", "blik"], "uitbetaling": [], "vrijToegankelijk": true, "gemeenteBeperking": null, "openingstijden": {"ma": "08:00–17:00", "di": "08:00–17:00", "wo": "08:00–17:00", "do": "08:00–17:00", "vr": "08:00–17:00", "za": "Gesloten", "zo": "Gesloten"}, "latitude": 51.4669114, "longitude": 5.4918061, "bronId": "256593"}}, {"type": "Feature", "geometry": {"type": "Point", "coordinates": [5.4619207, 51.4355016]}, "properties": {"type": "inleverpunt", "locatieNaam": "Markies 6793 - Summa Welzijn", "straatNaam": "Willem de Rijkelaan", "straatNr": "3", "postcode": "5616 EA", "plaats": "Eindhoven", "merk": "StatiegeldNederland", "puntType": "balie", "materialen": ["pet-groot", "pet-klein", "blik"], "uitbetaling": [], "vrijToegankelijk": true, "gemeenteBeperking": null, "openingstijden": {"ma": "08:00–17:00", "di": "08:00–17:00", "wo": "08:00–17:00", "do": "08:00–17:00", "vr": "08:00–17:00", "za": "Gesloten", "zo": "Gesloten"}, "latitude": 51.4355016, "longitude": 5.4619207, "bronId": "256594"}}, {"type": "Feature", "geometry": {"type": "Point", "coordinates": [5.4485001, 51.440212]}, "properties": {"type": "inleverpunt", "locatieNaam": "Markies 6796 Summa School 23", "straatNaam": "Blecourstraat", "straatNr": "1", "postcode": "5652 GB", "plaats": "Eindhoven", "merk": "StatiegeldNederland", "puntType": "balie", "materialen": ["pet-groot", "pet-klein", "blik"], "uitbetaling": [], "vrijToegankelijk": true, "gemeenteBeperking": null, "openingstijden": null, "latitude": 51.440212, "longitude": 5.4485001, "bronId": "256595"}}, {"type": "Feature", "geometry": {"type": "Point", "coordinates": [5.4445562, 51.47393]}, "properties": {"type": "inleverpunt", "locatieNaam": "Markies 6797 Summa Veilighei", "straatNaam": "Vijfkamplaan", "straatNr": "4", "postcode": "5624 EB", "plaats": "Eindhoven", "merk": "StatiegeldNederland", "puntType": "balie", "materialen": ["pet-groot", "pet-klein", "blik"], "uitbetaling": [], "vrijToegankelijk": true, "gemeenteBeperking": null, "openingstijden": null, "latitude": 51.47393, "longitude": 5.4445562, "bronId": "256596"}}, {"type": "Feature", "geometry": {"type": "Point", "coordinates": [5.4445562, 51.47393]}, "properties": {"type": "inleverpunt", "locatieNaam": "Markies 6902 Summa Internat", "straatNaam": "Furkapas", "straatNr": "1", "postcode": "5624 MD", "plaats": "Eindhoven", "merk": "StatiegeldNederland", "puntType": "balie", "materialen": ["pet-groot", "pet-klein", "blik"], "uitbetaling": [], "vrijToegankelijk": true, "gemeenteBeperking": null, "openingstijden": null, "latitude": 51.47393, "longitude": 5.4445562, "bronId": "256597"}}, {"type": "Feature", "geometry": {"type": "Point", "coordinates": [5.4966905, 51.4665983]}, "properties": {"type": "inleverpunt", "locatieNaam": "Markies 6913 Bonnefante Coll", "straatNaam": "Sterrenlaan", "straatNr": "8", "postcode": "5631 KA", "plaats": "Eindhoven", "merk": "StatiegeldNederland", "puntType": "balie", "materialen": ["pet-groot", "pet-klein", "blik"], "uitbetaling": [], "vrijToegankelijk": true, "gemeenteBeperking": null, "openingstijden": {"ma": "07:30–18:00", "di": "07:30–18:00", "wo": "07:30–18:00", "do": "07:30–18:00", "vr": "07:30–18:00", "za": "Gesloten", "zo": "Gesloten"}, "latitude": 51.4665983, "longitude": 5.4966905, "bronId": "256599"}}, {"type": "Feature", "geometry": {"type": "Point", "coordinates": [5.4445562, 51.47393]}, "properties": {"type": "inleverpunt", "locatieNaam": "Markies 6927 Summa Furkapas", "straatNaam": "Furkapas", "straatNr": "4", "postcode": "5624 MD", "plaats": "Eindhoven", "merk": "StatiegeldNederland", "puntType": "balie", "materialen": ["pet-groot", "pet-klein", "blik"], "uitbetaling": [], "vrijToegankelijk": true, "gemeenteBeperking": null, "openingstijden": null, "latitude": 51.47393, "longitude": 5.4445562, "bronId": "256607"}}, {"type": "Feature", "geometry": {"type": "Point", "coordinates": [5.4553121, 51.4301339]}, "properties": {"type": "inleverpunt", "locatieNaam": "Markies 60097 Huygens Lyceum", "straatNaam": "Rachmaninowlaan", "straatNr": "2", "postcode": "5653 AT", "plaats": "Eindhoven", "merk": "StatiegeldNederland", "puntType": "balie", "materialen": ["pet-groot", "pet-klein", "blik"], "uitbetaling": [], "vrijToegankelijk": true, "gemeenteBeperking": null, "openingstijden": {"ma": "08:00–17:00", "di": "08:00–17:00", "wo": "08:00–17:00", "do": "08:00–17:00", "vr": "08:00–17:00", "za": "Gesloten", "zo": "Gesloten"}, "latitude": 51.4301339, "longitude": 5.4553121, "bronId": "256656"}}, {"type": "Feature", "geometry": {"type": "Point", "coordinates": [5.455132, 51.4340554]}, "properties": {"type": "inleverpunt", "locatieNaam": "Markies 60147 Summa Habsburg", "straatNaam": "Habsburglaan", "straatNr": "1", "postcode": "5616 HV", "plaats": "Eindhoven", "merk": "StatiegeldNederland", "puntType": "balie", "materialen": ["pet-groot", "pet-klein", "blik"], "uitbetaling": [], "vrijToegankelijk": true, "gemeenteBeperking": null, "openingstijden": {"ma": "08:00–17:00", "di": "08:00–17:00", "wo": "08:00–17:00", "do": "08:00–17:00", "vr": "08:00–17:00", "za": "Gesloten", "zo": "Gesloten"}, "latitude": 51.4340554, "longitude": 5.455132, "bronId": "256668"}}, {"type": "Feature", "geometry": {"type": "Point", "coordinates": [5.4293484, 51.4363701]}, "properties": {"type": "inleverpunt", "locatieNaam": "Nettorama", "straatNaam": "Hurksestraat", "straatNr": "44", "postcode": "5652 AL", "plaats": "Eindhoven", "merk": "StatiegeldNederland", "puntType": "automaat", "materialen": ["pet-groot", "pet-klein", "blik", "glas", "krat"], "uitbetaling": ["bonnetje"], "vrijToegankelijk": true, "gemeenteBeperking": null, "openingstijden": {"ma": "07:00–21:00", "di": "07:00–21:00", "wo": "07:00–21:00", "do": "07:00–21:00", "vr": "07:00–21:00", "za": "07:00–20:00", "zo": "09:00–20:00"}, "latitude": 51.4363701, "longitude": 5.4293484, "bronId": "256873"}}, {"type": "Feature", "geometry": {"type": "Point", "coordinates": [5.4805973, 51.4423154]}, "properties": {"type": "inleverpunt", "locatieNaam": "NS Stations EINDHOVEN", "straatNaam": "Stationsplein", "straatNr": "22", "postcode": "5611 AD", "plaats": "Eindhoven", "merk": "StatiegeldNederland", "puntType": "automaat", "materialen": ["pet-groot", "pet-klein", "blik"], "uitbetaling": ["bonnetje", "donatie", "tikkie"], "vrijToegankelijk": true, "gemeenteBeperking": null, "openingstijden": null, "latitude": 51.4423154, "longitude": 5.4805973, "bronId": "256945"}}, {"type": "Feature", "geometry": {"type": "Point", "coordinates": [5.4920466, 51.4201324]}, "properties": {"type": "inleverpunt", "locatieNaam": "Odin Eindhoven", "straatNaam": "Roostenlaan", "straatNr": "106", "postcode": "5644 GH", "plaats": "Eindhoven", "merk": "StatiegeldNederland", "puntType": "balie", "materialen": ["pet-groot", "pet-klein", "blik"], "uitbetaling": [], "vrijToegankelijk": true, "gemeenteBeperking": null, "openingstijden": {"ma": "09:00–18:30", "di": "09:00–18:30", "wo": "12:00–17:00", "do": "09:00–18:30", "vr": "12:00–17:00", "za": "08:30–18:00", "zo": "Gesloten"}, "latitude": 51.4201324, "longitude": 5.4920466, "bronId": "256971"}}, {"type": "Feature", "geometry": {"type": "Point", "coordinates": [5.4810171, 51.4405853]}, "properties": {"type": "inleverpunt", "locatieNaam": "Pathé Eindhoven", "straatNaam": "Dommelstraat", "straatNr": "27", "postcode": "5611 CJ", "plaats": "Eindhoven", "merk": "StatiegeldNederland", "puntType": "automaat", "materialen": ["pet-groot", "pet-klein", "blik"], "uitbetaling": ["bonnetje", "donatie", "tikkie"], "vrijToegankelijk": false, "gemeenteBeperking": null, "openingstijden": null, "latitude": 51.4405853, "longitude": 5.4810171, "bronId": "257138"}}, {"type": "Feature", "geometry": {"type": "Point", "coordinates": [5.5212, 51.43751]}, "properties": {"type": "inleverpunt", "locatieNaam": "Plus", "straatNaam": "Dirigentplein", "straatNr": "85", "postcode": "5642 RK", "plaats": "Eindhoven", "merk": "StatiegeldNederland", "puntType": "automaat", "materialen": ["pet-groot", "pet-klein", "blik", "glas", "krat"], "uitbetaling": ["bonnetje"], "vrijToegankelijk": true, "gemeenteBeperking": null, "openingstijden": {"ma": "08:00–20:00", "di": "08:00–20:00", "wo": "08:00–20:00", "do": "08:00–20:00", "vr": "08:00–20:00", "za": "08:00–20:00", "zo": "10:00–18:00"}, "latitude": 51.43751, "longitude": 5.5212, "bronId": "257262"}}, {"type": "Feature", "geometry": {"type": "Point", "coordinates": [5.47244, 51.46233]}, "properties": {"type": "inleverpunt", "locatieNaam": "Plus", "straatNaam": "Woenselsestraat", "straatNr": "377", "postcode": "5623 ED", "plaats": "Eindhoven", "merk": "StatiegeldNederland", "puntType": "automaat", "materialen": ["pet-groot", "pet-klein", "blik", "glas", "krat"], "uitbetaling": ["bonnetje", "donatie"], "vrijToegankelijk": true, "gemeenteBeperking": null, "openingstijden": {"ma": "08:00–21:00", "di": "08:00–21:00", "wo": "08:00–21:00", "do": "08:00–21:00", "vr": "08:00–21:00", "za": "08:00–21:00", "zo": "09:00–20:00"}, "latitude": 51.46233, "longitude": 5.47244, "bronId": "257601"}}, {"type": "Feature", "geometry": {"type": "Point", "coordinates": [5.461227, 51.4229154]}, "properties": {"type": "inleverpunt", "locatieNaam": "Polski Smak II Eindhoven", "straatNaam": "Willaertplein", "straatNr": "9b", "postcode": "5654 LN", "plaats": "Eindhoven", "merk": "StatiegeldNederland", "puntType": "automaat", "materialen": ["pet-groot", "pet-klein", "blik"], "uitbetaling": ["bonnetje", "donatie", "tikkie"], "vrijToegankelijk": true, "gemeenteBeperking": null, "openingstijden": {"ma": "08:00–21:00", "di": "08:00–21:00", "wo": "08:00–21:00", "do": "08:00–21:00", "vr": "08:00–21:00", "za": "08:00–21:00", "zo": "09:00–20:00"}, "latitude": 51.4229154, "longitude": 5.461227, "bronId": "257720"}}, {"type": "Feature", "geometry": {"type": "Point", "coordinates": [5.4810171, 51.4405853]}, "properties": {"type": "inleverpunt", "locatieNaam": "Polski Smak Tani", "straatNaam": "Geldropseweg", "straatNr": "54", "postcode": "5611 SJ", "plaats": "Eindhoven", "merk": "StatiegeldNederland", "puntType": "automaat", "materialen": ["pet-groot", "pet-klein", "blik"], "uitbetaling": ["donatie", "tikkie"], "vrijToegankelijk": true, "gemeenteBeperking": null, "openingstijden": null, "latitude": 51.4405853, "longitude": 5.4810171, "bronId": "257722"}}, {"type": "Feature", "geometry": {"type": "Point", "coordinates": [5.4761591, 51.4563733]}, "properties": {"type": "inleverpunt", "locatieNaam": "SG De Rooi Pannen", "straatNaam": "Kaakstraat", "straatNr": "1", "postcode": "5623 AD", "plaats": "Eindhoven", "merk": "StatiegeldNederland", "puntType": "automaat", "materialen": ["pet-klein", "blik"], "uitbetaling": [], "vrijToegankelijk": false, "gemeenteBeperking": null, "openingstijden": {"ma": "09:00–17:00", "di": "09:00–17:00", "wo": "09:00–17:00", "do": "09:00–17:00", "vr": "09:00–17:00", "za": "Gesloten", "zo": "Gesloten"}, "latitude": 51.4563733, "longitude": 5.4761591, "bronId": "258034"}}, {"type": "Feature", "geometry": {"type": "Point", "coordinates": [5.496959, 51.415613]}, "properties": {"type": "inleverpunt", "locatieNaam": "Shell", "straatNaam": "Floraplein", "straatNr": "15", "postcode": "5644 JS", "plaats": "Eindhoven", "merk": "StatiegeldNederland", "puntType": "balie", "materialen": ["pet-groot", "pet-klein", "blik"], "uitbetaling": [], "vrijToegankelijk": true, "gemeenteBeperking": null, "openingstijden": {"ma": "24 uur geopend", "di": "24 uur geopend", "wo": "24 uur geopend", "do": "24 uur geopend", "vr": "24 uur geopend", "za": "24 uur geopend", "zo": "24 uur geopend"}, "latitude": 51.415613, "longitude": 5.496959, "bronId": "258063"}}, {"type": "Feature", "geometry": {"type": "Point", "coordinates": [5.48817, 51.476553]}, "properties": {"type": "inleverpunt", "locatieNaam": "Shell", "straatNaam": "Kennedylaan", "straatNr": "9", "postcode": "5628 RB", "plaats": "Eindhoven", "merk": "StatiegeldNederland", "puntType": "balie", "materialen": ["pet-groot", "pet-klein", "blik"], "uitbetaling": [], "vrijToegankelijk": true, "gemeenteBeperking": null, "openingstijden": {"ma": "24 uur geopend", "di": "24 uur geopend", "wo": "24 uur geopend", "do": "24 uur geopend", "vr": "24 uur geopend", "za": "24 uur geopend", "zo": "24 uur geopend"}, "latitude": 51.476553, "longitude": 5.48817, "bronId": "258096"}}, {"type": "Feature", "geometry": {"type": "Point", "coordinates": [5.4894623, 51.4793347]}, "properties": {"type": "inleverpunt", "locatieNaam": "Shell", "straatNaam": "Kennedylaan", "straatNr": "100", "postcode": "5632 LX", "plaats": "Eindhoven", "merk": "StatiegeldNederland", "puntType": "balie", "materialen": ["pet-groot", "pet-klein", "blik"], "uitbetaling": [], "vrijToegankelijk": true, "gemeenteBeperking": null, "openingstijden": {"ma": "06:00–22:30", "di": "06:00–22:30", "wo": "06:00–22:30", "do": "06:00–22:30", "vr": "06:00–22:30", "za": "07:00–22:30", "zo": "08:00–22:30"}, "latitude": 51.4793347, "longitude": 5.4894623, "bronId": "258097"}}, {"type": "Feature", "geometry": {"type": "Point", "coordinates": [5.4547149, 51.4470053]}, "properties": {"type": "inleverpunt", "locatieNaam": "Sint Lucas", "straatNaam": "Torenallee", "straatNr": "75", "postcode": "5617 BB", "plaats": "Eindhoven", "merk": "StatiegeldNederland", "puntType": "automaat", "materialen": ["pet-klein", "blik"], "uitbetaling": [], "vrijToegankelijk": false, "gemeenteBeperking": null, "openingstijden": null, "latitude": 51.4470053, "longitude": 5.4547149, "bronId": "258266"}}, {"type": "Feature", "geometry": {"type": "Point", "coordinates": [5.4598397, 51.4444644]}, "properties": {"type": "inleverpunt", "locatieNaam": "Sint Lucas MicroLab", "straatNaam": "Kastanjelaan", "straatNr": "400", "postcode": "5616 LZ", "plaats": "Eindhoven", "merk": "StatiegeldNederland", "puntType": "automaat", "materialen": ["pet-klein", "blik"], "uitbetaling": [], "vrijToegankelijk": false, "gemeenteBeperking": null, "openingstijden": null, "latitude": 51.4444644, "longitude": 5.4598397, "bronId": "258267"}}, {"type": "Feature", "geometry": {"type": "Point", "coordinates": [5.4547129, 51.4551441]}, "properties": {"type": "inleverpunt", "locatieNaam": "Spar", "straatNaam": "Celciusplein", "straatNr": "50-51", "postcode": "6521 BN", "plaats": "Eindhoven", "merk": "StatiegeldNederland", "puntType": "automaat", "materialen": ["pet-groot", "pet-klein", "blik", "glas"], "uitbetaling": ["bonnetje", "donatie"], "vrijToegankelijk": true, "gemeenteBeperking": null, "openingstijden": {"ma": "08:00–20:00", "di": "08:00–20:00", "wo": "08:00–20:00", "do": "08:00–20:00", "vr": "08:00–20:00", "za": "08:00–20:00", "zo": "09:00–18:00"}, "latitude": 51.4551441, "longitude": 5.4547129, "bronId": "258321"}}, {"type": "Feature", "geometry": {"type": "Point", "coordinates": [5.4876962, 51.44929]}, "properties": {"type": "inleverpunt", "locatieNaam": "Spar", "straatNaam": "De Lampendriessen", "straatNr": "31", "postcode": "5612 AH", "plaats": "Eindhoven", "merk": "StatiegeldNederland", "puntType": "automaat", "materialen": ["pet-klein", "blik"], "uitbetaling": ["donatie", "tikkie"], "vrijToegankelijk": true, "gemeenteBeperking": null, "openingstijden": {"ma": "08:00–02:00", "di": "08:00–02:00", "wo": "08:00–02:00", "do": "08:00–02:00", "vr": "08:00–02:00", "za": "11:00–02:00", "zo": "11:00–02:00"}, "latitude": 51.44929, "longitude": 5.4876962, "bronId": "258432"}}, {"type": "Feature", "geometry": {"type": "Point", "coordinates": [5.4499203, 51.4143422]}, "properties": {"type": "inleverpunt", "locatieNaam": "Stichting Vrienden Van De Tennisvereniging", "straatNaam": "Locatellistraat", "straatNr": "3A", "postcode": "5654 JB", "plaats": "Eindhoven", "merk": "StatiegeldNederland", "puntType": "balie", "materialen": ["pet-groot", "pet-klein", "blik"], "uitbetaling": [], "vrijToegankelijk": false, "gemeenteBeperking": null, "openingstijden": {"ma": "24 uur geopend", "di": "24 uur geopend", "wo": "24 uur geopend", "do": "24 uur geopend", "vr": "24 uur geopend", "za": "24 uur geopend", "zo": "24 uur geopend"}, "latitude": 51.4143422, "longitude": 5.4499203, "bronId": "258735"}}, {"type": "Feature", "geometry": {"type": "Point", "coordinates": [5.4858237, 51.4482114]}, "properties": {"type": "inleverpunt", "locatieNaam": "TU/ e", "straatNaam": "Groene Loper", "straatNr": "3", "postcode": "5612 AZ", "plaats": "Eindhoven", "merk": "StatiegeldNederland", "puntType": "automaat", "materialen": ["pet-klein", "blik"], "uitbetaling": ["donatie", "tikkie"], "vrijToegankelijk": true, "gemeenteBeperking": null, "openingstijden": null, "latitude": 51.4482114, "longitude": 5.4858237, "bronId": "259047"}}, {"type": "Feature", "geometry": {"type": "Point", "coordinates": [5.4750483, 51.4283641]}, "properties": {"type": "inleverpunt", "locatieNaam": "Van Maerlantlyceum", "straatNaam": "Jacob Van Maerlantlaan", "straatNr": "11", "postcode": "5615 JS", "plaats": "Eindhoven", "merk": "StatiegeldNederland", "puntType": "automaat", "materialen": ["pet-klein", "blik"], "uitbetaling": ["donatie"], "vrijToegankelijk": true, "gemeenteBeperking": null, "openingstijden": {"ma": "09:00–20:00", "di": "09:00–20:00", "wo": "09:00–20:00", "do": "09:00–20:00", "vr": "09:00–20:00", "za": "09:00–17:00", "zo": "10:00–16:00"}, "latitude": 51.4283641, "longitude": 5.4750483, "bronId": "259165"}}, {"type": "Feature", "geometry": {"type": "Point", "coordinates": [5.4065317, 51.4772791]}, "properties": {"type": "inleverpunt", "locatieNaam": "Vending@Work GXO Eindhoven 2", "straatNaam": "De Schakel", "straatNr": "39", "postcode": "5651 GH", "plaats": "Eindhoven", "merk": "StatiegeldNederland", "puntType": "automaat", "materialen": ["pet-groot", "pet-klein", "blik"], "uitbetaling": ["bonnetje", "donatie", "tikkie"], "vrijToegankelijk": true, "gemeenteBeperking": null, "openingstijden": {"ma": "Gesloten", "di": "Gesloten", "wo": "Gesloten", "do": "Gesloten", "vr": "Gesloten", "za": "10:00–18:00", "zo": "10:00–18:00"}, "latitude": 51.4772791, "longitude": 5.4065317, "bronId": "259174"}}, {"type": "Feature", "geometry": {"type": "Point", "coordinates": [5.4144166, 51.4389688]}, "properties": {"type": "inleverpunt", "locatieNaam": "ViaTim", "straatNaam": "Graspieper", "straatNr": "127", "postcode": "5658 EN", "plaats": "Eindhoven", "merk": "StatiegeldNederland", "puntType": "balie", "materialen": ["pet-groot", "pet-klein", "blik"], "uitbetaling": ["tikkie"], "vrijToegankelijk": true, "gemeenteBeperking": null, "openingstijden": {"ma": "16:00–21:00", "di": "16:00–21:00", "wo": "16:00–21:00", "do": "16:00–21:00", "vr": "16:00–21:00", "za": "Gesloten", "zo": "Gesloten"}, "latitude": 51.4389688, "longitude": 5.4144166, "bronId": "259297"}}, {"type": "Feature", "geometry": {"type": "Point", "coordinates": [5.5042164, 51.4395798]}, "properties": {"type": "inleverpunt", "locatieNaam": "ViaTim", "straatNaam": "Jeroen Boschlaan", "straatNr": "50", "postcode": "5613 GA", "plaats": "Eindhoven", "merk": "StatiegeldNederland", "puntType": "balie", "materialen": ["pet-groot", "pet-klein", "blik"], "uitbetaling": ["tikkie"], "vrijToegankelijk": true, "gemeenteBeperking": null, "openingstijden": null, "latitude": 51.4395798, "longitude": 5.5042164, "bronId": "259351"}}, {"type": "Feature", "geometry": {"type": "Point", "coordinates": [5.4909964, 51.4255493]}, "properties": {"type": "inleverpunt", "locatieNaam": "ViaTim", "straatNaam": "Leenderweg", "straatNr": "123", "postcode": "5614 HM", "plaats": "Eindhoven", "merk": "StatiegeldNederland", "puntType": "balie", "materialen": ["pet-groot", "pet-klein", "blik"], "uitbetaling": ["tikkie"], "vrijToegankelijk": true, "gemeenteBeperking": null, "openingstijden": {"ma": "Gesloten", "di": "11:00–18:00", "wo": "11:00–18:00", "do": "11:00–18:00", "vr": "11:00–18:00", "za": "11:00–18:00", "zo": "Gesloten"}, "latitude": 51.4255493, "longitude": 5.4909964, "bronId": "259386"}}, {"type": "Feature", "geometry": {"type": "Point", "coordinates": [5.4513633, 51.4158392]}, "properties": {"type": "inleverpunt", "locatieNaam": "Vv Gestel", "straatNaam": "Locatellistraat", "straatNr": "3", "postcode": "5654 JB", "plaats": "Eindhoven", "merk": "StatiegeldNederland", "puntType": "balie", "materialen": ["pet-groot", "pet-klein", "blik"], "uitbetaling": [], "vrijToegankelijk": false, "gemeenteBeperking": null, "openingstijden": {"ma": "Gesloten", "di": "Gesloten", "wo": "09:00–17:00", "do": "09:00–17:00", "vr": "Gesloten", "za": "09:00–17:00", "zo": "09:00–17:00"}, "latitude": 51.4158392, "longitude": 5.4513633, "bronId": "259776"}}, {"type": "Feature", "geometry": {"type": "Point", "coordinates": [5.5006355, 51.4359359]}, "properties": {"type": "inleverpunt", "locatieNaam": "Washin7 Eindhoven Kanaaldijk BULK", "straatNaam": "Kanaaldijk-noord", "straatNr": "23", "postcode": "5613 DH", "plaats": "Eindhoven", "merk": "StatiegeldNederland", "puntType": "automaat", "materialen": ["pet-groot", "pet-klein", "blik", "krat"], "uitbetaling": ["donatie", "tikkie"], "vrijToegankelijk": true, "gemeenteBeperking": null, "openingstijden": {"ma": "08:00–20:00", "di": "08:00–20:00", "wo": "08:00–20:00", "do": "08:00–20:00", "vr": "08:00–20:00", "za": "09:00–18:00", "zo": "09:00–18:00"}, "latitude": 51.4359359, "longitude": 5.5006355, "bronId": "259848"}}, {"type": "Feature", "geometry": {"type": "Point", "coordinates": [5.4795811, 51.437626]}, "properties": {"type": "inleverpunt", "locatieNaam": "Waterreus super to go", "straatNaam": "Rechtestraat", "straatNr": "65", "postcode": "5611 GL", "plaats": "Eindhoven", "merk": "StatiegeldNederland", "puntType": "automaat", "materialen": ["pet-groot", "pet-klein", "blik"], "uitbetaling": ["bonnetje", "donatie", "tikkie"], "vrijToegankelijk": true, "gemeenteBeperking": null, "openingstijden": {"ma": "08:00–18:00", "di": "08:00–18:00", "wo": "08:00–18:00", "do": "08:00–18:00", "vr": "08:00–18:00", "za": "Gesloten", "zo": "Gesloten"}, "latitude": 51.437626, "longitude": 5.4795811, "bronId": "259857"}}, {"type": "Feature", "geometry": {"type": "Point", "coordinates": [5.4810442, 51.4512756]}, "properties": {"type": "inleverpunt", "locatieNaam": "Zapolski Eindhoven", "straatNaam": "Woenselse Markt", "straatNr": "8", "postcode": "5612 CP", "plaats": "Eindhoven", "merk": "StatiegeldNederland", "puntType": "automaat", "materialen": ["pet-groot", "pet-klein", "blik"], "uitbetaling": ["bonnetje", "donatie", "tikkie"], "vrijToegankelijk": true, "gemeenteBeperking": null, "openingstijden": {"ma": "09:00–18:00", "di": "09:00–18:00", "wo": "09:00–18:00", "do": "09:00–18:00", "vr": "09:00–20:00", "za": "09:00–18:00", "zo": "12:00–17:00"}, "latitude": 51.4512756, "longitude": 5.4810442, "bronId": "259883"}}, {"type": "Feature", "geometry": {"type": "Point", "coordinates": [5.4406, 51.48862]}, "properties": {"type": "inleverpunt", "locatieNaam": "Albert Heijn Eindhoven", "straatNaam": "Ardèchelaan", "straatNr": "5", "postcode": "5627 EM", "plaats": "Eindhoven", "merk": "StichtingOPEN", "puntType": "balie", "materialen": ["batterijen", "lampen"], "uitbetaling": [], "vrijToegankelijk": false, "gemeenteBeperking": null, "openingstijden": null, "latitude": 51.48862, "longitude": 5.4406, "bronId": "SP00030144"}}, {"type": "Feature", "geometry": {"type": "Point", "coordinates": [5.473931, 51.489136]}, "properties": {"type": "inleverpunt", "locatieNaam": "1179 Albert Heijn Eindhoven", "straatNaam": "Ouverture", "straatNr": "214", "postcode": "5629 PX", "plaats": "Eindhoven", "merk": "StichtingOPEN", "puntType": "balie", "materialen": ["batterijen", "elektro-klein", "lampen"], "uitbetaling": [], "vrijToegankelijk": false, "gemeenteBeperking": null, "openingstijden": null, "latitude": 51.489136, "longitude": 5.473931, "bronId": "SP00022573"}}, {"type": "Feature", "geometry": {"type": "Point", "coordinates": [5.449425, 51.483265]}, "properties": {"type": "inleverpunt", "locatieNaam": "Jumbo Eindhoven", "straatNaam": "Biarritzplein", "straatNr": "37", "postcode": "5627 LE", "plaats": "Eindhoven", "merk": "StichtingOPEN", "puntType": "balie", "materialen": ["batterijen", "lampen"], "uitbetaling": [], "vrijToegankelijk": false, "gemeenteBeperking": null, "openingstijden": null, "latitude": 51.483265, "longitude": 5.449425, "bronId": "SP00025006"}}, {"type": "Feature", "geometry": {"type": "Point", "coordinates": [5.448535, 51.483061]}, "properties": {"type": "inleverpunt", "locatieNaam": "Kruidvat Eindhoven", "straatNaam": "Biarritzplein", "straatNr": "1719", "postcode": "5627 LE", "plaats": "Eindhoven", "merk": "StichtingOPEN", "puntType": "balie", "materialen": ["batterijen", "lampen"], "uitbetaling": [], "vrijToegankelijk": false, "gemeenteBeperking": null, "openingstijden": null, "latitude": 51.483061, "longitude": 5.448535, "bronId": "SP00024489"}}, {"type": "Feature", "geometry": {"type": "Point", "coordinates": [5.463595, 51.478945]}, "properties": {"type": "inleverpunt", "locatieNaam": "Kruidvat Eindhoven", "straatNaam": "Nederlandplein", "straatNr": "111", "postcode": "5628 AJ", "plaats": "Eindhoven", "merk": "StichtingOPEN", "puntType": "balie", "materialen": ["batterijen", "lampen"], "uitbetaling": [], "vrijToegankelijk": false, "gemeenteBeperking": null, "openingstijden": null, "latitude": 51.478945, "longitude": 5.463595, "bronId": "SP00024897"}}, {"type": "Feature", "geometry": {"type": "Point", "coordinates": [5.463106, 51.478869]}, "properties": {"type": "inleverpunt", "locatieNaam": "Jumbo Eindhoven", "straatNaam": "Nederlandplein", "straatNr": "103", "postcode": "5628 AJ", "plaats": "Eindhoven", "merk": "StichtingOPEN", "puntType": "balie", "materialen": ["batterijen", "lampen"], "uitbetaling": [], "vrijToegankelijk": false, "gemeenteBeperking": null, "openingstijden": null, "latitude": 51.478869, "longitude": 5.463106, "bronId": "SP00025005"}}, {"type": "Feature", "geometry": {"type": "Point", "coordinates": [5.478969, 51.48005]}, "properties": {"type": "inleverpunt", "locatieNaam": "Aldi Eindhoven", "straatNaam": "Belgiëplein", "straatNr": "22-23", "postcode": "5628 XJ", "plaats": "Eindhoven", "merk": "StichtingOPEN", "puntType": "balie", "materialen": ["batterijen", "elektro-klein", "lampen"], "uitbetaling": [], "vrijToegankelijk": false, "gemeenteBeperking": null, "openingstijden": null, "latitude": 51.48005, "longitude": 5.478969, "bronId": "SP00026776"}}, {"type": "Feature", "geometry": {"type": "Point", "coordinates": [5.47896, 51.479833]}, "properties": {"type": "inleverpunt", "locatieNaam": "Jumbo Eindhoven", "straatNaam": "Belgiëplein", "straatNr": "21", "postcode": "5628 XJ", "plaats": "Eindhoven", "merk": "StichtingOPEN", "puntType": "balie", "materialen": ["batterijen", "lampen"], "uitbetaling": [], "vrijToegankelijk": false, "gemeenteBeperking": null, "openingstijden": null, "latitude": 51.479833, "longitude": 5.47896, "bronId": "SP00025430"}}, {"type": "Feature", "geometry": {"type": "Point", "coordinates": [5.484857, 51.477707]}, "properties": {"type": "inleverpunt", "locatieNaam": "Dorcas Winkel EIndhoven", "straatNaam": "Brussellaan", "straatNr": "2a-b", "postcode": "5628 TC", "plaats": "Eindhoven", "merk": "StichtingOPEN", "puntType": "balie", "materialen": ["elektro-klein", "lampen", "tl-buizen"], "uitbetaling": [], "vrijToegankelijk": false, "gemeenteBeperking": null, "openingstijden": null, "latitude": 51.477707, "longitude": 5.484857, "bronId": "SP00030548"}}, {"type": "Feature", "geometry": {"type": "Point", "coordinates": [5.48077, 51.476925]}, "properties": {"type": "inleverpunt", "locatieNaam": "Gamma Eindhoven Noord", "straatNaam": "Herentalsweg", "straatNr": "11", "postcode": "5628 RD", "plaats": "Eindhoven", "merk": "StichtingOPEN", "puntType": "balie", "materialen": ["elektro-middel", "lampen", "tl-buizen"], "uitbetaling": [], "vrijToegankelijk": false, "gemeenteBeperking": null, "openingstijden": null, "latitude": 51.476925, "longitude": 5.48077, "bronId": "SP00031180"}}, {"type": "Feature", "geometry": {"type": "Point", "coordinates": [5.49358, 51.47748]}, "properties": {"type": "inleverpunt", "locatieNaam": "Lidl Eindhoven", "straatNaam": "Wijngaardplein", "straatNr": "45", "postcode": "5632 MA", "plaats": "Eindhoven", "merk": "StichtingOPEN", "puntType": "balie", "materialen": ["batterijen", "lampen"], "uitbetaling": [], "vrijToegankelijk": false, "gemeenteBeperking": null, "openingstijden": null, "latitude": 51.47748, "longitude": 5.49358, "bronId": "SP00030009"}}, {"type": "Feature", "geometry": {"type": "Point", "coordinates": [5.491999, 51.477044]}, "properties": {"type": "inleverpunt", "locatieNaam": "Kruidvat Eindhoven", "straatNaam": "Tarwelaan", "straatNr": "78", "postcode": "5632 KG", "plaats": "Eindhoven", "merk": "StichtingOPEN", "puntType": "balie", "materialen": ["batterijen", "lampen"], "uitbetaling": [], "vrijToegankelijk": false, "gemeenteBeperking": null, "openingstijden": null, "latitude": 51.477044, "longitude": 5.491999, "bronId": "SP00024488"}}, {"type": "Feature", "geometry": {"type": "Point", "coordinates": [5.493194, 51.476979]}, "properties": {"type": "inleverpunt", "locatieNaam": "1250 Albert Heijn Eindhoven", "straatNaam": "Tarwelaan", "straatNr": "70", "postcode": "5632 KG", "plaats": "Eindhoven", "merk": "StichtingOPEN", "puntType": "balie", "materialen": ["batterijen", "elektro-klein", "lampen"], "uitbetaling": [], "vrijToegankelijk": false, "gemeenteBeperking": null, "openingstijden": null, "latitude": 51.476979, "longitude": 5.493194, "bronId": "SP00022567"}}, {"type": "Feature", "geometry": {"type": "Point", "coordinates": [5.416125, 51.468785]}, "properties": {"type": "inleverpunt", "locatieNaam": "Technische Unie OP Eindhoven KPL 1784)", "straatNaam": "De Schakel", "straatNr": "14", "postcode": "5651 GH", "plaats": "Eindhoven", "merk": "StichtingOPEN", "puntType": "balie", "materialen": ["elektro-klein", "elektro-middel", "lampen", "tl-buizen"], "uitbetaling": [], "vrijToegankelijk": false, "gemeenteBeperking": null, "openingstijden": null, "latitude": 51.468785, "longitude": 5.416125, "bronId": "SP00028232"}}, {"type": "Feature", "geometry": {"type": "Point", "coordinates": [5.416125, 51.468785]}, "properties": {"type": "inleverpunt", "locatieNaam": "Technische Unie VK Eindhoven", "straatNaam": "De Schakel", "straatNr": "14", "postcode": "5651 GH", "plaats": "Eindhoven", "merk": "StichtingOPEN", "puntType": "balie", "materialen": ["elektro-klein", "lampen"], "uitbetaling": [], "vrijToegankelijk": false, "gemeenteBeperking": null, "openingstijden": null, "latitude": 51.468785, "longitude": 5.416125, "bronId": "SP00028660"}}, {"type": "Feature", "geometry": {"type": "Point", "coordinates": [5.463664, 51.470576]}, "properties": {"type": "inleverpunt", "locatieNaam": "Jumbo Eindhoven", "straatNaam": "Gerretsonplein", "straatNr": "67", "postcode": "5624 JP", "plaats": "Eindhoven", "merk": "StichtingOPEN", "puntType": "balie", "materialen": ["batterijen", "lampen"], "uitbetaling": [], "vrijToegankelijk": false, "gemeenteBeperking": null, "openingstijden": null, "latitude": 51.470576, "longitude": 5.463664, "bronId": "SP00025001"}}, {"type": "Feature", "geometry": {"type": "Point", "coordinates": [5.47456, 51.470723]}, "properties": {"type": "inleverpunt", "locatieNaam": "Jumbo Eindhoven", "straatNaam": "Winkelcentrum Woensel", "straatNr": "1", "postcode": "5625 AA", "plaats": "Eindhoven", "merk": "StichtingOPEN", "puntType": "balie", "materialen": ["batterijen", "lampen"], "uitbetaling": [], "vrijToegankelijk": false, "gemeenteBeperking": null, "openingstijden": null, "latitude": 51.470723, "longitude": 5.47456, "bronId": "SP00025002"}}, {"type": "Feature", "geometry": {"type": "Point", "coordinates": [5.476194, 51.469361]}, "properties": {"type": "inleverpunt", "locatieNaam": "Kruidvat Eindhoven", "straatNaam": "Winkelcentrum Woensel", "straatNr": "283", "postcode": "5625 AG", "plaats": "Eindhoven", "merk": "StichtingOPEN", "puntType": "balie", "materialen": ["batterijen", "lampen"], "uitbetaling": [], "vrijToegankelijk": false, "gemeenteBeperking": null, "openingstijden": null, "latitude": 51.469361, "longitude": 5.476194, "bronId": "SP00024486"}}, {"type": "Feature", "geometry": {"type": "Point", "coordinates": [5.494135, 51.470346]}, "properties": {"type": "inleverpunt", "locatieNaam": "Action Eindhoven 1309", "straatNaam": "Orionstraat", "straatNr": "137", "postcode": "5632 DC", "plaats": "Eindhoven", "merk": "StichtingOPEN", "puntType": "balie", "materialen": ["batterijen", "lampen"], "uitbetaling": [], "vrijToegankelijk": false, "gemeenteBeperking": null, "openingstijden": null, "latitude": 51.470346, "longitude": 5.494135, "bronId": "SP00007876"}}, {"type": "Feature", "geometry": {"type": "Point", "coordinates": [5.47414, 51.467998]}, "properties": {"type": "inleverpunt", "locatieNaam": "1614 Albert Heijn Eindhoven", "straatNaam": "Winkelcentrum Woensel", "straatNr": "119", "postcode": "5625 AG", "plaats": "Eindhoven", "merk": "StichtingOPEN", "puntType": "balie", "materialen": ["batterijen", "elektro-klein", "lampen"], "uitbetaling": [], "vrijToegankelijk": false, "gemeenteBeperking": null, "openingstijden": null, "latitude": 51.467998, "longitude": 5.47414, "bronId": "SP00023280"}}, {"type": "Feature", "geometry": {"type": "Point", "coordinates": [5.494204, 51.470109]}, "properties": {"type": "inleverpunt", "locatieNaam": "1188 Albert Heijn Eindhoven", "straatNaam": "Orionstraat", "straatNr": "149", "postcode": "5632 DC", "plaats": "Eindhoven", "merk": "StichtingOPEN", "puntType": "balie", "materialen": ["batterijen", "elektro-klein", "lampen"], "uitbetaling": [], "vrijToegankelijk": false, "gemeenteBeperking": null, "openingstijden": null, "latitude": 51.470109, "longitude": 5.494204, "bronId": "SP00022564"}}, {"type": "Feature", "geometry": {"type": "Point", "coordinates": [5.463873, 51.463371]}, "properties": {"type": "inleverpunt", "locatieNaam": "Action Eindhoven", "straatNaam": "Hendrik Staetslaan", "straatNr": "93", "postcode": "5622 HM", "plaats": "Eindhoven", "merk": "StichtingOPEN", "puntType": "balie", "materialen": ["batterijen", "elektro-klein", "lampen"], "uitbetaling": [], "vrijToegankelijk": false, "gemeenteBeperking": null, "openingstijden": null, "latitude": 51.463371, "longitude": 5.463873, "bronId": "SP00025520"}}, {"type": "Feature", "geometry": {"type": "Point", "coordinates": [5.463797, 51.463325]}, "properties": {"type": "inleverpunt", "locatieNaam": "Action Eindhoven 1151", "straatNaam": "Hendrik Staetslaan", "straatNr": "89-93", "postcode": "5622 HM", "plaats": "Eindhoven", "merk": "StichtingOPEN", "puntType": "balie", "materialen": ["lampen"], "uitbetaling": [], "vrijToegankelijk": false, "gemeenteBeperking": null, "openingstijden": null, "latitude": 51.463325, "longitude": 5.463797, "bronId": "SP00007737"}}, {"type": "Feature", "geometry": {"type": "Point", "coordinates": [5.470909, 51.459964]}, "properties": {"type": "inleverpunt", "locatieNaam": "PLUS Eindhoven", "straatNaam": "Woenselsestraat", "straatNr": "377", "postcode": "5623 ED", "plaats": "Eindhoven", "merk": "StichtingOPEN", "puntType": "balie", "materialen": ["batterijen", "lampen"], "uitbetaling": [], "vrijToegankelijk": false, "gemeenteBeperking": null, "openingstijden": null, "latitude": 51.459964, "longitude": 5.470909, "bronId": "SP00024213"}}, {"type": "Feature", "geometry": {"type": "Point", "coordinates": [5.489615, 51.460424]}, "properties": {"type": "inleverpunt", "locatieNaam": "Aldi Eindhoven", "straatNaam": "Cassandraplein", "straatNr": "15", "postcode": "5631 BA", "plaats": "Eindhoven", "merk": "StichtingOPEN", "puntType": "balie", "materialen": ["batterijen", "elektro-klein", "lampen"], "uitbetaling": [], "vrijToegankelijk": false, "gemeenteBeperking": null, "openingstijden": null, "latitude": 51.460424, "longitude": 5.489615, "bronId": "SP00026777"}}, {"type": "Feature", "geometry": {"type": "Point", "coordinates": [5.489655, 51.460175]}, "properties": {"type": "inleverpunt", "locatieNaam": "8670 Albert Heijn Eindhoven", "straatNaam": "Cassandraplein", "straatNr": "8", "postcode": "5631 BA", "plaats": "Eindhoven", "merk": "StichtingOPEN", "puntType": "balie", "materialen": ["batterijen", "elektro-klein", "lampen"], "uitbetaling": [], "vrijToegankelijk": false, "gemeenteBeperking": null, "openingstijden": null, "latitude": 51.460175, "longitude": 5.489655, "bronId": "SP00022560"}}, {"type": "Feature", "geometry": {"type": "Point", "coordinates": [5.488868, 51.459922]}, "properties": {"type": "inleverpunt", "locatieNaam": "Kruidvat Eindhoven", "straatNaam": "Cassandraplein", "straatNr": "6", "postcode": "5631 BA", "plaats": "Eindhoven", "merk": "StichtingOPEN", "puntType": "balie", "materialen": ["batterijen", "lampen"], "uitbetaling": [], "vrijToegankelijk": false, "gemeenteBeperking": null, "openingstijden": null, "latitude": 51.459922, "longitude": 5.488868, "bronId": "SP00024482"}}, {"type": "Feature", "geometry": {"type": "Point", "coordinates": [5.464852, 51.451142]}, "properties": {"type": "inleverpunt", "locatieNaam": "Jumbo Eindhoven", "straatNaam": "Boschdijk", "straatNr": "289", "postcode": "5612 HD", "plaats": "Eindhoven", "merk": "StichtingOPEN", "puntType": "balie", "materialen": ["batterijen", "lampen"], "uitbetaling": [], "vrijToegankelijk": false, "gemeenteBeperking": null, "openingstijden": null, "latitude": 51.451142, "longitude": 5.464852, "bronId": "SP00024991"}}, {"type": "Feature", "geometry": {"type": "Point", "coordinates": [5.471283, 51.451111]}, "properties": {"type": "inleverpunt", "locatieNaam": "Kruidvat Eindhoven", "straatNaam": "Woenselse Markt", "straatNr": "45", "postcode": "5612 CR", "plaats": "Eindhoven", "merk": "StichtingOPEN", "puntType": "balie", "materialen": ["batterijen", "lampen"], "uitbetaling": [], "vrijToegankelijk": false, "gemeenteBeperking": null, "openingstijden": null, "latitude": 51.451111, "longitude": 5.471283, "bronId": "SP00024927"}}, {"type": "Feature", "geometry": {"type": "Point", "coordinates": [5.472408, 51.451133]}, "properties": {"type": "inleverpunt", "locatieNaam": "1558 Albert Heijn Eindhoven", "straatNaam": "Woenselse Markt", "straatNr": "5", "postcode": "5612 CP", "plaats": "Eindhoven", "merk": "StichtingOPEN", "puntType": "balie", "materialen": ["batterijen", "elektro-klein", "lampen"], "uitbetaling": [], "vrijToegankelijk": false, "gemeenteBeperking": null, "openingstijden": null, "latitude": 51.451133, "longitude": 5.472408, "bronId": "SP00022556"}}, {"type": "Feature", "geometry": {"type": "Point", "coordinates": [5.47146, 51.45101]}, "properties": {"type": "inleverpunt", "locatieNaam": "Kruidvat Eindhoven", "straatNaam": "Woenselse Markt", "straatNr": "45", "postcode": "5612 CS", "plaats": "Eindhoven", "merk": "StichtingOPEN", "puntType": "balie", "materialen": ["batterijen", "lampen"], "uitbetaling": [], "vrijToegankelijk": false, "gemeenteBeperking": null, "openingstijden": null, "latitude": 51.45101, "longitude": 5.47146, "bronId": "SP00029767"}}, {"type": "Feature", "geometry": {"type": "Point", "coordinates": [5.464954, 51.448886]}, "properties": {"type": "inleverpunt", "locatieNaam": "Aerts Lighting", "straatNaam": "Lijmbeekstraat", "straatNr": "146", "postcode": "5612 NH", "plaats": "Eindhoven", "merk": "StichtingOPEN", "puntType": "balie", "materialen": ["lampen", "tl-buizen"], "uitbetaling": [], "vrijToegankelijk": false, "gemeenteBeperking": null, "openingstijden": null, "latitude": 51.448886, "longitude": 5.464954, "bronId": "SP00021980"}}, {"type": "Feature", "geometry": {"type": "Point", "coordinates": [5.409116, 51.442779]}, "properties": {"type": "inleverpunt", "locatieNaam": "1657 Albert Heijn Eindhoven", "straatNaam": "Meerzand", "straatNr": "6", "postcode": "5658 LJ", "plaats": "Eindhoven", "merk": "StichtingOPEN", "puntType": "balie", "materialen": ["batterijen", "lampen"], "uitbetaling": [], "vrijToegankelijk": false, "gemeenteBeperking": null, "openingstijden": null, "latitude": 51.442779, "longitude": 5.409116, "bronId": "SP00022554"}}, {"type": "Feature", "geometry": {"type": "Point", "coordinates": [5.487515, 51.449228]}, "properties": {"type": "inleverpunt", "locatieNaam": "Spar Eindhoven University", "straatNaam": "De Lampendriessen", "straatNr": "31", "postcode": "5612 AH", "plaats": "Eindhoven", "merk": "StichtingOPEN", "puntType": "balie", "materialen": ["batterijen", "lampen"], "uitbetaling": [], "vrijToegankelijk": false, "gemeenteBeperking": null, "openingstijden": null, "latitude": 51.449228, "longitude": 5.487515, "bronId": "SP00031427"}}, {"type": "Feature", "geometry": {"type": "Point", "coordinates": [5.41022, 51.44228]}, "properties": {"type": "inleverpunt", "locatieNaam": "Kruidvat Eindhoven", "straatNaam": "Meerplein", "straatNr": "73", "postcode": "5658 LL", "plaats": "Eindhoven", "merk": "StichtingOPEN", "puntType": "balie", "materialen": ["batterijen", "lampen"], "uitbetaling": [], "vrijToegankelijk": false, "gemeenteBeperking": null, "openingstijden": null, "latitude": 51.44228, "longitude": 5.41022, "bronId": "SP00029709"}}, {"type": "Feature", "geometry": {"type": "Point", "coordinates": [5.408306, 51.441962]}, "properties": {"type": "inleverpunt", "locatieNaam": "Jumbo Eindhoven", "straatNaam": "Meerwater", "straatNr": "8", "postcode": "5658 LM", "plaats": "Eindhoven", "merk": "StichtingOPEN", "puntType": "balie", "materialen": ["batterijen", "lampen"], "uitbetaling": [], "vrijToegankelijk": false, "gemeenteBeperking": null, "openingstijden": null, "latitude": 51.441962, "longitude": 5.408306, "bronId": "SP00024989"}}, {"type": "Feature", "geometry": {"type": "Point", "coordinates": [5.517161, 51.451998]}, "properties": {"type": "inleverpunt", "locatieNaam": "Jumbo Eindhoven", "straatNaam": "Pagelaan", "straatNr": "9", "postcode": "5641 CB", "plaats": "Eindhoven", "merk": "StichtingOPEN", "puntType": "balie", "materialen": ["batterijen", "lampen"], "uitbetaling": [], "vrijToegankelijk": false, "gemeenteBeperking": null, "openingstijden": null, "latitude": 51.451998, "longitude": 5.517161, "bronId": "SP00024992"}}, {"type": "Feature", "geometry": {"type": "Point", "coordinates": [5.453107, 51.440774]}, "properties": {"type": "inleverpunt", "locatieNaam": "8616 Albert Heijn Eindhoven", "straatNaam": "Strijpsestraat", "straatNr": "137a", "postcode": "5616 GM", "plaats": "Eindhoven", "merk": "StichtingOPEN", "puntType": "balie", "materialen": ["batterijen", "lampen"], "uitbetaling": [], "vrijToegankelijk": false, "gemeenteBeperking": null, "openingstijden": null, "latitude": 51.440774, "longitude": 5.453107, "bronId": "SP00023337"}}, {"type": "Feature", "geometry": {"type": "Point", "coordinates": [5.475095, 51.44152]}, "properties": {"type": "inleverpunt", "locatieNaam": "Mediamarkt Eindhoven", "straatNaam": "Boschdijktunnel", "straatNr": "1", "postcode": "5611 AG", "plaats": "Eindhoven", "merk": "StichtingOPEN", "puntType": "balie", "materialen": ["elektro-middel", "lampen"], "uitbetaling": [], "vrijToegankelijk": false, "gemeenteBeperking": null, "openingstijden": null, "latitude": 51.44152, "longitude": 5.475095, "bronId": "SP00000811"}}, {"type": "Feature", "geometry": {"type": "Point", "coordinates": [5.52639, 51.44711]}, "properties": {"type": "inleverpunt", "locatieNaam": "Lidl Eindhoven", "straatNaam": "Daalakkersweg", "straatNr": "10", "postcode": "5641 JA", "plaats": "Eindhoven", "merk": "StichtingOPEN", "puntType": "balie", "materialen": ["batterijen", "lampen"], "uitbetaling": [], "vrijToegankelijk": false, "gemeenteBeperking": null, "openingstijden": null, "latitude": 51.44711, "longitude": 5.52639, "bronId": "SP00029993"}}, {"type": "Feature", "geometry": {"type": "Point", "coordinates": [5.478849, 51.441195]}, "properties": {"type": "inleverpunt", "locatieNaam": "1379 Albert Heijn Eindhoven", "straatNaam": "18 Septemberplein", "straatNr": "23", "postcode": "5611 AL", "plaats": "Eindhoven", "merk": "StichtingOPEN", "puntType": "balie", "materialen": ["batterijen", "elektro-klein", "lampen"], "uitbetaling": [], "vrijToegankelijk": false, "gemeenteBeperking": null, "openingstijden": null, "latitude": 51.441195, "longitude": 5.478849, "bronId": "SP00022551"}}, {"type": "Feature", "geometry": {"type": "Point", "coordinates": [5.47152, 51.44043]}, "properties": {"type": "inleverpunt", "locatieNaam": "Jumbo Eindhoven", "straatNaam": "Victoriapark", "straatNr": "90", "postcode": "5611 BM", "plaats": "Eindhoven", "merk": "StichtingOPEN", "puntType": "balie", "materialen": ["batterijen", "lampen"], "uitbetaling": [], "vrijToegankelijk": false, "gemeenteBeperking": null, "openingstijden": null, "latitude": 51.44043, "longitude": 5.47152, "bronId": "SP00029882"}}, {"type": "Feature", "geometry": {"type": "Point", "coordinates": [5.429335, 51.435605]}, "properties": {"type": "inleverpunt", "locatieNaam": "Action Eindhoven 1271", "straatNaam": "Hurksestraat", "straatNr": "44", "postcode": "5652 AL", "plaats": "Eindhoven", "merk": "StichtingOPEN", "puntType": "balie", "materialen": ["batterijen", "lampen"], "uitbetaling": [], "vrijToegankelijk": false, "gemeenteBeperking": null, "openingstijden": null, "latitude": 51.435605, "longitude": 5.429335, "bronId": "SP00007844"}}, {"type": "Feature", "geometry": {"type": "Point", "coordinates": [5.429335, 51.435605]}, "properties": {"type": "inleverpunt", "locatieNaam": "Kruidvat Eindhoven", "straatNaam": "Hurksestraat", "straatNr": "44", "postcode": "5652 AL", "plaats": "Eindhoven", "merk": "StichtingOPEN", "puntType": "balie", "materialen": ["batterijen", "elektro-klein", "lampen"], "uitbetaling": [], "vrijToegankelijk": false, "gemeenteBeperking": null, "openingstijden": null, "latitude": 51.435605, "longitude": 5.429335, "bronId": "SP00027272"}}, {"type": "Feature", "geometry": {"type": "Point", "coordinates": [5.427626, 51.435418]}, "properties": {"type": "inleverpunt", "locatieNaam": "Praxis Eindhoven MEGA & TUIN - 2322", "straatNaam": "Hurksestraat", "straatNr": "27", "postcode": "5652 AH", "plaats": "Eindhoven", "merk": "StichtingOPEN", "puntType": "balie", "materialen": ["batterijen", "elektro-klein", "elektro-middel", "lampen", "tl-buizen"], "uitbetaling": [], "vrijToegankelijk": false, "gemeenteBeperking": null, "openingstijden": null, "latitude": 51.435418, "longitude": 5.427626, "bronId": "SP00006918"}}, {"type": "Feature", "geometry": {"type": "Point", "coordinates": [5.503385, 51.442168]}, "properties": {"type": "inleverpunt", "locatieNaam": "Action Eindhoven 1111", "straatNaam": "Insulindelaan", "straatNr": "118", "postcode": "5613 BT", "plaats": "Eindhoven", "merk": "StichtingOPEN", "puntType": "balie", "materialen": ["batterijen", "lampen"], "uitbetaling": [], "vrijToegankelijk": false, "gemeenteBeperking": null, "openingstijden": null, "latitude": 51.442168, "longitude": 5.503385, "bronId": "SP00007706"}}, {"type": "Feature", "geometry": {"type": "Point", "coordinates": [5.475733, 51.438425]}, "properties": {"type": "inleverpunt", "locatieNaam": "Spar Vrijstraat", "straatNaam": "Vrijstraat", "straatNr": "50", "postcode": "5611 AW", "plaats": "Eindhoven", "merk": "StichtingOPEN", "puntType": "balie", "materialen": ["batterijen", "lampen"], "uitbetaling": [], "vrijToegankelijk": false, "gemeenteBeperking": null, "openingstijden": null, "latitude": 51.438425, "longitude": 5.475733, "bronId": "SP00031409"}}, {"type": "Feature", "geometry": {"type": "Point", "coordinates": [5.47798, 51.4386]}, "properties": {"type": "inleverpunt", "locatieNaam": "Kruidvat Eindhoven", "straatNaam": "Rechtestraat", "straatNr": "22", "postcode": "5611 GP", "plaats": "Eindhoven", "merk": "StichtingOPEN", "puntType": "balie", "materialen": ["batterijen", "lampen"], "uitbetaling": [], "vrijToegankelijk": false, "gemeenteBeperking": null, "openingstijden": null, "latitude": 51.4386, "longitude": 5.47798, "bronId": "SP00029728"}}, {"type": "Feature", "geometry": {"type": "Point", "coordinates": [5.503629, 51.441383]}, "properties": {"type": "inleverpunt", "locatieNaam": "1555 Albert Heijn Eindhoven", "straatNaam": "Insulindelaan", "straatNr": "130", "postcode": "5613 BT", "plaats": "Eindhoven", "merk": "StichtingOPEN", "puntType": "balie", "materialen": ["batterijen", "elektro-klein", "lampen"], "uitbetaling": [], "vrijToegankelijk": false, "gemeenteBeperking": null, "openingstijden": null, "latitude": 51.441383, "longitude": 5.503629, "bronId": "SP00022552"}}, {"type": "Feature", "geometry": {"type": "Point", "coordinates": [5.476891, 51.437589]}, "properties": {"type": "inleverpunt", "locatieNaam": "HiFi Klubben Eindhoven", "straatNaam": "Keizersgracht", "straatNr": "9-11", "postcode": "5611 GC", "plaats": "Eindhoven", "merk": "StichtingOPEN", "puntType": "balie", "materialen": ["elektro-groot", "elektro-klein", "elektro-middel"], "uitbetaling": [], "vrijToegankelijk": false, "gemeenteBeperking": null, "openingstijden": null, "latitude": 51.437589, "longitude": 5.476891, "bronId": "SP00026727"}}, {"type": "Feature", "geometry": {"type": "Point", "coordinates": [5.438755, 51.433476]}, "properties": {"type": "inleverpunt", "locatieNaam": "300 Isero - locatie Eindhoven", "straatNaam": "Hurksestraat", "straatNr": "20B", "postcode": "5652 AK", "plaats": "Eindhoven", "merk": "StichtingOPEN", "puntType": "balie", "materialen": ["elektro-klein", "lampen", "tl-buizen"], "uitbetaling": [], "vrijToegankelijk": false, "gemeenteBeperking": null, "openingstijden": null, "latitude": 51.433476, "longitude": 5.438755, "bronId": "SP00026427"}}, {"type": "Feature", "geometry": {"type": "Point", "coordinates": [5.453247, 51.433373]}, "properties": {"type": "inleverpunt", "locatieNaam": "1394 Albert Heijn XL Eindhoven", "straatNaam": "Limburglaan", "straatNr": "2", "postcode": "5652 AA", "plaats": "Eindhoven", "merk": "StichtingOPEN", "puntType": "balie", "materialen": ["batterijen", "elektro-klein", "lampen"], "uitbetaling": [], "vrijToegankelijk": false, "gemeenteBeperking": null, "openingstijden": null, "latitude": 51.433373, "longitude": 5.453247, "bronId": "SP00022550"}}, {"type": "Feature", "geometry": {"type": "Point", "coordinates": [5.495783, 51.437122]}, "properties": {"type": "inleverpunt", "locatieNaam": "Praxis Eindhoven (Tenierslaan) - 2018", "straatNaam": "Tenierslaan", "straatNr": "2", "postcode": "5613 DZ", "plaats": "Eindhoven", "merk": "StichtingOPEN", "puntType": "balie", "materialen": ["elektro-middel", "lampen", "tl-buizen"], "uitbetaling": [], "vrijToegankelijk": false, "gemeenteBeperking": null, "openingstijden": null, "latitude": 51.437122, "longitude": 5.495783, "bronId": "SP00004145"}}, {"type": "Feature", "geometry": {"type": "Point", "coordinates": [5.433662, 51.430901]}, "properties": {"type": "inleverpunt", "locatieNaam": "Rexel Eindhoven", "straatNaam": "Fijenhof", "straatNr": "3", "postcode": "5652 AE", "plaats": "Eindhoven", "merk": "StichtingOPEN", "puntType": "balie", "materialen": ["elektro-klein", "lampen", "tl-buizen"], "uitbetaling": [], "vrijToegankelijk": false, "gemeenteBeperking": null, "openingstijden": null, "latitude": 51.430901, "longitude": 5.433662, "bronId": "SP00007557"}}, {"type": "Feature", "geometry": {"type": "Point", "coordinates": [5.436215, 51.430989]}, "properties": {"type": "inleverpunt", "locatieNaam": "NGU Business / Repaircenter", "straatNaam": "De Witbogt", "straatNr": "9", "postcode": "5652 AG", "plaats": "Eindhoven", "merk": "StichtingOPEN", "puntType": "balie", "materialen": ["batterijen", "elektro-klein"], "uitbetaling": [], "vrijToegankelijk": false, "gemeenteBeperking": null, "openingstijden": null, "latitude": 51.430989, "longitude": 5.436215, "bronId": "SP00035202"}}, {"type": "Feature", "geometry": {"type": "Point", "coordinates": [5.497718, 51.436511]}, "properties": {"type": "inleverpunt", "locatieNaam": "GAMMA Eindhoven", "straatNaam": "Kanaaldijk Noord", "straatNr": "15a", "postcode": "5613 DH", "plaats": "Eindhoven", "merk": "StichtingOPEN", "puntType": "balie", "materialen": ["batterijen", "elektro-middel", "lampen", "tl-buizen"], "uitbetaling": [], "vrijToegankelijk": false, "gemeenteBeperking": null, "openingstijden": null, "latitude": 51.436511, "longitude": 5.497718, "bronId": "SP00002903"}}, {"type": "Feature", "geometry": {"type": "Point", "coordinates": [5.500776, 51.436532]}, "properties": {"type": "inleverpunt", "locatieNaam": "KARWEI Eindhoven", "straatNaam": "Ruysdaelbaan", "straatNr": "11", "postcode": "5613 DX", "plaats": "Eindhoven", "merk": "StichtingOPEN", "puntType": "balie", "materialen": ["elektro-middel", "lampen", "tl-buizen"], "uitbetaling": [], "vrijToegankelijk": false, "gemeenteBeperking": null, "openingstijden": null, "latitude": 51.436532, "longitude": 5.500776, "bronId": "SP00003596"}}, {"type": "Feature", "geometry": {"type": "Point", "coordinates": [5.470104, 51.432431]}, "properties": {"type": "inleverpunt", "locatieNaam": "1041 Albert Heijn Eindhoven", "straatNaam": "Hoogstraat", "straatNr": "100", "postcode": "5615 PS", "plaats": "Eindhoven", "merk": "StichtingOPEN", "puntType": "balie", "materialen": ["batterijen", "elektro-klein", "lampen"], "uitbetaling": [], "vrijToegankelijk": false, "gemeenteBeperking": null, "openingstijden": null, "latitude": 51.432431, "longitude": 5.470104, "bronId": "SP00022549"}}, {"type": "Feature", "geometry": {"type": "Point", "coordinates": [5.521589, 51.437612]}, "properties": {"type": "inleverpunt", "locatieNaam": "PLUS Eindhoven", "straatNaam": "Dirigentplein", "straatNr": "85", "postcode": "5642 RK", "plaats": "Eindhoven", "merk": "StichtingOPEN", "puntType": "balie", "materialen": ["batterijen", "lampen"], "uitbetaling": [], "vrijToegankelijk": false, "gemeenteBeperking": null, "openingstijden": null, "latitude": 51.437612, "longitude": 5.521589, "bronId": "SP00024030"}}, {"type": "Feature", "geometry": {"type": "Point", "coordinates": [5.521901, 51.437583]}, "properties": {"type": "inleverpunt", "locatieNaam": "Kruidvat Eindhoven", "straatNaam": "Dirigentplein", "straatNr": "89", "postcode": "5642 RK", "plaats": "Eindhoven", "merk": "StichtingOPEN", "puntType": "balie", "materialen": ["batterijen", "lampen"], "uitbetaling": [], "vrijToegankelijk": false, "gemeenteBeperking": null, "openingstijden": null, "latitude": 51.437583, "longitude": 5.521901, "bronId": "SP00034363"}}, {"type": "Feature", "geometry": {"type": "Point", "coordinates": [5.489951, 51.433285]}, "properties": {"type": "inleverpunt", "locatieNaam": "Jumbo Eindhoven", "straatNaam": "Geldropseweg", "straatNr": "103", "postcode": "5611 SE", "plaats": "Eindhoven", "merk": "StichtingOPEN", "puntType": "balie", "materialen": ["batterijen", "lampen"], "uitbetaling": [], "vrijToegankelijk": false, "gemeenteBeperking": null, "openingstijden": null, "latitude": 51.433285, "longitude": 5.489951, "bronId": "SP00024988"}}, {"type": "Feature", "geometry": {"type": "Point", "coordinates": [5.490344, 51.433052]}, "properties": {"type": "inleverpunt", "locatieNaam": "Audio TV Centrum", "straatNaam": "Geldropseweg", "straatNr": "105", "postcode": "5611 SE", "plaats": "Eindhoven", "merk": "StichtingOPEN", "puntType": "balie", "materialen": ["lampen"], "uitbetaling": [], "vrijToegankelijk": false, "gemeenteBeperking": null, "openingstijden": null, "latitude": 51.433052, "longitude": 5.490344, "bronId": "SP00031554"}}, {"type": "Feature", "geometry": {"type": "Point", "coordinates": [5.461996, 51.427651]}, "properties": {"type": "inleverpunt", "locatieNaam": "Action Eindhoven 1235", "straatNaam": "Keizer Karel V Singel", "straatNr": "57", "postcode": "5654 NM", "plaats": "Eindhoven", "merk": "StichtingOPEN", "puntType": "balie", "materialen": ["batterijen", "lampen"], "uitbetaling": [], "vrijToegankelijk": false, "gemeenteBeperking": null, "openingstijden": null, "latitude": 51.427651, "longitude": 5.461996, "bronId": "SP00007812"}}, {"type": "Feature", "geometry": {"type": "Point", "coordinates": [5.46506, 51.427716]}, "properties": {"type": "inleverpunt", "locatieNaam": "Jumbo Eindhoven", "straatNaam": "Boutenslaan", "straatNr": "56", "postcode": "5615 KT", "plaats": "Eindhoven", "merk": "StichtingOPEN", "puntType": "balie", "materialen": ["batterijen", "lampen"], "uitbetaling": [], "vrijToegankelijk": false, "gemeenteBeperking": null, "openingstijden": null, "latitude": 51.427716, "longitude": 5.46506, "bronId": "SP00024986"}}, {"type": "Feature", "geometry": {"type": "Point", "coordinates": [5.48869, 51.426926]}, "properties": {"type": "inleverpunt", "locatieNaam": "8563 Albert Heijn Eindhoven", "straatNaam": "Leenderweg", "straatNr": "50", "postcode": "5615 AA", "plaats": "Eindhoven", "merk": "StichtingOPEN", "puntType": "balie", "materialen": ["batterijen", "elektro-klein", "lampen"], "uitbetaling": [], "vrijToegankelijk": false, "gemeenteBeperking": null, "openingstijden": null, "latitude": 51.426926, "longitude": 5.48869, "bronId": "SP00022548"}}, {"type": "Feature", "geometry": {"type": "Point", "coordinates": [5.4615, 51.423378]}, "properties": {"type": "inleverpunt", "locatieNaam": "Kruidvat Eindhoven", "straatNaam": "Franz Leharplein", "straatNr": "3", "postcode": "5654 AZ", "plaats": "Eindhoven", "merk": "StichtingOPEN", "puntType": "balie", "materialen": ["batterijen", "lampen"], "uitbetaling": [], "vrijToegankelijk": false, "gemeenteBeperking": null, "openingstijden": null, "latitude": 51.423378, "longitude": 5.4615, "bronId": "SP00024478"}}, {"type": "Feature", "geometry": {"type": "Point", "coordinates": [5.509056, 51.428348]}, "properties": {"type": "inleverpunt", "locatieNaam": "Action Eindhoven 1247", "straatNaam": "St Petrus Canisiuslaan", "straatNr": "64", "postcode": "5643 WG", "plaats": "Eindhoven", "merk": "StichtingOPEN", "puntType": "balie", "materialen": ["lampen"], "uitbetaling": [], "vrijToegankelijk": false, "gemeenteBeperking": null, "openingstijden": null, "latitude": 51.428348, "longitude": 5.509056, "bronId": "SP00007596"}}, {"type": "Feature", "geometry": {"type": "Point", "coordinates": [5.461675, 51.423315]}, "properties": {"type": "inleverpunt", "locatieNaam": "Lidl Eindhoven", "straatNaam": "Willaertplein", "straatNr": "11", "postcode": "5654 LN", "plaats": "Eindhoven", "merk": "StichtingOPEN", "puntType": "balie", "materialen": ["batterijen", "lampen"], "uitbetaling": [], "vrijToegankelijk": false, "gemeenteBeperking": null, "openingstijden": null, "latitude": 51.423315, "longitude": 5.461675, "bronId": "SP00025636"}}, {"type": "Feature", "geometry": {"type": "Point", "coordinates": [5.462693, 51.42315]}, "properties": {"type": "inleverpunt", "locatieNaam": "1208 Albert Heijn Eindhoven", "straatNaam": "Franz Leharplein", "straatNr": "19", "postcode": "5654 AZ", "plaats": "Eindhoven", "merk": "StichtingOPEN", "puntType": "balie", "materialen": ["batterijen", "elektro-klein", "lampen"], "uitbetaling": [], "vrijToegankelijk": false, "gemeenteBeperking": null, "openingstijden": null, "latitude": 51.42315, "longitude": 5.462693, "bronId": "SP00022546"}}, {"type": "Feature", "geometry": {"type": "Point", "coordinates": [5.509822, 51.427708]}, "properties": {"type": "inleverpunt", "locatieNaam": "1053 Albert Heijn Eindhoven", "straatNaam": "St Petrus Canisiuslaan", "straatNr": "43", "postcode": "5645 GC", "plaats": "Eindhoven", "merk": "StichtingOPEN", "puntType": "balie", "materialen": ["batterijen", "elektro-klein", "lampen"], "uitbetaling": [], "vrijToegankelijk": false, "gemeenteBeperking": null, "openingstijden": null, "latitude": 51.427708, "longitude": 5.509822, "bronId": "SP00023224"}}, {"type": "Feature", "geometry": {"type": "Point", "coordinates": [5.440996, 51.419111]}, "properties": {"type": "inleverpunt", "locatieNaam": "Jumbo Eindhoven", "straatNaam": "Kastelenplein", "straatNr": "86", "postcode": "5653 LR", "plaats": "Eindhoven", "merk": "StichtingOPEN", "puntType": "balie", "materialen": ["batterijen", "lampen"], "uitbetaling": [], "vrijToegankelijk": false, "gemeenteBeperking": null, "openingstijden": null, "latitude": 51.419111, "longitude": 5.440996, "bronId": "SP00024983"}}, {"type": "Feature", "geometry": {"type": "Point", "coordinates": [5.44016, 51.41892]}, "properties": {"type": "inleverpunt", "locatieNaam": "Kruidvat Eindhoven", "straatNaam": "Kastelenplein", "straatNr": "87", "postcode": "5653 LR", "plaats": "Eindhoven", "merk": "StichtingOPEN", "puntType": "balie", "materialen": ["batterijen", "lampen"], "uitbetaling": [], "vrijToegankelijk": false, "gemeenteBeperking": null, "openingstijden": null, "latitude": 51.41892, "longitude": 5.44016, "bronId": "SP00029777"}}, {"type": "Feature", "geometry": {"type": "Point", "coordinates": [5.439299, 51.418824]}, "properties": {"type": "inleverpunt", "locatieNaam": "Aldi Eindhoven", "straatNaam": "Kastelenplein", "straatNr": "60", "postcode": "5653 LP", "plaats": "Eindhoven", "merk": "StichtingOPEN", "puntType": "balie", "materialen": ["batterijen", "elektro-klein", "lampen"], "uitbetaling": [], "vrijToegankelijk": false, "gemeenteBeperking": null, "openingstijden": null, "latitude": 51.418824, "longitude": 5.439299, "bronId": "SP00026772"}}, {"type": "Feature", "geometry": {"type": "Point", "coordinates": [5.485815, 51.42259]}, "properties": {"type": "inleverpunt", "locatieNaam": "Albert Heijn Eindhoven", "straatNaam": "Aalsterweg", "straatNr": "141143", "postcode": "5644 RA", "plaats": "Eindhoven", "merk": "StichtingOPEN", "puntType": "balie", "materialen": ["batterijen", "lampen"], "uitbetaling": [], "vrijToegankelijk": false, "gemeenteBeperking": null, "openingstijden": null, "latitude": 51.42259, "longitude": 5.485815, "bronId": "SP00025620"}}, {"type": "Feature", "geometry": {"type": "Point", "coordinates": [5.485815, 51.42259]}, "properties": {"type": "inleverpunt", "locatieNaam": "Aldi Eindhoven", "straatNaam": "Aalsterweg", "straatNr": "141-143", "postcode": "5644 RA", "plaats": "Eindhoven", "merk": "StichtingOPEN", "puntType": "balie", "materialen": ["batterijen"], "uitbetaling": [], "vrijToegankelijk": false, "gemeenteBeperking": null, "openingstijden": null, "latitude": 51.42259, "longitude": 5.485815, "bronId": "SP00026775"}}, {"type": "Feature", "geometry": {"type": "Point", "coordinates": [5.49847, 51.423049]}, "properties": {"type": "inleverpunt", "locatieNaam": "Lidl Eindhoven", "straatNaam": "Kamperfoelielaan", "straatNr": "39", "postcode": "5643 BB", "plaats": "Eindhoven", "merk": "StichtingOPEN", "puntType": "balie", "materialen": ["batterijen", "lampen"], "uitbetaling": [], "vrijToegankelijk": false, "gemeenteBeperking": null, "openingstijden": null, "latitude": 51.423049, "longitude": 5.49847, "bronId": "SP00025661"}}, {"type": "Feature", "geometry": {"type": "Point", "coordinates": [5.499905, 51.422765]}, "properties": {"type": "inleverpunt", "locatieNaam": "Kruidvat Eindhoven", "straatNaam": "Heezerweg", "straatNr": "322", "postcode": "5643 KN", "plaats": "Eindhoven", "merk": "StichtingOPEN", "puntType": "balie", "materialen": ["batterijen", "lampen"], "uitbetaling": [], "vrijToegankelijk": false, "gemeenteBeperking": null, "openingstijden": null, "latitude": 51.422765, "longitude": 5.499905, "bronId": "SP00024477"}}, {"type": "Feature", "geometry": {"type": "Point", "coordinates": [5.499213, 51.422524]}, "properties": {"type": "inleverpunt", "locatieNaam": "1661 Albert Heijn Eindhoven", "straatNaam": "Kamperfoelielaan", "straatNr": "45", "postcode": "5643 BB", "plaats": "Eindhoven", "merk": "StichtingOPEN", "puntType": "balie", "materialen": ["batterijen", "elektro-klein", "lampen"], "uitbetaling": [], "vrijToegankelijk": false, "gemeenteBeperking": null, "openingstijden": null, "latitude": 51.422524, "longitude": 5.499213, "bronId": "SP00022543"}}, {"type": "Feature", "geometry": {"type": "Point", "coordinates": [5.491803, 51.419904]}, "properties": {"type": "inleverpunt", "locatieNaam": "1077 Albert Heijn Eindhoven", "straatNaam": "Roostenlaan", "straatNr": "112", "postcode": "5644 GJ", "plaats": "Eindhoven", "merk": "StichtingOPEN", "puntType": "balie", "materialen": ["batterijen", "elektro-klein", "lampen"], "uitbetaling": [], "vrijToegankelijk": false, "gemeenteBeperking": null, "openingstijden": null, "latitude": 51.419904, "longitude": 5.491803, "bronId": "SP00022541"}}, {"type": "Feature", "geometry": {"type": "Point", "coordinates": [5.449139, 51.433391]}, "properties": {"type": "inleverpunt", "locatieNaam": "Milieustraat Lodewijkstraat", "straatNaam": "Lodewijkstraat", "straatNr": "7", "postcode": "5652 AC", "plaats": "Eindhoven", "merk": "StichtingOPEN", "puntType": "milieustraat", "materialen": ["batterijen", "elektro-groot", "elektro-klein", "elektro-middel", "lampen", "tl-buizen"], "uitbetaling": [], "vrijToegankelijk": false, "gemeenteBeperking": ["Eindhoven"], "openingstijden": null, "latitude": 51.433391, "longitude": 5.449139, "bronId": "SP00001091"}}, {"type": "Feature", "geometry": {"type": "Point", "coordinates": [5.440684, 51.42779]}, "properties": {"type": "inleverpunt", "locatieNaam": "Het Goed Eindhoven", "straatNaam": "Meerenakkerweg", "straatNr": "2", "postcode": "5652 AT", "plaats": "Eindhoven", "merk": "StichtingOPEN", "puntType": "milieustraat", "materialen": ["batterijen", "elektro-groot", "elektro-klein", "elektro-middel", "lampen", "tl-buizen"], "uitbetaling": [], "vrijToegankelijk": false, "gemeenteBeperking": ["Eindhoven"], "openingstijden": null, "latitude": 51.42779, "longitude": 5.440684, "bronId": "SP00003339"}}, {"type": "Feature", "geometry": {"type": "Point", "coordinates": [5.412636, 51.481969]}, "properties": {"type": "inleverpunt", "locatieNaam": "Milieustraat CURE Achtseweg", "straatNaam": "Achtseweg Noord", "straatNr": "41", "postcode": "5651 GG", "plaats": "Eindhoven", "merk": "StichtingOPEN", "puntType": "milieustraat", "materialen": ["batterijen", "elektro-groot", "elektro-klein", "elektro-middel", "lampen", "tl-buizen"], "uitbetaling": [], "vrijToegankelijk": false, "gemeenteBeperking": ["Eindhoven"], "openingstijden": null, "latitude": 51.481969, "longitude": 5.412636, "bronId": "SP00028953"}}, {"type": "Feature", "geometry": {"type": "Point", "coordinates": [5.4405148, 51.4886759]}, "properties": {"type": "inleverpunt", "locatieNaam": "4129 Albert Heijn", "straatNaam": "Ardechelaan", "straatNr": "5", "postcode": "5627 EM", "plaats": "EINDHOVEN", "merk": "Stibat", "puntType": "inzamelbak", "materialen": ["batterijen"], "uitbetaling": [], "vrijToegankelijk": false, "gemeenteBeperking": null, "openingstijden": null, "latitude": 51.4886759, "longitude": 5.4405148, "bronId": "L047172"}}, {"type": "Feature", "geometry": {"type": "Point", "coordinates": [5.4735612, 51.4892475]}, "properties": {"type": "inleverpunt", "locatieNaam": "SGS Fietsen", "straatNaam": "Ouverture", "straatNr": "220", "postcode": "5629 PX", "plaats": "EINDHOVEN", "merk": "Stibat", "puntType": "inzamelbak", "materialen": ["batterijen"], "uitbetaling": [], "vrijToegankelijk": false, "gemeenteBeperking": null, "openingstijden": null, "latitude": 51.4892475, "longitude": 5.4735612, "bronId": "L049230"}}, {"type": "Feature", "geometry": {"type": "Point", "coordinates": [5.4732504, 51.4891709]}, "properties": {"type": "inleverpunt", "locatieNaam": "Primera", "straatNaam": "Ouverture", "straatNr": "228", "postcode": "5629 PX", "plaats": "EINDHOVEN", "merk": "Stibat", "puntType": "inzamelbak", "materialen": ["batterijen"], "uitbetaling": [], "vrijToegankelijk": false, "gemeenteBeperking": null, "openingstijden": null, "latitude": 51.4891709, "longitude": 5.4732504, "bronId": "L022868"}}, {"type": "Feature", "geometry": {"type": "Point", "coordinates": [5.4739747, 51.4891046]}, "properties": {"type": "inleverpunt", "locatieNaam": "1179 Albert Heijn", "straatNaam": "Ouverture", "straatNr": "214", "postcode": "5629 PX", "plaats": "EINDHOVEN", "merk": "Stibat", "puntType": "inzamelbak", "materialen": ["batterijen"], "uitbetaling": [], "vrijToegankelijk": false, "gemeenteBeperking": null, "openingstijden": null, "latitude": 51.4891046, "longitude": 5.4739747, "bronId": "L007468"}}, {"type": "Feature", "geometry": {"type": "Point", "coordinates": [5.474005, 51.4890705]}, "properties": {"type": "inleverpunt", "locatieNaam": "Trekpleister", "straatNaam": "Ouverture", "straatNr": "210", "postcode": "5629 PX", "plaats": "EINDHOVEN", "merk": "Stibat", "puntType": "inzamelbak", "materialen": ["batterijen"], "uitbetaling": [], "vrijToegankelijk": false, "gemeenteBeperking": null, "openingstijden": null, "latitude": 51.4890705, "longitude": 5.474005, "bronId": "L049329"}}, {"type": "Feature", "geometry": {"type": "Point", "coordinates": [5.4485512, 51.4829911]}, "properties": {"type": "inleverpunt", "locatieNaam": "Kruidvat", "straatNaam": "Biarritzplein", "straatNr": "17-19", "postcode": "5627 LE", "plaats": "EINDHOVEN", "merk": "Stibat", "puntType": "inzamelbak", "materialen": ["batterijen"], "uitbetaling": [], "vrijToegankelijk": false, "gemeenteBeperking": null, "openingstijden": null, "latitude": 51.4829911, "longitude": 5.4485512, "bronId": "L014328"}}, {"type": "Feature", "geometry": {"type": "Point", "coordinates": [5.4493433, 51.4829041]}, "properties": {"type": "inleverpunt", "locatieNaam": "Jumbo", "straatNaam": "Biarritzplein", "straatNr": "37", "postcode": "5627 LE", "plaats": "EINDHOVEN", "merk": "Stibat", "puntType": "inzamelbak", "materialen": ["batterijen"], "uitbetaling": [], "vrijToegankelijk": false, "gemeenteBeperking": null, "openingstijden": null, "latitude": 51.4829041, "longitude": 5.4493433, "bronId": "L030010"}}, {"type": "Feature", "geometry": {"type": "Point", "coordinates": [5.4632934, 51.479242]}, "properties": {"type": "inleverpunt", "locatieNaam": "Jumbo", "straatNaam": "Nederlandplein", "straatNr": "103", "postcode": "5628 AJ", "plaats": "EINDHOVEN", "merk": "Stibat", "puntType": "inzamelbak", "materialen": ["batterijen"], "uitbetaling": [], "vrijToegankelijk": false, "gemeenteBeperking": null, "openingstijden": null, "latitude": 51.479242, "longitude": 5.4632934, "bronId": "L035131"}}, {"type": "Feature", "geometry": {"type": "Point", "coordinates": [5.4635952, 51.4789452]}, "properties": {"type": "inleverpunt", "locatieNaam": "Kruidvat", "straatNaam": "Nederlandplein", "straatNr": "111", "postcode": "5628 AJ", "plaats": "EINDHOVEN", "merk": "Stibat", "puntType": "inzamelbak", "materialen": ["batterijen"], "uitbetaling": [], "vrijToegankelijk": false, "gemeenteBeperking": null, "openingstijden": null, "latitude": 51.4789452, "longitude": 5.4635952, "bronId": "L036288"}}, {"type": "Feature", "geometry": {"type": "Point", "coordinates": [5.4630092, 51.4787679]}, "properties": {"type": "inleverpunt", "locatieNaam": "Lidl", "straatNaam": "Nederlandplein", "straatNr": "114", "postcode": "5628 AJ", "plaats": "Eindhoven", "merk": "Stibat", "puntType": "inzamelbak", "materialen": ["batterijen"], "uitbetaling": [], "vrijToegankelijk": false, "gemeenteBeperking": null, "openingstijden": null, "latitude": 51.4787679, "longitude": 5.4630092, "bronId": "L017360"}}, {"type": "Feature", "geometry": {"type": "Point", "coordinates": [5.4788823, 51.480059]}, "properties": {"type": "inleverpunt", "locatieNaam": "Aldi", "straatNaam": "Belgiëplein", "straatNr": "22-23", "postcode": "5628 XJ", "plaats": "Eindhoven", "merk": "Stibat", "puntType": "inzamelbak", "materialen": ["batterijen"], "uitbetaling": [], "vrijToegankelijk": false, "gemeenteBeperking": null, "openingstijden": null, "latitude": 51.480059, "longitude": 5.4788823, "bronId": "L041356"}}, {"type": "Feature", "geometry": {"type": "Point", "coordinates": [5.478157, 51.4799469]}, "properties": {"type": "inleverpunt", "locatieNaam": "Kruidvat", "straatNaam": "Antwerpenlaan", "straatNr": "22", "postcode": "5628 XE", "plaats": "EINDHOVEN", "merk": "Stibat", "puntType": "inzamelbak", "materialen": ["batterijen"], "uitbetaling": [], "vrijToegankelijk": false, "gemeenteBeperking": null, "openingstijden": null, "latitude": 51.4799469, "longitude": 5.478157, "bronId": "L013861"}}, {"type": "Feature", "geometry": {"type": "Point", "coordinates": [5.4431452, 51.476438]}, "properties": {"type": "inleverpunt", "locatieNaam": "Pioneer Repair/Kebe Garantservice", "straatNaam": "Avignonlaan", "straatNr": "16", "postcode": "5627 GA", "plaats": "EINDHOVEN", "merk": "Stibat", "puntType": "inzamelbak", "materialen": ["batterijen"], "uitbetaling": [], "vrijToegankelijk": false, "gemeenteBeperking": null, "openingstijden": null, "latitude": 51.476438, "longitude": 5.4431452, "bronId": "L021382"}}, {"type": "Feature", "geometry": {"type": "Point", "coordinates": [5.4789446, 51.4797298]}, "properties": {"type": "inleverpunt", "locatieNaam": "Jumbo", "straatNaam": "Belgiëplein", "straatNr": "21", "postcode": "5628 XJ", "plaats": "EINDHOVEN", "merk": "Stibat", "puntType": "inzamelbak", "materialen": ["batterijen"], "uitbetaling": [], "vrijToegankelijk": false, "gemeenteBeperking": null, "openingstijden": null, "latitude": 51.4797298, "longitude": 5.4789446, "bronId": "L006375"}}, {"type": "Feature", "geometry": {"type": "Point", "coordinates": [5.4800759, 51.4779374]}, "properties": {"type": "inleverpunt", "locatieNaam": "Boerenbond", "straatNaam": "Bruggelaan", "straatNr": "12", "postcode": "5628 RH", "plaats": "Eindhoven", "merk": "Stibat", "puntType": "inzamelbak", "materialen": ["batterijen"], "uitbetaling": [], "vrijToegankelijk": false, "gemeenteBeperking": null, "openingstijden": null, "latitude": 51.4779374, "longitude": 5.4800759, "bronId": "L019038"}}, {"type": "Feature", "geometry": {"type": "Point", "coordinates": [5.4443936, 51.4740699]}, "properties": {"type": "inleverpunt", "locatieNaam": "Giliam Network &amp; System Solutions", "straatNaam": "Furkapas", "straatNr": "4", "postcode": "5624 MD", "plaats": "EINDHOVEN", "merk": "Stibat", "puntType": "inzamelbak", "materialen": ["batterijen"], "uitbetaling": [], "vrijToegankelijk": false, "gemeenteBeperking": null, "openingstijden": null, "latitude": 51.4740699, "longitude": 5.4443936, "bronId": "L024892"}}, {"type": "Feature", "geometry": {"type": "Point", "coordinates": [5.4849405, 51.4774242]}, "properties": {"type": "inleverpunt", "locatieNaam": "GSM-Eindhoven", "straatNaam": "Brussellaan", "straatNr": "2F", "postcode": "5628 TC", "plaats": "EINDHOVEN", "merk": "Stibat", "puntType": "inzamelbak", "materialen": ["batterijen"], "uitbetaling": [], "vrijToegankelijk": false, "gemeenteBeperking": null, "openingstijden": null, "latitude": 51.4774242, "longitude": 5.4849405, "bronId": "L040195"}}, {"type": "Feature", "geometry": {"type": "Point", "coordinates": [5.4811995, 51.476712]}, "properties": {"type": "inleverpunt", "locatieNaam": "Gamma", "straatNaam": "Herentalsweg", "straatNr": "11", "postcode": "5628 RD", "plaats": "EINDHOVEN", "merk": "Stibat", "puntType": "inzamelbak", "materialen": ["batterijen"], "uitbetaling": [], "vrijToegankelijk": false, "gemeenteBeperking": null, "openingstijden": null, "latitude": 51.476712, "longitude": 5.4811995, "bronId": "L043142"}}, {"type": "Feature", "geometry": {"type": "Point", "coordinates": [5.4920892, 51.4775583]}, "properties": {"type": "inleverpunt", "locatieNaam": "Ropa TV", "straatNaam": "De Stoutheuvel", "straatNr": "12", "postcode": "5632 MR", "plaats": "EINDHOVEN", "merk": "Stibat", "puntType": "inzamelbak", "materialen": ["batterijen"], "uitbetaling": [], "vrijToegankelijk": false, "gemeenteBeperking": null, "openingstijden": null, "latitude": 51.4775583, "longitude": 5.4920892, "bronId": "L025852"}}, {"type": "Feature", "geometry": {"type": "Point", "coordinates": [5.4935829, 51.4774776]}, "properties": {"type": "inleverpunt", "locatieNaam": "Lidl", "straatNaam": "Wijngaardplein", "straatNr": "45", "postcode": "5632 MA", "plaats": "EINDHOVEN", "merk": "Stibat", "puntType": "inzamelbak", "materialen": ["batterijen"], "uitbetaling": [], "vrijToegankelijk": false, "gemeenteBeperking": null, "openingstijden": null, "latitude": 51.4774776, "longitude": 5.4935829, "bronId": "L017858"}}, {"type": "Feature", "geometry": {"type": "Point", "coordinates": [5.4681711, 51.4745993]}, "properties": {"type": "inleverpunt", "locatieNaam": "Fietswinkel Broek", "straatNaam": "Elckerlyclaan", "straatNr": "93", "postcode": "5625 EP", "plaats": "EINDHOVEN", "merk": "Stibat", "puntType": "inzamelbak", "materialen": ["batterijen"], "uitbetaling": [], "vrijToegankelijk": false, "gemeenteBeperking": null, "openingstijden": null, "latitude": 51.4745993, "longitude": 5.4681711, "bronId": "L033599"}}, {"type": "Feature", "geometry": {"type": "Point", "coordinates": [5.4935367, 51.4771896]}, "properties": {"type": "inleverpunt", "locatieNaam": "Zeeman", "straatNaam": "Wijngaardplein", "straatNr": "12-13", "postcode": "5632 MA", "plaats": "Eindhoven", "merk": "Stibat", "puntType": "inzamelbak", "materialen": ["batterijen"], "uitbetaling": [], "vrijToegankelijk": false, "gemeenteBeperking": null, "openingstijden": null, "latitude": 51.4771896, "longitude": 5.4935367, "bronId": "L020964"}}, {"type": "Feature", "geometry": {"type": "Point", "coordinates": [5.4925477, 51.4770231]}, "properties": {"type": "inleverpunt", "locatieNaam": "Kruidvat", "straatNaam": "Tarwelaan", "straatNr": "78", "postcode": "5632 KG", "plaats": "EINDHOVEN", "merk": "Stibat", "puntType": "inzamelbak", "materialen": ["batterijen"], "uitbetaling": [], "vrijToegankelijk": false, "gemeenteBeperking": null, "openingstijden": null, "latitude": 51.4770231, "longitude": 5.4925477, "bronId": "L019549"}}, {"type": "Feature", "geometry": {"type": "Point", "coordinates": [5.492734, 51.4770107]}, "properties": {"type": "inleverpunt", "locatieNaam": "7333 Etos", "straatNaam": "Tarwelaan", "straatNr": "72", "postcode": "5632 KG", "plaats": "EINDHOVEN", "merk": "Stibat", "puntType": "inzamelbak", "materialen": ["batterijen"], "uitbetaling": [], "vrijToegankelijk": false, "gemeenteBeperking": null, "openingstijden": null, "latitude": 51.4770107, "longitude": 5.492734, "bronId": "L024712"}}, {"type": "Feature", "geometry": {"type": "Point", "coordinates": [5.4931972, 51.476982]}, "properties": {"type": "inleverpunt", "locatieNaam": "1250 Albert Heijn", "straatNaam": "Tarwelaan", "straatNr": "70", "postcode": "5632 KG", "plaats": "EINDHOVEN", "merk": "Stibat", "puntType": "inzamelbak", "materialen": ["batterijen"], "uitbetaling": [], "vrijToegankelijk": false, "gemeenteBeperking": null, "openingstijden": null, "latitude": 51.476982, "longitude": 5.4931972, "bronId": "L008035"}}, {"type": "Feature", "geometry": {"type": "Point", "coordinates": [5.4626782, 51.4727886]}, "properties": {"type": "inleverpunt", "locatieNaam": "De Haan", "straatNaam": "Huizingalaan", "straatNr": "2", "postcode": "5625 GS", "plaats": "Eindhoven", "merk": "Stibat", "puntType": "inzamelbak", "materialen": ["batterijen"], "uitbetaling": [], "vrijToegankelijk": false, "gemeenteBeperking": null, "openingstijden": null, "latitude": 51.4727886, "longitude": 5.4626782, "bronId": "L044747"}}, {"type": "Feature", "geometry": {"type": "Point", "coordinates": [5.474495, 51.4709635]}, "properties": {"type": "inleverpunt", "locatieNaam": "Beter Horen", "straatNaam": "Winkelcentrum Woensel", "straatNr": "83", "postcode": "5625 AE", "plaats": "EINDHOVEN", "merk": "Stibat", "puntType": "inzamelbak", "materialen": ["batterijen"], "uitbetaling": [], "vrijToegankelijk": false, "gemeenteBeperking": null, "openingstijden": null, "latitude": 51.4709635, "longitude": 5.474495, "bronId": "L019055"}}, {"type": "Feature", "geometry": {"type": "Point", "coordinates": [5.4734259, 51.4708036]}, "properties": {"type": "inleverpunt", "locatieNaam": "Halfords", "straatNaam": "Winkelcentrum Woensel", "straatNr": "84b", "postcode": "5625 AE", "plaats": "EINDHOVEN", "merk": "Stibat", "puntType": "inzamelbak", "materialen": ["batterijen"], "uitbetaling": [], "vrijToegankelijk": false, "gemeenteBeperking": null, "openingstijden": null, "latitude": 51.4708036, "longitude": 5.4734259, "bronId": "L016219"}}, {"type": "Feature", "geometry": {"type": "Point", "coordinates": [5.4731575, 51.4707492]}, "properties": {"type": "inleverpunt", "locatieNaam": "Van Boxtel hoorwinkel", "straatNaam": "Winkelcentrum Woensel", "straatNr": "84a", "postcode": "5625 AE", "plaats": "EINDHOVEN", "merk": "Stibat", "puntType": "inzamelbak", "materialen": ["batterijen"], "uitbetaling": [], "vrijToegankelijk": false, "gemeenteBeperking": null, "openingstijden": null, "latitude": 51.4707492, "longitude": 5.4731575, "bronId": "L031091"}}, {"type": "Feature", "geometry": {"type": "Point", "coordinates": [5.4745772, 51.4707207]}, "properties": {"type": "inleverpunt", "locatieNaam": "Jumbo", "straatNaam": "Winkelcentrum Woensel", "straatNr": "1", "postcode": "5625 AA", "plaats": "EINDHOVEN", "merk": "Stibat", "puntType": "inzamelbak", "materialen": ["batterijen"], "uitbetaling": [], "vrijToegankelijk": false, "gemeenteBeperking": null, "openingstijden": null, "latitude": 51.4707207, "longitude": 5.4745772, "bronId": "L035185"}}, {"type": "Feature", "geometry": {"type": "Point", "coordinates": [5.4611899, 51.4693109]}, "properties": {"type": "inleverpunt", "locatieNaam": "Jumbo", "straatNaam": "Gerretsonlaan", "straatNr": "67", "postcode": "5624 JP", "plaats": "EINDHOVEN", "merk": "Stibat", "puntType": "inzamelbak", "materialen": ["batterijen"], "uitbetaling": [], "vrijToegankelijk": false, "gemeenteBeperking": null, "openingstijden": null, "latitude": 51.4693109, "longitude": 5.4611899, "bronId": "L034952"}}, {"type": "Feature", "geometry": {"type": "Point", "coordinates": [5.477541, 51.470648]}, "properties": {"type": "inleverpunt", "locatieNaam": "Zeeman", "straatNaam": "WC Woensel", "straatNr": "328-332", "postcode": "5625 AG", "plaats": "EINDHOVEN", "merk": "Stibat", "puntType": "inzamelbak", "materialen": ["batterijen"], "uitbetaling": [], "vrijToegankelijk": false, "gemeenteBeperking": null, "openingstijden": null, "latitude": 51.470648, "longitude": 5.477541, "bronId": "L019729"}}, {"type": "Feature", "geometry": {"type": "Point", "coordinates": [5.4758114, 51.4704278]}, "properties": {"type": "inleverpunt", "locatieNaam": "Phone House", "straatNaam": "Woensel", "straatNr": "87b", "postcode": "5625 AE", "plaats": "Eindhoven", "merk": "Stibat", "puntType": "inzamelbak", "materialen": ["batterijen"], "uitbetaling": [], "vrijToegankelijk": false, "gemeenteBeperking": null, "openingstijden": null, "latitude": 51.4704278, "longitude": 5.4758114, "bronId": "L022403"}}, {"type": "Feature", "geometry": {"type": "Point", "coordinates": [5.4777819, 51.4704767]}, "properties": {"type": "inleverpunt", "locatieNaam": "Primera", "straatNaam": "Winkelcentrum Woensel", "straatNr": "316", "postcode": "5625 AG", "plaats": "EINDHOVEN", "merk": "Stibat", "puntType": "inzamelbak", "materialen": ["batterijen"], "uitbetaling": [], "vrijToegankelijk": false, "gemeenteBeperking": null, "openingstijden": null, "latitude": 51.4704767, "longitude": 5.4777819, "bronId": "L032224"}}, {"type": "Feature", "geometry": {"type": "Point", "coordinates": [5.446931, 51.4674111]}, "properties": {"type": "inleverpunt", "locatieNaam": "GGZE", "straatNaam": "Boschdijk", "straatNr": "771", "postcode": "5626 AB", "plaats": "EINDHOVEN", "merk": "Stibat", "puntType": "inzamelbak", "materialen": ["batterijen"], "uitbetaling": [], "vrijToegankelijk": false, "gemeenteBeperking": null, "openingstijden": null, "latitude": 51.4674111, "longitude": 5.446931, "bronId": "L026142"}}, {"type": "Feature", "geometry": {"type": "Point", "coordinates": [5.4766789, 51.4697534]}, "properties": {"type": "inleverpunt", "locatieNaam": "Xenos", "straatNaam": "Winkelcentrum Woensel", "straatNr": "302", "postcode": "5625 AG", "plaats": "EINDHOVEN", "merk": "Stibat", "puntType": "inzamelbak", "materialen": ["batterijen"], "uitbetaling": [], "vrijToegankelijk": false, "gemeenteBeperking": null, "openingstijden": null, "latitude": 51.4697534, "longitude": 5.4766789, "bronId": "L036967"}}, {"type": "Feature", "geometry": {"type": "Point", "coordinates": [5.4753611, 51.4696038]}, "properties": {"type": "inleverpunt", "locatieNaam": "HEMA Winkelcentrum Woensel", "straatNaam": "Winkelcentrum Woensel", "straatNr": "92", "postcode": "5625 AE", "plaats": "EINDHOVEN", "merk": "Stibat", "puntType": "inzamelbak", "materialen": ["batterijen"], "uitbetaling": [], "vrijToegankelijk": false, "gemeenteBeperking": null, "openingstijden": null, "latitude": 51.4696038, "longitude": 5.4753611, "bronId": "L006333"}}, {"type": "Feature", "geometry": {"type": "Point", "coordinates": [5.4748543, 51.4694112]}, "properties": {"type": "inleverpunt", "locatieNaam": "Schoonenberg Hoorcomfort", "straatNaam": "Winkelcentrum Woensel", "straatNr": "402-404", "postcode": "5625 AG", "plaats": "EINDHOVEN", "merk": "Stibat", "puntType": "inzamelbak", "materialen": ["batterijen"], "uitbetaling": [], "vrijToegankelijk": false, "gemeenteBeperking": null, "openingstijden": null, "latitude": 51.4694112, "longitude": 5.4748543, "bronId": "L020532"}}, {"type": "Feature", "geometry": {"type": "Point", "coordinates": [5.4765516, 51.4695481]}, "properties": {"type": "inleverpunt", "locatieNaam": "Wibra", "straatNaam": "Woensel", "straatNr": "53-56", "postcode": "5625 AC", "plaats": "Eindhoven", "merk": "Stibat", "puntType": "inzamelbak", "materialen": ["batterijen"], "uitbetaling": [], "vrijToegankelijk": false, "gemeenteBeperking": null, "openingstijden": null, "latitude": 51.4695481, "longitude": 5.4765516, "bronId": "L023223"}}, {"type": "Feature", "geometry": {"type": "Point", "coordinates": [5.4748532, 51.4692673]}, "properties": {"type": "inleverpunt", "locatieNaam": "Lidl", "straatNaam": "Winkelcentrum Woensel", "straatNr": "410", "postcode": "5625 AG", "plaats": "EINDHOVEN", "merk": "Stibat", "puntType": "inzamelbak", "materialen": ["batterijen"], "uitbetaling": [], "vrijToegankelijk": false, "gemeenteBeperking": null, "openingstijden": null, "latitude": 51.4692673, "longitude": 5.4748532, "bronId": "L018860"}}, {"type": "Feature", "geometry": {"type": "Point", "coordinates": [5.4758638, 51.4693676]}, "properties": {"type": "inleverpunt", "locatieNaam": "Kruidvat", "straatNaam": "Winkelcentrum Woensel", "straatNr": "283", "postcode": "5625 AG", "plaats": "EINDHOVEN", "merk": "Stibat", "puntType": "inzamelbak", "materialen": ["batterijen"], "uitbetaling": [], "vrijToegankelijk": false, "gemeenteBeperking": null, "openingstijden": null, "latitude": 51.4693676, "longitude": 5.4758638, "bronId": "L014312"}}, {"type": "Feature", "geometry": {"type": "Point", "coordinates": [5.4761598, 51.4691988]}, "properties": {"type": "inleverpunt", "locatieNaam": "Handyman", "straatNaam": "Winkelcentrum Woensel", "straatNr": "279", "postcode": "5625 AG", "plaats": "EINDHOVEN", "merk": "Stibat", "puntType": "inzamelbak", "materialen": ["batterijen"], "uitbetaling": [], "vrijToegankelijk": false, "gemeenteBeperking": null, "openingstijden": null, "latitude": 51.4691988, "longitude": 5.4761598, "bronId": "L016298"}}, {"type": "Feature", "geometry": {"type": "Point", "coordinates": [5.4763162, 51.4689882]}, "properties": {"type": "inleverpunt", "locatieNaam": "7264 Etos", "straatNaam": "Winkelcentrum Woensel", "straatNr": "270-272", "postcode": "5625 AG", "plaats": "EINDHOVEN", "merk": "Stibat", "puntType": "inzamelbak", "materialen": ["batterijen"], "uitbetaling": [], "vrijToegankelijk": false, "gemeenteBeperking": null, "openingstijden": null, "latitude": 51.4689882, "longitude": 5.4763162, "bronId": "L022356"}}, {"type": "Feature", "geometry": {"type": "Point", "coordinates": [5.4765015, 51.4688043]}, "properties": {"type": "inleverpunt", "locatieNaam": "Specsavers", "straatNaam": "Winkelcentrum Woensel", "straatNr": "266", "postcode": "5625 AG", "plaats": "EINDHOVEN", "merk": "Stibat", "puntType": "inzamelbak", "materialen": ["batterijen"], "uitbetaling": [], "vrijToegankelijk": false, "gemeenteBeperking": null, "openingstijden": null, "latitude": 51.4688043, "longitude": 5.4765015, "bronId": "L023035"}}, {"type": "Feature", "geometry": {"type": "Point", "coordinates": [5.4752782, 51.4686363]}, "properties": {"type": "inleverpunt", "locatieNaam": "KPN winkel", "straatNaam": "Winkelcentrum Woensel", "straatNr": "109", "postcode": "5625 AG", "plaats": "EINDHOVEN", "merk": "Stibat", "puntType": "inzamelbak", "materialen": ["batterijen"], "uitbetaling": [], "vrijToegankelijk": false, "gemeenteBeperking": null, "openingstijden": null, "latitude": 51.4686363, "longitude": 5.4752782, "bronId": "L007569"}}, {"type": "Feature", "geometry": {"type": "Point", "coordinates": [5.4765421, 51.4687665]}, "properties": {"type": "inleverpunt", "locatieNaam": "ANWB", "straatNaam": "Winkelcentrum Woensel", "straatNr": "252-254", "postcode": "5625 AG", "plaats": "EINDHOVEN", "merk": "Stibat", "puntType": "inzamelbak", "materialen": ["batterijen"], "uitbetaling": [], "vrijToegankelijk": false, "gemeenteBeperking": null, "openingstijden": null, "latitude": 51.4687665, "longitude": 5.4765421, "bronId": "L044629"}}, {"type": "Feature", "geometry": {"type": "Point", "coordinates": [5.475307, 51.4686]}, "properties": {"type": "inleverpunt", "locatieNaam": "Intertoys", "straatNaam": "Winkelcentrum Woensel", "straatNr": "109", "postcode": "5625 AG", "plaats": "EINDHOVEN", "merk": "Stibat", "puntType": "inzamelbak", "materialen": ["batterijen"], "uitbetaling": [], "vrijToegankelijk": false, "gemeenteBeperking": null, "openingstijden": null, "latitude": 51.4686, "longitude": 5.475307, "bronId": "L043526"}}, {"type": "Feature", "geometry": {"type": "Point", "coordinates": [5.476256, 51.468686]}, "properties": {"type": "inleverpunt", "locatieNaam": "Hans Anders", "straatNaam": "Winkelcentrum Woensel", "straatNr": "267", "postcode": "5625 AG", "plaats": "EINDHOVEN", "merk": "Stibat", "puntType": "inzamelbak", "materialen": ["batterijen"], "uitbetaling": [], "vrijToegankelijk": false, "gemeenteBeperking": null, "openingstijden": null, "latitude": 51.468686, "longitude": 5.476256, "bronId": "L037800"}}, {"type": "Feature", "geometry": {"type": "Point", "coordinates": [5.4753667, 51.4683829]}, "properties": {"type": "inleverpunt", "locatieNaam": "Bruna", "straatNaam": "W.C. Woensel", "straatNr": "111", "postcode": "5625 AG", "plaats": "EINDHOVEN", "merk": "Stibat", "puntType": "inzamelbak", "materialen": ["batterijen"], "uitbetaling": [], "vrijToegankelijk": false, "gemeenteBeperking": null, "openingstijden": null, "latitude": 51.4683829, "longitude": 5.4753667, "bronId": "L024046"}}, {"type": "Feature", "geometry": {"type": "Point", "coordinates": [5.4740794, 51.4682256]}, "properties": {"type": "inleverpunt", "locatieNaam": "1614 Albert Heijn", "straatNaam": "Winkelcentrum Woensel", "straatNr": "119", "postcode": "5625 AG", "plaats": "EINDHOVEN", "merk": "Stibat", "puntType": "inzamelbak", "materialen": ["batterijen"], "uitbetaling": [], "vrijToegankelijk": false, "gemeenteBeperking": null, "openingstijden": null, "latitude": 51.4682256, "longitude": 5.4740794, "bronId": "L007234"}}, {"type": "Feature", "geometry": {"type": "Point", "coordinates": [5.4941355, 51.470346]}, "properties": {"type": "inleverpunt", "locatieNaam": "1309 Action", "straatNaam": "Orionstraat", "straatNr": "137", "postcode": "5632 DC", "plaats": "EINDHOVEN", "merk": "Stibat", "puntType": "inzamelbak", "materialen": ["batterijen"], "uitbetaling": [], "vrijToegankelijk": false, "gemeenteBeperking": null, "openingstijden": null, "latitude": 51.470346, "longitude": 5.4941355, "bronId": "L032493"}}, {"type": "Feature", "geometry": {"type": "Point", "coordinates": [5.4937214, 51.4701718]}, "properties": {"type": "inleverpunt", "locatieNaam": "1188 Albert Heijn", "straatNaam": "Orionstraat", "straatNr": "149", "postcode": "5632 DC", "plaats": "EINDHOVEN", "merk": "Stibat", "puntType": "inzamelbak", "materialen": ["batterijen"], "uitbetaling": [], "vrijToegankelijk": false, "gemeenteBeperking": null, "openingstijden": null, "latitude": 51.4701718, "longitude": 5.4937214, "bronId": "L007726"}}, {"type": "Feature", "geometry": {"type": "Point", "coordinates": [5.475306, 51.4680876]}, "properties": {"type": "inleverpunt", "locatieNaam": "SoLow", "straatNaam": "Winkelcentrum Woensel", "straatNr": "114", "postcode": "5625 AG", "plaats": "EINDHOVEN", "merk": "Stibat", "puntType": "inzamelbak", "materialen": ["batterijen"], "uitbetaling": [], "vrijToegankelijk": false, "gemeenteBeperking": null, "openingstijden": null, "latitude": 51.4680876, "longitude": 5.475306, "bronId": "L042168"}}, {"type": "Feature", "geometry": {"type": "Point", "coordinates": [5.4755003, 51.4681042]}, "properties": {"type": "inleverpunt", "locatieNaam": "DOUGLAS", "straatNaam": "WC Woensel", "straatNr": "268", "postcode": "5625 AG", "plaats": "EINDHOVEN", "merk": "Stibat", "puntType": "inzamelbak", "materialen": ["batterijen"], "uitbetaling": [], "vrijToegankelijk": false, "gemeenteBeperking": null, "openingstijden": null, "latitude": 51.4681042, "longitude": 5.4755003, "bronId": "L049153"}}, {"type": "Feature", "geometry": {"type": "Point", "coordinates": [5.494143, 51.4700697]}, "properties": {"type": "inleverpunt", "locatieNaam": "D.I.O.", "straatNaam": "Orionstraat", "straatNr": "153-155", "postcode": "5632 DC", "plaats": "EINDHOVEN", "merk": "Stibat", "puntType": "inzamelbak", "materialen": ["batterijen"], "uitbetaling": [], "vrijToegankelijk": false, "gemeenteBeperking": null, "openingstijden": null, "latitude": 51.4700697, "longitude": 5.494143, "bronId": "L026438"}}, {"type": "Feature", "geometry": {"type": "Point", "coordinates": [5.4689043, 51.4662111]}, "properties": {"type": "inleverpunt", "locatieNaam": "AKO", "straatNaam": "Michelangelolaan", "straatNr": "2", "postcode": "5623 EJ", "plaats": "EINDHOVEN", "merk": "Stibat", "puntType": "inzamelbak", "materialen": ["batterijen"], "uitbetaling": [], "vrijToegankelijk": false, "gemeenteBeperking": null, "openingstijden": null, "latitude": 51.4662111, "longitude": 5.4689043, "bronId": "L045319"}}, {"type": "Feature", "geometry": {"type": "Point", "coordinates": [5.4584027, 51.4647196]}, "properties": {"type": "inleverpunt", "locatieNaam": "Total", "straatNaam": "Oude Bosschebaan", "straatNr": "56", "postcode": "5624 AA", "plaats": "EINDHOVEN", "merk": "Stibat", "puntType": "inzamelbak", "materialen": ["batterijen"], "uitbetaling": [], "vrijToegankelijk": false, "gemeenteBeperking": null, "openingstijden": null, "latitude": 51.4647196, "longitude": 5.4584027, "bronId": "L020925"}}, {"type": "Feature", "geometry": {"type": "Point", "coordinates": [5.3923416, 51.4587897]}, "properties": {"type": "inleverpunt", "locatieNaam": "AKO Airport Landzijde", "straatNaam": "Luchthavenweg", "straatNr": "25-039", "postcode": "5657 EA", "plaats": "EINDHOVEN", "merk": "Stibat", "puntType": "inzamelbak", "materialen": ["batterijen"], "uitbetaling": [], "vrijToegankelijk": false, "gemeenteBeperking": null, "openingstijden": null, "latitude": 51.4587897, "longitude": 5.3923416, "bronId": "L045369"}}, {"type": "Feature", "geometry": {"type": "Point", "coordinates": [5.3920123, 51.4586415]}, "properties": {"type": "inleverpunt", "locatieNaam": "AKO Airport Airside", "straatNaam": "Luchthavenweg", "straatNr": "25-019", "postcode": "5657 EA", "plaats": "EINDHOVEN", "merk": "Stibat", "puntType": "inzamelbak", "materialen": ["batterijen"], "uitbetaling": [], "vrijToegankelijk": false, "gemeenteBeperking": null, "openingstijden": null, "latitude": 51.4586415, "longitude": 5.3920123, "bronId": "L022541"}}, {"type": "Feature", "geometry": {"type": "Point", "coordinates": [5.46333, 51.46331]}, "properties": {"type": "inleverpunt", "locatieNaam": "1151 Action", "straatNaam": "Hendrik Staetslaan", "straatNr": "89 -93", "postcode": "5622 HM", "plaats": "EINDHOVEN", "merk": "Stibat", "puntType": "inzamelbak", "materialen": ["batterijen"], "uitbetaling": [], "vrijToegankelijk": false, "gemeenteBeperking": null, "openingstijden": null, "latitude": 51.46331, "longitude": 5.46333, "bronId": "L018835"}}, {"type": "Feature", "geometry": {"type": "Point", "coordinates": [5.4644461, 51.4629898]}, "properties": {"type": "inleverpunt", "locatieNaam": "Aldi", "straatNaam": "Judas Taddeusplein", "straatNr": "1", "postcode": "5622 JX", "plaats": "Eindhoven", "merk": "Stibat", "puntType": "inzamelbak", "materialen": ["batterijen"], "uitbetaling": [], "vrijToegankelijk": false, "gemeenteBeperking": null, "openingstijden": null, "latitude": 51.4629898, "longitude": 5.4644461, "bronId": "L041355"}}, {"type": "Feature", "geometry": {"type": "Point", "coordinates": [5.4707854, 51.4603388]}, "properties": {"type": "inleverpunt", "locatieNaam": "PLUS", "straatNaam": "Woenselsestraat", "straatNr": "377", "postcode": "5623 ED", "plaats": "EINDHOVEN", "merk": "Stibat", "puntType": "inzamelbak", "materialen": ["batterijen"], "uitbetaling": [], "vrijToegankelijk": false, "gemeenteBeperking": null, "openingstijden": null, "latitude": 51.4603388, "longitude": 5.4707854, "bronId": "L020036"}}, {"type": "Feature", "geometry": {"type": "Point", "coordinates": [5.488682, 51.459743]}, "properties": {"type": "inleverpunt", "locatieNaam": "Kruidvat", "straatNaam": "Cassandraplein", "straatNr": "6", "postcode": "5631 BA", "plaats": "EINDHOVEN", "merk": "Stibat", "puntType": "inzamelbak", "materialen": ["batterijen"], "uitbetaling": [], "vrijToegankelijk": false, "gemeenteBeperking": null, "openingstijden": null, "latitude": 51.459743, "longitude": 5.488682, "bronId": "L029631"}}, {"type": "Feature", "geometry": {"type": "Point", "coordinates": [5.4887759, 51.4597373]}, "properties": {"type": "inleverpunt", "locatieNaam": "8670 Albert Heijn", "straatNaam": "Cassandraplein", "straatNr": "8", "postcode": "5631 BA", "plaats": "EINDHOVEN", "merk": "Stibat", "puntType": "inzamelbak", "materialen": ["batterijen"], "uitbetaling": [], "vrijToegankelijk": false, "gemeenteBeperking": null, "openingstijden": null, "latitude": 51.4597373, "longitude": 5.4887759, "bronId": "L007210"}}, {"type": "Feature", "geometry": {"type": "Point", "coordinates": [5.4890899, 51.4597235]}, "properties": {"type": "inleverpunt", "locatieNaam": "The Read Shop", "straatNaam": "Cassandraplein", "straatNr": "13", "postcode": "5631 BA", "plaats": "EINDHOVEN", "merk": "Stibat", "puntType": "inzamelbak", "materialen": ["batterijen"], "uitbetaling": [], "vrijToegankelijk": false, "gemeenteBeperking": null, "openingstijden": null, "latitude": 51.4597235, "longitude": 5.4890899, "bronId": "L023471"}}, {"type": "Feature", "geometry": {"type": "Point", "coordinates": [5.4540182, 51.4548935]}, "properties": {"type": "inleverpunt", "locatieNaam": "Spar", "straatNaam": "Celsiusplein", "straatNr": "50-51", "postcode": "5621 BN", "plaats": "EINDHOVEN", "merk": "Stibat", "puntType": "inzamelbak", "materialen": ["batterijen"], "uitbetaling": [], "vrijToegankelijk": false, "gemeenteBeperking": null, "openingstijden": null, "latitude": 51.4548935, "longitude": 5.4540182, "bronId": "L048073"}}, {"type": "Feature", "geometry": {"type": "Point", "coordinates": [5.4653904, 51.4556983]}, "properties": {"type": "inleverpunt", "locatieNaam": "Richard Maas Tweewielers", "straatNaam": "Van Thienenlaan", "straatNr": "7a", "postcode": "5622 BA", "plaats": "EINDHOVEN", "merk": "Stibat", "puntType": "inzamelbak", "materialen": ["batterijen"], "uitbetaling": [], "vrijToegankelijk": false, "gemeenteBeperking": null, "openingstijden": null, "latitude": 51.4556983, "longitude": 5.4653904, "bronId": "L027593"}}, {"type": "Feature", "geometry": {"type": "Point", "coordinates": [5.4896984, 51.4558199]}, "properties": {"type": "inleverpunt", "locatieNaam": "IntoEars Hoorkliniek", "straatNaam": "Dominee Theodor Fliednerstraat", "straatNr": "133", "postcode": "5631 MD", "plaats": "EINDHOVEN", "merk": "Stibat", "puntType": "inzamelbak", "materialen": ["batterijen"], "uitbetaling": [], "vrijToegankelijk": false, "gemeenteBeperking": null, "openingstijden": null, "latitude": 51.4558199, "longitude": 5.4896984, "bronId": "L035428"}}, {"type": "Feature", "geometry": {"type": "Point", "coordinates": [5.4612155, 51.4523197]}, "properties": {"type": "inleverpunt", "locatieNaam": "Bel Bas Computerservice", "straatNaam": "Galvanistraat", "straatNr": "60", "postcode": "5621 HG", "plaats": "EINDHOVEN", "merk": "Stibat", "puntType": "inzamelbak", "materialen": ["batterijen"], "uitbetaling": [], "vrijToegankelijk": false, "gemeenteBeperking": null, "openingstijden": null, "latitude": 51.4523197, "longitude": 5.4612155, "bronId": "L046151"}}, {"type": "Feature", "geometry": {"type": "Point", "coordinates": [5.472373, 51.451589]}, "properties": {"type": "inleverpunt", "locatieNaam": "1558 Albert Heijn", "straatNaam": "Woenselse Markt", "straatNr": "5", "postcode": "5612 CP", "plaats": "EINDHOVEN", "merk": "Stibat", "puntType": "inzamelbak", "materialen": ["batterijen"], "uitbetaling": [], "vrijToegankelijk": false, "gemeenteBeperking": null, "openingstijden": null, "latitude": 51.451589, "longitude": 5.472373, "bronId": "L006561"}}, {"type": "Feature", "geometry": {"type": "Point", "coordinates": [5.4651813, 51.4508149]}, "properties": {"type": "inleverpunt", "locatieNaam": "Jumbo", "straatNaam": "Boschdijk", "straatNr": "289", "postcode": "5612 HD", "plaats": "EINDHOVEN", "merk": "Stibat", "puntType": "inzamelbak", "materialen": ["batterijen"], "uitbetaling": [], "vrijToegankelijk": false, "gemeenteBeperking": null, "openingstijden": null, "latitude": 51.4508149, "longitude": 5.4651813, "bronId": "L034767"}}, {"type": "Feature", "geometry": {"type": "Point", "coordinates": [5.4708307, 51.4513488]}, "properties": {"type": "inleverpunt", "locatieNaam": "Videoland/Refillcentre", "straatNaam": "Woenselse Markt", "straatNr": "51", "postcode": "5612 CS", "plaats": "EINDHOVEN", "merk": "Stibat", "puntType": "inzamelbak", "materialen": ["batterijen"], "uitbetaling": [], "vrijToegankelijk": false, "gemeenteBeperking": null, "openingstijden": null, "latitude": 51.4513488, "longitude": 5.4708307, "bronId": "L026137"}}, {"type": "Feature", "geometry": {"type": "Point", "coordinates": [5.4712163, 51.451138]}, "properties": {"type": "inleverpunt", "locatieNaam": "HEMA Eindhoven - Woenselse Markt", "straatNaam": "Woenselse Markt", "straatNr": "46", "postcode": "5612 CS", "plaats": "Eindhoven", "merk": "Stibat", "puntType": "inzamelbak", "materialen": ["batterijen"], "uitbetaling": [], "vrijToegankelijk": false, "gemeenteBeperking": null, "openingstijden": null, "latitude": 51.451138, "longitude": 5.4712163, "bronId": "L046794"}}, {"type": "Feature", "geometry": {"type": "Point", "coordinates": [5.4712831, 51.4511116]}, "properties": {"type": "inleverpunt", "locatieNaam": "Kruidvat", "straatNaam": "Woenselse Markt", "straatNr": "45", "postcode": "5612 CR", "plaats": "EINDHOVEN", "merk": "Stibat", "puntType": "inzamelbak", "materialen": ["batterijen"], "uitbetaling": [], "vrijToegankelijk": false, "gemeenteBeperking": null, "openingstijden": null, "latitude": 51.4511116, "longitude": 5.4712831, "bronId": "L014098"}}, {"type": "Feature", "geometry": {"type": "Point", "coordinates": [5.4714606, 51.4510171]}, "properties": {"type": "inleverpunt", "locatieNaam": "Kruidvat", "straatNaam": "Woenselse Markt", "straatNr": "45", "postcode": "5612 CS", "plaats": "EINDHOVEN", "merk": "Stibat", "puntType": "inzamelbak", "materialen": ["batterijen"], "uitbetaling": [], "vrijToegankelijk": false, "gemeenteBeperking": null, "openingstijden": null, "latitude": 51.4510171, "longitude": 5.4714606, "bronId": "L019450"}}, {"type": "Feature", "geometry": {"type": "Point", "coordinates": [5.471756, 51.450887]}, "properties": {"type": "inleverpunt", "locatieNaam": "Lidl", "straatNaam": "Woenselse Markt", "straatNr": "38", "postcode": "5612 CS", "plaats": "EINDHOVEN", "merk": "Stibat", "puntType": "inzamelbak", "materialen": ["batterijen"], "uitbetaling": [], "vrijToegankelijk": false, "gemeenteBeperking": null, "openingstijden": null, "latitude": 51.450887, "longitude": 5.471756, "bronId": "L036165"}}, {"type": "Feature", "geometry": {"type": "Point", "coordinates": [5.472722, 51.4507995]}, "properties": {"type": "inleverpunt", "locatieNaam": "KiK Eindhoven", "straatNaam": "Woenselse Markt", "straatNr": "16", "postcode": "5612 CR", "plaats": "EINDHOVEN", "merk": "Stibat", "puntType": "inzamelbak", "materialen": ["batterijen"], "uitbetaling": [], "vrijToegankelijk": false, "gemeenteBeperking": null, "openingstijden": null, "latitude": 51.4507995, "longitude": 5.472722, "bronId": "L036038"}}, {"type": "Feature", "geometry": {"type": "Point", "coordinates": [5.4722597, 51.4505195]}, "properties": {"type": "inleverpunt", "locatieNaam": "Wibra", "straatNaam": "Woenselse Markt", "straatNr": "32", "postcode": "5612 CR", "plaats": "EINDHOVEN", "merk": "Stibat", "puntType": "inzamelbak", "materialen": ["batterijen"], "uitbetaling": [], "vrijToegankelijk": false, "gemeenteBeperking": null, "openingstijden": null, "latitude": 51.4505195, "longitude": 5.4722597, "bronId": "L047475"}}, {"type": "Feature", "geometry": {"type": "Point", "coordinates": [5.45374, 51.4480991]}, "properties": {"type": "inleverpunt", "locatieNaam": "1876 Albert Heijn", "straatNaam": "Torenallee", "straatNr": "86-02", "postcode": "5617 BD", "plaats": "Eindhoven", "merk": "Stibat", "puntType": "inzamelbak", "materialen": ["batterijen"], "uitbetaling": [], "vrijToegankelijk": false, "gemeenteBeperking": null, "openingstijden": null, "latitude": 51.4480991, "longitude": 5.45374, "bronId": "L045409"}}, {"type": "Feature", "geometry": {"type": "Point", "coordinates": [5.4737221, 51.4494621]}, "properties": {"type": "inleverpunt", "locatieNaam": "Zeeman", "straatNaam": "Kruisstraat", "straatNr": "167", "postcode": "5612 CH", "plaats": "Eindhoven", "merk": "Stibat", "puntType": "inzamelbak", "materialen": ["batterijen"], "uitbetaling": [], "vrijToegankelijk": false, "gemeenteBeperking": null, "openingstijden": null, "latitude": 51.4494621, "longitude": 5.4737221, "bronId": "L021891"}}, {"type": "Feature", "geometry": {"type": "Point", "coordinates": [5.4745602, 51.4490188]}, "properties": {"type": "inleverpunt", "locatieNaam": "Ado Bike Eindhoven", "straatNaam": "Kruisstraat", "straatNr": "126", "postcode": "5612 CM", "plaats": "EINDHOVEN", "merk": "Stibat", "puntType": "inzamelbak", "materialen": ["batterijen"], "uitbetaling": [], "vrijToegankelijk": false, "gemeenteBeperking": null, "openingstijden": null, "latitude": 51.4490188, "longitude": 5.4745602, "bronId": "L049387"}}, {"type": "Feature", "geometry": {"type": "Point", "coordinates": [5.4093578, 51.443125]}, "properties": {"type": "inleverpunt", "locatieNaam": "1657 Albert Heijn", "straatNaam": "Meerzand", "straatNr": "6", "postcode": "5658 LJ", "plaats": "EINDHOVEN", "merk": "Stibat", "puntType": "inzamelbak", "materialen": ["batterijen"], "uitbetaling": [], "vrijToegankelijk": false, "gemeenteBeperking": null, "openingstijden": null, "latitude": 51.443125, "longitude": 5.4093578, "bronId": "L031354"}}, {"type": "Feature", "geometry": {"type": "Point", "coordinates": [5.4754171, 51.4481681]}, "properties": {"type": "inleverpunt", "locatieNaam": "De Rijwiel Centrale", "straatNaam": "Kruisstraat", "straatNr": "98A", "postcode": "5612 CL", "plaats": "EINDHOVEN", "merk": "Stibat", "puntType": "inzamelbak", "materialen": ["batterijen"], "uitbetaling": [], "vrijToegankelijk": false, "gemeenteBeperking": null, "openingstijden": null, "latitude": 51.4481681, "longitude": 5.4754171, "bronId": "L029661"}}, {"type": "Feature", "geometry": {"type": "Point", "coordinates": [5.4099213, 51.4424505]}, "properties": {"type": "inleverpunt", "locatieNaam": "HEMA Eindhoven-Meerhoven", "straatNaam": "Meerplein", "straatNr": "133", "postcode": "5658 LL", "plaats": "Eindhoven", "merk": "Stibat", "puntType": "inzamelbak", "materialen": ["batterijen"], "uitbetaling": [], "vrijToegankelijk": false, "gemeenteBeperking": null, "openingstijden": null, "latitude": 51.4424505, "longitude": 5.4099213, "bronId": "L047063"}}, {"type": "Feature", "geometry": {"type": "Point", "coordinates": [5.474674, 51.447722]}, "properties": {"type": "inleverpunt", "locatieNaam": "Tech Line", "straatNaam": "Nieuwe Fellenoord", "straatNr": "8A", "postcode": "5612 KC", "plaats": "EINDHOVEN", "merk": "Stibat", "puntType": "inzamelbak", "materialen": ["batterijen"], "uitbetaling": [], "vrijToegankelijk": false, "gemeenteBeperking": null, "openingstijden": null, "latitude": 51.447722, "longitude": 5.474674, "bronId": "L049315"}}, {"type": "Feature", "geometry": {"type": "Point", "coordinates": [5.4102207, 51.442283]}, "properties": {"type": "inleverpunt", "locatieNaam": "Kruidvat", "straatNaam": "Meerplein", "straatNr": "73", "postcode": "5658 LL", "plaats": "EINDHOVEN", "merk": "Stibat", "puntType": "inzamelbak", "materialen": ["batterijen"], "uitbetaling": [], "vrijToegankelijk": false, "gemeenteBeperking": null, "openingstijden": null, "latitude": 51.442283, "longitude": 5.4102207, "bronId": "L031818"}}, {"type": "Feature", "geometry": {"type": "Point", "coordinates": [5.408151, 51.4419324]}, "properties": {"type": "inleverpunt", "locatieNaam": "Jumbo", "straatNaam": "Meerwater", "straatNr": "8", "postcode": "5658 LM", "plaats": "EINDHOVEN", "merk": "Stibat", "puntType": "inzamelbak", "materialen": ["batterijen"], "uitbetaling": [], "vrijToegankelijk": false, "gemeenteBeperking": null, "openingstijden": null, "latitude": 51.4419324, "longitude": 5.408151, "bronId": "L030378"}}, {"type": "Feature", "geometry": {"type": "Point", "coordinates": [5.40905, 51.4419876]}, "properties": {"type": "inleverpunt", "locatieNaam": "Lidl", "straatNaam": "Meerplein", "straatNr": "71", "postcode": "5658 LL", "plaats": "EINDHOVEN", "merk": "Stibat", "puntType": "inzamelbak", "materialen": ["batterijen"], "uitbetaling": [], "vrijToegankelijk": false, "gemeenteBeperking": null, "openingstijden": null, "latitude": 51.4419876, "longitude": 5.40905, "bronId": "L036167"}}, {"type": "Feature", "geometry": {"type": "Point", "coordinates": [5.517422, 51.4520196]}, "properties": {"type": "inleverpunt", "locatieNaam": "Jumbo", "straatNaam": "Pagelaan", "straatNr": "9", "postcode": "5641 CB", "plaats": "EINDHOVEN", "merk": "Stibat", "puntType": "inzamelbak", "materialen": ["batterijen"], "uitbetaling": [], "vrijToegankelijk": false, "gemeenteBeperking": null, "openingstijden": null, "latitude": 51.4520196, "longitude": 5.517422, "bronId": "L029500"}}, {"type": "Feature", "geometry": {"type": "Point", "coordinates": [5.4345258, 51.4428273]}, "properties": {"type": "inleverpunt", "locatieNaam": "Lidl", "straatNaam": "Lievendaalseweg", "straatNr": "5", "postcode": "5652 SB", "plaats": "EINDHOVEN", "merk": "Stibat", "puntType": "inzamelbak", "materialen": ["batterijen"], "uitbetaling": [], "vrijToegankelijk": false, "gemeenteBeperking": null, "openingstijden": null, "latitude": 51.4428273, "longitude": 5.4345258, "bronId": "L036166"}}, {"type": "Feature", "geometry": {"type": "Point", "coordinates": [5.4756419, 51.4446691]}, "properties": {"type": "inleverpunt", "locatieNaam": "Holiday Inn", "straatNaam": "Veldmaarschalk Montgomerylaan", "straatNr": "1", "postcode": "5612 BA", "plaats": "EINDHOVEN", "merk": "Stibat", "puntType": "inzamelbak", "materialen": ["batterijen"], "uitbetaling": [], "vrijToegankelijk": false, "gemeenteBeperking": null, "openingstijden": null, "latitude": 51.4446691, "longitude": 5.4756419, "bronId": "L028131"}}, {"type": "Feature", "geometry": {"type": "Point", "coordinates": [5.4561094, 51.4418966]}, "properties": {"type": "inleverpunt", "locatieNaam": "HEMA Eindhoven-Sint Trudoplein", "straatNaam": "Frederiklaan", "straatNr": "108-110", "postcode": "5616 NK", "plaats": "Eindhoven", "merk": "Stibat", "puntType": "inzamelbak", "materialen": ["batterijen"], "uitbetaling": [], "vrijToegankelijk": false, "gemeenteBeperking": null, "openingstijden": null, "latitude": 51.4418966, "longitude": 5.4561094, "bronId": "L046939"}}, {"type": "Feature", "geometry": {"type": "Point", "coordinates": [5.4562837, 51.4418535]}, "properties": {"type": "inleverpunt", "locatieNaam": "DuoStores Eindhoven", "straatNaam": "Frederiklaan", "straatNr": "108", "postcode": "5616 NK", "plaats": "EINDHOVEN", "merk": "Stibat", "puntType": "inzamelbak", "materialen": ["batterijen"], "uitbetaling": [], "vrijToegankelijk": false, "gemeenteBeperking": null, "openingstijden": null, "latitude": 51.4418535, "longitude": 5.4562837, "bronId": "L036265"}}, {"type": "Feature", "geometry": {"type": "Point", "coordinates": [5.4756115, 51.4434223]}, "properties": {"type": "inleverpunt", "locatieNaam": "Primera", "straatNaam": "Lardinoisstraat", "straatNr": "1-3", "postcode": "5611 ZZ", "plaats": "EINDHOVEN", "merk": "Stibat", "puntType": "inzamelbak", "materialen": ["batterijen"], "uitbetaling": [], "vrijToegankelijk": false, "gemeenteBeperking": null, "openingstijden": null, "latitude": 51.4434223, "longitude": 5.4756115, "bronId": "L023584"}}, {"type": "Feature", "geometry": {"type": "Point", "coordinates": [5.4532667, 51.4411694]}, "properties": {"type": "inleverpunt", "locatieNaam": "Kruidvat", "straatNaam": "Strijpsestraat", "straatNr": "202", "postcode": "5616 GW", "plaats": "EINDHOVEN", "merk": "Stibat", "puntType": "inzamelbak", "materialen": ["batterijen"], "uitbetaling": [], "vrijToegankelijk": false, "gemeenteBeperking": null, "openingstijden": null, "latitude": 51.4411694, "longitude": 5.4532667, "bronId": "L015907"}}, {"type": "Feature", "geometry": {"type": "Point", "coordinates": [5.4534776, 51.4409203]}, "properties": {"type": "inleverpunt", "locatieNaam": "Primera", "straatNaam": "Strijpsestraat", "straatNr": "135", "postcode": "5616 GM", "plaats": "EINDHOVEN", "merk": "Stibat", "puntType": "inzamelbak", "materialen": ["batterijen"], "uitbetaling": [], "vrijToegankelijk": false, "gemeenteBeperking": null, "openingstijden": null, "latitude": 51.4409203, "longitude": 5.4534776, "bronId": "L038555"}}, {"type": "Feature", "geometry": {"type": "Point", "coordinates": [5.4535537, 51.4408906]}, "properties": {"type": "inleverpunt", "locatieNaam": "8616 Albert Heijn", "straatNaam": "Strijpsestraat", "straatNr": "137a", "postcode": "5616 GM", "plaats": "EINDHOVEN", "merk": "Stibat", "puntType": "inzamelbak", "materialen": ["batterijen"], "uitbetaling": [], "vrijToegankelijk": false, "gemeenteBeperking": null, "openingstijden": null, "latitude": 51.4408906, "longitude": 5.4535537, "bronId": "L006983"}}, {"type": "Feature", "geometry": {"type": "Point", "coordinates": [5.4529308, 51.4407499]}, "properties": {"type": "inleverpunt", "locatieNaam": "Lidl", "straatNaam": "Strijpsestraat", "straatNr": "155", "postcode": "5616 GP", "plaats": "EINDHOVEN", "merk": "Stibat", "puntType": "inzamelbak", "materialen": ["batterijen"], "uitbetaling": [], "vrijToegankelijk": false, "gemeenteBeperking": null, "openingstijden": null, "latitude": 51.4407499, "longitude": 5.4529308, "bronId": "L037427"}}, {"type": "Feature", "geometry": {"type": "Point", "coordinates": [5.4532918, 51.4400112]}, "properties": {"type": "inleverpunt", "locatieNaam": "Lidl", "straatNaam": "Klipperstraat", "straatNr": "2 A", "postcode": "5616 KA", "plaats": "EINDHOVEN", "merk": "Stibat", "puntType": "inzamelbak", "materialen": ["batterijen"], "uitbetaling": [], "vrijToegankelijk": false, "gemeenteBeperking": null, "openingstijden": null, "latitude": 51.4400112, "longitude": 5.4532918, "bronId": "L022688"}}, {"type": "Feature", "geometry": {"type": "Point", "coordinates": [5.4761152, 51.4420488]}, "properties": {"type": "inleverpunt", "locatieNaam": "Decathlon", "straatNaam": "Piazza", "straatNr": "52", "postcode": "5611 AE", "plaats": "EINDHOVEN", "merk": "Stibat", "puntType": "inzamelbak", "materialen": ["batterijen"], "uitbetaling": [], "vrijToegankelijk": false, "gemeenteBeperking": null, "openingstijden": null, "latitude": 51.4420488, "longitude": 5.4761152, "bronId": "L039377"}}, {"type": "Feature", "geometry": {"type": "Point", "coordinates": [5.4761328, 51.4419479]}, "properties": {"type": "inleverpunt", "locatieNaam": "Zara", "straatNaam": "Piazza", "straatNr": "44", "postcode": "5611 AE", "plaats": "Eindhoven", "merk": "Stibat", "puntType": "inzamelbak", "materialen": ["batterijen"], "uitbetaling": [], "vrijToegankelijk": false, "gemeenteBeperking": null, "openingstijden": null, "latitude": 51.4419479, "longitude": 5.4761328, "bronId": "L045701"}}, {"type": "Feature", "geometry": {"type": "Point", "coordinates": [5.4672389, 51.440948]}, "properties": {"type": "inleverpunt", "locatieNaam": "Philips myshop", "straatNaam": "Frederiklaan", "straatNr": "10 C", "postcode": "5616 NH", "plaats": "EINDHOVEN", "merk": "Stibat", "puntType": "inzamelbak", "materialen": ["batterijen"], "uitbetaling": [], "vrijToegankelijk": false, "gemeenteBeperking": null, "openingstijden": null, "latitude": 51.440948, "longitude": 5.4672389, "bronId": "L031316"}}, {"type": "Feature", "geometry": {"type": "Point", "coordinates": [5.4772083, 51.4419154]}, "properties": {"type": "inleverpunt", "locatieNaam": "AKO", "straatNaam": "Piazza", "straatNr": "1", "postcode": "5611 AE", "plaats": "EINDHOVEN", "merk": "Stibat", "puntType": "inzamelbak", "materialen": ["batterijen"], "uitbetaling": [], "vrijToegankelijk": false, "gemeenteBeperking": null, "openingstijden": null, "latitude": 51.4419154, "longitude": 5.4772083, "bronId": "L045316"}}, {"type": "Feature", "geometry": {"type": "Point", "coordinates": [5.476188, 51.441799]}, "properties": {"type": "inleverpunt", "locatieNaam": "MYGSM", "straatNaam": "Piazza", "straatNr": "77", "postcode": "5611 AE", "plaats": "EINDHOVEN", "merk": "Stibat", "puntType": "inzamelbak", "materialen": ["batterijen"], "uitbetaling": [], "vrijToegankelijk": false, "gemeenteBeperking": null, "openingstijden": null, "latitude": 51.441799, "longitude": 5.476188, "bronId": "L040895"}}, {"type": "Feature", "geometry": {"type": "Point", "coordinates": [5.4407027, 51.4385]}, "properties": {"type": "inleverpunt", "locatieNaam": "De bolderkar", "straatNaam": "Sint Theresiaplein", "straatNr": "15", "postcode": "5652 EV", "plaats": "EINDHOVEN", "merk": "Stibat", "puntType": "inzamelbak", "materialen": ["batterijen"], "uitbetaling": [], "vrijToegankelijk": false, "gemeenteBeperking": null, "openingstijden": null, "latitude": 51.4385, "longitude": 5.4407027, "bronId": "L049383"}}, {"type": "Feature", "geometry": {"type": "Point", "coordinates": [5.4892346, 51.4430807]}, "properties": {"type": "inleverpunt", "locatieNaam": "Picnic", "straatNaam": "Fuutlaan", "straatNr": "12F", "postcode": "5613 AB", "plaats": "EINDHOVEN", "merk": "Stibat", "puntType": "inzamelbak", "materialen": ["batterijen"], "uitbetaling": [], "vrijToegankelijk": false, "gemeenteBeperking": null, "openingstijden": null, "latitude": 51.4430807, "longitude": 5.4892346, "bronId": "L043713"}}, {"type": "Feature", "geometry": {"type": "Point", "coordinates": [5.4579109, 51.4399035]}, "properties": {"type": "inleverpunt", "locatieNaam": "7308 Etos", "straatNaam": "Strijpsestraat", "straatNr": "137 B", "postcode": "5616 GM", "plaats": "EINDHOVEN", "merk": "Stibat", "puntType": "inzamelbak", "materialen": ["batterijen"], "uitbetaling": [], "vrijToegankelijk": false, "gemeenteBeperking": null, "openingstijden": null, "latitude": 51.4399035, "longitude": 5.4579109, "bronId": "L022401"}}, {"type": "Feature", "geometry": {"type": "Point", "coordinates": [5.4751792, 51.4414508]}, "properties": {"type": "inleverpunt", "locatieNaam": "MediaMarkt", "straatNaam": "Boschdijktunnel", "straatNr": "1", "postcode": "5611 AG", "plaats": "EINDHOVEN", "merk": "Stibat", "puntType": "inzamelbak", "materialen": ["batterijen"], "uitbetaling": [], "vrijToegankelijk": false, "gemeenteBeperking": null, "openingstijden": null, "latitude": 51.4414508, "longitude": 5.4751792, "bronId": "L015741"}}, {"type": "Feature", "geometry": {"type": "Point", "coordinates": [5.4763026, 51.4414798]}, "properties": {"type": "inleverpunt", "locatieNaam": "Perry", "straatNaam": "Piazza", "straatNr": "60", "postcode": "5611 AE", "plaats": "EINDHOVEN", "merk": "Stibat", "puntType": "inzamelbak", "materialen": ["batterijen"], "uitbetaling": [], "vrijToegankelijk": false, "gemeenteBeperking": null, "openingstijden": null, "latitude": 51.4414798, "longitude": 5.4763026, "bronId": "L022220"}}, {"type": "Feature", "geometry": {"type": "Point", "coordinates": [5.4404729, 51.437992]}, "properties": {"type": "inleverpunt", "locatieNaam": "Rijwielhandel De Bolderkar", "straatNaam": "Carmelitessenstraat", "straatNr": "23a", "postcode": "5652 EW", "plaats": "EINDHOVEN", "merk": "Stibat", "puntType": "inzamelbak", "materialen": ["batterijen"], "uitbetaling": [], "vrijToegankelijk": false, "gemeenteBeperking": null, "openingstijden": null, "latitude": 51.437992, "longitude": 5.4404729, "bronId": "L013915"}}, {"type": "Feature", "geometry": {"type": "Point", "coordinates": [5.4286725, 51.43693]}, "properties": {"type": "inleverpunt", "locatieNaam": "ToyChamp", "straatNaam": "Noord Brabantlaan", "straatNr": "267", "postcode": "5652 LD", "plaats": "EINDHOVEN", "merk": "Stibat", "puntType": "inzamelbak", "materialen": ["batterijen"], "uitbetaling": [], "vrijToegankelijk": false, "gemeenteBeperking": null, "openingstijden": null, "latitude": 51.43693, "longitude": 5.4286725, "bronId": "L044428"}}, {"type": "Feature", "geometry": {"type": "Point", "coordinates": [5.4738378, 51.4407934]}, "properties": {"type": "inleverpunt", "locatieNaam": "Westcord hotel Eindhoven", "straatNaam": "Lichttoren", "straatNr": "22", "postcode": "5611 BJ", "plaats": "EINDHOVEN", "merk": "Stibat", "puntType": "inzamelbak", "materialen": ["batterijen"], "uitbetaling": [], "vrijToegankelijk": false, "gemeenteBeperking": null, "openingstijden": null, "latitude": 51.4407934, "longitude": 5.4738378, "bronId": "L039371"}}, {"type": "Feature", "geometry": {"type": "Point", "coordinates": [5.476683, 51.4410298]}, "properties": {"type": "inleverpunt", "locatieNaam": "7315 Etos", "straatNaam": "Demer", "straatNr": "2", "postcode": "5611 AR", "plaats": "EINDHOVEN", "merk": "Stibat", "puntType": "inzamelbak", "materialen": ["batterijen"], "uitbetaling": [], "vrijToegankelijk": false, "gemeenteBeperking": null, "openingstijden": null, "latitude": 51.4410298, "longitude": 5.476683, "bronId": "L024279"}}, {"type": "Feature", "geometry": {"type": "Point", "coordinates": [5.4777654, 51.441079]}, "properties": {"type": "inleverpunt", "locatieNaam": "HEMA Eindhoven-Centrum", "straatNaam": "18 Septemberplein", "straatNr": "3", "postcode": "5611 AL", "plaats": "Eindhoven", "merk": "Stibat", "puntType": "inzamelbak", "materialen": ["batterijen"], "uitbetaling": [], "vrijToegankelijk": false, "gemeenteBeperking": null, "openingstijden": null, "latitude": 51.441079, "longitude": 5.4777654, "bronId": "L046757"}}, {"type": "Feature", "geometry": {"type": "Point", "coordinates": [5.4729007, 51.4404451]}, "properties": {"type": "inleverpunt", "locatieNaam": "Jumbo", "straatNaam": "Victoriapark", "straatNr": "90", "postcode": "5611 BM", "plaats": "EINDHOVEN", "merk": "Stibat", "puntType": "inzamelbak", "materialen": ["batterijen"], "uitbetaling": [], "vrijToegankelijk": false, "gemeenteBeperking": null, "openingstijden": null, "latitude": 51.4404451, "longitude": 5.4729007, "bronId": "L040962"}}, {"type": "Feature", "geometry": {"type": "Point", "coordinates": [5.4790508, 51.4410648]}, "properties": {"type": "inleverpunt", "locatieNaam": "1379 Albert Heijn", "straatNaam": "18 Septemberplein", "straatNr": "23", "postcode": "5611 AL", "plaats": "EINDHOVEN", "merk": "Stibat", "puntType": "inzamelbak", "materialen": ["batterijen"], "uitbetaling": [], "vrijToegankelijk": false, "gemeenteBeperking": null, "openingstijden": null, "latitude": 51.4410648, "longitude": 5.4790508, "bronId": "L008017"}}, {"type": "Feature", "geometry": {"type": "Point", "coordinates": [5.4770222, 51.4407967]}, "properties": {"type": "inleverpunt", "locatieNaam": "Stradivarius", "straatNaam": "Demer", "straatNr": "5", "postcode": "5611 AN", "plaats": "Eindhoven", "merk": "Stibat", "puntType": "inzamelbak", "materialen": ["batterijen"], "uitbetaling": [], "vrijToegankelijk": false, "gemeenteBeperking": null, "openingstijden": null, "latitude": 51.4407967, "longitude": 5.4770222, "bronId": "L045725"}}, {"type": "Feature", "geometry": {"type": "Point", "coordinates": [5.4787303, 51.440793]}, "properties": {"type": "inleverpunt", "locatieNaam": "Primark", "straatNaam": "Vestdijk", "straatNr": "2", "postcode": "5611 CC", "plaats": "EINDHOVEN", "merk": "Stibat", "puntType": "inzamelbak", "materialen": ["batterijen"], "uitbetaling": [], "vrijToegankelijk": false, "gemeenteBeperking": null, "openingstijden": null, "latitude": 51.440793, "longitude": 5.4787303, "bronId": "L036298"}}, {"type": "Feature", "geometry": {"type": "Point", "coordinates": [5.4295783, 51.4363261]}, "properties": {"type": "inleverpunt", "locatieNaam": "Zeeman", "straatNaam": "Nm Hurkestraat", "straatNr": "44", "postcode": "5652 AL", "plaats": "EINDHOVEN", "merk": "Stibat", "puntType": "inzamelbak", "materialen": ["batterijen"], "uitbetaling": [], "vrijToegankelijk": false, "gemeenteBeperking": null, "openingstijden": null, "latitude": 51.4363261, "longitude": 5.4295783, "bronId": "L019299"}}, {"type": "Feature", "geometry": {"type": "Point", "coordinates": [5.4768475, 51.4405093]}, "properties": {"type": "inleverpunt", "locatieNaam": "Amac/Apple Store", "straatNaam": "Demer", "straatNr": "16", "postcode": "5611 AR", "plaats": "EINDHOVEN", "merk": "Stibat", "puntType": "inzamelbak", "materialen": ["batterijen"], "uitbetaling": [], "vrijToegankelijk": false, "gemeenteBeperking": null, "openingstijden": null, "latitude": 51.4405093, "longitude": 5.4768475, "bronId": "L028459"}}, {"type": "Feature", "geometry": {"type": "Point", "coordinates": [5.4297328, 51.4362743]}, "properties": {"type": "inleverpunt", "locatieNaam": "Wibra", "straatNaam": "Hurksestraat", "straatNr": "44", "postcode": "5652 AL", "plaats": "EINDHOVEN", "merk": "Stibat", "puntType": "inzamelbak", "materialen": ["batterijen"], "uitbetaling": [], "vrijToegankelijk": false, "gemeenteBeperking": null, "openingstijden": null, "latitude": 51.4362743, "longitude": 5.4297328, "bronId": "L038798"}}, {"type": "Feature", "geometry": {"type": "Point", "coordinates": [5.4783799, 51.4405825]}, "properties": {"type": "inleverpunt", "locatieNaam": "KPN winkel", "straatNaam": "Hermanus Boexstraat", "straatNr": "5", "postcode": "5611 AH", "plaats": "EINDHOVEN", "merk": "Stibat", "puntType": "inzamelbak", "materialen": ["batterijen"], "uitbetaling": [], "vrijToegankelijk": false, "gemeenteBeperking": null, "openingstijden": null, "latitude": 51.4405825, "longitude": 5.4783799, "bronId": "L008146"}}, {"type": "Feature", "geometry": {"type": "Point", "coordinates": [5.4674499, 51.4393924]}, "properties": {"type": "inleverpunt", "locatieNaam": "Gramser", "straatNaam": "St Antoniusstraat", "straatNr": "8", "postcode": "5616 RT", "plaats": "EINDHOVEN", "merk": "Stibat", "puntType": "inzamelbak", "materialen": ["batterijen"], "uitbetaling": [], "vrijToegankelijk": false, "gemeenteBeperking": null, "openingstijden": null, "latitude": 51.4393924, "longitude": 5.4674499, "bronId": "L033598"}}, {"type": "Feature", "geometry": {"type": "Point", "coordinates": [5.4780127, 51.4403857]}, "properties": {"type": "inleverpunt", "locatieNaam": "Kruidvat", "straatNaam": "Hermanus Boexstraat", "straatNr": "28", "postcode": "5611 AJ", "plaats": "EINDHOVEN", "merk": "Stibat", "puntType": "inzamelbak", "materialen": ["batterijen"], "uitbetaling": [], "vrijToegankelijk": false, "gemeenteBeperking": null, "openingstijden": null, "latitude": 51.4403857, "longitude": 5.4780127, "bronId": "L013955"}}, {"type": "Feature", "geometry": {"type": "Point", "coordinates": [5.478043, 51.440329]}, "properties": {"type": "inleverpunt", "locatieNaam": "Hans Anders", "straatNaam": "Hermanus Boexstraat", "straatNr": "30-32a", "postcode": "5611 AJ", "plaats": "EINDHOVEN", "merk": "Stibat", "puntType": "inzamelbak", "materialen": ["batterijen"], "uitbetaling": [], "vrijToegankelijk": false, "gemeenteBeperking": null, "openingstijden": null, "latitude": 51.440329, "longitude": 5.478043, "bronId": "L037799"}}, {"type": "Feature", "geometry": {"type": "Point", "coordinates": [5.4784379, 51.4403501]}, "properties": {"type": "inleverpunt", "locatieNaam": "Specsavers", "straatNaam": "Hermanus Boexstraat", "straatNr": "23-25", "postcode": "5611 AH", "plaats": "EINDHOVEN", "merk": "Stibat", "puntType": "inzamelbak", "materialen": ["batterijen"], "uitbetaling": [], "vrijToegankelijk": false, "gemeenteBeperking": null, "openingstijden": null, "latitude": 51.4403501, "longitude": 5.4784379, "bronId": "L022687"}}, {"type": "Feature", "geometry": {"type": "Point", "coordinates": [5.4797603, 51.4403721]}, "properties": {"type": "inleverpunt", "locatieNaam": "Het Leonardo Hotel", "straatNaam": "Vestdijk", "straatNr": "14-16", "postcode": "5611 CC", "plaats": "EINDHOVEN", "merk": "Stibat", "puntType": "inzamelbak", "materialen": ["batterijen"], "uitbetaling": [], "vrijToegankelijk": false, "gemeenteBeperking": null, "openingstijden": null, "latitude": 51.4403721, "longitude": 5.4797603, "bronId": "L027623"}}, {"type": "Feature", "geometry": {"type": "Point", "coordinates": [5.47634, 51.439997]}, "properties": {"type": "inleverpunt", "locatieNaam": "Prenatal EINDHOVEN", "straatNaam": "Nieuwe Emmasingel", "straatNr": "22", "postcode": "5611 AM", "plaats": "EINDHOVEN", "merk": "Stibat", "puntType": "inzamelbak", "materialen": ["batterijen"], "uitbetaling": [], "vrijToegankelijk": false, "gemeenteBeperking": null, "openingstijden": null, "latitude": 51.439997, "longitude": 5.47634, "bronId": "L039584"}}, {"type": "Feature", "geometry": {"type": "Point", "coordinates": [5.429475, 51.4358356]}, "properties": {"type": "inleverpunt", "locatieNaam": "BelCompany", "straatNaam": "Hurksestraat", "straatNr": "44", "postcode": "5652 AL", "plaats": "EINDHOVEN", "merk": "Stibat", "puntType": "inzamelbak", "materialen": ["batterijen"], "uitbetaling": [], "vrijToegankelijk": false, "gemeenteBeperking": null, "openingstijden": null, "latitude": 51.4358356, "longitude": 5.429475, "bronId": "L016006"}}, {"type": "Feature", "geometry": {"type": "Point", "coordinates": [5.429475, 51.4358356]}, "properties": {"type": "inleverpunt", "locatieNaam": "1271 Action", "straatNaam": "Hurksestraat", "straatNr": "44", "postcode": "5652 AL", "plaats": "EINDHOVEN", "merk": "Stibat", "puntType": "inzamelbak", "materialen": ["batterijen"], "uitbetaling": [], "vrijToegankelijk": false, "gemeenteBeperking": null, "openingstijden": null, "latitude": 51.4358356, "longitude": 5.429475, "bronId": "L031308"}}, {"type": "Feature", "geometry": {"type": "Point", "coordinates": [5.4295395, 51.435763]}, "properties": {"type": "inleverpunt", "locatieNaam": "Kruidvat", "straatNaam": "Hurksestraat", "straatNr": "44", "postcode": "5652 AL", "plaats": "EINDHOVEN", "merk": "Stibat", "puntType": "inzamelbak", "materialen": ["batterijen"], "uitbetaling": [], "vrijToegankelijk": false, "gemeenteBeperking": null, "openingstijden": null, "latitude": 51.435763, "longitude": 5.4295395, "bronId": "L035094"}}, {"type": "Feature", "geometry": {"type": "Point", "coordinates": [5.4295395, 51.435763]}, "properties": {"type": "inleverpunt", "locatieNaam": "Primera", "straatNaam": "Hurksestraat", "straatNr": "44", "postcode": "5652 AL", "plaats": "EINDHOVEN", "merk": "Stibat", "puntType": "inzamelbak", "materialen": ["batterijen"], "uitbetaling": [], "vrijToegankelijk": false, "gemeenteBeperking": null, "openingstijden": null, "latitude": 51.435763, "longitude": 5.4295395, "bronId": "L035065"}}, {"type": "Feature", "geometry": {"type": "Point", "coordinates": [5.4747427, 51.4397267]}, "properties": {"type": "inleverpunt", "locatieNaam": "ANWB", "straatNaam": "Emmasingel", "straatNr": "10", "postcode": "5611 AZ", "plaats": "EINDHOVEN", "merk": "Stibat", "puntType": "inzamelbak", "materialen": ["batterijen"], "uitbetaling": [], "vrijToegankelijk": false, "gemeenteBeperking": null, "openingstijden": null, "latitude": 51.4397267, "longitude": 5.4747427, "bronId": "L044626"}}, {"type": "Feature", "geometry": {"type": "Point", "coordinates": [5.502751, 51.442792]}, "properties": {"type": "inleverpunt", "locatieNaam": "Aldi", "straatNaam": "Meerkollaan", "straatNr": "6", "postcode": "5613 BW", "plaats": "EINDHOVEN", "merk": "Stibat", "puntType": "inzamelbak", "materialen": ["batterijen"], "uitbetaling": [], "vrijToegankelijk": false, "gemeenteBeperking": null, "openingstijden": null, "latitude": 51.442792, "longitude": 5.502751, "bronId": "L049599"}}, {"type": "Feature", "geometry": {"type": "Point", "coordinates": [5.4284176, 51.4355747]}, "properties": {"type": "inleverpunt", "locatieNaam": "Praxis Mega &amp; Tuin 2322", "straatNaam": "Hurksestraat", "straatNr": "27", "postcode": "5652 AH", "plaats": "EINDHOVEN", "merk": "Stibat", "puntType": "inzamelbak", "materialen": ["batterijen"], "uitbetaling": [], "vrijToegankelijk": false, "gemeenteBeperking": null, "openingstijden": null, "latitude": 51.4355747, "longitude": 5.4284176, "bronId": "L015674"}}, {"type": "Feature", "geometry": {"type": "Point", "coordinates": [5.4293358, 51.4356055]}, "properties": {"type": "inleverpunt", "locatieNaam": "Toolstation", "straatNaam": "Hurksestraat", "straatNr": "44", "postcode": "5652 AL", "plaats": "EINDHOVEN", "merk": "Stibat", "puntType": "inzamelbak", "materialen": ["batterijen"], "uitbetaling": [], "vrijToegankelijk": false, "gemeenteBeperking": null, "openingstijden": null, "latitude": 51.4356055, "longitude": 5.4293358, "bronId": "L042538"}}, {"type": "Feature", "geometry": {"type": "Point", "coordinates": [5.4771066, 51.4397989]}, "properties": {"type": "inleverpunt", "locatieNaam": "DOUGLAS", "straatNaam": "Demer", "straatNr": "36", "postcode": "5611 AS", "plaats": "EINDHOVEN", "merk": "Stibat", "puntType": "inzamelbak", "materialen": ["batterijen"], "uitbetaling": [], "vrijToegankelijk": false, "gemeenteBeperking": null, "openingstijden": null, "latitude": 51.4397989, "longitude": 5.4771066, "bronId": "L049154"}}, {"type": "Feature", "geometry": {"type": "Point", "coordinates": [5.5226769, 51.4450404]}, "properties": {"type": "inleverpunt", "locatieNaam": "Lidl", "straatNaam": "Urkhovenseweg", "straatNr": "16", "postcode": "5641 KE", "plaats": "EINDHOVEN", "merk": "Stibat", "puntType": "inzamelbak", "materialen": ["batterijen"], "uitbetaling": [], "vrijToegankelijk": false, "gemeenteBeperking": null, "openingstijden": null, "latitude": 51.4450404, "longitude": 5.5226769, "bronId": "L016578"}}, {"type": "Feature", "geometry": {"type": "Point", "coordinates": [5.5012229, 51.4420762]}, "properties": {"type": "inleverpunt", "locatieNaam": "6264 Etos", "straatNaam": "Tongelresestraat", "straatNr": "266 B", "postcode": "5613 DV", "plaats": "EINDHOVEN", "merk": "Stibat", "puntType": "inzamelbak", "materialen": ["batterijen"], "uitbetaling": [], "vrijToegankelijk": false, "gemeenteBeperking": null, "openingstijden": null, "latitude": 51.4420762, "longitude": 5.5012229, "bronId": "L025582"}}, {"type": "Feature", "geometry": {"type": "Point", "coordinates": [5.5012229, 51.4420762]}, "properties": {"type": "inleverpunt", "locatieNaam": "COBEL Rijwiel Cash en Carry", "straatNaam": "Tongelresestraat", "straatNr": "250", "postcode": "5613 DV", "plaats": "EINDHOVEN", "merk": "Stibat", "puntType": "inzamelbak", "materialen": ["batterijen"], "uitbetaling": [], "vrijToegankelijk": false, "gemeenteBeperking": null, "openingstijden": null, "latitude": 51.4420762, "longitude": 5.5012229, "bronId": "L033597"}}, {"type": "Feature", "geometry": {"type": "Point", "coordinates": [5.477072, 51.4394121]}, "properties": {"type": "inleverpunt", "locatieNaam": "Pull&amp;Bear", "straatNaam": "Demer", "straatNr": "44", "postcode": "5611 AS", "plaats": "Eindhoven", "merk": "Stibat", "puntType": "inzamelbak", "materialen": ["batterijen"], "uitbetaling": [], "vrijToegankelijk": false, "gemeenteBeperking": null, "openingstijden": null, "latitude": 51.4394121, "longitude": 5.477072, "bronId": "L045689"}}, {"type": "Feature", "geometry": {"type": "Point", "coordinates": [5.503359, 51.442248]}, "properties": {"type": "inleverpunt", "locatieNaam": "1111 Action", "straatNaam": "Insulindelaan", "straatNr": "118", "postcode": "5613 BT", "plaats": "EINDHOVEN", "merk": "Stibat", "puntType": "inzamelbak", "materialen": ["batterijen"], "uitbetaling": [], "vrijToegankelijk": false, "gemeenteBeperking": null, "openingstijden": null, "latitude": 51.442248, "longitude": 5.503359, "bronId": "L019100"}}, {"type": "Feature", "geometry": {"type": "Point", "coordinates": [5.5025815, 51.4421098]}, "properties": {"type": "inleverpunt", "locatieNaam": "Zeeman", "straatNaam": "Tongelresestraat", "straatNr": "225", "postcode": "5613 DG", "plaats": "Eindhoven", "merk": "Stibat", "puntType": "inzamelbak", "materialen": ["batterijen"], "uitbetaling": [], "vrijToegankelijk": false, "gemeenteBeperking": null, "openingstijden": null, "latitude": 51.4421098, "longitude": 5.5025815, "bronId": "L020029"}}, {"type": "Feature", "geometry": {"type": "Point", "coordinates": [5.4766569, 51.4389786]}, "properties": {"type": "inleverpunt", "locatieNaam": "Tiger Stores Nederland BV", "straatNaam": "Vrijstraat", "straatNr": "18", "postcode": "5611 AV", "plaats": "Eindhoven", "merk": "Stibat", "puntType": "inzamelbak", "materialen": ["batterijen"], "uitbetaling": [], "vrijToegankelijk": false, "gemeenteBeperking": null, "openingstijden": null, "latitude": 51.4389786, "longitude": 5.4766569, "bronId": "L030323"}}, {"type": "Feature", "geometry": {"type": "Point", "coordinates": [5.5028964, 51.4417485]}, "properties": {"type": "inleverpunt", "locatieNaam": "Primera", "straatNaam": "Tongelresestraat", "straatNr": "276", "postcode": "5613 DV", "plaats": "EINDHOVEN", "merk": "Stibat", "puntType": "inzamelbak", "materialen": ["batterijen"], "uitbetaling": [], "vrijToegankelijk": false, "gemeenteBeperking": null, "openingstijden": null, "latitude": 51.4417485, "longitude": 5.5028964, "bronId": "L023106"}}, {"type": "Feature", "geometry": {"type": "Point", "coordinates": [5.5031194, 51.4417316]}, "properties": {"type": "inleverpunt", "locatieNaam": "Kruidvat", "straatNaam": "Tongelresestraat", "straatNr": "280", "postcode": "5613 DV", "plaats": "EINDHOVEN", "merk": "Stibat", "puntType": "inzamelbak", "materialen": ["batterijen"], "uitbetaling": [], "vrijToegankelijk": false, "gemeenteBeperking": null, "openingstijden": null, "latitude": 51.4417316, "longitude": 5.5031194, "bronId": "L014732"}}, {"type": "Feature", "geometry": {"type": "Point", "coordinates": [5.4762399, 51.4387281]}, "properties": {"type": "inleverpunt", "locatieNaam": "Zeeman", "straatNaam": "Vrijstraat", "straatNr": "30", "postcode": "5611 AW", "plaats": "EINDHOVEN", "merk": "Stibat", "puntType": "inzamelbak", "materialen": ["batterijen"], "uitbetaling": [], "vrijToegankelijk": false, "gemeenteBeperking": null, "openingstijden": null, "latitude": 51.4387281, "longitude": 5.4762399, "bronId": "L027529"}}, {"type": "Feature", "geometry": {"type": "Point", "coordinates": [5.476461, 51.4386432]}, "properties": {"type": "inleverpunt", "locatieNaam": "Europart", "straatNaam": "Vrijstraat", "straatNr": "13", "postcode": "5611 AT", "plaats": "Eindhoven", "merk": "Stibat", "puntType": "inzamelbak", "materialen": ["batterijen"], "uitbetaling": [], "vrijToegankelijk": false, "gemeenteBeperking": null, "openingstijden": null, "latitude": 51.4386432, "longitude": 5.476461, "bronId": "L021158"}}, {"type": "Feature", "geometry": {"type": "Point", "coordinates": [5.4763563, 51.438586]}, "properties": {"type": "inleverpunt", "locatieNaam": "Smartphone Fix", "straatNaam": "Vrijstraat", "straatNr": "17", "postcode": "5611 AT", "plaats": "EINDHOVEN", "merk": "Stibat", "puntType": "inzamelbak", "materialen": ["batterijen"], "uitbetaling": [], "vrijToegankelijk": false, "gemeenteBeperking": null, "openingstijden": null, "latitude": 51.438586, "longitude": 5.4763563, "bronId": "L040898"}}, {"type": "Feature", "geometry": {"type": "Point", "coordinates": [5.4778667, 51.4387376]}, "properties": {"type": "inleverpunt", "locatieNaam": "Bershka", "straatNaam": "Rechtestraat", "straatNr": "18", "postcode": "5611 GP", "plaats": "Eindhoven", "merk": "Stibat", "puntType": "inzamelbak", "materialen": ["batterijen"], "uitbetaling": [], "vrijToegankelijk": false, "gemeenteBeperking": null, "openingstijden": null, "latitude": 51.4387376, "longitude": 5.4778667, "bronId": "L045667"}}, {"type": "Feature", "geometry": {"type": "Point", "coordinates": [5.5085429, 51.442177]}, "properties": {"type": "inleverpunt", "locatieNaam": "Ruud Schellekens", "straatNaam": "Tongelresestraat", "straatNr": "337", "postcode": "5642 NB", "plaats": "Eindhoven", "merk": "Stibat", "puntType": "inzamelbak", "materialen": ["batterijen"], "uitbetaling": [], "vrijToegankelijk": false, "gemeenteBeperking": null, "openingstijden": null, "latitude": 51.442177, "longitude": 5.5085429, "bronId": "L033600"}}, {"type": "Feature", "geometry": {"type": "Point", "coordinates": [5.4801521, 51.4389699]}, "properties": {"type": "inleverpunt", "locatieNaam": "DOUGLAS", "straatNaam": "Heuvel Galerie", "straatNr": "116", "postcode": "5611 DK", "plaats": "EINDHOVEN", "merk": "Stibat", "puntType": "inzamelbak", "materialen": ["batterijen"], "uitbetaling": [], "vrijToegankelijk": false, "gemeenteBeperking": null, "openingstijden": null, "latitude": 51.4389699, "longitude": 5.4801521, "bronId": "L049155"}}, {"type": "Feature", "geometry": {"type": "Point", "coordinates": [5.4779849, 51.4386036]}, "properties": {"type": "inleverpunt", "locatieNaam": "Kruidvat", "straatNaam": "Rechtestraat", "straatNr": "22", "postcode": "5611 GP", "plaats": "EINDHOVEN", "merk": "Stibat", "puntType": "inzamelbak", "materialen": ["batterijen"], "uitbetaling": [], "vrijToegankelijk": false, "gemeenteBeperking": null, "openingstijden": null, "latitude": 51.4386036, "longitude": 5.4779849, "bronId": "L014380"}}, {"type": "Feature", "geometry": {"type": "Point", "coordinates": [5.502353, 51.441277]}, "properties": {"type": "inleverpunt", "locatieNaam": "HEMA Eindhoven Tongelresestraat", "straatNaam": "Klein Tongelreplein", "straatNr": "10", "postcode": "5613 KK", "plaats": "Eindhoven", "merk": "Stibat", "puntType": "inzamelbak", "materialen": ["batterijen"], "uitbetaling": [], "vrijToegankelijk": false, "gemeenteBeperking": null, "openingstijden": null, "latitude": 51.441277, "longitude": 5.502353, "bronId": "L047061"}}, {"type": "Feature", "geometry": {"type": "Point", "coordinates": [5.5036317, 51.4413852]}, "properties": {"type": "inleverpunt", "locatieNaam": "1555 Albert Heijn", "straatNaam": "Insulindelaan", "straatNr": "130", "postcode": "5613 BT", "plaats": "EINDHOVEN", "merk": "Stibat", "puntType": "inzamelbak", "materialen": ["batterijen"], "uitbetaling": [], "vrijToegankelijk": false, "gemeenteBeperking": null, "openingstijden": null, "latitude": 51.4413852, "longitude": 5.5036317, "bronId": "L005912"}}, {"type": "Feature", "geometry": {"type": "Point", "coordinates": [5.4784127, 51.4384406]}, "properties": {"type": "inleverpunt", "locatieNaam": "SoLow", "straatNaam": "Rechtestraat", "straatNr": "29", "postcode": "5611 GM", "plaats": "EINDHOVEN", "merk": "Stibat", "puntType": "inzamelbak", "materialen": ["batterijen"], "uitbetaling": [], "vrijToegankelijk": false, "gemeenteBeperking": null, "openingstijden": null, "latitude": 51.4384406, "longitude": 5.4784127, "bronId": "L044106"}}, {"type": "Feature", "geometry": {"type": "Point", "coordinates": [5.4801946, 51.4383935]}, "properties": {"type": "inleverpunt", "locatieNaam": "Amac/Apple Store", "straatNaam": "Heuvel Galerie", "straatNr": "230", "postcode": "5611 DK", "plaats": "EINDHOVEN", "merk": "Stibat", "puntType": "inzamelbak", "materialen": ["batterijen"], "uitbetaling": [], "vrijToegankelijk": false, "gemeenteBeperking": null, "openingstijden": null, "latitude": 51.4383935, "longitude": 5.4801946, "bronId": "L029097"}}, {"type": "Feature", "geometry": {"type": "Point", "coordinates": [5.4808456, 51.4384202]}, "properties": {"type": "inleverpunt", "locatieNaam": "Intertoys", "straatNaam": "Heuvel Galerie", "straatNr": "241", "postcode": "5611 DK", "plaats": "EINDHOVEN", "merk": "Stibat", "puntType": "inzamelbak", "materialen": ["batterijen"], "uitbetaling": [], "vrijToegankelijk": false, "gemeenteBeperking": null, "openingstijden": null, "latitude": 51.4384202, "longitude": 5.4808456, "bronId": "L008168"}}, {"type": "Feature", "geometry": {"type": "Point", "coordinates": [5.477716, 51.4378396]}, "properties": {"type": "inleverpunt", "locatieNaam": "Camex", "straatNaam": "Hooghuisstraat", "straatNr": "29", "postcode": "5611 GS", "plaats": "EINDHOVEN", "merk": "Stibat", "puntType": "inzamelbak", "materialen": ["batterijen"], "uitbetaling": [], "vrijToegankelijk": false, "gemeenteBeperking": null, "openingstijden": null, "latitude": 51.4378396, "longitude": 5.477716, "bronId": "L022436"}}, {"type": "Feature", "geometry": {"type": "Point", "coordinates": [5.4956166, 51.4396393]}, "properties": {"type": "inleverpunt", "locatieNaam": "Smaakgilde Compleet Renata", "straatNaam": "Tongelresestraat", "straatNr": "144", "postcode": "5613 DP", "plaats": "EINDHOVEN", "merk": "Stibat", "puntType": "inzamelbak", "materialen": ["batterijen"], "uitbetaling": [], "vrijToegankelijk": false, "gemeenteBeperking": null, "openingstijden": null, "latitude": 51.4396393, "longitude": 5.4956166, "bronId": "L038803"}}, {"type": "Feature", "geometry": {"type": "Point", "coordinates": [5.4517075, 51.4351086]}, "properties": {"type": "inleverpunt", "locatieNaam": "1394 Albert Heijn XL", "straatNaam": "Limburglaan", "straatNr": "2", "postcode": "5652 AA", "plaats": "EINDHOVEN", "merk": "Stibat", "puntType": "inzamelbak", "materialen": ["batterijen"], "uitbetaling": [], "vrijToegankelijk": false, "gemeenteBeperking": null, "openingstijden": null, "latitude": 51.4351086, "longitude": 5.4517075, "bronId": "L008225"}}, {"type": "Feature", "geometry": {"type": "Point", "coordinates": [5.4795027, 51.4376735]}, "properties": {"type": "inleverpunt", "locatieNaam": "7822 Etos", "straatNaam": "Rechtestraat", "straatNr": "61-63", "postcode": "5611 GN", "plaats": "EINDHOVEN", "merk": "Stibat", "puntType": "inzamelbak", "materialen": ["batterijen"], "uitbetaling": [], "vrijToegankelijk": false, "gemeenteBeperking": null, "openingstijden": null, "latitude": 51.4376735, "longitude": 5.4795027, "bronId": "L045411"}}, {"type": "Feature", "geometry": {"type": "Point", "coordinates": [5.50481, 51.4402551]}, "properties": {"type": "inleverpunt", "locatieNaam": "Total", "straatNaam": "Jeroen Boschlaan", "straatNr": "5", "postcode": "5642 AP", "plaats": "EINDHOVEN", "merk": "Stibat", "puntType": "inzamelbak", "materialen": ["batterijen"], "uitbetaling": [], "vrijToegankelijk": false, "gemeenteBeperking": null, "openingstijden": null, "latitude": 51.4402551, "longitude": 5.50481, "bronId": "L021793"}}, {"type": "Feature", "geometry": {"type": "Point", "coordinates": [5.4481758, 51.4343345]}, "properties": {"type": "inleverpunt", "locatieNaam": "Destil", "straatNaam": "Lodewijkstraat", "straatNr": "52", "postcode": "5652 AC", "plaats": "Eindhoven", "merk": "Stibat", "puntType": "inzamelbak", "materialen": ["batterijen"], "uitbetaling": [], "vrijToegankelijk": false, "gemeenteBeperking": null, "openingstijden": null, "latitude": 51.4343345, "longitude": 5.4481758, "bronId": "L043443"}}, {"type": "Feature", "geometry": {"type": "Point", "coordinates": [5.4387554, 51.4334762]}, "properties": {"type": "inleverpunt", "locatieNaam": "Isero Eindhoven", "straatNaam": "Hurksestraat", "straatNr": "20b", "postcode": "5652 AK", "plaats": "EINDHOVEN", "merk": "Stibat", "puntType": "inzamelbak", "materialen": ["batterijen"], "uitbetaling": [], "vrijToegankelijk": false, "gemeenteBeperking": null, "openingstijden": null, "latitude": 51.4334762, "longitude": 5.4387554, "bronId": "L034680"}}, {"type": "Feature", "geometry": {"type": "Point", "coordinates": [5.4946398, 51.4387129]}, "properties": {"type": "inleverpunt", "locatieNaam": "Tamoil Konijnenburg", "straatNaam": "Willem van Konijnenburglaan", "straatNr": "7", "postcode": "5613 DW", "plaats": "EINDHOVEN", "merk": "Stibat", "puntType": "inzamelbak", "materialen": ["batterijen"], "uitbetaling": [], "vrijToegankelijk": false, "gemeenteBeperking": null, "openingstijden": null, "latitude": 51.4387129, "longitude": 5.4946398, "bronId": "L020462"}}, {"type": "Feature", "geometry": {"type": "Point", "coordinates": [5.4783267, 51.436665]}, "properties": {"type": "inleverpunt", "locatieNaam": "Zwaan Fotografie", "straatNaam": "Kerkstraat", "straatNr": "13", "postcode": "5611 GH", "plaats": "EINDHOVEN", "merk": "Stibat", "puntType": "inzamelbak", "materialen": ["batterijen"], "uitbetaling": [], "vrijToegankelijk": false, "gemeenteBeperking": null, "openingstijden": null, "latitude": 51.436665, "longitude": 5.4783267, "bronId": "L031589"}}, {"type": "Feature", "geometry": {"type": "Point", "coordinates": [5.4928416, 51.4381596]}, "properties": {"type": "inleverpunt", "locatieNaam": "Trek Bicycle Eindhoven", "straatNaam": "Tongelresestraat", "straatNr": "84A", "postcode": "5613 DM", "plaats": "EINDHOVEN", "merk": "Stibat", "puntType": "inzamelbak", "materialen": ["batterijen"], "uitbetaling": [], "vrijToegankelijk": false, "gemeenteBeperking": null, "openingstijden": null, "latitude": 51.4381596, "longitude": 5.4928416, "bronId": "L047440"}}, {"type": "Feature", "geometry": {"type": "Point", "coordinates": [5.4492581, 51.4334481]}, "properties": {"type": "inleverpunt", "locatieNaam": "Milieustraat Lodewijkstraat", "straatNaam": "Lodewijkstraat", "straatNr": "7", "postcode": "5652 AC", "plaats": "EINDHOVEN", "merk": "Stibat", "puntType": "inzamelbak", "materialen": ["batterijen"], "uitbetaling": [], "vrijToegankelijk": false, "gemeenteBeperking": null, "openingstijden": null, "latitude": 51.4334481, "longitude": 5.4492581, "bronId": "L035774"}}, {"type": "Feature", "geometry": {"type": "Point", "coordinates": [5.4738149, 51.4355319]}, "properties": {"type": "inleverpunt", "locatieNaam": "ThePhoneLab Eindhoven", "straatNaam": "Kleine Berg", "straatNr": "151", "postcode": "5611 JT", "plaats": "EINDHOVEN", "merk": "Stibat", "puntType": "inzamelbak", "materialen": ["batterijen"], "uitbetaling": [], "vrijToegankelijk": false, "gemeenteBeperking": null, "openingstijden": null, "latitude": 51.4355319, "longitude": 5.4738149, "bronId": "L049520"}}, {"type": "Feature", "geometry": {"type": "Point", "coordinates": [5.4386243, 51.4320291]}, "properties": {"type": "inleverpunt", "locatieNaam": "Raab Karcher", "straatNaam": "Dillenburgstraat", "straatNr": "14", "postcode": "5652 AP", "plaats": "EINDHOVEN", "merk": "Stibat", "puntType": "inzamelbak", "materialen": ["batterijen"], "uitbetaling": [], "vrijToegankelijk": false, "gemeenteBeperking": null, "openingstijden": null, "latitude": 51.4320291, "longitude": 5.4386243, "bronId": "L043770"}}, {"type": "Feature", "geometry": {"type": "Point", "coordinates": [5.4947204, 51.4370841]}, "properties": {"type": "inleverpunt", "locatieNaam": "Leen Bakker", "straatNaam": "Kanaaldijk Noord", "straatNr": "7", "postcode": "5613 DH", "plaats": "EINDHOVEN", "merk": "Stibat", "puntType": "inzamelbak", "materialen": ["batterijen"], "uitbetaling": [], "vrijToegankelijk": false, "gemeenteBeperking": null, "openingstijden": null, "latitude": 51.4370841, "longitude": 5.4947204, "bronId": "L019192"}}, {"type": "Feature", "geometry": {"type": "Point", "coordinates": [5.4957832, 51.4371223]}, "properties": {"type": "inleverpunt", "locatieNaam": "Praxis 2018", "straatNaam": "Tenierslaan", "straatNr": "2", "postcode": "5613 DZ", "plaats": "EINDHOVEN", "merk": "Stibat", "puntType": "inzamelbak", "materialen": ["batterijen"], "uitbetaling": [], "vrijToegankelijk": false, "gemeenteBeperking": null, "openingstijden": null, "latitude": 51.4371223, "longitude": 5.4957832, "bronId": "L015960"}}, {"type": "Feature", "geometry": {"type": "Point", "coordinates": [5.4974443, 51.4371829]}, "properties": {"type": "inleverpunt", "locatieNaam": "Kwantum", "straatNaam": "Ruysdaelbaan", "straatNr": "37-39", "postcode": "5613 DX", "plaats": "EINDHOVEN", "merk": "Stibat", "puntType": "inzamelbak", "materialen": ["batterijen"], "uitbetaling": [], "vrijToegankelijk": false, "gemeenteBeperking": null, "openingstijden": null, "latitude": 51.4371829, "longitude": 5.4974443, "bronId": "L017137"}}, {"type": "Feature", "geometry": {"type": "Point", "coordinates": [5.4939045, 51.4366849]}, "properties": {"type": "inleverpunt", "locatieNaam": "Gamma", "straatNaam": "Kanaaldijk Noord", "straatNr": "15a", "postcode": "5613 DH", "plaats": "EINDHOVEN", "merk": "Stibat", "puntType": "inzamelbak", "materialen": ["batterijen"], "uitbetaling": [], "vrijToegankelijk": false, "gemeenteBeperking": null, "openingstijden": null, "latitude": 51.4366849, "longitude": 5.4939045, "bronId": "L005550"}}, {"type": "Feature", "geometry": {"type": "Point", "coordinates": [5.5265653, 51.4404744]}, "properties": {"type": "inleverpunt", "locatieNaam": "Soontiëns Tuincentrum", "straatNaam": "Urkhovenseweg", "straatNr": "570", "postcode": "5641 KX", "plaats": "EINDHOVEN", "merk": "Stibat", "puntType": "inzamelbak", "materialen": ["batterijen"], "uitbetaling": [], "vrijToegankelijk": false, "gemeenteBeperking": null, "openingstijden": null, "latitude": 51.4404744, "longitude": 5.5265653, "bronId": "L049339"}}, {"type": "Feature", "geometry": {"type": "Point", "coordinates": [5.4437964, 51.431554]}, "properties": {"type": "inleverpunt", "locatieNaam": "Sligro", "straatNaam": "Hurksestraat", "straatNr": "5", "postcode": "5652 AH", "plaats": "EINDHOVEN", "merk": "Stibat", "puntType": "inzamelbak", "materialen": ["batterijen"], "uitbetaling": [], "vrijToegankelijk": false, "gemeenteBeperking": null, "openingstijden": null, "latitude": 51.431554, "longitude": 5.4437964, "bronId": "L027439"}}, {"type": "Feature", "geometry": {"type": "Point", "coordinates": [5.4837715, 51.4348118]}, "properties": {"type": "inleverpunt", "locatieNaam": "CameraNU.nl Eindhoven", "straatNaam": "Stratumsedijk", "straatNr": "3", "postcode": "5611 NA", "plaats": "EINDHOVEN", "merk": "Stibat", "puntType": "inzamelbak", "materialen": ["batterijen"], "uitbetaling": [], "vrijToegankelijk": false, "gemeenteBeperking": null, "openingstijden": null, "latitude": 51.4348118, "longitude": 5.4837715, "bronId": "L010074"}}, {"type": "Feature", "geometry": {"type": "Point", "coordinates": [5.4845792, 51.4347217]}, "properties": {"type": "inleverpunt", "locatieNaam": "Giant Store Eindhoven", "straatNaam": "Geldropseweg", "straatNr": "9c", "postcode": "5611 SB", "plaats": "EINDHOVEN", "merk": "Stibat", "puntType": "inzamelbak", "materialen": ["batterijen"], "uitbetaling": [], "vrijToegankelijk": false, "gemeenteBeperking": null, "openingstijden": null, "latitude": 51.4347217, "longitude": 5.4845792, "bronId": "L034353"}}, {"type": "Feature", "geometry": {"type": "Point", "coordinates": [5.4952337, 51.4358644]}, "properties": {"type": "inleverpunt", "locatieNaam": "Enckevort", "straatNaam": "Kanaaldijk Zuid", "straatNr": "5B", "postcode": "5613 LE", "plaats": "EINDHOVEN", "merk": "Stibat", "puntType": "inzamelbak", "materialen": ["batterijen"], "uitbetaling": [], "vrijToegankelijk": false, "gemeenteBeperking": null, "openingstijden": null, "latitude": 51.4358644, "longitude": 5.4952337, "bronId": "L045145"}}, {"type": "Feature", "geometry": {"type": "Point", "coordinates": [5.4958111, 51.4354179]}, "properties": {"type": "inleverpunt", "locatieNaam": "Milieustraat Eindhoven Gabriël Metsulaan", "straatNaam": "Gabriël Metsulaan", "straatNr": "1", "postcode": "5613 LC", "plaats": "EINDHOVEN", "merk": "Stibat", "puntType": "inzamelbak", "materialen": ["batterijen"], "uitbetaling": [], "vrijToegankelijk": false, "gemeenteBeperking": null, "openingstijden": null, "latitude": 51.4354179, "longitude": 5.4958111, "bronId": "L035773"}}, {"type": "Feature", "geometry": {"type": "Point", "coordinates": [5.4701076, 51.4324334]}, "properties": {"type": "inleverpunt", "locatieNaam": "1041 Albert Heijn", "straatNaam": "Hoogstraat", "straatNr": "100", "postcode": "5615 PS", "plaats": "EINDHOVEN", "merk": "Stibat", "puntType": "inzamelbak", "materialen": ["batterijen"], "uitbetaling": [], "vrijToegankelijk": false, "gemeenteBeperking": null, "openingstijden": null, "latitude": 51.4324334, "longitude": 5.4701076, "bronId": "L006147"}}, {"type": "Feature", "geometry": {"type": "Point", "coordinates": [5.4878732, 51.4339042]}, "properties": {"type": "inleverpunt", "locatieNaam": "Van Gestel Tweewielers", "straatNaam": "Geldropseweg", "straatNr": "42", "postcode": "5611 SJ", "plaats": "EINDHOVEN", "merk": "Stibat", "puntType": "inzamelbak", "materialen": ["batterijen"], "uitbetaling": [], "vrijToegankelijk": false, "gemeenteBeperking": null, "openingstijden": null, "latitude": 51.4339042, "longitude": 5.4878732, "bronId": "L033595"}}, {"type": "Feature", "geometry": {"type": "Point", "coordinates": [5.5219062, 51.4375806]}, "properties": {"type": "inleverpunt", "locatieNaam": "Kruidvat", "straatNaam": "Dirigentplein", "straatNr": "89", "postcode": "5642 RK", "plaats": "EINDHOVEN", "merk": "Stibat", "puntType": "inzamelbak", "materialen": ["batterijen"], "uitbetaling": [], "vrijToegankelijk": false, "gemeenteBeperking": null, "openingstijden": null, "latitude": 51.4375806, "longitude": 5.5219062, "bronId": "L031296"}}, {"type": "Feature", "geometry": {"type": "Point", "coordinates": [5.4436691, 51.4291332]}, "properties": {"type": "inleverpunt", "locatieNaam": "Het Goed Eindhoven", "straatNaam": "Meerenakkerweg", "straatNr": "2", "postcode": "5652 AT", "plaats": "EINDHOVEN", "merk": "Stibat", "puntType": "inzamelbak", "materialen": ["batterijen"], "uitbetaling": [], "vrijToegankelijk": false, "gemeenteBeperking": null, "openingstijden": null, "latitude": 51.4291332, "longitude": 5.4436691, "bronId": "L027907"}}, {"type": "Feature", "geometry": {"type": "Point", "coordinates": [5.4893021, 51.4334643]}, "properties": {"type": "inleverpunt", "locatieNaam": "Kerst Outlet", "straatNaam": "Geldropseweg", "straatNr": "79", "postcode": "5611 SJ", "plaats": "EINDHOVEN", "merk": "Stibat", "puntType": "inzamelbak", "materialen": ["batterijen"], "uitbetaling": [], "vrijToegankelijk": false, "gemeenteBeperking": null, "openingstijden": null, "latitude": 51.4334643, "longitude": 5.4893021, "bronId": "L038598"}}, {"type": "Feature", "geometry": {"type": "Point", "coordinates": [5.521757, 51.4373028]}, "properties": {"type": "inleverpunt", "locatieNaam": "PLUS", "straatNaam": "Dirigentplein", "straatNr": "85", "postcode": "5642 RK", "plaats": "EINDHOVEN", "merk": "Stibat", "puntType": "inzamelbak", "materialen": ["batterijen"], "uitbetaling": [], "vrijToegankelijk": false, "gemeenteBeperking": null, "openingstijden": null, "latitude": 51.4373028, "longitude": 5.521757, "bronId": "L030519"}}, {"type": "Feature", "geometry": {"type": "Point", "coordinates": [5.4900377, 51.4331444]}, "properties": {"type": "inleverpunt", "locatieNaam": "Jumbo", "straatNaam": "Geldropseweg", "straatNr": "103", "postcode": "5611 SE", "plaats": "EINDHOVEN", "merk": "Stibat", "puntType": "inzamelbak", "materialen": ["batterijen"], "uitbetaling": [], "vrijToegankelijk": false, "gemeenteBeperking": null, "openingstijden": null, "latitude": 51.4331444, "longitude": 5.4900377, "bronId": "L027869"}}, {"type": "Feature", "geometry": {"type": "Point", "coordinates": [5.5156389, 51.4352779]}, "properties": {"type": "inleverpunt", "locatieNaam": "Tamoil Quinten", "straatNaam": "Quinten Matsyslaan", "straatNr": "65", "postcode": "5642 JC", "plaats": "EINDHOVEN", "merk": "Stibat", "puntType": "inzamelbak", "materialen": ["batterijen"], "uitbetaling": [], "vrijToegankelijk": false, "gemeenteBeperking": null, "openingstijden": null, "latitude": 51.4352779, "longitude": 5.5156389, "bronId": "L019324"}}, {"type": "Feature", "geometry": {"type": "Point", "coordinates": [5.4849884, 51.4314333]}, "properties": {"type": "inleverpunt", "locatieNaam": "Kamera Express", "straatNaam": "Stratumsedijk", "straatNr": "32", "postcode": "5611 NE", "plaats": "EINDHOVEN", "merk": "Stibat", "puntType": "inzamelbak", "materialen": ["batterijen"], "uitbetaling": [], "vrijToegankelijk": false, "gemeenteBeperking": null, "openingstijden": null, "latitude": 51.4314333, "longitude": 5.4849884, "bronId": "L040698"}}, {"type": "Feature", "geometry": {"type": "Point", "coordinates": [5.4851836, 51.4309243]}, "properties": {"type": "inleverpunt", "locatieNaam": "Fietsenwinkel.nl Eindhoven", "straatNaam": "Stratumsedijk", "straatNr": "34A", "postcode": "5611 NE", "plaats": "EINDHOVEN", "merk": "Stibat", "puntType": "inzamelbak", "materialen": ["batterijen"], "uitbetaling": [], "vrijToegankelijk": false, "gemeenteBeperking": null, "openingstijden": null, "latitude": 51.4309243, "longitude": 5.4851836, "bronId": "L044251"}}, {"type": "Feature", "geometry": {"type": "Point", "coordinates": [5.4623732, 51.4277196]}, "properties": {"type": "inleverpunt", "locatieNaam": "1235 Action", "straatNaam": "Keizer Karel V Singel", "straatNr": "57", "postcode": "5654 NM", "plaats": "EINDHOVEN", "merk": "Stibat", "puntType": "inzamelbak", "materialen": ["batterijen"], "uitbetaling": [], "vrijToegankelijk": false, "gemeenteBeperking": null, "openingstijden": null, "latitude": 51.4277196, "longitude": 5.4623732, "bronId": "L032286"}}, {"type": "Feature", "geometry": {"type": "Point", "coordinates": [5.4650503, 51.4275616]}, "properties": {"type": "inleverpunt", "locatieNaam": "Jumbo", "straatNaam": "Boutenslaan", "straatNr": "56", "postcode": "5615 KT", "plaats": "EINDHOVEN", "merk": "Stibat", "puntType": "inzamelbak", "materialen": ["batterijen"], "uitbetaling": [], "vrijToegankelijk": false, "gemeenteBeperking": null, "openingstijden": null, "latitude": 51.4275616, "longitude": 5.4650503, "bronId": "L031903"}}, {"type": "Feature", "geometry": {"type": "Point", "coordinates": [5.4862834, 51.4269107]}, "properties": {"type": "inleverpunt", "locatieNaam": "Ekelhoff Hoortoestellen", "straatNaam": "Aalsterweg", "straatNr": "48", "postcode": "5615 CG", "plaats": "EINDHOVEN", "merk": "Stibat", "puntType": "inzamelbak", "materialen": ["batterijen"], "uitbetaling": [], "vrijToegankelijk": false, "gemeenteBeperking": null, "openingstijden": null, "latitude": 51.4269107, "longitude": 5.4862834, "bronId": "L019462"}}, {"type": "Feature", "geometry": {"type": "Point", "coordinates": [5.4886985, 51.4266928]}, "properties": {"type": "inleverpunt", "locatieNaam": "8563 Albert Heijn", "straatNaam": "Leenderweg", "straatNr": "50", "postcode": "5615 AA", "plaats": "EINDHOVEN", "merk": "Stibat", "puntType": "inzamelbak", "materialen": ["batterijen"], "uitbetaling": [], "vrijToegankelijk": false, "gemeenteBeperking": null, "openingstijden": null, "latitude": 51.4266928, "longitude": 5.4886985, "bronId": "L006458"}}, {"type": "Feature", "geometry": {"type": "Point", "coordinates": [5.4614185, 51.4239444]}, "properties": {"type": "inleverpunt", "locatieNaam": "Bike Totaal van Gerwen", "straatNaam": "Hoogstraat", "straatNr": "324", "postcode": "5654 NJ", "plaats": "Eindhoven", "merk": "Stibat", "puntType": "inzamelbak", "materialen": ["batterijen"], "uitbetaling": [], "vrijToegankelijk": false, "gemeenteBeperking": null, "openingstijden": null, "latitude": 51.4239444, "longitude": 5.4614185, "bronId": "L033605"}}, {"type": "Feature", "geometry": {"type": "Point", "coordinates": [5.4860187, 51.4261949]}, "properties": {"type": "inleverpunt", "locatieNaam": "Fietsvoordeelshop.nl Eindhoven Aalsterweg", "straatNaam": "Aalsterweg", "straatNr": "68-72", "postcode": "5615 CH", "plaats": "EINDHOVEN", "merk": "Stibat", "puntType": "inzamelbak", "materialen": ["batterijen"], "uitbetaling": [], "vrijToegankelijk": false, "gemeenteBeperking": null, "openingstijden": null, "latitude": 51.4261949, "longitude": 5.4860187, "bronId": "L049760"}}, {"type": "Feature", "geometry": {"type": "Point", "coordinates": [5.4865102, 51.4261614]}, "properties": {"type": "inleverpunt", "locatieNaam": "Beter Horen", "straatNaam": "Aalsterweg", "straatNr": "67a", "postcode": "5615 CB", "plaats": "EINDHOVEN", "merk": "Stibat", "puntType": "inzamelbak", "materialen": ["batterijen"], "uitbetaling": [], "vrijToegankelijk": false, "gemeenteBeperking": null, "openingstijden": null, "latitude": 51.4261614, "longitude": 5.4865102, "bronId": "L017467"}}, {"type": "Feature", "geometry": {"type": "Point", "coordinates": [5.4890084, 51.4262986]}, "properties": {"type": "inleverpunt", "locatieNaam": "Bruna", "straatNaam": "Leenderweg", "straatNr": "64", "postcode": "5615 AB", "plaats": "EINDHOVEN", "merk": "Stibat", "puntType": "inzamelbak", "materialen": ["batterijen"], "uitbetaling": [], "vrijToegankelijk": false, "gemeenteBeperking": null, "openingstijden": null, "latitude": 51.4262986, "longitude": 5.4890084, "bronId": "L024141"}}, {"type": "Feature", "geometry": {"type": "Point", "coordinates": [5.4615476, 51.4234048]}, "properties": {"type": "inleverpunt", "locatieNaam": "Kruidvat", "straatNaam": "Franz Leharplein", "straatNr": "3", "postcode": "5654 AZ", "plaats": "EINDHOVEN", "merk": "Stibat", "puntType": "inzamelbak", "materialen": ["batterijen"], "uitbetaling": [], "vrijToegankelijk": false, "gemeenteBeperking": null, "openingstijden": null, "latitude": 51.4234048, "longitude": 5.4615476, "bronId": "L015684"}}, {"type": "Feature", "geometry": {"type": "Point", "coordinates": [5.5091191, 51.4283978]}, "properties": {"type": "inleverpunt", "locatieNaam": "1247 Action", "straatNaam": "St Petrus Canisiuslaan", "straatNr": "64", "postcode": "5643 WG", "plaats": "EINDHOVEN", "merk": "Stibat", "puntType": "inzamelbak", "materialen": ["batterijen"], "uitbetaling": [], "vrijToegankelijk": false, "gemeenteBeperking": null, "openingstijden": null, "latitude": 51.4283978, "longitude": 5.5091191, "bronId": "L030558"}}, {"type": "Feature", "geometry": {"type": "Point", "coordinates": [5.4893265, 51.4259469]}, "properties": {"type": "inleverpunt", "locatieNaam": "Mercure Hotel Eindhoven", "straatNaam": "Leenderweg", "straatNr": "80", "postcode": "5615 AB", "plaats": "EINDHOVEN", "merk": "Stibat", "puntType": "inzamelbak", "materialen": ["batterijen"], "uitbetaling": [], "vrijToegankelijk": false, "gemeenteBeperking": null, "openingstijden": null, "latitude": 51.4259469, "longitude": 5.4893265, "bronId": "L029317"}}, {"type": "Feature", "geometry": {"type": "Point", "coordinates": [5.486346, 51.425536]}, "properties": {"type": "inleverpunt", "locatieNaam": "Rijwielcentrale Eindhoven", "straatNaam": "Aalsterweg", "straatNr": "89", "postcode": "5615 CB", "plaats": "EINDHOVEN", "merk": "Stibat", "puntType": "inzamelbak", "materialen": ["batterijen"], "uitbetaling": [], "vrijToegankelijk": false, "gemeenteBeperking": null, "openingstijden": null, "latitude": 51.425536, "longitude": 5.486346, "bronId": "L049386"}}, {"type": "Feature", "geometry": {"type": "Point", "coordinates": [5.4626522, 51.4231723]}, "properties": {"type": "inleverpunt", "locatieNaam": "6212 Etos", "straatNaam": "Franz Leharplein", "straatNr": "18", "postcode": "5654 AZ", "plaats": "EINDHOVEN", "merk": "Stibat", "puntType": "inzamelbak", "materialen": ["batterijen"], "uitbetaling": [], "vrijToegankelijk": false, "gemeenteBeperking": null, "openingstijden": null, "latitude": 51.4231723, "longitude": 5.4626522, "bronId": "L026970"}}, {"type": "Feature", "geometry": {"type": "Point", "coordinates": [5.4626965, 51.4231522]}, "properties": {"type": "inleverpunt", "locatieNaam": "1208 Albert Heijn", "straatNaam": "Franz Leharplein", "straatNr": "19", "postcode": "5654 AZ", "plaats": "EINDHOVEN", "merk": "Stibat", "puntType": "inzamelbak", "materialen": ["batterijen"], "uitbetaling": [], "vrijToegankelijk": false, "gemeenteBeperking": null, "openingstijden": null, "latitude": 51.4231522, "longitude": 5.4626965, "bronId": "L007596"}}, {"type": "Feature", "geometry": {"type": "Point", "coordinates": [5.4613906, 51.4228699]}, "properties": {"type": "inleverpunt", "locatieNaam": "Lidl", "straatNaam": "Willaertplein", "straatNr": "11", "postcode": "5654 LN", "plaats": "EINDHOVEN", "merk": "Stibat", "puntType": "inzamelbak", "materialen": ["batterijen"], "uitbetaling": [], "vrijToegankelijk": false, "gemeenteBeperking": null, "openingstijden": null, "latitude": 51.4228699, "longitude": 5.4613906, "bronId": "L028800"}}, {"type": "Feature", "geometry": {"type": "Point", "coordinates": [5.4863384, 51.4253232]}, "properties": {"type": "inleverpunt", "locatieNaam": "Coolblue", "straatNaam": "Aalsterweg", "straatNr": "91", "postcode": "5615 CC", "plaats": "EINDHOVEN", "merk": "Stibat", "puntType": "inzamelbak", "materialen": ["batterijen"], "uitbetaling": [], "vrijToegankelijk": false, "gemeenteBeperking": null, "openingstijden": null, "latitude": 51.4253232, "longitude": 5.4863384, "bronId": "L034587"}}, {"type": "Feature", "geometry": {"type": "Point", "coordinates": [5.5096632, 51.4278869]}, "properties": {"type": "inleverpunt", "locatieNaam": "1053 Albert Heijn", "straatNaam": "Sint Petrus Canisiuslaan", "straatNr": "43", "postcode": "5645 GC", "plaats": "EINDHOVEN", "merk": "Stibat", "puntType": "inzamelbak", "materialen": ["batterijen"], "uitbetaling": [], "vrijToegankelijk": false, "gemeenteBeperking": null, "openingstijden": null, "latitude": 51.4278869, "longitude": 5.5096632, "bronId": "L006058"}}, {"type": "Feature", "geometry": {"type": "Point", "coordinates": [5.4623081, 51.4228657]}, "properties": {"type": "inleverpunt", "locatieNaam": "Primera", "straatNaam": "Bennekelstraat", "straatNr": "11", "postcode": "5654 DB", "plaats": "EINDHOVEN", "merk": "Stibat", "puntType": "inzamelbak", "materialen": ["batterijen"], "uitbetaling": [], "vrijToegankelijk": false, "gemeenteBeperking": null, "openingstijden": null, "latitude": 51.4228657, "longitude": 5.4623081, "bronId": "L039107"}}, {"type": "Feature", "geometry": {"type": "Point", "coordinates": [5.4908493, 51.4254505]}, "properties": {"type": "inleverpunt", "locatieNaam": "GSM World", "straatNaam": "Leenderweg", "straatNr": "143a", "postcode": "5614 HM", "plaats": "EINDHOVEN", "merk": "Stibat", "puntType": "inzamelbak", "materialen": ["batterijen"], "uitbetaling": [], "vrijToegankelijk": false, "gemeenteBeperking": null, "openingstijden": null, "latitude": 51.4254505, "longitude": 5.4908493, "bronId": "L039843"}}, {"type": "Feature", "geometry": {"type": "Point", "coordinates": [5.4409266, 51.419409]}, "properties": {"type": "inleverpunt", "locatieNaam": "Kruidvat", "straatNaam": "Kastelenplein", "straatNr": "87", "postcode": "5653 LR", "plaats": "EINDHOVEN", "merk": "Stibat", "puntType": "inzamelbak", "materialen": ["batterijen"], "uitbetaling": [], "vrijToegankelijk": false, "gemeenteBeperking": null, "openingstijden": null, "latitude": 51.419409, "longitude": 5.4409266, "bronId": "L030549"}}, {"type": "Feature", "geometry": {"type": "Point", "coordinates": [5.4508933, 51.420216]}, "properties": {"type": "inleverpunt", "locatieNaam": "Rijwielservice Eindhoven", "straatNaam": "Kersbergenstraat", "straatNr": "3", "postcode": "5654 LZ", "plaats": "EINDHOVEN", "merk": "Stibat", "puntType": "inzamelbak", "materialen": ["batterijen"], "uitbetaling": [], "vrijToegankelijk": false, "gemeenteBeperking": null, "openingstijden": null, "latitude": 51.420216, "longitude": 5.4508933, "bronId": "L049417"}}, {"type": "Feature", "geometry": {"type": "Point", "coordinates": [5.4409059, 51.4191058]}, "properties": {"type": "inleverpunt", "locatieNaam": "Jumbo", "straatNaam": "Kastelenplein", "straatNr": "86", "postcode": "5653 LR", "plaats": "Eindhoven", "merk": "Stibat", "puntType": "inzamelbak", "materialen": ["batterijen"], "uitbetaling": [], "vrijToegankelijk": false, "gemeenteBeperking": null, "openingstijden": null, "latitude": 51.4191058, "longitude": 5.4409059, "bronId": "L030686"}}, {"type": "Feature", "geometry": {"type": "Point", "coordinates": [5.4392994, 51.4188244]}, "properties": {"type": "inleverpunt", "locatieNaam": "Aldi", "straatNaam": "Kastelenplein", "straatNr": "60", "postcode": "5653 LP", "plaats": "Eindhoven", "merk": "Stibat", "puntType": "inzamelbak", "materialen": ["batterijen"], "uitbetaling": [], "vrijToegankelijk": false, "gemeenteBeperking": null, "openingstijden": null, "latitude": 51.4188244, "longitude": 5.4392994, "bronId": "L041359"}}, {"type": "Feature", "geometry": {"type": "Point", "coordinates": [5.4393884, 51.4187883]}, "properties": {"type": "inleverpunt", "locatieNaam": "HEMA Eindhoven Kastelenplein", "straatNaam": "Kastelenplein", "straatNr": "71-74", "postcode": "5653 LP", "plaats": "Eindhoven", "merk": "Stibat", "puntType": "inzamelbak", "materialen": ["batterijen"], "uitbetaling": [], "vrijToegankelijk": false, "gemeenteBeperking": null, "openingstijden": null, "latitude": 51.4187883, "longitude": 5.4393884, "bronId": "L046931"}}, {"type": "Feature", "geometry": {"type": "Point", "coordinates": [5.4858157, 51.42259]}, "properties": {"type": "inleverpunt", "locatieNaam": "Aldi", "straatNaam": "Aalsterweg", "straatNr": "141-143", "postcode": "5644 RA", "plaats": "Eindhoven", "merk": "Stibat", "puntType": "inzamelbak", "materialen": ["batterijen"], "uitbetaling": [], "vrijToegankelijk": false, "gemeenteBeperking": null, "openingstijden": null, "latitude": 51.42259, "longitude": 5.4858157, "bronId": "L041358"}}, {"type": "Feature", "geometry": {"type": "Point", "coordinates": [5.4978457, 51.4238458]}, "properties": {"type": "inleverpunt", "locatieNaam": "Wibra", "straatNaam": "Heezerweg", "straatNr": "262", "postcode": "5643 KK", "plaats": "EINDHOVEN", "merk": "Stibat", "puntType": "inzamelbak", "materialen": ["batterijen"], "uitbetaling": [], "vrijToegankelijk": false, "gemeenteBeperking": null, "openingstijden": null, "latitude": 51.4238458, "longitude": 5.4978457, "bronId": "L042661"}}, {"type": "Feature", "geometry": {"type": "Point", "coordinates": [5.4981235, 51.423709]}, "properties": {"type": "inleverpunt", "locatieNaam": "Beter Horen", "straatNaam": "Heezerweg", "straatNr": "274", "postcode": "5643 KL", "plaats": "EINDHOVEN", "merk": "Stibat", "puntType": "inzamelbak", "materialen": ["batterijen"], "uitbetaling": [], "vrijToegankelijk": false, "gemeenteBeperking": null, "openingstijden": null, "latitude": 51.423709, "longitude": 5.4981235, "bronId": "L041655"}}, {"type": "Feature", "geometry": {"type": "Point", "coordinates": [5.4989418, 51.4232138]}, "properties": {"type": "inleverpunt", "locatieNaam": "7901 Etos", "straatNaam": "Heezerweg", "straatNr": "300", "postcode": "5643 KM", "plaats": "EINDHOVEN", "merk": "Stibat", "puntType": "inzamelbak", "materialen": ["batterijen"], "uitbetaling": [], "vrijToegankelijk": false, "gemeenteBeperking": null, "openingstijden": null, "latitude": 51.4232138, "longitude": 5.4989418, "bronId": "L025472"}}, {"type": "Feature", "geometry": {"type": "Point", "coordinates": [5.4999205, 51.42275]}, "properties": {"type": "inleverpunt", "locatieNaam": "Kruidvat", "straatNaam": "Heezerweg", "straatNr": "322", "postcode": "5643 KN", "plaats": "EINDHOVEN", "merk": "Stibat", "puntType": "inzamelbak", "materialen": ["batterijen"], "uitbetaling": [], "vrijToegankelijk": false, "gemeenteBeperking": null, "openingstijden": null, "latitude": 51.42275, "longitude": 5.4999205, "bronId": "L015836"}}, {"type": "Feature", "geometry": {"type": "Point", "coordinates": [5.4991181, 51.4224598]}, "properties": {"type": "inleverpunt", "locatieNaam": "1661 Albert Heijn", "straatNaam": "Kamperfoelielaan", "straatNr": "45", "postcode": "5643 BB", "plaats": "EINDHOVEN", "merk": "Stibat", "puntType": "inzamelbak", "materialen": ["batterijen"], "uitbetaling": [], "vrijToegankelijk": false, "gemeenteBeperking": null, "openingstijden": null, "latitude": 51.4224598, "longitude": 5.4991181, "bronId": "L038988"}}, {"type": "Feature", "geometry": {"type": "Point", "coordinates": [5.4991181, 51.4224598]}, "properties": {"type": "inleverpunt", "locatieNaam": "Lidl", "straatNaam": "Kamperfoelielaan", "straatNr": "39", "postcode": "5643 BB", "plaats": "EINDHOVEN", "merk": "Stibat", "puntType": "inzamelbak", "materialen": ["batterijen"], "uitbetaling": [], "vrijToegankelijk": false, "gemeenteBeperking": null, "openingstijden": null, "latitude": 51.4224598, "longitude": 5.4991181, "bronId": "L038991"}}, {"type": "Feature", "geometry": {"type": "Point", "coordinates": [5.4942193, 51.4216559]}, "properties": {"type": "inleverpunt", "locatieNaam": "Bever", "straatNaam": "Leenderweg", "straatNr": "202", "postcode": "5644 AB", "plaats": "EINDHOVEN", "merk": "Stibat", "puntType": "inzamelbak", "materialen": ["batterijen"], "uitbetaling": [], "vrijToegankelijk": false, "gemeenteBeperking": null, "openingstijden": null, "latitude": 51.4216559, "longitude": 5.4942193, "bronId": "L020268"}}, {"type": "Feature", "geometry": {"type": "Point", "coordinates": [5.4989391, 51.4221082]}, "properties": {"type": "inleverpunt", "locatieNaam": "Boek- en kantoorboekhandel Van Grinsven", "straatNaam": "Korianderstraat", "straatNr": "28-30", "postcode": "5643 AS", "plaats": "EINDHOVEN", "merk": "Stibat", "puntType": "inzamelbak", "materialen": ["batterijen"], "uitbetaling": [], "vrijToegankelijk": false, "gemeenteBeperking": null, "openingstijden": null, "latitude": 51.4221082, "longitude": 5.4989391, "bronId": "L038928"}}, {"type": "Feature", "geometry": {"type": "Point", "coordinates": [5.4926505, 51.4212156]}, "properties": {"type": "inleverpunt", "locatieNaam": "Tweewielerservice Wieringa", "straatNaam": "Roostenlaan", "straatNr": "59", "postcode": "5644 GB", "plaats": "Eindhoven", "merk": "Stibat", "puntType": "inzamelbak", "materialen": ["batterijen"], "uitbetaling": [], "vrijToegankelijk": false, "gemeenteBeperking": null, "openingstijden": null, "latitude": 51.4212156, "longitude": 5.4926505, "bronId": "L033602"}}, {"type": "Feature", "geometry": {"type": "Point", "coordinates": [5.4918057, 51.419907]}, "properties": {"type": "inleverpunt", "locatieNaam": "1077 Albert Heijn", "straatNaam": "Roostenlaan", "straatNr": "112", "postcode": "5644 GJ", "plaats": "EINDHOVEN", "merk": "Stibat", "puntType": "inzamelbak", "materialen": ["batterijen"], "uitbetaling": [], "vrijToegankelijk": false, "gemeenteBeperking": null, "openingstijden": null, "latitude": 51.419907, "longitude": 5.4918057, "bronId": "L006781"}}, {"type": "Feature", "geometry": {"type": "Point", "coordinates": [5.4953646, 51.4198744]}, "properties": {"type": "inleverpunt", "locatieNaam": "Snijders IJzerhandel", "straatNaam": "Leenderweg", "straatNr": "244", "postcode": "5644 AD", "plaats": "EINDHOVEN", "merk": "Stibat", "puntType": "inzamelbak", "materialen": ["batterijen"], "uitbetaling": [], "vrijToegankelijk": false, "gemeenteBeperking": null, "openingstijden": null, "latitude": 51.4198744, "longitude": 5.4953646, "bronId": "L016945"}}, {"type": "Feature", "geometry": {"type": "Point", "coordinates": [5.4797143, 51.4066286]}, "properties": {"type": "inleverpunt", "locatieNaam": "Van der Valk Hotel Eindhoven", "straatNaam": "Aalsterweg", "straatNr": "322", "postcode": "5644 RL", "plaats": "EINDHOVEN", "merk": "Stibat", "puntType": "inzamelbak", "materialen": ["batterijen"], "uitbetaling": [], "vrijToegankelijk": false, "gemeenteBeperking": null, "openingstijden": null, "latitude": 51.4066286, "longitude": 5.4797143, "bronId": "L036812"}}, {"type": "Feature", "geometry": {"type": "Polygon", "coordinates": [[[5.504643001804832, 51.40103100352069], [5.505686001805994, 51.4039070035226], [5.507613001807968, 51.404532003522995], [5.522416001822956, 51.40470100352282], [5.524391001824945, 51.40449200352268], [5.525815001826396, 51.4046970035228], [5.525202001826644, 51.42799000353853], [5.530649001832125, 51.42721000353787], [5.53117900183269, 51.42798500353834], [5.531778001833296, 51.42802600353845], [5.531237001832784, 51.42895200353905], [5.5318140018334825, 51.43200800354109], [5.540250001841988, 51.43133500354047], [5.542900001844707, 51.43233300354111], [5.544216001846045, 51.43243900354116], [5.548853001850809, 51.43450300354247], [5.548679001850639, 51.43467700354258], [5.546705001848615, 51.43391200354214], [5.5466350018485695, 51.434535003542535], [5.5458840018478295, 51.43514400354295], [5.546201001848179, 51.43584500354341], [5.545852001847855, 51.43669700354401], [5.5444060018464105, 51.43716400354435], [5.544324001846361, 51.438099003544956], [5.543573001845624, 51.43868600354538], [5.544023001846113, 51.43956500354597], [5.543317001845398, 51.43955400354597], [5.542786001844878, 51.440031003546274], [5.542465001844544, 51.43978400354612], [5.542792001844858, 51.43926800354578], [5.541934001843993, 51.439371003545844], [5.540693001842776, 51.4404020035466], [5.541470001843566, 51.440541003546656], [5.54140500184352, 51.44104300354698], [5.538456001840632, 51.443618003548764], [5.539297001841491, 51.443850003548924], [5.539422001841646, 51.44461900354941], [5.538494001840748, 51.44577300355021], [5.539464001841796, 51.447445003551316], [5.540169001842525, 51.44794500355163], [5.539942001842307, 51.44828200355188], [5.539079001841441, 51.448446003552014], [5.538629001841032, 51.44972100355283], [5.53778000184018, 51.449812003552964], [5.537019001839431, 51.450413003553344], [5.536125001838523, 51.45034300355333], [5.536402001838827, 51.45086900355367], [5.53512600183756, 51.451582003554144], [5.534447001836873, 51.45158500355417], [5.534283001836743, 51.45253800355483], [5.533295001835766, 51.45315000355522], [5.532776001835298, 51.45465700355627], [5.531496001834012, 51.45494100355648], [5.532081001834649, 51.456163003557265], [5.5317740018343615, 51.45673400355765], [5.532557001835169, 51.45718600355798], [5.531082001833677, 51.45719200355798], [5.53075800183338, 51.457999003558584], [5.529840001832478, 51.45869900355902], [5.52493900182755, 51.459488003559635], [5.522897001825514, 51.460249003560186], [5.521938001824575, 51.46107500356078], [5.521032001823657, 51.46103200356073], [5.520914001823561, 51.461623003561144], [5.518179001820831, 51.4627000035619], [5.518114001820776, 51.46295200356208], [5.518980001821652, 51.46293800356203], [5.518090001820768, 51.46336200356234], [5.5175820018202915, 51.46434800356301], [5.516867001819567, 51.46426300356296], [5.51596800181869, 51.465142003563535], [5.514961001817665, 51.464943003563455], [5.514915001817635, 51.46535200356372], [5.514258001816978, 51.46566000356392], [5.514119001816872, 51.4665220035645], [5.512615001815359, 51.466697003564676], [5.509044001811845, 51.46930600356648], [5.510135001812972, 51.469954003566876], [5.508104001810962, 51.471124003567695], [5.507968001810935, 51.4741160035697], [5.508830001811916, 51.476939003571566], [5.507765001810878, 51.47812600357239], [5.507942001811075, 51.47856700357271], [5.509106001812259, 51.47870100357274], [5.509578001812753, 51.47917700357306], [5.506274001809517, 51.48194800357498], [5.5054100018086976, 51.483381003575914], [5.506535001809846, 51.483704003576136], [5.508046001811428, 51.48512900357705], [5.507937001811382, 51.4868640035782], [5.508415001811896, 51.48768400357875], [5.510708001814206, 51.48744700357855], [5.511551001815113, 51.488905003579546], [5.512348001815927, 51.489152003579655], [5.512476001816125, 51.49099200358092], [5.513015001816696, 51.49168600358135], [5.515608001819385, 51.49341500358248], [5.513581001817399, 51.49516300358365], [5.513265001817123, 51.4963090035844], [5.511424001815286, 51.49692200358487], [5.47842200178191, 51.49660600358519], [5.476680001780166, 51.49707800358553], [5.472855001776253, 51.495886003584786], [5.470148001773506, 51.49558700358465], [5.468277001771623, 51.495815003584795], [5.4682500017716364, 51.49684400358553], [5.463895001767236, 51.49697900358568], [5.450189001753315, 51.495311003584796], [5.440465001743412, 51.493446003583664], [5.4297700017324875, 51.49060600358194], [5.418631001721064, 51.486443003579325], [5.410752001713016, 51.48442200357805], [5.406087001708279, 51.48388200357774], [5.401700001703839, 51.48386300357781], [5.397380001699485, 51.484301003578175], [5.3910170016931, 51.48555500357907], [5.391042001693105, 51.485037003578725], [5.390519001692579, 51.485154003578835], [5.3908420016926435, 51.47833700357429], [5.390214001691995, 51.47803900357408], [5.390922001692719, 51.47823000357419], [5.391187001692735, 51.471756003569865], [5.390658001692153, 51.470609003569095], [5.389647001691132, 51.47063400356913], [5.388826001690277, 51.47001400356874], [5.387520001688943, 51.469641003568505], [5.3871080016885085, 51.46920200356822], [5.387542001688905, 51.46811800356751], [5.3855120016868465, 51.46791900356741], [5.384357001685657, 51.46750800356713], [5.379151001680249, 51.46384200356474], [5.3694470016704905, 51.46531700356585], [5.367169001667953, 51.45943100356193], [5.363513001664288, 51.460265003562554], [5.361423001662056, 51.45726500356056], [5.357758001658222, 51.4541000035585], [5.35671800165715, 51.45359800355819], [5.360470001660809, 51.45008700355578], [5.361220001661503, 51.44846000355467], [5.360884001660958, 51.44324300355119], [5.357398001657296, 51.439873003548975], [5.357027001656853, 51.43810200354777], [5.362144001661954, 51.43612700354638], [5.362227001662012, 51.43546400354592], [5.363513001663312, 51.43541400354587], [5.366899001666769, 51.43620500354634], [5.36682200166674, 51.437449003547215], [5.367800001667767, 51.438365003547794], [5.371249001671277, 51.438909003548126], [5.373199001673201, 51.43760800354725], [5.379213001679249, 51.436596003546484], [5.379686001679667, 51.43509200354547], [5.387374001687555, 51.43780200354718], [5.387579001687751, 51.43757300354697], [5.388766001688959, 51.43774500354711], [5.390856001691036, 51.43670400354638], [5.393805001693937, 51.43457800354493], [5.400795001700947, 51.432968003543735], [5.404923001705288, 51.437128003546476], [5.4073830017077285, 51.4359240035456], [5.40900100170931, 51.43446000354463], [5.410700001711054, 51.43506200354502], [5.412074001712298, 51.431341003542514], [5.414489001714694, 51.43005900354156], [5.416739001717036, 51.43171600354271], [5.417168001717461, 51.4314880035425], [5.419151001719516, 51.43271400354332], [5.419944001720325, 51.43285300354341], [5.4251700017255455, 51.43112200354216], [5.426714001727065, 51.42999200354137], [5.427939001727997, 51.42193800353595], [5.427395001727244, 51.41673400353242], [5.428497001728294, 51.41503800353129], [5.4294260017291025, 51.41156100352893], [5.42942100172892, 51.406976003525855], [5.429856001729333, 51.406261003525344], [5.428652001728073, 51.405213003524665], [5.425231001724583, 51.40455400352427], [5.427277001726581, 51.40265400352295], [5.427582001726901, 51.402922003523116], [5.427992001727305, 51.402580003522885], [5.429903001729247, 51.402810003523044], [5.430965001730316, 51.40263700352289], [5.431216001730545, 51.40204900352249], [5.431657001731005, 51.40233900352266], [5.433619001732999, 51.402572003522835], [5.435451001734887, 51.403446003523406], [5.435797001735269, 51.404290003523926], [5.436327001735815, 51.40448600352407], [5.436189001735692, 51.404976003524375], [5.451486001751188, 51.40524900352434], [5.451746001751438, 51.404900003524126], [5.453510001753239, 51.40529300352436], [5.4604020017602135, 51.405245003524215], [5.460741001760544, 51.40499400352404], [5.462543001762367, 51.404935003523946], [5.463326001763171, 51.40527300352418], [5.468381001768292, 51.40529800352413], [5.468625001768529, 51.40503400352395], [5.469322001769244, 51.40535000352415], [5.473222001773189, 51.40527800352405], [5.4810710017811095, 51.404593003523466], [5.489050001789187, 51.404713003523405], [5.489923001790062, 51.404455003523225], [5.4910870017912465, 51.40464400352333], [5.497824001798049, 51.40426800352299], [5.499851001800087, 51.40385800352267], [5.501545001801775, 51.403110003522116], [5.503624001803819, 51.401522003521016], [5.504256001804401, 51.400047003520015], [5.504874001805031, 51.40015500352007], [5.504643001804832, 51.40103100352069]]]}, "properties": {"type": "boundary", "gemeente": "Eindhoven"}}]}