{"type": "FeatureCollection", "metadata": {"gemeente": "Emmen", "slug": "emmen", "generated_at": "2026-07-28T19:03:25.026558Z", "total_points": 265, "merken": ["StatiegeldNederland", "Stibat", "StichtingOPEN"], "bounds": [6.847436, 52.659872, 7.048448, 52.8667022]}, "features": [{"type": "Feature", "geometry": {"type": "Point", "coordinates": [6.9845064, 52.8173113]}, "properties": {"type": "inleverpunt", "locatieNaam": "Action Arena Motodrome Emmen", "straatNaam": "Veenakkers", "straatNr": "35", "postcode": "7881 XA", "plaats": "Emmer-compascuum", "merk": "StatiegeldNederland", "puntType": "balie", "materialen": ["pet-groot", "pet-klein", "blik"], "uitbetaling": [], "vrijToegankelijk": false, "gemeenteBeperking": null, "openingstijden": {"ma": "12:00–20:30", "di": "12:00–20:30", "wo": "12:00–20:30", "do": "12:00–20:30", "vr": "12:00–20:30", "za": "10:00–16:30", "zo": "08:30–16:30"}, "latitude": 52.8173113, "longitude": 6.9845064, "bronId": "251937"}}, {"type": "Feature", "geometry": {"type": "Point", "coordinates": [6.8938257, 52.7815292]}, "properties": {"type": "inleverpunt", "locatieNaam": "Albert Heijn", "straatNaam": "Baander", "straatNr": "165", "postcode": "7811 HT", "plaats": "Emmen", "merk": "StatiegeldNederland", "puntType": "automaat", "materialen": ["pet-groot", "pet-klein", "blik", "glas", "krat"], "uitbetaling": ["bonnetje", "donatie"], "vrijToegankelijk": true, "gemeenteBeperking": null, "openingstijden": {"ma": "08:00–21:00", "di": "08:00–21:00", "wo": "08:00–21:00", "do": "08:00–21:00", "vr": "08:00–21:00", "za": "08:00–21:00", "zo": "10:00–18:00"}, "latitude": 52.7815292, "longitude": 6.8938257, "bronId": "251995"}}, {"type": "Feature", "geometry": {"type": "Point", "coordinates": [6.98675, 52.7245618]}, "properties": {"type": "inleverpunt", "locatieNaam": "Albert Heijn", "straatNaam": "Langestraat", "straatNr": "98", "postcode": "7891 CG", "plaats": "Klazienaveen", "merk": "StatiegeldNederland", "puntType": "automaat", "materialen": ["pet-groot", "pet-klein", "blik", "glas", "krat"], "uitbetaling": ["bonnetje"], "vrijToegankelijk": true, "gemeenteBeperking": null, "openingstijden": {"ma": "07:30–21:00", "di": "07:30–21:00", "wo": "07:30–21:00", "do": "07:30–21:00", "vr": "07:30–21:00", "za": "07:30–21:00", "zo": "09:00–18:00"}, "latitude": 52.7245618, "longitude": 6.98675, "bronId": "252459"}}, {"type": "Feature", "geometry": {"type": "Point", "coordinates": [6.8576299, 52.714563]}, "properties": {"type": "inleverpunt", "locatieNaam": "Albert Heijn", "straatNaam": "Vaart Z.Z.", "straatNr": "50", "postcode": "7833 AC", "plaats": "Nieuw Amsterdam", "merk": "StatiegeldNederland", "puntType": "automaat", "materialen": ["pet-groot", "pet-klein", "blik", "glas", "krat"], "uitbetaling": ["bonnetje", "donatie"], "vrijToegankelijk": true, "gemeenteBeperking": null, "openingstijden": {"ma": "07:30–21:00", "di": "07:30–21:00", "wo": "07:30–21:00", "do": "07:30–21:00", "vr": "07:30–21:00", "za": "07:30–21:00", "zo": "09:00–19:00"}, "latitude": 52.714563, "longitude": 6.8576299, "bronId": "252827"}}, {"type": "Feature", "geometry": {"type": "Point", "coordinates": [7.0481588, 52.8128113]}, "properties": {"type": "inleverpunt", "locatieNaam": "Aldi", "straatNaam": "Hoofdkanaal Westzijde", "straatNr": "13-15", "postcode": "7881 AA", "plaats": "Emmer-Compascuum", "merk": "StatiegeldNederland", "puntType": "automaat", "materialen": ["pet-groot", "pet-klein", "blik", "glas", "krat"], "uitbetaling": ["bonnetje"], "vrijToegankelijk": true, "gemeenteBeperking": null, "openingstijden": {"ma": "08:00–20:00", "di": "08:00–20:00", "wo": "08:00–20:00", "do": "08:00–20:00", "vr": "08:00–20:00", "za": "08:00–20:00", "zo": "10:00–18:00"}, "latitude": 52.8128113, "longitude": 7.0481588, "bronId": "253158"}}, {"type": "Feature", "geometry": {"type": "Point", "coordinates": [6.9978548, 52.7237988]}, "properties": {"type": "inleverpunt", "locatieNaam": "Aldi", "straatNaam": "Langestraat", "straatNr": "151", "postcode": "7891 GK", "plaats": "Klazienaveen", "merk": "StatiegeldNederland", "puntType": "automaat", "materialen": ["pet-groot", "pet-klein", "blik", "glas", "krat"], "uitbetaling": ["bonnetje"], "vrijToegankelijk": true, "gemeenteBeperking": null, "openingstijden": {"ma": "08:00–20:00", "di": "08:00–20:00", "wo": "08:00–20:00", "do": "08:00–20:00", "vr": "08:00–20:00", "za": "08:00–20:00", "zo": "10:00–18:00"}, "latitude": 52.7237988, "longitude": 6.9978548, "bronId": "253225"}}, {"type": "Feature", "geometry": {"type": "Point", "coordinates": [6.8969679, 52.798945]}, "properties": {"type": "inleverpunt", "locatieNaam": "Aldi", "straatNaam": "Middenhaag", "straatNr": "515", "postcode": "7815 LG", "plaats": "Emmen", "merk": "StatiegeldNederland", "puntType": "automaat", "materialen": ["pet-groot", "pet-klein", "blik", "glas", "krat"], "uitbetaling": ["bonnetje"], "vrijToegankelijk": true, "gemeenteBeperking": null, "openingstijden": {"ma": "08:00–20:00", "di": "08:00–20:00", "wo": "08:00–20:00", "do": "08:00–20:00", "vr": "08:00–20:00", "za": "08:00–20:00", "zo": "10:00–18:00"}, "latitude": 52.798945, "longitude": 6.8969679, "bronId": "253263"}}, {"type": "Feature", "geometry": {"type": "Point", "coordinates": [6.9230504, 52.7804081]}, "properties": {"type": "inleverpunt", "locatieNaam": "Aldi", "straatNaam": "Peyserhof", "straatNr": "2", "postcode": "7824 CP", "plaats": "Emmen", "merk": "StatiegeldNederland", "puntType": "automaat", "materialen": ["pet-groot", "pet-klein", "blik", "glas", "krat"], "uitbetaling": ["bonnetje"], "vrijToegankelijk": true, "gemeenteBeperking": null, "openingstijden": {"ma": "08:00–20:00", "di": "08:00–20:00", "wo": "08:00–20:00", "do": "08:00–20:00", "vr": "08:00–20:00", "za": "08:00–20:00", "zo": "10:00–18:00"}, "latitude": 52.7804081, "longitude": 6.9230504, "bronId": "253320"}}, {"type": "Feature", "geometry": {"type": "Point", "coordinates": [6.8570275, 52.7148649]}, "properties": {"type": "inleverpunt", "locatieNaam": "Aldi", "straatNaam": "Vaard Zuidzijde", "straatNr": "49", "postcode": "7833 AC", "plaats": "Nieuw-Amsterdam", "merk": "StatiegeldNederland", "puntType": "automaat", "materialen": ["pet-groot", "pet-klein", "blik", "glas", "krat"], "uitbetaling": ["bonnetje"], "vrijToegankelijk": true, "gemeenteBeperking": null, "openingstijden": {"ma": "08:00–20:00", "di": "08:00–20:00", "wo": "08:00–20:00", "do": "08:00–20:00", "vr": "08:00–20:00", "za": "08:00–20:00", "zo": "10:00–18:00"}, "latitude": 52.7148649, "longitude": 6.8570275, "bronId": "253397"}}, {"type": "Feature", "geometry": {"type": "Point", "coordinates": [6.9676792, 52.7492687]}, "properties": {"type": "inleverpunt", "locatieNaam": "Boon‘s Markt", "straatNaam": "Klazienaveensestraat", "straatNr": "1", "postcode": "7885 BA", "plaats": "Nieuw Dordrecht", "merk": "StatiegeldNederland", "puntType": "automaat", "materialen": ["pet-groot", "pet-klein", "blik", "glas", "krat"], "uitbetaling": ["bonnetje", "donatie"], "vrijToegankelijk": true, "gemeenteBeperking": null, "openingstijden": {"ma": "08:30–19:00", "di": "08:30–19:00", "wo": "08:30–19:00", "do": "08:30–20:00", "vr": "08:30–20:00", "za": "08:00–18:00", "zo": "10:00–16:00"}, "latitude": 52.7492687, "longitude": 6.9676792, "bronId": "253859"}}, {"type": "Feature", "geometry": {"type": "Point", "coordinates": [6.9262084, 52.7808613]}, "properties": {"type": "inleverpunt", "locatieNaam": "Dcterra", "straatNaam": "Ubbekingecamp", "straatNr": "1", "postcode": "7824 EH", "plaats": "Emmen", "merk": "StatiegeldNederland", "puntType": "automaat", "materialen": ["pet-klein", "blik"], "uitbetaling": [], "vrijToegankelijk": false, "gemeenteBeperking": null, "openingstijden": {"ma": "08:00–16:30", "di": "08:00–16:30", "wo": "08:00–16:30", "do": "08:00–16:30", "vr": "08:00–16:30", "za": "Gesloten", "zo": "Gesloten"}, "latitude": 52.7808613, "longitude": 6.9262084, "bronId": "254261"}}, {"type": "Feature", "geometry": {"type": "Point", "coordinates": [6.9151874, 52.7782127]}, "properties": {"type": "inleverpunt", "locatieNaam": "Dcterra", "straatNaam": "Van Schaikweg", "straatNr": "98", "postcode": "7811 KL", "plaats": "Emmen", "merk": "StatiegeldNederland", "puntType": "automaat", "materialen": ["pet-klein", "blik"], "uitbetaling": [], "vrijToegankelijk": false, "gemeenteBeperking": null, "openingstijden": null, "latitude": 52.7782127, "longitude": 6.9151874, "bronId": "254262"}}, {"type": "Feature", "geometry": {"type": "Point", "coordinates": [6.9018453, 52.7784682]}, "properties": {"type": "inleverpunt", "locatieNaam": "Dcterra Annapaulownalaan", "straatNaam": "Annapaulownalaan", "straatNr": "1", "postcode": "7822 JJ", "plaats": "Emmen", "merk": "StatiegeldNederland", "puntType": "automaat", "materialen": ["pet-klein", "blik"], "uitbetaling": [], "vrijToegankelijk": false, "gemeenteBeperking": null, "openingstijden": null, "latitude": 52.7784682, "longitude": 6.9018453, "bronId": "254264"}}, {"type": "Feature", "geometry": {"type": "Point", "coordinates": [6.9302723, 52.7803667]}, "properties": {"type": "inleverpunt", "locatieNaam": "Dcterra Veldlaan", "straatNaam": "Veldlaan", "straatNr": "2", "postcode": "7824 VH", "plaats": "Emmen", "merk": "StatiegeldNederland", "puntType": "automaat", "materialen": ["pet-klein", "blik"], "uitbetaling": [], "vrijToegankelijk": false, "gemeenteBeperking": null, "openingstijden": {"ma": "08:00–16:30", "di": "08:00–16:30", "wo": "08:00–16:30", "do": "08:00–16:30", "vr": "08:00–16:30", "za": "Gesloten", "zo": "Gesloten"}, "latitude": 52.7803667, "longitude": 6.9302723, "bronId": "254265"}}, {"type": "Feature", "geometry": {"type": "Point", "coordinates": [6.8930009, 52.7815773]}, "properties": {"type": "inleverpunt", "locatieNaam": "Dirk", "straatNaam": "Willinkplein", "straatNr": "38", "postcode": "7811 DD", "plaats": "Emmen", "merk": "StatiegeldNederland", "puntType": "automaat", "materialen": ["pet-groot", "pet-klein", "blik", "glas", "krat"], "uitbetaling": ["bonnetje", "donatie"], "vrijToegankelijk": true, "gemeenteBeperking": null, "openingstijden": {"ma": "08:00–21:00", "di": "08:00–21:00", "wo": "08:00–21:00", "do": "08:00–21:00", "vr": "08:00–21:00", "za": "08:00–21:00", "zo": "10:00–18:00"}, "latitude": 52.7815773, "longitude": 6.8930009, "bronId": "254568"}}, {"type": "Feature", "geometry": {"type": "Point", "coordinates": [6.8962844, 52.7834319]}, "properties": {"type": "inleverpunt", "locatieNaam": "Ekoplaza", "straatNaam": "WILHELMINASTRAAT", "straatNr": "50A", "postcode": "7811 JE", "plaats": "Emmen", "merk": "StatiegeldNederland", "puntType": "balie", "materialen": ["pet-groot", "pet-klein", "blik"], "uitbetaling": [], "vrijToegankelijk": true, "gemeenteBeperking": null, "openingstijden": {"ma": "08:30–18:30", "di": "08:30–18:30", "wo": "08:30–18:30", "do": "08:30–18:30", "vr": "08:00–18:30", "za": "08:30–18:00", "zo": "Gesloten"}, "latitude": 52.7834319, "longitude": 6.8962844, "bronId": "254702"}}, {"type": "Feature", "geometry": {"type": "Point", "coordinates": [6.906105, 52.796669]}, "properties": {"type": "inleverpunt", "locatieNaam": "Gulf", "straatNaam": "Wolfbergseweg", "straatNr": "6a", "postcode": "7822 AW", "plaats": "Emmen", "merk": "StatiegeldNederland", "puntType": "balie", "materialen": ["pet-groot", "pet-klein", "blik"], "uitbetaling": [], "vrijToegankelijk": true, "gemeenteBeperking": null, "openingstijden": {"ma": "07:00–21:00", "di": "07:00–21:00", "wo": "07:00–21:00", "do": "07:00–21:00", "vr": "07:00–21:00", "za": "08:00–21:00", "zo": "Gesloten"}, "latitude": 52.796669, "longitude": 6.906105, "bronId": "254910"}}, {"type": "Feature", "geometry": {"type": "Point", "coordinates": [6.9901801, 52.7334057]}, "properties": {"type": "inleverpunt", "locatieNaam": "Handbalvereniging Actief", "straatNaam": "Leeuw", "straatNr": "9", "postcode": "7891 TS", "plaats": "Klazienaveen", "merk": "StatiegeldNederland", "puntType": "balie", "materialen": ["pet-groot", "pet-klein", "blik"], "uitbetaling": [], "vrijToegankelijk": false, "gemeenteBeperking": null, "openingstijden": null, "latitude": 52.7334057, "longitude": 6.9901801, "bronId": "254927"}}, {"type": "Feature", "geometry": {"type": "Point", "coordinates": [6.9059114, 52.7787658]}, "properties": {"type": "inleverpunt", "locatieNaam": "Hondsrug College - De Brink", "straatNaam": "Emmalaan", "straatNr": "25", "postcode": "7822 JB", "plaats": "Emmen", "merk": "StatiegeldNederland", "puntType": "automaat", "materialen": ["pet-klein", "blik"], "uitbetaling": ["donatie", "tikkie"], "vrijToegankelijk": true, "gemeenteBeperking": null, "openingstijden": {"ma": "08:00–20:00", "di": "08:00–20:00", "wo": "08:00–20:00", "do": "08:00–20:00", "vr": "08:00–20:00", "za": "08:00–20:00", "zo": "10:00–17:00"}, "latitude": 52.7787658, "longitude": 6.9059114, "bronId": "255022"}}, {"type": "Feature", "geometry": {"type": "Point", "coordinates": [6.9040898, 52.7785472]}, "properties": {"type": "inleverpunt", "locatieNaam": "Hondsrug College - De Es", "straatNaam": "Emmalaan", "straatNr": "26", "postcode": "7822 JC", "plaats": "Emmen", "merk": "StatiegeldNederland", "puntType": "automaat", "materialen": ["pet-klein", "blik"], "uitbetaling": ["donatie", "tikkie"], "vrijToegankelijk": true, "gemeenteBeperking": null, "openingstijden": {"ma": "08:00–16:30", "di": "08:00–16:30", "wo": "08:00–16:30", "do": "08:00–16:30", "vr": "08:00–16:30", "za": "Gesloten", "zo": "Gesloten"}, "latitude": 52.7785472, "longitude": 6.9040898, "bronId": "255027"}}, {"type": "Feature", "geometry": {"type": "Point", "coordinates": [6.9091189, 52.7783944]}, "properties": {"type": "inleverpunt", "locatieNaam": "Hondsrug College - De Marke", "straatNaam": "Anna Paulownalaan", "straatNr": "15", "postcode": "7822 JJ", "plaats": "Emmen", "merk": "StatiegeldNederland", "puntType": "automaat", "materialen": ["pet-klein", "blik"], "uitbetaling": ["donatie", "tikkie"], "vrijToegankelijk": true, "gemeenteBeperking": null, "openingstijden": null, "latitude": 52.7783944, "longitude": 6.9091189, "bronId": "255028"}}, {"type": "Feature", "geometry": {"type": "Point", "coordinates": [6.93904, 52.792601]}, "properties": {"type": "inleverpunt", "locatieNaam": "Jumbo", "straatNaam": "Houtweg", "straatNr": "296", "postcode": "7823 PV", "plaats": "Emmen", "merk": "StatiegeldNederland", "puntType": "automaat", "materialen": ["pet-groot", "pet-klein", "blik", "glas", "krat"], "uitbetaling": ["bonnetje", "donatie"], "vrijToegankelijk": true, "gemeenteBeperking": null, "openingstijden": {"ma": "08:00–20:00", "di": "08:00–20:00", "wo": "08:00–20:00", "do": "08:00–21:00", "vr": "08:00–21:00", "za": "08:00–20:00", "zo": "09:00–18:00"}, "latitude": 52.792601, "longitude": 6.93904, "bronId": "255438"}}, {"type": "Feature", "geometry": {"type": "Point", "coordinates": [6.991792, 52.724771]}, "properties": {"type": "inleverpunt", "locatieNaam": "Jumbo", "straatNaam": "Langestraat", "straatNr": "500", "postcode": "7891 AX", "plaats": "Klazienaveen", "merk": "StatiegeldNederland", "puntType": "automaat", "materialen": ["pet-groot", "pet-klein", "blik", "glas", "krat"], "uitbetaling": ["bonnetje", "donatie"], "vrijToegankelijk": true, "gemeenteBeperking": null, "openingstijden": {"ma": "07:30–21:00", "di": "07:30–21:00", "wo": "07:30–21:00", "do": "07:30–21:00", "vr": "07:30–21:00", "za": "07:30–21:00", "zo": "09:00–18:00"}, "latitude": 52.724771, "longitude": 6.991792, "bronId": "255528"}}, {"type": "Feature", "geometry": {"type": "Point", "coordinates": [6.923236, 52.779773]}, "properties": {"type": "inleverpunt", "locatieNaam": "Jumbo", "straatNaam": "Statenweg", "straatNr": "33", "postcode": "7824 CS", "plaats": "Emmen", "merk": "StatiegeldNederland", "puntType": "automaat", "materialen": ["pet-groot", "pet-klein", "blik", "glas", "krat"], "uitbetaling": ["bonnetje", "donatie"], "vrijToegankelijk": true, "gemeenteBeperking": null, "openingstijden": {"ma": "08:00–20:00", "di": "08:00–20:00", "wo": "08:00–20:00", "do": "08:00–20:00", "vr": "08:00–20:00", "za": "08:00–20:00", "zo": "10:00–18:00"}, "latitude": 52.779773, "longitude": 6.923236, "bronId": "255768"}}, {"type": "Feature", "geometry": {"type": "Point", "coordinates": [6.889522, 52.750653]}, "properties": {"type": "inleverpunt", "locatieNaam": "Jumbo", "straatNaam": "Valkenveld", "straatNr": "50", "postcode": "7827 HC", "plaats": "Emmen", "merk": "StatiegeldNederland", "puntType": "automaat", "materialen": ["pet-groot", "pet-klein", "blik", "glas", "krat"], "uitbetaling": ["bonnetje", "donatie"], "vrijToegankelijk": true, "gemeenteBeperking": null, "openingstijden": {"ma": "08:00–21:00", "di": "08:00–21:00", "wo": "08:00–21:00", "do": "08:00–21:00", "vr": "08:00–21:00", "za": "08:00–21:00", "zo": "10:00–18:00"}, "latitude": 52.750653, "longitude": 6.889522, "bronId": "255804"}}, {"type": "Feature", "geometry": {"type": "Point", "coordinates": [6.898426, 52.791939]}, "properties": {"type": "inleverpunt", "locatieNaam": "Jumbo", "straatNaam": "Weerdingerstraat", "straatNr": "232b", "postcode": "7811 CE", "plaats": "Emmen", "merk": "StatiegeldNederland", "puntType": "automaat", "materialen": ["pet-groot", "pet-klein", "blik", "glas", "krat"], "uitbetaling": ["bonnetje", "donatie"], "vrijToegankelijk": true, "gemeenteBeperking": null, "openingstijden": {"ma": "08:00–20:00", "di": "08:00–20:00", "wo": "08:00–20:00", "do": "08:00–21:00", "vr": "08:00–21:00", "za": "08:00–20:00", "zo": "10:00–18:00"}, "latitude": 52.791939, "longitude": 6.898426, "bronId": "255850"}}, {"type": "Feature", "geometry": {"type": "Point", "coordinates": [6.896808, 52.778127]}, "properties": {"type": "inleverpunt", "locatieNaam": "Jumbo", "straatNaam": "Wilhelminastraat", "straatNr": "7", "postcode": "7811 JA", "plaats": "Emmen", "merk": "StatiegeldNederland", "puntType": "automaat", "materialen": ["pet-groot", "pet-klein", "blik", "glas", "krat"], "uitbetaling": ["bonnetje", "donatie"], "vrijToegankelijk": true, "gemeenteBeperking": null, "openingstijden": {"ma": "08:00–20:00", "di": "08:00–20:00", "wo": "08:00–20:00", "do": "08:00–21:00", "vr": "08:00–21:00", "za": "08:00–20:00", "zo": "10:00–18:00"}, "latitude": 52.778127, "longitude": 6.896808, "bronId": "255869"}}, {"type": "Feature", "geometry": {"type": "Point", "coordinates": [6.9201719, 52.7722926]}, "properties": {"type": "inleverpunt", "locatieNaam": "Leger des Heils Emmen", "straatNaam": "Kapitein Nemostraat", "straatNr": "7a", "postcode": "7821 AB", "plaats": "Emmen", "merk": "StatiegeldNederland", "puntType": "automaat", "materialen": ["pet-groot", "pet-klein", "blik", "krat"], "uitbetaling": ["donatie", "tikkie"], "vrijToegankelijk": true, "gemeenteBeperking": null, "openingstijden": {"ma": "09:00–20:00", "di": "09:00–20:00", "wo": "09:00–20:00", "do": "09:00–20:00", "vr": "09:00–20:00", "za": "09:00–17:00", "zo": "10:00–16:00"}, "latitude": 52.7722926, "longitude": 6.9201719, "bronId": "256031"}}, {"type": "Feature", "geometry": {"type": "Point", "coordinates": [6.93704, 52.79229]}, "properties": {"type": "inleverpunt", "locatieNaam": "Lidl", "straatNaam": "Houtweg", "straatNr": "151", "postcode": "7823 PH", "plaats": "Emmen", "merk": "StatiegeldNederland", "puntType": "automaat", "materialen": ["pet-groot", "pet-klein", "blik", "glas", "krat"], "uitbetaling": ["bonnetje", "donatie"], "vrijToegankelijk": true, "gemeenteBeperking": null, "openingstijden": {"ma": "08:00–20:00", "di": "08:00–20:00", "wo": "08:00–20:00", "do": "08:00–21:00", "vr": "08:00–21:00", "za": "08:00–20:00", "zo": "09:00–18:00"}, "latitude": 52.79229, "longitude": 6.93704, "bronId": "256206"}}, {"type": "Feature", "geometry": {"type": "Point", "coordinates": [6.9970992, 52.7241615]}, "properties": {"type": "inleverpunt", "locatieNaam": "Lidl", "straatNaam": "Langestraat", "straatNr": "149", "postcode": "7891 GG", "plaats": "Klazienaveen", "merk": "StatiegeldNederland", "puntType": "automaat", "materialen": ["pet-groot", "pet-klein", "blik", "glas", "krat"], "uitbetaling": ["bonnetje", "donatie"], "vrijToegankelijk": true, "gemeenteBeperking": null, "openingstijden": {"ma": "07:30–21:00", "di": "07:30–21:00", "wo": "07:30–21:00", "do": "07:30–21:00", "vr": "07:30–21:00", "za": "07:30–21:00", "zo": "09:00–18:00"}, "latitude": 52.7241615, "longitude": 6.9970992, "bronId": "256253"}}, {"type": "Feature", "geometry": {"type": "Point", "coordinates": [6.8945644, 52.7755449]}, "properties": {"type": "inleverpunt", "locatieNaam": "Lidl", "straatNaam": "Noorbargerstraat", "straatNr": "19", "postcode": "7811 KE", "plaats": "Emmen", "merk": "StatiegeldNederland", "puntType": "automaat", "materialen": ["pet-groot", "pet-klein", "blik", "glas", "krat"], "uitbetaling": ["bonnetje", "donatie"], "vrijToegankelijk": true, "gemeenteBeperking": null, "openingstijden": {"ma": "08:00–21:00", "di": "08:00–21:00", "wo": "08:00–21:00", "do": "08:00–21:00", "vr": "08:00–21:00", "za": "08:00–21:00", "zo": "10:00–18:00"}, "latitude": 52.7755449, "longitude": 6.8945644, "bronId": "256310"}}, {"type": "Feature", "geometry": {"type": "Point", "coordinates": [6.8901415, 52.7512521]}, "properties": {"type": "inleverpunt", "locatieNaam": "Lidl", "straatNaam": "Valkenveld", "straatNr": "119", "postcode": "7827 HC", "plaats": "Emmen", "merk": "StatiegeldNederland", "puntType": "automaat", "materialen": ["pet-groot", "pet-klein", "blik", "glas", "krat"], "uitbetaling": ["bonnetje", "donatie"], "vrijToegankelijk": true, "gemeenteBeperking": null, "openingstijden": {"ma": "08:00–21:00", "di": "08:00–21:00", "wo": "08:00–21:00", "do": "08:00–21:00", "vr": "08:00–21:00", "za": "08:00–21:00", "zo": "10:00–18:00"}, "latitude": 52.7512521, "longitude": 6.8901415, "bronId": "256424"}}, {"type": "Feature", "geometry": {"type": "Point", "coordinates": [6.861433, 52.7140334]}, "properties": {"type": "inleverpunt", "locatieNaam": "Lidl", "straatNaam": "Zijtak Westzijde", "straatNr": "1", "postcode": "7833 BA", "plaats": "Nieuw Amsterdam", "merk": "StatiegeldNederland", "puntType": "automaat", "materialen": ["pet-groot", "pet-klein", "blik", "glas", "krat"], "uitbetaling": ["bonnetje", "donatie"], "vrijToegankelijk": true, "gemeenteBeperking": null, "openingstijden": {"ma": "07:30–21:00", "di": "07:30–21:00", "wo": "07:30–21:00", "do": "07:30–21:00", "vr": "07:30–21:00", "za": "07:30–21:00", "zo": "10:00–18:00"}, "latitude": 52.7140334, "longitude": 6.861433, "bronId": "256476"}}, {"type": "Feature", "geometry": {"type": "Point", "coordinates": [6.8938491, 52.7816771]}, "properties": {"type": "inleverpunt", "locatieNaam": "Medikamente die Grenze", "straatNaam": "Baander", "straatNr": "161", "postcode": "7811 HT", "plaats": "Emmen", "merk": "StatiegeldNederland", "puntType": "automaat", "materialen": ["pet-groot", "pet-klein", "blik"], "uitbetaling": ["bonnetje"], "vrijToegankelijk": true, "gemeenteBeperking": null, "openingstijden": null, "latitude": 52.7816771, "longitude": 6.8938491, "bronId": "256700"}}, {"type": "Feature", "geometry": {"type": "Point", "coordinates": [6.9204945, 52.7800414]}, "properties": {"type": "inleverpunt", "locatieNaam": "Medikamente die Grenze", "straatNaam": "Landschaplaan 66", "straatNr": "67", "postcode": "7824 BL", "plaats": "Emmen", "merk": "StatiegeldNederland", "puntType": "automaat", "materialen": ["pet-groot", "pet-klein", "blik"], "uitbetaling": ["bonnetje"], "vrijToegankelijk": true, "gemeenteBeperking": null, "openingstijden": {"ma": "09:00–18:15", "di": "09:00–18:15", "wo": "09:00–18:15", "do": "09:00–18:15", "vr": "09:00–18:15", "za": "09:00–17:30", "zo": "Gesloten"}, "latitude": 52.7800414, "longitude": 6.9204945, "bronId": "256724"}}, {"type": "Feature", "geometry": {"type": "Point", "coordinates": [6.9930338, 52.7243054]}, "properties": {"type": "inleverpunt", "locatieNaam": "Medikamente die Grenze", "straatNaam": "Langestraat", "straatNr": "132c", "postcode": "7891 GJ", "plaats": "Klazienaveen", "merk": "StatiegeldNederland", "puntType": "automaat", "materialen": ["pet-groot", "pet-klein", "blik"], "uitbetaling": ["bonnetje"], "vrijToegankelijk": true, "gemeenteBeperking": null, "openingstijden": null, "latitude": 52.7243054, "longitude": 6.9930338, "bronId": "256726"}}, {"type": "Feature", "geometry": {"type": "Point", "coordinates": [6.947795, 52.777659]}, "properties": {"type": "inleverpunt", "locatieNaam": "Mixed Hockey Club Emmen", "straatNaam": "Ulevi", "straatNr": "36", "postcode": "7825 SE", "plaats": "Emmen", "merk": "StatiegeldNederland", "puntType": "balie", "materialen": ["pet-groot", "pet-klein", "blik"], "uitbetaling": [], "vrijToegankelijk": false, "gemeenteBeperking": null, "openingstijden": {"ma": "16:00–22:00", "di": "16:00–22:00", "wo": "16:00–22:00", "do": "16:00–22:00", "vr": "16:30–22:00", "za": "09:00–17:00", "zo": "10:00–17:00"}, "latitude": 52.777659, "longitude": 6.947795, "bronId": "256786"}}, {"type": "Feature", "geometry": {"type": "Point", "coordinates": [6.8864947, 52.7641099]}, "properties": {"type": "inleverpunt", "locatieNaam": "Nettorama", "straatNaam": "Alerderbrink", "straatNr": "8", "postcode": "7812 RT", "plaats": "Emmen", "merk": "StatiegeldNederland", "puntType": "automaat", "materialen": ["pet-groot", "pet-klein", "blik", "glas", "krat"], "uitbetaling": ["bonnetje"], "vrijToegankelijk": true, "gemeenteBeperking": null, "openingstijden": {"ma": "08:00–20:00", "di": "08:00–20:00", "wo": "08:00–20:00", "do": "08:00–20:00", "vr": "08:00–20:00", "za": "08:00–20:00", "zo": "10:00–18:00"}, "latitude": 52.7641099, "longitude": 6.8864947, "bronId": "256840"}}, {"type": "Feature", "geometry": {"type": "Point", "coordinates": [6.9963685, 52.7242255]}, "properties": {"type": "inleverpunt", "locatieNaam": "Nettorama", "straatNaam": "Langestraat", "straatNr": "148", "postcode": "7891 GK", "plaats": "Klazienaveen", "merk": "StatiegeldNederland", "puntType": "automaat", "materialen": ["pet-groot", "pet-klein", "blik", "glas", "krat"], "uitbetaling": ["bonnetje"], "vrijToegankelijk": true, "gemeenteBeperking": null, "openingstijden": {"ma": "07:30–21:00", "di": "07:30–21:00", "wo": "07:30–21:00", "do": "07:30–21:00", "vr": "07:30–21:00", "za": "07:30–21:00", "zo": "09:00–18:00"}, "latitude": 52.7242255, "longitude": 6.9963685, "bronId": "256885"}}, {"type": "Feature", "geometry": {"type": "Point", "coordinates": [6.89629, 52.776268]}, "properties": {"type": "inleverpunt", "locatieNaam": "Nettorama", "straatNaam": "Noordbargerstraat", "straatNr": "5", "postcode": "7811 KE", "plaats": "Emmen", "merk": "StatiegeldNederland", "puntType": "automaat", "materialen": ["pet-groot", "pet-klein", "blik", "glas", "krat"], "uitbetaling": ["bonnetje"], "vrijToegankelijk": true, "gemeenteBeperking": null, "openingstijden": {"ma": "08:00–20:00", "di": "08:00–20:00", "wo": "08:00–20:00", "do": "08:00–20:00", "vr": "08:00–20:00", "za": "08:00–20:00", "zo": "10:00–18:00"}, "latitude": 52.776268, "longitude": 6.89629, "bronId": "256895"}}, {"type": "Feature", "geometry": {"type": "Point", "coordinates": [7.0436329, 52.8116717]}, "properties": {"type": "inleverpunt", "locatieNaam": "Nettorama", "straatNaam": "Runde Noordzijde", "straatNr": "101", "postcode": "7881 JL", "plaats": "Emmercompascuum", "merk": "StatiegeldNederland", "puntType": "automaat", "materialen": ["pet-groot", "pet-klein", "blik", "glas", "krat"], "uitbetaling": ["bonnetje"], "vrijToegankelijk": true, "gemeenteBeperking": null, "openingstijden": {"ma": "08:00–21:00", "di": "08:00–21:00", "wo": "08:00–21:00", "do": "08:00–21:00", "vr": "08:00–21:00", "za": "08:00–21:00", "zo": "10:00–18:00"}, "latitude": 52.8116717, "longitude": 7.0436329, "bronId": "256908"}}, {"type": "Feature", "geometry": {"type": "Point", "coordinates": [6.8930938, 52.6613558]}, "properties": {"type": "inleverpunt", "locatieNaam": "Petanque Club Schoonebeek", "straatNaam": "De Kampen", "straatNr": "20", "postcode": "7761 CK", "plaats": "Schoonebeek", "merk": "StatiegeldNederland", "puntType": "balie", "materialen": ["pet-groot", "pet-klein", "blik"], "uitbetaling": [], "vrijToegankelijk": false, "gemeenteBeperking": null, "openingstijden": {"ma": "Gesloten", "di": "19:00–22:00", "wo": "Gesloten", "do": "19:00–22:00", "vr": "Gesloten", "za": "Gesloten", "zo": "Gesloten"}, "latitude": 52.6613558, "longitude": 6.8930938, "bronId": "257165"}}, {"type": "Feature", "geometry": {"type": "Point", "coordinates": [6.8806308, 52.662949]}, "properties": {"type": "inleverpunt", "locatieNaam": "Plus", "straatNaam": "Europaweg 131 /", "straatNr": "14", "postcode": "7761 AC", "plaats": "Schoonebeek", "merk": "StatiegeldNederland", "puntType": "automaat", "materialen": ["pet-groot", "pet-klein", "blik", "glas", "krat"], "uitbetaling": ["bonnetje", "donatie"], "vrijToegankelijk": true, "gemeenteBeperking": null, "openingstijden": {"ma": "07:00–20:00", "di": "07:00–20:00", "wo": "07:00–20:00", "do": "07:00–20:00", "vr": "07:00–20:00", "za": "07:00–20:00", "zo": "09:00–18:00"}, "latitude": 52.662949, "longitude": 6.8806308, "bronId": "257302"}}, {"type": "Feature", "geometry": {"type": "Point", "coordinates": [6.926254, 52.711232]}, "properties": {"type": "inleverpunt", "locatieNaam": "Plus", "straatNaam": "Havenstraat", "straatNr": "22", "postcode": "7887 BP", "plaats": "Erica", "merk": "StatiegeldNederland", "puntType": "automaat", "materialen": ["pet-groot", "pet-klein", "blik", "glas", "krat"], "uitbetaling": ["bonnetje"], "vrijToegankelijk": true, "gemeenteBeperking": null, "openingstijden": {"ma": "08:00–20:00", "di": "08:00–20:00", "wo": "08:00–20:00", "do": "08:00–20:00", "vr": "08:00–20:00", "za": "08:00–20:00", "zo": "10:00–17:00"}, "latitude": 52.711232, "longitude": 6.926254, "bronId": "257329"}}, {"type": "Feature", "geometry": {"type": "Point", "coordinates": [6.8948973, 52.7978644]}, "properties": {"type": "inleverpunt", "locatieNaam": "Plus", "straatNaam": "Middenhaag", "straatNr": "7", "postcode": "7815 LB", "plaats": "Emmen", "merk": "StatiegeldNederland", "puntType": "automaat", "materialen": ["pet-groot", "pet-klein", "blik", "glas", "krat"], "uitbetaling": ["bonnetje"], "vrijToegankelijk": true, "gemeenteBeperking": null, "openingstijden": {"ma": "08:00–20:00", "di": "08:00–20:00", "wo": "08:00–20:00", "do": "08:00–20:00", "vr": "08:00–20:00", "za": "08:00–20:00", "zo": "10:00–18:00"}, "latitude": 52.7978644, "longitude": 6.8948973, "bronId": "257426"}}, {"type": "Feature", "geometry": {"type": "Point", "coordinates": [6.9943046, 52.7233261]}, "properties": {"type": "inleverpunt", "locatieNaam": "Plus", "straatNaam": "Pastoor Jongeriusstraat", "straatNr": "21", "postcode": "7891 KM", "plaats": "Klazienaveen", "merk": "StatiegeldNederland", "puntType": "automaat", "materialen": ["pet-groot", "pet-klein", "blik", "glas", "krat"], "uitbetaling": ["bonnetje"], "vrijToegankelijk": true, "gemeenteBeperking": null, "openingstijden": {"ma": "07:30–21:00", "di": "07:30–21:00", "wo": "07:30–21:00", "do": "07:30–21:00", "vr": "07:30–21:00", "za": "07:30–21:00", "zo": "09:00–18:00"}, "latitude": 52.7233261, "longitude": 6.9943046, "bronId": "257471"}}, {"type": "Feature", "geometry": {"type": "Point", "coordinates": [6.9045064, 52.7301638]}, "properties": {"type": "inleverpunt", "locatieNaam": "Plus", "straatNaam": "Sandurdreef", "straatNr": "5", "postcode": "7828 AA", "plaats": "Emmen", "merk": "StatiegeldNederland", "puntType": "automaat", "materialen": ["pet-groot", "pet-klein", "blik", "glas", "krat"], "uitbetaling": ["bonnetje", "donatie"], "vrijToegankelijk": true, "gemeenteBeperking": null, "openingstijden": {"ma": "08:00–20:00", "di": "08:00–16:00", "wo": "08:00–16:00", "do": "08:00–16:00", "vr": "08:00–20:00", "za": "08:00–17:00", "zo": "08:00–17:00"}, "latitude": 52.7301638, "longitude": 6.9045064, "bronId": "257513"}}, {"type": "Feature", "geometry": {"type": "Point", "coordinates": [6.8530665, 52.7154523]}, "properties": {"type": "inleverpunt", "locatieNaam": "Plus", "straatNaam": "Vaart Zuidzijde", "straatNr": "10", "postcode": "7833 AA", "plaats": "Nieuw Amsterdam", "merk": "StatiegeldNederland", "puntType": "automaat", "materialen": ["pet-groot", "pet-klein", "blik", "glas", "krat"], "uitbetaling": ["bonnetje"], "vrijToegankelijk": true, "gemeenteBeperking": null, "openingstijden": {"ma": "08:00–20:00", "di": "08:00–20:00", "wo": "08:00–20:00", "do": "08:00–20:00", "vr": "08:00–20:00", "za": "08:00–20:00", "zo": "10:00–17:00"}, "latitude": 52.7154523, "longitude": 6.8530665, "bronId": "257554"}}, {"type": "Feature", "geometry": {"type": "Point", "coordinates": [6.8942568, 52.659872]}, "properties": {"type": "inleverpunt", "locatieNaam": "Schoonebeekse Voetbal Ver. 04", "straatNaam": "De Kampen", "straatNr": "18", "postcode": "7761 CK", "plaats": "Schoonebeek", "merk": "StatiegeldNederland", "puntType": "balie", "materialen": ["pet-groot", "pet-klein", "blik"], "uitbetaling": [], "vrijToegankelijk": false, "gemeenteBeperking": null, "openingstijden": null, "latitude": 52.659872, "longitude": 6.8942568, "bronId": "257982"}}, {"type": "Feature", "geometry": {"type": "Point", "coordinates": [6.9804628, 52.7329095]}, "properties": {"type": "inleverpunt", "locatieNaam": "Shell", "straatNaam": "Pollux", "straatNr": "1", "postcode": "7891 VA", "plaats": "Klazienaveen", "merk": "StatiegeldNederland", "puntType": "balie", "materialen": ["pet-groot", "pet-klein", "blik"], "uitbetaling": [], "vrijToegankelijk": true, "gemeenteBeperking": null, "openingstijden": {"ma": "24 uur geopend", "di": "24 uur geopend", "wo": "24 uur geopend", "do": "24 uur geopend", "vr": "24 uur geopend", "za": "24 uur geopend", "zo": "24 uur geopend"}, "latitude": 52.7329095, "longitude": 6.9804628, "bronId": "258142"}}, {"type": "Feature", "geometry": {"type": "Point", "coordinates": [7.0394934, 52.7219874]}, "properties": {"type": "inleverpunt", "locatieNaam": "Spar", "straatNaam": "KLEMSTROOK", "straatNr": "2A", "postcode": "7894 CN", "plaats": "Zwartemeer", "merk": "StatiegeldNederland", "puntType": "balie", "materialen": ["pet-groot", "pet-klein", "blik"], "uitbetaling": [], "vrijToegankelijk": true, "gemeenteBeperking": null, "openingstijden": {"ma": "08:00–20:00", "di": "08:00–20:00", "wo": "08:00–20:00", "do": "08:00–20:00", "vr": "08:00–20:00", "za": "08:00–19:00", "zo": "09:00–17:00"}, "latitude": 52.7219874, "longitude": 7.0394934, "bronId": "258396"}}, {"type": "Feature", "geometry": {"type": "Point", "coordinates": [6.9205556, 52.7152778]}, "properties": {"type": "inleverpunt", "locatieNaam": "Sportclub Erica", "straatNaam": "Kalffstraat", "straatNr": "84", "postcode": "7887 AJ", "plaats": "Erica", "merk": "StatiegeldNederland", "puntType": "balie", "materialen": ["pet-groot", "pet-klein", "blik"], "uitbetaling": [], "vrijToegankelijk": false, "gemeenteBeperking": null, "openingstijden": {"ma": "19:00–23:00", "di": "19:00–23:00", "wo": "19:30–22:30", "do": "19:00–23:00", "vr": "19:00–23:00", "za": "08:00–19:00", "zo": "08:30–19:00"}, "latitude": 52.7152778, "longitude": 6.9205556, "bronId": "258628"}}, {"type": "Feature", "geometry": {"type": "Point", "coordinates": [6.956603, 52.772375]}, "properties": {"type": "inleverpunt", "locatieNaam": "Supermarkt Schijff", "straatNaam": "SPLITTING", "straatNr": "156", "postcode": "7826 CT", "plaats": "Emmen", "merk": "StatiegeldNederland", "puntType": "balie", "materialen": ["pet-groot", "pet-klein", "blik"], "uitbetaling": [], "vrijToegankelijk": true, "gemeenteBeperking": null, "openingstijden": null, "latitude": 52.772375, "longitude": 6.956603, "bronId": "258779"}}, {"type": "Feature", "geometry": {"type": "Point", "coordinates": [6.9866084, 52.8575382]}, "properties": {"type": "inleverpunt", "locatieNaam": "Supermarkt Van Klinken Nieuw Weerdinge", "straatNaam": "Weerdingerkanaal Nz", "straatNr": "162", "postcode": "7831 HL", "plaats": "Nieuw Weerdinge", "merk": "StatiegeldNederland", "puntType": "automaat", "materialen": ["pet-groot", "pet-klein", "blik"], "uitbetaling": ["bonnetje", "donatie", "tikkie"], "vrijToegankelijk": true, "gemeenteBeperking": null, "openingstijden": null, "latitude": 52.8575382, "longitude": 6.9866084, "bronId": "258787"}}, {"type": "Feature", "geometry": {"type": "Point", "coordinates": [6.894, 52.7649867]}, "properties": {"type": "inleverpunt", "locatieNaam": "ViaTim", "straatNaam": "Balingerbrink", "straatNr": "67", "postcode": "7812 SC", "plaats": "Emmen", "merk": "StatiegeldNederland", "puntType": "balie", "materialen": ["pet-groot", "pet-klein", "blik"], "uitbetaling": ["tikkie"], "vrijToegankelijk": true, "gemeenteBeperking": null, "openingstijden": null, "latitude": 52.7649867, "longitude": 6.894, "bronId": "259216"}}, {"type": "Feature", "geometry": {"type": "Point", "coordinates": [6.9408923, 52.7838251]}, "properties": {"type": "inleverpunt", "locatieNaam": "ViaTim", "straatNaam": "Boerschaplaan", "straatNr": "96", "postcode": "7824 NG", "plaats": "Emmen", "merk": "StatiegeldNederland", "puntType": "balie", "materialen": ["pet-groot", "pet-klein", "blik"], "uitbetaling": ["tikkie"], "vrijToegankelijk": true, "gemeenteBeperking": null, "openingstijden": {"ma": "15:00–21:00", "di": "15:00–21:00", "wo": "15:00–21:00", "do": "15:00–21:00", "vr": "15:00–21:00", "za": "Gesloten", "zo": "Gesloten"}, "latitude": 52.7838251, "longitude": 6.9408923, "bronId": "259226"}}, {"type": "Feature", "geometry": {"type": "Point", "coordinates": [6.8904399, 52.7462106]}, "properties": {"type": "inleverpunt", "locatieNaam": "ViaTim", "straatNaam": "Bonte Kraai", "straatNr": "33", "postcode": "7827 JB", "plaats": "Emmen", "merk": "StatiegeldNederland", "puntType": "balie", "materialen": ["pet-groot", "pet-klein", "blik"], "uitbetaling": ["tikkie"], "vrijToegankelijk": true, "gemeenteBeperking": null, "openingstijden": null, "latitude": 52.7462106, "longitude": 6.8904399, "bronId": "259227"}}, {"type": "Feature", "geometry": {"type": "Point", "coordinates": [6.9032895, 52.7775899]}, "properties": {"type": "inleverpunt", "locatieNaam": "ViaTim", "straatNaam": "Het Meerveld", "straatNr": "57", "postcode": "7822 JM", "plaats": "Emmen", "merk": "StatiegeldNederland", "puntType": "balie", "materialen": ["pet-groot", "pet-klein", "blik"], "uitbetaling": ["tikkie"], "vrijToegankelijk": true, "gemeenteBeperking": null, "openingstijden": null, "latitude": 52.7775899, "longitude": 6.9032895, "bronId": "259317"}}, {"type": "Feature", "geometry": {"type": "Point", "coordinates": [6.9004014, 52.7854779]}, "properties": {"type": "inleverpunt", "locatieNaam": "ViaTim", "straatNaam": "Minister Kanstraat", "straatNr": "62", "postcode": "7811 GR", "plaats": "Emmen", "merk": "StatiegeldNederland", "puntType": "balie", "materialen": ["pet-groot", "pet-klein", "blik"], "uitbetaling": ["tikkie"], "vrijToegankelijk": true, "gemeenteBeperking": null, "openingstijden": null, "latitude": 52.7854779, "longitude": 6.9004014, "bronId": "259413"}}, {"type": "Feature", "geometry": {"type": "Point", "coordinates": [6.9233627, 52.7712397]}, "properties": {"type": "inleverpunt", "locatieNaam": "ViaTim", "straatNaam": "Phileas Foggstraat", "straatNr": "3C", "postcode": "7821 AJ", "plaats": "Emmen", "merk": "StatiegeldNederland", "puntType": "balie", "materialen": ["pet-groot", "pet-klein", "blik"], "uitbetaling": ["tikkie"], "vrijToegankelijk": true, "gemeenteBeperking": null, "openingstijden": {"ma": "09:00–20:00", "di": "09:00–20:00", "wo": "09:00–20:00", "do": "09:00–20:00", "vr": "09:00–20:00", "za": "Gesloten", "zo": "Gesloten"}, "latitude": 52.7712397, "longitude": 6.9233627, "bronId": "259447"}}, {"type": "Feature", "geometry": {"type": "Point", "coordinates": [6.8812817, 52.7630729]}, "properties": {"type": "inleverpunt", "locatieNaam": "ViaTim", "straatNaam": "Rolderbrink", "straatNr": "99", "postcode": "7812 PC", "plaats": "Emmen", "merk": "StatiegeldNederland", "puntType": "balie", "materialen": ["pet-groot", "pet-klein", "blik"], "uitbetaling": ["tikkie"], "vrijToegankelijk": true, "gemeenteBeperking": null, "openingstijden": {"ma": "16:00–21:00", "di": "16:00–21:00", "wo": "16:00–21:00", "do": "16:00–21:00", "vr": "16:00–21:00", "za": "Gesloten", "zo": "Gesloten"}, "latitude": 52.7630729, "longitude": 6.8812817, "bronId": "259468"}}, {"type": "Feature", "geometry": {"type": "Point", "coordinates": [6.8981809, 52.7985554]}, "properties": {"type": "inleverpunt", "locatieNaam": "ViaTim", "straatNaam": "Warmeerweg", "straatNr": "40A", "postcode": "7815 HH", "plaats": "Emmen", "merk": "StatiegeldNederland", "puntType": "balie", "materialen": ["pet-groot", "pet-klein", "blik"], "uitbetaling": ["tikkie"], "vrijToegankelijk": true, "gemeenteBeperking": null, "openingstijden": {"ma": "13:00–21:00", "di": "13:00–21:00", "wo": "13:00–21:00", "do": "13:00–21:00", "vr": "13:00–21:00", "za": "15:00–21:00", "zo": "Gesloten"}, "latitude": 52.7985554, "longitude": 6.8981809, "bronId": "259525"}}, {"type": "Feature", "geometry": {"type": "Point", "coordinates": [6.9834573, 52.8581521]}, "properties": {"type": "inleverpunt", "locatieNaam": "Voetbal Vereniging Nwvv", "straatNaam": "Weerdingerkanaal noordzijde", "straatNr": "144", "postcode": "7831 HK", "plaats": "Nieuw Weerdinge", "merk": "StatiegeldNederland", "puntType": "balie", "materialen": ["pet-groot", "pet-klein", "blik"], "uitbetaling": [], "vrijToegankelijk": false, "gemeenteBeperking": null, "openingstijden": null, "latitude": 52.8581521, "longitude": 6.9834573, "bronId": "259562"}}, {"type": "Feature", "geometry": {"type": "Point", "coordinates": [6.8635825, 52.6933271]}, "properties": {"type": "inleverpunt", "locatieNaam": "Voetbalver. Zandpol Vvzandpol", "straatNaam": "Zandpolstraat", "straatNr": "21", "postcode": "7764 AK", "plaats": "Zandpol", "merk": "StatiegeldNederland", "puntType": "balie", "materialen": ["pet-groot", "pet-klein", "blik"], "uitbetaling": [], "vrijToegankelijk": false, "gemeenteBeperking": null, "openingstijden": null, "latitude": 52.6933271, "longitude": 6.8635825, "bronId": "259571"}}, {"type": "Feature", "geometry": {"type": "Point", "coordinates": [6.923436, 52.818428]}, "properties": {"type": "inleverpunt", "locatieNaam": "Voetbalvereniging Weerdinge", "straatNaam": "IJsspoorweg", "straatNr": "1", "postcode": "7814 PK", "plaats": "Emmen", "merk": "StatiegeldNederland", "puntType": "balie", "materialen": ["pet-groot", "pet-klein", "blik"], "uitbetaling": [], "vrijToegankelijk": false, "gemeenteBeperking": null, "openingstijden": null, "latitude": 52.818428, "longitude": 6.923436, "bronId": "259618"}}, {"type": "Feature", "geometry": {"type": "Point", "coordinates": [6.9094611, 52.7840902]}, "properties": {"type": "inleverpunt", "locatieNaam": "Volleybalvereniging Emmen 95", "straatNaam": "Oosterstraat", "straatNr": "78", "postcode": "7822 HG", "plaats": "Emmen", "merk": "StatiegeldNederland", "puntType": "balie", "materialen": ["pet-groot", "pet-klein", "blik"], "uitbetaling": [], "vrijToegankelijk": false, "gemeenteBeperking": null, "openingstijden": {"ma": "08:00–19:30", "di": "08:00–19:30", "wo": "08:00–19:30", "do": "08:00–19:30", "vr": "08:00–19:30", "za": "Gesloten", "zo": "Gesloten"}, "latitude": 52.7840902, "longitude": 6.9094611, "bronId": "259631"}}, {"type": "Feature", "geometry": {"type": "Point", "coordinates": [6.8937612, 52.6603222]}, "properties": {"type": "inleverpunt", "locatieNaam": "Volleybalvereniging Thriantha", "straatNaam": "De Kampen", "straatNr": "18", "postcode": "7761 AJ", "plaats": "Schoonebeek", "merk": "StatiegeldNederland", "puntType": "balie", "materialen": ["pet-groot", "pet-klein", "blik"], "uitbetaling": [], "vrijToegankelijk": false, "gemeenteBeperking": null, "openingstijden": null, "latitude": 52.6603222, "longitude": 6.8937612, "bronId": "259633"}}, {"type": "Feature", "geometry": {"type": "Point", "coordinates": [6.8930619, 52.7844465]}, "properties": {"type": "inleverpunt", "locatieNaam": "Wildlands ZOO Emmen", "straatNaam": "Raadhuisplein", "straatNr": "99", "postcode": "7811 AP", "plaats": "Emmen", "merk": "StatiegeldNederland", "puntType": "automaat", "materialen": ["pet-groot", "pet-klein", "blik"], "uitbetaling": ["bonnetje"], "vrijToegankelijk": true, "gemeenteBeperking": null, "openingstijden": null, "latitude": 52.7844465, "longitude": 6.8930619, "bronId": "259871"}}, {"type": "Feature", "geometry": {"type": "Point", "coordinates": [6.881013, 52.663142]}, "properties": {"type": "inleverpunt", "locatieNaam": "Coop Schoonebeek", "straatNaam": "Europaweg", "straatNr": "13114", "postcode": "7761 AC", "plaats": "Schoonebeek", "merk": "StichtingOPEN", "puntType": "balie", "materialen": ["batterijen"], "uitbetaling": [], "vrijToegankelijk": false, "gemeenteBeperking": null, "openingstijden": null, "latitude": 52.663142, "longitude": 6.881013, "bronId": "SP00024374"}}, {"type": "Feature", "geometry": {"type": "Point", "coordinates": [6.848734, 52.716197]}, "properties": {"type": "inleverpunt", "locatieNaam": "Bosman Installatietechniek", "straatNaam": "Van Goghstraat", "straatNr": "7", "postcode": "7844 NP", "plaats": "Veenoord", "merk": "StichtingOPEN", "puntType": "balie", "materialen": ["batterijen", "elektro-groot", "elektro-klein", "elektro-middel", "lampen", "tl-buizen"], "uitbetaling": [], "vrijToegankelijk": false, "gemeenteBeperking": null, "openingstijden": null, "latitude": 52.716197, "longitude": 6.848734, "bronId": "SP00002214"}}, {"type": "Feature", "geometry": {"type": "Point", "coordinates": [6.852461, 52.715873]}, "properties": {"type": "inleverpunt", "locatieNaam": "Coop Nieuw-Amsterdam", "straatNaam": "Vaart ZZ", "straatNr": "10", "postcode": "7833 AA", "plaats": "Nieuw-Amsterdam", "merk": "StichtingOPEN", "puntType": "balie", "materialen": ["batterijen", "lampen"], "uitbetaling": [], "vrijToegankelijk": false, "gemeenteBeperking": null, "openingstijden": null, "latitude": 52.715873, "longitude": 6.852461, "bronId": "SP00024381"}}, {"type": "Feature", "geometry": {"type": "Point", "coordinates": [6.850124, 52.718477]}, "properties": {"type": "inleverpunt", "locatieNaam": "65130 Hubo Nieuw Amsterdam", "straatNaam": "Veilingstraat", "straatNr": "36", "postcode": "7833 HN", "plaats": "Nieuw-Amsterdam", "merk": "StichtingOPEN", "puntType": "balie", "materialen": ["elektro-middel", "lampen", "tl-buizen"], "uitbetaling": [], "vrijToegankelijk": false, "gemeenteBeperking": null, "openingstijden": null, "latitude": 52.718477, "longitude": 6.850124, "bronId": "SP00007928"}}, {"type": "Feature", "geometry": {"type": "Point", "coordinates": [6.847436, 52.721656]}, "properties": {"type": "inleverpunt", "locatieNaam": "St. Kringloop Het Tweespan", "straatNaam": "Industrieweg", "straatNr": "19", "postcode": "7844 NV", "plaats": "Veenoord", "merk": "StichtingOPEN", "puntType": "balie", "materialen": ["elektro-groot", "elektro-klein", "elektro-middel"], "uitbetaling": [], "vrijToegankelijk": false, "gemeenteBeperking": null, "openingstijden": null, "latitude": 52.721656, "longitude": 6.847436, "bronId": "SP00028678"}}, {"type": "Feature", "geometry": {"type": "Point", "coordinates": [6.856992, 52.714847]}, "properties": {"type": "inleverpunt", "locatieNaam": "Aldi Nieuw-Amsterdam", "straatNaam": "Vaart Zuidzijde", "straatNr": "49", "postcode": "7833 AC", "plaats": "Nieuw-Amsterdam", "merk": "StichtingOPEN", "puntType": "balie", "materialen": ["batterijen", "elektro-klein", "lampen"], "uitbetaling": [], "vrijToegankelijk": false, "gemeenteBeperking": null, "openingstijden": null, "latitude": 52.714847, "longitude": 6.856992, "bronId": "SP00027019"}}, {"type": "Feature", "geometry": {"type": "Point", "coordinates": [6.85736, 52.714544]}, "properties": {"type": "inleverpunt", "locatieNaam": "4052 Albert Heijn Nieuw-Amsterdam", "straatNaam": "Vaart ZZ", "straatNr": "50", "postcode": "7833 AC", "plaats": "Nieuw-Amsterdam", "merk": "StichtingOPEN", "puntType": "balie", "materialen": ["batterijen", "elektro-klein", "lampen"], "uitbetaling": [], "vrijToegankelijk": false, "gemeenteBeperking": null, "openingstijden": null, "latitude": 52.714544, "longitude": 6.85736, "bronId": "SP00023150"}}, {"type": "Feature", "geometry": {"type": "Point", "coordinates": [6.8581, 52.71516]}, "properties": {"type": "inleverpunt", "locatieNaam": "Kruidvat Nieuw-Amsterdam", "straatNaam": "Vaart ZZ", "straatNr": "54b", "postcode": "7833 AC", "plaats": "Nieuw-Amsterdam", "merk": "StichtingOPEN", "puntType": "balie", "materialen": ["batterijen", "lampen"], "uitbetaling": [], "vrijToegankelijk": false, "gemeenteBeperking": null, "openingstijden": null, "latitude": 52.71516, "longitude": 6.8581, "bronId": "SP00029658"}}, {"type": "Feature", "geometry": {"type": "Point", "coordinates": [6.861904, 52.714327]}, "properties": {"type": "inleverpunt", "locatieNaam": "Lidl Nieuw-Amsterdam", "straatNaam": "Zijtak WZ", "straatNr": "1", "postcode": "7833 BA", "plaats": "Nieuw-Amsterdam", "merk": "StichtingOPEN", "puntType": "balie", "materialen": ["batterijen", "lampen"], "uitbetaling": [], "vrijToegankelijk": false, "gemeenteBeperking": null, "openingstijden": null, "latitude": 52.714327, "longitude": 6.861904, "bronId": "SP00029965"}}, {"type": "Feature", "geometry": {"type": "Point", "coordinates": [6.904593, 52.72987]}, "properties": {"type": "inleverpunt", "locatieNaam": "PLUS Emmen", "straatNaam": "Sandurdreef", "straatNr": "1", "postcode": "7828 AA", "plaats": "Emmen", "merk": "StichtingOPEN", "puntType": "balie", "materialen": ["batterijen", "lampen"], "uitbetaling": [], "vrijToegankelijk": false, "gemeenteBeperking": null, "openingstijden": null, "latitude": 52.72987, "longitude": 6.904593, "bronId": "SP00024172"}}, {"type": "Feature", "geometry": {"type": "Point", "coordinates": [6.928787, 52.709238]}, "properties": {"type": "inleverpunt", "locatieNaam": "Hubo Prins", "straatNaam": "Verlengde Vaart ZZ", "straatNr": "92", "postcode": "7887 EP", "plaats": "Erica", "merk": "StichtingOPEN", "puntType": "balie", "materialen": ["elektro-middel", "lampen", "tl-buizen"], "uitbetaling": [], "vrijToegankelijk": false, "gemeenteBeperking": null, "openingstijden": null, "latitude": 52.709238, "longitude": 6.928787, "bronId": "SP00005256"}}, {"type": "Feature", "geometry": {"type": "Point", "coordinates": [6.889538, 52.750654]}, "properties": {"type": "inleverpunt", "locatieNaam": "Jumbo Emmen", "straatNaam": "Valkenveld", "straatNr": "50", "postcode": "7827 HC", "plaats": "Emmen", "merk": "StichtingOPEN", "puntType": "balie", "materialen": ["batterijen", "lampen"], "uitbetaling": [], "vrijToegankelijk": false, "gemeenteBeperking": null, "openingstijden": null, "latitude": 52.750654, "longitude": 6.889538, "bronId": "SP00025479"}}, {"type": "Feature", "geometry": {"type": "Point", "coordinates": [6.890162, 52.751305]}, "properties": {"type": "inleverpunt", "locatieNaam": "Lidl Emmen", "straatNaam": "Valkenveld", "straatNr": "119", "postcode": "7827 HD", "plaats": "Emmen", "merk": "StichtingOPEN", "puntType": "balie", "materialen": ["batterijen", "lampen"], "uitbetaling": [], "vrijToegankelijk": false, "gemeenteBeperking": null, "openingstijden": null, "latitude": 52.751305, "longitude": 6.890162, "bronId": "SP00025687"}}, {"type": "Feature", "geometry": {"type": "Point", "coordinates": [6.886513, 52.764012]}, "properties": {"type": "inleverpunt", "locatieNaam": "Boni Emmen", "straatNaam": "Alerderbrink", "straatNr": "8", "postcode": "7812 RT", "plaats": "Emmen", "merk": "StichtingOPEN", "puntType": "balie", "materialen": ["batterijen", "lampen"], "uitbetaling": [], "vrijToegankelijk": false, "gemeenteBeperking": null, "openingstijden": null, "latitude": 52.764012, "longitude": 6.886513, "bronId": "SP00023723"}}, {"type": "Feature", "geometry": {"type": "Point", "coordinates": [6.886331, 52.764463]}, "properties": {"type": "inleverpunt", "locatieNaam": "Kruidvat Emmen", "straatNaam": "Alerderbrink", "straatNr": "20", "postcode": "7812 RV", "plaats": "Emmen", "merk": "StichtingOPEN", "puntType": "balie", "materialen": ["batterijen", "lampen"], "uitbetaling": [], "vrijToegankelijk": false, "gemeenteBeperking": null, "openingstijden": null, "latitude": 52.764463, "longitude": 6.886331, "bronId": "SP00024802"}}, {"type": "Feature", "geometry": {"type": "Point", "coordinates": [6.898661, 52.764548]}, "properties": {"type": "inleverpunt", "locatieNaam": "KARWEI Emmen", "straatNaam": "Nijbracht", "straatNr": "55", "postcode": "7821 CB", "plaats": "Emmen", "merk": "StichtingOPEN", "puntType": "balie", "materialen": ["elektro-middel", "lampen", "tl-buizen"], "uitbetaling": [], "vrijToegankelijk": false, "gemeenteBeperking": null, "openingstijden": null, "latitude": 52.764548, "longitude": 6.898661, "bronId": "SP00003672"}}, {"type": "Feature", "geometry": {"type": "Point", "coordinates": [6.900288, 52.763469]}, "properties": {"type": "inleverpunt", "locatieNaam": "Praxis Emmen (Nijbracht) - 2023", "straatNaam": "Nijbracht", "straatNr": "53", "postcode": "7821 CB", "plaats": "Emmen", "merk": "StichtingOPEN", "puntType": "balie", "materialen": ["elektro-middel", "lampen", "tl-buizen"], "uitbetaling": [], "vrijToegankelijk": false, "gemeenteBeperking": null, "openingstijden": null, "latitude": 52.763469, "longitude": 6.900288, "bronId": "SP00004568"}}, {"type": "Feature", "geometry": {"type": "Point", "coordinates": [6.918543, 52.751155]}, "properties": {"type": "inleverpunt", "locatieNaam": "Kringloop Plus Winkel De WAAR", "straatNaam": "Abel Tasmanstraat", "straatNr": "23", "postcode": "7825 VA", "plaats": "Emmen", "merk": "StichtingOPEN", "puntType": "balie", "materialen": ["batterijen", "elektro-groot", "elektro-klein", "elektro-middel", "lampen", "tl-buizen"], "uitbetaling": [], "vrijToegankelijk": false, "gemeenteBeperking": null, "openingstijden": null, "latitude": 52.751155, "longitude": 6.918543, "bronId": "SP00007973"}}, {"type": "Feature", "geometry": {"type": "Point", "coordinates": [6.906623, 52.762403]}, "properties": {"type": "inleverpunt", "locatieNaam": "GAMMA Emmen", "straatNaam": "Nijbracht", "straatNr": "30", "postcode": "7821 CA", "plaats": "Emmen", "merk": "StichtingOPEN", "puntType": "balie", "materialen": ["batterijen", "elektro-middel", "lampen", "tl-buizen"], "uitbetaling": [], "vrijToegankelijk": false, "gemeenteBeperking": null, "openingstijden": null, "latitude": 52.762403, "longitude": 6.906623, "bronId": "SP00002926"}}, {"type": "Feature", "geometry": {"type": "Point", "coordinates": [6.89413, 52.77529]}, "properties": {"type": "inleverpunt", "locatieNaam": "Lidl Emmen", "straatNaam": "Noordbargerstraat", "straatNr": "19", "postcode": "7811 KE", "plaats": "Emmen", "merk": "StichtingOPEN", "puntType": "balie", "materialen": ["batterijen", "lampen"], "uitbetaling": [], "vrijToegankelijk": false, "gemeenteBeperking": null, "openingstijden": null, "latitude": 52.77529, "longitude": 6.89413, "bronId": "SP00029958"}}, {"type": "Feature", "geometry": {"type": "Point", "coordinates": [6.895788, 52.776477]}, "properties": {"type": "inleverpunt", "locatieNaam": "Boni Emmen", "straatNaam": "Noordbargerstraat", "straatNr": "5", "postcode": "7811 KE", "plaats": "Emmen", "merk": "StichtingOPEN", "puntType": "balie", "materialen": ["batterijen", "lampen"], "uitbetaling": [], "vrijToegankelijk": false, "gemeenteBeperking": null, "openingstijden": null, "latitude": 52.776477, "longitude": 6.895788, "bronId": "SP00023746"}}, {"type": "Feature", "geometry": {"type": "Point", "coordinates": [6.896878, 52.777977]}, "properties": {"type": "inleverpunt", "locatieNaam": "Jumbo Emmen", "straatNaam": "Wilhelminastraat", "straatNr": "7", "postcode": "7811 JA", "plaats": "Emmen", "merk": "StichtingOPEN", "puntType": "balie", "materialen": ["batterijen", "lampen"], "uitbetaling": [], "vrijToegankelijk": false, "gemeenteBeperking": null, "openingstijden": null, "latitude": 52.777977, "longitude": 6.896878, "bronId": "SP00025355"}}, {"type": "Feature", "geometry": {"type": "Point", "coordinates": [6.894209, 52.781414]}, "properties": {"type": "inleverpunt", "locatieNaam": "1096 Albert Heijn Emmen", "straatNaam": "Baander", "straatNr": "165", "postcode": "7811 HT", "plaats": "Emmen", "merk": "StichtingOPEN", "puntType": "balie", "materialen": ["batterijen", "elektro-klein", "lampen"], "uitbetaling": [], "vrijToegankelijk": false, "gemeenteBeperking": null, "openingstijden": null, "latitude": 52.781414, "longitude": 6.894209, "bronId": "SP00023157"}}, {"type": "Feature", "geometry": {"type": "Point", "coordinates": [6.89547, 52.78281]}, "properties": {"type": "inleverpunt", "locatieNaam": "Kruidvat Emmen", "straatNaam": "Monetpassage", "straatNr": "39", "postcode": "7811 DL", "plaats": "Emmen", "merk": "StichtingOPEN", "puntType": "balie", "materialen": ["batterijen", "elektro-klein", "lampen"], "uitbetaling": [], "vrijToegankelijk": false, "gemeenteBeperking": null, "openingstijden": null, "latitude": 52.78281, "longitude": 6.89547, "bronId": "SP00029637"}}, {"type": "Feature", "geometry": {"type": "Point", "coordinates": [6.892121, 52.786698]}, "properties": {"type": "inleverpunt", "locatieNaam": "Media Markt Emmen", "straatNaam": "Noorderplein", "straatNr": "90", "postcode": "7811 MG", "plaats": "Emmen", "merk": "StichtingOPEN", "puntType": "balie", "materialen": ["batterijen", "elektro-klein", "elektro-middel", "lampen", "tl-buizen"], "uitbetaling": [], "vrijToegankelijk": false, "gemeenteBeperking": null, "openingstijden": null, "latitude": 52.786698, "longitude": 6.892121, "bronId": "SP00026130"}}, {"type": "Feature", "geometry": {"type": "Point", "coordinates": [6.89261, 52.786741]}, "properties": {"type": "inleverpunt", "locatieNaam": "Action Emmen 1050", "straatNaam": "Westerstraat", "straatNr": "206", "postcode": "7811 MZ", "plaats": "Emmen", "merk": "StichtingOPEN", "puntType": "balie", "materialen": ["batterijen", "lampen"], "uitbetaling": [], "vrijToegankelijk": false, "gemeenteBeperking": null, "openingstijden": null, "latitude": 52.786741, "longitude": 6.89261, "bronId": "SP00007650"}}, {"type": "Feature", "geometry": {"type": "Point", "coordinates": [6.928149, 52.755473]}, "properties": {"type": "inleverpunt", "locatieNaam": "Dorcas Aid International", "straatNaam": "Cornelis Houtmanstraat", "straatNr": "10", "postcode": "7825 VG", "plaats": "Emmen", "merk": "StichtingOPEN", "puntType": "balie", "materialen": ["elektro-groot", "elektro-klein", "elektro-middel", "lampen", "tl-buizen"], "uitbetaling": [], "vrijToegankelijk": false, "gemeenteBeperking": null, "openingstijden": null, "latitude": 52.755473, "longitude": 6.928149, "bronId": "SP00034315"}}, {"type": "Feature", "geometry": {"type": "Point", "coordinates": [6.918585, 52.768134]}, "properties": {"type": "inleverpunt", "locatieNaam": "Emmer Schroot- en Metaalhandel B.V.", "straatNaam": "Albatrosstraat", "straatNr": "2", "postcode": "7821 AM", "plaats": "Emmen", "merk": "StichtingOPEN", "puntType": "balie", "materialen": ["elektro-groot", "elektro-klein", "elektro-middel"], "uitbetaling": [], "vrijToegankelijk": false, "gemeenteBeperking": null, "openingstijden": null, "latitude": 52.768134, "longitude": 6.918585, "bronId": "SP00032932"}}, {"type": "Feature", "geometry": {"type": "Point", "coordinates": [6.943719, 52.748852]}, "properties": {"type": "inleverpunt", "locatieNaam": "Oosterberg B.V. Emmen", "straatNaam": "Phileas Foggstraat", "straatNr": "71", "postcode": "7825 AW", "plaats": "Emmen", "merk": "StichtingOPEN", "puntType": "balie", "materialen": ["lampen", "tl-buizen"], "uitbetaling": [], "vrijToegankelijk": false, "gemeenteBeperking": null, "openingstijden": null, "latitude": 52.748852, "longitude": 6.943719, "bronId": "SP00000506"}}, {"type": "Feature", "geometry": {"type": "Point", "coordinates": [6.898442, 52.791966]}, "properties": {"type": "inleverpunt", "locatieNaam": "Jumbo Emmen", "straatNaam": "Weerdingerstraat", "straatNr": "232b", "postcode": "7811 CE", "plaats": "Emmen", "merk": "StichtingOPEN", "puntType": "balie", "materialen": ["batterijen", "lampen"], "uitbetaling": [], "vrijToegankelijk": false, "gemeenteBeperking": null, "openingstijden": null, "latitude": 52.791966, "longitude": 6.898442, "bronId": "SP00025485"}}, {"type": "Feature", "geometry": {"type": "Point", "coordinates": [6.894897, 52.797864]}, "properties": {"type": "inleverpunt", "locatieNaam": "PLUS Emmen", "straatNaam": "Middenhaag", "straatNr": "7", "postcode": "7815 LB", "plaats": "Emmen", "merk": "StichtingOPEN", "puntType": "balie", "materialen": ["batterijen", "lampen"], "uitbetaling": [], "vrijToegankelijk": false, "gemeenteBeperking": null, "openingstijden": null, "latitude": 52.797864, "longitude": 6.894897, "bronId": "SP00039645"}}, {"type": "Feature", "geometry": {"type": "Point", "coordinates": [6.894784, 52.798346]}, "properties": {"type": "inleverpunt", "locatieNaam": "Kruidvat Emmen", "straatNaam": "Middenhaag", "straatNr": "159", "postcode": "7815 LB", "plaats": "Emmen", "merk": "StichtingOPEN", "puntType": "balie", "materialen": ["batterijen", "lampen"], "uitbetaling": [], "vrijToegankelijk": false, "gemeenteBeperking": null, "openingstijden": null, "latitude": 52.798346, "longitude": 6.894784, "bronId": "SP00024805"}}, {"type": "Feature", "geometry": {"type": "Point", "coordinates": [6.896968, 52.798945]}, "properties": {"type": "inleverpunt", "locatieNaam": "Aldi Emmen", "straatNaam": "Middenhaag", "straatNr": "515", "postcode": "7815 LG", "plaats": "Emmen", "merk": "StichtingOPEN", "puntType": "balie", "materialen": ["batterijen", "elektro-klein", "lampen"], "uitbetaling": [], "vrijToegankelijk": false, "gemeenteBeperking": null, "openingstijden": null, "latitude": 52.798945, "longitude": 6.896968, "bronId": "SP00027036"}}, {"type": "Feature", "geometry": {"type": "Point", "coordinates": [6.920508, 52.779793]}, "properties": {"type": "inleverpunt", "locatieNaam": "Action Emmen 1155", "straatNaam": "Landschaplaan", "straatNr": "66", "postcode": "7824 BL", "plaats": "Emmen", "merk": "StichtingOPEN", "puntType": "balie", "materialen": ["batterijen", "lampen"], "uitbetaling": [], "vrijToegankelijk": false, "gemeenteBeperking": null, "openingstijden": null, "latitude": 52.779793, "longitude": 6.920508, "bronId": "SP00007589"}}, {"type": "Feature", "geometry": {"type": "Point", "coordinates": [6.92091, 52.77948]}, "properties": {"type": "inleverpunt", "locatieNaam": "Kruidvat Emmen", "straatNaam": "Statenweg", "straatNr": "55", "postcode": "7824 CT", "plaats": "Emmen", "merk": "StichtingOPEN", "puntType": "balie", "materialen": ["batterijen", "lampen"], "uitbetaling": [], "vrijToegankelijk": false, "gemeenteBeperking": null, "openingstijden": null, "latitude": 52.77948, "longitude": 6.92091, "bronId": "SP00029765"}}, {"type": "Feature", "geometry": {"type": "Point", "coordinates": [6.921582, 52.779719]}, "properties": {"type": "inleverpunt", "locatieNaam": "Jumbo Emmen", "straatNaam": "Statenweg", "straatNr": "33", "postcode": "7824 CS", "plaats": "Emmen", "merk": "StichtingOPEN", "puntType": "balie", "materialen": ["batterijen", "lampen"], "uitbetaling": [], "vrijToegankelijk": false, "gemeenteBeperking": null, "openingstijden": null, "latitude": 52.779719, "longitude": 6.921582, "bronId": "SP00025356"}}, {"type": "Feature", "geometry": {"type": "Point", "coordinates": [6.921092, 52.780198]}, "properties": {"type": "inleverpunt", "locatieNaam": "Aldi Emmen", "straatNaam": "Peyserhof", "straatNr": "2", "postcode": "7824 CP", "plaats": "Emmen", "merk": "StichtingOPEN", "puntType": "balie", "materialen": ["batterijen", "elektro-klein", "lampen"], "uitbetaling": [], "vrijToegankelijk": false, "gemeenteBeperking": null, "openingstijden": null, "latitude": 52.780198, "longitude": 6.921092, "bronId": "SP00027021"}}, {"type": "Feature", "geometry": {"type": "Point", "coordinates": [6.901475, 52.798504]}, "properties": {"type": "inleverpunt", "locatieNaam": "Schomaker TV", "straatNaam": "Weerdingerstraat", "straatNr": "196", "postcode": "7822 BJ", "plaats": "Emmen", "merk": "StichtingOPEN", "puntType": "balie", "materialen": ["elektro-middel", "lampen"], "uitbetaling": [], "vrijToegankelijk": false, "gemeenteBeperking": null, "openingstijden": null, "latitude": 52.798504, "longitude": 6.901475, "bronId": "SP00002716"}}, {"type": "Feature", "geometry": {"type": "Point", "coordinates": [6.906136, 52.796894]}, "properties": {"type": "inleverpunt", "locatieNaam": "Praxis Emmen (Wolfsbergen) - 2095", "straatNaam": "Wolfsbergenweg", "straatNr": "8", "postcode": "7822 AW", "plaats": "Emmen", "merk": "StichtingOPEN", "puntType": "balie", "materialen": ["elektro-middel", "lampen", "tl-buizen"], "uitbetaling": [], "vrijToegankelijk": false, "gemeenteBeperking": null, "openingstijden": null, "latitude": 52.796894, "longitude": 6.906136, "bronId": "SP00004115"}}, {"type": "Feature", "geometry": {"type": "Point", "coordinates": [6.988134, 52.724556]}, "properties": {"type": "inleverpunt", "locatieNaam": "Kruidvat Klazienaveen", "straatNaam": "Langestraat", "straatNr": "106", "postcode": "7891 GG", "plaats": "Klazienaveen", "merk": "StichtingOPEN", "puntType": "balie", "materialen": ["batterijen", "lampen"], "uitbetaling": [], "vrijToegankelijk": false, "gemeenteBeperking": null, "openingstijden": null, "latitude": 52.724556, "longitude": 6.988134, "bronId": "SP00024801"}}, {"type": "Feature", "geometry": {"type": "Point", "coordinates": [6.991649, 52.724837]}, "properties": {"type": "inleverpunt", "locatieNaam": "Jumbo Klazienaveen", "straatNaam": "Langestraat", "straatNr": "500", "postcode": "7891 AX", "plaats": "Klazienaveen", "merk": "StichtingOPEN", "puntType": "balie", "materialen": ["batterijen", "lampen"], "uitbetaling": [], "vrijToegankelijk": false, "gemeenteBeperking": null, "openingstijden": null, "latitude": 52.724837, "longitude": 6.991649, "bronId": "SP00025352"}}, {"type": "Feature", "geometry": {"type": "Point", "coordinates": [6.982703, 52.734329]}, "properties": {"type": "inleverpunt", "locatieNaam": "Praxis Klazienaveen - 2232", "straatNaam": "Mizar", "straatNr": "6", "postcode": "7891 VE", "plaats": "Klazienaveen", "merk": "StichtingOPEN", "puntType": "balie", "materialen": ["elektro-klein", "lampen", "tl-buizen"], "uitbetaling": [], "vrijToegankelijk": false, "gemeenteBeperking": null, "openingstijden": null, "latitude": 52.734329, "longitude": 6.982703, "bronId": "SP00004527"}}, {"type": "Feature", "geometry": {"type": "Point", "coordinates": [6.995217, 52.723089]}, "properties": {"type": "inleverpunt", "locatieNaam": "PLUS Klazienaveen", "straatNaam": "Pastoor Jongeriusstraat", "straatNr": "21", "postcode": "7891 KM", "plaats": "Klazienaveen", "merk": "StichtingOPEN", "puntType": "balie", "materialen": ["batterijen", "lampen"], "uitbetaling": [], "vrijToegankelijk": false, "gemeenteBeperking": null, "openingstijden": null, "latitude": 52.723089, "longitude": 6.995217, "bronId": "SP00024138"}}, {"type": "Feature", "geometry": {"type": "Point", "coordinates": [6.995769, 52.724214]}, "properties": {"type": "inleverpunt", "locatieNaam": "Action Klazienaveen 1093", "straatNaam": "Langestraat", "straatNr": "145", "postcode": "7891 GJ", "plaats": "Klazienaveen", "merk": "StichtingOPEN", "puntType": "balie", "materialen": ["batterijen", "lampen"], "uitbetaling": [], "vrijToegankelijk": false, "gemeenteBeperking": null, "openingstijden": null, "latitude": 52.724214, "longitude": 6.995769, "bronId": "SP00007690"}}, {"type": "Feature", "geometry": {"type": "Point", "coordinates": [6.996368, 52.724225]}, "properties": {"type": "inleverpunt", "locatieNaam": "Boni Klazienaveen", "straatNaam": "Langestraat", "straatNr": "148", "postcode": "7891 GK", "plaats": "Klazienaveen", "merk": "StichtingOPEN", "puntType": "balie", "materialen": ["batterijen", "lampen"], "uitbetaling": [], "vrijToegankelijk": false, "gemeenteBeperking": null, "openingstijden": null, "latitude": 52.724225, "longitude": 6.996368, "bronId": "SP00023745"}}, {"type": "Feature", "geometry": {"type": "Point", "coordinates": [6.996714, 52.724157]}, "properties": {"type": "inleverpunt", "locatieNaam": "Lidl Klazienaveen", "straatNaam": "Langestraat", "straatNr": "149", "postcode": "7891 GK", "plaats": "Klazienaveen", "merk": "StichtingOPEN", "puntType": "balie", "materialen": ["batterijen", "lampen"], "uitbetaling": [], "vrijToegankelijk": false, "gemeenteBeperking": null, "openingstijden": null, "latitude": 52.724157, "longitude": 6.996714, "bronId": "SP00030006"}}, {"type": "Feature", "geometry": {"type": "Point", "coordinates": [6.997854, 52.723798]}, "properties": {"type": "inleverpunt", "locatieNaam": "Aldi Klazienaveen", "straatNaam": "Langestraat", "straatNr": "151", "postcode": "7891 GK", "plaats": "Klazienaveen", "merk": "StichtingOPEN", "puntType": "balie", "materialen": ["batterijen", "elektro-klein", "lampen"], "uitbetaling": [], "vrijToegankelijk": false, "gemeenteBeperking": null, "openingstijden": null, "latitude": 52.723798, "longitude": 6.997854, "bronId": "SP00027027"}}, {"type": "Feature", "geometry": {"type": "Point", "coordinates": [6.956603, 52.772375]}, "properties": {"type": "inleverpunt", "locatieNaam": "Spar Emmen", "straatNaam": "Splitting", "straatNr": "156", "postcode": "7826 CT", "plaats": "Emmen", "merk": "StichtingOPEN", "puntType": "balie", "materialen": ["batterijen", "lampen"], "uitbetaling": [], "vrijToegankelijk": false, "gemeenteBeperking": null, "openingstijden": null, "latitude": 52.772375, "longitude": 6.956603, "bronId": "SP00022468"}}, {"type": "Feature", "geometry": {"type": "Point", "coordinates": [6.93606, 52.79258]}, "properties": {"type": "inleverpunt", "locatieNaam": "Lidl Emmen", "straatNaam": "Houtweg", "straatNr": "151", "postcode": "7823 PH", "plaats": "Emmen", "merk": "StichtingOPEN", "puntType": "balie", "materialen": ["batterijen", "lampen"], "uitbetaling": [], "vrijToegankelijk": false, "gemeenteBeperking": null, "openingstijden": null, "latitude": 52.79258, "longitude": 6.93606, "bronId": "SP00030013"}}, {"type": "Feature", "geometry": {"type": "Point", "coordinates": [7.011555, 52.72195]}, "properties": {"type": "inleverpunt", "locatieNaam": "Kemco voordeelshop", "straatNaam": "Industriestraat", "straatNr": "20", "postcode": "7891 GV", "plaats": "Klazienaveen", "merk": "StichtingOPEN", "puntType": "balie", "materialen": ["elektro-klein", "elektro-middel", "lampen"], "uitbetaling": [], "vrijToegankelijk": false, "gemeenteBeperking": null, "openingstijden": null, "latitude": 52.72195, "longitude": 7.011555, "bronId": "SP00002767"}}, {"type": "Feature", "geometry": {"type": "Point", "coordinates": [6.93904, 52.79263]}, "properties": {"type": "inleverpunt", "locatieNaam": "Kruidvat Emmen", "straatNaam": "Houtweg", "straatNr": "290", "postcode": "7823 PV", "plaats": "Emmen", "merk": "StichtingOPEN", "puntType": "balie", "materialen": ["batterijen", "lampen"], "uitbetaling": [], "vrijToegankelijk": false, "gemeenteBeperking": null, "openingstijden": null, "latitude": 52.79263, "longitude": 6.93904, "bronId": "SP00029644"}}, {"type": "Feature", "geometry": {"type": "Point", "coordinates": [6.939262, 52.793135]}, "properties": {"type": "inleverpunt", "locatieNaam": "Jumbo Emmen", "straatNaam": "Houtweg", "straatNr": "296", "postcode": "7823 PV", "plaats": "Emmen", "merk": "StichtingOPEN", "puntType": "balie", "materialen": ["batterijen", "lampen"], "uitbetaling": [], "vrijToegankelijk": false, "gemeenteBeperking": null, "openingstijden": null, "latitude": 52.793135, "longitude": 6.939262, "bronId": "SP00025358"}}, {"type": "Feature", "geometry": {"type": "Point", "coordinates": [7.039415, 52.721944]}, "properties": {"type": "inleverpunt", "locatieNaam": "Spar Zwartemeer", "straatNaam": "Klemstrook", "straatNr": "2a", "postcode": "7894 CN", "plaats": "Zwartemeer", "merk": "StichtingOPEN", "puntType": "balie", "materialen": ["batterijen", "lampen"], "uitbetaling": [], "vrijToegankelijk": false, "gemeenteBeperking": null, "openingstijden": null, "latitude": 52.721944, "longitude": 7.039415, "bronId": "SP00022462"}}, {"type": "Feature", "geometry": {"type": "Point", "coordinates": [7.042604, 52.755139]}, "properties": {"type": "inleverpunt", "locatieNaam": "Feringa Electrotechniek", "straatNaam": "Verlengde Oosterdiep OZ", "straatNr": "99", "postcode": "7884 TG", "plaats": "Barger Compascuum", "merk": "StichtingOPEN", "puntType": "balie", "materialen": ["elektro-klein", "elektro-middel"], "uitbetaling": [], "vrijToegankelijk": false, "gemeenteBeperking": null, "openingstijden": null, "latitude": 52.755139, "longitude": 7.042604, "bronId": "SP00002601"}}, {"type": "Feature", "geometry": {"type": "Point", "coordinates": [6.990126, 52.805553]}, "properties": {"type": "inleverpunt", "locatieNaam": "Attent Emmer-Compascuum", "straatNaam": "Kanaal A NZ", "straatNr": "109", "postcode": "7881 KM", "plaats": "Emmer-Compascuum", "merk": "StichtingOPEN", "puntType": "balie", "materialen": ["batterijen", "lampen"], "uitbetaling": [], "vrijToegankelijk": false, "gemeenteBeperking": null, "openingstijden": null, "latitude": 52.805553, "longitude": 6.990126, "bronId": "SP00025823"}}, {"type": "Feature", "geometry": {"type": "Point", "coordinates": [7.04261, 52.755537]}, "properties": {"type": "inleverpunt", "locatieNaam": "Attent Barger-Compascuum", "straatNaam": "Verlengde Oosterdiep OZ", "straatNr": "103", "postcode": "7884 RE", "plaats": "Barger-Compascuum", "merk": "StichtingOPEN", "puntType": "balie", "materialen": ["batterijen", "lampen"], "uitbetaling": [], "vrijToegankelijk": false, "gemeenteBeperking": null, "openingstijden": null, "latitude": 52.755537, "longitude": 7.04261, "bronId": "SP00025830"}}, {"type": "Feature", "geometry": {"type": "Point", "coordinates": [7.025888, 52.809019]}, "properties": {"type": "inleverpunt", "locatieNaam": "66380 Hubo Emmer-Compascuum", "straatNaam": "Kijlweg", "straatNr": "3", "postcode": "7881 JD", "plaats": "Emmer-Compascuum", "merk": "StichtingOPEN", "puntType": "balie", "materialen": ["elektro-middel", "lampen", "tl-buizen"], "uitbetaling": [], "vrijToegankelijk": false, "gemeenteBeperking": null, "openingstijden": null, "latitude": 52.809019, "longitude": 7.025888, "bronId": "SP00006132"}}, {"type": "Feature", "geometry": {"type": "Point", "coordinates": [7.04359, 52.81171]}, "properties": {"type": "inleverpunt", "locatieNaam": "Boni Emmer-Compascuum", "straatNaam": "Runde NZ", "straatNr": "101", "postcode": "7881 JL", "plaats": "Emmer-Compascuum", "merk": "StichtingOPEN", "puntType": "balie", "materialen": ["batterijen", "lampen"], "uitbetaling": [], "vrijToegankelijk": false, "gemeenteBeperking": null, "openingstijden": null, "latitude": 52.81171, "longitude": 7.04359, "bronId": "SP00023752"}}, {"type": "Feature", "geometry": {"type": "Point", "coordinates": [7.04514, 52.81103]}, "properties": {"type": "inleverpunt", "locatieNaam": "Kruidvat Emmer-Compascuum", "straatNaam": "Runde ZZ", "straatNr": "111", "postcode": "7881 HR", "plaats": "Emmer-Compascuum", "merk": "StichtingOPEN", "puntType": "balie", "materialen": ["batterijen", "lampen"], "uitbetaling": [], "vrijToegankelijk": false, "gemeenteBeperking": null, "openingstijden": null, "latitude": 52.81103, "longitude": 7.04514, "bronId": "SP00029766"}}, {"type": "Feature", "geometry": {"type": "Point", "coordinates": [7.045292, 52.811007]}, "properties": {"type": "inleverpunt", "locatieNaam": "Gustin Emmercompascuum", "straatNaam": "Runde ZZ", "straatNr": "112", "postcode": "7881 HR", "plaats": "Emmer Compascuum", "merk": "StichtingOPEN", "puntType": "balie", "materialen": ["lampen"], "uitbetaling": [], "vrijToegankelijk": false, "gemeenteBeperking": null, "openingstijden": null, "latitude": 52.811007, "longitude": 7.045292, "bronId": "SP00002599"}}, {"type": "Feature", "geometry": {"type": "Point", "coordinates": [7.048448, 52.812597]}, "properties": {"type": "inleverpunt", "locatieNaam": "Aldi Emmer- Compascuum", "straatNaam": "Hoofdkanaal WZ", "straatNr": "13", "postcode": "7881 AA", "plaats": "Emmer- Compascuum", "merk": "StichtingOPEN", "puntType": "balie", "materialen": ["batterijen", "elektro-klein", "lampen"], "uitbetaling": [], "vrijToegankelijk": false, "gemeenteBeperking": null, "openingstijden": null, "latitude": 52.812597, "longitude": 7.048448, "bronId": "SP00027040"}}, {"type": "Feature", "geometry": {"type": "Point", "coordinates": [6.9178795, 52.7597027]}, "properties": {"type": "inleverpunt", "locatieNaam": "Milieustraat Emmen", "straatNaam": "Columbusstraat", "straatNr": "25", "postcode": "7825 VP", "plaats": "Emmen", "merk": "StichtingOPEN", "puntType": "milieustraat", "materialen": ["batterijen", "elektro-groot", "elektro-klein", "elektro-middel", "lampen", "tl-buizen"], "uitbetaling": [], "vrijToegankelijk": false, "gemeenteBeperking": ["Emmen"], "openingstijden": null, "latitude": 52.7597027, "longitude": 6.9178795, "bronId": "SP00003715"}}, {"type": "Feature", "geometry": {"type": "Point", "coordinates": [6.917165, 52.77065]}, "properties": {"type": "inleverpunt", "locatieNaam": "Kringloop Het Goed Emmen", "straatNaam": "Kapitein Grantstraat", "straatNr": "24", "postcode": "7821 AR", "plaats": "Emmen", "merk": "StichtingOPEN", "puntType": "milieustraat", "materialen": ["batterijen", "elektro-groot", "elektro-klein", "elektro-middel", "lampen", "tl-buizen"], "uitbetaling": [], "vrijToegankelijk": false, "gemeenteBeperking": ["Emmen"], "openingstijden": null, "latitude": 52.77065, "longitude": 6.917165, "bronId": "SP00022269"}}, {"type": "Feature", "geometry": {"type": "Point", "coordinates": [6.8810114, 52.6629993]}, "properties": {"type": "inleverpunt", "locatieNaam": "PLUS", "straatNaam": "Europaweg", "straatNr": "131-14", "postcode": "7761 AC", "plaats": "Schoonebeek", "merk": "Stibat", "puntType": "inzamelbak", "materialen": ["batterijen"], "uitbetaling": [], "vrijToegankelijk": false, "gemeenteBeperking": null, "openingstijden": null, "latitude": 52.6629993, "longitude": 6.8810114, "bronId": "L047436"}}, {"type": "Feature", "geometry": {"type": "Point", "coordinates": [6.8549454, 52.6929244]}, "properties": {"type": "inleverpunt", "locatieNaam": "Recreatiecentrum Zandpol", "straatNaam": "Stieltjeskanaal", "straatNr": "14", "postcode": "7764 AJ", "plaats": "Zandpol", "merk": "Stibat", "puntType": "inzamelbak", "materialen": ["batterijen"], "uitbetaling": [], "vrijToegankelijk": false, "gemeenteBeperking": null, "openingstijden": null, "latitude": 52.6929244, "longitude": 6.8549454, "bronId": "L003878"}}, {"type": "Feature", "geometry": {"type": "Point", "coordinates": [6.8510586, 52.7165572]}, "properties": {"type": "inleverpunt", "locatieNaam": "Zantingh Tweewielers", "straatNaam": "Vaart NZ", "straatNr": "7", "postcode": "7833 HA", "plaats": "Nieuw Amsterdam", "merk": "Stibat", "puntType": "inzamelbak", "materialen": ["batterijen"], "uitbetaling": [], "vrijToegankelijk": false, "gemeenteBeperking": null, "openingstijden": null, "latitude": 52.7165572, "longitude": 6.8510586, "bronId": "L034030"}}, {"type": "Feature", "geometry": {"type": "Point", "coordinates": [6.8478839, 52.7197412]}, "properties": {"type": "inleverpunt", "locatieNaam": "Welkoop", "straatNaam": "Industrieweg", "straatNr": "17", "postcode": "7844 NV", "plaats": "Nieuw-Amsterdam", "merk": "Stibat", "puntType": "inzamelbak", "materialen": ["batterijen"], "uitbetaling": [], "vrijToegankelijk": false, "gemeenteBeperking": null, "openingstijden": null, "latitude": 52.7197412, "longitude": 6.8478839, "bronId": "L017251"}}, {"type": "Feature", "geometry": {"type": "Point", "coordinates": [6.8530665, 52.7154523]}, "properties": {"type": "inleverpunt", "locatieNaam": "PLUS", "straatNaam": "Vaart ZZ", "straatNr": "10", "postcode": "7833 AA", "plaats": "Nieuw Amsterdam", "merk": "Stibat", "puntType": "inzamelbak", "materialen": ["batterijen"], "uitbetaling": [], "vrijToegankelijk": false, "gemeenteBeperking": null, "openingstijden": null, "latitude": 52.7154523, "longitude": 6.8530665, "bronId": "L047042"}}, {"type": "Feature", "geometry": {"type": "Point", "coordinates": [6.8501218, 52.7182833]}, "properties": {"type": "inleverpunt", "locatieNaam": "Hubo", "straatNaam": "Veilingstraat", "straatNr": "36", "postcode": "7833 HN", "plaats": "Nieuw Amsterdam", "merk": "Stibat", "puntType": "inzamelbak", "materialen": ["batterijen"], "uitbetaling": [], "vrijToegankelijk": false, "gemeenteBeperking": null, "openingstijden": null, "latitude": 52.7182833, "longitude": 6.8501218, "bronId": "L035121"}}, {"type": "Feature", "geometry": {"type": "Point", "coordinates": [6.8569927, 52.714847]}, "properties": {"type": "inleverpunt", "locatieNaam": "Aldi", "straatNaam": "Vaart Zuidzijde", "straatNr": "49", "postcode": "7833 AC", "plaats": "Nieuw-Amsterdam", "merk": "Stibat", "puntType": "inzamelbak", "materialen": ["batterijen"], "uitbetaling": [], "vrijToegankelijk": false, "gemeenteBeperking": null, "openingstijden": null, "latitude": 52.714847, "longitude": 6.8569927, "bronId": "L041516"}}, {"type": "Feature", "geometry": {"type": "Point", "coordinates": [6.8574027, 52.7145293]}, "properties": {"type": "inleverpunt", "locatieNaam": "4052 Albert Heijn", "straatNaam": "Vaart ZZ", "straatNr": "50", "postcode": "7833 AC", "plaats": "Nieuw Amsterdam", "merk": "Stibat", "puntType": "inzamelbak", "materialen": ["batterijen"], "uitbetaling": [], "vrijToegankelijk": false, "gemeenteBeperking": null, "openingstijden": null, "latitude": 52.7145293, "longitude": 6.8574027, "bronId": "L036609"}}, {"type": "Feature", "geometry": {"type": "Point", "coordinates": [6.8580516, 52.7150757]}, "properties": {"type": "inleverpunt", "locatieNaam": "Kruidvat", "straatNaam": "Vaart ZZ", "straatNr": "54B", "postcode": "7833 AC", "plaats": "Nieuw Amsterdam", "merk": "Stibat", "puntType": "inzamelbak", "materialen": ["batterijen"], "uitbetaling": [], "vrijToegankelijk": false, "gemeenteBeperking": null, "openingstijden": null, "latitude": 52.7150757, "longitude": 6.8580516, "bronId": "L017825"}}, {"type": "Feature", "geometry": {"type": "Point", "coordinates": [6.8596882, 52.7151337]}, "properties": {"type": "inleverpunt", "locatieNaam": "HEMA Nieuw-Amsterdam", "straatNaam": "Vaart ZZ", "straatNr": "61", "postcode": "7833 AC", "plaats": "Nieuw-Amsterdam", "merk": "Stibat", "puntType": "inzamelbak", "materialen": ["batterijen"], "uitbetaling": [], "vrijToegankelijk": false, "gemeenteBeperking": null, "openingstijden": null, "latitude": 52.7151337, "longitude": 6.8596882, "bronId": "L046896"}}, {"type": "Feature", "geometry": {"type": "Point", "coordinates": [6.8601619, 52.7150201]}, "properties": {"type": "inleverpunt", "locatieNaam": "Primera", "straatNaam": "Vaart Zuidzijde", "straatNr": "63-64", "postcode": "7833 AC", "plaats": "Nieuw Amsterdam", "merk": "Stibat", "puntType": "inzamelbak", "materialen": ["batterijen"], "uitbetaling": [], "vrijToegankelijk": false, "gemeenteBeperking": null, "openingstijden": null, "latitude": 52.7150201, "longitude": 6.8601619, "bronId": "L023607"}}, {"type": "Feature", "geometry": {"type": "Point", "coordinates": [6.861433, 52.7140334]}, "properties": {"type": "inleverpunt", "locatieNaam": "Lidl", "straatNaam": "Zijtak WZ", "straatNr": "1", "postcode": "7833 BA", "plaats": "Nieuw-Amsterdam", "merk": "Stibat", "puntType": "inzamelbak", "materialen": ["batterijen"], "uitbetaling": [], "vrijToegankelijk": false, "gemeenteBeperking": null, "openingstijden": null, "latitude": 52.7140334, "longitude": 6.861433, "bronId": "L019144"}}, {"type": "Feature", "geometry": {"type": "Point", "coordinates": [6.8635927, 52.7147162]}, "properties": {"type": "inleverpunt", "locatieNaam": "2wielers Martin Jeuring", "straatNaam": "Vaart ZZ", "straatNr": "77", "postcode": "7833 AD", "plaats": "Nieuw Amsterdam", "merk": "Stibat", "puntType": "inzamelbak", "materialen": ["batterijen"], "uitbetaling": [], "vrijToegankelijk": false, "gemeenteBeperking": null, "openingstijden": null, "latitude": 52.7147162, "longitude": 6.8635927, "bronId": "L048803"}}, {"type": "Feature", "geometry": {"type": "Point", "coordinates": [6.9022802, 52.7283918]}, "properties": {"type": "inleverpunt", "locatieNaam": "PLUS", "straatNaam": "Sandurdreef", "straatNr": "1", "postcode": "7828 AA", "plaats": "Emmen", "merk": "Stibat", "puntType": "inzamelbak", "materialen": ["batterijen"], "uitbetaling": [], "vrijToegankelijk": false, "gemeenteBeperking": null, "openingstijden": null, "latitude": 52.7283918, "longitude": 6.9022802, "bronId": "L012584"}}, {"type": "Feature", "geometry": {"type": "Point", "coordinates": [6.9049594, 52.7305148]}, "properties": {"type": "inleverpunt", "locatieNaam": "Parc Sandur", "straatNaam": "Sandurdreef", "straatNr": "5", "postcode": "7828 AA", "plaats": "Emmen", "merk": "Stibat", "puntType": "inzamelbak", "materialen": ["batterijen"], "uitbetaling": [], "vrijToegankelijk": false, "gemeenteBeperking": null, "openingstijden": null, "latitude": 52.7305148, "longitude": 6.9049594, "bronId": "L004749"}}, {"type": "Feature", "geometry": {"type": "Point", "coordinates": [6.9268817, 52.7101085]}, "properties": {"type": "inleverpunt", "locatieNaam": "Fiets-shop", "straatNaam": "Verlengde Vaart NZ", "straatNr": "58", "postcode": "7887 EG", "plaats": "Erica", "merk": "Stibat", "puntType": "inzamelbak", "materialen": ["batterijen"], "uitbetaling": [], "vrijToegankelijk": false, "gemeenteBeperking": null, "openingstijden": null, "latitude": 52.7101085, "longitude": 6.9268817, "bronId": "L016563"}}, {"type": "Feature", "geometry": {"type": "Point", "coordinates": [6.9283275, 52.708859]}, "properties": {"type": "inleverpunt", "locatieNaam": "Hubo", "straatNaam": "Verlengde Vaart ZZ", "straatNr": "92", "postcode": "7887 EP", "plaats": "Erica", "merk": "Stibat", "puntType": "inzamelbak", "materialen": ["batterijen"], "uitbetaling": [], "vrijToegankelijk": false, "gemeenteBeperking": null, "openingstijden": null, "latitude": 52.708859, "longitude": 6.9283275, "bronId": "L030967"}}, {"type": "Feature", "geometry": {"type": "Point", "coordinates": [6.926254, 52.711232]}, "properties": {"type": "inleverpunt", "locatieNaam": "Plus", "straatNaam": "Havenstraat", "straatNr": "22", "postcode": "7887 BP", "plaats": "Erica", "merk": "Stibat", "puntType": "inzamelbak", "materialen": ["batterijen"], "uitbetaling": [], "vrijToegankelijk": false, "gemeenteBeperking": null, "openingstijden": null, "latitude": 52.711232, "longitude": 6.926254, "bronId": "L047550"}}, {"type": "Feature", "geometry": {"type": "Point", "coordinates": [6.926461, 52.7116937]}, "properties": {"type": "inleverpunt", "locatieNaam": "DA", "straatNaam": "Havenstraat", "straatNr": "26D", "postcode": "7887 BP", "plaats": "Erica", "merk": "Stibat", "puntType": "inzamelbak", "materialen": ["batterijen"], "uitbetaling": [], "vrijToegankelijk": false, "gemeenteBeperking": null, "openingstijden": null, "latitude": 52.7116937, "longitude": 6.926461, "bronId": "L047101"}}, {"type": "Feature", "geometry": {"type": "Point", "coordinates": [6.8895254, 52.7506554]}, "properties": {"type": "inleverpunt", "locatieNaam": "Jumbo", "straatNaam": "Valkenveld", "straatNr": "50", "postcode": "7827 HC", "plaats": "Emmen", "merk": "Stibat", "puntType": "inzamelbak", "materialen": ["batterijen"], "uitbetaling": [], "vrijToegankelijk": false, "gemeenteBeperking": null, "openingstijden": null, "latitude": 52.7506554, "longitude": 6.8895254, "bronId": "L032026"}}, {"type": "Feature", "geometry": {"type": "Point", "coordinates": [6.8901859, 52.7501235]}, "properties": {"type": "inleverpunt", "locatieNaam": "Bruna", "straatNaam": "Valkenveld", "straatNr": "115-115A", "postcode": "7827 HD", "plaats": "Emmen", "merk": "Stibat", "puntType": "inzamelbak", "materialen": ["batterijen"], "uitbetaling": [], "vrijToegankelijk": false, "gemeenteBeperking": null, "openingstijden": null, "latitude": 52.7501235, "longitude": 6.8901859, "bronId": "L023994"}}, {"type": "Feature", "geometry": {"type": "Point", "coordinates": [6.8902784, 52.7502302]}, "properties": {"type": "inleverpunt", "locatieNaam": "DA", "straatNaam": "Valkenveld", "straatNr": "118", "postcode": "7827 HD", "plaats": "Emmen", "merk": "Stibat", "puntType": "inzamelbak", "materialen": ["batterijen"], "uitbetaling": [], "vrijToegankelijk": false, "gemeenteBeperking": null, "openingstijden": null, "latitude": 52.7502302, "longitude": 6.8902784, "bronId": "L025205"}}, {"type": "Feature", "geometry": {"type": "Point", "coordinates": [6.8901985, 52.7504132]}, "properties": {"type": "inleverpunt", "locatieNaam": "GREVE EN GROOTJANS B.V.", "straatNaam": "Valkenveld", "straatNr": "41", "postcode": "7827 HC", "plaats": "Emmen", "merk": "Stibat", "puntType": "inzamelbak", "materialen": ["batterijen"], "uitbetaling": [], "vrijToegankelijk": false, "gemeenteBeperking": null, "openingstijden": null, "latitude": 52.7504132, "longitude": 6.8901985, "bronId": "L034028"}}, {"type": "Feature", "geometry": {"type": "Point", "coordinates": [6.8901627, 52.7513057]}, "properties": {"type": "inleverpunt", "locatieNaam": "Lidl", "straatNaam": "Valkenveld", "straatNr": "119", "postcode": "7827 HD", "plaats": "Emmen", "merk": "Stibat", "puntType": "inzamelbak", "materialen": ["batterijen"], "uitbetaling": [], "vrijToegankelijk": false, "gemeenteBeperking": null, "openingstijden": null, "latitude": 52.7513057, "longitude": 6.8901627, "bronId": "L017236"}}, {"type": "Feature", "geometry": {"type": "Point", "coordinates": [6.9425121, 52.7086328]}, "properties": {"type": "inleverpunt", "locatieNaam": "Kort Erica B.C.", "straatNaam": "Verlengde Vaart NZ", "straatNr": "137", "postcode": "7887 EL", "plaats": "Erica", "merk": "Stibat", "puntType": "inzamelbak", "materialen": ["batterijen"], "uitbetaling": [], "vrijToegankelijk": false, "gemeenteBeperking": null, "openingstijden": null, "latitude": 52.7086328, "longitude": 6.9425121, "bronId": "L032158"}}, {"type": "Feature", "geometry": {"type": "Point", "coordinates": [6.8862899, 52.7644098]}, "properties": {"type": "inleverpunt", "locatieNaam": "Kruidvat", "straatNaam": "Alerderbrink", "straatNr": "20", "postcode": "7812 RV", "plaats": "Emmen", "merk": "Stibat", "puntType": "inzamelbak", "materialen": ["batterijen"], "uitbetaling": [], "vrijToegankelijk": false, "gemeenteBeperking": null, "openingstijden": null, "latitude": 52.7644098, "longitude": 6.8862899, "bronId": "L032270"}}, {"type": "Feature", "geometry": {"type": "Point", "coordinates": [6.8865136, 52.764452]}, "properties": {"type": "inleverpunt", "locatieNaam": "Home&amp;Toys-Toys2Play", "straatNaam": "Alerderbrink", "straatNr": "22", "postcode": "7812 RV", "plaats": "Emmen", "merk": "Stibat", "puntType": "inzamelbak", "materialen": ["batterijen"], "uitbetaling": [], "vrijToegankelijk": false, "gemeenteBeperking": null, "openingstijden": null, "latitude": 52.764452, "longitude": 6.8865136, "bronId": "L030404"}}, {"type": "Feature", "geometry": {"type": "Point", "coordinates": [6.8865017, 52.7645442]}, "properties": {"type": "inleverpunt", "locatieNaam": "Rijwielshop Bargeres", "straatNaam": "Alerderbrink", "straatNr": "24", "postcode": "7812 RV", "plaats": "Emmen", "merk": "Stibat", "puntType": "inzamelbak", "materialen": ["batterijen"], "uitbetaling": [], "vrijToegankelijk": false, "gemeenteBeperking": null, "openingstijden": null, "latitude": 52.7645442, "longitude": 6.8865017, "bronId": "L049246"}}, {"type": "Feature", "geometry": {"type": "Point", "coordinates": [6.8868913, 52.7642004]}, "properties": {"type": "inleverpunt", "locatieNaam": "Primera", "straatNaam": "Alerderbrink", "straatNr": "4", "postcode": "7812 RT", "plaats": "Emmen", "merk": "Stibat", "puntType": "inzamelbak", "materialen": ["batterijen"], "uitbetaling": [], "vrijToegankelijk": false, "gemeenteBeperking": null, "openingstijden": null, "latitude": 52.7642004, "longitude": 6.8868913, "bronId": "L022271"}}, {"type": "Feature", "geometry": {"type": "Point", "coordinates": [6.8987874, 52.7645147]}, "properties": {"type": "inleverpunt", "locatieNaam": "Karwei", "straatNaam": "Nijbracht", "straatNr": "55", "postcode": "7821 CB", "plaats": "Emmen", "merk": "Stibat", "puntType": "inzamelbak", "materialen": ["batterijen"], "uitbetaling": [], "vrijToegankelijk": false, "gemeenteBeperking": null, "openingstijden": null, "latitude": 52.7645147, "longitude": 6.8987874, "bronId": "L016972"}}, {"type": "Feature", "geometry": {"type": "Point", "coordinates": [6.8992228, 52.76418]}, "properties": {"type": "inleverpunt", "locatieNaam": "Welkoop", "straatNaam": "Nijbracht", "straatNr": "53b", "postcode": "7821 CB", "plaats": "Emmen", "merk": "Stibat", "puntType": "inzamelbak", "materialen": ["batterijen"], "uitbetaling": [], "vrijToegankelijk": false, "gemeenteBeperking": null, "openingstijden": null, "latitude": 52.76418, "longitude": 6.8992228, "bronId": "L041835"}}, {"type": "Feature", "geometry": {"type": "Point", "coordinates": [6.9005255, 52.7635337]}, "properties": {"type": "inleverpunt", "locatieNaam": "Praxis 2023", "straatNaam": "Nijbracht", "straatNr": "53", "postcode": "7821 CB", "plaats": "Emmen", "merk": "Stibat", "puntType": "inzamelbak", "materialen": ["batterijen"], "uitbetaling": [], "vrijToegankelijk": false, "gemeenteBeperking": null, "openingstijden": null, "latitude": 52.7635337, "longitude": 6.9005255, "bronId": "L015010"}}, {"type": "Feature", "geometry": {"type": "Point", "coordinates": [6.9032576, 52.7622378]}, "properties": {"type": "inleverpunt", "locatieNaam": "Intratuin", "straatNaam": "Nijbracht", "straatNr": "25", "postcode": "7821 CB", "plaats": "Emmen", "merk": "Stibat", "puntType": "inzamelbak", "materialen": ["batterijen"], "uitbetaling": [], "vrijToegankelijk": false, "gemeenteBeperking": null, "openingstijden": null, "latitude": 52.7622378, "longitude": 6.9032576, "bronId": "L023717"}}, {"type": "Feature", "geometry": {"type": "Point", "coordinates": [6.9052929, 52.7623134]}, "properties": {"type": "inleverpunt", "locatieNaam": "Kwantum", "straatNaam": "Nijbracht", "straatNr": "60", "postcode": "7821 CA", "plaats": "Emmen", "merk": "Stibat", "puntType": "inzamelbak", "materialen": ["batterijen"], "uitbetaling": [], "vrijToegankelijk": false, "gemeenteBeperking": null, "openingstijden": null, "latitude": 52.7623134, "longitude": 6.9052929, "bronId": "L018639"}}, {"type": "Feature", "geometry": {"type": "Point", "coordinates": [6.9051276, 52.7627533]}, "properties": {"type": "inleverpunt", "locatieNaam": "Leen Bakker", "straatNaam": "Nijbracht", "straatNr": "64", "postcode": "7821 CA", "plaats": "Emmen", "merk": "Stibat", "puntType": "inzamelbak", "materialen": ["batterijen"], "uitbetaling": [], "vrijToegankelijk": false, "gemeenteBeperking": null, "openingstijden": null, "latitude": 52.7627533, "longitude": 6.9051276, "bronId": "L016798"}}, {"type": "Feature", "geometry": {"type": "Point", "coordinates": [6.9181762, 52.7514111]}, "properties": {"type": "inleverpunt", "locatieNaam": "Würth Shop Emmen", "straatNaam": "Cornelis Houtmanstraat", "straatNr": "49", "postcode": "7825 VH", "plaats": "Emmen", "merk": "Stibat", "puntType": "inzamelbak", "materialen": ["batterijen"], "uitbetaling": [], "vrijToegankelijk": false, "gemeenteBeperking": null, "openingstijden": null, "latitude": 52.7514111, "longitude": 6.9181762, "bronId": "L045781"}}, {"type": "Feature", "geometry": {"type": "Point", "coordinates": [6.9067591, 52.7623729]}, "properties": {"type": "inleverpunt", "locatieNaam": "Gamma", "straatNaam": "Nijbracht", "straatNr": "30", "postcode": "7821 CA", "plaats": "Emmen", "merk": "Stibat", "puntType": "inzamelbak", "materialen": ["batterijen"], "uitbetaling": [], "vrijToegankelijk": false, "gemeenteBeperking": null, "openingstijden": null, "latitude": 52.7623729, "longitude": 6.9067591, "bronId": "L007186"}}, {"type": "Feature", "geometry": {"type": "Point", "coordinates": [6.8996605, 52.7692044]}, "properties": {"type": "inleverpunt", "locatieNaam": "Sligro", "straatNaam": "Nijbracht", "straatNr": "85", "postcode": "7821 CB", "plaats": "Emmen", "merk": "Stibat", "puntType": "inzamelbak", "materialen": ["batterijen"], "uitbetaling": [], "vrijToegankelijk": false, "gemeenteBeperking": null, "openingstijden": null, "latitude": 52.7692044, "longitude": 6.8996605, "bronId": "L025494"}}, {"type": "Feature", "geometry": {"type": "Point", "coordinates": [6.8942144, 52.7752711]}, "properties": {"type": "inleverpunt", "locatieNaam": "Lidl", "straatNaam": "Noordbargerstraat", "straatNr": "19", "postcode": "7811 KE", "plaats": "Emmen", "merk": "Stibat", "puntType": "inzamelbak", "materialen": ["batterijen"], "uitbetaling": [], "vrijToegankelijk": false, "gemeenteBeperking": null, "openingstijden": null, "latitude": 52.7752711, "longitude": 6.8942144, "bronId": "L016727"}}, {"type": "Feature", "geometry": {"type": "Point", "coordinates": [6.8958814, 52.7760833]}, "properties": {"type": "inleverpunt", "locatieNaam": "FIETSVOORDEELSHOP", "straatNaam": "Noordbargerstraat", "straatNr": "9", "postcode": "7811 KE", "plaats": "Emmen", "merk": "Stibat", "puntType": "inzamelbak", "materialen": ["batterijen"], "uitbetaling": [], "vrijToegankelijk": false, "gemeenteBeperking": null, "openingstijden": null, "latitude": 52.7760833, "longitude": 6.8958814, "bronId": "L008855"}}, {"type": "Feature", "geometry": {"type": "Point", "coordinates": [6.8970369, 52.7782168]}, "properties": {"type": "inleverpunt", "locatieNaam": "Jumbo", "straatNaam": "Wilhelminastraat", "straatNr": "7", "postcode": "7811 JA", "plaats": "Emmen", "merk": "Stibat", "puntType": "inzamelbak", "materialen": ["batterijen"], "uitbetaling": [], "vrijToegankelijk": false, "gemeenteBeperking": null, "openingstijden": null, "latitude": 52.7782168, "longitude": 6.8970369, "bronId": "L029577"}}, {"type": "Feature", "geometry": {"type": "Point", "coordinates": [6.8963758, 52.7788971]}, "properties": {"type": "inleverpunt", "locatieNaam": "Beter Horen", "straatNaam": "Wilhelminastraat", "straatNr": "93", "postcode": "7811 JN", "plaats": "Emmen", "merk": "Stibat", "puntType": "inzamelbak", "materialen": ["batterijen"], "uitbetaling": [], "vrijToegankelijk": false, "gemeenteBeperking": null, "openingstijden": null, "latitude": 52.7788971, "longitude": 6.8963758, "bronId": "L037380"}}, {"type": "Feature", "geometry": {"type": "Point", "coordinates": [6.9178823, 52.7597048]}, "properties": {"type": "inleverpunt", "locatieNaam": "Milieustraat Emmen", "straatNaam": "Columbusstraat", "straatNr": "25", "postcode": "7825 VP", "plaats": "Emmen", "merk": "Stibat", "puntType": "inzamelbak", "materialen": ["batterijen"], "uitbetaling": [], "vrijToegankelijk": false, "gemeenteBeperking": null, "openingstijden": null, "latitude": 52.7597048, "longitude": 6.9178823, "bronId": "L035865"}}, {"type": "Feature", "geometry": {"type": "Point", "coordinates": [6.8936883, 52.7817306]}, "properties": {"type": "inleverpunt", "locatieNaam": "Primera", "straatNaam": "Dalipassage", "straatNr": "59", "postcode": "7811 DA", "plaats": "Emmen", "merk": "Stibat", "puntType": "inzamelbak", "materialen": ["batterijen"], "uitbetaling": [], "vrijToegankelijk": false, "gemeenteBeperking": null, "openingstijden": null, "latitude": 52.7817306, "longitude": 6.8936883, "bronId": "L022043"}}, {"type": "Feature", "geometry": {"type": "Point", "coordinates": [6.8942122, 52.7814164]}, "properties": {"type": "inleverpunt", "locatieNaam": "1096 Albert Heijn", "straatNaam": "Baander", "straatNr": "165", "postcode": "7811 HT", "plaats": "Emmen", "merk": "Stibat", "puntType": "inzamelbak", "materialen": ["batterijen"], "uitbetaling": [], "vrijToegankelijk": false, "gemeenteBeperking": null, "openingstijden": null, "latitude": 52.7814164, "longitude": 6.8942122, "bronId": "L005936"}}, {"type": "Feature", "geometry": {"type": "Point", "coordinates": [6.893344, 52.7823983]}, "properties": {"type": "inleverpunt", "locatieNaam": "Schoonenberg Hoorcomfort", "straatNaam": "Dalipassage", "straatNr": "44", "postcode": "7811 DB", "plaats": "Emmen", "merk": "Stibat", "puntType": "inzamelbak", "materialen": ["batterijen"], "uitbetaling": [], "vrijToegankelijk": false, "gemeenteBeperking": null, "openingstijden": null, "latitude": 52.7823983, "longitude": 6.893344, "bronId": "L020158"}}, {"type": "Feature", "geometry": {"type": "Point", "coordinates": [6.8930102, 52.7827507]}, "properties": {"type": "inleverpunt", "locatieNaam": "Dirk", "straatNaam": "Willinkplein", "straatNr": "38-50", "postcode": "7811 DD", "plaats": "Emmen", "merk": "Stibat", "puntType": "inzamelbak", "materialen": ["batterijen"], "uitbetaling": [], "vrijToegankelijk": false, "gemeenteBeperking": null, "openingstijden": null, "latitude": 52.7827507, "longitude": 6.8930102, "bronId": "L044398"}}, {"type": "Feature", "geometry": {"type": "Point", "coordinates": [6.893657, 52.7823827]}, "properties": {"type": "inleverpunt", "locatieNaam": "Bruna", "straatNaam": "Dalipassage", "straatNr": "45", "postcode": "7811 DA", "plaats": "Emmen", "merk": "Stibat", "puntType": "inzamelbak", "materialen": ["batterijen"], "uitbetaling": [], "vrijToegankelijk": false, "gemeenteBeperking": null, "openingstijden": null, "latitude": 52.7823827, "longitude": 6.893657, "bronId": "L042786"}}, {"type": "Feature", "geometry": {"type": "Point", "coordinates": [6.8940486, 52.7822633]}, "properties": {"type": "inleverpunt", "locatieNaam": "BelCompany", "straatNaam": "Picassopassage", "straatNr": "5", "postcode": "7811 DN", "plaats": "Emmen", "merk": "Stibat", "puntType": "inzamelbak", "materialen": ["batterijen"], "uitbetaling": [], "vrijToegankelijk": false, "gemeenteBeperking": null, "openingstijden": null, "latitude": 52.7822633, "longitude": 6.8940486, "bronId": "L014897"}}, {"type": "Feature", "geometry": {"type": "Point", "coordinates": [6.893698, 52.782843]}, "properties": {"type": "inleverpunt", "locatieNaam": "Wibra", "straatNaam": "Monetpassage", "straatNr": "17", "postcode": "7811 DL", "plaats": "Emmen", "merk": "Stibat", "puntType": "inzamelbak", "materialen": ["batterijen"], "uitbetaling": [], "vrijToegankelijk": false, "gemeenteBeperking": null, "openingstijden": null, "latitude": 52.782843, "longitude": 6.893698, "bronId": "L024087"}}, {"type": "Feature", "geometry": {"type": "Point", "coordinates": [6.893802, 52.7828507]}, "properties": {"type": "inleverpunt", "locatieNaam": "Zeeman", "straatNaam": "Monetpassage", "straatNr": "27", "postcode": "7811 DL", "plaats": "Emmen", "merk": "Stibat", "puntType": "inzamelbak", "materialen": ["batterijen"], "uitbetaling": [], "vrijToegankelijk": false, "gemeenteBeperking": null, "openingstijden": null, "latitude": 52.7828507, "longitude": 6.893802, "bronId": "L021207"}}, {"type": "Feature", "geometry": {"type": "Point", "coordinates": [6.896406, 52.780965]}, "properties": {"type": "inleverpunt", "locatieNaam": "Prenatal EMMEN", "straatNaam": "Wilhelminastraat", "straatNr": "73", "postcode": "7811 JH", "plaats": "Emmen", "merk": "Stibat", "puntType": "inzamelbak", "materialen": ["batterijen"], "uitbetaling": [], "vrijToegankelijk": false, "gemeenteBeperking": null, "openingstijden": null, "latitude": 52.780965, "longitude": 6.896406, "bronId": "L039585"}}, {"type": "Feature", "geometry": {"type": "Point", "coordinates": [6.8962938, 52.7814161]}, "properties": {"type": "inleverpunt", "locatieNaam": "KS Telecom", "straatNaam": "Baander", "straatNr": "3", "postcode": "7811 HH", "plaats": "Emmen", "merk": "Stibat", "puntType": "inzamelbak", "materialen": ["batterijen"], "uitbetaling": [], "vrijToegankelijk": false, "gemeenteBeperking": null, "openingstijden": null, "latitude": 52.7814161, "longitude": 6.8962938, "bronId": "L039202"}}, {"type": "Feature", "geometry": {"type": "Point", "coordinates": [6.893076, 52.7844401]}, "properties": {"type": "inleverpunt", "locatieNaam": "ANWB", "straatNaam": "Raadhuisplein", "straatNr": "72", "postcode": "7811 AP", "plaats": "Emmen", "merk": "Stibat", "puntType": "inzamelbak", "materialen": ["batterijen"], "uitbetaling": [], "vrijToegankelijk": false, "gemeenteBeperking": null, "openingstijden": null, "latitude": 52.7844401, "longitude": 6.893076, "bronId": "L044579"}}, {"type": "Feature", "geometry": {"type": "Point", "coordinates": [6.8969317, 52.7811842]}, "properties": {"type": "inleverpunt", "locatieNaam": "Europart/Het Onderdelenhuis Emmen", "straatNaam": "Wilhelminastraat", "straatNr": "38", "postcode": "7811 JC", "plaats": "Emmen", "merk": "Stibat", "puntType": "inzamelbak", "materialen": ["batterijen"], "uitbetaling": [], "vrijToegankelijk": false, "gemeenteBeperking": null, "openingstijden": null, "latitude": 52.7811842, "longitude": 6.8969317, "bronId": "L015222"}}, {"type": "Feature", "geometry": {"type": "Point", "coordinates": [6.8951232, 52.7829846]}, "properties": {"type": "inleverpunt", "locatieNaam": "Specsavers", "straatNaam": "Picassopassage", "straatNr": "58", "postcode": "7811 DP", "plaats": "Emmen", "merk": "Stibat", "puntType": "inzamelbak", "materialen": ["batterijen"], "uitbetaling": [], "vrijToegankelijk": false, "gemeenteBeperking": null, "openingstijden": null, "latitude": 52.7829846, "longitude": 6.8951232, "bronId": "L045036"}}, {"type": "Feature", "geometry": {"type": "Point", "coordinates": [6.8951446, 52.7830943]}, "properties": {"type": "inleverpunt", "locatieNaam": "Expert", "straatNaam": "Picassopassage", "straatNr": "42", "postcode": "7811 DP", "plaats": "Emmen", "merk": "Stibat", "puntType": "inzamelbak", "materialen": ["batterijen"], "uitbetaling": [], "vrijToegankelijk": false, "gemeenteBeperking": null, "openingstijden": null, "latitude": 52.7830943, "longitude": 6.8951446, "bronId": "L009318"}}, {"type": "Feature", "geometry": {"type": "Point", "coordinates": [6.8954758, 52.7828115]}, "properties": {"type": "inleverpunt", "locatieNaam": "Kruidvat", "straatNaam": "Monnetpassage", "straatNr": "39", "postcode": "7811 DL", "plaats": "Emmen", "merk": "Stibat", "puntType": "inzamelbak", "materialen": ["batterijen"], "uitbetaling": [], "vrijToegankelijk": false, "gemeenteBeperking": null, "openingstijden": null, "latitude": 52.7828115, "longitude": 6.8954758, "bronId": "L014959"}}, {"type": "Feature", "geometry": {"type": "Point", "coordinates": [6.8952183, 52.7830844]}, "properties": {"type": "inleverpunt", "locatieNaam": "Perry", "straatNaam": "Picassopassage", "straatNr": "44", "postcode": "7811 DP", "plaats": "Emmen", "merk": "Stibat", "puntType": "inzamelbak", "materialen": ["batterijen"], "uitbetaling": [], "vrijToegankelijk": false, "gemeenteBeperking": null, "openingstijden": null, "latitude": 52.7830844, "longitude": 6.8952183, "bronId": "L023348"}}, {"type": "Feature", "geometry": {"type": "Point", "coordinates": [6.8951267, 52.7834361]}, "properties": {"type": "inleverpunt", "locatieNaam": "Phone House", "straatNaam": "Picassopassage", "straatNr": "78", "postcode": "7811 DP", "plaats": "Emmen", "merk": "Stibat", "puntType": "inzamelbak", "materialen": ["batterijen"], "uitbetaling": [], "vrijToegankelijk": false, "gemeenteBeperking": null, "openingstijden": null, "latitude": 52.7834361, "longitude": 6.8951267, "bronId": "L024652"}}, {"type": "Feature", "geometry": {"type": "Point", "coordinates": [6.8940866, 52.7843612]}, "properties": {"type": "inleverpunt", "locatieNaam": "Xenos", "straatNaam": "Chagallpassage", "straatNr": "15", "postcode": "7811 DG", "plaats": "Emmen", "merk": "Stibat", "puntType": "inzamelbak", "materialen": ["batterijen"], "uitbetaling": [], "vrijToegankelijk": false, "gemeenteBeperking": null, "openingstijden": null, "latitude": 52.7843612, "longitude": 6.8940866, "bronId": "L037064"}}, {"type": "Feature", "geometry": {"type": "Point", "coordinates": [6.893785, 52.784642]}, "properties": {"type": "inleverpunt", "locatieNaam": "Hans Anders", "straatNaam": "Chagallpassage", "straatNr": "6", "postcode": "7811 DG", "plaats": "Emmen", "merk": "Stibat", "puntType": "inzamelbak", "materialen": ["batterijen"], "uitbetaling": [], "vrijToegankelijk": false, "gemeenteBeperking": null, "openingstijden": null, "latitude": 52.784642, "longitude": 6.893785, "bronId": "L037804"}}, {"type": "Feature", "geometry": {"type": "Point", "coordinates": [6.8946944, 52.7841229]}, "properties": {"type": "inleverpunt", "locatieNaam": "DOUGLAS", "straatNaam": "Mondriaanplein", "straatNr": "4", "postcode": "7811 DH", "plaats": "Emmen", "merk": "Stibat", "puntType": "inzamelbak", "materialen": ["batterijen"], "uitbetaling": [], "vrijToegankelijk": false, "gemeenteBeperking": null, "openingstijden": null, "latitude": 52.7841229, "longitude": 6.8946944, "bronId": "L049216"}}, {"type": "Feature", "geometry": {"type": "Point", "coordinates": [6.8951709, 52.7843681]}, "properties": {"type": "inleverpunt", "locatieNaam": "Juwelier A. Kremer", "straatNaam": "Notaris Oostingstraat", "straatNr": "8", "postcode": "7811 CT", "plaats": "Emmen", "merk": "Stibat", "puntType": "inzamelbak", "materialen": ["batterijen"], "uitbetaling": [], "vrijToegankelijk": false, "gemeenteBeperking": null, "openingstijden": null, "latitude": 52.7843681, "longitude": 6.8951709, "bronId": "L032290"}}, {"type": "Feature", "geometry": {"type": "Point", "coordinates": [6.8953984, 52.7844393]}, "properties": {"type": "inleverpunt", "locatieNaam": "Juwelier Arn van Es", "straatNaam": "Notaris Oostingstraat", "straatNr": "4", "postcode": "7811 CT", "plaats": "Emmen", "merk": "Stibat", "puntType": "inzamelbak", "materialen": ["batterijen"], "uitbetaling": [], "vrijToegankelijk": false, "gemeenteBeperking": null, "openingstijden": null, "latitude": 52.7844393, "longitude": 6.8953984, "bronId": "L019716"}}, {"type": "Feature", "geometry": {"type": "Point", "coordinates": [6.8925598, 52.7872542]}, "properties": {"type": "inleverpunt", "locatieNaam": "1050 Action", "straatNaam": "Westerstraat", "straatNr": "206", "postcode": "7811 MZ", "plaats": "Emmen", "merk": "Stibat", "puntType": "inzamelbak", "materialen": ["batterijen"], "uitbetaling": [], "vrijToegankelijk": false, "gemeenteBeperking": null, "openingstijden": null, "latitude": 52.7872542, "longitude": 6.8925598, "bronId": "L018823"}}, {"type": "Feature", "geometry": {"type": "Point", "coordinates": [6.8929632, 52.7874264]}, "properties": {"type": "inleverpunt", "locatieNaam": "Kruidvat", "straatNaam": "Noorderstraat", "straatNr": "31", "postcode": "7811 AK", "plaats": "Emmen", "merk": "Stibat", "puntType": "inzamelbak", "materialen": ["batterijen"], "uitbetaling": [], "vrijToegankelijk": false, "gemeenteBeperking": null, "openingstijden": null, "latitude": 52.7874264, "longitude": 6.8929632, "bronId": "L015297"}}, {"type": "Feature", "geometry": {"type": "Point", "coordinates": [6.8935447, 52.7870064]}, "properties": {"type": "inleverpunt", "locatieNaam": "Foto Meilink", "straatNaam": "Noorderstraat", "straatNr": "18", "postcode": "7811 AL", "plaats": "Emmen", "merk": "Stibat", "puntType": "inzamelbak", "materialen": ["batterijen"], "uitbetaling": [], "vrijToegankelijk": false, "gemeenteBeperking": null, "openingstijden": null, "latitude": 52.7870064, "longitude": 6.8935447, "bronId": "L009625"}}, {"type": "Feature", "geometry": {"type": "Point", "coordinates": [6.8936296, 52.7869672]}, "properties": {"type": "inleverpunt", "locatieNaam": "Slot en Sleutelservice Jan Dekker", "straatNaam": "Noorderstraat", "straatNr": "15a", "postcode": "7811 AK", "plaats": "Emmen", "merk": "Stibat", "puntType": "inzamelbak", "materialen": ["batterijen"], "uitbetaling": [], "vrijToegankelijk": false, "gemeenteBeperking": null, "openingstijden": null, "latitude": 52.7869672, "longitude": 6.8936296, "bronId": "L040924"}}, {"type": "Feature", "geometry": {"type": "Point", "coordinates": [6.8948985, 52.7861892]}, "properties": {"type": "inleverpunt", "locatieNaam": "HEMA Hoofdstraat", "straatNaam": "Hoofdstraat", "straatNr": "34", "postcode": "7811 EP", "plaats": "Emmen", "merk": "Stibat", "puntType": "inzamelbak", "materialen": ["batterijen"], "uitbetaling": [], "vrijToegankelijk": false, "gemeenteBeperking": null, "openingstijden": null, "latitude": 52.7861892, "longitude": 6.8948985, "bronId": "L007319"}}, {"type": "Feature", "geometry": {"type": "Point", "coordinates": [6.8947265, 52.7864522]}, "properties": {"type": "inleverpunt", "locatieNaam": "Trekpleister", "straatNaam": "Hoofdstraat", "straatNr": "46", "postcode": "7811 ER", "plaats": "Emmen", "merk": "Stibat", "puntType": "inzamelbak", "materialen": ["batterijen"], "uitbetaling": [], "vrijToegankelijk": false, "gemeenteBeperking": null, "openingstijden": null, "latitude": 52.7864522, "longitude": 6.8947265, "bronId": "L017995"}}, {"type": "Feature", "geometry": {"type": "Point", "coordinates": [6.8923476, 52.7885849]}, "properties": {"type": "inleverpunt", "locatieNaam": "MediaMarkt", "straatNaam": "Noorderplein", "straatNr": "90", "postcode": "7811 MG", "plaats": "Emmen", "merk": "Stibat", "puntType": "inzamelbak", "materialen": ["batterijen"], "uitbetaling": [], "vrijToegankelijk": false, "gemeenteBeperking": null, "openingstijden": null, "latitude": 52.7885849, "longitude": 6.8923476, "bronId": "L032291"}}, {"type": "Feature", "geometry": {"type": "Point", "coordinates": [6.9030062, 52.7798128]}, "properties": {"type": "inleverpunt", "locatieNaam": "Eden Hotel Emmen", "straatNaam": "Van Schaikweg", "straatNr": "55", "postcode": "7811 HN", "plaats": "Emmen", "merk": "Stibat", "puntType": "inzamelbak", "materialen": ["batterijen"], "uitbetaling": [], "vrijToegankelijk": false, "gemeenteBeperking": null, "openingstijden": null, "latitude": 52.7798128, "longitude": 6.9030062, "bronId": "L027852"}}, {"type": "Feature", "geometry": {"type": "Point", "coordinates": [6.8939785, 52.7880594]}, "properties": {"type": "inleverpunt", "locatieNaam": "Intertoys", "straatNaam": "Derksstraat", "straatNr": "9", "postcode": "7811 AJ", "plaats": "Emmen", "merk": "Stibat", "puntType": "inzamelbak", "materialen": ["batterijen"], "uitbetaling": [], "vrijToegankelijk": false, "gemeenteBeperking": null, "openingstijden": null, "latitude": 52.7880594, "longitude": 6.8939785, "bronId": "L005757"}}, {"type": "Feature", "geometry": {"type": "Point", "coordinates": [6.9370502, 52.7499563]}, "properties": {"type": "inleverpunt", "locatieNaam": "ProElectro", "straatNaam": "Willem Schoutenstraat", "straatNr": "26", "postcode": "7825 VV", "plaats": "Emmen", "merk": "Stibat", "puntType": "inzamelbak", "materialen": ["batterijen"], "uitbetaling": [], "vrijToegankelijk": false, "gemeenteBeperking": null, "openingstijden": null, "latitude": 52.7499563, "longitude": 6.9370502, "bronId": "L018323"}}, {"type": "Feature", "geometry": {"type": "Point", "coordinates": [6.8951613, 52.7883162]}, "properties": {"type": "inleverpunt", "locatieNaam": "Foto De Snelprinter", "straatNaam": "Stationsstraat", "straatNr": "4", "postcode": "7811 GH", "plaats": "Emmen", "merk": "Stibat", "puntType": "inzamelbak", "materialen": ["batterijen"], "uitbetaling": [], "vrijToegankelijk": false, "gemeenteBeperking": null, "openingstijden": null, "latitude": 52.7883162, "longitude": 6.8951613, "bronId": "L000316"}}, {"type": "Feature", "geometry": {"type": "Point", "coordinates": [6.9171533, 52.7706528]}, "properties": {"type": "inleverpunt", "locatieNaam": "Het Goed Emmen", "straatNaam": "Kapitein Grantstraat", "straatNr": "24", "postcode": "7821 AR", "plaats": "Emmen", "merk": "Stibat", "puntType": "inzamelbak", "materialen": ["batterijen"], "uitbetaling": [], "vrijToegankelijk": false, "gemeenteBeperking": null, "openingstijden": null, "latitude": 52.7706528, "longitude": 6.9171533, "bronId": "L031735"}}, {"type": "Feature", "geometry": {"type": "Point", "coordinates": [6.8994305, 52.7905249]}, "properties": {"type": "inleverpunt", "locatieNaam": "Rijwielshop Station Emmen", "straatNaam": "Stationsplein", "straatNr": "14", "postcode": "7811 GW", "plaats": "Emmen", "merk": "Stibat", "puntType": "inzamelbak", "materialen": ["batterijen"], "uitbetaling": [], "vrijToegankelijk": false, "gemeenteBeperking": null, "openingstijden": null, "latitude": 52.7905249, "longitude": 6.8994305, "bronId": "L030714"}}, {"type": "Feature", "geometry": {"type": "Point", "coordinates": [6.8983248, 52.7919163]}, "properties": {"type": "inleverpunt", "locatieNaam": "Jumbo", "straatNaam": "Weerdingerstraat", "straatNr": "232 b", "postcode": "7811 CE", "plaats": "Emmen", "merk": "Stibat", "puntType": "inzamelbak", "materialen": ["batterijen"], "uitbetaling": [], "vrijToegankelijk": false, "gemeenteBeperking": null, "openingstijden": null, "latitude": 52.7919163, "longitude": 6.8983248, "bronId": "L030489"}}, {"type": "Feature", "geometry": {"type": "Point", "coordinates": [6.8988371, 52.7937022]}, "properties": {"type": "inleverpunt", "locatieNaam": "Slagter Fietsspecialist", "straatNaam": "Weerdingerstraat", "straatNr": "214", "postcode": "7811 CA", "plaats": "Emmen", "merk": "Stibat", "puntType": "inzamelbak", "materialen": ["batterijen"], "uitbetaling": [], "vrijToegankelijk": false, "gemeenteBeperking": null, "openingstijden": null, "latitude": 52.7937022, "longitude": 6.8988371, "bronId": "L034023"}}, {"type": "Feature", "geometry": {"type": "Point", "coordinates": [6.8987587, 52.7946072]}, "properties": {"type": "inleverpunt", "locatieNaam": "Bike Totaal Theo Bruning", "straatNaam": "Weerdingerstraat", "straatNr": "82", "postcode": "7815 SG", "plaats": "Emmen", "merk": "Stibat", "puntType": "inzamelbak", "materialen": ["batterijen"], "uitbetaling": [], "vrijToegankelijk": false, "gemeenteBeperking": null, "openingstijden": null, "latitude": 52.7946072, "longitude": 6.8987587, "bronId": "L019920"}}, {"type": "Feature", "geometry": {"type": "Point", "coordinates": [6.8949156, 52.7980512]}, "properties": {"type": "inleverpunt", "locatieNaam": "Plus", "straatNaam": "Middenhaag", "straatNr": "7", "postcode": "7815 LB", "plaats": "Emmen", "merk": "Stibat", "puntType": "inzamelbak", "materialen": ["batterijen"], "uitbetaling": [], "vrijToegankelijk": false, "gemeenteBeperking": null, "openingstijden": null, "latitude": 52.7980512, "longitude": 6.8949156, "bronId": "L040869"}}, {"type": "Feature", "geometry": {"type": "Point", "coordinates": [6.8948255, 52.7983691]}, "properties": {"type": "inleverpunt", "locatieNaam": "Kruidvat", "straatNaam": "Middenhaag", "straatNr": "159", "postcode": "7815 LB", "plaats": "Emmen", "merk": "Stibat", "puntType": "inzamelbak", "materialen": ["batterijen"], "uitbetaling": [], "vrijToegankelijk": false, "gemeenteBeperking": null, "openingstijden": null, "latitude": 52.7983691, "longitude": 6.8948255, "bronId": "L025764"}}, {"type": "Feature", "geometry": {"type": "Point", "coordinates": [6.9529339, 52.7457017]}, "properties": {"type": "inleverpunt", "locatieNaam": "Bus Emmen", "straatNaam": "Phileas Foggstraat", "straatNr": "155", "postcode": "7825 AW", "plaats": "Emmen", "merk": "Stibat", "puntType": "inzamelbak", "materialen": ["batterijen"], "uitbetaling": [], "vrijToegankelijk": false, "gemeenteBeperking": null, "openingstijden": null, "latitude": 52.7457017, "longitude": 6.9529339, "bronId": "L043248"}}, {"type": "Feature", "geometry": {"type": "Point", "coordinates": [6.895789, 52.7986945]}, "properties": {"type": "inleverpunt", "locatieNaam": "The Read Shop", "straatNaam": "Middenhaag", "straatNr": "365", "postcode": "7815 LD", "plaats": "Emmen", "merk": "Stibat", "puntType": "inzamelbak", "materialen": ["batterijen"], "uitbetaling": [], "vrijToegankelijk": false, "gemeenteBeperking": null, "openingstijden": null, "latitude": 52.7986945, "longitude": 6.895789, "bronId": "L024463"}}, {"type": "Feature", "geometry": {"type": "Point", "coordinates": [6.896789, 52.7989464]}, "properties": {"type": "inleverpunt", "locatieNaam": "Aldi", "straatNaam": "Middenhaag", "straatNr": "515", "postcode": "7815 LG", "plaats": "Emmen", "merk": "Stibat", "puntType": "inzamelbak", "materialen": ["batterijen"], "uitbetaling": [], "vrijToegankelijk": false, "gemeenteBeperking": null, "openingstijden": null, "latitude": 52.7989464, "longitude": 6.896789, "bronId": "L041514"}}, {"type": "Feature", "geometry": {"type": "Point", "coordinates": [6.9202603, 52.7791689]}, "properties": {"type": "inleverpunt", "locatieNaam": "CIGO", "straatNaam": "Statenweg", "straatNr": "39", "postcode": "7824 CS", "plaats": "Emmen", "merk": "Stibat", "puntType": "inzamelbak", "materialen": ["batterijen"], "uitbetaling": [], "vrijToegankelijk": false, "gemeenteBeperking": null, "openingstijden": null, "latitude": 52.7791689, "longitude": 6.9202603, "bronId": "L036267"}}, {"type": "Feature", "geometry": {"type": "Point", "coordinates": [6.9209155, 52.7794847]}, "properties": {"type": "inleverpunt", "locatieNaam": "Kruidvat", "straatNaam": "Statenweg", "straatNr": "55", "postcode": "7824 CT", "plaats": "Emmen", "merk": "Stibat", "puntType": "inzamelbak", "materialen": ["batterijen"], "uitbetaling": [], "vrijToegankelijk": false, "gemeenteBeperking": null, "openingstijden": null, "latitude": 52.7794847, "longitude": 6.9209155, "bronId": "L016265"}}, {"type": "Feature", "geometry": {"type": "Point", "coordinates": [6.9206148, 52.7797611]}, "properties": {"type": "inleverpunt", "locatieNaam": "1155 Action", "straatNaam": "Statenweg", "straatNr": "15-19", "postcode": "7824 CR", "plaats": "Emmen", "merk": "Stibat", "puntType": "inzamelbak", "materialen": ["batterijen"], "uitbetaling": [], "vrijToegankelijk": false, "gemeenteBeperking": null, "openingstijden": null, "latitude": 52.7797611, "longitude": 6.9206148, "bronId": "L016982"}}, {"type": "Feature", "geometry": {"type": "Point", "coordinates": [6.9210928, 52.7801987]}, "properties": {"type": "inleverpunt", "locatieNaam": "Aldi", "straatNaam": "Peyserhof", "straatNr": "2", "postcode": "7824 CP", "plaats": "Emmen", "merk": "Stibat", "puntType": "inzamelbak", "materialen": ["batterijen"], "uitbetaling": [], "vrijToegankelijk": false, "gemeenteBeperking": null, "openingstijden": null, "latitude": 52.7801987, "longitude": 6.9210928, "bronId": "L041515"}}, {"type": "Feature", "geometry": {"type": "Point", "coordinates": [6.9216285, 52.7798313]}, "properties": {"type": "inleverpunt", "locatieNaam": "KiK Emmen", "straatNaam": "Statenweg", "straatNr": "23A", "postcode": "7824 CS", "plaats": "Emmen", "merk": "Stibat", "puntType": "inzamelbak", "materialen": ["batterijen"], "uitbetaling": [], "vrijToegankelijk": false, "gemeenteBeperking": null, "openingstijden": null, "latitude": 52.7798313, "longitude": 6.9216285, "bronId": "L044894"}}, {"type": "Feature", "geometry": {"type": "Point", "coordinates": [6.9219914, 52.7798102]}, "properties": {"type": "inleverpunt", "locatieNaam": "Zeeman", "straatNaam": "Statenweg", "straatNr": "53", "postcode": "7824 CT", "plaats": "Emmen", "merk": "Stibat", "puntType": "inzamelbak", "materialen": ["batterijen"], "uitbetaling": [], "vrijToegankelijk": false, "gemeenteBeperking": null, "openingstijden": null, "latitude": 52.7798102, "longitude": 6.9219914, "bronId": "L019317"}}, {"type": "Feature", "geometry": {"type": "Point", "coordinates": [6.9221311, 52.7798671]}, "properties": {"type": "inleverpunt", "locatieNaam": "HEMA Emmen Angelslo", "straatNaam": "Statenweg", "straatNr": "23c", "postcode": "7824 CS", "plaats": "Emmen", "merk": "Stibat", "puntType": "inzamelbak", "materialen": ["batterijen"], "uitbetaling": [], "vrijToegankelijk": false, "gemeenteBeperking": null, "openingstijden": null, "latitude": 52.7798671, "longitude": 6.9221311, "bronId": "L046937"}}, {"type": "Feature", "geometry": {"type": "Point", "coordinates": [6.922611, 52.779609]}, "properties": {"type": "inleverpunt", "locatieNaam": "Hans Anders", "straatNaam": "Statenweg", "straatNr": "11", "postcode": "7824 CR", "plaats": "Emmen", "merk": "Stibat", "puntType": "inzamelbak", "materialen": ["batterijen"], "uitbetaling": [], "vrijToegankelijk": false, "gemeenteBeperking": null, "openingstijden": null, "latitude": 52.779609, "longitude": 6.922611, "bronId": "L037803"}}, {"type": "Feature", "geometry": {"type": "Point", "coordinates": [6.92277, 52.7796477]}, "properties": {"type": "inleverpunt", "locatieNaam": "Jumbo", "straatNaam": "Statenweg", "straatNr": "33", "postcode": "7824 CS", "plaats": "Emmen", "merk": "Stibat", "puntType": "inzamelbak", "materialen": ["batterijen"], "uitbetaling": [], "vrijToegankelijk": false, "gemeenteBeperking": null, "openingstijden": null, "latitude": 52.7796477, "longitude": 6.92277, "bronId": "L031901"}}, {"type": "Feature", "geometry": {"type": "Point", "coordinates": [6.9062492, 52.7968916]}, "properties": {"type": "inleverpunt", "locatieNaam": "Praxis 2095", "straatNaam": "Wolfsbergenweg", "straatNr": "8", "postcode": "7822 AW", "plaats": "Emmen", "merk": "Stibat", "puntType": "inzamelbak", "materialen": ["batterijen"], "uitbetaling": [], "vrijToegankelijk": false, "gemeenteBeperking": null, "openingstijden": null, "latitude": 52.7968916, "longitude": 6.9062492, "bronId": "L015147"}}, {"type": "Feature", "geometry": {"type": "Point", "coordinates": [6.9788955, 52.7315715]}, "properties": {"type": "inleverpunt", "locatieNaam": "Welkoop", "straatNaam": "Koriander", "straatNr": "2", "postcode": "7891 WS", "plaats": "Klazienaveen", "merk": "Stibat", "puntType": "inzamelbak", "materialen": ["batterijen"], "uitbetaling": [], "vrijToegankelijk": false, "gemeenteBeperking": null, "openingstijden": null, "latitude": 52.7315715, "longitude": 6.9788955, "bronId": "L018114"}}, {"type": "Feature", "geometry": {"type": "Point", "coordinates": [6.9868171, 52.7246001]}, "properties": {"type": "inleverpunt", "locatieNaam": "4188 Albert Heijn", "straatNaam": "Langestraat", "straatNr": "98", "postcode": "7891 GG", "plaats": "Klazienaveen", "merk": "Stibat", "puntType": "inzamelbak", "materialen": ["batterijen"], "uitbetaling": [], "vrijToegankelijk": false, "gemeenteBeperking": null, "openingstijden": null, "latitude": 52.7246001, "longitude": 6.9868171, "bronId": "L048285"}}, {"type": "Feature", "geometry": {"type": "Point", "coordinates": [6.9875696, 52.7245969]}, "properties": {"type": "inleverpunt", "locatieNaam": "Primera", "straatNaam": "Langestraat", "straatNr": "103", "postcode": "7891 GG", "plaats": "Klazienaveen", "merk": "Stibat", "puntType": "inzamelbak", "materialen": ["batterijen"], "uitbetaling": [], "vrijToegankelijk": false, "gemeenteBeperking": null, "openingstijden": null, "latitude": 52.7245969, "longitude": 6.9875696, "bronId": "L022011"}}, {"type": "Feature", "geometry": {"type": "Point", "coordinates": [6.9871213, 52.7252951]}, "properties": {"type": "inleverpunt", "locatieNaam": "HEMA Van Echtenskanaal Noordzijde", "straatNaam": "Van Echtenskanaal Noordzijde", "straatNr": "135b", "postcode": "7891 AG", "plaats": "Klazienaveen", "merk": "Stibat", "puntType": "inzamelbak", "materialen": ["batterijen"], "uitbetaling": [], "vrijToegankelijk": false, "gemeenteBeperking": null, "openingstijden": null, "latitude": 52.7252951, "longitude": 6.9871213, "bronId": "L007807"}}, {"type": "Feature", "geometry": {"type": "Point", "coordinates": [6.9878652, 52.724584]}, "properties": {"type": "inleverpunt", "locatieNaam": "D.I.O.", "straatNaam": "Langestraat", "straatNr": "105", "postcode": "7891 GG", "plaats": "Klazienaveen", "merk": "Stibat", "puntType": "inzamelbak", "materialen": ["batterijen"], "uitbetaling": [], "vrijToegankelijk": false, "gemeenteBeperking": null, "openingstijden": null, "latitude": 52.724584, "longitude": 6.9878652, "bronId": "L026663"}}, {"type": "Feature", "geometry": {"type": "Point", "coordinates": [6.9881444, 52.7245263]}, "properties": {"type": "inleverpunt", "locatieNaam": "Trekpleister", "straatNaam": "Langestraat", "straatNr": "107", "postcode": "7891 GG", "plaats": "Klazienaveen", "merk": "Stibat", "puntType": "inzamelbak", "materialen": ["batterijen"], "uitbetaling": [], "vrijToegankelijk": false, "gemeenteBeperking": null, "openingstijden": null, "latitude": 52.7245263, "longitude": 6.9881444, "bronId": "L016660"}}, {"type": "Feature", "geometry": {"type": "Point", "coordinates": [6.9881343, 52.7245565]}, "properties": {"type": "inleverpunt", "locatieNaam": "Kruidvat", "straatNaam": "Langestraat", "straatNr": "106", "postcode": "7891 GG", "plaats": "Klazienaveen", "merk": "Stibat", "puntType": "inzamelbak", "materialen": ["batterijen"], "uitbetaling": [], "vrijToegankelijk": false, "gemeenteBeperking": null, "openingstijden": null, "latitude": 52.7245565, "longitude": 6.9881343, "bronId": "L015878"}}, {"type": "Feature", "geometry": {"type": "Point", "coordinates": [6.9888223, 52.724515]}, "properties": {"type": "inleverpunt", "locatieNaam": "Boekwinkel Omlo", "straatNaam": "Langestraat", "straatNr": "111", "postcode": "7891 GG", "plaats": "Klazienaveen", "merk": "Stibat", "puntType": "inzamelbak", "materialen": ["batterijen"], "uitbetaling": [], "vrijToegankelijk": false, "gemeenteBeperking": null, "openingstijden": null, "latitude": 52.724515, "longitude": 6.9888223, "bronId": "L044335"}}, {"type": "Feature", "geometry": {"type": "Point", "coordinates": [6.9894659, 52.7242299]}, "properties": {"type": "inleverpunt", "locatieNaam": "Expert", "straatNaam": "Van Echtenstraat", "straatNr": "1", "postcode": "7891 LM", "plaats": "Klazienaveen", "merk": "Stibat", "puntType": "inzamelbak", "materialen": ["batterijen"], "uitbetaling": [], "vrijToegankelijk": false, "gemeenteBeperking": null, "openingstijden": null, "latitude": 52.7242299, "longitude": 6.9894659, "bronId": "L010846"}}, {"type": "Feature", "geometry": {"type": "Point", "coordinates": [6.9888524, 52.7248834]}, "properties": {"type": "inleverpunt", "locatieNaam": "Xenos", "straatNaam": "Van Echtenskanaal NZ", "straatNr": "133", "postcode": "7891 AG", "plaats": "Klazienaveen", "merk": "Stibat", "puntType": "inzamelbak", "materialen": ["batterijen"], "uitbetaling": [], "vrijToegankelijk": false, "gemeenteBeperking": null, "openingstijden": null, "latitude": 52.7248834, "longitude": 6.9888524, "bronId": "L037002"}}, {"type": "Feature", "geometry": {"type": "Point", "coordinates": [6.9894899, 52.7244812]}, "properties": {"type": "inleverpunt", "locatieNaam": "Zeeman", "straatNaam": "Langestraat", "straatNr": "128 E", "postcode": "7891 GH", "plaats": "Klazienaveen", "merk": "Stibat", "puntType": "inzamelbak", "materialen": ["batterijen"], "uitbetaling": [], "vrijToegankelijk": false, "gemeenteBeperking": null, "openingstijden": null, "latitude": 52.7244812, "longitude": 6.9894899, "bronId": "L019858"}}, {"type": "Feature", "geometry": {"type": "Point", "coordinates": [6.988948, 52.725249]}, "properties": {"type": "inleverpunt", "locatieNaam": "Hans Anders", "straatNaam": "Van Echtenskanaal NZ", "straatNr": "146", "postcode": "7891 AH", "plaats": "Klazienaveen", "merk": "Stibat", "puntType": "inzamelbak", "materialen": ["batterijen"], "uitbetaling": [], "vrijToegankelijk": false, "gemeenteBeperking": null, "openingstijden": null, "latitude": 52.725249, "longitude": 6.988948, "bronId": "L037855"}}, {"type": "Feature", "geometry": {"type": "Point", "coordinates": [6.9917953, 52.7247737]}, "properties": {"type": "inleverpunt", "locatieNaam": "Jumbo", "straatNaam": "Langestraat", "straatNr": "500", "postcode": "7891 AX", "plaats": "Klazienaveen", "merk": "Stibat", "puntType": "inzamelbak", "materialen": ["batterijen"], "uitbetaling": [], "vrijToegankelijk": false, "gemeenteBeperking": null, "openingstijden": null, "latitude": 52.7247737, "longitude": 6.9917953, "bronId": "L032047"}}, {"type": "Feature", "geometry": {"type": "Point", "coordinates": [6.9828365, 52.73415]}, "properties": {"type": "inleverpunt", "locatieNaam": "Praxis 2232", "straatNaam": "Mizar", "straatNr": "6", "postcode": "7891 VE", "plaats": "Klazienaveen", "merk": "Stibat", "puntType": "inzamelbak", "materialen": ["batterijen"], "uitbetaling": [], "vrijToegankelijk": false, "gemeenteBeperking": null, "openingstijden": null, "latitude": 52.73415, "longitude": 6.9828365, "bronId": "L014216"}}, {"type": "Feature", "geometry": {"type": "Point", "coordinates": [6.9835817, 52.7342838]}, "properties": {"type": "inleverpunt", "locatieNaam": "KlusWijs", "straatNaam": "Pollux", "straatNr": "5", "postcode": "7891 VA", "plaats": "Klazienaveen", "merk": "Stibat", "puntType": "inzamelbak", "materialen": ["batterijen"], "uitbetaling": [], "vrijToegankelijk": false, "gemeenteBeperking": null, "openingstijden": null, "latitude": 52.7342838, "longitude": 6.9835817, "bronId": "L036882"}}, {"type": "Feature", "geometry": {"type": "Point", "coordinates": [6.9950131, 52.7233011]}, "properties": {"type": "inleverpunt", "locatieNaam": "PLUS", "straatNaam": "Pastoor Jongeriusstraat", "straatNr": "21", "postcode": "7891 KM", "plaats": "Klazienaveen", "merk": "Stibat", "puntType": "inzamelbak", "materialen": ["batterijen"], "uitbetaling": [], "vrijToegankelijk": false, "gemeenteBeperking": null, "openingstijden": null, "latitude": 52.7233011, "longitude": 6.9950131, "bronId": "L011204"}}, {"type": "Feature", "geometry": {"type": "Point", "coordinates": [6.9949514, 52.724232]}, "properties": {"type": "inleverpunt", "locatieNaam": "Wibra", "straatNaam": "Langestraat", "straatNr": "141B", "postcode": "7891 GJ", "plaats": "Klazienaveen", "merk": "Stibat", "puntType": "inzamelbak", "materialen": ["batterijen"], "uitbetaling": [], "vrijToegankelijk": false, "gemeenteBeperking": null, "openingstijden": null, "latitude": 52.724232, "longitude": 6.9949514, "bronId": "L024411"}}, {"type": "Feature", "geometry": {"type": "Point", "coordinates": [6.9952517, 52.7242305]}, "properties": {"type": "inleverpunt", "locatieNaam": "Procom", "straatNaam": "Langestraat", "straatNr": "142", "postcode": "7891 GJ", "plaats": "Klazienaveen", "merk": "Stibat", "puntType": "inzamelbak", "materialen": ["batterijen"], "uitbetaling": [], "vrijToegankelijk": false, "gemeenteBeperking": null, "openingstijden": null, "latitude": 52.7242305, "longitude": 6.9952517, "bronId": "L038967"}}, {"type": "Feature", "geometry": {"type": "Point", "coordinates": [6.995728, 52.7242263]}, "properties": {"type": "inleverpunt", "locatieNaam": "1093 Action", "straatNaam": "Langestraat", "straatNr": "145", "postcode": "7891 GJ", "plaats": "Klazienaveen", "merk": "Stibat", "puntType": "inzamelbak", "materialen": ["batterijen"], "uitbetaling": [], "vrijToegankelijk": false, "gemeenteBeperking": null, "openingstijden": null, "latitude": 52.7242263, "longitude": 6.995728, "bronId": "L017007"}}, {"type": "Feature", "geometry": {"type": "Point", "coordinates": [6.9963925, 52.7241813]}, "properties": {"type": "inleverpunt", "locatieNaam": "Forcys Computers en Automatisering", "straatNaam": "Langestraat", "straatNr": "156 B", "postcode": "7891 GK", "plaats": "Klazienaveen", "merk": "Stibat", "puntType": "inzamelbak", "materialen": ["batterijen"], "uitbetaling": [], "vrijToegankelijk": false, "gemeenteBeperking": null, "openingstijden": null, "latitude": 52.7241813, "longitude": 6.9963925, "bronId": "L028142"}}, {"type": "Feature", "geometry": {"type": "Point", "coordinates": [6.996717, 52.7241598]}, "properties": {"type": "inleverpunt", "locatieNaam": "Lidl", "straatNaam": "Langestraat", "straatNr": "149", "postcode": "7891 GK", "plaats": "Klazienaveen", "merk": "Stibat", "puntType": "inzamelbak", "materialen": ["batterijen"], "uitbetaling": [], "vrijToegankelijk": false, "gemeenteBeperking": null, "openingstijden": null, "latitude": 52.7241598, "longitude": 6.996717, "bronId": "L032051"}}, {"type": "Feature", "geometry": {"type": "Point", "coordinates": [6.9978548, 52.7237988]}, "properties": {"type": "inleverpunt", "locatieNaam": "Aldi", "straatNaam": "Langestraat", "straatNr": "151", "postcode": "7891 GK", "plaats": "Klazienaveen", "merk": "Stibat", "puntType": "inzamelbak", "materialen": ["batterijen"], "uitbetaling": [], "vrijToegankelijk": false, "gemeenteBeperking": null, "openingstijden": null, "latitude": 52.7237988, "longitude": 6.9978548, "bronId": "L041518"}}, {"type": "Feature", "geometry": {"type": "Point", "coordinates": [6.9966814, 52.7264066]}, "properties": {"type": "inleverpunt", "locatieNaam": "Uw Groene Vakwinkel", "straatNaam": "Mr. Ovingkanaal O.Z.", "straatNr": "2", "postcode": "7891 EV", "plaats": "Klazienaveen", "merk": "Stibat", "puntType": "inzamelbak", "materialen": ["batterijen"], "uitbetaling": [], "vrijToegankelijk": false, "gemeenteBeperking": null, "openingstijden": null, "latitude": 52.7264066, "longitude": 6.9966814, "bronId": "L020915"}}, {"type": "Feature", "geometry": {"type": "Point", "coordinates": [6.9991582, 52.7241079]}, "properties": {"type": "inleverpunt", "locatieNaam": "Bike Totaal Erik Brüning", "straatNaam": "Langestraat", "straatNr": "157", "postcode": "7891 GK", "plaats": "Klazienaveen", "merk": "Stibat", "puntType": "inzamelbak", "materialen": ["batterijen"], "uitbetaling": [], "vrijToegankelijk": false, "gemeenteBeperking": null, "openingstijden": null, "latitude": 52.7241079, "longitude": 6.9991582, "bronId": "L034034"}}, {"type": "Feature", "geometry": {"type": "Point", "coordinates": [7.0006231, 52.7240881]}, "properties": {"type": "inleverpunt", "locatieNaam": "Rijwielhandel Roosken", "straatNaam": "Langestraat", "straatNr": "164", "postcode": "7891 GL", "plaats": "Klazienaveen", "merk": "Stibat", "puntType": "inzamelbak", "materialen": ["batterijen"], "uitbetaling": [], "vrijToegankelijk": false, "gemeenteBeperking": null, "openingstijden": null, "latitude": 52.7240881, "longitude": 7.0006231, "bronId": "L034035"}}, {"type": "Feature", "geometry": {"type": "Point", "coordinates": [6.9522917, 52.7785552]}, "properties": {"type": "inleverpunt", "locatieNaam": "Caravan Centrum Emmen", "straatNaam": "Navigatiestraat", "straatNr": "8", "postcode": "7826 TD", "plaats": "Emmen", "merk": "Stibat", "puntType": "inzamelbak", "materialen": ["batterijen"], "uitbetaling": [], "vrijToegankelijk": false, "gemeenteBeperking": null, "openingstijden": null, "latitude": 52.7785552, "longitude": 6.9522917, "bronId": "L026437"}}, {"type": "Feature", "geometry": {"type": "Point", "coordinates": [6.9370893, 52.7924362]}, "properties": {"type": "inleverpunt", "locatieNaam": "Lidl", "straatNaam": "Houtweg", "straatNr": "151", "postcode": "7823 PH", "plaats": "Emmen", "merk": "Stibat", "puntType": "inzamelbak", "materialen": ["batterijen"], "uitbetaling": [], "vrijToegankelijk": false, "gemeenteBeperking": null, "openingstijden": null, "latitude": 52.7924362, "longitude": 6.9370893, "bronId": "L030896"}}, {"type": "Feature", "geometry": {"type": "Point", "coordinates": [6.9369706, 52.7926041]}, "properties": {"type": "inleverpunt", "locatieNaam": "Primera", "straatNaam": "Houtweg", "straatNr": "152", "postcode": "7823 PG", "plaats": "Emmen", "merk": "Stibat", "puntType": "inzamelbak", "materialen": ["batterijen"], "uitbetaling": [], "vrijToegankelijk": false, "gemeenteBeperking": null, "openingstijden": null, "latitude": 52.7926041, "longitude": 6.9369706, "bronId": "L041889"}}, {"type": "Feature", "geometry": {"type": "Point", "coordinates": [6.9376588, 52.7923158]}, "properties": {"type": "inleverpunt", "locatieNaam": "Wibra", "straatNaam": "Houtweg", "straatNr": "287", "postcode": "7823 PV", "plaats": "Emmen", "merk": "Stibat", "puntType": "inzamelbak", "materialen": ["batterijen"], "uitbetaling": [], "vrijToegankelijk": false, "gemeenteBeperking": null, "openingstijden": null, "latitude": 52.7923158, "longitude": 6.9376588, "bronId": "L023739"}}, {"type": "Feature", "geometry": {"type": "Point", "coordinates": [7.0115998, 52.7218714]}, "properties": {"type": "inleverpunt", "locatieNaam": "Kemco Voordeelshop", "straatNaam": "Industriestraat", "straatNr": "20", "postcode": "7891 GV", "plaats": "Klazienaveen", "merk": "Stibat", "puntType": "inzamelbak", "materialen": ["batterijen"], "uitbetaling": [], "vrijToegankelijk": false, "gemeenteBeperking": null, "openingstijden": null, "latitude": 52.7218714, "longitude": 7.0115998, "bronId": "L010190"}}, {"type": "Feature", "geometry": {"type": "Point", "coordinates": [6.9386022, 52.7923962]}, "properties": {"type": "inleverpunt", "locatieNaam": "Kruidvat", "straatNaam": "Houtweg", "straatNr": "290", "postcode": "7823 PV", "plaats": "Emmen", "merk": "Stibat", "puntType": "inzamelbak", "materialen": ["batterijen"], "uitbetaling": [], "vrijToegankelijk": false, "gemeenteBeperking": null, "openingstijden": null, "latitude": 52.7923962, "longitude": 6.9386022, "bronId": "L030486"}}, {"type": "Feature", "geometry": {"type": "Point", "coordinates": [6.9384241, 52.7926213]}, "properties": {"type": "inleverpunt", "locatieNaam": "Jumbo", "straatNaam": "Houtweg", "straatNr": "296", "postcode": "7823 PV", "plaats": "Emmen", "merk": "Stibat", "puntType": "inzamelbak", "materialen": ["batterijen"], "uitbetaling": [], "vrijToegankelijk": false, "gemeenteBeperking": null, "openingstijden": null, "latitude": 52.7926213, "longitude": 6.9384241, "bronId": "L031684"}}, {"type": "Feature", "geometry": {"type": "Point", "coordinates": [7.0399211, 52.7223174]}, "properties": {"type": "inleverpunt", "locatieNaam": "Spar", "straatNaam": "Klemstrook", "straatNr": "2a", "postcode": "7894 CN", "plaats": "Zwartemeer", "merk": "Stibat", "puntType": "inzamelbak", "materialen": ["batterijen"], "uitbetaling": [], "vrijToegankelijk": false, "gemeenteBeperking": null, "openingstijden": null, "latitude": 52.7223174, "longitude": 7.0399211, "bronId": "L031509"}}, {"type": "Feature", "geometry": {"type": "Point", "coordinates": [7.0258888, 52.8090199]}, "properties": {"type": "inleverpunt", "locatieNaam": "Hubo", "straatNaam": "Kijlweg", "straatNr": "3", "postcode": "7881 JD", "plaats": "Emmer Compascuum", "merk": "Stibat", "puntType": "inzamelbak", "materialen": ["batterijen"], "uitbetaling": [], "vrijToegankelijk": false, "gemeenteBeperking": null, "openingstijden": null, "latitude": 52.8090199, "longitude": 7.0258888, "bronId": "L041935"}}, {"type": "Feature", "geometry": {"type": "Point", "coordinates": [7.04514, 52.8110323]}, "properties": {"type": "inleverpunt", "locatieNaam": "Kruidvat", "straatNaam": "Runde ZZ", "straatNr": "111", "postcode": "7881 HR", "plaats": "Emmer Compascuum", "merk": "Stibat", "puntType": "inzamelbak", "materialen": ["batterijen"], "uitbetaling": [], "vrijToegankelijk": false, "gemeenteBeperking": null, "openingstijden": null, "latitude": 52.8110323, "longitude": 7.04514, "bronId": "L019383"}}, {"type": "Feature", "geometry": {"type": "Point", "coordinates": [7.0455076, 52.8109463]}, "properties": {"type": "inleverpunt", "locatieNaam": "Marskramer", "straatNaam": "Runde ZZ", "straatNr": "113", "postcode": "7881 HR", "plaats": "Emmer Compascuum", "merk": "Stibat", "puntType": "inzamelbak", "materialen": ["batterijen"], "uitbetaling": [], "vrijToegankelijk": false, "gemeenteBeperking": null, "openingstijden": null, "latitude": 52.8109463, "longitude": 7.0455076, "bronId": "L023352"}}, {"type": "Feature", "geometry": {"type": "Point", "coordinates": [7.0480081, 52.8121582]}, "properties": {"type": "inleverpunt", "locatieNaam": "Aldi", "straatNaam": "Hoofdkanaal WZ", "straatNr": "13", "postcode": "7881 AA", "plaats": "Emmer- Compasc.", "merk": "Stibat", "puntType": "inzamelbak", "materialen": ["batterijen"], "uitbetaling": [], "vrijToegankelijk": false, "gemeenteBeperking": null, "openingstijden": null, "latitude": 52.8121582, "longitude": 7.0480081, "bronId": "L041517"}}, {"type": "Feature", "geometry": {"type": "Point", "coordinates": [7.0047888, 52.8667022]}, "properties": {"type": "inleverpunt", "locatieNaam": "Gulf Tankstation", "straatNaam": "Weerdingerkanaal NZ", "straatNr": "N2 230", "postcode": "7831 HS", "plaats": "Nieuw Weerdinge", "merk": "Stibat", "puntType": "inzamelbak", "materialen": ["batterijen"], "uitbetaling": [], "vrijToegankelijk": false, "gemeenteBeperking": null, "openingstijden": null, "latitude": 52.8667022, "longitude": 7.0047888, "bronId": "L020065"}}, {"type": "Feature", "geometry": {"type": "Polygon", "coordinates": [[[6.928522003257469, 52.640185004241125], [6.935089003263886, 52.63824300423968], [6.939058003267773, 52.63787100423927], [6.945048003273656, 52.6393130042398], [6.953781003282205, 52.63902700423919], [6.959233003287574, 52.64173100424039], [6.968319003296472, 52.641830004239964], [6.970335003298455, 52.642694004240376], [6.974809003302867, 52.64605300424201], [6.975985003304022, 52.646255004242065], [6.9819250033098275, 52.645013004241086], [6.984156003311998, 52.6436770042402], [6.992459003320105, 52.64133200423844], [6.999233003326745, 52.64215300423856], [7.001877003329331, 52.6419190042383], [7.00449100333188, 52.64087700423751], [7.00659700333392, 52.63852200423613], [7.012492003339678, 52.63677700423482], [7.028762003355584, 52.63464100423277], [7.0353390033620204, 52.634872004232534], [7.036514003363169, 52.63452300423227], [7.038606003365199, 52.63287100423123], [7.04173300336826, 52.63271000423098], [7.055729003382033, 52.643420004236226], [7.055641003381955, 52.644360004236766], [7.054755003381092, 52.644423004236856], [7.064883003391599, 52.72936700428358], [7.071551003398609, 52.810421004327594], [7.079983003406889, 52.821486004333146], [7.079513003406431, 52.82161700433321], [7.080089003406996, 52.8223340043336], [7.08053400340743, 52.8222110043335], [7.092740003419401, 52.838196004341505], [7.0721480033993505, 52.83840500434275], [7.072242003399446, 52.838858004342995], [7.071589003398812, 52.83930200434326], [7.072193003399434, 52.84521100434636], [7.076273003403422, 52.848686004348075], [7.076260003403421, 52.85003100434879], [7.069557003396881, 52.84774800434794], [7.0690390033963775, 52.84793200434807], [7.065917003393358, 52.851642004350275], [7.064270003391748, 52.85104300435], [7.063734003391233, 52.85181200435045], [7.0627470033902675, 52.85144800435031], [7.052301003380152, 52.86149600435632], [7.051461003379334, 52.86118200435621], [7.046433003374462, 52.865856004358996], [7.04348600337159, 52.865219004358764], [7.041527003369704, 52.86915200436105], [7.042151003370313, 52.86922800436104], [7.040242003368478, 52.87290300436311], [7.007589003336672, 52.873011004364905], [6.966638003296698, 52.863868004362196], [6.9644950032946165, 52.86494900436288], [6.961450003291641, 52.86428200436271], [6.958907003289152, 52.862990004362125], [6.957615003287879, 52.86190500436162], [6.95649200328677, 52.85966300436047], [6.9554750032857795, 52.85931500436033], [6.955884003286172, 52.85879400436004], [6.955097003285403, 52.85873500436002], [6.954406003284724, 52.85817100435978], [6.954639003284943, 52.857115004359144], [6.9537720032841, 52.856917004359104], [6.953897003284215, 52.85628700435878], [6.952639003282984, 52.855938004358634], [6.952621003282965, 52.855484004358374], [6.952075003282427, 52.85531600435836], [6.95214800328249, 52.85412500435771], [6.951356003281717, 52.85398300435766], [6.951737003282082, 52.853274004357274], [6.95094800328131, 52.85252000435684], [6.9518550032821915, 52.85223800435671], [6.952275003282594, 52.851308004356156], [6.9504580032808185, 52.851094004356156], [6.950356003280715, 52.8506260043559], [6.951239003281577, 52.850247004355644], [6.950389003280743, 52.849880004355505], [6.950462003280807, 52.84919200435514], [6.949913003280269, 52.848803004354934], [6.948784003279167, 52.84872700435496], [6.90835900323959, 52.834499004349354], [6.883485003215197, 52.82387900434486], [6.869025003201027, 52.81930700434311], [6.865064003197118, 52.815816004341414], [6.858512003190691, 52.81370300434057], [6.855622003187849, 52.81157700433958], [6.852228003184478, 52.806721004337106], [6.848664003180962, 52.80375600433563], [6.847891003180182, 52.80150500433445], [6.843659003175971, 52.794698004330954], [6.831148003163555, 52.77843800432269], [6.831125003163506, 52.775617004321134], [6.833780003166074, 52.77281100431944], [6.834227003166497, 52.77156100431878], [6.8335860031658555, 52.770177004318064], [6.831189003163491, 52.76845700431722], [6.830940003163235, 52.767186004316514], [6.834146003166334, 52.76374500431448], [6.836175003168306, 52.7626760043138], [6.83869700317077, 52.76209900431335], [6.839694003171735, 52.76099600431267], [6.837789003169838, 52.758214004311256], [6.834938003167024, 52.75609800431023], [6.838241003170257, 52.75582800430992], [6.838760003170751, 52.754479004309154], [6.838105003170094, 52.75335100430856], [6.838318003170283, 52.75127600430741], [6.833578003165598, 52.74730500430546], [6.832775003164774, 52.744054004303706], [6.83056600316259, 52.74228700430284], [6.8358860031677455, 52.73709500429973], [6.83748500316928, 52.73450900429819], [6.826361003158344, 52.730888004296766], [6.8284280031603135, 52.72604400429396], [6.829913003161767, 52.72598100429387], [6.832743003164469, 52.71951400429017], [6.83243400316416, 52.71906000428995], [6.8408710031722055, 52.699571004278674], [6.849529003180693, 52.69935400427814], [6.855478003186223, 52.67277900426304], [6.861875003192234, 52.64969100424984], [6.86474500319505, 52.64985900424977], [6.871285003201498, 52.65289900425113], [6.872811003203001, 52.65327100425126], [6.8737580032039265, 52.65312900425116], [6.877203003207283, 52.651354004249974], [6.879950003209969, 52.6505480042494], [6.8914910032212955, 52.65152300424936], [6.897180003226867, 52.65137100424899], [6.898845003228496, 52.65088300424863], [6.902938003232484, 52.64859400424711], [6.908265003237696, 52.64785900424643], [6.914464003243759, 52.646482004245385], [6.914997003244275, 52.645832004244994], [6.915692003244915, 52.641815004242694], [6.9189720032481095, 52.639912004241474], [6.928522003257469, 52.640185004241125]]]}, "properties": {"type": "boundary", "gemeente": "Emmen"}}]}