{"type": "FeatureCollection", "metadata": {"gemeente": "Enschede", "slug": "enschede", "generated_at": "2026-07-28T09:25:50.134599Z", "total_points": 331, "merken": ["StatieDrive", "StatiegeldNederland", "Stibat", "StichtingOPEN"], "bounds": [6.785451, 52.178698, 6.9758668, 52.253048]}, "features": [{"type": "Feature", "geometry": {"type": "Point", "coordinates": [6.8674979, 52.2406855]}, "properties": {"type": "inleverpunt", "locatieNaam": "Achilles Enschede Exploitatie B.v.", "straatNaam": "Horstlindelaan", "straatNr": "255", "postcode": "7522 JG", "plaats": "Enschede", "merk": "StatiegeldNederland", "puntType": "balie", "materialen": ["pet-groot", "pet-klein", "blik"], "uitbetaling": [], "vrijToegankelijk": false, "gemeenteBeperking": null, "openingstijden": {"ma": "17:00–20:00", "di": "18:00–20:00", "wo": "17:00–21:45", "do": "15:00–21:45", "vr": "Gesloten", "za": "09:00–20:00", "zo": "Gesloten"}, "latitude": 52.2406855, "longitude": 6.8674979, "bronId": "251932"}}, {"type": "Feature", "geometry": {"type": "Point", "coordinates": [6.9711041, 52.215262]}, "properties": {"type": "inleverpunt", "locatieNaam": "Albert Heijn", "straatNaam": "Gronausestraat", "straatNr": "1130", "postcode": "7534 AS", "plaats": "Glanerbrug", "merk": "StatiegeldNederland", "puntType": "automaat", "materialen": ["pet-groot", "pet-klein", "blik", "glas", "krat"], "uitbetaling": ["bonnetje", "donatie"], "vrijToegankelijk": true, "gemeenteBeperking": null, "openingstijden": {"ma": "08:00–21:00", "di": "08:00–21:00", "wo": "08:00–21:00", "do": "08:00–21:00", "vr": "08:00–21:00", "za": "08:00–21:00", "zo": "12:00–21:00"}, "latitude": 52.215262, "longitude": 6.9711041, "bronId": "252264"}}, {"type": "Feature", "geometry": {"type": "Point", "coordinates": [6.8557858, 52.1939381]}, "properties": {"type": "inleverpunt", "locatieNaam": "Albert Heijn", "straatNaam": "Kevelhamhoek", "straatNr": "71-73", "postcode": "7546 EN", "plaats": "Enschede", "merk": "StatiegeldNederland", "puntType": "automaat", "materialen": ["pet-groot", "pet-klein", "blik", "glas", "krat"], "uitbetaling": ["bonnetje", "donatie"], "vrijToegankelijk": true, "gemeenteBeperking": null, "openingstijden": {"ma": "08:00–21:00", "di": "08:00–21:00", "wo": "08:00–21:00", "do": "08:00–21:00", "vr": "08:00–21:00", "za": "08:00–21:00", "zo": "12:00–20:00"}, "latitude": 52.1939381, "longitude": 6.8557858, "bronId": "252402"}}, {"type": "Feature", "geometry": {"type": "Point", "coordinates": [6.929266, 52.2193937]}, "properties": {"type": "inleverpunt", "locatieNaam": "Albert Heijn", "straatNaam": "Noord Esmarkerrondweg", "straatNr": "421", "postcode": "7533 BL", "plaats": "Enschede", "merk": "StatiegeldNederland", "puntType": "automaat", "materialen": ["pet-groot", "pet-klein", "blik", "glas", "krat"], "uitbetaling": ["bonnetje", "donatie"], "vrijToegankelijk": true, "gemeenteBeperking": null, "openingstijden": {"ma": "08:00–22:00", "di": "08:00–22:00", "wo": "08:00–22:00", "do": "08:00–22:00", "vr": "08:00–22:00", "za": "08:00–22:00", "zo": "12:00–22:00"}, "latitude": 52.2193937, "longitude": 6.929266, "bronId": "252576"}}, {"type": "Feature", "geometry": {"type": "Point", "coordinates": [6.8947222, 52.2391667]}, "properties": {"type": "inleverpunt", "locatieNaam": "Albert Heijn", "straatNaam": "Rijnstraat", "straatNr": "20", "postcode": "7523 GG", "plaats": "Enschede", "merk": "StatiegeldNederland", "puntType": "automaat", "materialen": ["pet-groot", "pet-klein", "blik", "glas", "krat"], "uitbetaling": ["bonnetje", "donatie"], "vrijToegankelijk": true, "gemeenteBeperking": null, "openingstijden": {"ma": "08:00–22:00", "di": "08:00–22:00", "wo": "08:00–22:00", "do": "08:00–22:00", "vr": "08:00–22:00", "za": "08:00–22:00", "zo": "12:00–22:00"}, "latitude": 52.2391667, "longitude": 6.8947222, "bronId": "252677"}}, {"type": "Feature", "geometry": {"type": "Point", "coordinates": [6.8991433, 52.2168453]}, "properties": {"type": "inleverpunt", "locatieNaam": "Albert Heijn", "straatNaam": "Van Heekplein", "straatNr": "65", "postcode": "7511 HN", "plaats": "Enschede", "merk": "StatiegeldNederland", "puntType": "automaat", "materialen": ["pet-groot", "pet-klein", "blik", "glas", "krat"], "uitbetaling": ["bonnetje", "donatie"], "vrijToegankelijk": true, "gemeenteBeperking": null, "openingstijden": {"ma": "08:00–22:00", "di": "08:00–22:00", "wo": "08:00–22:00", "do": "08:00–22:00", "vr": "08:00–22:00", "za": "08:00–22:00", "zo": "12:00–22:00"}, "latitude": 52.2168453, "longitude": 6.8991433, "bronId": "252840"}}, {"type": "Feature", "geometry": {"type": "Point", "coordinates": [6.9009546, 52.1934148]}, "properties": {"type": "inleverpunt", "locatieNaam": "Albert Heijn", "straatNaam": "Veldhoflanden", "straatNr": "2", "postcode": "7542 LA", "plaats": "Enschede", "merk": "StatiegeldNederland", "puntType": "automaat", "materialen": ["pet-groot", "pet-klein", "blik", "glas", "krat"], "uitbetaling": ["bonnetje", "donatie"], "vrijToegankelijk": true, "gemeenteBeperking": null, "openingstijden": {"ma": "08:00–22:00", "di": "08:00–22:00", "wo": "08:00–22:00", "do": "08:00–22:00", "vr": "08:00–22:00", "za": "08:00–22:00", "zo": "12:00–21:00"}, "latitude": 52.1934148, "longitude": 6.9009546, "bronId": "252855"}}, {"type": "Feature", "geometry": {"type": "Point", "coordinates": [6.878344, 52.1922092]}, "properties": {"type": "inleverpunt", "locatieNaam": "Albert Heijn", "straatNaam": "Wesseler-Nering", "straatNr": "21C", "postcode": "7544 JB", "plaats": "Enschede", "merk": "StatiegeldNederland", "puntType": "automaat", "materialen": ["pet-groot", "pet-klein", "blik", "glas", "krat"], "uitbetaling": ["bonnetje", "donatie"], "vrijToegankelijk": true, "gemeenteBeperking": null, "openingstijden": {"ma": "08:00–22:00", "di": "08:00–22:00", "wo": "08:00–22:00", "do": "08:00–22:00", "vr": "08:00–22:00", "za": "08:00–22:00", "zo": "12:00–22:00"}, "latitude": 52.1922092, "longitude": 6.878344, "bronId": "252904"}}, {"type": "Feature", "geometry": {"type": "Point", "coordinates": [6.861664, 52.2129042]}, "properties": {"type": "inleverpunt", "locatieNaam": "Albert Heijn", "straatNaam": "Wethouder Nijhuisstraat", "straatNr": "164", "postcode": "7545 NM", "plaats": "Enschede", "merk": "StatiegeldNederland", "puntType": "automaat", "materialen": ["pet-groot", "pet-klein", "blik", "glas", "krat"], "uitbetaling": ["bonnetje", "donatie"], "vrijToegankelijk": true, "gemeenteBeperking": null, "openingstijden": {"ma": "08:00–22:00", "di": "08:00–22:00", "wo": "08:00–22:00", "do": "08:00–22:00", "vr": "08:00–22:00", "za": "08:00–22:00", "zo": "12:00–22:00"}, "latitude": 52.2129042, "longitude": 6.861664, "bronId": "252921"}}, {"type": "Feature", "geometry": {"type": "Point", "coordinates": [6.8592205, 52.2288134]}, "properties": {"type": "inleverpunt", "locatieNaam": "Albert Heijn", "straatNaam": "Zonstraat", "straatNr": "28", "postcode": "7521 HH", "plaats": "Enschede", "merk": "StatiegeldNederland", "puntType": "automaat", "materialen": ["pet-groot", "pet-klein", "blik", "glas", "krat"], "uitbetaling": ["bonnetje", "donatie"], "vrijToegankelijk": true, "gemeenteBeperking": null, "openingstijden": {"ma": "08:00–22:00", "di": "08:00–22:00", "wo": "08:00–22:00", "do": "08:00–22:00", "vr": "08:00–22:00", "za": "08:00–22:00", "zo": "12:00–22:00"}, "latitude": 52.2288134, "longitude": 6.8592205, "bronId": "252955"}}, {"type": "Feature", "geometry": {"type": "Point", "coordinates": [6.886294, 52.214285]}, "properties": {"type": "inleverpunt", "locatieNaam": "Aldi", "straatNaam": "Haaksbergerstraat", "straatNr": "202", "postcode": "7513 EC", "plaats": "Enschede", "merk": "StatiegeldNederland", "puntType": "automaat", "materialen": ["pet-groot", "pet-klein", "blik", "glas", "krat"], "uitbetaling": ["bonnetje"], "vrijToegankelijk": true, "gemeenteBeperking": null, "openingstijden": {"ma": "08:00–20:00", "di": "08:00–20:00", "wo": "08:00–20:00", "do": "08:00–20:00", "vr": "08:00–20:00", "za": "08:00–20:00", "zo": "12:00–18:00"}, "latitude": 52.214285, "longitude": 6.886294, "bronId": "253131"}}, {"type": "Feature", "geometry": {"type": "Point", "coordinates": [6.8625835, 52.2121435]}, "properties": {"type": "inleverpunt", "locatieNaam": "Aldi", "straatNaam": "Jan Vermeerstraat", "straatNr": "3", "postcode": "7545 BN", "plaats": "Enschede", "merk": "StatiegeldNederland", "puntType": "automaat", "materialen": ["pet-groot", "pet-klein", "blik", "glas", "krat"], "uitbetaling": ["bonnetje"], "vrijToegankelijk": true, "gemeenteBeperking": null, "openingstijden": {"ma": "08:00–20:00", "di": "08:00–20:00", "wo": "08:00–20:00", "do": "08:00–20:00", "vr": "08:00–20:00", "za": "08:00–20:00", "zo": "12:00–18:00"}, "latitude": 52.2121435, "longitude": 6.8625835, "bronId": "253184"}}, {"type": "Feature", "geometry": {"type": "Point", "coordinates": [6.9110923, 52.2242926]}, "properties": {"type": "inleverpunt", "locatieNaam": "Aldi", "straatNaam": "Lage Bothofstraat", "straatNr": "181", "postcode": "7533 AS", "plaats": "Enschede", "merk": "StatiegeldNederland", "puntType": "automaat", "materialen": ["pet-groot", "pet-klein", "blik", "glas", "krat"], "uitbetaling": ["bonnetje"], "vrijToegankelijk": true, "gemeenteBeperking": null, "openingstijden": {"ma": "08:00–20:00", "di": "08:00–20:00", "wo": "08:00–20:00", "do": "08:00–20:00", "vr": "08:00–20:00", "za": "08:00–20:00", "zo": "12:00–18:00"}, "latitude": 52.2242926, "longitude": 6.9110923, "bronId": "253220"}}, {"type": "Feature", "geometry": {"type": "Point", "coordinates": [6.927612, 52.219709]}, "properties": {"type": "inleverpunt", "locatieNaam": "Aldi", "straatNaam": "Noord Esmarkerrondweg", "straatNr": "421-15", "postcode": "7533 BL", "plaats": "Enschede", "merk": "StatiegeldNederland", "puntType": "automaat", "materialen": ["pet-groot", "pet-klein", "blik", "glas", "krat"], "uitbetaling": ["bonnetje"], "vrijToegankelijk": true, "gemeenteBeperking": null, "openingstijden": {"ma": "08:00–20:00", "di": "08:00–20:00", "wo": "08:00–20:00", "do": "08:00–20:00", "vr": "08:00–20:00", "za": "08:00–20:00", "zo": "12:00–18:00"}, "latitude": 52.219709, "longitude": 6.927612, "bronId": "253285"}}, {"type": "Feature", "geometry": {"type": "Point", "coordinates": [6.8823019, 52.2246848]}, "properties": {"type": "inleverpunt", "locatieNaam": "Aldi", "straatNaam": "Schuttersveld", "straatNr": "3", "postcode": "7514 AC", "plaats": "Enschede", "merk": "StatiegeldNederland", "puntType": "automaat", "materialen": ["pet-groot", "pet-klein", "blik", "glas", "krat"], "uitbetaling": ["bonnetje"], "vrijToegankelijk": true, "gemeenteBeperking": null, "openingstijden": {"ma": "08:00–20:00", "di": "08:00–20:00", "wo": "08:00–20:00", "do": "08:00–20:00", "vr": "08:00–20:00", "za": "08:00–20:00", "zo": "12:00–18:00"}, "latitude": 52.2246848, "longitude": 6.8823019, "bronId": "253358"}}, {"type": "Feature", "geometry": {"type": "Point", "coordinates": [6.901334, 52.192975]}, "properties": {"type": "inleverpunt", "locatieNaam": "Aldi", "straatNaam": "Veldhoflanden", "straatNr": "5e", "postcode": "7542 LA", "plaats": "Enschede", "merk": "StatiegeldNederland", "puntType": "automaat", "materialen": ["pet-groot", "pet-klein", "blik", "glas", "krat"], "uitbetaling": ["bonnetje"], "vrijToegankelijk": true, "gemeenteBeperking": null, "openingstijden": {"ma": "08:00–20:00", "di": "08:00–20:00", "wo": "08:00–20:00", "do": "08:00–20:00", "vr": "08:00–20:00", "za": "08:00–20:00", "zo": "12:00–18:00"}, "latitude": 52.192975, "longitude": 6.901334, "bronId": "253409"}}, {"type": "Feature", "geometry": {"type": "Point", "coordinates": [6.8421813, 52.2228232]}, "properties": {"type": "inleverpunt", "locatieNaam": "Appel 5058 - Vion Enschede", "straatNaam": "t Lenfert", "straatNr": "74", "postcode": "7547 SP", "plaats": "Enschede", "merk": "StatiegeldNederland", "puntType": "balie", "materialen": ["pet-groot", "pet-klein", "blik"], "uitbetaling": [], "vrijToegankelijk": true, "gemeenteBeperking": null, "openingstijden": {"ma": "08:00–17:00", "di": "08:00–17:00", "wo": "08:00–17:00", "do": "08:00–17:00", "vr": "08:00–17:00", "za": "Gesloten", "zo": "Gesloten"}, "latitude": 52.2228232, "longitude": 6.8421813, "bronId": "253681"}}, {"type": "Feature", "geometry": {"type": "Point", "coordinates": [6.853788, 52.2425832]}, "properties": {"type": "inleverpunt", "locatieNaam": "Appel 7001 - Ut De Schuur", "straatNaam": "Boerderijweg", "straatNr": "43", "postcode": "7522 LV", "plaats": "Enschede", "merk": "StatiegeldNederland", "puntType": "balie", "materialen": ["pet-groot", "pet-klein", "blik"], "uitbetaling": [], "vrijToegankelijk": true, "gemeenteBeperking": null, "openingstijden": {"ma": "09:00–17:00", "di": "09:00–17:00", "wo": "09:00–17:00", "do": "09:00–17:00", "vr": "09:00–17:00", "za": "09:00–21:00", "zo": "10:00–21:00"}, "latitude": 52.2425832, "longitude": 6.853788, "bronId": "253691"}}, {"type": "Feature", "geometry": {"type": "Point", "coordinates": [6.8607765, 52.2375774]}, "properties": {"type": "inleverpunt", "locatieNaam": "Appel 7002 - Uni Twente Horst", "straatNaam": "Horst", "straatNr": "2", "postcode": "7522 LW", "plaats": "Enschede", "merk": "StatiegeldNederland", "puntType": "balie", "materialen": ["pet-groot", "pet-klein", "blik"], "uitbetaling": [], "vrijToegankelijk": true, "gemeenteBeperking": null, "openingstijden": {"ma": "08:00–18:00", "di": "08:00–18:00", "wo": "08:00–18:00", "do": "08:00–18:00", "vr": "08:00–18:00", "za": "Gesloten", "zo": "Gesloten"}, "latitude": 52.2375774, "longitude": 6.8607765, "bronId": "253692"}}, {"type": "Feature", "geometry": {"type": "Point", "coordinates": [6.8607765, 52.2375774]}, "properties": {"type": "inleverpunt", "locatieNaam": "Appel 7002 - Ut Horst", "straatNaam": "Horst", "straatNr": "2", "postcode": "7522 LW", "plaats": "Enschede", "merk": "StatiegeldNederland", "puntType": "balie", "materialen": ["pet-groot", "pet-klein", "blik"], "uitbetaling": [], "vrijToegankelijk": true, "gemeenteBeperking": null, "openingstijden": {"ma": "08:00–18:00", "di": "08:00–18:00", "wo": "08:00–18:00", "do": "08:00–18:00", "vr": "08:00–18:00", "za": "Gesloten", "zo": "Gesloten"}, "latitude": 52.2375774, "longitude": 6.8607765, "bronId": "253693"}}, {"type": "Feature", "geometry": {"type": "Point", "coordinates": [6.84979, 52.2396538]}, "properties": {"type": "inleverpunt", "locatieNaam": "Appel 7005 - Ut Spiegel", "straatNaam": "Drienerlolaan", "straatNr": "5", "postcode": "7522 NB", "plaats": "Enschede", "merk": "StatiegeldNederland", "puntType": "balie", "materialen": ["pet-groot", "pet-klein", "blik"], "uitbetaling": [], "vrijToegankelijk": true, "gemeenteBeperking": null, "openingstijden": null, "latitude": 52.2396538, "longitude": 6.84979, "bronId": "253694"}}, {"type": "Feature", "geometry": {"type": "Point", "coordinates": [6.8539088, 52.2429973]}, "properties": {"type": "inleverpunt", "locatieNaam": "Appel 7007 - Ut Vrijhof", "straatNaam": "De Veldmaat", "straatNr": "5", "postcode": "7522 NM", "plaats": "Enschede", "merk": "StatiegeldNederland", "puntType": "balie", "materialen": ["pet-groot", "pet-klein", "blik"], "uitbetaling": [], "vrijToegankelijk": true, "gemeenteBeperking": null, "openingstijden": {"ma": "08:30–23:30", "di": "08:30–23:30", "wo": "08:30–23:30", "do": "08:30–23:30", "vr": "08:30–23:30", "za": "10:00–20:00", "zo": "10:00–20:00"}, "latitude": 52.2429973, "longitude": 6.8539088, "bronId": "253695"}}, {"type": "Feature", "geometry": {"type": "Point", "coordinates": [6.8563975, 52.2384515]}, "properties": {"type": "inleverpunt", "locatieNaam": "Appel 7008 - Ut Waaier", "straatNaam": "Hallenweg", "straatNr": "21", "postcode": "7522 NH", "plaats": "Enschede", "merk": "StatiegeldNederland", "puntType": "balie", "materialen": ["pet-groot", "pet-klein", "blik"], "uitbetaling": [], "vrijToegankelijk": true, "gemeenteBeperking": null, "openingstijden": {"ma": "08:00–20:00", "di": "08:00–20:00", "wo": "08:00–20:00", "do": "08:00–20:00", "vr": "08:00–19:00", "za": "Gesloten", "zo": "Gesloten"}, "latitude": 52.2384515, "longitude": 6.8563975, "bronId": "253696"}}, {"type": "Feature", "geometry": {"type": "Point", "coordinates": [6.9540715, 52.2158082]}, "properties": {"type": "inleverpunt", "locatieNaam": "Avanti Wilskracht", "straatNaam": "Gronausestraat", "straatNr": "846", "postcode": "7534 AM", "plaats": "Enschede", "merk": "StatiegeldNederland", "puntType": "balie", "materialen": ["pet-groot", "pet-klein", "blik"], "uitbetaling": [], "vrijToegankelijk": false, "gemeenteBeperking": null, "openingstijden": {"ma": "08:30–23:00", "di": "08:30–23:00", "wo": "08:30–00:00", "do": "08:30–00:00", "vr": "08:30–00:00", "za": "08:00–19:00", "zo": "08:00–19:00"}, "latitude": 52.2158082, "longitude": 6.9540715, "bronId": "253794"}}, {"type": "Feature", "geometry": {"type": "Point", "coordinates": [6.7955, 52.2023945]}, "properties": {"type": "inleverpunt", "locatieNaam": "Boekelose Tennisclub", "straatNaam": "De Mans", "straatNr": "6", "postcode": "7548 CX", "plaats": "Boekelo", "merk": "StatiegeldNederland", "puntType": "balie", "materialen": ["pet-groot", "pet-klein", "blik"], "uitbetaling": [], "vrijToegankelijk": false, "gemeenteBeperking": null, "openingstijden": {"ma": "09:00–23:00", "di": "09:00–23:00", "wo": "09:00–23:00", "do": "09:00–23:00", "vr": "09:00–23:00", "za": "09:00–23:00", "zo": "09:00–23:00"}, "latitude": 52.2023945, "longitude": 6.7955, "bronId": "253840"}}, {"type": "Feature", "geometry": {"type": "Point", "coordinates": [6.8411951, 52.1812553]}, "properties": {"type": "inleverpunt", "locatieNaam": "Cable Waterskicenter Twente V.o.f.", "straatNaam": "Jacobsrietweg", "straatNr": "175", "postcode": "7546 RG", "plaats": "Enschede", "merk": "StatiegeldNederland", "puntType": "balie", "materialen": ["pet-groot", "pet-klein", "blik"], "uitbetaling": [], "vrijToegankelijk": false, "gemeenteBeperking": null, "openingstijden": {"ma": "12:00–21:00", "di": "12:00–21:00", "wo": "12:00–21:00", "do": "12:00–21:00", "vr": "12:00–21:00", "za": "12:00–21:00", "zo": "12:00–21:00"}, "latitude": 52.1812553, "longitude": 6.8411951, "bronId": "253987"}}, {"type": "Feature", "geometry": {"type": "Point", "coordinates": [6.8894681, 52.2196578]}, "properties": {"type": "inleverpunt", "locatieNaam": "Cg 1234 Saxion Epi Drost", "straatNaam": "Van Galenstraat", "straatNr": "20", "postcode": "7511 JL", "plaats": "Enschede", "merk": "StatiegeldNederland", "puntType": "balie", "materialen": ["pet-groot", "pet-klein", "blik"], "uitbetaling": [], "vrijToegankelijk": true, "gemeenteBeperking": null, "openingstijden": {"ma": "07:30–22:00", "di": "07:30–22:00", "wo": "07:30–22:00", "do": "07:30–22:00", "vr": "07:30–17:30", "za": "Gesloten", "zo": "Gesloten"}, "latitude": 52.2196578, "longitude": 6.8894681, "bronId": "254025"}}, {"type": "Feature", "geometry": {"type": "Point", "coordinates": [6.8863034, 52.2203568]}, "properties": {"type": "inleverpunt", "locatieNaam": "Cg 1807 Saxion Ko Wierenga Bkrij", "straatNaam": "M.H. Tromplaan", "straatNr": "28", "postcode": "7513 AB", "plaats": "Enschede", "merk": "StatiegeldNederland", "puntType": "balie", "materialen": ["pet-groot", "pet-klein", "blik"], "uitbetaling": [], "vrijToegankelijk": true, "gemeenteBeperking": null, "openingstijden": {"ma": "07:30–22:00", "di": "07:30–22:00", "wo": "07:30–22:00", "do": "07:30–22:00", "vr": "07:30–17:30", "za": "Gesloten", "zo": "Gesloten"}, "latitude": 52.2203568, "longitude": 6.8863034, "bronId": "254079"}}, {"type": "Feature", "geometry": {"type": "Point", "coordinates": [6.8863034, 52.2203568]}, "properties": {"type": "inleverpunt", "locatieNaam": "Cg 1808 Saxion Ko Wierenga", "straatNaam": "M.H. Tromplaan", "straatNr": "28", "postcode": "7513 AB", "plaats": "Enschede", "merk": "StatiegeldNederland", "puntType": "balie", "materialen": ["pet-groot", "pet-klein", "blik"], "uitbetaling": [], "vrijToegankelijk": true, "gemeenteBeperking": null, "openingstijden": {"ma": "07:30–22:00", "di": "07:30–22:00", "wo": "07:30–22:00", "do": "07:30–22:00", "vr": "07:30–17:30", "za": "Gesloten", "zo": "Gesloten"}, "latitude": 52.2203568, "longitude": 6.8863034, "bronId": "254080"}}, {"type": "Feature", "geometry": {"type": "Point", "coordinates": [6.8863034, 52.2203568]}, "properties": {"type": "inleverpunt", "locatieNaam": "Cg 1809 Saxion Ko Wierenga Res", "straatNaam": "M.H. Tromplaan", "straatNr": "28", "postcode": "7513 AB", "plaats": "Enschede", "merk": "StatiegeldNederland", "puntType": "balie", "materialen": ["pet-groot", "pet-klein", "blik"], "uitbetaling": [], "vrijToegankelijk": true, "gemeenteBeperking": null, "openingstijden": {"ma": "07:30–22:00", "di": "07:30–22:00", "wo": "07:30–22:00", "do": "07:30–22:00", "vr": "07:30–17:30", "za": "Gesloten", "zo": "Gesloten"}, "latitude": 52.2203568, "longitude": 6.8863034, "bronId": "254081"}}, {"type": "Feature", "geometry": {"type": "Point", "coordinates": [6.8848242, 52.2203845]}, "properties": {"type": "inleverpunt", "locatieNaam": "Cg 1810 Compass Group Nederland", "straatNaam": "Van Galenstraat", "straatNr": "20", "postcode": "7511 JL", "plaats": "Enschede", "merk": "StatiegeldNederland", "puntType": "balie", "materialen": ["pet-groot", "pet-klein", "blik"], "uitbetaling": [], "vrijToegankelijk": true, "gemeenteBeperking": null, "openingstijden": {"ma": "07:30–22:00", "di": "07:30–22:00", "wo": "07:30–22:00", "do": "07:30–22:00", "vr": "07:30–17:30", "za": "Gesloten", "zo": "Gesloten"}, "latitude": 52.2203845, "longitude": 6.8848242, "bronId": "254082"}}, {"type": "Feature", "geometry": {"type": "Point", "coordinates": [6.8883261, 52.2199431]}, "properties": {"type": "inleverpunt", "locatieNaam": "Cg 1811 Saxion Edith Stein", "straatNaam": "Van Galenstraat", "straatNr": "20", "postcode": "7511 JL", "plaats": "Enschede", "merk": "StatiegeldNederland", "puntType": "balie", "materialen": ["pet-groot", "pet-klein", "blik"], "uitbetaling": [], "vrijToegankelijk": true, "gemeenteBeperking": null, "openingstijden": {"ma": "07:30–22:00", "di": "07:30–22:00", "wo": "07:30–22:00", "do": "07:30–22:00", "vr": "07:30–17:30", "za": "Gesloten", "zo": "Gesloten"}, "latitude": 52.2199431, "longitude": 6.8883261, "bronId": "254083"}}, {"type": "Feature", "geometry": {"type": "Point", "coordinates": [6.8484129, 52.2448123]}, "properties": {"type": "inleverpunt", "locatieNaam": "Dhc Drienerlo", "straatNaam": "Oude Horstlindeweg", "straatNr": "1", "postcode": "7522 NB", "plaats": "Enschede", "merk": "StatiegeldNederland", "puntType": "balie", "materialen": ["pet-groot", "pet-klein", "blik"], "uitbetaling": [], "vrijToegankelijk": false, "gemeenteBeperking": null, "openingstijden": null, "latitude": 52.2448123, "longitude": 6.8484129, "bronId": "254417"}}, {"type": "Feature", "geometry": {"type": "Point", "coordinates": [6.8652548, 52.2123107]}, "properties": {"type": "inleverpunt", "locatieNaam": "Dirk", "straatNaam": "Aan het Oogstplein", "straatNr": "26", "postcode": "7545 HP", "plaats": "Enschede", "merk": "StatiegeldNederland", "puntType": "automaat", "materialen": ["pet-groot", "pet-klein", "blik", "glas", "krat"], "uitbetaling": ["bonnetje", "donatie"], "vrijToegankelijk": true, "gemeenteBeperking": null, "openingstijden": {"ma": "08:00–21:00", "di": "08:00–21:00", "wo": "08:00–21:00", "do": "08:00–21:00", "vr": "08:00–21:00", "za": "08:00–21:00", "zo": "12:00–20:00"}, "latitude": 52.2123107, "longitude": 6.8652548, "bronId": "254427"}}, {"type": "Feature", "geometry": {"type": "Point", "coordinates": [6.8652548, 52.2123107]}, "properties": {"type": "inleverpunt", "locatieNaam": "Dirk", "straatNaam": "Oogstplein", "straatNr": "26", "postcode": "7545 HP", "plaats": "Enschede", "merk": "StatiegeldNederland", "puntType": "automaat", "materialen": ["blik"], "uitbetaling": ["bonnetje", "donatie"], "vrijToegankelijk": true, "gemeenteBeperking": null, "openingstijden": {"ma": "08:00–21:00", "di": "08:00–21:00", "wo": "08:00–21:00", "do": "08:00–21:00", "vr": "08:00–21:00", "za": "08:00–21:00", "zo": "12:00–20:00"}, "latitude": 52.2123107, "longitude": 6.8652548, "bronId": "254520"}}, {"type": "Feature", "geometry": {"type": "Point", "coordinates": [6.8924537, 52.2392737]}, "properties": {"type": "inleverpunt", "locatieNaam": "Dirk", "straatNaam": "Rijnstraat", "straatNr": "84", "postcode": "7523 GH", "plaats": "Enschede", "merk": "StatiegeldNederland", "puntType": "automaat", "materialen": ["pet-groot", "pet-klein", "blik", "glas", "krat"], "uitbetaling": ["bonnetje", "donatie"], "vrijToegankelijk": true, "gemeenteBeperking": null, "openingstijden": {"ma": "08:00–21:00", "di": "08:00–21:00", "wo": "08:00–21:00", "do": "08:00–21:00", "vr": "08:00–21:00", "za": "08:00–21:00", "zo": "12:00–21:00"}, "latitude": 52.2392737, "longitude": 6.8924537, "bronId": "254534"}}, {"type": "Feature", "geometry": {"type": "Point", "coordinates": [6.8664088, 52.1981925]}, "properties": {"type": "inleverpunt", "locatieNaam": "Dos-wk", "straatNaam": "Kukslanden", "straatNr": "21", "postcode": "7542 HX", "plaats": "Enschede", "merk": "StatiegeldNederland", "puntType": "balie", "materialen": ["pet-groot", "pet-klein", "blik"], "uitbetaling": [], "vrijToegankelijk": false, "gemeenteBeperking": null, "openingstijden": null, "latitude": 52.1981925, "longitude": 6.8664088, "bronId": "254590"}}, {"type": "Feature", "geometry": {"type": "Point", "coordinates": [6.9040761, 52.2075046]}, "properties": {"type": "inleverpunt", "locatieNaam": "Efc Prinses Wilhelmina 1885", "straatNaam": "J.J. van Deinselaan", "straatNr": "38", "postcode": "7541 PE", "plaats": "Enschede", "merk": "StatiegeldNederland", "puntType": "balie", "materialen": ["pet-groot", "pet-klein", "blik"], "uitbetaling": [], "vrijToegankelijk": false, "gemeenteBeperking": null, "openingstijden": null, "latitude": 52.2075046, "longitude": 6.9040761, "bronId": "254623"}}, {"type": "Feature", "geometry": {"type": "Point", "coordinates": [6.8689925, 52.1968078]}, "properties": {"type": "inleverpunt", "locatieNaam": "Ehv Enschede", "straatNaam": "Geessinkweg", "straatNr": "148", "postcode": "7544 RB", "plaats": "Enschede", "merk": "StatiegeldNederland", "puntType": "balie", "materialen": ["pet-groot", "pet-klein", "blik"], "uitbetaling": [], "vrijToegankelijk": false, "gemeenteBeperking": null, "openingstijden": {"ma": "09:00–17:00", "di": "09:00–17:00", "wo": "09:00–17:00", "do": "09:00–17:00", "vr": "09:00–17:00", "za": "09:00–17:00", "zo": "09:00–17:00"}, "latitude": 52.1968078, "longitude": 6.8689925, "bronId": "254624"}}, {"type": "Feature", "geometry": {"type": "Point", "coordinates": [6.8992247, 52.2219913]}, "properties": {"type": "inleverpunt", "locatieNaam": "Ekoplaza", "straatNaam": "DE HEURNE", "straatNr": "59", "postcode": "7511 GS", "plaats": "Enschede", "merk": "StatiegeldNederland", "puntType": "balie", "materialen": ["pet-groot", "pet-klein", "blik"], "uitbetaling": [], "vrijToegankelijk": true, "gemeenteBeperking": null, "openingstijden": {"ma": "08:30–18:00", "di": "08:30–18:00", "wo": "08:30–18:00", "do": "08:30–18:00", "vr": "08:30–18:00", "za": "08:30–18:00", "zo": "Gesloten"}, "latitude": 52.2219913, "longitude": 6.8992247, "bronId": "254636"}}, {"type": "Feature", "geometry": {"type": "Point", "coordinates": [6.8742984, 52.219016]}, "properties": {"type": "inleverpunt", "locatieNaam": "Eltc", "straatNaam": "Bruggertstraat", "straatNr": "127", "postcode": "7545 AR", "plaats": "Enschede", "merk": "StatiegeldNederland", "puntType": "balie", "materialen": ["pet-groot", "pet-klein", "blik"], "uitbetaling": [], "vrijToegankelijk": false, "gemeenteBeperking": null, "openingstijden": {"ma": "09:00–23:00", "di": "09:00–23:00", "wo": "09:00–23:00", "do": "09:00–23:00", "vr": "09:00–17:00", "za": "09:00–23:00", "zo": "09:00–23:00"}, "latitude": 52.219016, "longitude": 6.8742984, "bronId": "254709"}}, {"type": "Feature", "geometry": {"type": "Point", "coordinates": [6.8751009, 52.2331778]}, "properties": {"type": "inleverpunt", "locatieNaam": "Enschedese Hockeyclub Pw", "straatNaam": "Maatmanweg", "straatNr": "31", "postcode": "7522 AN", "plaats": "Enschede", "merk": "StatiegeldNederland", "puntType": "balie", "materialen": ["pet-groot", "pet-klein", "blik"], "uitbetaling": [], "vrijToegankelijk": false, "gemeenteBeperking": null, "openingstijden": {"ma": "Gesloten", "di": "Gesloten", "wo": "Gesloten", "do": "Gesloten", "vr": "Gesloten", "za": "08:00–18:30", "zo": "Gesloten"}, "latitude": 52.2331778, "longitude": 6.8751009, "bronId": "254712"}}, {"type": "Feature", "geometry": {"type": "Point", "coordinates": [6.9027293, 52.206331]}, "properties": {"type": "inleverpunt", "locatieNaam": "Enschedese Rugby Club Erc 69", "straatNaam": "Wethouder Horstman-Sportpark", "straatNr": "3a", "postcode": "7522 PG", "plaats": "Enschede", "merk": "StatiegeldNederland", "puntType": "balie", "materialen": ["pet-groot", "pet-klein", "blik"], "uitbetaling": [], "vrijToegankelijk": false, "gemeenteBeperking": null, "openingstijden": {"ma": "Gesloten", "di": "19:00–22:00", "wo": "Gesloten", "do": "Gesloten", "vr": "19:00–22:00", "za": "18:00–22:00", "zo": "14:00–20:00"}, "latitude": 52.206331, "longitude": 6.9027293, "bronId": "254713"}}, {"type": "Feature", "geometry": {"type": "Point", "coordinates": [6.9083538, 52.2065337]}, "properties": {"type": "inleverpunt", "locatieNaam": "Ev & Ac De Tubanters 1897", "straatNaam": "Olympialaan", "straatNr": "20", "postcode": "7541 BK", "plaats": "Enschede", "merk": "StatiegeldNederland", "puntType": "balie", "materialen": ["pet-groot", "pet-klein", "blik"], "uitbetaling": [], "vrijToegankelijk": false, "gemeenteBeperking": null, "openingstijden": {"ma": "24 uur geopend", "di": "24 uur geopend", "wo": "24 uur geopend", "do": "24 uur geopend", "vr": "24 uur geopend", "za": "24 uur geopend", "zo": "24 uur geopend"}, "latitude": 52.2065337, "longitude": 6.9083538, "bronId": "254745"}}, {"type": "Feature", "geometry": {"type": "Point", "coordinates": [6.8671073, 52.2219755]}, "properties": {"type": "inleverpunt", "locatieNaam": "Evc Enschede", "straatNaam": "Lambertus Buddestraat", "straatNr": "1", "postcode": "7521 SB", "plaats": "Enschede", "merk": "StatiegeldNederland", "puntType": "balie", "materialen": ["pet-groot", "pet-klein", "blik"], "uitbetaling": [], "vrijToegankelijk": false, "gemeenteBeperking": null, "openingstijden": null, "latitude": 52.2219755, "longitude": 6.8671073, "bronId": "254746"}}, {"type": "Feature", "geometry": {"type": "Point", "coordinates": [6.8633555, 52.1907035]}, "properties": {"type": "inleverpunt", "locatieNaam": "Fc Aramea", "straatNaam": "Geessinkweg", "straatNr": "278", "postcode": "7544 RB", "plaats": "Enschede", "merk": "StatiegeldNederland", "puntType": "balie", "materialen": ["pet-groot", "pet-klein", "blik"], "uitbetaling": [], "vrijToegankelijk": false, "gemeenteBeperking": null, "openingstijden": {"ma": "08:00–20:00", "di": "08:00–21:30", "wo": "08:00–22:00", "do": "08:00–21:30", "vr": "08:00–22:00", "za": "08:00–19:00", "zo": "08:00–18:00"}, "latitude": 52.1907035, "longitude": 6.8633555, "bronId": "254758"}}, {"type": "Feature", "geometry": {"type": "Point", "coordinates": [6.8591777, 52.2337367]}, "properties": {"type": "inleverpunt", "locatieNaam": "Gemeente Enschede - Langestraat/Hofstraat/Klokkenplas", "straatNaam": "Langestraat", "straatNr": "", "postcode": "7511 HC", "plaats": "Enschede", "merk": "StatiegeldNederland", "puntType": "automaat", "materialen": ["pet-groot", "pet-klein", "blik"], "uitbetaling": ["bonnetje", "donatie", "tikkie"], "vrijToegankelijk": true, "gemeenteBeperking": null, "openingstijden": {"ma": "10:00–19:00", "di": "10:00–19:00", "wo": "10:00–19:00", "do": "10:00–19:00", "vr": "10:00–19:00", "za": "10:00–17:00", "zo": "Gesloten"}, "latitude": 52.2337367, "longitude": 6.8591777, "bronId": "254832"}}, {"type": "Feature", "geometry": {"type": "Point", "coordinates": [6.89255, 52.22228]}, "properties": {"type": "inleverpunt", "locatieNaam": "Gemeente Enschede - Stationsplein", "straatNaam": "Stationsplein", "straatNr": "", "postcode": "7511 JD", "plaats": "Enschede", "merk": "StatiegeldNederland", "puntType": "automaat", "materialen": ["pet-groot", "pet-klein", "blik", "krat"], "uitbetaling": ["bonnetje", "donatie", "tikkie"], "vrijToegankelijk": true, "gemeenteBeperking": null, "openingstijden": {"ma": "08:30–17:00", "di": "08:30–17:00", "wo": "08:30–17:00", "do": "08:30–17:00", "vr": "07:00–22:00", "za": "Gesloten", "zo": "Gesloten"}, "latitude": 52.22228, "longitude": 6.89255, "bronId": "254834"}}, {"type": "Feature", "geometry": {"type": "Point", "coordinates": [6.8936382, 52.2208409]}, "properties": {"type": "inleverpunt", "locatieNaam": "Gemeente Enschede - Van Heekplein", "straatNaam": "Van Heekplein", "straatNr": "", "postcode": "7511 LL", "plaats": "Enschede", "merk": "StatiegeldNederland", "puntType": "automaat", "materialen": ["pet-groot", "pet-klein", "blik"], "uitbetaling": ["bonnetje", "donatie", "tikkie"], "vrijToegankelijk": true, "gemeenteBeperking": null, "openingstijden": null, "latitude": 52.2208409, "longitude": 6.8936382, "bronId": "254835"}}, {"type": "Feature", "geometry": {"type": "Point", "coordinates": [6.7987262, 52.2038089]}, "properties": {"type": "inleverpunt", "locatieNaam": "Gewoon Coop", "straatNaam": "Beckumerstraat", "straatNr": "13", "postcode": "7548 BD", "plaats": "Boekelo", "merk": "StatiegeldNederland", "puntType": "automaat", "materialen": ["pet-groot", "pet-klein", "blik", "glas", "krat"], "uitbetaling": ["bonnetje", "donatie"], "vrijToegankelijk": true, "gemeenteBeperking": null, "openingstijden": {"ma": "08:00–18:30", "di": "08:00–18:30", "wo": "08:00–18:30", "do": "08:00–18:30", "vr": "08:00–19:00", "za": "08:00–17:00", "zo": "Gesloten"}, "latitude": 52.2038089, "longitude": 6.7987262, "bronId": "254841"}}, {"type": "Feature", "geometry": {"type": "Point", "coordinates": [6.9565397, 52.2143247]}, "properties": {"type": "inleverpunt", "locatieNaam": "Gvv Eilermark", "straatNaam": "EKERSDIJK", "straatNr": "220", "postcode": "7534 BD", "plaats": "Enschede", "merk": "StatiegeldNederland", "puntType": "balie", "materialen": ["pet-groot", "pet-klein", "blik"], "uitbetaling": [], "vrijToegankelijk": false, "gemeenteBeperking": null, "openingstijden": null, "latitude": 52.2143247, "longitude": 6.9565397, "bronId": "254912"}}, {"type": "Feature", "geometry": {"type": "Point", "coordinates": [6.9225988, 52.193634]}, "properties": {"type": "inleverpunt", "locatieNaam": "Holzik Stables", "straatNaam": "Allenamsveldweg", "straatNr": "150", "postcode": "7536 PE", "plaats": "Enschede", "merk": "StatiegeldNederland", "puntType": "balie", "materialen": ["pet-groot", "pet-klein", "blik"], "uitbetaling": [], "vrijToegankelijk": false, "gemeenteBeperking": null, "openingstijden": {"ma": "08:00–22:00", "di": "08:00–22:00", "wo": "08:00–22:00", "do": "08:00–22:00", "vr": "08:00–22:00", "za": "08:00–22:00", "zo": "08:00–22:00"}, "latitude": 52.193634, "longitude": 6.9225988, "bronId": "255024"}}, {"type": "Feature", "geometry": {"type": "Point", "coordinates": [6.891671, 52.231521]}, "properties": {"type": "inleverpunt", "locatieNaam": "Jumbo", "straatNaam": "Brouwerijplein", "straatNr": "55", "postcode": "7523 MA", "plaats": "Enschede", "merk": "StatiegeldNederland", "puntType": "automaat", "materialen": ["pet-groot", "pet-klein", "blik", "glas", "krat"], "uitbetaling": ["bonnetje", "donatie"], "vrijToegankelijk": true, "gemeenteBeperking": null, "openingstijden": {"ma": "08:00–21:00", "di": "08:00–21:00", "wo": "08:00–21:00", "do": "08:00–21:00", "vr": "08:00–21:00", "za": "08:00–21:00", "zo": "12:00–20:00"}, "latitude": 52.231521, "longitude": 6.891671, "bronId": "255253"}}, {"type": "Feature", "geometry": {"type": "Point", "coordinates": [6.878991, 52.206207]}, "properties": {"type": "inleverpunt", "locatieNaam": "Jumbo", "straatNaam": "Burgm. M van Veenlaan", "straatNr": "100", "postcode": "7543 AB", "plaats": "Enschede", "merk": "StatiegeldNederland", "puntType": "automaat", "materialen": ["pet-groot", "pet-klein", "blik", "glas", "krat"], "uitbetaling": ["bonnetje", "donatie"], "vrijToegankelijk": true, "gemeenteBeperking": null, "openingstijden": {"ma": "08:00–21:00", "di": "08:00–21:00", "wo": "08:00–21:00", "do": "08:00–21:00", "vr": "08:00–21:00", "za": "08:00–21:00", "zo": "12:00–20:00"}, "latitude": 52.206207, "longitude": 6.878991, "bronId": "255266"}}, {"type": "Feature", "geometry": {"type": "Point", "coordinates": [6.8900438, 52.2257336]}, "properties": {"type": "inleverpunt", "locatieNaam": "Jumbo", "straatNaam": "De Coöperatie", "straatNr": "15-3", "postcode": "7514 JK", "plaats": "Enschede", "merk": "StatiegeldNederland", "puntType": "automaat", "materialen": ["pet-groot", "pet-klein", "blik", "glas", "krat"], "uitbetaling": ["bonnetje"], "vrijToegankelijk": true, "gemeenteBeperking": null, "openingstijden": {"ma": "08:00–22:00", "di": "08:00–22:00", "wo": "08:00–22:00", "do": "08:00–22:00", "vr": "08:00–22:00", "za": "08:00–22:00", "zo": "12:00–20:00"}, "latitude": 52.2257336, "longitude": 6.8900438, "bronId": "255288"}}, {"type": "Feature", "geometry": {"type": "Point", "coordinates": [6.895101, 52.212979]}, "properties": {"type": "inleverpunt", "locatieNaam": "Jumbo", "straatNaam": "Kuipersdijk", "straatNr": "118", "postcode": "7512 CL", "plaats": "Enschede", "merk": "StatiegeldNederland", "puntType": "automaat", "materialen": ["pet-groot", "pet-klein", "blik", "glas", "krat"], "uitbetaling": ["bonnetje", "donatie"], "vrijToegankelijk": true, "gemeenteBeperking": null, "openingstijden": {"ma": "08:00–21:00", "di": "08:00–21:00", "wo": "08:00–21:00", "do": "08:00–21:00", "vr": "08:00–21:00", "za": "08:00–21:00", "zo": "12:00–20:00"}, "latitude": 52.212979, "longitude": 6.895101, "bronId": "255511"}}, {"type": "Feature", "geometry": {"type": "Point", "coordinates": [6.910623, 52.223856]}, "properties": {"type": "inleverpunt", "locatieNaam": "Jumbo", "straatNaam": "Lage Bothofstraat", "straatNr": "161", "postcode": "7533 AS", "plaats": "Enschede", "merk": "StatiegeldNederland", "puntType": "automaat", "materialen": ["pet-groot", "pet-klein", "blik", "glas", "krat"], "uitbetaling": ["bonnetje", "donatie"], "vrijToegankelijk": true, "gemeenteBeperking": null, "openingstijden": {"ma": "08:00–21:00", "di": "08:00–21:00", "wo": "08:00–21:00", "do": "08:00–21:00", "vr": "08:00–21:00", "za": "08:00–21:00", "zo": "12:00–20:00"}, "latitude": 52.223856, "longitude": 6.910623, "bronId": "255520"}}, {"type": "Feature", "geometry": {"type": "Point", "coordinates": [6.920525, 52.228929]}, "properties": {"type": "inleverpunt", "locatieNaam": "Jumbo", "straatNaam": "Magnoliastraat", "straatNr": "100", "postcode": "7531 KA", "plaats": "Enschede", "merk": "StatiegeldNederland", "puntType": "automaat", "materialen": ["pet-groot", "pet-klein", "blik", "glas", "krat"], "uitbetaling": ["bonnetje", "donatie"], "vrijToegankelijk": true, "gemeenteBeperking": null, "openingstijden": {"ma": "08:00–20:00", "di": "08:00–20:00", "wo": "08:00–20:00", "do": "08:00–20:00", "vr": "08:00–20:00", "za": "08:00–20:00", "zo": "12:00–20:00"}, "latitude": 52.228929, "longitude": 6.920525, "bronId": "255554"}}, {"type": "Feature", "geometry": {"type": "Point", "coordinates": [6.898243, 52.22135]}, "properties": {"type": "inleverpunt", "locatieNaam": "Jumbo", "straatNaam": "Noorderhagen", "straatNr": "75", "postcode": "7511 EK", "plaats": "Enschede", "merk": "StatiegeldNederland", "puntType": "automaat", "materialen": ["pet-groot", "pet-klein", "blik", "glas", "krat"], "uitbetaling": ["bonnetje", "donatie"], "vrijToegankelijk": true, "gemeenteBeperking": null, "openingstijden": {"ma": "08:00–22:00", "di": "08:00–22:00", "wo": "08:00–22:00", "do": "08:00–22:00", "vr": "08:00–22:00", "za": "08:00–22:00", "zo": "12:00–22:00"}, "latitude": 52.22135, "longitude": 6.898243, "bronId": "255625"}}, {"type": "Feature", "geometry": {"type": "Point", "coordinates": [6.970179, 52.212865]}, "properties": {"type": "inleverpunt", "locatieNaam": "Jumbo", "straatNaam": "Schoolstraat", "straatNr": "60", "postcode": "7534 CC", "plaats": "Glanerbrug", "merk": "StatiegeldNederland", "puntType": "automaat", "materialen": ["pet-groot", "pet-klein", "blik", "glas", "krat"], "uitbetaling": ["bonnetje", "donatie"], "vrijToegankelijk": true, "gemeenteBeperking": null, "openingstijden": {"ma": "08:00–21:00", "di": "08:00–21:00", "wo": "08:00–21:00", "do": "08:00–21:00", "vr": "08:00–21:00", "za": "08:00–21:00", "zo": "12:00–20:00"}, "latitude": 52.212865, "longitude": 6.970179, "bronId": "255735"}}, {"type": "Feature", "geometry": {"type": "Point", "coordinates": [6.8784429, 52.1916903]}, "properties": {"type": "inleverpunt", "locatieNaam": "Jumbo", "straatNaam": "Wesseler-Nering", "straatNr": "21", "postcode": "7544 JB", "plaats": "Enschede", "merk": "StatiegeldNederland", "puntType": "automaat", "materialen": ["pet-groot", "pet-klein", "blik", "glas", "krat"], "uitbetaling": ["bonnetje", "donatie"], "vrijToegankelijk": true, "gemeenteBeperking": null, "openingstijden": {"ma": "08:00–21:00", "di": "08:00–21:00", "wo": "08:00–21:00", "do": "08:00–21:00", "vr": "08:00–21:00", "za": "08:00–21:00", "zo": "12:00–20:00"}, "latitude": 52.1916903, "longitude": 6.8784429, "bronId": "255853"}}, {"type": "Feature", "geometry": {"type": "Point", "coordinates": [6.86309, 52.21147]}, "properties": {"type": "inleverpunt", "locatieNaam": "Jumbo", "straatNaam": "Wethouder Nijhuisstraat", "straatNr": "238", "postcode": "7545 NP", "plaats": "Enschede", "merk": "StatiegeldNederland", "puntType": "automaat", "materialen": ["pet-groot", "pet-klein", "blik", "glas", "krat"], "uitbetaling": ["bonnetje", "donatie"], "vrijToegankelijk": true, "gemeenteBeperking": null, "openingstijden": {"ma": "08:00–21:00", "di": "08:00–21:00", "wo": "08:00–21:00", "do": "08:00–21:00", "vr": "08:00–21:00", "za": "08:00–21:00", "zo": "12:00–20:00"}, "latitude": 52.21147, "longitude": 6.86309, "bronId": "255864"}}, {"type": "Feature", "geometry": {"type": "Point", "coordinates": [6.9086512, 52.208918]}, "properties": {"type": "inleverpunt", "locatieNaam": "Lidl", "straatNaam": "Brinkstraat", "straatNr": "336", "postcode": "7541 AX", "plaats": "Enschede", "merk": "StatiegeldNederland", "puntType": "automaat", "materialen": ["pet-groot", "pet-klein", "blik", "glas", "krat"], "uitbetaling": ["bonnetje", "donatie"], "vrijToegankelijk": true, "gemeenteBeperking": null, "openingstijden": {"ma": "08:00–21:00", "di": "08:00–21:00", "wo": "08:00–21:00", "do": "08:00–21:00", "vr": "08:00–21:00", "za": "08:00–21:00", "zo": "12:00–20:00"}, "latitude": 52.208918, "longitude": 6.9086512, "bronId": "256087"}}, {"type": "Feature", "geometry": {"type": "Point", "coordinates": [6.92116, 52.22977]}, "properties": {"type": "inleverpunt", "locatieNaam": "Lidl", "straatNaam": "Hortensiastraat", "straatNr": "140", "postcode": "7531 GX", "plaats": "Enschede", "merk": "StatiegeldNederland", "puntType": "automaat", "materialen": ["pet-groot", "pet-klein", "blik", "glas", "krat"], "uitbetaling": ["bonnetje", "donatie"], "vrijToegankelijk": true, "gemeenteBeperking": null, "openingstijden": {"ma": "08:00–21:00", "di": "08:00–21:00", "wo": "08:00–21:00", "do": "08:00–21:00", "vr": "08:00–21:00", "za": "08:00–21:00", "zo": "12:00–20:00"}, "latitude": 52.22977, "longitude": 6.92116, "bronId": "256205"}}, {"type": "Feature", "geometry": {"type": "Point", "coordinates": [6.8841173, 52.2118235]}, "properties": {"type": "inleverpunt", "locatieNaam": "Lidl", "straatNaam": "Slijpsteen", "straatNr": "11-15", "postcode": "7513 JB", "plaats": "Enschede", "merk": "StatiegeldNederland", "puntType": "automaat", "materialen": ["pet-groot", "pet-klein", "blik", "glas", "krat"], "uitbetaling": ["bonnetje", "donatie"], "vrijToegankelijk": true, "gemeenteBeperking": null, "openingstijden": {"ma": "08:00–21:00", "di": "08:00–21:00", "wo": "08:00–21:00", "do": "08:00–21:00", "vr": "08:00–21:00", "za": "08:00–21:00", "zo": "12:00–20:00"}, "latitude": 52.2118235, "longitude": 6.8841173, "bronId": "256385"}}, {"type": "Feature", "geometry": {"type": "Point", "coordinates": [6.8811025, 52.1919543]}, "properties": {"type": "inleverpunt", "locatieNaam": "Lidl", "straatNaam": "Wesseler-nering", "straatNr": "2B", "postcode": "7544 JA", "plaats": "Enschede", "merk": "StatiegeldNederland", "puntType": "automaat", "materialen": ["pet-groot", "pet-klein", "blik", "glas", "krat"], "uitbetaling": ["bonnetje", "donatie"], "vrijToegankelijk": true, "gemeenteBeperking": null, "openingstijden": {"ma": "08:00–21:00", "di": "08:00–21:00", "wo": "08:00–21:00", "do": "08:00–21:00", "vr": "08:00–21:00", "za": "08:00–21:00", "zo": "12:00–20:00"}, "latitude": 52.1919543, "longitude": 6.8811025, "bronId": "256453"}}, {"type": "Feature", "geometry": {"type": "Point", "coordinates": [6.85808, 52.22922]}, "properties": {"type": "inleverpunt", "locatieNaam": "Lidl", "straatNaam": "Zonstraat", "straatNr": "48", "postcode": "7521 HJ", "plaats": "Enschede", "merk": "StatiegeldNederland", "puntType": "automaat", "materialen": ["pet-groot", "pet-klein", "blik", "glas", "krat"], "uitbetaling": ["bonnetje", "donatie"], "vrijToegankelijk": true, "gemeenteBeperking": null, "openingstijden": {"ma": "08:00–21:00", "di": "08:00–21:00", "wo": "08:00–21:00", "do": "08:00–21:00", "vr": "08:00–21:00", "za": "08:00–21:00", "zo": "12:00–20:00"}, "latitude": 52.22922, "longitude": 6.85808, "bronId": "256479"}}, {"type": "Feature", "geometry": {"type": "Point", "coordinates": [6.9071444, 52.2497772]}, "properties": {"type": "inleverpunt", "locatieNaam": "Lsv Lonneker", "straatNaam": "Spolminkkamp", "straatNr": "40", "postcode": "7524 DV", "plaats": "Enschede", "merk": "StatiegeldNederland", "puntType": "balie", "materialen": ["pet-groot", "pet-klein", "blik"], "uitbetaling": [], "vrijToegankelijk": false, "gemeenteBeperking": null, "openingstijden": {"ma": "Gesloten", "di": "Gesloten", "wo": "Gesloten", "do": "Gesloten", "vr": "Gesloten", "za": "09:00–19:00", "zo": "09:00–19:00"}, "latitude": 52.2497772, "longitude": 6.9071444, "bronId": "256497"}}, {"type": "Feature", "geometry": {"type": "Point", "coordinates": [6.8877969, 52.2068407]}, "properties": {"type": "inleverpunt", "locatieNaam": "Markies 6962 - Roc Twente", "straatNaam": "Wethouder Beverstraat", "straatNr": "165", "postcode": "7543 BK", "plaats": "Enschede", "merk": "StatiegeldNederland", "puntType": "balie", "materialen": ["pet-groot", "pet-klein", "blik"], "uitbetaling": [], "vrijToegankelijk": true, "gemeenteBeperking": null, "openingstijden": null, "latitude": 52.2068407, "longitude": 6.8877969, "bronId": "256618"}}, {"type": "Feature", "geometry": {"type": "Point", "coordinates": [6.8977285, 52.2022972]}, "properties": {"type": "inleverpunt", "locatieNaam": "Markies 60066 Stedelijk Lyce", "straatNaam": "Tiemeister", "straatNr": "20", "postcode": "7500 DW", "plaats": "Enschede", "merk": "StatiegeldNederland", "puntType": "balie", "materialen": ["pet-groot", "pet-klein", "blik"], "uitbetaling": [], "vrijToegankelijk": true, "gemeenteBeperking": null, "openingstijden": {"ma": "07:30–16:00", "di": "07:30–16:00", "wo": "07:30–16:00", "do": "07:30–16:00", "vr": "07:30–16:00", "za": "Gesloten", "zo": "Gesloten"}, "latitude": 52.2022972, "longitude": 6.8977285, "bronId": "256649"}}, {"type": "Feature", "geometry": {"type": "Point", "coordinates": [6.9691619, 52.2153955]}, "properties": {"type": "inleverpunt", "locatieNaam": "Medikamente die Grenze", "straatNaam": "Gronausestraat", "straatNr": "1096", "postcode": "7534 AP", "plaats": "Enschede", "merk": "StatiegeldNederland", "puntType": "automaat", "materialen": ["pet-groot", "pet-klein", "blik"], "uitbetaling": ["bonnetje"], "vrijToegankelijk": true, "gemeenteBeperking": null, "openingstijden": {"ma": "09:00–18:00", "di": "09:00–18:00", "wo": "09:00–18:00", "do": "09:00–18:00", "vr": "09:00–20:00", "za": "09:00–17:00", "zo": "Gesloten"}, "latitude": 52.2153955, "longitude": 6.9691619, "bronId": "256712"}}, {"type": "Feature", "geometry": {"type": "Point", "coordinates": [6.8924289, 52.2034928]}, "properties": {"type": "inleverpunt", "locatieNaam": "Medikamente die Grenze", "straatNaam": "Spaansland", "straatNr": "15", "postcode": "7543 BG", "plaats": "Enschede", "merk": "StatiegeldNederland", "puntType": "automaat", "materialen": ["pet-groot", "pet-klein", "blik"], "uitbetaling": ["bonnetje"], "vrijToegankelijk": true, "gemeenteBeperking": null, "openingstijden": {"ma": "08:00–18:00", "di": "08:00–18:00", "wo": "08:00–18:00", "do": "08:00–18:00", "vr": "08:00–18:00", "za": "08:00–18:00", "zo": "08:00–17:00"}, "latitude": 52.2034928, "longitude": 6.8924289, "bronId": "256739"}}, {"type": "Feature", "geometry": {"type": "Point", "coordinates": [6.8928805, 52.2038715]}, "properties": {"type": "inleverpunt", "locatieNaam": "Nettorama", "straatNaam": "Spaansland", "straatNr": "15", "postcode": "7543 BE", "plaats": "Enschede", "merk": "StatiegeldNederland", "puntType": "automaat", "materialen": ["pet-groot", "pet-klein", "blik", "glas", "krat"], "uitbetaling": ["bonnetje"], "vrijToegankelijk": true, "gemeenteBeperking": null, "openingstijden": {"ma": "08:00–21:00", "di": "08:00–21:00", "wo": "08:00–21:00", "do": "07:00–21:00", "vr": "07:00–21:00", "za": "07:00–20:00", "zo": "12:00–19:00"}, "latitude": 52.2038715, "longitude": 6.8928805, "bronId": "256911"}}, {"type": "Feature", "geometry": {"type": "Point", "coordinates": [6.8306857, 52.2409675]}, "properties": {"type": "inleverpunt", "locatieNaam": "Optisport Ijsbaan Twente", "straatNaam": "Colosseum", "straatNr": "90", "postcode": "7521 PT", "plaats": "Enschede", "merk": "StatiegeldNederland", "puntType": "balie", "materialen": ["pet-groot", "pet-klein", "blik"], "uitbetaling": [], "vrijToegankelijk": false, "gemeenteBeperking": null, "openingstijden": null, "latitude": 52.2409675, "longitude": 6.8306857, "bronId": "257021"}}, {"type": "Feature", "geometry": {"type": "Point", "coordinates": [6.8921259, 52.2114678]}, "properties": {"type": "inleverpunt", "locatieNaam": "Ow Mma", "straatNaam": "Kalimantanstraat", "straatNr": "15", "postcode": "7512 HL", "plaats": "Enschede", "merk": "StatiegeldNederland", "puntType": "balie", "materialen": ["pet-groot", "pet-klein", "blik"], "uitbetaling": [], "vrijToegankelijk": false, "gemeenteBeperking": null, "openingstijden": {"ma": "24 uur geopend", "di": "24 uur geopend", "wo": "24 uur geopend", "do": "24 uur geopend", "vr": "24 uur geopend", "za": "24 uur geopend", "zo": "24 uur geopend"}, "latitude": 52.2114678, "longitude": 6.8921259, "bronId": "257104"}}, {"type": "Feature", "geometry": {"type": "Point", "coordinates": [6.8921259, 52.2114678]}, "properties": {"type": "inleverpunt", "locatieNaam": "Ow Mma", "straatNaam": "Kalimantanstraat", "straatNr": "15", "postcode": "7512 HM", "plaats": "Enschede", "merk": "StatiegeldNederland", "puntType": "balie", "materialen": ["pet-groot", "pet-klein", "blik"], "uitbetaling": [], "vrijToegankelijk": false, "gemeenteBeperking": null, "openingstijden": {"ma": "24 uur geopend", "di": "24 uur geopend", "wo": "24 uur geopend", "do": "24 uur geopend", "vr": "24 uur geopend", "za": "24 uur geopend", "zo": "24 uur geopend"}, "latitude": 52.2114678, "longitude": 6.8921259, "bronId": "257106"}}, {"type": "Feature", "geometry": {"type": "Point", "coordinates": [6.82738, 52.1804478]}, "properties": {"type": "inleverpunt", "locatieNaam": "Paintball Warriors", "straatNaam": "Zengelhorst", "straatNr": "11", "postcode": "7152 KC", "plaats": "Eibergen", "merk": "StatiegeldNederland", "puntType": "balie", "materialen": ["pet-groot", "pet-klein", "blik"], "uitbetaling": [], "vrijToegankelijk": false, "gemeenteBeperking": null, "openingstijden": {"ma": "09:00–19:00", "di": "09:00–19:00", "wo": "09:00–19:00", "do": "09:00–19:00", "vr": "09:00–19:00", "za": "09:00–19:00", "zo": "09:00–19:00"}, "latitude": 52.1804478, "longitude": 6.82738, "bronId": "257121"}}, {"type": "Feature", "geometry": {"type": "Point", "coordinates": [6.9758668, 52.2231646]}, "properties": {"type": "inleverpunt", "locatieNaam": "Pitstop De Rijk", "straatNaam": "Kerkstraat", "straatNr": "270", "postcode": "7532 AV", "plaats": "Enschede", "merk": "StatiegeldNederland", "puntType": "balie", "materialen": ["pet-groot", "pet-klein", "blik"], "uitbetaling": [], "vrijToegankelijk": true, "gemeenteBeperking": null, "openingstijden": {"ma": "07:00–21:00", "di": "07:00–21:00", "wo": "07:00–21:00", "do": "07:00–21:00", "vr": "07:00–21:00", "za": "08:00–20:00", "zo": "08:00–20:00"}, "latitude": 52.2231646, "longitude": 6.9758668, "bronId": "257170"}}, {"type": "Feature", "geometry": {"type": "Point", "coordinates": [6.9508312, 52.216253]}, "properties": {"type": "inleverpunt", "locatieNaam": "Plus", "straatNaam": "Esmarkelaan", "straatNr": "14", "postcode": "7534 JH", "plaats": "Enschede", "merk": "StatiegeldNederland", "puntType": "automaat", "materialen": ["pet-groot", "pet-klein", "blik", "glas", "krat"], "uitbetaling": ["bonnetje"], "vrijToegankelijk": true, "gemeenteBeperking": null, "openingstijden": {"ma": "08:00–21:00", "di": "08:00–21:00", "wo": "08:00–21:00", "do": "08:00–21:00", "vr": "08:00–21:00", "za": "08:00–21:00", "zo": "12:00–18:00"}, "latitude": 52.216253, "longitude": 6.9508312, "bronId": "257300"}}, {"type": "Feature", "geometry": {"type": "Point", "coordinates": [6.8384404, 52.178698]}, "properties": {"type": "inleverpunt", "locatieNaam": "Recreatieschap Twente Het Rutbeek", "straatNaam": "Jacobsrietweg", "straatNr": "182", "postcode": "7546 RG", "plaats": "Enschede", "merk": "StatiegeldNederland", "puntType": "automaat", "materialen": ["pet-groot", "pet-klein", "blik"], "uitbetaling": ["bonnetje", "donatie", "tikkie"], "vrijToegankelijk": true, "gemeenteBeperking": null, "openingstijden": {"ma": "08:00–21:00", "di": "08:00–21:00", "wo": "08:00–21:00", "do": "08:00–21:00", "vr": "08:00–21:00", "za": "08:00–21:00", "zo": "08:00–21:00"}, "latitude": 52.178698, "longitude": 6.8384404, "bronId": "257775"}}, {"type": "Feature", "geometry": {"type": "Point", "coordinates": [6.8470604, 52.2298758]}, "properties": {"type": "inleverpunt", "locatieNaam": "Rijschool Martello", "straatNaam": "Kanaalstraat", "straatNr": "289-2", "postcode": "7547 AS", "plaats": "Enschede", "merk": "StatiegeldNederland", "puntType": "balie", "materialen": ["pet-groot", "pet-klein", "blik"], "uitbetaling": [], "vrijToegankelijk": true, "gemeenteBeperking": null, "openingstijden": {"ma": "08:00–18:00", "di": "08:00–18:00", "wo": "08:00–18:00", "do": "08:00–18:00", "vr": "08:00–18:00", "za": "Gesloten", "zo": "Gesloten"}, "latitude": 52.2298758, "longitude": 6.8470604, "bronId": "257798"}}, {"type": "Feature", "geometry": {"type": "Point", "coordinates": [6.8765231, 52.238059]}, "properties": {"type": "inleverpunt", "locatieNaam": "Rksv Emos", "straatNaam": "Dr. Zamenhoflaan", "straatNr": "175", "postcode": "7522 KS", "plaats": "Enschede", "merk": "StatiegeldNederland", "puntType": "balie", "materialen": ["pet-groot", "pet-klein", "blik"], "uitbetaling": [], "vrijToegankelijk": false, "gemeenteBeperking": null, "openingstijden": {"ma": "24 uur geopend", "di": "24 uur geopend", "wo": "24 uur geopend", "do": "24 uur geopend", "vr": "Gesloten", "za": "24 uur geopend", "zo": "24 uur geopend"}, "latitude": 52.238059, "longitude": 6.8765231, "bronId": "257809"}}, {"type": "Feature", "geometry": {"type": "Point", "coordinates": [6.916222, 52.214746]}, "properties": {"type": "inleverpunt", "locatieNaam": "Rksv Vogido", "straatNaam": "Tegelerweg", "straatNr": "66", "postcode": "7535 CJ", "plaats": "Enschede", "merk": "StatiegeldNederland", "puntType": "balie", "materialen": ["pet-groot", "pet-klein", "blik"], "uitbetaling": [], "vrijToegankelijk": false, "gemeenteBeperking": null, "openingstijden": {"ma": "24 uur geopend", "di": "24 uur geopend", "wo": "24 uur geopend", "do": "24 uur geopend", "vr": "24 uur geopend", "za": "24 uur geopend", "zo": "24 uur geopend"}, "latitude": 52.214746, "longitude": 6.916222, "bronId": "257815"}}, {"type": "Feature", "geometry": {"type": "Point", "coordinates": [6.8997959, 52.2188679]}, "properties": {"type": "inleverpunt", "locatieNaam": "S.v.v91", "straatNaam": "Wethouderhorstmanpark", "straatNr": "3", "postcode": "7512 PG", "plaats": "Enschede ( Ov )", "merk": "StatiegeldNederland", "puntType": "balie", "materialen": ["pet-groot", "pet-klein", "blik"], "uitbetaling": [], "vrijToegankelijk": false, "gemeenteBeperking": null, "openingstijden": {"ma": "08:00–18:00", "di": "08:00–18:00", "wo": "08:00–18:00", "do": "08:00–21:00", "vr": "08:00–18:00", "za": "10:00–18:00", "zo": "10:00–18:00"}, "latitude": 52.2188679, "longitude": 6.8997959, "bronId": "257938"}}, {"type": "Feature", "geometry": {"type": "Point", "coordinates": [6.8699654, 52.2270163]}, "properties": {"type": "inleverpunt", "locatieNaam": "Seo Enschede", "straatNaam": "G.J. van Heekstraat", "straatNr": "33", "postcode": "7521 EB", "plaats": "Enschede", "merk": "StatiegeldNederland", "puntType": "balie", "materialen": ["pet-groot", "pet-klein", "blik"], "uitbetaling": [], "vrijToegankelijk": false, "gemeenteBeperking": null, "openingstijden": {"ma": "Gesloten", "di": "19:00–23:00", "wo": "Gesloten", "do": "19:00–23:00", "vr": "Gesloten", "za": "Gesloten", "zo": "Gesloten"}, "latitude": 52.2270163, "longitude": 6.8699654, "bronId": "258013"}}, {"type": "Feature", "geometry": {"type": "Point", "coordinates": [6.863728, 52.199287]}, "properties": {"type": "inleverpunt", "locatieNaam": "Shell", "straatNaam": "Broekheurne Ring", "straatNr": "1080", "postcode": "7546 TA", "plaats": "Enschede", "merk": "StatiegeldNederland", "puntType": "balie", "materialen": ["pet-groot", "pet-klein", "blik"], "uitbetaling": [], "vrijToegankelijk": true, "gemeenteBeperking": null, "openingstijden": {"ma": "06:00–23:00", "di": "06:00–23:00", "wo": "06:00–23:00", "do": "06:00–23:00", "vr": "06:00–23:00", "za": "08:00–23:00", "zo": "09:00–23:00"}, "latitude": 52.199287, "longitude": 6.863728, "bronId": "258039"}}, {"type": "Feature", "geometry": {"type": "Point", "coordinates": [6.8736882, 52.2100523]}, "properties": {"type": "inleverpunt", "locatieNaam": "Shop & Go Enschede", "straatNaam": "Dennenweg", "straatNr": "37", "postcode": "7545 WB", "plaats": "Enschede", "merk": "StatiegeldNederland", "puntType": "automaat", "materialen": ["pet-groot", "pet-klein", "blik"], "uitbetaling": ["bonnetje"], "vrijToegankelijk": true, "gemeenteBeperking": null, "openingstijden": null, "latitude": 52.2100523, "longitude": 6.8736882, "bronId": "258261"}}, {"type": "Feature", "geometry": {"type": "Point", "coordinates": [6.8516617, 52.2436797]}, "properties": {"type": "inleverpunt", "locatieNaam": "Spar", "straatNaam": "De Hems", "straatNr": "16-90", "postcode": "7522 NL", "plaats": "Enschede", "merk": "StatiegeldNederland", "puntType": "automaat", "materialen": ["pet-groot", "pet-klein", "blik", "glas", "krat"], "uitbetaling": ["bonnetje"], "vrijToegankelijk": true, "gemeenteBeperking": null, "openingstijden": {"ma": "09:00–17:00", "di": "09:00–17:00", "wo": "09:00–17:00", "do": "09:00–17:00", "vr": "09:00–17:00", "za": "09:00–17:00", "zo": "Gesloten"}, "latitude": 52.2436797, "longitude": 6.8516617, "bronId": "258325"}}, {"type": "Feature", "geometry": {"type": "Point", "coordinates": [6.9123347, 52.2493825]}, "properties": {"type": "inleverpunt", "locatieNaam": "Spar", "straatNaam": "SCHOLTEN REIMERSTRAAT", "straatNr": "53", "postcode": "7524 CR", "plaats": "Lonneker Enschede", "merk": "StatiegeldNederland", "puntType": "balie", "materialen": ["pet-groot", "pet-klein", "blik"], "uitbetaling": [], "vrijToegankelijk": true, "gemeenteBeperking": null, "openingstijden": {"ma": "08:00–18:00", "di": "08:00–18:00", "wo": "08:00–18:00", "do": "08:00–18:00", "vr": "08:00–18:00", "za": "08:00–17:00", "zo": "Gesloten"}, "latitude": 52.2493825, "longitude": 6.9123347, "bronId": "258463"}}, {"type": "Feature", "geometry": {"type": "Point", "coordinates": [6.8936382, 52.2208409]}, "properties": {"type": "inleverpunt", "locatieNaam": "Spar City", "straatNaam": "Marktstraat", "straatNr": "13", "postcode": "7511 GC", "plaats": "Enschede", "merk": "StatiegeldNederland", "puntType": "automaat", "materialen": ["pet-groot", "pet-klein", "blik"], "uitbetaling": ["donatie", "tikkie"], "vrijToegankelijk": true, "gemeenteBeperking": null, "openingstijden": null, "latitude": 52.2208409, "longitude": 6.8936382, "bronId": "258525"}}, {"type": "Feature", "geometry": {"type": "Point", "coordinates": [6.9048446, 52.2076835]}, "properties": {"type": "inleverpunt", "locatieNaam": "Sportclub Enschede", "straatNaam": "J.J. Van Deinselaan", "straatNr": "40", "postcode": "7541 PE", "plaats": "Enschede", "merk": "StatiegeldNederland", "puntType": "balie", "materialen": ["pet-groot", "pet-klein", "blik"], "uitbetaling": [], "vrijToegankelijk": false, "gemeenteBeperking": null, "openingstijden": null, "latitude": 52.2076835, "longitude": 6.9048446, "bronId": "258627"}}, {"type": "Feature", "geometry": {"type": "Point", "coordinates": [6.9049785, 52.2049812]}, "properties": {"type": "inleverpunt", "locatieNaam": "Squash Citadel", "straatNaam": "Haaksbergerweg", "straatNr": "10", "postcode": "7481 RR", "plaats": "Buurse", "merk": "StatiegeldNederland", "puntType": "balie", "materialen": ["pet-groot", "pet-klein", "blik"], "uitbetaling": [], "vrijToegankelijk": false, "gemeenteBeperking": null, "openingstijden": {"ma": "14:00–23:00", "di": "17:00–00:00", "wo": "14:00–00:00", "do": "14:00–00:00", "vr": "14:00–23:00", "za": "10:00–17:00", "zo": "Gesloten"}, "latitude": 52.2049812, "longitude": 6.9049785, "bronId": "258662"}}, {"type": "Feature", "geometry": {"type": "Point", "coordinates": [6.8924211, 52.2357989]}, "properties": {"type": "inleverpunt", "locatieNaam": "St Basketballbelangen The Magics", "straatNaam": "Emmastraat", "straatNr": "113", "postcode": "7513 BB", "plaats": "Enschede", "merk": "StatiegeldNederland", "puntType": "balie", "materialen": ["pet-groot", "pet-klein", "blik"], "uitbetaling": [], "vrijToegankelijk": false, "gemeenteBeperking": null, "openingstijden": null, "latitude": 52.2357989, "longitude": 6.8924211, "bronId": "258668"}}, {"type": "Feature", "geometry": {"type": "Point", "coordinates": [6.840781, 52.2310591]}, "properties": {"type": "inleverpunt", "locatieNaam": "Stichting Sevende Camer", "straatNaam": "Auke Vleerstraat", "straatNr": "99", "postcode": "7547 AN", "plaats": "Enschede", "merk": "StatiegeldNederland", "puntType": "balie", "materialen": ["pet-groot", "pet-klein", "blik"], "uitbetaling": [], "vrijToegankelijk": false, "gemeenteBeperking": null, "openingstijden": null, "latitude": 52.2310591, "longitude": 6.840781, "bronId": "258723"}}, {"type": "Feature", "geometry": {"type": "Point", "coordinates": [6.9066491, 52.251141]}, "properties": {"type": "inleverpunt", "locatieNaam": "Tennisclub Lonneker", "straatNaam": "Schuttekamp", "straatNr": "20", "postcode": "7524 BL", "plaats": "Enschede", "merk": "StatiegeldNederland", "puntType": "balie", "materialen": ["pet-groot", "pet-klein", "blik"], "uitbetaling": [], "vrijToegankelijk": false, "gemeenteBeperking": null, "openingstijden": {"ma": "09:00–23:00", "di": "09:00–23:00", "wo": "09:00–23:00", "do": "09:00–23:00", "vr": "09:00–23:00", "za": "09:00–23:00", "zo": "09:00–23:00"}, "latitude": 52.251141, "longitude": 6.9066491, "bronId": "258917"}}, {"type": "Feature", "geometry": {"type": "Point", "coordinates": [6.9604611, 52.2145881]}, "properties": {"type": "inleverpunt", "locatieNaam": "Tennisvereniging Glanerbrug", "straatNaam": "Hoofdstraat", "straatNr": "181", "postcode": "7586 BP", "plaats": "Overdinkel", "merk": "StatiegeldNederland", "puntType": "balie", "materialen": ["pet-groot", "pet-klein", "blik"], "uitbetaling": [], "vrijToegankelijk": false, "gemeenteBeperking": null, "openingstijden": {"ma": "09:00–22:00", "di": "09:00–22:00", "wo": "09:00–22:00", "do": "09:00–22:00", "vr": "09:00–22:00", "za": "09:00–21:30", "zo": "09:00–21:30"}, "latitude": 52.2145881, "longitude": 6.9604611, "bronId": "258939"}}, {"type": "Feature", "geometry": {"type": "Point", "coordinates": [6.9116667, 52.2336111]}, "properties": {"type": "inleverpunt", "locatieNaam": "Tex Town Tigers", "straatNaam": "Kotkampweg", "straatNr": "119", "postcode": "7531 AS", "plaats": "Enschede", "merk": "StatiegeldNederland", "puntType": "balie", "materialen": ["pet-groot", "pet-klein", "blik"], "uitbetaling": [], "vrijToegankelijk": false, "gemeenteBeperking": null, "openingstijden": null, "latitude": 52.2336111, "longitude": 6.9116667, "bronId": "258959"}}, {"type": "Feature", "geometry": {"type": "Point", "coordinates": [6.8607507, 52.2374815]}, "properties": {"type": "inleverpunt", "locatieNaam": "Uni Twente Horst", "straatNaam": "De Horst", "straatNr": "2", "postcode": "7522 LW", "plaats": "Enschede", "merk": "StatiegeldNederland", "puntType": "automaat", "materialen": ["pet-groot", "pet-klein", "blik"], "uitbetaling": ["bonnetje", "donatie", "tikkie"], "vrijToegankelijk": true, "gemeenteBeperking": null, "openingstijden": null, "latitude": 52.2374815, "longitude": 6.8607507, "bronId": "259089"}}, {"type": "Feature", "geometry": {"type": "Point", "coordinates": [6.9087355, 52.2327356]}, "properties": {"type": "inleverpunt", "locatieNaam": "Tvv Enschede", "straatNaam": "Kotkampweg", "straatNr": "44", "postcode": "7531 AT", "plaats": "Enschede", "merk": "StatiegeldNederland", "puntType": "balie", "materialen": ["pet-groot", "pet-klein", "blik"], "uitbetaling": [], "vrijToegankelijk": false, "gemeenteBeperking": null, "openingstijden": {"ma": "24 uur geopend", "di": "24 uur geopend", "wo": "24 uur geopend", "do": "24 uur geopend", "vr": "24 uur geopend", "za": "24 uur geopend", "zo": "24 uur geopend"}, "latitude": 52.2327356, "longitude": 6.9087355, "bronId": "259096"}}, {"type": "Feature", "geometry": {"type": "Point", "coordinates": [6.8632376, 52.1906051]}, "properties": {"type": "inleverpunt", "locatieNaam": "V.v. Victoria 28", "straatNaam": "Geessinkweg", "straatNr": "282", "postcode": "7544 RB", "plaats": "Enschede", "merk": "StatiegeldNederland", "puntType": "balie", "materialen": ["pet-groot", "pet-klein", "blik"], "uitbetaling": [], "vrijToegankelijk": false, "gemeenteBeperking": null, "openingstijden": {"ma": "08:30–18:00", "di": "08:30–18:00", "wo": "08:30–18:00", "do": "08:30–18:00", "vr": "08:30–18:00", "za": "Gesloten", "zo": "Gesloten"}, "latitude": 52.1906051, "longitude": 6.8632376, "bronId": "259140"}}, {"type": "Feature", "geometry": {"type": "Point", "coordinates": [6.83845, 52.218344]}, "properties": {"type": "inleverpunt", "locatieNaam": "ViaTim", "straatNaam": "Aronskelkstraat", "straatNr": "26", "postcode": "7531 TS", "plaats": "Enschede", "merk": "StatiegeldNederland", "puntType": "balie", "materialen": ["pet-groot", "pet-klein", "blik"], "uitbetaling": ["tikkie"], "vrijToegankelijk": true, "gemeenteBeperking": null, "openingstijden": {"ma": "09:00–17:00", "di": "09:00–17:00", "wo": "09:00–17:00", "do": "09:00–17:00", "vr": "09:00–17:00", "za": "10:00–17:00", "zo": "Gesloten"}, "latitude": 52.218344, "longitude": 6.83845, "bronId": "259211"}}, {"type": "Feature", "geometry": {"type": "Point", "coordinates": [6.8658204, 52.1889933]}, "properties": {"type": "inleverpunt", "locatieNaam": "ViaTim", "straatNaam": "Het Oosterveld", "straatNr": "133", "postcode": "7544 EK", "plaats": "Enschede", "merk": "StatiegeldNederland", "puntType": "balie", "materialen": ["pet-groot", "pet-klein", "blik"], "uitbetaling": ["tikkie"], "vrijToegankelijk": true, "gemeenteBeperking": null, "openingstijden": {"ma": "16:00–21:00", "di": "16:00–21:00", "wo": "16:00–21:00", "do": "16:00–21:00", "vr": "16:00–21:00", "za": "12:00–18:00", "zo": "Gesloten"}, "latitude": 52.1889933, "longitude": 6.8658204, "bronId": "259318"}}, {"type": "Feature", "geometry": {"type": "Point", "coordinates": [6.83845, 52.218344]}, "properties": {"type": "inleverpunt", "locatieNaam": "ViaTim", "straatNaam": "Usselerhalte", "straatNr": "140", "postcode": "7547 SH", "plaats": "Enschede", "merk": "StatiegeldNederland", "puntType": "balie", "materialen": ["pet-groot", "pet-klein", "blik"], "uitbetaling": ["tikkie"], "vrijToegankelijk": true, "gemeenteBeperking": null, "openingstijden": {"ma": "09:00–17:00", "di": "09:00–17:00", "wo": "09:00–17:00", "do": "09:00–17:00", "vr": "09:00–17:00", "za": "10:00–17:00", "zo": "Gesloten"}, "latitude": 52.218344, "longitude": 6.83845, "bronId": "259504"}}, {"type": "Feature", "geometry": {"type": "Point", "coordinates": [6.8591777, 52.2337367]}, "properties": {"type": "inleverpunt", "locatieNaam": "Zone College Enschede", "straatNaam": "Hengelosestraat", "straatNr": "481", "postcode": "7521 AG", "plaats": "Enschede", "merk": "StatiegeldNederland", "puntType": "automaat", "materialen": ["pet-klein", "blik"], "uitbetaling": ["donatie"], "vrijToegankelijk": false, "gemeenteBeperking": null, "openingstijden": {"ma": "10:00–19:00", "di": "10:00–19:00", "wo": "10:00–19:00", "do": "10:00–19:00", "vr": "10:00–19:00", "za": "10:00–17:00", "zo": "Gesloten"}, "latitude": 52.2337367, "longitude": 6.8591777, "bronId": "259892"}}, {"type": "Feature", "geometry": {"type": "Point", "coordinates": [6.798772, 52.203822]}, "properties": {"type": "inleverpunt", "locatieNaam": "Coop Compact Enschede", "straatNaam": "Beckumerstraat", "straatNr": "13", "postcode": "7548 BD", "plaats": "Enschede", "merk": "StichtingOPEN", "puntType": "balie", "materialen": ["batterijen", "lampen"], "uitbetaling": [], "vrijToegankelijk": false, "gemeenteBeperking": null, "openingstijden": null, "latitude": 52.203822, "longitude": 6.798772, "bronId": "SP00024333"}}, {"type": "Feature", "geometry": {"type": "Point", "coordinates": [6.814511, 52.214514]}, "properties": {"type": "inleverpunt", "locatieNaam": "European Lighting Projects B.V. - Enschede", "straatNaam": "Staalsteden", "straatNr": "4-7A", "postcode": "7547 TA", "plaats": "Enschede", "merk": "StichtingOPEN", "puntType": "balie", "materialen": ["elektro-middel", "lampen", "tl-buizen"], "uitbetaling": [], "vrijToegankelijk": false, "gemeenteBeperking": null, "openingstijden": null, "latitude": 52.214514, "longitude": 6.814511, "bronId": "SP00020046"}}, {"type": "Feature", "geometry": {"type": "Point", "coordinates": [6.836815, 52.222319]}, "properties": {"type": "inleverpunt", "locatieNaam": "Technische Unie VK Enschede", "straatNaam": "De Giem", "straatNr": "35", "postcode": "7547 SW", "plaats": "Enschede", "merk": "StichtingOPEN", "puntType": "balie", "materialen": ["elektro-klein", "elektro-middel", "lampen", "tl-buizen"], "uitbetaling": [], "vrijToegankelijk": false, "gemeenteBeperking": null, "openingstijden": null, "latitude": 52.222319, "longitude": 6.836815, "bronId": "SP00000418"}}, {"type": "Feature", "geometry": {"type": "Point", "coordinates": [6.845545, 52.227011]}, "properties": {"type": "inleverpunt", "locatieNaam": "KGA Depot", "straatNaam": "Binnenhaven", "straatNr": "143", "postcode": "7547 BG", "plaats": "Enschede", "merk": "StichtingOPEN", "puntType": "balie", "materialen": ["lampen", "tl-buizen"], "uitbetaling": [], "vrijToegankelijk": false, "gemeenteBeperking": null, "openingstijden": null, "latitude": 52.227011, "longitude": 6.845545, "bronId": "SP00001205"}}, {"type": "Feature", "geometry": {"type": "Point", "coordinates": [6.846657, 52.226557]}, "properties": {"type": "inleverpunt", "locatieNaam": "Kringloopbedrijf M.V. Koriaguina", "straatNaam": "Binnenhaven", "straatNr": "146", "postcode": "7547 BJ", "plaats": "Enschede", "merk": "StichtingOPEN", "puntType": "balie", "materialen": ["batterijen", "elektro-groot", "elektro-klein", "elektro-middel", "lampen", "tl-buizen"], "uitbetaling": [], "vrijToegankelijk": false, "gemeenteBeperking": null, "openingstijden": null, "latitude": 52.226557, "longitude": 6.846657, "bronId": "SP00021539"}}, {"type": "Feature", "geometry": {"type": "Point", "coordinates": [6.855714, 52.193484]}, "properties": {"type": "inleverpunt", "locatieNaam": "8683 Albert Heijn Enschede", "straatNaam": "Kevelhamhoek", "straatNr": "71", "postcode": "7546 EN", "plaats": "Enschede", "merk": "StichtingOPEN", "puntType": "balie", "materialen": ["batterijen"], "uitbetaling": [], "vrijToegankelijk": false, "gemeenteBeperking": null, "openingstijden": null, "latitude": 52.193484, "longitude": 6.855714, "bronId": "SP00022934"}}, {"type": "Feature", "geometry": {"type": "Point", "coordinates": [6.851307, 52.243515]}, "properties": {"type": "inleverpunt", "locatieNaam": "Coop Compact Enschede", "straatNaam": "De Hems", "straatNr": "16-90", "postcode": "7522 NL", "plaats": "Enschede", "merk": "StichtingOPEN", "puntType": "balie", "materialen": ["batterijen", "lampen"], "uitbetaling": [], "vrijToegankelijk": false, "gemeenteBeperking": null, "openingstijden": null, "latitude": 52.243515, "longitude": 6.851307, "bronId": "SP00029809"}}, {"type": "Feature", "geometry": {"type": "Point", "coordinates": [6.851307, 52.243515]}, "properties": {"type": "inleverpunt", "locatieNaam": "Coop Vandaag Tzinoudis", "straatNaam": "De Hems", "straatNr": "16-90", "postcode": "7522 NL", "plaats": "Enschede", "merk": "StichtingOPEN", "puntType": "balie", "materialen": ["batterijen", "lampen"], "uitbetaling": [], "vrijToegankelijk": false, "gemeenteBeperking": null, "openingstijden": null, "latitude": 52.243515, "longitude": 6.851307, "bronId": "SP00026711"}}, {"type": "Feature", "geometry": {"type": "Point", "coordinates": [6.861562, 52.212952]}, "properties": {"type": "inleverpunt", "locatieNaam": "1172 Albert Heijn Enschede", "straatNaam": "Wethouder Nijhuisstraat", "straatNr": "164", "postcode": "7545 NM", "plaats": "Enschede", "merk": "StichtingOPEN", "puntType": "balie", "materialen": ["batterijen", "lampen"], "uitbetaling": [], "vrijToegankelijk": false, "gemeenteBeperking": null, "openingstijden": null, "latitude": 52.212952, "longitude": 6.861562, "bronId": "SP00023236"}}, {"type": "Feature", "geometry": {"type": "Point", "coordinates": [6.862465, 52.210638]}, "properties": {"type": "inleverpunt", "locatieNaam": "Aldi Enschede", "straatNaam": "Nic. Maesstraat", "straatNr": "51", "postcode": "7545 CD", "plaats": "Enschede", "merk": "StichtingOPEN", "puntType": "balie", "materialen": ["batterijen", "elektro-klein", "lampen"], "uitbetaling": [], "vrijToegankelijk": false, "gemeenteBeperking": null, "openingstijden": null, "latitude": 52.210638, "longitude": 6.862465, "bronId": "SP00026945"}}, {"type": "Feature", "geometry": {"type": "Point", "coordinates": [6.859199, 52.228863]}, "properties": {"type": "inleverpunt", "locatieNaam": "1492 Albert Heijn Enschede", "straatNaam": "Zonstraat", "straatNr": "28", "postcode": "7521 HH", "plaats": "Enschede", "merk": "StichtingOPEN", "puntType": "balie", "materialen": ["batterijen", "elektro-klein", "lampen"], "uitbetaling": [], "vrijToegankelijk": false, "gemeenteBeperking": null, "openingstijden": null, "latitude": 52.228863, "longitude": 6.859199, "bronId": "SP00022955"}}, {"type": "Feature", "geometry": {"type": "Point", "coordinates": [6.863093, 52.211458]}, "properties": {"type": "inleverpunt", "locatieNaam": "Jumbo Enschede", "straatNaam": "Wethouder Nijhuisstraat", "straatNr": "238", "postcode": "7545 NP", "plaats": "Enschede", "merk": "StichtingOPEN", "puntType": "balie", "materialen": ["batterijen", "elektro-klein", "lampen"], "uitbetaling": [], "vrijToegankelijk": false, "gemeenteBeperking": null, "openingstijden": null, "latitude": 52.211458, "longitude": 6.863093, "bronId": "SP00035585"}}, {"type": "Feature", "geometry": {"type": "Point", "coordinates": [6.86495, 52.21138]}, "properties": {"type": "inleverpunt", "locatieNaam": "Jumbo Enschede", "straatNaam": "Akkerstraat", "straatNr": "81", "postcode": "7545 GW", "plaats": "Enschede", "merk": "StichtingOPEN", "puntType": "balie", "materialen": ["batterijen", "elektro-klein", "lampen"], "uitbetaling": [], "vrijToegankelijk": false, "gemeenteBeperking": null, "openingstijden": null, "latitude": 52.21138, "longitude": 6.86495, "bronId": "SP00029914"}}, {"type": "Feature", "geometry": {"type": "Point", "coordinates": [6.865316, 52.21232]}, "properties": {"type": "inleverpunt", "locatieNaam": "Dirk Enschede", "straatNaam": "Oogstplein", "straatNr": "26", "postcode": "7545 HP", "plaats": "Enschede", "merk": "StichtingOPEN", "puntType": "balie", "materialen": ["batterijen", "lampen"], "uitbetaling": [], "vrijToegankelijk": false, "gemeenteBeperking": null, "openingstijden": null, "latitude": 52.21232, "longitude": 6.865316, "bronId": "SP00023457"}}, {"type": "Feature", "geometry": {"type": "Point", "coordinates": [6.86887, 52.224498]}, "properties": {"type": "inleverpunt", "locatieNaam": "10 - Bouwmaat Enschede", "straatNaam": "Lambertus Buddestraat", "straatNr": "70", "postcode": "7521 SB", "plaats": "Enschede", "merk": "StichtingOPEN", "puntType": "balie", "materialen": ["lampen", "tl-buizen"], "uitbetaling": [], "vrijToegankelijk": false, "gemeenteBeperking": null, "openingstijden": null, "latitude": 52.224498, "longitude": 6.86887, "bronId": "SP00032953"}}, {"type": "Feature", "geometry": {"type": "Point", "coordinates": [6.878597, 52.191576]}, "properties": {"type": "inleverpunt", "locatieNaam": "Jumbo Enschede", "straatNaam": "Wesseler-nering", "straatNr": "21", "postcode": "7544 JB", "plaats": "Enschede", "merk": "StichtingOPEN", "puntType": "balie", "materialen": ["batterijen", "lampen"], "uitbetaling": [], "vrijToegankelijk": false, "gemeenteBeperking": null, "openingstijden": null, "latitude": 52.191576, "longitude": 6.878597, "bronId": "SP00025256"}}, {"type": "Feature", "geometry": {"type": "Point", "coordinates": [6.878735, 52.192204]}, "properties": {"type": "inleverpunt", "locatieNaam": "Aldi Enschede", "straatNaam": "Wesseler Nering", "straatNr": "20a", "postcode": "7544 JB", "plaats": "Enschede", "merk": "StichtingOPEN", "puntType": "balie", "materialen": ["batterijen", "elektro-klein", "lampen"], "uitbetaling": [], "vrijToegankelijk": false, "gemeenteBeperking": null, "openingstijden": null, "latitude": 52.192204, "longitude": 6.878735, "bronId": "SP00026992"}}, {"type": "Feature", "geometry": {"type": "Point", "coordinates": [6.88005, 52.19154]}, "properties": {"type": "inleverpunt", "locatieNaam": "Kruidvat Enschede", "straatNaam": "Wesseler-nering", "straatNr": "17-18", "postcode": "7544 JA", "plaats": "Enschede", "merk": "StichtingOPEN", "puntType": "balie", "materialen": ["batterijen", "lampen"], "uitbetaling": [], "vrijToegankelijk": false, "gemeenteBeperking": null, "openingstijden": null, "latitude": 52.19154, "longitude": 6.88005, "bronId": "SP00029492"}}, {"type": "Feature", "geometry": {"type": "Point", "coordinates": [6.879132, 52.206258]}, "properties": {"type": "inleverpunt", "locatieNaam": "Jumbo Enschede", "straatNaam": "Burgemeester Van Veenlaan", "straatNr": "100", "postcode": "7543 AB", "plaats": "Enschede", "merk": "StichtingOPEN", "puntType": "balie", "materialen": ["batterijen", "lampen"], "uitbetaling": [], "vrijToegankelijk": false, "gemeenteBeperking": null, "openingstijden": null, "latitude": 52.206258, "longitude": 6.879132, "bronId": "SP00025262"}}, {"type": "Feature", "geometry": {"type": "Point", "coordinates": [6.88238, 52.18668]}, "properties": {"type": "inleverpunt", "locatieNaam": "Action Enschede", "straatNaam": "De Posten", "straatNr": "167-171", "postcode": "7544 LR", "plaats": "Enschede", "merk": "StichtingOPEN", "puntType": "balie", "materialen": ["batterijen", "lampen"], "uitbetaling": [], "vrijToegankelijk": false, "gemeenteBeperking": null, "openingstijden": null, "latitude": 52.18668, "longitude": 6.88238, "bronId": "SP00029875"}}, {"type": "Feature", "geometry": {"type": "Point", "coordinates": [6.877052, 52.221925]}, "properties": {"type": "inleverpunt", "locatieNaam": "KARWEI Enschede-West", "straatNaam": "Tubantiasingel", "straatNr": "1", "postcode": "7514 AA", "plaats": "Enschede", "merk": "StichtingOPEN", "puntType": "balie", "materialen": ["elektro-middel", "lampen", "tl-buizen"], "uitbetaling": [], "vrijToegankelijk": false, "gemeenteBeperking": null, "openingstijden": null, "latitude": 52.221925, "longitude": 6.877052, "bronId": "SP00006202"}}, {"type": "Feature", "geometry": {"type": "Point", "coordinates": [6.879574, 52.225252]}, "properties": {"type": "inleverpunt", "locatieNaam": "Praxis Enschede (Schuttersveld) - 2096", "straatNaam": "Schuttersveld", "straatNr": "8", "postcode": "7514 AL", "plaats": "Enschede", "merk": "StichtingOPEN", "puntType": "balie", "materialen": ["elektro-middel", "lampen", "tl-buizen"], "uitbetaling": [], "vrijToegankelijk": false, "gemeenteBeperking": null, "openingstijden": null, "latitude": 52.225252, "longitude": 6.879574, "bronId": "SP00004567"}}, {"type": "Feature", "geometry": {"type": "Point", "coordinates": [6.880777, 52.223303]}, "properties": {"type": "inleverpunt", "locatieNaam": "Rataplan Enschede", "straatNaam": "Schuttersveld", "straatNr": "13", "postcode": "7514 AC", "plaats": "Enschede", "merk": "StichtingOPEN", "puntType": "balie", "materialen": ["batterijen", "elektro-klein", "lampen", "tl-buizen"], "uitbetaling": [], "vrijToegankelijk": false, "gemeenteBeperking": null, "openingstijden": null, "latitude": 52.223303, "longitude": 6.880777, "bronId": "SP00041375"}}, {"type": "Feature", "geometry": {"type": "Point", "coordinates": [6.88063, 52.22408]}, "properties": {"type": "inleverpunt", "locatieNaam": "PLUS Enschede", "straatNaam": "Sportlaan", "straatNr": "1", "postcode": "7514 AL", "plaats": "Enschede", "merk": "StichtingOPEN", "puntType": "balie", "materialen": ["batterijen", "lampen"], "uitbetaling": [], "vrijToegankelijk": false, "gemeenteBeperking": null, "openingstijden": null, "latitude": 52.22408, "longitude": 6.88063, "bronId": "SP00030103"}}, {"type": "Feature", "geometry": {"type": "Point", "coordinates": [6.88049, 52.22555]}, "properties": {"type": "inleverpunt", "locatieNaam": "Leen Bakker Enschede", "straatNaam": "Schuttersveld", "straatNr": "4", "postcode": "7514 AL", "plaats": "Enschede", "merk": "StichtingOPEN", "puntType": "balie", "materialen": ["batterijen", "lampen"], "uitbetaling": [], "vrijToegankelijk": false, "gemeenteBeperking": null, "openingstijden": null, "latitude": 52.22555, "longitude": 6.88049, "bronId": "SP00030061"}}, {"type": "Feature", "geometry": {"type": "Point", "coordinates": [6.8816, 52.225294]}, "properties": {"type": "inleverpunt", "locatieNaam": "Action Enschede", "straatNaam": "Schuttersveld", "straatNr": "1e", "postcode": "7514 AC", "plaats": "Enschede", "merk": "StichtingOPEN", "puntType": "balie", "materialen": ["batterijen", "lampen"], "uitbetaling": [], "vrijToegankelijk": false, "gemeenteBeperking": null, "openingstijden": null, "latitude": 52.225294, "longitude": 6.8816, "bronId": "SP00025559"}}, {"type": "Feature", "geometry": {"type": "Point", "coordinates": [6.884825, 52.212697]}, "properties": {"type": "inleverpunt", "locatieNaam": "GAMMA Enschede", "straatNaam": "Slijpsteen", "straatNr": "30", "postcode": "7513 JA", "plaats": "Enschede", "merk": "StichtingOPEN", "puntType": "balie", "materialen": ["batterijen", "elektro-middel", "lampen", "tl-buizen"], "uitbetaling": [], "vrijToegankelijk": false, "gemeenteBeperking": null, "openingstijden": null, "latitude": 52.212697, "longitude": 6.884825, "bronId": "SP00002927"}}, {"type": "Feature", "geometry": {"type": "Point", "coordinates": [6.888832, 52.191926]}, "properties": {"type": "inleverpunt", "locatieNaam": "Hubo Enschede", "straatNaam": "Buurserstraat", "straatNr": "244", "postcode": "7544 RG", "plaats": "Enschede", "merk": "StichtingOPEN", "puntType": "balie", "materialen": ["elektro-middel", "lampen", "tl-buizen"], "uitbetaling": [], "vrijToegankelijk": false, "gemeenteBeperking": null, "openingstijden": null, "latitude": 52.191926, "longitude": 6.888832, "bronId": "SP00005180"}}, {"type": "Feature", "geometry": {"type": "Point", "coordinates": [6.886293, 52.214284]}, "properties": {"type": "inleverpunt", "locatieNaam": "Aldi Enschede", "straatNaam": "Haaksbergerstraat", "straatNr": "202", "postcode": "7513 EC", "plaats": "Enschede", "merk": "StichtingOPEN", "puntType": "balie", "materialen": ["batterijen", "elektro-klein", "lampen"], "uitbetaling": [], "vrijToegankelijk": false, "gemeenteBeperking": null, "openingstijden": null, "latitude": 52.214284, "longitude": 6.886293, "bronId": "SP00026937"}}, {"type": "Feature", "geometry": {"type": "Point", "coordinates": [6.891434, 52.202086]}, "properties": {"type": "inleverpunt", "locatieNaam": "Hornbach Real Estate Enschede", "straatNaam": "Kuipersdijk", "straatNr": "430", "postcode": "7541 WK", "plaats": "Enschede", "merk": "StichtingOPEN", "puntType": "balie", "materialen": ["batterijen", "elektro-klein", "lampen"], "uitbetaling": [], "vrijToegankelijk": false, "gemeenteBeperking": null, "openingstijden": null, "latitude": 52.202086, "longitude": 6.891434, "bronId": "SP00032903"}}, {"type": "Feature", "geometry": {"type": "Point", "coordinates": [6.892597, 52.20366]}, "properties": {"type": "inleverpunt", "locatieNaam": "Kruidvat Enschede", "straatNaam": "Londenstraat", "straatNr": "15", "postcode": "7543 BE", "plaats": "Enschede", "merk": "StichtingOPEN", "puntType": "balie", "materialen": ["batterijen", "lampen"], "uitbetaling": [], "vrijToegankelijk": false, "gemeenteBeperking": null, "openingstijden": null, "latitude": 52.20366, "longitude": 6.892597, "bronId": "SP00024698"}}, {"type": "Feature", "geometry": {"type": "Point", "coordinates": [6.89077, 52.23146]}, "properties": {"type": "inleverpunt", "locatieNaam": "Kruidvat Enschede", "straatNaam": "Brouwerijplein", "straatNr": "45a", "postcode": "7523 MA", "plaats": "Enschede", "merk": "StichtingOPEN", "puntType": "balie", "materialen": ["batterijen", "lampen"], "uitbetaling": [], "vrijToegankelijk": false, "gemeenteBeperking": null, "openingstijden": null, "latitude": 52.23146, "longitude": 6.89077, "bronId": "SP00029742"}}, {"type": "Feature", "geometry": {"type": "Point", "coordinates": [6.893688, 52.21873]}, "properties": {"type": "inleverpunt", "locatieNaam": "Decathlon Enschede", "straatNaam": "Van Loenshof", "straatNr": "94", "postcode": "7511 NK", "plaats": "Enschede", "merk": "StichtingOPEN", "puntType": "balie", "materialen": ["batterijen", "elektro-klein"], "uitbetaling": [], "vrijToegankelijk": false, "gemeenteBeperking": null, "openingstijden": null, "latitude": 52.21873, "longitude": 6.893688, "bronId": "SP00033932"}}, {"type": "Feature", "geometry": {"type": "Point", "coordinates": [6.893594, 52.220841]}, "properties": {"type": "inleverpunt", "locatieNaam": "Spar Enschede", "straatNaam": "Marktstraat", "straatNr": "13", "postcode": "7511 GC", "plaats": "Enschede", "merk": "StichtingOPEN", "puntType": "balie", "materialen": ["batterijen", "lampen"], "uitbetaling": [], "vrijToegankelijk": false, "gemeenteBeperking": null, "openingstijden": null, "latitude": 52.220841, "longitude": 6.893594, "bronId": "SP00031384"}}, {"type": "Feature", "geometry": {"type": "Point", "coordinates": [6.89502, 52.21298]}, "properties": {"type": "inleverpunt", "locatieNaam": "Jumbo Enschede", "straatNaam": "Kuipersdijk", "straatNr": "5", "postcode": "7512 CL", "plaats": "Enschede", "merk": "StichtingOPEN", "puntType": "balie", "materialen": ["batterijen", "elektro-klein", "lampen"], "uitbetaling": [], "vrijToegankelijk": false, "gemeenteBeperking": null, "openingstijden": null, "latitude": 52.21298, "longitude": 6.89502, "bronId": "SP00029907"}}, {"type": "Feature", "geometry": {"type": "Point", "coordinates": [6.896367, 52.218323]}, "properties": {"type": "inleverpunt", "locatieNaam": "Kruidvat Enschede", "straatNaam": "Raadhuisstraat", "straatNr": "16", "postcode": "7511 HK", "plaats": "Enschede", "merk": "StichtingOPEN", "puntType": "balie", "materialen": ["batterijen", "lampen"], "uitbetaling": [], "vrijToegankelijk": false, "gemeenteBeperking": null, "openingstijden": null, "latitude": 52.218323, "longitude": 6.896367, "bronId": "SP00024702"}}, {"type": "Feature", "geometry": {"type": "Point", "coordinates": [6.892404, 52.239249]}, "properties": {"type": "inleverpunt", "locatieNaam": "Dirk Enschede", "straatNaam": "Rijnstraat", "straatNr": "84", "postcode": "7523 GH", "plaats": "Enschede", "merk": "StichtingOPEN", "puntType": "balie", "materialen": ["batterijen", "lampen"], "uitbetaling": [], "vrijToegankelijk": false, "gemeenteBeperking": null, "openingstijden": null, "latitude": 52.239249, "longitude": 6.892404, "bronId": "SP00023462"}}, {"type": "Feature", "geometry": {"type": "Point", "coordinates": [6.901068, 52.19343]}, "properties": {"type": "inleverpunt", "locatieNaam": "1227 Albert Heijn Enschede", "straatNaam": "Veldhoflanden", "straatNr": "2", "postcode": "7542 LA", "plaats": "Enschede", "merk": "StichtingOPEN", "puntType": "balie", "materialen": ["batterijen", "elektro-klein", "lampen"], "uitbetaling": [], "vrijToegankelijk": false, "gemeenteBeperking": null, "openingstijden": null, "latitude": 52.19343, "longitude": 6.901068, "bronId": "SP00022933"}}, {"type": "Feature", "geometry": {"type": "Point", "coordinates": [6.901079, 52.193431]}, "properties": {"type": "inleverpunt", "locatieNaam": "Kuipers hobbyshop", "straatNaam": "Veldhoflanden", "straatNr": "5d", "postcode": "7542 LA", "plaats": "Enschede", "merk": "StichtingOPEN", "puntType": "balie", "materialen": ["lampen", "tl-buizen"], "uitbetaling": [], "vrijToegankelijk": false, "gemeenteBeperking": null, "openingstijden": null, "latitude": 52.193431, "longitude": 6.901079, "bronId": "SP00008884"}}, {"type": "Feature", "geometry": {"type": "Point", "coordinates": [6.893441, 52.239027]}, "properties": {"type": "inleverpunt", "locatieNaam": "Kruidvat Enschede", "straatNaam": "Rijnstraat", "straatNr": "5254", "postcode": "7523 GG", "plaats": "Enschede", "merk": "StichtingOPEN", "puntType": "balie", "materialen": ["batterijen", "lampen"], "uitbetaling": [], "vrijToegankelijk": false, "gemeenteBeperking": null, "openingstijden": null, "latitude": 52.239027, "longitude": 6.893441, "bronId": "SP00024709"}}, {"type": "Feature", "geometry": {"type": "Point", "coordinates": [6.898337, 52.217767]}, "properties": {"type": "inleverpunt", "locatieNaam": "Kruidvat Enschede", "straatNaam": "Klanderij", "straatNr": "92", "postcode": "7511 HS", "plaats": "Enschede", "merk": "StichtingOPEN", "puntType": "balie", "materialen": ["batterijen", "lampen"], "uitbetaling": [], "vrijToegankelijk": false, "gemeenteBeperking": null, "openingstijden": null, "latitude": 52.217767, "longitude": 6.898337, "bronId": "SP00024701"}}, {"type": "Feature", "geometry": {"type": "Point", "coordinates": [6.8979, 52.221436]}, "properties": {"type": "inleverpunt", "locatieNaam": "Jumbo Enschede", "straatNaam": "Noorderhagen", "straatNr": "75", "postcode": "7511 EK", "plaats": "Enschede", "merk": "StichtingOPEN", "puntType": "balie", "materialen": ["batterijen", "lampen"], "uitbetaling": [], "vrijToegankelijk": false, "gemeenteBeperking": null, "openingstijden": null, "latitude": 52.221436, "longitude": 6.8979, "bronId": "SP00025267"}}, {"type": "Feature", "geometry": {"type": "Point", "coordinates": [6.89824, 52.22135]}, "properties": {"type": "inleverpunt", "locatieNaam": "Kruidvat Enschede", "straatNaam": "Noorderhagen", "straatNr": "61-67", "postcode": "7511 EK", "plaats": "Enschede", "merk": "StichtingOPEN", "puntType": "balie", "materialen": ["batterijen", "lampen"], "uitbetaling": [], "vrijToegankelijk": false, "gemeenteBeperking": null, "openingstijden": null, "latitude": 52.22135, "longitude": 6.89824, "bronId": "SP00029706"}}, {"type": "Feature", "geometry": {"type": "Point", "coordinates": [6.89917, 52.216849]}, "properties": {"type": "inleverpunt", "locatieNaam": "1428 Albert Heijn Enschede", "straatNaam": "H.J. van Heekplein", "straatNr": "63", "postcode": "7511 HN", "plaats": "Enschede", "merk": "StichtingOPEN", "puntType": "balie", "materialen": ["batterijen", "elektro-klein", "lampen"], "uitbetaling": [], "vrijToegankelijk": false, "gemeenteBeperking": null, "openingstijden": null, "latitude": 52.216849, "longitude": 6.89917, "bronId": "SP00022949"}}, {"type": "Feature", "geometry": {"type": "Point", "coordinates": [6.899904, 52.217742]}, "properties": {"type": "inleverpunt", "locatieNaam": "MSH Media Saturn Enschede", "straatNaam": "Oldenzaalsestraat", "straatNr": "1", "postcode": "7511 DV", "plaats": "Enschede", "merk": "StichtingOPEN", "puntType": "balie", "materialen": ["batterijen", "elektro-groot", "elektro-klein", "elektro-middel", "lampen"], "uitbetaling": [], "vrijToegankelijk": false, "gemeenteBeperking": null, "openingstijden": null, "latitude": 52.217742, "longitude": 6.899904, "bronId": "SP00003210"}}, {"type": "Feature", "geometry": {"type": "Point", "coordinates": [6.899095, 52.223227]}, "properties": {"type": "inleverpunt", "locatieNaam": "Brilman bv", "straatNaam": "Oldenzaalsestraat", "straatNr": "101", "postcode": "7511 DZ", "plaats": "Enschede", "merk": "StichtingOPEN", "puntType": "balie", "materialen": ["elektro-middel", "lampen"], "uitbetaling": [], "vrijToegankelijk": false, "gemeenteBeperking": null, "openingstijden": null, "latitude": 52.223227, "longitude": 6.899095, "bronId": "SP00002578"}}, {"type": "Feature", "geometry": {"type": "Point", "coordinates": [6.896615, 52.238943]}, "properties": {"type": "inleverpunt", "locatieNaam": "1008 Albert Heijn Enschede", "straatNaam": "Rijnstraat", "straatNr": "20", "postcode": "7523 GG", "plaats": "Enschede", "merk": "StichtingOPEN", "puntType": "balie", "materialen": ["batterijen"], "uitbetaling": [], "vrijToegankelijk": false, "gemeenteBeperking": null, "openingstijden": null, "latitude": 52.238943, "longitude": 6.896615, "bronId": "SP00022960"}}, {"type": "Feature", "geometry": {"type": "Point", "coordinates": [6.900916, 52.217237]}, "properties": {"type": "inleverpunt", "locatieNaam": "Expert Enschede", "straatNaam": "Boulevard 1945", "straatNr": "337", "postcode": "7511 AD", "plaats": "Enschede", "merk": "StichtingOPEN", "puntType": "balie", "materialen": ["batterijen", "elektro-groot", "elektro-klein", "elektro-middel", "lampen", "tl-buizen"], "uitbetaling": [], "vrijToegankelijk": false, "gemeenteBeperking": null, "openingstijden": null, "latitude": 52.217237, "longitude": 6.900916, "bronId": "SP00032834"}}, {"type": "Feature", "geometry": {"type": "Point", "coordinates": [6.902129, 52.216103]}, "properties": {"type": "inleverpunt", "locatieNaam": "Action Enschede 1066", "straatNaam": "Boulevard 1945", "straatNr": "372", "postcode": "7511 AL", "plaats": "Enschede", "merk": "StichtingOPEN", "puntType": "balie", "materialen": ["batterijen", "lampen"], "uitbetaling": [], "vrijToegankelijk": false, "gemeenteBeperking": null, "openingstijden": null, "latitude": 52.216103, "longitude": 6.902129, "bronId": "SP00007664"}}, {"type": "Feature", "geometry": {"type": "Point", "coordinates": [6.908511, 52.209172]}, "properties": {"type": "inleverpunt", "locatieNaam": "Lidl Enschede", "straatNaam": "Brinkstraat", "straatNr": "336", "postcode": "7541 AX", "plaats": "Enschede", "merk": "StichtingOPEN", "puntType": "balie", "materialen": ["batterijen", "lampen"], "uitbetaling": [], "vrijToegankelijk": false, "gemeenteBeperking": null, "openingstijden": null, "latitude": 52.209172, "longitude": 6.908511, "bronId": "SP00025645"}}, {"type": "Feature", "geometry": {"type": "Point", "coordinates": [6.91077, 52.22367]}, "properties": {"type": "inleverpunt", "locatieNaam": "Jumbo Enschede", "straatNaam": "Lage Bothofstraat", "straatNr": "2", "postcode": "7533 AS", "plaats": "Enschede", "merk": "StichtingOPEN", "puntType": "balie", "materialen": ["batterijen", "elektro-klein", "lampen"], "uitbetaling": [], "vrijToegankelijk": false, "gemeenteBeperking": null, "openingstijden": null, "latitude": 52.22367, "longitude": 6.91077, "bronId": "SP00029910"}}, {"type": "Feature", "geometry": {"type": "Point", "coordinates": [6.91196, 52.249283]}, "properties": {"type": "inleverpunt", "locatieNaam": "Spar Enschede", "straatNaam": "Scholten Reimerstraat", "straatNr": "53", "postcode": "7524 CR", "plaats": "Enschede", "merk": "StichtingOPEN", "puntType": "balie", "materialen": ["batterijen", "lampen"], "uitbetaling": [], "vrijToegankelijk": false, "gemeenteBeperking": null, "openingstijden": null, "latitude": 52.249283, "longitude": 6.91196, "bronId": "SP00025883"}}, {"type": "Feature", "geometry": {"type": "Point", "coordinates": [6.915016, 52.253048]}, "properties": {"type": "inleverpunt", "locatieNaam": "Kringloopwinkel Home Recycling (nieuw adres)", "straatNaam": "Oldenzaalsestraat", "straatNr": "779", "postcode": "7524 AD", "plaats": "Enschede", "merk": "StichtingOPEN", "puntType": "balie", "materialen": ["elektro-klein", "lampen", "tl-buizen"], "uitbetaling": [], "vrijToegankelijk": false, "gemeenteBeperking": null, "openingstijden": null, "latitude": 52.253048, "longitude": 6.915016, "bronId": "SP00031812"}}, {"type": "Feature", "geometry": {"type": "Point", "coordinates": [6.92049, 52.22884]}, "properties": {"type": "inleverpunt", "locatieNaam": "Jumbo Enschede", "straatNaam": "Magnoliastraat", "straatNr": "118", "postcode": "7531 KA", "plaats": "Enschede", "merk": "StichtingOPEN", "puntType": "balie", "materialen": ["batterijen", "lampen"], "uitbetaling": [], "vrijToegankelijk": false, "gemeenteBeperking": null, "openingstijden": null, "latitude": 52.22884, "longitude": 6.92049, "bronId": "SP00029908"}}, {"type": "Feature", "geometry": {"type": "Point", "coordinates": [6.921202, 52.229256]}, "properties": {"type": "inleverpunt", "locatieNaam": "LIDL Enschede", "straatNaam": "Hortensiastraat", "straatNr": "140", "postcode": "7531 GX", "plaats": "Enschede", "merk": "StichtingOPEN", "puntType": "balie", "materialen": ["batterijen", "lampen"], "uitbetaling": [], "vrijToegankelijk": false, "gemeenteBeperking": null, "openingstijden": null, "latitude": 52.229256, "longitude": 6.921202, "bronId": "SP00025692"}}, {"type": "Feature", "geometry": {"type": "Point", "coordinates": [6.92207, 52.22912]}, "properties": {"type": "inleverpunt", "locatieNaam": "Kruidvat Enschede", "straatNaam": "Chrysantstraat", "straatNr": "84", "postcode": "7531 KD", "plaats": "Enschede", "merk": "StichtingOPEN", "puntType": "balie", "materialen": ["batterijen", "lampen"], "uitbetaling": [], "vrijToegankelijk": false, "gemeenteBeperking": null, "openingstijden": null, "latitude": 52.22912, "longitude": 6.92207, "bronId": "SP00029772"}}, {"type": "Feature", "geometry": {"type": "Point", "coordinates": [6.927269, 52.218929]}, "properties": {"type": "inleverpunt", "locatieNaam": "Action Enschede", "straatNaam": "Noord Esmarkerrondweg", "straatNr": "431", "postcode": "7533 BL", "plaats": "Enschede", "merk": "StichtingOPEN", "puntType": "balie", "materialen": ["batterijen", "lampen"], "uitbetaling": [], "vrijToegankelijk": false, "gemeenteBeperking": null, "openingstijden": null, "latitude": 52.218929, "longitude": 6.927269, "bronId": "SP00025543"}}, {"type": "Feature", "geometry": {"type": "Point", "coordinates": [6.92718, 52.21962]}, "properties": {"type": "inleverpunt", "locatieNaam": "Xenos Enschede", "straatNaam": "Noord Esmarkerrondweg", "straatNr": "421", "postcode": "7533 BL", "plaats": "Enschede", "merk": "StichtingOPEN", "puntType": "balie", "materialen": ["batterijen", "lampen"], "uitbetaling": [], "vrijToegankelijk": false, "gemeenteBeperking": null, "openingstijden": null, "latitude": 52.21962, "longitude": 6.92718, "bronId": "SP00029946"}}, {"type": "Feature", "geometry": {"type": "Point", "coordinates": [6.927612, 52.219709]}, "properties": {"type": "inleverpunt", "locatieNaam": "1519 Albert Heijn Enschede", "straatNaam": "Noord Esmarkerrondweg", "straatNr": "421", "postcode": "7533 BL", "plaats": "Enschede", "merk": "StichtingOPEN", "puntType": "balie", "materialen": ["batterijen", "elektro-klein", "lampen"], "uitbetaling": [], "vrijToegankelijk": false, "gemeenteBeperking": null, "openingstijden": null, "latitude": 52.219709, "longitude": 6.927612, "bronId": "SP00022951"}}, {"type": "Feature", "geometry": {"type": "Point", "coordinates": [6.927612, 52.219709]}, "properties": {"type": "inleverpunt", "locatieNaam": "Aldi Enschede", "straatNaam": "Noord Esmarkerrondweg", "straatNr": "421-15", "postcode": "7533 BL", "plaats": "Enschede", "merk": "StichtingOPEN", "puntType": "balie", "materialen": ["batterijen", "elektro-klein", "lampen"], "uitbetaling": [], "vrijToegankelijk": false, "gemeenteBeperking": null, "openingstijden": null, "latitude": 52.219709, "longitude": 6.927612, "bronId": "SP00026995"}}, {"type": "Feature", "geometry": {"type": "Point", "coordinates": [6.950686, 52.216359]}, "properties": {"type": "inleverpunt", "locatieNaam": "Coop Enschede", "straatNaam": "Esmarkelaan", "straatNr": "14", "postcode": "7534 JH", "plaats": "Enschede", "merk": "StichtingOPEN", "puntType": "balie", "materialen": ["batterijen", "lampen"], "uitbetaling": [], "vrijToegankelijk": false, "gemeenteBeperking": null, "openingstijden": null, "latitude": 52.216359, "longitude": 6.950686, "bronId": "SP00024335"}}, {"type": "Feature", "geometry": {"type": "Point", "coordinates": [6.96592, 52.215525]}, "properties": {"type": "inleverpunt", "locatieNaam": "Hubo Glanerbrug", "straatNaam": "Gronausestraat", "straatNr": "1046", "postcode": "7534 AN", "plaats": "Enschede", "merk": "StichtingOPEN", "puntType": "balie", "materialen": ["elektro-middel", "lampen", "tl-buizen"], "uitbetaling": [], "vrijToegankelijk": false, "gemeenteBeperking": null, "openingstijden": null, "latitude": 52.215525, "longitude": 6.96592, "bronId": "SP00005460"}}, {"type": "Feature", "geometry": {"type": "Point", "coordinates": [6.967992, 52.216906]}, "properties": {"type": "inleverpunt", "locatieNaam": "Action Glanerbrug 1201", "straatNaam": "Nieuw Frieslandstraat", "straatNr": "20a", "postcode": "7532 ZC", "plaats": "Enschede", "merk": "StichtingOPEN", "puntType": "balie", "materialen": ["lampen"], "uitbetaling": [], "vrijToegankelijk": false, "gemeenteBeperking": null, "openingstijden": null, "latitude": 52.216906, "longitude": 6.967992, "bronId": "SP00007779"}}, {"type": "Feature", "geometry": {"type": "Point", "coordinates": [6.967997, 52.216916]}, "properties": {"type": "inleverpunt", "locatieNaam": "Kringloop Centrum Glanerbrug", "straatNaam": "Nieuw Frieslandstraat", "straatNr": "20A", "postcode": "7532 ZC", "plaats": "Enschede", "merk": "StichtingOPEN", "puntType": "balie", "materialen": ["elektro-groot", "elektro-klein", "elektro-middel", "tl-buizen"], "uitbetaling": [], "vrijToegankelijk": false, "gemeenteBeperking": null, "openingstijden": null, "latitude": 52.216916, "longitude": 6.967997, "bronId": "SP00028178"}}, {"type": "Feature", "geometry": {"type": "Point", "coordinates": [6.970316, 52.212846]}, "properties": {"type": "inleverpunt", "locatieNaam": "Jumbo Enschede", "straatNaam": "Schoolstraat", "straatNr": "60", "postcode": "7534 CC", "plaats": "Enschede", "merk": "StichtingOPEN", "puntType": "balie", "materialen": ["batterijen", "lampen"], "uitbetaling": [], "vrijToegankelijk": false, "gemeenteBeperking": null, "openingstijden": null, "latitude": 52.212846, "longitude": 6.970316, "bronId": "SP00025265"}}, {"type": "Feature", "geometry": {"type": "Point", "coordinates": [6.97003, 52.21536]}, "properties": {"type": "inleverpunt", "locatieNaam": "Kruidvat Enschede", "straatNaam": "Gronausestraat", "straatNr": "1110-1112", "postcode": "7534 AR", "plaats": "Enschede", "merk": "StichtingOPEN", "puntType": "balie", "materialen": ["batterijen", "lampen"], "uitbetaling": [], "vrijToegankelijk": false, "gemeenteBeperking": null, "openingstijden": null, "latitude": 52.21536, "longitude": 6.97003, "bronId": "SP00029636"}}, {"type": "Feature", "geometry": {"type": "Point", "coordinates": [6.971252, 52.215155]}, "properties": {"type": "inleverpunt", "locatieNaam": "1650 Albert Heijn Enschede", "straatNaam": "Gronausestraat", "straatNr": "1130", "postcode": "7534 AS", "plaats": "Enschede", "merk": "StichtingOPEN", "puntType": "balie", "materialen": ["batterijen", "elektro-klein", "lampen"], "uitbetaling": [], "vrijToegankelijk": false, "gemeenteBeperking": null, "openingstijden": null, "latitude": 52.215155, "longitude": 6.971252, "bronId": "SP00022946"}}, {"type": "Feature", "geometry": {"type": "Point", "coordinates": [6.882308, 52.226119]}, "properties": {"type": "inleverpunt", "locatieNaam": "Kringloopbedrijf Het Goed (Enschede)", "straatNaam": "Boddenkampsingel", "straatNr": "2", "postcode": "7514 AR", "plaats": "Enschede", "merk": "StichtingOPEN", "puntType": "milieustraat", "materialen": ["batterijen", "elektro-groot", "elektro-klein", "elektro-middel", "lampen", "tl-buizen"], "uitbetaling": [], "vrijToegankelijk": false, "gemeenteBeperking": ["Enschede"], "openingstijden": null, "latitude": 52.226119, "longitude": 6.882308, "bronId": "SP00033985"}}, {"type": "Feature", "geometry": {"type": "Point", "coordinates": [6.84603, 52.227095]}, "properties": {"type": "inleverpunt", "locatieNaam": "Afvalbrengpunt Enschede West", "straatNaam": "Binnenhaven", "straatNr": "152", "postcode": "7547 BJ", "plaats": "Enschede", "merk": "StichtingOPEN", "puntType": "milieustraat", "materialen": ["batterijen", "elektro-groot", "elektro-klein", "elektro-middel", "lampen", "tl-buizen"], "uitbetaling": [], "vrijToegankelijk": false, "gemeenteBeperking": ["Enschede"], "openingstijden": null, "latitude": 52.227095, "longitude": 6.84603, "bronId": "SP00004356"}}, {"type": "Feature", "geometry": {"type": "Point", "coordinates": [6.889048, 52.197458]}, "properties": {"type": "inleverpunt", "locatieNaam": "Afvalbrengpunt Enschede Zuid", "straatNaam": "Vlierstraat", "straatNr": "105", "postcode": "7544 GG", "plaats": "Enschede", "merk": "StichtingOPEN", "puntType": "milieustraat", "materialen": ["batterijen", "elektro-groot", "elektro-klein", "elektro-middel", "lampen", "tl-buizen"], "uitbetaling": [], "vrijToegankelijk": false, "gemeenteBeperking": ["Enschede"], "openingstijden": null, "latitude": 52.197458, "longitude": 6.889048, "bronId": "SP00004357"}}, {"type": "Feature", "geometry": {"type": "Point", "coordinates": [6.955147, 52.222568]}, "properties": {"type": "inleverpunt", "locatieNaam": "Afvalbrengpunt Enschede Oost", "straatNaam": "Lenteweg", "straatNr": "44", "postcode": "7532 RB", "plaats": "Enschede", "merk": "StichtingOPEN", "puntType": "milieustraat", "materialen": ["batterijen", "elektro-groot", "elektro-klein", "elektro-middel", "lampen", "tl-buizen"], "uitbetaling": [], "vrijToegankelijk": false, "gemeenteBeperking": ["Enschede"], "openingstijden": null, "latitude": 52.222568, "longitude": 6.955147, "bronId": "SP00004342"}}, {"type": "Feature", "geometry": {"type": "Point", "coordinates": [6.785451, 52.234277]}, "properties": {"type": "inleverpunt", "locatieNaam": "Twence Afvalverwerking", "straatNaam": "Boldershoekweg", "straatNr": "51", "postcode": "7554 RT", "plaats": "Hengelo", "merk": "StichtingOPEN", "puntType": "milieustraat", "materialen": ["batterijen", "elektro-groot", "elektro-klein", "elektro-middel", "lampen", "tl-buizen"], "uitbetaling": [], "vrijToegankelijk": false, "gemeenteBeperking": ["Hengelo"], "openingstijden": null, "latitude": 52.234277, "longitude": 6.785451, "bronId": "SP00002980"}}, {"type": "Feature", "geometry": {"type": "Point", "coordinates": [6.7988062, 52.2037894]}, "properties": {"type": "inleverpunt", "locatieNaam": "Coop Compact", "straatNaam": "Beckumerstraat", "straatNr": "13", "postcode": "7548 BD", "plaats": "ENSCHEDE", "merk": "Stibat", "puntType": "inzamelbak", "materialen": ["batterijen"], "uitbetaling": [], "vrijToegankelijk": false, "gemeenteBeperking": null, "openingstijden": null, "latitude": 52.2037894, "longitude": 6.7988062, "bronId": "L029550"}}, {"type": "Feature", "geometry": {"type": "Point", "coordinates": [6.8010355, 52.2061215]}, "properties": {"type": "inleverpunt", "locatieNaam": "Brincke", "straatNaam": "Windmolenweg", "straatNr": "48", "postcode": "7548 BM", "plaats": "BOEKELO-ENSCHEDE", "merk": "Stibat", "puntType": "inzamelbak", "materialen": ["batterijen"], "uitbetaling": [], "vrijToegankelijk": false, "gemeenteBeperking": null, "openingstijden": null, "latitude": 52.2061215, "longitude": 6.8010355, "bronId": "L033965"}}, {"type": "Feature", "geometry": {"type": "Point", "coordinates": [6.8206421, 52.214958]}, "properties": {"type": "inleverpunt", "locatieNaam": "Caeles ebikeupgrade", "straatNaam": "Kopersteden", "straatNr": "19", "postcode": "7547 TJ", "plaats": "ENSCHEDE", "merk": "Stibat", "puntType": "inzamelbak", "materialen": ["batterijen"], "uitbetaling": [], "vrijToegankelijk": false, "gemeenteBeperking": null, "openingstijden": null, "latitude": 52.214958, "longitude": 6.8206421, "bronId": "L049310"}}, {"type": "Feature", "geometry": {"type": "Point", "coordinates": [6.8420067, 52.1961925]}, "properties": {"type": "inleverpunt", "locatieNaam": "Meuleman Handelsonderneming B.V.", "straatNaam": "Helmerstraat", "straatNr": "247", "postcode": "7546 PD", "plaats": "ENSCHEDE", "merk": "Stibat", "puntType": "inzamelbak", "materialen": ["batterijen"], "uitbetaling": [], "vrijToegankelijk": false, "gemeenteBeperking": null, "openingstijden": null, "latitude": 52.1961925, "longitude": 6.8420067, "bronId": "L046741"}}, {"type": "Feature", "geometry": {"type": "Point", "coordinates": [6.8403897, 52.2209867]}, "properties": {"type": "inleverpunt", "locatieNaam": "Picnic", "straatNaam": "Twekkeler Es", "straatNr": "30", "postcode": "7547 SM", "plaats": "Enschede", "merk": "Stibat", "puntType": "inzamelbak", "materialen": ["batterijen"], "uitbetaling": [], "vrijToegankelijk": false, "gemeenteBeperking": null, "openingstijden": null, "latitude": 52.2209867, "longitude": 6.8403897, "bronId": "L043714"}}, {"type": "Feature", "geometry": {"type": "Point", "coordinates": [6.841919, 52.218184]}, "properties": {"type": "inleverpunt", "locatieNaam": "Toolstation", "straatNaam": "Hendrik ter Kuilestraat", "straatNr": "206", "postcode": "7547 SK", "plaats": "ENSCHEDE", "merk": "Stibat", "puntType": "inzamelbak", "materialen": ["batterijen"], "uitbetaling": [], "vrijToegankelijk": false, "gemeenteBeperking": null, "openingstijden": null, "latitude": 52.218184, "longitude": 6.841919, "bronId": "L042552"}}, {"type": "Feature", "geometry": {"type": "Point", "coordinates": [6.8460542, 52.2271439]}, "properties": {"type": "inleverpunt", "locatieNaam": "Afvalbrengpunt Enschede West", "straatNaam": "Binnenhaven", "straatNr": "152", "postcode": "7547 BJ", "plaats": "ENSCHEDE", "merk": "Stibat", "puntType": "inzamelbak", "materialen": ["batterijen"], "uitbetaling": [], "vrijToegankelijk": false, "gemeenteBeperking": null, "openingstijden": null, "latitude": 52.2271439, "longitude": 6.8460542, "bronId": "L035855"}}, {"type": "Feature", "geometry": {"type": "Point", "coordinates": [6.8506187, 52.2210894]}, "properties": {"type": "inleverpunt", "locatieNaam": "Sligro", "straatNaam": "Ir. E.L.C. Schiffstraat", "straatNr": "246", "postcode": "7547 RD", "plaats": "ENSCHEDE", "merk": "Stibat", "puntType": "inzamelbak", "materialen": ["batterijen"], "uitbetaling": [], "vrijToegankelijk": false, "gemeenteBeperking": null, "openingstijden": null, "latitude": 52.2210894, "longitude": 6.8506187, "bronId": "L025530"}}, {"type": "Feature", "geometry": {"type": "Point", "coordinates": [6.8532237, 52.2081732]}, "properties": {"type": "inleverpunt", "locatieNaam": "Intratuin", "straatNaam": "Achterhofweg", "straatNr": "22", "postcode": "7545 PB", "plaats": "ENSCHEDE", "merk": "Stibat", "puntType": "inzamelbak", "materialen": ["batterijen"], "uitbetaling": [], "vrijToegankelijk": false, "gemeenteBeperking": null, "openingstijden": null, "latitude": 52.2081732, "longitude": 6.8532237, "bronId": "L023034"}}, {"type": "Feature", "geometry": {"type": "Point", "coordinates": [6.8555911, 52.193852]}, "properties": {"type": "inleverpunt", "locatieNaam": "8683 Albert Heijn", "straatNaam": "Kevelhamhoek", "straatNr": "71", "postcode": "7546 EN", "plaats": "ENSCHEDE", "merk": "Stibat", "puntType": "inzamelbak", "materialen": ["batterijen"], "uitbetaling": [], "vrijToegankelijk": false, "gemeenteBeperking": null, "openingstijden": null, "latitude": 52.193852, "longitude": 6.8555911, "bronId": "L005847"}}, {"type": "Feature", "geometry": {"type": "Point", "coordinates": [6.8557612, 52.1935647]}, "properties": {"type": "inleverpunt", "locatieNaam": "Primera", "straatNaam": "Kevelhamhoek", "straatNr": "83", "postcode": "7546 EN", "plaats": "ENSCHEDE", "merk": "Stibat", "puntType": "inzamelbak", "materialen": ["batterijen"], "uitbetaling": [], "vrijToegankelijk": false, "gemeenteBeperking": null, "openingstijden": null, "latitude": 52.1935647, "longitude": 6.8557612, "bronId": "L029924"}}, {"type": "Feature", "geometry": {"type": "Point", "coordinates": [6.8557642, 52.193614]}, "properties": {"type": "inleverpunt", "locatieNaam": "6210 Etos", "straatNaam": "Kevelhamhoek", "straatNr": "87", "postcode": "7546 EN", "plaats": "ENSCHEDE", "merk": "Stibat", "puntType": "inzamelbak", "materialen": ["batterijen"], "uitbetaling": [], "vrijToegankelijk": false, "gemeenteBeperking": null, "openingstijden": null, "latitude": 52.193614, "longitude": 6.8557642, "bronId": "L024921"}}, {"type": "Feature", "geometry": {"type": "Point", "coordinates": [6.8510431, 52.2428006]}, "properties": {"type": "inleverpunt", "locatieNaam": "SPAR Enschede Campus", "straatNaam": "De Hems", "straatNr": "16-90", "postcode": "7522 NL", "plaats": "ENSCHEDE", "merk": "Stibat", "puntType": "inzamelbak", "materialen": ["batterijen"], "uitbetaling": [], "vrijToegankelijk": false, "gemeenteBeperking": null, "openingstijden": null, "latitude": 52.2428006, "longitude": 6.8510431, "bronId": "L048611"}}, {"type": "Feature", "geometry": {"type": "Point", "coordinates": [6.8513065, 52.2435162]}, "properties": {"type": "inleverpunt", "locatieNaam": "Coop Compact", "straatNaam": "De Hems", "straatNr": "16/90", "postcode": "7522 NL", "plaats": "ENSCHEDE", "merk": "Stibat", "puntType": "inzamelbak", "materialen": ["batterijen"], "uitbetaling": [], "vrijToegankelijk": false, "gemeenteBeperking": null, "openingstijden": null, "latitude": 52.2435162, "longitude": 6.8513065, "bronId": "L020383"}}, {"type": "Feature", "geometry": {"type": "Point", "coordinates": [6.8571616, 52.2296409]}, "properties": {"type": "inleverpunt", "locatieNaam": "Wibra Twekkelerveld", "straatNaam": "Zonstraat", "straatNr": "46", "postcode": "7521 HJ", "plaats": "ENSCHEDE", "merk": "Stibat", "puntType": "inzamelbak", "materialen": ["batterijen"], "uitbetaling": [], "vrijToegankelijk": false, "gemeenteBeperking": null, "openingstijden": null, "latitude": 52.2296409, "longitude": 6.8571616, "bronId": "L030758"}}, {"type": "Feature", "geometry": {"type": "Point", "coordinates": [6.8579063, 52.2291463]}, "properties": {"type": "inleverpunt", "locatieNaam": "Lidl", "straatNaam": "Zonstraat", "straatNr": "48b", "postcode": "7521 HJ", "plaats": "ENSCHEDE", "merk": "Stibat", "puntType": "inzamelbak", "materialen": ["batterijen"], "uitbetaling": [], "vrijToegankelijk": false, "gemeenteBeperking": null, "openingstijden": null, "latitude": 52.2291463, "longitude": 6.8579063, "bronId": "L031238"}}, {"type": "Feature", "geometry": {"type": "Point", "coordinates": [6.8617928, 52.2128496]}, "properties": {"type": "inleverpunt", "locatieNaam": "1172 Albert Heijn", "straatNaam": "Wethouder Nijhuisstraat", "straatNr": "164", "postcode": "7545 NM", "plaats": "ENSCHEDE", "merk": "Stibat", "puntType": "inzamelbak", "materialen": ["batterijen"], "uitbetaling": [], "vrijToegankelijk": false, "gemeenteBeperking": null, "openingstijden": null, "latitude": 52.2128496, "longitude": 6.8617928, "bronId": "L032188"}}, {"type": "Feature", "geometry": {"type": "Point", "coordinates": [6.8592041, 52.2288656]}, "properties": {"type": "inleverpunt", "locatieNaam": "1492 Albert Heijn", "straatNaam": "Zonstraat", "straatNr": "28", "postcode": "7521 HH", "plaats": "ENSCHEDE", "merk": "Stibat", "puntType": "inzamelbak", "materialen": ["batterijen"], "uitbetaling": [], "vrijToegankelijk": false, "gemeenteBeperking": null, "openingstijden": null, "latitude": 52.2288656, "longitude": 6.8592041, "bronId": "L007934"}}, {"type": "Feature", "geometry": {"type": "Point", "coordinates": [6.8624353, 52.2121486]}, "properties": {"type": "inleverpunt", "locatieNaam": "Kruidvat", "straatNaam": "Jan Vermeerstraat", "straatNr": "15", "postcode": "7545 BN", "plaats": "ENSCHEDE", "merk": "Stibat", "puntType": "inzamelbak", "materialen": ["batterijen"], "uitbetaling": [], "vrijToegankelijk": false, "gemeenteBeperking": null, "openingstijden": null, "latitude": 52.2121486, "longitude": 6.8624353, "bronId": "L043819"}}, {"type": "Feature", "geometry": {"type": "Point", "coordinates": [6.8628662, 52.2104909]}, "properties": {"type": "inleverpunt", "locatieNaam": "Primera", "straatNaam": "Zweringweg", "straatNr": "222", "postcode": "7545 DA", "plaats": "ENSCHEDE", "merk": "Stibat", "puntType": "inzamelbak", "materialen": ["batterijen"], "uitbetaling": [], "vrijToegankelijk": false, "gemeenteBeperking": null, "openingstijden": null, "latitude": 52.2104909, "longitude": 6.8628662, "bronId": "L023957"}}, {"type": "Feature", "geometry": {"type": "Point", "coordinates": [6.8625835, 52.2121435]}, "properties": {"type": "inleverpunt", "locatieNaam": "Aldi", "straatNaam": "Jan Vermeerstraat", "straatNr": "3", "postcode": "7545 BN", "plaats": "ENSCHEDE", "merk": "Stibat", "puntType": "inzamelbak", "materialen": ["batterijen"], "uitbetaling": [], "vrijToegankelijk": false, "gemeenteBeperking": null, "openingstijden": null, "latitude": 52.2121435, "longitude": 6.8625835, "bronId": "L043192"}}, {"type": "Feature", "geometry": {"type": "Point", "coordinates": [6.8619462, 52.2170787]}, "properties": {"type": "inleverpunt", "locatieNaam": "DAMMERS TWEEWIELERSERVICE", "straatNaam": "Wethouder Nijhuisstraat", "straatNr": "52", "postcode": "7545 NK", "plaats": "ENSCHEDE", "merk": "Stibat", "puntType": "inzamelbak", "materialen": ["batterijen"], "uitbetaling": [], "vrijToegankelijk": false, "gemeenteBeperking": null, "openingstijden": null, "latitude": 52.2170787, "longitude": 6.8619462, "bronId": "L033964"}}, {"type": "Feature", "geometry": {"type": "Point", "coordinates": [6.863093, 52.211458]}, "properties": {"type": "inleverpunt", "locatieNaam": "Jumbo", "straatNaam": "Wethouder Nijhuisstraat", "straatNr": "238", "postcode": "7545 NP", "plaats": "ENSCHEDE", "merk": "Stibat", "puntType": "inzamelbak", "materialen": ["batterijen"], "uitbetaling": [], "vrijToegankelijk": false, "gemeenteBeperking": null, "openingstijden": null, "latitude": 52.211458, "longitude": 6.863093, "bronId": "L046575"}}, {"type": "Feature", "geometry": {"type": "Point", "coordinates": [6.8644084, 52.2110586]}, "properties": {"type": "inleverpunt", "locatieNaam": "1448 Action", "straatNaam": "Akkerstraat", "straatNr": "5-9", "postcode": "7545 GW", "plaats": "ENSCHEDE", "merk": "Stibat", "puntType": "inzamelbak", "materialen": ["batterijen"], "uitbetaling": [], "vrijToegankelijk": false, "gemeenteBeperking": null, "openingstijden": null, "latitude": 52.2110586, "longitude": 6.8644084, "bronId": "L047267"}}, {"type": "Feature", "geometry": {"type": "Point", "coordinates": [6.8651857, 52.2122818]}, "properties": {"type": "inleverpunt", "locatieNaam": "Dirk", "straatNaam": "Oogstplein", "straatNr": "26", "postcode": "7545 HP", "plaats": "ENSCHEDE", "merk": "Stibat", "puntType": "inzamelbak", "materialen": ["batterijen"], "uitbetaling": [], "vrijToegankelijk": false, "gemeenteBeperking": null, "openingstijden": null, "latitude": 52.2122818, "longitude": 6.8651857, "bronId": "L011620"}}, {"type": "Feature", "geometry": {"type": "Point", "coordinates": [6.878597, 52.1915768]}, "properties": {"type": "inleverpunt", "locatieNaam": "Jumbo", "straatNaam": "Wesseler-nering", "straatNr": "21", "postcode": "7544 JB", "plaats": "ENSCHEDE", "merk": "Stibat", "puntType": "inzamelbak", "materialen": ["batterijen"], "uitbetaling": [], "vrijToegankelijk": false, "gemeenteBeperking": null, "openingstijden": null, "latitude": 52.1915768, "longitude": 6.878597, "bronId": "L034711"}}, {"type": "Feature", "geometry": {"type": "Point", "coordinates": [6.8769024, 52.2061567]}, "properties": {"type": "inleverpunt", "locatieNaam": "Bike Totaal Broeksema", "straatNaam": "Wethouder Gerbertstraat", "straatNr": "4", "postcode": "7543 AX", "plaats": "ENSCHEDE", "merk": "Stibat", "puntType": "inzamelbak", "materialen": ["batterijen"], "uitbetaling": [], "vrijToegankelijk": false, "gemeenteBeperking": null, "openingstijden": null, "latitude": 52.2061567, "longitude": 6.8769024, "bronId": "L047517"}}, {"type": "Feature", "geometry": {"type": "Point", "coordinates": [6.879138, 52.191579]}, "properties": {"type": "inleverpunt", "locatieNaam": "Hans Anders", "straatNaam": "Wesseler-Nering", "straatNr": "24", "postcode": "7544 JB", "plaats": "ENSCHEDE", "merk": "Stibat", "puntType": "inzamelbak", "materialen": ["batterijen"], "uitbetaling": [], "vrijToegankelijk": false, "gemeenteBeperking": null, "openingstijden": null, "latitude": 52.191579, "longitude": 6.879138, "bronId": "L037805"}}, {"type": "Feature", "geometry": {"type": "Point", "coordinates": [6.8791395, 52.1916149]}, "properties": {"type": "inleverpunt", "locatieNaam": "Specsavers", "straatNaam": "Wesseler-Nering", "straatNr": "23", "postcode": "7544 JB", "plaats": "Enschede", "merk": "Stibat", "puntType": "inzamelbak", "materialen": ["batterijen"], "uitbetaling": [], "vrijToegankelijk": false, "gemeenteBeperking": null, "openingstijden": null, "latitude": 52.1916149, "longitude": 6.8791395, "bronId": "L045038"}}, {"type": "Feature", "geometry": {"type": "Point", "coordinates": [6.8795897, 52.1915193]}, "properties": {"type": "inleverpunt", "locatieNaam": "Intertoys", "straatNaam": "Wesseler-nering", "straatNr": "29", "postcode": "7544 JB", "plaats": "ENSCHEDE", "merk": "Stibat", "puntType": "inzamelbak", "materialen": ["batterijen"], "uitbetaling": [], "vrijToegankelijk": false, "gemeenteBeperking": null, "openingstijden": null, "latitude": 52.1915193, "longitude": 6.8795897, "bronId": "L039716"}}, {"type": "Feature", "geometry": {"type": "Point", "coordinates": [6.8800541, 52.1915416]}, "properties": {"type": "inleverpunt", "locatieNaam": "Kruidvat", "straatNaam": "Wesseler Nering", "straatNr": "17-18", "postcode": "7544 JA", "plaats": "ENSCHEDE", "merk": "Stibat", "puntType": "inzamelbak", "materialen": ["batterijen"], "uitbetaling": [], "vrijToegankelijk": false, "gemeenteBeperking": null, "openingstijden": null, "latitude": 52.1915416, "longitude": 6.8800541, "bronId": "L015471"}}, {"type": "Feature", "geometry": {"type": "Point", "coordinates": [6.8800541, 52.1915416]}, "properties": {"type": "inleverpunt", "locatieNaam": "Bruna", "straatNaam": "Wesseler-nering", "straatNr": "2D", "postcode": "7544 JA", "plaats": "ENSCHEDE", "merk": "Stibat", "puntType": "inzamelbak", "materialen": ["batterijen"], "uitbetaling": [], "vrijToegankelijk": false, "gemeenteBeperking": null, "openingstijden": null, "latitude": 52.1915416, "longitude": 6.8800541, "bronId": "L023144"}}, {"type": "Feature", "geometry": {"type": "Point", "coordinates": [6.8800541, 52.1915416]}, "properties": {"type": "inleverpunt", "locatieNaam": "Wibra", "straatNaam": "Wesseler-Nering", "straatNr": "617", "postcode": "7544 JA", "plaats": "Enschede", "merk": "Stibat", "puntType": "inzamelbak", "materialen": ["batterijen"], "uitbetaling": [], "vrijToegankelijk": false, "gemeenteBeperking": null, "openingstijden": null, "latitude": 52.1915416, "longitude": 6.8800541, "bronId": "L023916"}}, {"type": "Feature", "geometry": {"type": "Point", "coordinates": [6.8800541, 52.1915416]}, "properties": {"type": "inleverpunt", "locatieNaam": "Zeeman", "straatNaam": "Wesseler Nering", "straatNr": "1", "postcode": "7544 JA", "plaats": "Enschede", "merk": "Stibat", "puntType": "inzamelbak", "materialen": ["batterijen"], "uitbetaling": [], "vrijToegankelijk": false, "gemeenteBeperking": null, "openingstijden": null, "latitude": 52.1915416, "longitude": 6.8800541, "bronId": "L020212"}}, {"type": "Feature", "geometry": {"type": "Point", "coordinates": [6.8800541, 52.1915416]}, "properties": {"type": "inleverpunt", "locatieNaam": "Lidl", "straatNaam": "Wesseler-nering", "straatNr": "2b", "postcode": "7544 JA", "plaats": "Enschede", "merk": "Stibat", "puntType": "inzamelbak", "materialen": ["batterijen"], "uitbetaling": [], "vrijToegankelijk": false, "gemeenteBeperking": null, "openingstijden": null, "latitude": 52.1915416, "longitude": 6.8800541, "bronId": "L030634"}}, {"type": "Feature", "geometry": {"type": "Point", "coordinates": [6.8802089, 52.1919273]}, "properties": {"type": "inleverpunt", "locatieNaam": "Telecom Zuid", "straatNaam": "Wesseler-nering", "straatNr": "3A", "postcode": "7544 JA", "plaats": "ENSCHEDE", "merk": "Stibat", "puntType": "inzamelbak", "materialen": ["batterijen"], "uitbetaling": [], "vrijToegankelijk": false, "gemeenteBeperking": null, "openingstijden": null, "latitude": 52.1919273, "longitude": 6.8802089, "bronId": "L042801"}}, {"type": "Feature", "geometry": {"type": "Point", "coordinates": [6.876878, 52.2144825]}, "properties": {"type": "inleverpunt", "locatieNaam": "De Wals Hoortechniek", "straatNaam": "Pathmossingel", "straatNr": "139", "postcode": "7513 CE", "plaats": "ENSCHEDE", "merk": "Stibat", "puntType": "inzamelbak", "materialen": ["batterijen"], "uitbetaling": [], "vrijToegankelijk": false, "gemeenteBeperking": null, "openingstijden": null, "latitude": 52.2144825, "longitude": 6.876878, "bronId": "L039642"}}, {"type": "Feature", "geometry": {"type": "Point", "coordinates": [6.8805726, 52.1912947]}, "properties": {"type": "inleverpunt", "locatieNaam": "HEMA Enschede-Zuid", "straatNaam": "Wesseler-Nering", "straatNr": "40a", "postcode": "7544 JC", "plaats": "Enschede", "merk": "Stibat", "puntType": "inzamelbak", "materialen": ["batterijen"], "uitbetaling": [], "vrijToegankelijk": false, "gemeenteBeperking": null, "openingstijden": null, "latitude": 52.1912947, "longitude": 6.8805726, "bronId": "L046933"}}, {"type": "Feature", "geometry": {"type": "Point", "coordinates": [6.8807368, 52.1914136]}, "properties": {"type": "inleverpunt", "locatieNaam": "2325 Albert Heijn", "straatNaam": "Wesseler-nering", "straatNr": "20b", "postcode": "7544 JB", "plaats": "ENSCHEDE", "merk": "Stibat", "puntType": "inzamelbak", "materialen": ["batterijen"], "uitbetaling": [], "vrijToegankelijk": false, "gemeenteBeperking": null, "openingstijden": null, "latitude": 52.1914136, "longitude": 6.8807368, "bronId": "L044352"}}, {"type": "Feature", "geometry": {"type": "Point", "coordinates": [6.8791324, 52.2062584]}, "properties": {"type": "inleverpunt", "locatieNaam": "Jumbo", "straatNaam": "Burgemeester Van Veenlaan", "straatNr": "100", "postcode": "7543 AB", "plaats": "ENSCHEDE", "merk": "Stibat", "puntType": "inzamelbak", "materialen": ["batterijen"], "uitbetaling": [], "vrijToegankelijk": false, "gemeenteBeperking": null, "openingstijden": null, "latitude": 52.2062584, "longitude": 6.8791324, "bronId": "L037308"}}, {"type": "Feature", "geometry": {"type": "Point", "coordinates": [6.8824555, 52.1865901]}, "properties": {"type": "inleverpunt", "locatieNaam": "1397 Action", "straatNaam": "De Posten", "straatNr": "167-171", "postcode": "7544 LR", "plaats": "ENSCHEDE", "merk": "Stibat", "puntType": "inzamelbak", "materialen": ["batterijen"], "uitbetaling": [], "vrijToegankelijk": false, "gemeenteBeperking": null, "openingstijden": null, "latitude": 52.1865901, "longitude": 6.8824555, "bronId": "L040628"}}, {"type": "Feature", "geometry": {"type": "Point", "coordinates": [6.8797755, 52.2056064]}, "properties": {"type": "inleverpunt", "locatieNaam": "Drogisterij Pikula", "straatNaam": "Burgemeester M van Veenlaan", "straatNr": "116", "postcode": "7543 AB", "plaats": "ENSCHEDE", "merk": "Stibat", "puntType": "inzamelbak", "materialen": ["batterijen"], "uitbetaling": [], "vrijToegankelijk": false, "gemeenteBeperking": null, "openingstijden": null, "latitude": 52.2056064, "longitude": 6.8797755, "bronId": "L027265"}}, {"type": "Feature", "geometry": {"type": "Point", "coordinates": [6.877052, 52.2219258]}, "properties": {"type": "inleverpunt", "locatieNaam": "Karwei", "straatNaam": "Tubantiasingel", "straatNr": "1A", "postcode": "7514 AA", "plaats": "ENSCHEDE", "merk": "Stibat", "puntType": "inzamelbak", "materialen": ["batterijen"], "uitbetaling": [], "vrijToegankelijk": false, "gemeenteBeperking": null, "openingstijden": null, "latitude": 52.2219258, "longitude": 6.877052, "bronId": "L009380"}}, {"type": "Feature", "geometry": {"type": "Point", "coordinates": [6.879699, 52.2227283]}, "properties": {"type": "inleverpunt", "locatieNaam": "Welkoop", "straatNaam": "Schuttersveld", "straatNr": "56", "postcode": "7514 AL", "plaats": "ENSCHEDE", "merk": "Stibat", "puntType": "inzamelbak", "materialen": ["batterijen"], "uitbetaling": [], "vrijToegankelijk": false, "gemeenteBeperking": null, "openingstijden": null, "latitude": 52.2227283, "longitude": 6.879699, "bronId": "L018138"}}, {"type": "Feature", "geometry": {"type": "Point", "coordinates": [6.8815607, 52.2124556]}, "properties": {"type": "inleverpunt", "locatieNaam": "Planeta", "straatNaam": "Haaksbergerstraat", "straatNr": "302-306", "postcode": "7513 EH", "plaats": "ENSCHEDE", "merk": "Stibat", "puntType": "inzamelbak", "materialen": ["batterijen"], "uitbetaling": [], "vrijToegankelijk": false, "gemeenteBeperking": null, "openingstijden": null, "latitude": 52.2124556, "longitude": 6.8815607, "bronId": "L027266"}}, {"type": "Feature", "geometry": {"type": "Point", "coordinates": [6.8791505, 52.2270951]}, "properties": {"type": "inleverpunt", "locatieNaam": "Euronics", "straatNaam": "Hengelosestraat", "straatNr": "166", "postcode": "7521 AK", "plaats": "Enschede", "merk": "Stibat", "puntType": "inzamelbak", "materialen": ["batterijen"], "uitbetaling": [], "vrijToegankelijk": false, "gemeenteBeperking": null, "openingstijden": null, "latitude": 52.2270951, "longitude": 6.8791505, "bronId": "L024632"}}, {"type": "Feature", "geometry": {"type": "Point", "coordinates": [6.879574, 52.2252522]}, "properties": {"type": "inleverpunt", "locatieNaam": "Praxis 2096", "straatNaam": "Schuttersveld", "straatNr": "8", "postcode": "7514 AL", "plaats": "ENSCHEDE", "merk": "Stibat", "puntType": "inzamelbak", "materialen": ["batterijen"], "uitbetaling": [], "vrijToegankelijk": false, "gemeenteBeperking": null, "openingstijden": null, "latitude": 52.2252522, "longitude": 6.879574, "bronId": "L016242"}}, {"type": "Feature", "geometry": {"type": "Point", "coordinates": [6.8821658, 52.2114201]}, "properties": {"type": "inleverpunt", "locatieNaam": "Different Bikes", "straatNaam": "Broekheurnerweg", "straatNr": "72", "postcode": "7513 ES", "plaats": "ENSCHEDE", "merk": "Stibat", "puntType": "inzamelbak", "materialen": ["batterijen"], "uitbetaling": [], "vrijToegankelijk": false, "gemeenteBeperking": null, "openingstijden": null, "latitude": 52.2114201, "longitude": 6.8821658, "bronId": "L049470"}}, {"type": "Feature", "geometry": {"type": "Point", "coordinates": [6.8829752, 52.2070703]}, "properties": {"type": "inleverpunt", "locatieNaam": "JaHoor! Audiciens", "straatNaam": "Bleekhofstraat", "straatNr": "337", "postcode": "7543 EH", "plaats": "ENSCHEDE", "merk": "Stibat", "puntType": "inzamelbak", "materialen": ["batterijen"], "uitbetaling": [], "vrijToegankelijk": false, "gemeenteBeperking": null, "openingstijden": null, "latitude": 52.2070703, "longitude": 6.8829752, "bronId": "L028991"}}, {"type": "Feature", "geometry": {"type": "Point", "coordinates": [6.8804917, 52.225551]}, "properties": {"type": "inleverpunt", "locatieNaam": "Leen Bakker", "straatNaam": "Schuttersveld", "straatNr": "4", "postcode": "7514 AL", "plaats": "ENSCHEDE", "merk": "Stibat", "puntType": "inzamelbak", "materialen": ["batterijen"], "uitbetaling": [], "vrijToegankelijk": false, "gemeenteBeperking": null, "openingstijden": null, "latitude": 52.225551, "longitude": 6.8804917, "bronId": "L016823"}}, {"type": "Feature", "geometry": {"type": "Point", "coordinates": [6.8810769, 52.2238601]}, "properties": {"type": "inleverpunt", "locatieNaam": "Fietsvoordeelshop.nl", "straatNaam": "Schuttersveld", "straatNr": "5", "postcode": "7514 AC", "plaats": "ENSCHEDE", "merk": "Stibat", "puntType": "inzamelbak", "materialen": ["batterijen"], "uitbetaling": [], "vrijToegankelijk": false, "gemeenteBeperking": null, "openingstijden": null, "latitude": 52.2238601, "longitude": 6.8810769, "bronId": "L043752"}}, {"type": "Feature", "geometry": {"type": "Point", "coordinates": [6.8813249, 52.2247205]}, "properties": {"type": "inleverpunt", "locatieNaam": "1370 Action", "straatNaam": "Schuttersveld", "straatNr": "1f", "postcode": "7514 AC", "plaats": "ENSCHEDE", "merk": "Stibat", "puntType": "inzamelbak", "materialen": ["batterijen"], "uitbetaling": [], "vrijToegankelijk": false, "gemeenteBeperking": null, "openingstijden": null, "latitude": 52.2247205, "longitude": 6.8813249, "bronId": "L038686"}}, {"type": "Feature", "geometry": {"type": "Point", "coordinates": [6.8838998, 52.2117811]}, "properties": {"type": "inleverpunt", "locatieNaam": "Lidl", "straatNaam": "Slijpsteen", "straatNr": "11", "postcode": "7513 JB", "plaats": "Enschede", "merk": "Stibat", "puntType": "inzamelbak", "materialen": ["batterijen"], "uitbetaling": [], "vrijToegankelijk": false, "gemeenteBeperking": null, "openingstijden": null, "latitude": 52.2117811, "longitude": 6.8838998, "bronId": "L018383"}}, {"type": "Feature", "geometry": {"type": "Point", "coordinates": [6.8813887, 52.2257052]}, "properties": {"type": "inleverpunt", "locatieNaam": "Kwantum", "straatNaam": "Schuttersveld", "straatNr": "1", "postcode": "7514 AC", "plaats": "ENSCHEDE", "merk": "Stibat", "puntType": "inzamelbak", "materialen": ["batterijen"], "uitbetaling": [], "vrijToegankelijk": false, "gemeenteBeperking": null, "openingstijden": null, "latitude": 52.2257052, "longitude": 6.8813887, "bronId": "L035930"}}, {"type": "Feature", "geometry": {"type": "Point", "coordinates": [6.8815241, 52.2254212]}, "properties": {"type": "inleverpunt", "locatieNaam": "Aldi", "straatNaam": "Schuttersveld", "straatNr": "3", "postcode": "7514 AC", "plaats": "ENSCHEDE", "merk": "Stibat", "puntType": "inzamelbak", "materialen": ["batterijen"], "uitbetaling": [], "vrijToegankelijk": false, "gemeenteBeperking": null, "openingstijden": null, "latitude": 52.2254212, "longitude": 6.8815241, "bronId": "L041486"}}, {"type": "Feature", "geometry": {"type": "Point", "coordinates": [6.8823083, 52.2261195]}, "properties": {"type": "inleverpunt", "locatieNaam": "Het Goed Enschede", "straatNaam": "Boddenkampsingel", "straatNr": "2", "postcode": "7514 AR", "plaats": "ENSCHEDE", "merk": "Stibat", "puntType": "inzamelbak", "materialen": ["batterijen"], "uitbetaling": [], "vrijToegankelijk": false, "gemeenteBeperking": null, "openingstijden": null, "latitude": 52.2261195, "longitude": 6.8823083, "bronId": "L030808"}}, {"type": "Feature", "geometry": {"type": "Point", "coordinates": [6.8847924, 52.2126743]}, "properties": {"type": "inleverpunt", "locatieNaam": "Gamma", "straatNaam": "Slijpsteen", "straatNr": "30", "postcode": "7513 JA", "plaats": "ENSCHEDE", "merk": "Stibat", "puntType": "inzamelbak", "materialen": ["batterijen"], "uitbetaling": [], "vrijToegankelijk": false, "gemeenteBeperking": null, "openingstijden": null, "latitude": 52.2126743, "longitude": 6.8847924, "bronId": "L008247"}}, {"type": "Feature", "geometry": {"type": "Point", "coordinates": [6.8887632, 52.1973288]}, "properties": {"type": "inleverpunt", "locatieNaam": "Afvalbrengpunt Enschede Zuid", "straatNaam": "Vlierstraat", "straatNr": "105", "postcode": "7544 GG", "plaats": "ENSCHEDE", "merk": "Stibat", "puntType": "inzamelbak", "materialen": ["batterijen"], "uitbetaling": [], "vrijToegankelijk": false, "gemeenteBeperking": null, "openingstijden": null, "latitude": 52.1973288, "longitude": 6.8887632, "bronId": "L035854"}}, {"type": "Feature", "geometry": {"type": "Point", "coordinates": [6.8862939, 52.2142849]}, "properties": {"type": "inleverpunt", "locatieNaam": "Aldi", "straatNaam": "Haaksbergerstraat", "straatNr": "202", "postcode": "7513 EC", "plaats": "Enschede", "merk": "Stibat", "puntType": "inzamelbak", "materialen": ["batterijen"], "uitbetaling": [], "vrijToegankelijk": false, "gemeenteBeperking": null, "openingstijden": null, "latitude": 52.2142849, "longitude": 6.8862939, "bronId": "L041485"}}, {"type": "Feature", "geometry": {"type": "Point", "coordinates": [6.8866595, 52.2206679]}, "properties": {"type": "inleverpunt", "locatieNaam": "Studieboekencentrale Saxion Enschede", "straatNaam": "M.H. Tromplaan", "straatNr": "28", "postcode": "7513 AB", "plaats": "ENSCHEDE", "merk": "Stibat", "puntType": "inzamelbak", "materialen": ["batterijen"], "uitbetaling": [], "vrijToegankelijk": false, "gemeenteBeperking": null, "openingstijden": null, "latitude": 52.2206679, "longitude": 6.8866595, "bronId": "L026614"}}, {"type": "Feature", "geometry": {"type": "Point", "coordinates": [6.8866501, 52.2225575]}, "properties": {"type": "inleverpunt", "locatieNaam": "ToyChamp", "straatNaam": "Brandweerstraat", "straatNr": "6", "postcode": "7514 AL", "plaats": "ENSCHEDE", "merk": "Stibat", "puntType": "inzamelbak", "materialen": ["batterijen"], "uitbetaling": [], "vrijToegankelijk": false, "gemeenteBeperking": null, "openingstijden": null, "latitude": 52.2225575, "longitude": 6.8866501, "bronId": "L044433"}}, {"type": "Feature", "geometry": {"type": "Point", "coordinates": [6.8893583, 52.2078099]}, "properties": {"type": "inleverpunt", "locatieNaam": "Total", "straatNaam": "Zuiderval", "straatNr": "50", "postcode": "7543 CJ", "plaats": "ENSCHEDE", "merk": "Stibat", "puntType": "inzamelbak", "materialen": ["batterijen"], "uitbetaling": [], "vrijToegankelijk": false, "gemeenteBeperking": null, "openingstijden": null, "latitude": 52.2078099, "longitude": 6.8893583, "bronId": "L021042"}}, {"type": "Feature", "geometry": {"type": "Point", "coordinates": [6.8914344, 52.2020864]}, "properties": {"type": "inleverpunt", "locatieNaam": "Hornbach", "straatNaam": "Zuiderval", "straatNr": "175", "postcode": "7543 EZ", "plaats": "ENSCHEDE", "merk": "Stibat", "puntType": "inzamelbak", "materialen": ["batterijen"], "uitbetaling": [], "vrijToegankelijk": false, "gemeenteBeperking": null, "openingstijden": null, "latitude": 52.2020864, "longitude": 6.8914344, "bronId": "L045488"}}, {"type": "Feature", "geometry": {"type": "Point", "coordinates": [6.8879436, 52.224342]}, "properties": {"type": "inleverpunt", "locatieNaam": "Jumbo", "straatNaam": "De Coöperatie", "straatNr": "15-3", "postcode": "7514 JK", "plaats": "Enschede", "merk": "Stibat", "puntType": "inzamelbak", "materialen": ["batterijen"], "uitbetaling": [], "vrijToegankelijk": false, "gemeenteBeperking": null, "openingstijden": null, "latitude": 52.224342, "longitude": 6.8879436, "bronId": "L045461"}}, {"type": "Feature", "geometry": {"type": "Point", "coordinates": [6.8921734, 52.2041008]}, "properties": {"type": "inleverpunt", "locatieNaam": "Kruidvat", "straatNaam": "Spaansland", "straatNr": "15", "postcode": "7543 BE", "plaats": "ENSCHEDE", "merk": "Stibat", "puntType": "inzamelbak", "materialen": ["batterijen"], "uitbetaling": [], "vrijToegankelijk": false, "gemeenteBeperking": null, "openingstijden": null, "latitude": 52.2041008, "longitude": 6.8921734, "bronId": "L036223"}}, {"type": "Feature", "geometry": {"type": "Point", "coordinates": [6.8903312, 52.2223847]}, "properties": {"type": "inleverpunt", "locatieNaam": "AKO", "straatNaam": "Stationsplein", "straatNr": "33", "postcode": "7511 JD", "plaats": "ENSCHEDE", "merk": "Stibat", "puntType": "inzamelbak", "materialen": ["batterijen"], "uitbetaling": [], "vrijToegankelijk": false, "gemeenteBeperking": null, "openingstijden": null, "latitude": 52.2223847, "longitude": 6.8903312, "bronId": "L023555"}}, {"type": "Feature", "geometry": {"type": "Point", "coordinates": [6.8897232, 52.2316476]}, "properties": {"type": "inleverpunt", "locatieNaam": "HEMA Enschede Op de Brouwerij", "straatNaam": "Brouwerijplein", "straatNr": "33", "postcode": "7523 MA", "plaats": "Enschede", "merk": "Stibat", "puntType": "inzamelbak", "materialen": ["batterijen"], "uitbetaling": [], "vrijToegankelijk": false, "gemeenteBeperking": null, "openingstijden": null, "latitude": 52.2316476, "longitude": 6.8897232, "bronId": "L046862"}}, {"type": "Feature", "geometry": {"type": "Point", "coordinates": [6.8903972, 52.2312243]}, "properties": {"type": "inleverpunt", "locatieNaam": "Kruidvat", "straatNaam": "Brouwerijplein", "straatNr": "45a", "postcode": "7523 MA", "plaats": "ENSCHEDE", "merk": "Stibat", "puntType": "inzamelbak", "materialen": ["batterijen"], "uitbetaling": [], "vrijToegankelijk": false, "gemeenteBeperking": null, "openingstijden": null, "latitude": 52.2312243, "longitude": 6.8903972, "bronId": "L036224"}}, {"type": "Feature", "geometry": {"type": "Point", "coordinates": [6.8919155, 52.2243082]}, "properties": {"type": "inleverpunt", "locatieNaam": "Cartridge Europe B.V.", "straatNaam": "Deurningerstraat", "straatNr": "14a", "postcode": "7514 BH", "plaats": "ENSCHEDE", "merk": "Stibat", "puntType": "inzamelbak", "materialen": ["batterijen"], "uitbetaling": [], "vrijToegankelijk": false, "gemeenteBeperking": null, "openingstijden": null, "latitude": 52.2243082, "longitude": 6.8919155, "bronId": "L038661"}}, {"type": "Feature", "geometry": {"type": "Point", "coordinates": [6.8907897, 52.2316238]}, "properties": {"type": "inleverpunt", "locatieNaam": "Primera", "straatNaam": "Brouwerijstraat", "straatNr": "72", "postcode": "7523 XE", "plaats": "ENSCHEDE", "merk": "Stibat", "puntType": "inzamelbak", "materialen": ["batterijen"], "uitbetaling": [], "vrijToegankelijk": false, "gemeenteBeperking": null, "openingstijden": null, "latitude": 52.2316238, "longitude": 6.8907897, "bronId": "L026679"}}, {"type": "Feature", "geometry": {"type": "Point", "coordinates": [6.8913922, 52.2312273]}, "properties": {"type": "inleverpunt", "locatieNaam": "Jumbo", "straatNaam": "Brouwerijplein", "straatNr": "55", "postcode": "7523 MA", "plaats": "ENSCHEDE", "merk": "Stibat", "puntType": "inzamelbak", "materialen": ["batterijen"], "uitbetaling": [], "vrijToegankelijk": false, "gemeenteBeperking": null, "openingstijden": null, "latitude": 52.2312273, "longitude": 6.8913922, "bronId": "L027760"}}, {"type": "Feature", "geometry": {"type": "Point", "coordinates": [6.8914025, 52.2312547]}, "properties": {"type": "inleverpunt", "locatieNaam": "Beter Horen", "straatNaam": "Brouwerijstraat", "straatNr": "8", "postcode": "7523 XD", "plaats": "ENSCHEDE", "merk": "Stibat", "puntType": "inzamelbak", "materialen": ["batterijen"], "uitbetaling": [], "vrijToegankelijk": false, "gemeenteBeperking": null, "openingstijden": null, "latitude": 52.2312547, "longitude": 6.8914025, "bronId": "L017642"}}, {"type": "Feature", "geometry": {"type": "Point", "coordinates": [6.8940954, 52.2172515]}, "properties": {"type": "inleverpunt", "locatieNaam": "Bang &amp; Olufsen Enschede", "straatNaam": "Beltstraat", "straatNr": "37", "postcode": "7512 AC", "plaats": "ENSCHEDE", "merk": "Stibat", "puntType": "inzamelbak", "materialen": ["batterijen"], "uitbetaling": [], "vrijToegankelijk": false, "gemeenteBeperking": null, "openingstijden": null, "latitude": 52.2172515, "longitude": 6.8940954, "bronId": "L034589"}}, {"type": "Feature", "geometry": {"type": "Point", "coordinates": [6.8936283, 52.2208525]}, "properties": {"type": "inleverpunt", "locatieNaam": "Spar", "straatNaam": "Marktstraat", "straatNr": "13", "postcode": "7511 GC", "plaats": "ENSCHEDE", "merk": "Stibat", "puntType": "inzamelbak", "materialen": ["batterijen"], "uitbetaling": [], "vrijToegankelijk": false, "gemeenteBeperking": null, "openingstijden": null, "latitude": 52.2208525, "longitude": 6.8936283, "bronId": "L037206"}}, {"type": "Feature", "geometry": {"type": "Point", "coordinates": [6.8951121, 52.2129593]}, "properties": {"type": "inleverpunt", "locatieNaam": "Jumbo", "straatNaam": "Kuipersdijk", "straatNr": "118", "postcode": "7512 CL", "plaats": "ENSCHEDE", "merk": "Stibat", "puntType": "inzamelbak", "materialen": ["batterijen"], "uitbetaling": [], "vrijToegankelijk": false, "gemeenteBeperking": null, "openingstijden": null, "latitude": 52.2129593, "longitude": 6.8951121, "bronId": "L040569"}}, {"type": "Feature", "geometry": {"type": "Point", "coordinates": [6.8944027, 52.2184456]}, "properties": {"type": "inleverpunt", "locatieNaam": "Decathlon", "straatNaam": "Van Loenshof", "straatNr": "60", "postcode": "7511 NJ", "plaats": "ENSCHEDE", "merk": "Stibat", "puntType": "inzamelbak", "materialen": ["batterijen"], "uitbetaling": [], "vrijToegankelijk": false, "gemeenteBeperking": null, "openingstijden": null, "latitude": 52.2184456, "longitude": 6.8944027, "bronId": "L040240"}}, {"type": "Feature", "geometry": {"type": "Point", "coordinates": [6.8958182, 52.2150533]}, "properties": {"type": "inleverpunt", "locatieNaam": "Schoonenberg Hoorcomfort", "straatNaam": "Kuipersdijk", "straatNr": "42", "postcode": "7512 CH", "plaats": "ENSCHEDE", "merk": "Stibat", "puntType": "inzamelbak", "materialen": ["batterijen"], "uitbetaling": [], "vrijToegankelijk": false, "gemeenteBeperking": null, "openingstijden": null, "latitude": 52.2150533, "longitude": 6.8958182, "bronId": "L021339"}}, {"type": "Feature", "geometry": {"type": "Point", "coordinates": [6.8957441, 52.2161972]}, "properties": {"type": "inleverpunt", "locatieNaam": "ANWB", "straatNaam": "Burgemeester Edo Bergsmalaan", "straatNr": "1A", "postcode": "7512 AD", "plaats": "ENSCHEDE", "merk": "Stibat", "puntType": "inzamelbak", "materialen": ["batterijen"], "uitbetaling": [], "vrijToegankelijk": false, "gemeenteBeperking": null, "openingstijden": null, "latitude": 52.2161972, "longitude": 6.8957441, "bronId": "L044583"}}, {"type": "Feature", "geometry": {"type": "Point", "coordinates": [6.8958526, 52.2187109]}, "properties": {"type": "inleverpunt", "locatieNaam": "Specsavers", "straatNaam": "Raadhuisstraat", "straatNr": "4", "postcode": "7511 HK", "plaats": "Enschede", "merk": "Stibat", "puntType": "inzamelbak", "materialen": ["batterijen"], "uitbetaling": [], "vrijToegankelijk": false, "gemeenteBeperking": null, "openingstijden": null, "latitude": 52.2187109, "longitude": 6.8958526, "bronId": "L045037"}}, {"type": "Feature", "geometry": {"type": "Point", "coordinates": [6.8964672, 52.2178138]}, "properties": {"type": "inleverpunt", "locatieNaam": "Primark", "straatNaam": "H.J. van Heekplein", "straatNr": "90", "postcode": "7511 HN", "plaats": "ENSCHEDE", "merk": "Stibat", "puntType": "inzamelbak", "materialen": ["batterijen"], "uitbetaling": [], "vrijToegankelijk": false, "gemeenteBeperking": null, "openingstijden": null, "latitude": 52.2178138, "longitude": 6.8964672, "bronId": "L036303"}}, {"type": "Feature", "geometry": {"type": "Point", "coordinates": [6.8964112, 52.2183535]}, "properties": {"type": "inleverpunt", "locatieNaam": "Kruidvat", "straatNaam": "Raadhuisstraat", "straatNr": "16", "postcode": "7511 HK", "plaats": "ENSCHEDE", "merk": "Stibat", "puntType": "inzamelbak", "materialen": ["batterijen"], "uitbetaling": [], "vrijToegankelijk": false, "gemeenteBeperking": null, "openingstijden": null, "latitude": 52.2183535, "longitude": 6.8964112, "bronId": "L014160"}}, {"type": "Feature", "geometry": {"type": "Point", "coordinates": [6.892451, 52.2392616]}, "properties": {"type": "inleverpunt", "locatieNaam": "Dirk", "straatNaam": "Rijnstraat", "straatNr": "84", "postcode": "7523 GH", "plaats": "ENSCHEDE", "merk": "Stibat", "puntType": "inzamelbak", "materialen": ["batterijen"], "uitbetaling": [], "vrijToegankelijk": false, "gemeenteBeperking": null, "openingstijden": null, "latitude": 52.2392616, "longitude": 6.892451, "bronId": "L034572"}}, {"type": "Feature", "geometry": {"type": "Point", "coordinates": [6.9007739, 52.1935086]}, "properties": {"type": "inleverpunt", "locatieNaam": "Kruidvat", "straatNaam": "Veldhoflanden", "straatNr": "6 - 7", "postcode": "7542 LA", "plaats": "ENSCHEDE", "merk": "Stibat", "puntType": "inzamelbak", "materialen": ["batterijen"], "uitbetaling": [], "vrijToegankelijk": false, "gemeenteBeperking": null, "openingstijden": null, "latitude": 52.1935086, "longitude": 6.9007739, "bronId": "L031028"}}, {"type": "Feature", "geometry": {"type": "Point", "coordinates": [6.9007739, 52.1935086]}, "properties": {"type": "inleverpunt", "locatieNaam": "1227 Albert Heijn", "straatNaam": "Veldhoflanden", "straatNr": "2", "postcode": "7542 LA", "plaats": "ENSCHEDE", "merk": "Stibat", "puntType": "inzamelbak", "materialen": ["batterijen"], "uitbetaling": [], "vrijToegankelijk": false, "gemeenteBeperking": null, "openingstijden": null, "latitude": 52.1935086, "longitude": 6.9007739, "bronId": "L008133"}}, {"type": "Feature", "geometry": {"type": "Point", "coordinates": [6.9010105, 52.1934578]}, "properties": {"type": "inleverpunt", "locatieNaam": "Primera", "straatNaam": "Veldhoflanden", "straatNr": "8-9", "postcode": "7542 LA", "plaats": "ENSCHEDE", "merk": "Stibat", "puntType": "inzamelbak", "materialen": ["batterijen"], "uitbetaling": [], "vrijToegankelijk": false, "gemeenteBeperking": null, "openingstijden": null, "latitude": 52.1934578, "longitude": 6.9010105, "bronId": "L024634"}}, {"type": "Feature", "geometry": {"type": "Point", "coordinates": [6.9010797, 52.1934309]}, "properties": {"type": "inleverpunt", "locatieNaam": "Aldi", "straatNaam": "Veldhoflanden", "straatNr": "5e", "postcode": "7542 LA", "plaats": "ENSCHEDE", "merk": "Stibat", "puntType": "inzamelbak", "materialen": ["batterijen"], "uitbetaling": [], "vrijToegankelijk": false, "gemeenteBeperking": null, "openingstijden": null, "latitude": 52.1934309, "longitude": 6.9010797, "bronId": "L043193"}}, {"type": "Feature", "geometry": {"type": "Point", "coordinates": [6.8930761, 52.2391974]}, "properties": {"type": "inleverpunt", "locatieNaam": "Kruidvat", "straatNaam": "Rijnstraat", "straatNr": "52-54", "postcode": "7523 GG", "plaats": "ENSCHEDE", "merk": "Stibat", "puntType": "inzamelbak", "materialen": ["batterijen"], "uitbetaling": [], "vrijToegankelijk": false, "gemeenteBeperking": null, "openingstijden": null, "latitude": 52.2391974, "longitude": 6.8930761, "bronId": "L014282"}}, {"type": "Feature", "geometry": {"type": "Point", "coordinates": [6.8975125, 52.2171081]}, "properties": {"type": "inleverpunt", "locatieNaam": "HEMA Enschede", "straatNaam": "H.J van Heekplein", "straatNr": "74", "postcode": "7511 HN", "plaats": "Enschede", "merk": "Stibat", "puntType": "inzamelbak", "materialen": ["batterijen"], "uitbetaling": [], "vrijToegankelijk": false, "gemeenteBeperking": null, "openingstijden": null, "latitude": 52.2171081, "longitude": 6.8975125, "bronId": "L046758"}}, {"type": "Feature", "geometry": {"type": "Point", "coordinates": [6.893322, 52.2390595]}, "properties": {"type": "inleverpunt", "locatieNaam": "CIGO Kroeze", "straatNaam": "Rijnstraat", "straatNr": "64a", "postcode": "7523 GH", "plaats": "ENSCHEDE", "merk": "Stibat", "puntType": "inzamelbak", "materialen": ["batterijen"], "uitbetaling": [], "vrijToegankelijk": false, "gemeenteBeperking": null, "openingstijden": null, "latitude": 52.2390595, "longitude": 6.893322, "bronId": "L038908"}}, {"type": "Feature", "geometry": {"type": "Point", "coordinates": [6.8976085, 52.2191274]}, "properties": {"type": "inleverpunt", "locatieNaam": "BelCompany", "straatNaam": "Langestraat", "straatNr": "9a", "postcode": "7511 HA", "plaats": "Enschede", "merk": "Stibat", "puntType": "inzamelbak", "materialen": ["batterijen"], "uitbetaling": [], "vrijToegankelijk": false, "gemeenteBeperking": null, "openingstijden": null, "latitude": 52.2191274, "longitude": 6.8976085, "bronId": "L015487"}}, {"type": "Feature", "geometry": {"type": "Point", "coordinates": [6.8983587, 52.2167513]}, "properties": {"type": "inleverpunt", "locatieNaam": "1428 Albert Heijn", "straatNaam": "Hendrik Jan van Heekpln", "straatNr": "63", "postcode": "7511 HN", "plaats": "ENSCHEDE", "merk": "Stibat", "puntType": "inzamelbak", "materialen": ["batterijen"], "uitbetaling": [], "vrijToegankelijk": false, "gemeenteBeperking": null, "openingstijden": null, "latitude": 52.2167513, "longitude": 6.8983587, "bronId": "L012203"}}, {"type": "Feature", "geometry": {"type": "Point", "coordinates": [6.898355, 52.216999]}, "properties": {"type": "inleverpunt", "locatieNaam": "Prenatal ENSCHEDE", "straatNaam": "Van Heekplein", "straatNr": "72", "postcode": "7511 HN", "plaats": "ENSCHEDE", "merk": "Stibat", "puntType": "inzamelbak", "materialen": ["batterijen"], "uitbetaling": [], "vrijToegankelijk": false, "gemeenteBeperking": null, "openingstijden": null, "latitude": 52.216999, "longitude": 6.898355, "bronId": "L039586"}}, {"type": "Feature", "geometry": {"type": "Point", "coordinates": [6.8984824, 52.2169096]}, "properties": {"type": "inleverpunt", "locatieNaam": "Xenos", "straatNaam": "H.J. van Heekplein", "straatNr": "70", "postcode": "7511 HN", "plaats": "ENSCHEDE", "merk": "Stibat", "puntType": "inzamelbak", "materialen": ["batterijen"], "uitbetaling": [], "vrijToegankelijk": false, "gemeenteBeperking": null, "openingstijden": null, "latitude": 52.2169096, "longitude": 6.8984824, "bronId": "L037059"}}, {"type": "Feature", "geometry": {"type": "Point", "coordinates": [6.8982644, 52.2186827]}, "properties": {"type": "inleverpunt", "locatieNaam": "Zara", "straatNaam": "H.J. van Heekplein", "straatNr": "54", "postcode": "7511 HN", "plaats": "Enschede", "merk": "Stibat", "puntType": "inzamelbak", "materialen": ["batterijen"], "uitbetaling": [], "vrijToegankelijk": false, "gemeenteBeperking": null, "openingstijden": null, "latitude": 52.2186827, "longitude": 6.8982644, "bronId": "L045716"}}, {"type": "Feature", "geometry": {"type": "Point", "coordinates": [6.8986225, 52.2176532]}, "properties": {"type": "inleverpunt", "locatieNaam": "BelCompany", "straatNaam": "Klanderij", "straatNr": "83", "postcode": "7511 HS", "plaats": "Enschede", "merk": "Stibat", "puntType": "inzamelbak", "materialen": ["batterijen"], "uitbetaling": [], "vrijToegankelijk": false, "gemeenteBeperking": null, "openingstijden": null, "latitude": 52.2176532, "longitude": 6.8986225, "bronId": "L014755"}}, {"type": "Feature", "geometry": {"type": "Point", "coordinates": [6.8986225, 52.2176532]}, "properties": {"type": "inleverpunt", "locatieNaam": "Xando/Apple Store", "straatNaam": "Klanderij", "straatNr": "53", "postcode": "7511 HS", "plaats": "ENSCHEDE", "merk": "Stibat", "puntType": "inzamelbak", "materialen": ["batterijen"], "uitbetaling": [], "vrijToegankelijk": false, "gemeenteBeperking": null, "openingstijden": null, "latitude": 52.2176532, "longitude": 6.8986225, "bronId": "L028862"}}, {"type": "Feature", "geometry": {"type": "Point", "coordinates": [6.8986225, 52.2176532]}, "properties": {"type": "inleverpunt", "locatieNaam": "7346 Etos", "straatNaam": "Klanderij", "straatNr": "41", "postcode": "7511 HS", "plaats": "ENSCHEDE", "merk": "Stibat", "puntType": "inzamelbak", "materialen": ["batterijen"], "uitbetaling": [], "vrijToegankelijk": false, "gemeenteBeperking": null, "openingstijden": null, "latitude": 52.2176532, "longitude": 6.8986225, "bronId": "L022433"}}, {"type": "Feature", "geometry": {"type": "Point", "coordinates": [6.8986225, 52.2176532]}, "properties": {"type": "inleverpunt", "locatieNaam": "Kruidvat", "straatNaam": "Klanderij", "straatNr": "92", "postcode": "7511 HS", "plaats": "ENSCHEDE", "merk": "Stibat", "puntType": "inzamelbak", "materialen": ["batterijen"], "uitbetaling": [], "vrijToegankelijk": false, "gemeenteBeperking": null, "openingstijden": null, "latitude": 52.2176532, "longitude": 6.8986225, "bronId": "L016475"}}, {"type": "Feature", "geometry": {"type": "Point", "coordinates": [6.898796, 52.21722]}, "properties": {"type": "inleverpunt", "locatieNaam": "Hans Anders", "straatNaam": "Klanderij", "straatNr": "62", "postcode": "7511 HS", "plaats": "ENSCHEDE", "merk": "Stibat", "puntType": "inzamelbak", "materialen": ["batterijen"], "uitbetaling": [], "vrijToegankelijk": false, "gemeenteBeperking": null, "openingstijden": null, "latitude": 52.21722, "longitude": 6.898796, "bronId": "L037806"}}, {"type": "Feature", "geometry": {"type": "Point", "coordinates": [6.8982854, 52.2207507]}, "properties": {"type": "inleverpunt", "locatieNaam": "Tabak &amp; Gemak", "straatNaam": "Noorderhagen", "straatNr": "80", "postcode": "7511 EM", "plaats": "ENSCHEDE", "merk": "Stibat", "puntType": "inzamelbak", "materialen": ["batterijen"], "uitbetaling": [], "vrijToegankelijk": false, "gemeenteBeperking": null, "openingstijden": null, "latitude": 52.2207507, "longitude": 6.8982854, "bronId": "L045863"}}, {"type": "Feature", "geometry": {"type": "Point", "coordinates": [6.8982459, 52.2213524]}, "properties": {"type": "inleverpunt", "locatieNaam": "Jumbo", "straatNaam": "Noorderhagen", "straatNr": "75", "postcode": "7511 EK", "plaats": "ENSCHEDE", "merk": "Stibat", "puntType": "inzamelbak", "materialen": ["batterijen"], "uitbetaling": [], "vrijToegankelijk": false, "gemeenteBeperking": null, "openingstijden": null, "latitude": 52.2213524, "longitude": 6.8982459, "bronId": "L020887"}}, {"type": "Feature", "geometry": {"type": "Point", "coordinates": [6.8948021, 52.2391629]}, "properties": {"type": "inleverpunt", "locatieNaam": "1008 Albert Heijn", "straatNaam": "Rijnstraat", "straatNr": "20", "postcode": "7523 GG", "plaats": "ENSCHEDE", "merk": "Stibat", "puntType": "inzamelbak", "materialen": ["batterijen"], "uitbetaling": [], "vrijToegankelijk": false, "gemeenteBeperking": null, "openingstijden": null, "latitude": 52.2391629, "longitude": 6.8948021, "bronId": "L008222"}}, {"type": "Feature", "geometry": {"type": "Point", "coordinates": [6.8985665, 52.2202567]}, "properties": {"type": "inleverpunt", "locatieNaam": "Intertoys", "straatNaam": "De Heurne", "straatNr": "19", "postcode": "7511 GV", "plaats": "ENSCHEDE", "merk": "Stibat", "puntType": "inzamelbak", "materialen": ["batterijen"], "uitbetaling": [], "vrijToegankelijk": false, "gemeenteBeperking": null, "openingstijden": null, "latitude": 52.2202567, "longitude": 6.8985665, "bronId": "L038225"}}, {"type": "Feature", "geometry": {"type": "Point", "coordinates": [6.8989714, 52.2194557]}, "properties": {"type": "inleverpunt", "locatieNaam": "DOUGLAS", "straatNaam": "Kalanderstraat", "straatNr": "1", "postcode": "7511 HW", "plaats": "ENSCHEDE", "merk": "Stibat", "puntType": "inzamelbak", "materialen": ["batterijen"], "uitbetaling": [], "vrijToegankelijk": false, "gemeenteBeperking": null, "openingstijden": null, "latitude": 52.2194557, "longitude": 6.8989714, "bronId": "L049215"}}, {"type": "Feature", "geometry": {"type": "Point", "coordinates": [6.8988756, 52.2203336]}, "properties": {"type": "inleverpunt", "locatieNaam": "Zeeman", "straatNaam": "De Heurne", "straatNr": "12a", "postcode": "7511 GX", "plaats": "ENSCHEDE", "merk": "Stibat", "puntType": "inzamelbak", "materialen": ["batterijen"], "uitbetaling": [], "vrijToegankelijk": false, "gemeenteBeperking": null, "openingstijden": null, "latitude": 52.2203336, "longitude": 6.8988756, "bronId": "L020311"}}, {"type": "Feature", "geometry": {"type": "Point", "coordinates": [6.8987884, 52.2210922]}, "properties": {"type": "inleverpunt", "locatieNaam": "KiK Enschede", "straatNaam": "De Heurne", "straatNr": "41", "postcode": "7511 GZ", "plaats": "ENSCHEDE", "merk": "Stibat", "puntType": "inzamelbak", "materialen": ["batterijen"], "uitbetaling": [], "vrijToegankelijk": false, "gemeenteBeperking": null, "openingstijden": null, "latitude": 52.2210922, "longitude": 6.8987884, "bronId": "L037414"}}, {"type": "Feature", "geometry": {"type": "Point", "coordinates": [6.8996554, 52.2177461]}, "properties": {"type": "inleverpunt", "locatieNaam": "Tiger Stores/Flying Tiger Enschede", "straatNaam": "Klanderij", "straatNr": "49", "postcode": "7511 HS", "plaats": "ENSCHEDE", "merk": "Stibat", "puntType": "inzamelbak", "materialen": ["batterijen"], "uitbetaling": [], "vrijToegankelijk": false, "gemeenteBeperking": null, "openingstijden": null, "latitude": 52.2177461, "longitude": 6.8996554, "bronId": "L036814"}}, {"type": "Feature", "geometry": {"type": "Point", "coordinates": [6.8993751, 52.2194037]}, "properties": {"type": "inleverpunt", "locatieNaam": "Wibra", "straatNaam": "De Klomp", "straatNr": "10", "postcode": "7511 DJ", "plaats": "ENSCHEDE", "merk": "Stibat", "puntType": "inzamelbak", "materialen": ["batterijen"], "uitbetaling": [], "vrijToegankelijk": false, "gemeenteBeperking": null, "openingstijden": null, "latitude": 52.2194037, "longitude": 6.8993751, "bronId": "L022136"}}, {"type": "Feature", "geometry": {"type": "Point", "coordinates": [6.89987, 52.2173589]}, "properties": {"type": "inleverpunt", "locatieNaam": "MediaMarkt", "straatNaam": "Oldenzaalsestraat", "straatNr": "1", "postcode": "7511 DV", "plaats": "ENSCHEDE", "merk": "Stibat", "puntType": "inzamelbak", "materialen": ["batterijen"], "uitbetaling": [], "vrijToegankelijk": false, "gemeenteBeperking": null, "openingstijden": null, "latitude": 52.2173589, "longitude": 6.89987, "bronId": "L021149"}}, {"type": "Feature", "geometry": {"type": "Point", "coordinates": [6.8993184, 52.2216157]}, "properties": {"type": "inleverpunt", "locatieNaam": "PartsNL", "straatNaam": "De Heurne", "straatNr": "40", "postcode": "7511 GW", "plaats": "ENSCHEDE", "merk": "Stibat", "puntType": "inzamelbak", "materialen": ["batterijen"], "uitbetaling": [], "vrijToegankelijk": false, "gemeenteBeperking": null, "openingstijden": null, "latitude": 52.2216157, "longitude": 6.8993184, "bronId": "L036341"}}, {"type": "Feature", "geometry": {"type": "Point", "coordinates": [6.8991711, 52.2224566]}, "properties": {"type": "inleverpunt", "locatieNaam": "Hemmers Beeld en Geluid", "straatNaam": "De Heurne", "straatNr": "79", "postcode": "7511 GS", "plaats": "ENSCHEDE", "merk": "Stibat", "puntType": "inzamelbak", "materialen": ["batterijen"], "uitbetaling": [], "vrijToegankelijk": false, "gemeenteBeperking": null, "openingstijden": null, "latitude": 52.2224566, "longitude": 6.8991711, "bronId": "L046712"}}, {"type": "Feature", "geometry": {"type": "Point", "coordinates": [6.8990951, 52.2232277]}, "properties": {"type": "inleverpunt", "locatieNaam": "Electro World", "straatNaam": "Oldenzaalsestraat", "straatNr": "101", "postcode": "7511 DZ", "plaats": "ENSCHEDE", "merk": "Stibat", "puntType": "inzamelbak", "materialen": ["batterijen"], "uitbetaling": [], "vrijToegankelijk": false, "gemeenteBeperking": null, "openingstijden": null, "latitude": 52.2232277, "longitude": 6.8990951, "bronId": "L034755"}}, {"type": "Feature", "geometry": {"type": "Point", "coordinates": [6.9007523, 52.2147543]}, "properties": {"type": "inleverpunt", "locatieNaam": "GSM Team", "straatNaam": "Floresstraat", "straatNr": "16A", "postcode": "7512 ZR", "plaats": "ENSCHEDE", "merk": "Stibat", "puntType": "inzamelbak", "materialen": ["batterijen"], "uitbetaling": [], "vrijToegankelijk": false, "gemeenteBeperking": null, "openingstijden": null, "latitude": 52.2147543, "longitude": 6.9007523, "bronId": "L040971"}}, {"type": "Feature", "geometry": {"type": "Point", "coordinates": [6.9022555, 52.2162872]}, "properties": {"type": "inleverpunt", "locatieNaam": "1066 Action", "straatNaam": "Boulevard 1945", "straatNr": "372", "postcode": "7511 AL", "plaats": "ENSCHEDE", "merk": "Stibat", "puntType": "inzamelbak", "materialen": ["batterijen"], "uitbetaling": [], "vrijToegankelijk": false, "gemeenteBeperking": null, "openingstijden": null, "latitude": 52.2162872, "longitude": 6.9022555, "bronId": "L018450"}}, {"type": "Feature", "geometry": {"type": "Point", "coordinates": [6.9019706, 52.2200102]}, "properties": {"type": "inleverpunt", "locatieNaam": "Online Systems", "straatNaam": "De Klomp", "straatNr": "83", "postcode": "7511 DG", "plaats": "ENSCHEDE", "merk": "Stibat", "puntType": "inzamelbak", "materialen": ["batterijen"], "uitbetaling": [], "vrijToegankelijk": false, "gemeenteBeperking": null, "openingstijden": null, "latitude": 52.2200102, "longitude": 6.9019706, "bronId": "L028646"}}, {"type": "Feature", "geometry": {"type": "Point", "coordinates": [6.9018079, 52.2299305]}, "properties": {"type": "inleverpunt", "locatieNaam": "Enorm", "straatNaam": "Oldenzaalsestraat", "straatNr": "276", "postcode": "7523 AG", "plaats": "ENSCHEDE", "merk": "Stibat", "puntType": "inzamelbak", "materialen": ["batterijen"], "uitbetaling": [], "vrijToegankelijk": false, "gemeenteBeperking": null, "openingstijden": null, "latitude": 52.2299305, "longitude": 6.9018079, "bronId": "L016732"}}, {"type": "Feature", "geometry": {"type": "Point", "coordinates": [6.9038828, 52.2278994]}, "properties": {"type": "inleverpunt", "locatieNaam": "Reekers Tweewielers", "straatNaam": "Minkmaatstraat", "straatNr": "122", "postcode": "7514 EG", "plaats": "ENSCHEDE", "merk": "Stibat", "puntType": "inzamelbak", "materialen": ["batterijen"], "uitbetaling": [], "vrijToegankelijk": false, "gemeenteBeperking": null, "openingstijden": null, "latitude": 52.2278994, "longitude": 6.9038828, "bronId": "L033957"}}, {"type": "Feature", "geometry": {"type": "Point", "coordinates": [6.9047731, 52.2284808]}, "properties": {"type": "inleverpunt", "locatieNaam": "Plentyparts", "straatNaam": "Laaressingel", "straatNr": "38", "postcode": "7514 ES", "plaats": "ENSCHEDE", "merk": "Stibat", "puntType": "inzamelbak", "materialen": ["batterijen"], "uitbetaling": [], "vrijToegankelijk": false, "gemeenteBeperking": null, "openingstijden": null, "latitude": 52.2284808, "longitude": 6.9047731, "bronId": "L016585"}}, {"type": "Feature", "geometry": {"type": "Point", "coordinates": [6.9085118, 52.2091724]}, "properties": {"type": "inleverpunt", "locatieNaam": "Lidl", "straatNaam": "Brinkstraat", "straatNr": "336", "postcode": "7541 AX", "plaats": "ENSCHEDE", "merk": "Stibat", "puntType": "inzamelbak", "materialen": ["batterijen"], "uitbetaling": [], "vrijToegankelijk": false, "gemeenteBeperking": null, "openingstijden": null, "latitude": 52.2091724, "longitude": 6.9085118, "bronId": "L030268"}}, {"type": "Feature", "geometry": {"type": "Point", "coordinates": [6.9045482, 52.232057]}, "properties": {"type": "inleverpunt", "locatieNaam": "Fietsenwinkel Ten Tusscher", "straatNaam": "Oldenzaalsestraat", "straatNr": "340", "postcode": "7523 AJ", "plaats": "ENSCHEDE", "merk": "Stibat", "puntType": "inzamelbak", "materialen": ["batterijen"], "uitbetaling": [], "vrijToegankelijk": false, "gemeenteBeperking": null, "openingstijden": null, "latitude": 52.232057, "longitude": 6.9045482, "bronId": "L032372"}}, {"type": "Feature", "geometry": {"type": "Point", "coordinates": [6.9106716, 52.2239518]}, "properties": {"type": "inleverpunt", "locatieNaam": "Jumbo", "straatNaam": "Lage Bothofstraat", "straatNr": "161", "postcode": "7533 AS", "plaats": "ENSCHEDE", "merk": "Stibat", "puntType": "inzamelbak", "materialen": ["batterijen"], "uitbetaling": [], "vrijToegankelijk": false, "gemeenteBeperking": null, "openingstijden": null, "latitude": 52.2239518, "longitude": 6.9106716, "bronId": "L041630"}}, {"type": "Feature", "geometry": {"type": "Point", "coordinates": [6.9109638, 52.2236814]}, "properties": {"type": "inleverpunt", "locatieNaam": "Kruidvat", "straatNaam": "Lage Bothofstraat", "straatNr": "169-171", "postcode": "7533 AS", "plaats": "ENSCHEDE", "merk": "Stibat", "puntType": "inzamelbak", "materialen": ["batterijen"], "uitbetaling": [], "vrijToegankelijk": false, "gemeenteBeperking": null, "openingstijden": null, "latitude": 52.2236814, "longitude": 6.9109638, "bronId": "L043576"}}, {"type": "Feature", "geometry": {"type": "Point", "coordinates": [6.9078907, 52.242071]}, "properties": {"type": "inleverpunt", "locatieNaam": "Supermarkt op 't Bouwhuis", "straatNaam": "Welnaweg", "straatNr": "100", "postcode": "7524 AK", "plaats": "ENSCHEDE", "merk": "Stibat", "puntType": "inzamelbak", "materialen": ["batterijen"], "uitbetaling": [], "vrijToegankelijk": false, "gemeenteBeperking": null, "openingstijden": null, "latitude": 52.242071, "longitude": 6.9078907, "bronId": "L039063"}}, {"type": "Feature", "geometry": {"type": "Point", "coordinates": [6.9123842, 52.2237685]}, "properties": {"type": "inleverpunt", "locatieNaam": "Primera", "straatNaam": "Lage Bothofstraat", "straatNr": "177", "postcode": "7533 AS", "plaats": "ENSCHEDE", "merk": "Stibat", "puntType": "inzamelbak", "materialen": ["batterijen"], "uitbetaling": [], "vrijToegankelijk": false, "gemeenteBeperking": null, "openingstijden": null, "latitude": 52.2237685, "longitude": 6.9123842, "bronId": "L023234"}}, {"type": "Feature", "geometry": {"type": "Point", "coordinates": [6.9119606, 52.2492837]}, "properties": {"type": "inleverpunt", "locatieNaam": "Spar", "straatNaam": "Scholten Reimerstraat", "straatNr": "53", "postcode": "7524 CR", "plaats": "ENSCHEDE", "merk": "Stibat", "puntType": "inzamelbak", "materialen": ["batterijen"], "uitbetaling": [], "vrijToegankelijk": false, "gemeenteBeperking": null, "openingstijden": null, "latitude": 52.2492837, "longitude": 6.9119606, "bronId": "L027918"}}, {"type": "Feature", "geometry": {"type": "Point", "coordinates": [6.9202636, 52.2207703]}, "properties": {"type": "inleverpunt", "locatieNaam": "Fietsenmaker Sam", "straatNaam": "Velveweg", "straatNr": "63", "postcode": "7533 XE", "plaats": "ENSCHEDE", "merk": "Stibat", "puntType": "inzamelbak", "materialen": ["batterijen"], "uitbetaling": [], "vrijToegankelijk": false, "gemeenteBeperking": null, "openingstijden": null, "latitude": 52.2207703, "longitude": 6.9202636, "bronId": "L049469"}}, {"type": "Feature", "geometry": {"type": "Point", "coordinates": [6.9205007, 52.2288148]}, "properties": {"type": "inleverpunt", "locatieNaam": "Jumbo", "straatNaam": "Magnoliastraat", "straatNr": "100", "postcode": "7531 KA", "plaats": "ENSCHEDE", "merk": "Stibat", "puntType": "inzamelbak", "materialen": ["batterijen"], "uitbetaling": [], "vrijToegankelijk": false, "gemeenteBeperking": null, "openingstijden": null, "latitude": 52.2288148, "longitude": 6.9205007, "bronId": "L040909"}}, {"type": "Feature", "geometry": {"type": "Point", "coordinates": [6.9214138, 52.2292602]}, "properties": {"type": "inleverpunt", "locatieNaam": "Kruidvat", "straatNaam": "Chrysantstraat", "straatNr": "84", "postcode": "7531 KD", "plaats": "ENSCHEDE", "merk": "Stibat", "puntType": "inzamelbak", "materialen": ["batterijen"], "uitbetaling": [], "vrijToegankelijk": false, "gemeenteBeperking": null, "openingstijden": null, "latitude": 52.2292602, "longitude": 6.9214138, "bronId": "L040786"}}, {"type": "Feature", "geometry": {"type": "Point", "coordinates": [6.9214138, 52.2292602]}, "properties": {"type": "inleverpunt", "locatieNaam": "KiK Enschede", "straatNaam": "Chrysantstraat", "straatNr": "82", "postcode": "7531 KD", "plaats": "ENSCHEDE", "merk": "Stibat", "puntType": "inzamelbak", "materialen": ["batterijen"], "uitbetaling": [], "vrijToegankelijk": false, "gemeenteBeperking": null, "openingstijden": null, "latitude": 52.2292602, "longitude": 6.9214138, "bronId": "L044908"}}, {"type": "Feature", "geometry": {"type": "Point", "coordinates": [6.9215695, 52.2298094]}, "properties": {"type": "inleverpunt", "locatieNaam": "LIDL", "straatNaam": "Hortensiastraat", "straatNr": "140", "postcode": "7531 GX", "plaats": "ENSCHEDE", "merk": "Stibat", "puntType": "inzamelbak", "materialen": ["batterijen"], "uitbetaling": [], "vrijToegankelijk": false, "gemeenteBeperking": null, "openingstijden": null, "latitude": 52.2298094, "longitude": 6.9215695, "bronId": "L038001"}}, {"type": "Feature", "geometry": {"type": "Point", "coordinates": [6.927318, 52.2199144]}, "properties": {"type": "inleverpunt", "locatieNaam": "The Read Shop Express", "straatNaam": "Noord Esmarkerrondweg", "straatNr": "421", "postcode": "7533 BL", "plaats": "ENSCHEDE", "merk": "Stibat", "puntType": "inzamelbak", "materialen": ["batterijen"], "uitbetaling": [], "vrijToegankelijk": false, "gemeenteBeperking": null, "openingstijden": null, "latitude": 52.2199144, "longitude": 6.927318, "bronId": "L023228"}}, {"type": "Feature", "geometry": {"type": "Point", "coordinates": [6.927612, 52.2197094]}, "properties": {"type": "inleverpunt", "locatieNaam": "Zeeman", "straatNaam": "Noord Esmarkerrondweg", "straatNr": "421-9", "postcode": "7533 BL", "plaats": "Enschede", "merk": "Stibat", "puntType": "inzamelbak", "materialen": ["batterijen"], "uitbetaling": [], "vrijToegankelijk": false, "gemeenteBeperking": null, "openingstijden": null, "latitude": 52.2197094, "longitude": 6.927612, "bronId": "L021219"}}, {"type": "Feature", "geometry": {"type": "Point", "coordinates": [6.927612, 52.2197094]}, "properties": {"type": "inleverpunt", "locatieNaam": "Xenos", "straatNaam": "Noord Esmarkerrondweg", "straatNr": "421-10", "postcode": "7533 BL", "plaats": "ENSCHEDE", "merk": "Stibat", "puntType": "inzamelbak", "materialen": ["batterijen"], "uitbetaling": [], "vrijToegankelijk": false, "gemeenteBeperking": null, "openingstijden": null, "latitude": 52.2197094, "longitude": 6.927612, "bronId": "L037038"}}, {"type": "Feature", "geometry": {"type": "Point", "coordinates": [6.927612, 52.2197094]}, "properties": {"type": "inleverpunt", "locatieNaam": "Intertoys", "straatNaam": "Noord Esmarkerrondweg", "straatNr": "421", "postcode": "7533 BL", "plaats": "Enschede", "merk": "Stibat", "puntType": "inzamelbak", "materialen": ["batterijen"], "uitbetaling": [], "vrijToegankelijk": false, "gemeenteBeperking": null, "openingstijden": null, "latitude": 52.2197094, "longitude": 6.927612, "bronId": "L043516"}}, {"type": "Feature", "geometry": {"type": "Point", "coordinates": [6.927612, 52.2197094]}, "properties": {"type": "inleverpunt", "locatieNaam": "Aldi", "straatNaam": "Noord Esmarkerrondweg", "straatNr": "421-15", "postcode": "7533 BL", "plaats": "Enschede", "merk": "Stibat", "puntType": "inzamelbak", "materialen": ["batterijen"], "uitbetaling": [], "vrijToegankelijk": false, "gemeenteBeperking": null, "openingstijden": null, "latitude": 52.2197094, "longitude": 6.927612, "bronId": "L041487"}}, {"type": "Feature", "geometry": {"type": "Point", "coordinates": [6.9276485, 52.2195984]}, "properties": {"type": "inleverpunt", "locatieNaam": "1201 Action", "straatNaam": "Noord Esmarkerrondweg", "straatNr": "431", "postcode": "7533 BL", "plaats": "ENSCHEDE", "merk": "Stibat", "puntType": "inzamelbak", "materialen": ["batterijen"], "uitbetaling": [], "vrijToegankelijk": false, "gemeenteBeperking": null, "openingstijden": null, "latitude": 52.2195984, "longitude": 6.9276485, "bronId": "L027987"}}, {"type": "Feature", "geometry": {"type": "Point", "coordinates": [6.9287895, 52.2232665]}, "properties": {"type": "inleverpunt", "locatieNaam": "7957 Etos", "straatNaam": "Nrd Esmarkerrondweg", "straatNr": "421-4", "postcode": "7533 BL", "plaats": "ENSCHEDE", "merk": "Stibat", "puntType": "inzamelbak", "materialen": ["batterijen"], "uitbetaling": [], "vrijToegankelijk": false, "gemeenteBeperking": null, "openingstijden": null, "latitude": 52.2232665, "longitude": 6.9287895, "bronId": "L023292"}}, {"type": "Feature", "geometry": {"type": "Point", "coordinates": [6.9287895, 52.2232665]}, "properties": {"type": "inleverpunt", "locatieNaam": "1519 Albert Heijn", "straatNaam": "Noord Esmarkerrondweg", "straatNr": "421", "postcode": "7533 BL", "plaats": "ENSCHEDE", "merk": "Stibat", "puntType": "inzamelbak", "materialen": ["batterijen"], "uitbetaling": [], "vrijToegankelijk": false, "gemeenteBeperking": null, "openingstijden": null, "latitude": 52.2232665, "longitude": 6.9287895, "bronId": "L006081"}}, {"type": "Feature", "geometry": {"type": "Point", "coordinates": [6.9511756, 52.2100112]}, "properties": {"type": "inleverpunt", "locatieNaam": "Euregio-Camping De Twentse Es", "straatNaam": "Keppelerdijk", "straatNr": "200", "postcode": "7534 PA", "plaats": "ENSCHEDE", "merk": "Stibat", "puntType": "inzamelbak", "materialen": ["batterijen"], "uitbetaling": [], "vrijToegankelijk": false, "gemeenteBeperking": null, "openingstijden": null, "latitude": 52.2100112, "longitude": 6.9511756, "bronId": "L004942"}}, {"type": "Feature", "geometry": {"type": "Point", "coordinates": [6.9508312, 52.216253]}, "properties": {"type": "inleverpunt", "locatieNaam": "PLUS", "straatNaam": "Esmarkelaan", "straatNr": "14", "postcode": "7534 JH", "plaats": "ENSCHEDE", "merk": "Stibat", "puntType": "inzamelbak", "materialen": ["batterijen"], "uitbetaling": [], "vrijToegankelijk": false, "gemeenteBeperking": null, "openingstijden": null, "latitude": 52.216253, "longitude": 6.9508312, "bronId": "L045529"}}, {"type": "Feature", "geometry": {"type": "Point", "coordinates": [6.9551788, 52.2225669]}, "properties": {"type": "inleverpunt", "locatieNaam": "Afvalbrengpunt Enschede Oost", "straatNaam": "Lenteweg", "straatNr": "44", "postcode": "7532 RB", "plaats": "ENSCHEDE", "merk": "Stibat", "puntType": "inzamelbak", "materialen": ["batterijen"], "uitbetaling": [], "vrijToegankelijk": false, "gemeenteBeperking": null, "openingstijden": null, "latitude": 52.2225669, "longitude": 6.9551788, "bronId": "L035853"}}, {"type": "Feature", "geometry": {"type": "Point", "coordinates": [6.9656762, 52.2156017]}, "properties": {"type": "inleverpunt", "locatieNaam": "Hubo", "straatNaam": "Gronausestraat", "straatNr": "1046", "postcode": "7534 AN", "plaats": "ENSCHEDE", "merk": "Stibat", "puntType": "inzamelbak", "materialen": ["batterijen"], "uitbetaling": [], "vrijToegankelijk": false, "gemeenteBeperking": null, "openingstijden": null, "latitude": 52.2156017, "longitude": 6.9656762, "bronId": "L043798"}}, {"type": "Feature", "geometry": {"type": "Point", "coordinates": [6.9664684, 52.215595]}, "properties": {"type": "inleverpunt", "locatieNaam": "OUDE HEUVEL TWEEWIELERS", "straatNaam": "Gronausestraat", "straatNr": "1050", "postcode": "7534 AN", "plaats": "ENSCHEDE", "merk": "Stibat", "puntType": "inzamelbak", "materialen": ["batterijen"], "uitbetaling": [], "vrijToegankelijk": false, "gemeenteBeperking": null, "openingstijden": null, "latitude": 52.215595, "longitude": 6.9664684, "bronId": "L033960"}}, {"type": "Feature", "geometry": {"type": "Point", "coordinates": [6.9678323, 52.2158281]}, "properties": {"type": "inleverpunt", "locatieNaam": "Elektro Huys", "straatNaam": "Gronausestraat", "straatNr": "1171", "postcode": "7534 AG", "plaats": "ENSCHEDE", "merk": "Stibat", "puntType": "inzamelbak", "materialen": ["batterijen"], "uitbetaling": [], "vrijToegankelijk": false, "gemeenteBeperking": null, "openingstijden": null, "latitude": 52.2158281, "longitude": 6.9678323, "bronId": "L038529"}}, {"type": "Feature", "geometry": {"type": "Point", "coordinates": [6.970316, 52.2128463]}, "properties": {"type": "inleverpunt", "locatieNaam": "Jumbo", "straatNaam": "Schoolstraat", "straatNr": "60", "postcode": "7534 CC", "plaats": "ENSCHEDE", "merk": "Stibat", "puntType": "inzamelbak", "materialen": ["batterijen"], "uitbetaling": [], "vrijToegankelijk": false, "gemeenteBeperking": null, "openingstijden": null, "latitude": 52.2128463, "longitude": 6.970316, "bronId": "L032199"}}, {"type": "Feature", "geometry": {"type": "Point", "coordinates": [6.9700361, 52.2153603]}, "properties": {"type": "inleverpunt", "locatieNaam": "Kruidvat", "straatNaam": "Gronausestraat", "straatNr": "1110-1112", "postcode": "7534 AR", "plaats": "GLANERBRUG", "merk": "Stibat", "puntType": "inzamelbak", "materialen": ["batterijen"], "uitbetaling": [], "vrijToegankelijk": false, "gemeenteBeperking": null, "openingstijden": null, "latitude": 52.2153603, "longitude": 6.9700361, "bronId": "L014399"}}, {"type": "Feature", "geometry": {"type": "Point", "coordinates": [6.9706652, 52.2153095]}, "properties": {"type": "inleverpunt", "locatieNaam": "Bike Totaal Damhuis", "straatNaam": "Gronausestraat", "straatNr": "1126", "postcode": "7534 AR", "plaats": "ENSCHEDE", "merk": "Stibat", "puntType": "inzamelbak", "materialen": ["batterijen"], "uitbetaling": [], "vrijToegankelijk": false, "gemeenteBeperking": null, "openingstijden": null, "latitude": 52.2153095, "longitude": 6.9706652, "bronId": "L018910"}}, {"type": "Feature", "geometry": {"type": "Point", "coordinates": [6.9712708, 52.2152276]}, "properties": {"type": "inleverpunt", "locatieNaam": "1650 Albert Heijn", "straatNaam": "Gronausestraat", "straatNr": "1130", "postcode": "7534 AS", "plaats": "ENSCHEDE", "merk": "Stibat", "puntType": "inzamelbak", "materialen": ["batterijen"], "uitbetaling": [], "vrijToegankelijk": false, "gemeenteBeperking": null, "openingstijden": null, "latitude": 52.2152276, "longitude": 6.9712708, "bronId": "L006973"}}, {"type": "Feature", "geometry": {"type": "Point", "coordinates": [6.9730709, 52.2154976]}, "properties": {"type": "inleverpunt", "locatieNaam": "Electro World", "straatNaam": "Gronausestraat", "straatNr": "1285-1289", "postcode": "7534 AK", "plaats": "GLANERBRUG", "merk": "Stibat", "puntType": "inzamelbak", "materialen": ["batterijen"], "uitbetaling": [], "vrijToegankelijk": false, "gemeenteBeperking": null, "openingstijden": null, "latitude": 52.2154976, "longitude": 6.9730709, "bronId": "L015278"}}, {"type": "Feature", "geometry": {"type": "Point", "coordinates": [6.9733781, 52.2154404]}, "properties": {"type": "inleverpunt", "locatieNaam": "HEMA Glanerbrug", "straatNaam": "Gronaussestraat", "straatNr": "1293", "postcode": "7534 AK", "plaats": "Glanerbrug", "merk": "Stibat", "puntType": "inzamelbak", "materialen": ["batterijen"], "uitbetaling": [], "vrijToegankelijk": false, "gemeenteBeperking": null, "openingstijden": null, "latitude": 52.2154404, "longitude": 6.9733781, "bronId": "L046882"}}, {"type": "Feature", "geometry": {"type": "Point", "coordinates": [6.9734423, 52.2168606]}, "properties": {"type": "inleverpunt", "locatieNaam": "Uw Eigen Drogist", "straatNaam": "Kerkstraat", "straatNr": "35", "postcode": "7532 AP", "plaats": "ENSCHEDE", "merk": "Stibat", "puntType": "inzamelbak", "materialen": ["batterijen"], "uitbetaling": [], "vrijToegankelijk": false, "gemeenteBeperking": null, "openingstijden": null, "latitude": 52.2168606, "longitude": 6.9734423, "bronId": "L024051"}}, {"type": "Feature", "geometry": {"type": "Point", "coordinates": [6.9737877, 52.2153886]}, "properties": {"type": "inleverpunt", "locatieNaam": "PartsNL", "straatNaam": "Gronausestraat", "straatNr": "1301", "postcode": "7534 AK", "plaats": "ENSCHEDE", "merk": "Stibat", "puntType": "inzamelbak", "materialen": ["batterijen"], "uitbetaling": [], "vrijToegankelijk": false, "gemeenteBeperking": null, "openingstijden": null, "latitude": 52.2153886, "longitude": 6.9737877, "bronId": "L036342"}}, {"type": "Feature", "geometry": {"type": "Point", "coordinates": [6.9730474, 52.220221]}, "properties": {"type": "inleverpunt", "locatieNaam": "Het fietspunt", "straatNaam": "Bultsweg", "straatNr": "3", "postcode": "7532 XA", "plaats": "ENSCHEDE", "merk": "Stibat", "puntType": "inzamelbak", "materialen": ["batterijen"], "uitbetaling": [], "vrijToegankelijk": false, "gemeenteBeperking": null, "openingstijden": null, "latitude": 52.220221, "longitude": 6.9730474, "bronId": "L049468"}}, {"type": "Feature", "geometry": {"type": "Point", "coordinates": [6.9743904, 52.2154065]}, "properties": {"type": "inleverpunt", "locatieNaam": "GSM Huys", "straatNaam": "Gronausestraat", "straatNr": "1307", "postcode": "7534 AK", "plaats": "ENSCHEDE", "merk": "Stibat", "puntType": "inzamelbak", "materialen": ["batterijen"], "uitbetaling": [], "vrijToegankelijk": false, "gemeenteBeperking": null, "openingstijden": null, "latitude": 52.2154065, "longitude": 6.9743904, "bronId": "L039296"}}, {"type": "Feature", "geometry": {"type": "Point", "coordinates": [6.8790666, 52.1920066]}, "properties": {"type": "inleverpunt", "locatieNaam": "Winkelcentrum Enschede-Zuid XL Statiegeld Retourshop", "straatNaam": "Wesseler-Nering", "straatNr": "19c", "postcode": "7544 JB", "plaats": "Enschede", "merk": "StatieDrive", "puntType": "automaat", "materialen": ["pet-groot", "pet-klein", "blik", "krat"], "uitbetaling": ["bonnetje"], "vrijToegankelijk": true, "gemeenteBeperking": null, "openingstijden": null, "latitude": 52.1920066, "longitude": 6.8790666, "bronId": "statiegeld-inleveren-winkelcentrum-enschede-zuid-business"}}, {"type": "Feature", "geometry": {"type": "Polygon", "coordinates": [[[6.805615003130139, 52.166617003970686], [6.8142770031387805, 52.17086100397286], [6.827991003152358, 52.1710070039723], [6.86986500319366, 52.16269300396523], [6.889750003213304, 52.16120600396339], [6.90572000322922, 52.16991500396789], [6.905839003229395, 52.173793003970225], [6.906746003230309, 52.17506800397094], [6.908104003231657, 52.1754630039711], [6.908061003231625, 52.1759590039714], [6.911842003235377, 52.17714300397193], [6.915629003239126, 52.17761400397207], [6.933741003257036, 52.17844800397164], [6.9362800032595455, 52.178748003971705], [6.937884003261144, 52.179467003972064], [6.949505003272636, 52.180505003972094], [6.950370003273499, 52.18112900397244], [6.951245003274366, 52.18105800397235], [6.954725003277841, 52.18395200397393], [6.954460003277579, 52.184079003974006], [6.956450003279564, 52.18556400397478], [6.957383003280507, 52.18702800397564], [6.962479003285597, 52.19137900397802], [6.962131003285265, 52.192254003978555], [6.962392003285549, 52.194299003979744], [6.964148003287298, 52.19537400398033], [6.9646850032878405, 52.196240003980805], [6.967397003290538, 52.197894003981666], [6.970903003294066, 52.20298000398457], [6.9740850032972395, 52.20540300398587], [6.9762920032994815, 52.21015500398861], [6.978460003301643, 52.212149003989694], [6.979522003302721, 52.21421600399087], [6.979998003303235, 52.2178970039931], [6.979707003302953, 52.218214003993275], [6.981100003304358, 52.22073700399472], [6.965890003289479, 52.23041900400132], [6.9648730032885595, 52.23676500400516], [6.968639003292317, 52.24001500400695], [6.971646003295332, 52.244068004009186], [6.973028003296754, 52.24850300401179], [6.969015003293035, 52.26739900402326], [6.946293003270808, 52.28133700403272], [6.940986003265608, 52.283903004034535], [6.9189620032438786, 52.28365700403549], [6.913587003238559, 52.28216800403485], [6.912127003237163, 52.28550600403694], [6.910358003235411, 52.2851430040368], [6.906985003232086, 52.285438004037125], [6.895828003221051, 52.283239004036375], [6.8953640032206005, 52.28384100403677], [6.890216003215497, 52.28220500403601], [6.889567003214841, 52.28097800403537], [6.887811003213141, 52.283452004036874], [6.884853003210218, 52.28307800403681], [6.883207003208592, 52.283171004036966], [6.883262003208636, 52.28221300403637], [6.8800200032054235, 52.28140400403606], [6.881358003206715, 52.2793790040348], [6.880516003205882, 52.27922700403473], [6.87649500320185, 52.27472500403228], [6.868327003193763, 52.27296200403161], [6.837846003163714, 52.27663200403528], [6.831745003157639, 52.273512004033705], [6.8363540031621515, 52.270747004031826], [6.840277003166001, 52.269077004030635], [6.843515003169161, 52.266593004029], [6.843804003169437, 52.265554004028374], [6.843352003168961, 52.263697004027314], [6.840701003166317, 52.262077004026445], [6.840288003165894, 52.2610860040259], [6.8408850031664326, 52.2576650040238], [6.842562003168036, 52.25390900402152], [6.827239003152807, 52.24829700401885], [6.819539003145123, 52.24365700401644], [6.813754003139186, 52.2294830040082], [6.774434003100439, 52.238456004015426], [6.765190003091208, 52.23313800401265], [6.769055003094932, 52.2270130040088], [6.755893003081749, 52.217396004003646], [6.75962400308532, 52.21003500399904], [6.762401003088032, 52.20782000399758], [6.766324003091839, 52.20313900399459], [6.766801003092112, 52.19106500398728], [6.788321003113171, 52.17619000397729], [6.805615003130139, 52.166617003970686]]]}, "properties": {"type": "boundary", "gemeente": "Enschede"}}]}