{"type": "FeatureCollection", "metadata": {"gemeente": "Haarlemmermeer", "slug": "haarlemmermeer", "generated_at": "2026-07-28T19:03:25.026558Z", "total_points": 259, "merken": ["StatiegeldNederland", "Stibat", "StichtingOPEN"], "bounds": [4.6098465, 52.2520053, 4.7996019, 52.4118379]}, "features": [{"type": "Feature", "geometry": {"type": "Point", "coordinates": [4.7629717, 52.3101583]}, "properties": {"type": "inleverpunt", "locatieNaam": "Albert Heijn", "straatNaam": "AANKOMSTPASSAGE", "straatNr": "36", "postcode": "1118 AX", "plaats": "Schiphol", "merk": "StatiegeldNederland", "puntType": "balie", "materialen": ["pet-groot", "pet-klein", "blik"], "uitbetaling": [], "vrijToegankelijk": true, "gemeenteBeperking": null, "openingstijden": {"ma": "05:00–23:58", "di": "05:00–23:58", "wo": "05:00–23:58", "do": "05:00–23:58", "vr": "05:00–23:58", "za": "05:00–23:58", "zo": "05:00–23:58"}, "latitude": 52.3101583, "longitude": 4.7629717, "bronId": "251961"}}, {"type": "Feature", "geometry": {"type": "Point", "coordinates": [4.6941917, 52.3014933]}, "properties": {"type": "inleverpunt", "locatieNaam": "Albert Heijn", "straatNaam": "Burg. Van Stamplein", "straatNr": "270", "postcode": "2132 BH", "plaats": "Hoofddorp", "merk": "StatiegeldNederland", "puntType": "automaat", "materialen": ["pet-groot", "pet-klein", "blik", "glas", "krat"], "uitbetaling": ["bonnetje", "donatie"], "vrijToegankelijk": true, "gemeenteBeperking": null, "openingstijden": {"ma": "08:00–22:00", "di": "08:00–22:00", "wo": "08:00–22:00", "do": "08:00–22:00", "vr": "08:00–22:00", "za": "08:00–22:00", "zo": "08:00–22:00"}, "latitude": 52.3014933, "longitude": 4.6941917, "bronId": "252078"}}, {"type": "Feature", "geometry": {"type": "Point", "coordinates": [4.7502989, 52.3789417]}, "properties": {"type": "inleverpunt", "locatieNaam": "Albert Heijn", "straatNaam": "Dennenlaan", "straatNr": "45", "postcode": "1161 CL", "plaats": "Zwanenburg", "merk": "StatiegeldNederland", "puntType": "automaat", "materialen": ["pet-groot", "pet-klein", "blik", "glas", "krat"], "uitbetaling": ["bonnetje", "donatie"], "vrijToegankelijk": true, "gemeenteBeperking": null, "openingstijden": {"ma": "07:00–22:00", "di": "07:00–22:00", "wo": "07:00–22:00", "do": "07:00–22:00", "vr": "07:00–22:00", "za": "07:00–22:00", "zo": "08:00–22:00"}, "latitude": 52.3789417, "longitude": 4.7502989, "bronId": "252154"}}, {"type": "Feature", "geometry": {"type": "Point", "coordinates": [4.6385502, 52.3069425]}, "properties": {"type": "inleverpunt", "locatieNaam": "Albert Heijn", "straatNaam": "Genderenplein", "straatNr": "13", "postcode": "2134 DP", "plaats": "Hoofddorp", "merk": "StatiegeldNederland", "puntType": "automaat", "materialen": ["pet-groot", "pet-klein", "blik", "glas", "krat"], "uitbetaling": ["bonnetje", "donatie"], "vrijToegankelijk": true, "gemeenteBeperking": null, "openingstijden": {"ma": "08:00–22:00", "di": "08:00–22:00", "wo": "08:00–22:00", "do": "08:00–22:00", "vr": "08:00–22:00", "za": "08:00–22:00", "zo": "08:00–22:00"}, "latitude": 52.3069425, "longitude": 4.6385502, "bronId": "252242"}}, {"type": "Feature", "geometry": {"type": "Point", "coordinates": [4.6197587, 52.2707599]}, "properties": {"type": "inleverpunt", "locatieNaam": "Albert Heijn", "straatNaam": "Handelplein", "straatNr": "185", "postcode": "2151 NN", "plaats": "Nieuw Vennep", "merk": "StatiegeldNederland", "puntType": "automaat", "materialen": ["pet-groot", "pet-klein", "blik", "glas", "krat"], "uitbetaling": ["bonnetje", "donatie"], "vrijToegankelijk": true, "gemeenteBeperking": null, "openingstijden": {"ma": "08:00–22:00", "di": "08:00–22:00", "wo": "08:00–22:00", "do": "08:00–22:00", "vr": "08:00–22:00", "za": "08:00–22:00", "zo": "08:00–22:00"}, "latitude": 52.2707599, "longitude": 4.6197587, "bronId": "252283"}}, {"type": "Feature", "geometry": {"type": "Point", "coordinates": [4.6840814, 52.411307]}, "properties": {"type": "inleverpunt", "locatieNaam": "Albert Heijn", "straatNaam": "Lage Weg", "straatNr": "1A", "postcode": "2064 KZ", "plaats": "Spaarndam", "merk": "StatiegeldNederland", "puntType": "automaat", "materialen": ["pet-groot", "pet-klein", "blik", "glas", "krat"], "uitbetaling": ["bonnetje", "donatie"], "vrijToegankelijk": true, "gemeenteBeperking": null, "openingstijden": {"ma": "07:00–21:00", "di": "07:00–21:00", "wo": "07:00–21:00", "do": "07:00–21:00", "vr": "07:00–21:00", "za": "07:00–21:00", "zo": "08:00–20:00"}, "latitude": 52.411307, "longitude": 4.6840814, "bronId": "252449"}}, {"type": "Feature", "geometry": {"type": "Point", "coordinates": [4.6640473, 52.3017741]}, "properties": {"type": "inleverpunt", "locatieNaam": "Albert Heijn", "straatNaam": "Markenburg", "straatNr": "99", "postcode": "2135 DS", "plaats": "Hoofddorp", "merk": "StatiegeldNederland", "puntType": "automaat", "materialen": ["pet-groot", "pet-klein", "blik", "glas", "krat"], "uitbetaling": ["bonnetje", "donatie"], "vrijToegankelijk": true, "gemeenteBeperking": null, "openingstijden": {"ma": "08:00–22:00", "di": "08:00–22:00", "wo": "08:00–22:00", "do": "08:00–22:00", "vr": "08:00–22:00", "za": "08:00–22:00", "zo": "09:00–21:00"}, "latitude": 52.3017741, "longitude": 4.6640473, "bronId": "252498"}}, {"type": "Feature", "geometry": {"type": "Point", "coordinates": [4.6597989, 52.3149041]}, "properties": {"type": "inleverpunt", "locatieNaam": "Albert Heijn", "straatNaam": "Muiderbos", "straatNr": "140", "postcode": "2134 SV", "plaats": "Hoofddorp", "merk": "StatiegeldNederland", "puntType": "automaat", "materialen": ["pet-groot", "pet-klein", "blik", "glas", "krat"], "uitbetaling": ["bonnetje"], "vrijToegankelijk": true, "gemeenteBeperking": null, "openingstijden": {"ma": "08:00–22:00", "di": "08:00–22:00", "wo": "08:00–22:00", "do": "08:00–22:00", "vr": "08:00–22:00", "za": "08:00–22:00", "zo": "08:00–22:00"}, "latitude": 52.3149041, "longitude": 4.6597989, "bronId": "252555"}}, {"type": "Feature", "geometry": {"type": "Point", "coordinates": [4.7779102, 52.3384437]}, "properties": {"type": "inleverpunt", "locatieNaam": "Albert Heijn", "straatNaam": "Zeemanlaan", "straatNr": "2", "postcode": "1171 BD", "plaats": "Badhoevedorp", "merk": "StatiegeldNederland", "puntType": "automaat", "materialen": ["pet-groot", "pet-klein", "blik", "glas", "krat"], "uitbetaling": ["bonnetje", "donatie"], "vrijToegankelijk": true, "gemeenteBeperking": null, "openingstijden": {"ma": "08:00–22:00", "di": "08:00–22:00", "wo": "08:00–22:00", "do": "08:00–22:00", "vr": "08:00–22:00", "za": "08:00–22:00", "zo": "08:00–22:00"}, "latitude": 52.3384437, "longitude": 4.7779102, "bronId": "252946"}}, {"type": "Feature", "geometry": {"type": "Point", "coordinates": [4.6902747, 52.2967412]}, "properties": {"type": "inleverpunt", "locatieNaam": "Aldi", "straatNaam": "Graan Voor Visch", "straatNr": "14005", "postcode": "2132 VW", "plaats": "Hoofddorp", "merk": "StatiegeldNederland", "puntType": "automaat", "materialen": ["pet-groot", "pet-klein", "blik", "glas", "krat"], "uitbetaling": ["bonnetje"], "vrijToegankelijk": true, "gemeenteBeperking": null, "openingstijden": {"ma": "08:00–20:00", "di": "08:00–20:00", "wo": "08:00–20:00", "do": "08:00–20:00", "vr": "08:00–20:00", "za": "08:00–20:00", "zo": "10:00–18:00"}, "latitude": 52.2967412, "longitude": 4.6902747, "bronId": "253120"}}, {"type": "Feature", "geometry": {"type": "Point", "coordinates": [4.6374297, 52.2664919]}, "properties": {"type": "inleverpunt", "locatieNaam": "Appel 2760 - Kverneland Group", "straatNaam": "Hoofdweg", "straatNr": "1278", "postcode": "2153 LR", "plaats": "Den Bosch", "merk": "StatiegeldNederland", "puntType": "balie", "materialen": ["pet-groot", "pet-klein", "blik"], "uitbetaling": [], "vrijToegankelijk": true, "gemeenteBeperking": null, "openingstijden": {"ma": "07:30–16:00", "di": "07:30–16:00", "wo": "07:30–16:00", "do": "07:30–16:00", "vr": "07:30–16:00", "za": "Gesloten", "zo": "Gesloten"}, "latitude": 52.2664919, "longitude": 4.6374297, "bronId": "253662"}}, {"type": "Feature", "geometry": {"type": "Point", "coordinates": [4.6728637, 52.289124]}, "properties": {"type": "inleverpunt", "locatieNaam": "Avantis College", "straatNaam": "Rietvoornlaan", "straatNr": "1", "postcode": "2132 PG", "plaats": "Hoofddrop", "merk": "StatiegeldNederland", "puntType": "automaat", "materialen": ["pet-klein", "blik"], "uitbetaling": ["donatie"], "vrijToegankelijk": false, "gemeenteBeperking": null, "openingstijden": {"ma": "24 uur geopend", "di": "24 uur geopend", "wo": "24 uur geopend", "do": "24 uur geopend", "vr": "24 uur geopend", "za": "24 uur geopend", "zo": "24 uur geopend"}, "latitude": 52.289124, "longitude": 4.6728637, "bronId": "253791"}}, {"type": "Feature", "geometry": {"type": "Point", "coordinates": [4.7037291, 52.2902992]}, "properties": {"type": "inleverpunt", "locatieNaam": "Cg 1390 Bosch", "straatNaam": "Taurusavenue", "straatNr": "36", "postcode": "2132 LS", "plaats": "Hoofddorp", "merk": "StatiegeldNederland", "puntType": "balie", "materialen": ["pet-groot", "pet-klein", "blik"], "uitbetaling": [], "vrijToegankelijk": true, "gemeenteBeperking": null, "openingstijden": {"ma": "Gesloten", "di": "09:15–17:00", "wo": "09:15–17:00", "do": "09:15–17:00", "vr": "09:15–17:00", "za": "09:15–17:00", "zo": "Gesloten"}, "latitude": 52.2902992, "longitude": 4.7037291, "bronId": "254041"}}, {"type": "Feature", "geometry": {"type": "Point", "coordinates": [4.7590636, 52.3051619]}, "properties": {"type": "inleverpunt", "locatieNaam": "Cg 4823 Klm Csc", "straatNaam": "Havenmeesterweg 1, Geb. 540", "straatNr": "1", "postcode": "1118 CB", "plaats": "Schiphol", "merk": "StatiegeldNederland", "puntType": "balie", "materialen": ["pet-groot", "pet-klein", "blik"], "uitbetaling": [], "vrijToegankelijk": true, "gemeenteBeperking": null, "openingstijden": {"ma": "24 uur geopend", "di": "24 uur geopend", "wo": "24 uur geopend", "do": "24 uur geopend", "vr": "24 uur geopend", "za": "24 uur geopend", "zo": "24 uur geopend"}, "latitude": 52.3051619, "longitude": 4.7590636, "bronId": "254094"}}, {"type": "Feature", "geometry": {"type": "Point", "coordinates": [4.6395106, 52.3064406]}, "properties": {"type": "inleverpunt", "locatieNaam": "Dirk", "straatNaam": "Aalburgplein", "straatNr": "63", "postcode": "2134 DM", "plaats": "Hoofddorp", "merk": "StatiegeldNederland", "puntType": "automaat", "materialen": ["pet-groot", "pet-klein", "blik", "glas", "krat"], "uitbetaling": ["bonnetje", "donatie"], "vrijToegankelijk": true, "gemeenteBeperking": null, "openingstijden": {"ma": "08:00–21:00", "di": "08:00–21:00", "wo": "08:00–21:00", "do": "08:00–21:00", "vr": "08:00–21:00", "za": "08:00–21:00", "zo": "09:00–20:00"}, "latitude": 52.3064406, "longitude": 4.6395106, "bronId": "254425"}}, {"type": "Feature", "geometry": {"type": "Point", "coordinates": [4.6912733, 52.3025171]}, "properties": {"type": "inleverpunt", "locatieNaam": "Dirk", "straatNaam": "Burg. Van Stamplein 48 -", "straatNr": "50", "postcode": "2132 BH", "plaats": "Hoofddorp", "merk": "StatiegeldNederland", "puntType": "automaat", "materialen": ["pet-groot", "pet-klein", "blik", "glas", "krat"], "uitbetaling": ["bonnetje", "donatie"], "vrijToegankelijk": true, "gemeenteBeperking": null, "openingstijden": {"ma": "08:00–21:00", "di": "08:00–21:00", "wo": "08:00–21:00", "do": "08:00–21:00", "vr": "08:00–21:00", "za": "08:00–21:00", "zo": "08:00–20:00"}, "latitude": 52.3025171, "longitude": 4.6912733, "bronId": "254452"}}, {"type": "Feature", "geometry": {"type": "Point", "coordinates": [4.7514571, 52.3801564]}, "properties": {"type": "inleverpunt", "locatieNaam": "Dirk", "straatNaam": "Dennenlaan", "straatNr": "19", "postcode": "1161 CK", "plaats": "Zwanenburg", "merk": "StatiegeldNederland", "puntType": "automaat", "materialen": ["pet-groot", "pet-klein", "blik", "glas", "krat"], "uitbetaling": ["bonnetje", "donatie"], "vrijToegankelijk": true, "gemeenteBeperking": null, "openingstijden": {"ma": "08:00–21:00", "di": "08:00–21:00", "wo": "08:00–21:00", "do": "08:00–21:00", "vr": "08:00–21:00", "za": "08:00–21:00", "zo": "09:00–21:00"}, "latitude": 52.3801564, "longitude": 4.7514571, "bronId": "254463"}}, {"type": "Feature", "geometry": {"type": "Point", "coordinates": [4.6644327, 52.3016516]}, "properties": {"type": "inleverpunt", "locatieNaam": "Dirk", "straatNaam": "Markenburg", "straatNr": "97", "postcode": "2135 DS", "plaats": "Hoofddorp", "merk": "StatiegeldNederland", "puntType": "automaat", "materialen": ["pet-groot", "pet-klein", "blik", "glas", "krat"], "uitbetaling": ["bonnetje", "donatie"], "vrijToegankelijk": true, "gemeenteBeperking": null, "openingstijden": {"ma": "07:00–21:00", "di": "07:00–21:00", "wo": "07:00–21:00", "do": "07:00–21:00", "vr": "07:00–21:00", "za": "07:00–21:00", "zo": "09:00–20:00"}, "latitude": 52.3016516, "longitude": 4.6644327, "bronId": "254505"}}, {"type": "Feature", "geometry": {"type": "Point", "coordinates": [4.6644327, 52.3016516]}, "properties": {"type": "inleverpunt", "locatieNaam": "Dirk", "straatNaam": "Markensbrug", "straatNr": "97", "postcode": "2135 DS", "plaats": "Hoofddorp", "merk": "StatiegeldNederland", "puntType": "automaat", "materialen": ["pet-groot", "pet-klein", "blik", "glas", "krat"], "uitbetaling": ["bonnetje", "donatie"], "vrijToegankelijk": true, "gemeenteBeperking": null, "openingstijden": {"ma": "07:00–21:00", "di": "07:00–21:00", "wo": "07:00–21:00", "do": "07:00–21:00", "vr": "07:00–21:00", "za": "07:00–21:00", "zo": "09:00–20:00"}, "latitude": 52.3016516, "longitude": 4.6644327, "bronId": "254506"}}, {"type": "Feature", "geometry": {"type": "Point", "coordinates": [4.6323057, 52.2640544]}, "properties": {"type": "inleverpunt", "locatieNaam": "Dirk", "straatNaam": "Symfonie", "straatNr": "27-29", "postcode": "2151 MD", "plaats": "Nieuw-Vennep", "merk": "StatiegeldNederland", "puntType": "automaat", "materialen": ["pet-groot", "pet-klein", "blik", "glas", "krat"], "uitbetaling": ["bonnetje", "donatie"], "vrijToegankelijk": true, "gemeenteBeperking": null, "openingstijden": {"ma": "07:00–21:00", "di": "07:00–21:00", "wo": "07:00–21:00", "do": "07:00–21:00", "vr": "07:00–21:00", "za": "07:00–21:00", "zo": "09:00–20:00"}, "latitude": 52.2640544, "longitude": 4.6323057, "bronId": "254551"}}, {"type": "Feature", "geometry": {"type": "Point", "coordinates": [4.6398336, 52.2967496]}, "properties": {"type": "inleverpunt", "locatieNaam": "Farmtoko Nieuw Vennep", "straatNaam": "Ijweg", "straatNr": "1255", "postcode": "2152 NA", "plaats": "Nieuw Vennep", "merk": "StatiegeldNederland", "puntType": "automaat", "materialen": ["pet-groot", "pet-klein", "blik", "krat"], "uitbetaling": ["donatie", "tikkie"], "vrijToegankelijk": true, "gemeenteBeperking": null, "openingstijden": {"ma": "24 uur geopend", "di": "24 uur geopend", "wo": "24 uur geopend", "do": "24 uur geopend", "vr": "24 uur geopend", "za": "24 uur geopend", "zo": "24 uur geopend"}, "latitude": 52.2967496, "longitude": 4.6398336, "bronId": "254780"}}, {"type": "Feature", "geometry": {"type": "Point", "coordinates": [4.6931388, 52.3126355]}, "properties": {"type": "inleverpunt", "locatieNaam": "Hoogvliet", "straatNaam": "Graftermeerstraat", "straatNr": "28", "postcode": "2131 AC", "plaats": "Hoofddorp", "merk": "StatiegeldNederland", "puntType": "automaat", "materialen": ["pet-groot", "pet-klein", "blik", "glas", "krat"], "uitbetaling": ["bonnetje", "donatie"], "vrijToegankelijk": true, "gemeenteBeperking": null, "openingstijden": {"ma": "08:00–20:00", "di": "08:00–20:00", "wo": "08:00–20:00", "do": "08:00–20:00", "vr": "08:00–20:00", "za": "08:00–20:00", "zo": "10:00–20:00"}, "latitude": 52.3126355, "longitude": 4.6931388, "bronId": "255053"}}, {"type": "Feature", "geometry": {"type": "Point", "coordinates": [4.6190962, 52.2627144]}, "properties": {"type": "inleverpunt", "locatieNaam": "Hoogvliet", "straatNaam": "Kalslagerring", "straatNr": "25", "postcode": "2151 TA", "plaats": "Nieuw Vennep", "merk": "StatiegeldNederland", "puntType": "automaat", "materialen": ["pet-groot", "pet-klein", "blik", "glas", "krat"], "uitbetaling": ["bonnetje", "donatie"], "vrijToegankelijk": true, "gemeenteBeperking": null, "openingstijden": {"ma": "08:00–20:00", "di": "08:00–20:00", "wo": "08:00–20:00", "do": "08:00–20:00", "vr": "08:00–21:00", "za": "08:00–20:00", "zo": "09:00–20:00"}, "latitude": 52.2627144, "longitude": 4.6190962, "bronId": "255061"}}, {"type": "Feature", "geometry": {"type": "Point", "coordinates": [4.676573, 52.3503145]}, "properties": {"type": "inleverpunt", "locatieNaam": "Hoogvliet", "straatNaam": "Vijfhuizerweg", "straatNr": "510", "postcode": "2141 CV", "plaats": "Vijfhuizen", "merk": "StatiegeldNederland", "puntType": "automaat", "materialen": ["pet-groot", "pet-klein", "blik", "glas", "krat"], "uitbetaling": ["bonnetje", "donatie"], "vrijToegankelijk": true, "gemeenteBeperking": null, "openingstijden": {"ma": "08:00–20:00", "di": "08:00–20:00", "wo": "08:00–20:00", "do": "08:00–20:00", "vr": "08:00–20:00", "za": "08:00–20:00", "zo": "10:00–20:00"}, "latitude": 52.3503145, "longitude": 4.676573, "bronId": "255106"}}, {"type": "Feature", "geometry": {"type": "Point", "coordinates": [4.694029, 52.302614]}, "properties": {"type": "inleverpunt", "locatieNaam": "Hoofddorp Vier Meren- de Point", "straatNaam": "Polderplein", "straatNr": "232", "postcode": "2132 BG", "plaats": "Hoofddorp", "merk": "StatiegeldNederland", "puntType": "automaat", "materialen": ["pet-groot", "pet-klein", "blik", "krat"], "uitbetaling": ["donatie", "tikkie"], "vrijToegankelijk": true, "gemeenteBeperking": null, "openingstijden": {"ma": "12:00–18:00", "di": "09:00–18:00", "wo": "09:00–18:00", "do": "09:00–18:00", "vr": "09:00–18:00", "za": "09:00–17:00", "zo": "11:00–17:00"}, "latitude": 52.302614, "longitude": 4.694029, "bronId": "255108"}}, {"type": "Feature", "geometry": {"type": "Point", "coordinates": [4.63253, 52.26449]}, "properties": {"type": "inleverpunt", "locatieNaam": "Jumbo", "straatNaam": "De Symfonie", "straatNr": "65", "postcode": "2151 ME", "plaats": "Nieuw Vennep", "merk": "StatiegeldNederland", "puntType": "automaat", "materialen": ["pet-groot", "pet-klein", "blik", "glas", "krat"], "uitbetaling": ["bonnetje"], "vrijToegankelijk": true, "gemeenteBeperking": null, "openingstijden": {"ma": "07:30–21:00", "di": "07:30–21:00", "wo": "07:30–21:00", "do": "07:30–21:00", "vr": "07:30–21:00", "za": "07:30–21:00", "zo": "09:00–20:00"}, "latitude": 52.26449, "longitude": 4.63253, "bronId": "255306"}}, {"type": "Feature", "geometry": {"type": "Point", "coordinates": [4.6914562, 52.3030109]}, "properties": {"type": "inleverpunt", "locatieNaam": "Jumbo", "straatNaam": "Marktlaan", "straatNr": "31", "postcode": "2132 DL", "plaats": "Hoofddorp", "merk": "StatiegeldNederland", "puntType": "automaat", "materialen": ["pet-groot", "pet-klein", "blik", "glas", "krat"], "uitbetaling": ["bonnetje", "donatie"], "vrijToegankelijk": true, "gemeenteBeperking": null, "openingstijden": {"ma": "07:00–22:00", "di": "07:00–22:00", "wo": "07:00–22:00", "do": "07:00–22:00", "vr": "07:00–22:00", "za": "07:00–22:00", "zo": "07:00–22:00"}, "latitude": 52.3030109, "longitude": 4.6914562, "bronId": "255571"}}, {"type": "Feature", "geometry": {"type": "Point", "coordinates": [4.670973, 52.309034]}, "properties": {"type": "inleverpunt", "locatieNaam": "Jumbo", "straatNaam": "Skagerak", "straatNr": "204", "postcode": "2133 DW", "plaats": "Hoofddorp", "merk": "StatiegeldNederland", "puntType": "automaat", "materialen": ["pet-groot", "pet-klein", "blik", "glas", "krat"], "uitbetaling": ["bonnetje", "donatie"], "vrijToegankelijk": true, "gemeenteBeperking": null, "openingstijden": {"ma": "07:00–22:00", "di": "07:00–22:00", "wo": "07:00–22:00", "do": "07:00–22:00", "vr": "07:00–22:00", "za": "07:00–22:00", "zo": "07:00–21:00"}, "latitude": 52.309034, "longitude": 4.670973, "bronId": "255750"}}, {"type": "Feature", "geometry": {"type": "Point", "coordinates": [4.62036, 52.27103]}, "properties": {"type": "inleverpunt", "locatieNaam": "Lidl", "straatNaam": "Handelplein", "straatNr": "197", "postcode": "2151 NN", "plaats": "Nieuw Vennep", "merk": "StatiegeldNederland", "puntType": "automaat", "materialen": ["pet-groot", "pet-klein", "blik", "glas", "krat"], "uitbetaling": ["bonnetje", "donatie"], "vrijToegankelijk": true, "gemeenteBeperking": null, "openingstijden": {"ma": "08:00–21:00", "di": "08:00–21:00", "wo": "08:00–21:00", "do": "08:00–21:00", "vr": "08:00–21:00", "za": "08:00–21:00", "zo": "09:00–20:00"}, "latitude": 52.27103, "longitude": 4.62036, "bronId": "256180"}}, {"type": "Feature", "geometry": {"type": "Point", "coordinates": [4.77883, 52.33863]}, "properties": {"type": "inleverpunt", "locatieNaam": "Lidl", "straatNaam": "Lorenzplein", "straatNr": "31", "postcode": "1171 BB", "plaats": "Badhoevedorp", "merk": "StatiegeldNederland", "puntType": "automaat", "materialen": ["pet-groot", "pet-klein", "blik", "glas", "krat"], "uitbetaling": ["bonnetje", "donatie"], "vrijToegankelijk": true, "gemeenteBeperking": null, "openingstijden": {"ma": "08:00–21:00", "di": "08:00–21:00", "wo": "08:00–21:00", "do": "08:00–21:00", "vr": "08:00–21:00", "za": "08:00–21:00", "zo": "10:00–18:00"}, "latitude": 52.33863, "longitude": 4.77883, "bronId": "256264"}}, {"type": "Feature", "geometry": {"type": "Point", "coordinates": [4.6946509, 52.3049546]}, "properties": {"type": "inleverpunt", "locatieNaam": "Lidl", "straatNaam": "Marktplein", "straatNr": "15-17", "postcode": "2132 DA", "plaats": "Hoofddorp", "merk": "StatiegeldNederland", "puntType": "automaat", "materialen": ["pet-groot", "pet-klein", "blik", "glas", "krat"], "uitbetaling": ["bonnetje", "donatie"], "vrijToegankelijk": true, "gemeenteBeperking": null, "openingstijden": {"ma": "08:00–20:00", "di": "08:00–20:00", "wo": "08:00–20:00", "do": "08:00–21:00", "vr": "08:00–21:00", "za": "08:00–20:00", "zo": "10:00–19:00"}, "latitude": 52.3049546, "longitude": 4.6946509, "bronId": "256272"}}, {"type": "Feature", "geometry": {"type": "Point", "coordinates": [4.7490706, 52.3770335]}, "properties": {"type": "inleverpunt", "locatieNaam": "Lidl", "straatNaam": "Olmenlaan", "straatNr": "139-141", "postcode": "1181 JV", "plaats": "Zwanenburg", "merk": "StatiegeldNederland", "puntType": "automaat", "materialen": ["pet-groot", "pet-klein", "blik", "glas", "krat"], "uitbetaling": ["bonnetje", "donatie"], "vrijToegankelijk": true, "gemeenteBeperking": null, "openingstijden": {"ma": "08:00–20:00", "di": "08:00–20:00", "wo": "08:00–20:00", "do": "08:00–21:00", "vr": "08:00–21:00", "za": "08:00–20:00", "zo": "09:00–20:00"}, "latitude": 52.3770335, "longitude": 4.7490706, "bronId": "256316"}}, {"type": "Feature", "geometry": {"type": "Point", "coordinates": [4.67161, 52.30935]}, "properties": {"type": "inleverpunt", "locatieNaam": "Lidl", "straatNaam": "Skagerak", "straatNr": "196", "postcode": "2133 DW", "plaats": "Hoofddorp", "merk": "StatiegeldNederland", "puntType": "automaat", "materialen": ["pet-groot", "pet-klein", "blik", "glas", "krat"], "uitbetaling": ["bonnetje", "donatie"], "vrijToegankelijk": true, "gemeenteBeperking": null, "openingstijden": {"ma": "08:00–21:00", "di": "08:00–21:00", "wo": "08:00–21:00", "do": "08:00–21:00", "vr": "08:00–21:00", "za": "08:00–20:00", "zo": "09:00–19:00"}, "latitude": 52.30935, "longitude": 4.67161, "bronId": "256383"}}, {"type": "Feature", "geometry": {"type": "Point", "coordinates": [4.6816889, 52.3080792]}, "properties": {"type": "inleverpunt", "locatieNaam": "Markies 60042 Nova College P", "straatNaam": "Paxlaan", "straatNr": "26", "postcode": "2131 PZ", "plaats": "Hoofddorp", "merk": "StatiegeldNederland", "puntType": "balie", "materialen": ["pet-groot", "pet-klein", "blik"], "uitbetaling": [], "vrijToegankelijk": true, "gemeenteBeperking": null, "openingstijden": {"ma": "08:00–17:00", "di": "08:00–17:00", "wo": "08:00–17:00", "do": "08:00–17:00", "vr": "08:00–17:00", "za": "Gesloten", "zo": "Gesloten"}, "latitude": 52.3080792, "longitude": 4.6816889, "bronId": "256641"}}, {"type": "Feature", "geometry": {"type": "Point", "coordinates": [4.7970693, 52.3351832]}, "properties": {"type": "inleverpunt", "locatieNaam": "P&P Shop AVIA", "straatNaam": "Nieuwemeerdijk", "straatNr": "140", "postcode": "1171 NH", "plaats": "Badhoevedorp", "merk": "StatiegeldNederland", "puntType": "automaat", "materialen": ["pet-groot", "pet-klein", "blik"], "uitbetaling": ["bonnetje", "donatie"], "vrijToegankelijk": true, "gemeenteBeperking": null, "openingstijden": null, "latitude": 52.3351832, "longitude": 4.7970693, "bronId": "257119"}}, {"type": "Feature", "geometry": {"type": "Point", "coordinates": [4.6818809, 52.3092896]}, "properties": {"type": "inleverpunt", "locatieNaam": "Paxshop", "straatNaam": "Paxlaan", "straatNr": "10", "postcode": "2131 PZ", "plaats": "Hoofddorp", "merk": "StatiegeldNederland", "puntType": "balie", "materialen": ["pet-groot", "pet-klein", "blik"], "uitbetaling": [], "vrijToegankelijk": true, "gemeenteBeperking": null, "openingstijden": {"ma": "08:00–23:00", "di": "08:00–23:00", "wo": "08:00–23:00", "do": "08:00–23:00", "vr": "08:00–23:00", "za": "08:00–23:00", "zo": "09:00–23:00"}, "latitude": 52.3092896, "longitude": 4.6818809, "bronId": "257162"}}, {"type": "Feature", "geometry": {"type": "Point", "coordinates": [4.7150968, 52.258562]}, "properties": {"type": "inleverpunt", "locatieNaam": "Plus", "straatNaam": "Werf", "straatNr": "15", "postcode": "1435 KP", "plaats": "Rijsenhout", "merk": "StatiegeldNederland", "puntType": "automaat", "materialen": ["pet-groot", "pet-klein", "blik", "glas", "krat"], "uitbetaling": ["bonnetje", "donatie"], "vrijToegankelijk": true, "gemeenteBeperking": null, "openingstijden": {"ma": "08:00–20:00", "di": "08:00–20:00", "wo": "08:00–20:00", "do": "08:00–20:00", "vr": "08:00–20:00", "za": "08:00–20:00", "zo": "10:00–18:00"}, "latitude": 52.258562, "longitude": 4.7150968, "bronId": "257583"}}, {"type": "Feature", "geometry": {"type": "Point", "coordinates": [4.6834609, 52.2914405]}, "properties": {"type": "inleverpunt", "locatieNaam": "ROC", "straatNaam": "Diamantlaan", "straatNr": "29", "postcode": "2132 WV", "plaats": "Hoofddorp", "merk": "StatiegeldNederland", "puntType": "automaat", "materialen": ["pet-klein", "blik"], "uitbetaling": ["donatie", "tikkie"], "vrijToegankelijk": true, "gemeenteBeperking": null, "openingstijden": null, "latitude": 52.2914405, "longitude": 4.6834609, "bronId": "257842"}}, {"type": "Feature", "geometry": {"type": "Point", "coordinates": [4.6826076, 52.2940327]}, "properties": {"type": "inleverpunt", "locatieNaam": "ROC", "straatNaam": "Opaallaan", "straatNr": "25", "postcode": "2132 XV", "plaats": "Hoofddorp", "merk": "StatiegeldNederland", "puntType": "automaat", "materialen": ["pet-klein", "blik"], "uitbetaling": ["donatie", "tikkie"], "vrijToegankelijk": true, "gemeenteBeperking": null, "openingstijden": {"ma": "08:00–17:00", "di": "08:00–17:00", "wo": "08:00–17:00", "do": "08:00–17:00", "vr": "08:00–17:00", "za": "08:00–17:00", "zo": "Gesloten"}, "latitude": 52.2940327, "longitude": 4.6826076, "bronId": "257865"}}, {"type": "Feature", "geometry": {"type": "Point", "coordinates": [4.7478209, 52.3041356]}, "properties": {"type": "inleverpunt", "locatieNaam": "Schiphol Pieren", "straatNaam": "Evert Van De Beekstraat", "straatNr": "202", "postcode": "1118 CP", "plaats": "Schiphol", "merk": "StatiegeldNederland", "puntType": "automaat", "materialen": ["pet-groot", "pet-klein", "blik"], "uitbetaling": ["bonnetje", "donatie", "retourpinnen"], "vrijToegankelijk": false, "gemeenteBeperking": null, "openingstijden": null, "latitude": 52.3041356, "longitude": 4.7478209, "bronId": "258009"}}, {"type": "Feature", "geometry": {"type": "Point", "coordinates": [4.782609, 52.287059]}, "properties": {"type": "inleverpunt", "locatieNaam": "Shell", "straatNaam": "Fokkerweg", "straatNr": "185", "postcode": "1438 AM", "plaats": "Oude Meer", "merk": "StatiegeldNederland", "puntType": "balie", "materialen": ["pet-groot", "pet-klein", "blik"], "uitbetaling": [], "vrijToegankelijk": true, "gemeenteBeperking": null, "openingstijden": {"ma": "24 uur geopend", "di": "24 uur geopend", "wo": "24 uur geopend", "do": "24 uur geopend", "vr": "24 uur geopend", "za": "24 uur geopend", "zo": "24 uur geopend"}, "latitude": 52.287059, "longitude": 4.782609, "bronId": "258064"}}, {"type": "Feature", "geometry": {"type": "Point", "coordinates": [4.685475, 52.258546]}, "properties": {"type": "inleverpunt", "locatieNaam": "Shell", "straatNaam": "Rijksweg A4 1 Oz", "straatNr": "", "postcode": "2132 MA", "plaats": "Hoofddorp", "merk": "StatiegeldNederland", "puntType": "balie", "materialen": ["pet-groot", "pet-klein", "blik"], "uitbetaling": [], "vrijToegankelijk": true, "gemeenteBeperking": null, "openingstijden": {"ma": "24 uur geopend", "di": "24 uur geopend", "wo": "24 uur geopend", "do": "24 uur geopend", "vr": "24 uur geopend", "za": "24 uur geopend", "zo": "24 uur geopend"}, "latitude": 52.258546, "longitude": 4.685475, "bronId": "258166"}}, {"type": "Feature", "geometry": {"type": "Point", "coordinates": [4.6827813, 52.3502779]}, "properties": {"type": "inleverpunt", "locatieNaam": "Tennis Vereniging Vijfhuizen", "straatNaam": "Zijdewinde", "straatNr": "3", "postcode": "2141 VA", "plaats": "Vijfhuizen", "merk": "StatiegeldNederland", "puntType": "balie", "materialen": ["pet-groot", "pet-klein", "blik"], "uitbetaling": [], "vrijToegankelijk": false, "gemeenteBeperking": null, "openingstijden": {"ma": "09:00–23:00", "di": "09:00–23:00", "wo": "09:00–23:00", "do": "09:00–23:00", "vr": "09:00–23:00", "za": "09:00–21:30", "zo": "09:00–21:30"}, "latitude": 52.3502779, "longitude": 4.6827813, "bronId": "258912"}}, {"type": "Feature", "geometry": {"type": "Point", "coordinates": [4.683545, 52.2586984]}, "properties": {"type": "inleverpunt", "locatieNaam": "Total Den Ruygen Hoek West", "straatNaam": "A4", "straatNr": "", "postcode": "2132 MA", "plaats": "Hoofddorp", "merk": "StatiegeldNederland", "puntType": "balie", "materialen": ["pet-groot", "pet-klein", "blik"], "uitbetaling": [], "vrijToegankelijk": true, "gemeenteBeperking": null, "openingstijden": {"ma": "24 uur geopend", "di": "24 uur geopend", "wo": "24 uur geopend", "do": "24 uur geopend", "vr": "24 uur geopend", "za": "24 uur geopend", "zo": "24 uur geopend"}, "latitude": 52.2586984, "longitude": 4.683545, "bronId": "259011"}}, {"type": "Feature", "geometry": {"type": "Point", "coordinates": [4.6869039, 52.2612326]}, "properties": {"type": "inleverpunt", "locatieNaam": "Totalenergies Den Ruygenhoek", "straatNaam": "Rijksweg A4 Nr", "straatNr": "2", "postcode": "2132 MA", "plaats": "Hoofddorp", "merk": "StatiegeldNederland", "puntType": "balie", "materialen": ["pet-groot", "pet-klein", "blik"], "uitbetaling": [], "vrijToegankelijk": true, "gemeenteBeperking": null, "openingstijden": {"ma": "24 uur geopend", "di": "24 uur geopend", "wo": "24 uur geopend", "do": "24 uur geopend", "vr": "24 uur geopend", "za": "24 uur geopend", "zo": "24 uur geopend"}, "latitude": 52.2612326, "longitude": 4.6869039, "bronId": "259030"}}, {"type": "Feature", "geometry": {"type": "Point", "coordinates": [4.6258319, 52.2582755]}, "properties": {"type": "inleverpunt", "locatieNaam": "Tuincentrum Suidgeest", "straatNaam": "Hoofdweg Oostzijde", "straatNr": "1432", "postcode": "2153 NA", "plaats": "Nieuw-vennep", "merk": "StatiegeldNederland", "puntType": "automaat", "materialen": ["pet-groot", "pet-klein", "blik"], "uitbetaling": ["bonnetje", "tikkie"], "vrijToegankelijk": true, "gemeenteBeperking": null, "openingstijden": {"ma": "07:30–20:30", "di": "07:30–20:30", "wo": "07:30–20:30", "do": "07:30–22:00", "vr": "07:30–18:00", "za": "Gesloten", "zo": "Gesloten"}, "latitude": 52.2582755, "longitude": 4.6258319, "bronId": "259060"}}, {"type": "Feature", "geometry": {"type": "Point", "coordinates": [4.6396212, 52.2571067]}, "properties": {"type": "inleverpunt", "locatieNaam": "Vennep Flyers", "straatNaam": "Oosterdreef", "straatNr": "32", "postcode": "2153 CA", "plaats": "Nieuw-vennep", "merk": "StatiegeldNederland", "puntType": "balie", "materialen": ["pet-groot", "pet-klein", "blik"], "uitbetaling": [], "vrijToegankelijk": false, "gemeenteBeperking": null, "openingstijden": {"ma": "17:30–20:00", "di": "17:30–22:00", "wo": "16:00–22:00", "do": "17:30–22:00", "vr": "18:00–00:00", "za": "09:30–00:00", "zo": "10:00–17:30"}, "latitude": 52.2571067, "longitude": 4.6396212, "bronId": "259187"}}, {"type": "Feature", "geometry": {"type": "Point", "coordinates": [4.6778077, 52.3029466]}, "properties": {"type": "inleverpunt", "locatieNaam": "Vomar", "straatNaam": "Bernadottestraat", "straatNr": "161", "postcode": "2131 SV", "plaats": "Hoofddorp", "merk": "StatiegeldNederland", "puntType": "automaat", "materialen": ["pet-groot", "pet-klein", "blik", "glas", "krat"], "uitbetaling": ["bonnetje", "donatie"], "vrijToegankelijk": true, "gemeenteBeperking": null, "openingstijden": {"ma": "07:30–22:00", "di": "07:30–22:00", "wo": "07:30–22:00", "do": "07:30–22:00", "vr": "07:30–22:00", "za": "07:30–22:00", "zo": "08:00–22:00"}, "latitude": 52.3029466, "longitude": 4.6778077, "bronId": "259640"}}, {"type": "Feature", "geometry": {"type": "Point", "coordinates": [4.6587398, 52.3148961]}, "properties": {"type": "inleverpunt", "locatieNaam": "Vomar", "straatNaam": "Muiderbos", "straatNr": "100", "postcode": "2134 SV", "plaats": "Hoofddorp", "merk": "StatiegeldNederland", "puntType": "automaat", "materialen": ["pet-groot", "pet-klein", "blik", "glas", "krat"], "uitbetaling": ["bonnetje", "donatie"], "vrijToegankelijk": true, "gemeenteBeperking": null, "openingstijden": {"ma": "08:00–22:00", "di": "08:00–22:00", "wo": "08:00–22:00", "do": "08:00–22:00", "vr": "08:00–22:00", "za": "08:00–22:00", "zo": "08:00–22:00"}, "latitude": 52.3148961, "longitude": 4.6587398, "bronId": "259698"}}, {"type": "Feature", "geometry": {"type": "Point", "coordinates": [4.7777585, 52.3365753]}, "properties": {"type": "inleverpunt", "locatieNaam": "Vomar", "straatNaam": "Sloterweg 184 -", "straatNr": "186", "postcode": "1171 CW", "plaats": "Badhoevedorp", "merk": "StatiegeldNederland", "puntType": "automaat", "materialen": ["pet-groot", "pet-klein", "blik", "glas", "krat"], "uitbetaling": ["bonnetje", "donatie"], "vrijToegankelijk": true, "gemeenteBeperking": null, "openingstijden": {"ma": "07:30–22:00", "di": "07:30–22:00", "wo": "07:30–22:00", "do": "07:30–22:00", "vr": "07:30–22:00", "za": "07:30–22:00", "zo": "08:00–22:00"}, "latitude": 52.3365753, "longitude": 4.7777585, "bronId": "259714"}}, {"type": "Feature", "geometry": {"type": "Point", "coordinates": [4.7525773, 52.3728522]}, "properties": {"type": "inleverpunt", "locatieNaam": "Vv Zwanenburg", "straatNaam": "Populierenlaan", "straatNr": "44", "postcode": "1161 SP", "plaats": "Zwanenburg", "merk": "StatiegeldNederland", "puntType": "balie", "materialen": ["pet-groot", "pet-klein", "blik"], "uitbetaling": [], "vrijToegankelijk": false, "gemeenteBeperking": null, "openingstijden": {"ma": "17:00–22:00", "di": "17:00–22:00", "wo": "15:30–22:00", "do": "17:00–00:00", "vr": "18:00–22:00", "za": "08:00–18:00", "zo": "09:00–18:00"}, "latitude": 52.3728522, "longitude": 4.7525773, "bronId": "259828"}}, {"type": "Feature", "geometry": {"type": "Point", "coordinates": [4.777655, 52.336512]}, "properties": {"type": "inleverpunt", "locatieNaam": "Vomar Badhoevedorp", "straatNaam": "Sloterweg", "straatNr": "186", "postcode": "1171 CW", "plaats": "Badhoevedorp", "merk": "StichtingOPEN", "puntType": "balie", "materialen": ["batterijen", "lampen"], "uitbetaling": [], "vrijToegankelijk": false, "gemeenteBeperking": null, "openingstijden": null, "latitude": 52.336512, "longitude": 4.777655, "bronId": "SP00025781"}}, {"type": "Feature", "geometry": {"type": "Point", "coordinates": [4.77904, 52.33882]}, "properties": {"type": "inleverpunt", "locatieNaam": "Lidl Badhoevedorp", "straatNaam": "Lorentzplein", "straatNr": "31", "postcode": "1171 BB", "plaats": "Badhoevedorp", "merk": "StichtingOPEN", "puntType": "balie", "materialen": ["batterijen", "lampen"], "uitbetaling": [], "vrijToegankelijk": false, "gemeenteBeperking": null, "openingstijden": null, "latitude": 52.33882, "longitude": 4.77904, "bronId": "SP00029979"}}, {"type": "Feature", "geometry": {"type": "Point", "coordinates": [4.77844, 52.33919]}, "properties": {"type": "inleverpunt", "locatieNaam": "Kruidvat Badhoevedorp", "straatNaam": "Lorentzplein", "straatNr": "43", "postcode": "1171 BB", "plaats": "Badhoevedorp", "merk": "StichtingOPEN", "puntType": "balie", "materialen": ["batterijen", "lampen"], "uitbetaling": [], "vrijToegankelijk": false, "gemeenteBeperking": null, "openingstijden": null, "latitude": 52.33919, "longitude": 4.77844, "bronId": "SP00029727"}}, {"type": "Feature", "geometry": {"type": "Point", "coordinates": [4.772032, 52.342038]}, "properties": {"type": "inleverpunt", "locatieNaam": "Kinderboerderij De Hoeve", "straatNaam": "Snelliuslaan", "straatNr": "31", "postcode": "1171 CZ", "plaats": "Badhoevedorp", "merk": "StichtingOPEN", "puntType": "balie", "materialen": ["elektro-klein", "elektro-middel"], "uitbetaling": [], "vrijToegankelijk": false, "gemeenteBeperking": null, "openingstijden": null, "latitude": 52.342038, "longitude": 4.772032, "bronId": "SP00007565"}}, {"type": "Feature", "geometry": {"type": "Point", "coordinates": [4.701337, 52.299075]}, "properties": {"type": "inleverpunt", "locatieNaam": "Kinderboerderij De Boerenzwaluw", "straatNaam": "Boslaan", "straatNr": "5", "postcode": "2132 RJ", "plaats": "Hoofddorp", "merk": "StichtingOPEN", "puntType": "balie", "materialen": ["elektro-klein"], "uitbetaling": [], "vrijToegankelijk": false, "gemeenteBeperking": null, "openingstijden": null, "latitude": 52.299075, "longitude": 4.701337, "bronId": "SP00006810"}}, {"type": "Feature", "geometry": {"type": "Point", "coordinates": [4.690303, 52.296681]}, "properties": {"type": "inleverpunt", "locatieNaam": "Aldi Hoofddorp", "straatNaam": "Graan voor Visch", "straatNr": "14005", "postcode": "2132 VW", "plaats": "Hoofddorp", "merk": "StichtingOPEN", "puntType": "balie", "materialen": ["batterijen", "elektro-klein", "lampen"], "uitbetaling": [], "vrijToegankelijk": false, "gemeenteBeperking": null, "openingstijden": null, "latitude": 52.296681, "longitude": 4.690303, "bronId": "SP00027184"}}, {"type": "Feature", "geometry": {"type": "Point", "coordinates": [4.695221, 52.302924]}, "properties": {"type": "inleverpunt", "locatieNaam": "Action Hoofddorp 1169", "straatNaam": "Polderplein", "straatNr": "214", "postcode": "2132 BG", "plaats": "Hoofddorp", "merk": "StichtingOPEN", "puntType": "balie", "materialen": ["batterijen", "lampen"], "uitbetaling": [], "vrijToegankelijk": false, "gemeenteBeperking": null, "openingstijden": null, "latitude": 52.302924, "longitude": 4.695221, "bronId": "SP00007751"}}, {"type": "Feature", "geometry": {"type": "Point", "coordinates": [4.694035, 52.301614]}, "properties": {"type": "inleverpunt", "locatieNaam": "1534 Albert Heijn XL Hoofddorp", "straatNaam": "Burgemeester van Stamplein", "straatNr": "270", "postcode": "2132 BH", "plaats": "Hoofddorp", "merk": "StichtingOPEN", "puntType": "balie", "materialen": ["batterijen", "elektro-klein", "lampen"], "uitbetaling": [], "vrijToegankelijk": false, "gemeenteBeperking": null, "openingstijden": null, "latitude": 52.301614, "longitude": 4.694035, "bronId": "SP00022997"}}, {"type": "Feature", "geometry": {"type": "Point", "coordinates": [4.681021, 52.288288]}, "properties": {"type": "inleverpunt", "locatieNaam": "48 - Bouwmaat Hoofddorp", "straatNaam": "Willem Brocadesdreef", "straatNr": "13", "postcode": "2132 PV", "plaats": "Hoofddorp", "merk": "StichtingOPEN", "puntType": "balie", "materialen": ["lampen", "tl-buizen"], "uitbetaling": [], "vrijToegankelijk": false, "gemeenteBeperking": null, "openingstijden": null, "latitude": 52.288288, "longitude": 4.681021, "bronId": "SP00032945"}}, {"type": "Feature", "geometry": {"type": "Point", "coordinates": [4.69465, 52.30496]}, "properties": {"type": "inleverpunt", "locatieNaam": "Lidl Hoofddorp", "straatNaam": "Marktplein", "straatNr": "15-17", "postcode": "2132 DA", "plaats": "Hoofddorp", "merk": "StichtingOPEN", "puntType": "balie", "materialen": ["batterijen", "lampen"], "uitbetaling": [], "vrijToegankelijk": false, "gemeenteBeperking": null, "openingstijden": null, "latitude": 52.30496, "longitude": 4.69465, "bronId": "SP00030010"}}, {"type": "Feature", "geometry": {"type": "Point", "coordinates": [4.69239, 52.302931]}, "properties": {"type": "inleverpunt", "locatieNaam": "Media Markt Hoofddorp B.V. (voorheen Saturn)", "straatNaam": "Marktlaan", "straatNr": "124", "postcode": "2132 DM", "plaats": "Hoofddorp", "merk": "StichtingOPEN", "puntType": "balie", "materialen": ["elektro-middel", "lampen"], "uitbetaling": [], "vrijToegankelijk": false, "gemeenteBeperking": null, "openingstijden": null, "latitude": 52.302931, "longitude": 4.69239, "bronId": "SP00004388"}}, {"type": "Feature", "geometry": {"type": "Point", "coordinates": [4.69159, 52.30275]}, "properties": {"type": "inleverpunt", "locatieNaam": "Xenos Hoofddorp", "straatNaam": "Marktlaan", "straatNr": "31", "postcode": "2132 DL", "plaats": "Hoofddorp", "merk": "StichtingOPEN", "puntType": "balie", "materialen": ["batterijen", "lampen"], "uitbetaling": [], "vrijToegankelijk": false, "gemeenteBeperking": null, "openingstijden": null, "latitude": 52.30275, "longitude": 4.69159, "bronId": "SP00029932"}}, {"type": "Feature", "geometry": {"type": "Point", "coordinates": [4.69047, 52.302857]}, "properties": {"type": "inleverpunt", "locatieNaam": "Kruidvat Hoofddorp", "straatNaam": "Burgemeester van Stamplein", "straatNr": "4850", "postcode": "2132 BH", "plaats": "Hoofddorp", "merk": "StichtingOPEN", "puntType": "balie", "materialen": ["batterijen", "lampen"], "uitbetaling": [], "vrijToegankelijk": false, "gemeenteBeperking": null, "openingstijden": null, "latitude": 52.302857, "longitude": 4.69047, "bronId": "SP00024734"}}, {"type": "Feature", "geometry": {"type": "Point", "coordinates": [4.69047, 52.302857]}, "properties": {"type": "inleverpunt", "locatieNaam": "Dirk Hoofddorp", "straatNaam": "Burgemeester van Stamplein", "straatNr": "4850", "postcode": "2132 BH", "plaats": "Hoofddorp", "merk": "StichtingOPEN", "puntType": "balie", "materialen": ["batterijen", "lampen"], "uitbetaling": [], "vrijToegankelijk": false, "gemeenteBeperking": null, "openingstijden": null, "latitude": 52.302857, "longitude": 4.69047, "bronId": "SP00023469"}}, {"type": "Feature", "geometry": {"type": "Point", "coordinates": [4.696742, 52.314605]}, "properties": {"type": "inleverpunt", "locatieNaam": "Gamma Hoofddorp", "straatNaam": "Noordmeerstraat", "straatNr": "22-30", "postcode": "2131 AD", "plaats": "Hoofddorp", "merk": "StichtingOPEN", "puntType": "balie", "materialen": ["batterijen", "elektro-middel", "lampen", "tl-buizen"], "uitbetaling": [], "vrijToegankelijk": false, "gemeenteBeperking": null, "openingstijden": null, "latitude": 52.314605, "longitude": 4.696742, "bronId": "SP00020192"}}, {"type": "Feature", "geometry": {"type": "Point", "coordinates": [4.693145, 52.312663]}, "properties": {"type": "inleverpunt", "locatieNaam": "310 Hoogvliet Hoofddorp", "straatNaam": "Graftermeerstraat", "straatNr": "28", "postcode": "2131 AC", "plaats": "Hoofddorp", "merk": "StichtingOPEN", "puntType": "balie", "materialen": ["batterijen", "lampen"], "uitbetaling": [], "vrijToegankelijk": false, "gemeenteBeperking": null, "openingstijden": null, "latitude": 52.312663, "longitude": 4.693145, "bronId": "SP00023925"}}, {"type": "Feature", "geometry": {"type": "Point", "coordinates": [4.695367, 52.315136]}, "properties": {"type": "inleverpunt", "locatieNaam": "Karwei Hoofddorp", "straatNaam": "Noordmeerstraat", "straatNr": "32-36", "postcode": "2131 AD", "plaats": "Hoofddorp", "merk": "StichtingOPEN", "puntType": "balie", "materialen": ["elektro-klein", "lampen", "tl-buizen"], "uitbetaling": [], "vrijToegankelijk": false, "gemeenteBeperking": null, "openingstijden": null, "latitude": 52.315136, "longitude": 4.695367, "bronId": "SP00006485"}}, {"type": "Feature", "geometry": {"type": "Point", "coordinates": [4.690128, 52.314422]}, "properties": {"type": "inleverpunt", "locatieNaam": "Rataplan Hoofddorp", "straatNaam": "Graftermeerstraat", "straatNr": "46", "postcode": "2131 AC", "plaats": "Hoofddorp", "merk": "StichtingOPEN", "puntType": "balie", "materialen": ["batterijen", "elektro-klein", "elektro-middel", "lampen", "tl-buizen"], "uitbetaling": [], "vrijToegankelijk": false, "gemeenteBeperking": null, "openingstijden": null, "latitude": 52.314422, "longitude": 4.690128, "bronId": "SP00041097"}}, {"type": "Feature", "geometry": {"type": "Point", "coordinates": [4.64872, 52.262428]}, "properties": {"type": "inleverpunt", "locatieNaam": "Wildkamp", "straatNaam": "Luzernestraat", "straatNr": "13A", "postcode": "2153 GM", "plaats": "Nieuw-Vennep", "merk": "StichtingOPEN", "puntType": "balie", "materialen": ["lampen", "tl-buizen"], "uitbetaling": [], "vrijToegankelijk": false, "gemeenteBeperking": null, "openingstijden": null, "latitude": 52.262428, "longitude": 4.64872, "bronId": "SP00007967"}}, {"type": "Feature", "geometry": {"type": "Point", "coordinates": [4.677548, 52.303175]}, "properties": {"type": "inleverpunt", "locatieNaam": "Vomar Hoofddorp", "straatNaam": "Bernadottestraat", "straatNr": "161", "postcode": "2131 SV", "plaats": "Hoofddorp", "merk": "StichtingOPEN", "puntType": "balie", "materialen": ["batterijen", "lampen"], "uitbetaling": [], "vrijToegankelijk": false, "gemeenteBeperking": null, "openingstijden": null, "latitude": 52.303175, "longitude": 4.677548, "bronId": "SP00025753"}}, {"type": "Feature", "geometry": {"type": "Point", "coordinates": [4.647733, 52.26953]}, "properties": {"type": "inleverpunt", "locatieNaam": "Milieustraat Nieuw-Vennep", "straatNaam": "Luzernestraat", "straatNr": "124", "postcode": "2153 GN", "plaats": "Nieuw-Vennep", "merk": "StichtingOPEN", "puntType": "balie", "materialen": ["batterijen", "elektro-groot", "elektro-klein", "elektro-middel", "lampen", "tl-buizen"], "uitbetaling": [], "vrijToegankelijk": false, "gemeenteBeperking": null, "openingstijden": null, "latitude": 52.26953, "longitude": 4.647733, "bronId": "SP00041606"}}, {"type": "Feature", "geometry": {"type": "Point", "coordinates": [4.747462, 52.376035]}, "properties": {"type": "inleverpunt", "locatieNaam": "Action Zwanenburg 1272", "straatNaam": "Dennenlaan", "straatNr": "124-126", "postcode": "1161 CT", "plaats": "Zwanenburg", "merk": "StichtingOPEN", "puntType": "balie", "materialen": ["batterijen", "lampen"], "uitbetaling": [], "vrijToegankelijk": false, "gemeenteBeperking": null, "openingstijden": null, "latitude": 52.376035, "longitude": 4.747462, "bronId": "SP00007598"}}, {"type": "Feature", "geometry": {"type": "Point", "coordinates": [4.747487, 52.376403]}, "properties": {"type": "inleverpunt", "locatieNaam": "Kruidvat Zwanenburg", "straatNaam": "Dennenlaan", "straatNr": "114c", "postcode": "1161 CT", "plaats": "Zwanenburg", "merk": "StichtingOPEN", "puntType": "balie", "materialen": ["batterijen", "lampen"], "uitbetaling": [], "vrijToegankelijk": false, "gemeenteBeperking": null, "openingstijden": null, "latitude": 52.376403, "longitude": 4.747487, "bronId": "SP00024754"}}, {"type": "Feature", "geometry": {"type": "Point", "coordinates": [4.75106, 52.379092]}, "properties": {"type": "inleverpunt", "locatieNaam": "Nuis bv", "straatNaam": "Dennenlaan", "straatNr": "38", "postcode": "1161 CS", "plaats": "Zwanenburg", "merk": "StichtingOPEN", "puntType": "balie", "materialen": ["batterijen", "elektro-groot", "elektro-klein", "elektro-middel", "lampen", "tl-buizen"], "uitbetaling": [], "vrijToegankelijk": false, "gemeenteBeperking": null, "openingstijden": null, "latitude": 52.379092, "longitude": 4.75106, "bronId": "SP00002299"}}, {"type": "Feature", "geometry": {"type": "Point", "coordinates": [4.751549, 52.37984]}, "properties": {"type": "inleverpunt", "locatieNaam": "Dirk Zwanenburg", "straatNaam": "Dennenlaan", "straatNr": "19", "postcode": "1161 CK", "plaats": "Zwanenburg", "merk": "StichtingOPEN", "puntType": "balie", "materialen": ["batterijen", "lampen"], "uitbetaling": [], "vrijToegankelijk": false, "gemeenteBeperking": null, "openingstijden": null, "latitude": 52.37984, "longitude": 4.751549, "bronId": "SP00023485"}}, {"type": "Feature", "geometry": {"type": "Point", "coordinates": [4.749814, 52.378915]}, "properties": {"type": "inleverpunt", "locatieNaam": "8514 Albert Heijn Zwanenburg", "straatNaam": "Dennenlaan", "straatNr": "45", "postcode": "1161 CL", "plaats": "Zwanenburg", "merk": "StichtingOPEN", "puntType": "balie", "materialen": ["batterijen", "elektro-klein", "lampen"], "uitbetaling": [], "vrijToegankelijk": false, "gemeenteBeperking": null, "openingstijden": null, "latitude": 52.378915, "longitude": 4.749814, "bronId": "SP00023318"}}, {"type": "Feature", "geometry": {"type": "Point", "coordinates": [4.67135, 52.309322]}, "properties": {"type": "inleverpunt", "locatieNaam": "Jumbo Hoofddorp", "straatNaam": "Skagerrak", "straatNr": "204", "postcode": "2133 DW", "plaats": "Hoofddorp", "merk": "StichtingOPEN", "puntType": "balie", "materialen": ["batterijen", "lampen"], "uitbetaling": [], "vrijToegankelijk": false, "gemeenteBeperking": null, "openingstijden": null, "latitude": 52.309322, "longitude": 4.67135, "bronId": "SP00025287"}}, {"type": "Feature", "geometry": {"type": "Point", "coordinates": [4.664406, 52.301638]}, "properties": {"type": "inleverpunt", "locatieNaam": "Dirk Hoofddorp", "straatNaam": "Markenburg", "straatNr": "97", "postcode": "2135 DS", "plaats": "Hoofddorp", "merk": "StichtingOPEN", "puntType": "balie", "materialen": ["batterijen", "lampen"], "uitbetaling": [], "vrijToegankelijk": false, "gemeenteBeperking": null, "openingstijden": null, "latitude": 52.301638, "longitude": 4.664406, "bronId": "SP00023468"}}, {"type": "Feature", "geometry": {"type": "Point", "coordinates": [4.663427, 52.301686]}, "properties": {"type": "inleverpunt", "locatieNaam": "Kruidvat Hoofddorp", "straatNaam": "Markenburg", "straatNr": "107", "postcode": "2135 DR", "plaats": "Hoofddorp", "merk": "StichtingOPEN", "puntType": "balie", "materialen": ["batterijen", "lampen"], "uitbetaling": [], "vrijToegankelijk": false, "gemeenteBeperking": null, "openingstijden": null, "latitude": 52.301686, "longitude": 4.663427, "bronId": "SP00024893"}}, {"type": "Feature", "geometry": {"type": "Point", "coordinates": [4.742056, 52.37712]}, "properties": {"type": "inleverpunt", "locatieNaam": "Kinderboerderij De Knuffelweide", "straatNaam": "Van Hallstraat", "straatNr": "4a", "postcode": "1161 CG", "plaats": "Zwanenburg", "merk": "StichtingOPEN", "puntType": "balie", "materialen": ["elektro-klein"], "uitbetaling": [], "vrijToegankelijk": false, "gemeenteBeperking": null, "openingstijden": null, "latitude": 52.37712, "longitude": 4.742056, "bronId": "SP00006371"}}, {"type": "Feature", "geometry": {"type": "Point", "coordinates": [4.630345, 52.258823]}, "properties": {"type": "inleverpunt", "locatieNaam": "Kinderboerderij Dierenvreugd", "straatNaam": "Zuiderdreef", "straatNr": "2", "postcode": "2153 CL", "plaats": "Nieuw-Vennep", "merk": "StichtingOPEN", "puntType": "balie", "materialen": ["elektro-klein"], "uitbetaling": [], "vrijToegankelijk": false, "gemeenteBeperking": null, "openingstijden": null, "latitude": 52.258823, "longitude": 4.630345, "bronId": "SP00006429"}}, {"type": "Feature", "geometry": {"type": "Point", "coordinates": [4.628141, 52.256652]}, "properties": {"type": "inleverpunt", "locatieNaam": "210- Isero Nieuw- Vennep", "straatNaam": "Markweg", "straatNr": "49", "postcode": "2153 PG", "plaats": "Nieuw-Vennep", "merk": "StichtingOPEN", "puntType": "balie", "materialen": ["elektro-klein", "lampen", "tl-buizen"], "uitbetaling": [], "vrijToegankelijk": false, "gemeenteBeperking": null, "openingstijden": null, "latitude": 52.256652, "longitude": 4.628141, "bronId": "SP00032496"}}, {"type": "Feature", "geometry": {"type": "Point", "coordinates": [4.633121, 52.264877]}, "properties": {"type": "inleverpunt", "locatieNaam": "Jumbo Nieuw-Vennep", "straatNaam": "De Symfonie", "straatNr": "65", "postcode": "2151 ME", "plaats": "Nieuw-Vennep", "merk": "StichtingOPEN", "puntType": "balie", "materialen": ["batterijen", "lampen"], "uitbetaling": [], "vrijToegankelijk": false, "gemeenteBeperking": null, "openingstijden": null, "latitude": 52.264877, "longitude": 4.633121, "bronId": "SP00025279"}}, {"type": "Feature", "geometry": {"type": "Point", "coordinates": [4.632834, 52.264801]}, "properties": {"type": "inleverpunt", "locatieNaam": "Action Nieuw-Vennep 1116", "straatNaam": "De Symfonie", "straatNr": "17", "postcode": "2151 MD", "plaats": "Nieuw-Vennep", "merk": "StichtingOPEN", "puntType": "balie", "materialen": ["batterijen", "lampen"], "uitbetaling": [], "vrijToegankelijk": false, "gemeenteBeperking": null, "openingstijden": null, "latitude": 52.264801, "longitude": 4.632834, "bronId": "SP00007708"}}, {"type": "Feature", "geometry": {"type": "Point", "coordinates": [4.632146, 52.264174]}, "properties": {"type": "inleverpunt", "locatieNaam": "Kruidvat Nieuw-Vennep", "straatNaam": "De Symfonie", "straatNr": "61", "postcode": "2151 ME", "plaats": "Nieuw-Vennep", "merk": "StichtingOPEN", "puntType": "balie", "materialen": ["batterijen", "lampen"], "uitbetaling": [], "vrijToegankelijk": false, "gemeenteBeperking": null, "openingstijden": null, "latitude": 52.264174, "longitude": 4.632146, "bronId": "SP00024717"}}, {"type": "Feature", "geometry": {"type": "Point", "coordinates": [4.632062, 52.264873]}, "properties": {"type": "inleverpunt", "locatieNaam": "Dirk Nieuw-Vennep", "straatNaam": "De Symfonie", "straatNr": "2729", "postcode": "2151 MD", "plaats": "Nieuw-Vennep", "merk": "StichtingOPEN", "puntType": "balie", "materialen": ["batterijen", "lampen"], "uitbetaling": [], "vrijToegankelijk": false, "gemeenteBeperking": null, "openingstijden": null, "latitude": 52.264873, "longitude": 4.632062, "bronId": "SP00023467"}}, {"type": "Feature", "geometry": {"type": "Point", "coordinates": [4.659691, 52.314956]}, "properties": {"type": "inleverpunt", "locatieNaam": "8586 Albert Heijn Hoofddorp", "straatNaam": "Muiderbos", "straatNr": "140", "postcode": "2134 SV", "plaats": "Hoofddorp", "merk": "StichtingOPEN", "puntType": "balie", "materialen": ["batterijen", "elektro-klein", "lampen"], "uitbetaling": [], "vrijToegankelijk": false, "gemeenteBeperking": null, "openingstijden": null, "latitude": 52.314956, "longitude": 4.659691, "bronId": "SP00023331"}}, {"type": "Feature", "geometry": {"type": "Point", "coordinates": [4.625081, 52.270513]}, "properties": {"type": "inleverpunt", "locatieNaam": "Praxis Nieuw Vennep - 2422", "straatNaam": "Bergsmastraat", "straatNr": "2", "postcode": "2152 CW", "plaats": "Nieuw-Vennep", "merk": "StichtingOPEN", "puntType": "balie", "materialen": ["batterijen", "elektro-klein", "lampen", "tl-buizen"], "uitbetaling": [], "vrijToegankelijk": false, "gemeenteBeperking": null, "openingstijden": null, "latitude": 52.270513, "longitude": 4.625081, "bronId": "SP00004618"}}, {"type": "Feature", "geometry": {"type": "Point", "coordinates": [4.619241, 52.26232]}, "properties": {"type": "inleverpunt", "locatieNaam": "280 Hoogvliet Nieuw-Vennep", "straatNaam": "Kalslagerring", "straatNr": "25", "postcode": "2151 TA", "plaats": "Nieuw-Vennep", "merk": "StichtingOPEN", "puntType": "balie", "materialen": ["batterijen", "lampen"], "uitbetaling": [], "vrijToegankelijk": false, "gemeenteBeperking": null, "openingstijden": null, "latitude": 52.26232, "longitude": 4.619241, "bronId": "SP00023923"}}, {"type": "Feature", "geometry": {"type": "Point", "coordinates": [4.619122, 52.262382]}, "properties": {"type": "inleverpunt", "locatieNaam": "Aldi Nieuw Vennep", "straatNaam": "Kalslagerring", "straatNr": "23", "postcode": "2151 TA", "plaats": "Nieuw Vennep", "merk": "StichtingOPEN", "puntType": "balie", "materialen": ["batterijen", "elektro-klein", "lampen"], "uitbetaling": [], "vrijToegankelijk": false, "gemeenteBeperking": null, "openingstijden": null, "latitude": 52.262382, "longitude": 4.619122, "bronId": "SP00027191"}}, {"type": "Feature", "geometry": {"type": "Point", "coordinates": [4.62002, 52.270612]}, "properties": {"type": "inleverpunt", "locatieNaam": "1253 Albert Heijn Nieuw-Vennep", "straatNaam": "Händelplein", "straatNr": "185", "postcode": "2151 NN", "plaats": "Nieuw-Vennep", "merk": "StichtingOPEN", "puntType": "balie", "materialen": ["batterijen"], "uitbetaling": [], "vrijToegankelijk": false, "gemeenteBeperking": null, "openingstijden": null, "latitude": 52.270612, "longitude": 4.62002, "bronId": "SP00022975"}}, {"type": "Feature", "geometry": {"type": "Point", "coordinates": [4.619673, 52.271194]}, "properties": {"type": "inleverpunt", "locatieNaam": "Kruidvat Nieuw-Vennep", "straatNaam": "Händelplein", "straatNr": "13", "postcode": "2151 NL", "plaats": "Nieuw-Vennep", "merk": "StichtingOPEN", "puntType": "balie", "materialen": ["batterijen", "lampen"], "uitbetaling": [], "vrijToegankelijk": false, "gemeenteBeperking": null, "openingstijden": null, "latitude": 52.271194, "longitude": 4.619673, "bronId": "SP00024723"}}, {"type": "Feature", "geometry": {"type": "Point", "coordinates": [4.639402, 52.306264]}, "properties": {"type": "inleverpunt", "locatieNaam": "Dirk Hoofddorp", "straatNaam": "Aalburgplein", "straatNr": "63", "postcode": "2134 DM", "plaats": "Hoofddorp", "merk": "StichtingOPEN", "puntType": "balie", "materialen": ["batterijen", "elektro-klein", "lampen"], "uitbetaling": [], "vrijToegankelijk": false, "gemeenteBeperking": null, "openingstijden": null, "latitude": 52.306264, "longitude": 4.639402, "bronId": "SP00023493"}}, {"type": "Feature", "geometry": {"type": "Point", "coordinates": [4.722985, 52.385879]}, "properties": {"type": "inleverpunt", "locatieNaam": "608 - Gunter en Meuser Halfweg", "straatNaam": "Haarlemmerstraatweg", "straatNr": "73D", "postcode": "1165 MK", "plaats": "Haarlem", "merk": "StichtingOPEN", "puntType": "balie", "materialen": ["elektro-klein", "lampen", "tl-buizen"], "uitbetaling": [], "vrijToegankelijk": false, "gemeenteBeperking": null, "openingstijden": null, "latitude": 52.385879, "longitude": 4.722985, "bronId": "SP00032831"}}, {"type": "Feature", "geometry": {"type": "Point", "coordinates": [4.63812, 52.30597]}, "properties": {"type": "inleverpunt", "locatieNaam": "Action Hoofddorp", "straatNaam": "Meeuwenstraat", "straatNr": "43", "postcode": "2134 DV", "plaats": "Hoofddorp", "merk": "StichtingOPEN", "puntType": "balie", "materialen": ["batterijen", "lampen"], "uitbetaling": [], "vrijToegankelijk": false, "gemeenteBeperking": null, "openingstijden": null, "latitude": 52.30597, "longitude": 4.63812, "bronId": "SP00029857"}}, {"type": "Feature", "geometry": {"type": "Point", "coordinates": [4.638628, 52.306975]}, "properties": {"type": "inleverpunt", "locatieNaam": "1823 Albert Heijn Hoofddorp", "straatNaam": "Genderenplein", "straatNr": "13", "postcode": "2134 DP", "plaats": "Hoofddorp", "merk": "StichtingOPEN", "puntType": "balie", "materialen": ["batterijen", "elektro-klein", "lampen"], "uitbetaling": [], "vrijToegankelijk": false, "gemeenteBeperking": null, "openingstijden": null, "latitude": 52.306975, "longitude": 4.638628, "bronId": "SP00023001"}}, {"type": "Feature", "geometry": {"type": "Point", "coordinates": [4.676475, 52.350333]}, "properties": {"type": "inleverpunt", "locatieNaam": "450 Hoogvliet Vijfhuizen", "straatNaam": "Vijfhuizerweg", "straatNr": "510", "postcode": "2141 CV", "plaats": "Vijfhuizen", "merk": "StichtingOPEN", "puntType": "balie", "materialen": ["batterijen", "lampen"], "uitbetaling": [], "vrijToegankelijk": false, "gemeenteBeperking": null, "openingstijden": null, "latitude": 52.350333, "longitude": 4.676475, "bronId": "SP00023938"}}, {"type": "Feature", "geometry": {"type": "Point", "coordinates": [4.647564, 52.33179]}, "properties": {"type": "inleverpunt", "locatieNaam": "Werkvoorzieningsschap Zuid Kennemerland (Spaarne Werkt)", "straatNaam": "Spieringweg", "straatNr": "835", "postcode": "2142 ED", "plaats": "Cruquius", "merk": "StichtingOPEN", "puntType": "balie", "materialen": ["batterijen", "elektro-groot", "elektro-klein", "elektro-middel"], "uitbetaling": [], "vrijToegankelijk": false, "gemeenteBeperking": null, "openingstijden": null, "latitude": 52.33179, "longitude": 4.647564, "bronId": "SP00040886"}}, {"type": "Feature", "geometry": {"type": "Point", "coordinates": [4.631039, 52.330147]}, "properties": {"type": "inleverpunt", "locatieNaam": "Intratuin Cruquius", "straatNaam": "Spaarneweg", "straatNr": "251", "postcode": "2142 EP", "plaats": "Cruquius", "merk": "StichtingOPEN", "puntType": "balie", "materialen": ["batterijen", "elektro-klein", "elektro-middel", "lampen"], "uitbetaling": [], "vrijToegankelijk": false, "gemeenteBeperking": null, "openingstijden": null, "latitude": 52.330147, "longitude": 4.631039, "bronId": "SP00005297"}}, {"type": "Feature", "geometry": {"type": "Point", "coordinates": [4.630258, 52.332261]}, "properties": {"type": "inleverpunt", "locatieNaam": "Praxis Cruquius - 2054", "straatNaam": "Spaarneweg", "straatNr": "46", "postcode": "2142 EN", "plaats": "Cruquius", "merk": "StichtingOPEN", "puntType": "balie", "materialen": ["elektro-middel", "lampen", "tl-buizen"], "uitbetaling": [], "vrijToegankelijk": false, "gemeenteBeperking": null, "openingstijden": null, "latitude": 52.332261, "longitude": 4.630258, "bronId": "SP00004610"}}, {"type": "Feature", "geometry": {"type": "Point", "coordinates": [4.629478, 52.331425]}, "properties": {"type": "inleverpunt", "locatieNaam": "Media Markt Cruquius", "straatNaam": "Cruquiusplein", "straatNr": "10", "postcode": "2142 EV", "plaats": "Cruquius", "merk": "StichtingOPEN", "puntType": "balie", "materialen": ["batterijen", "elektro-groot", "elektro-klein", "elektro-middel", "lampen", "tl-buizen"], "uitbetaling": [], "vrijToegankelijk": false, "gemeenteBeperking": null, "openingstijden": null, "latitude": 52.331425, "longitude": 4.629478, "bronId": "SP00003288"}}, {"type": "Feature", "geometry": {"type": "Point", "coordinates": [4.629515, 52.332511]}, "properties": {"type": "inleverpunt", "locatieNaam": "GAMMA Cruquius", "straatNaam": "Spaarneweg", "straatNr": "44", "postcode": "2142 EN", "plaats": "Cruquius", "merk": "StichtingOPEN", "puntType": "balie", "materialen": ["batterijen", "elektro-middel", "lampen", "tl-buizen"], "uitbetaling": [], "vrijToegankelijk": false, "gemeenteBeperking": null, "openingstijden": null, "latitude": 52.332511, "longitude": 4.629515, "bronId": "SP00003007"}}, {"type": "Feature", "geometry": {"type": "Point", "coordinates": [4.685509, 52.411353]}, "properties": {"type": "inleverpunt", "locatieNaam": "8794 Albert Heijn Spaarndam", "straatNaam": "Lageweg", "straatNr": "1B", "postcode": "2064 KZ", "plaats": "Spaarndam", "merk": "StichtingOPEN", "puntType": "balie", "materialen": ["batterijen", "elektro-klein", "lampen"], "uitbetaling": [], "vrijToegankelijk": false, "gemeenteBeperking": null, "openingstijden": null, "latitude": 52.411353, "longitude": 4.685509, "bronId": "SP00023361"}}, {"type": "Feature", "geometry": {"type": "Point", "coordinates": [4.727323, 52.271963]}, "properties": {"type": "inleverpunt", "locatieNaam": "Milieustraat Rijsenhout", "straatNaam": "Aarbergerweg", "straatNr": "41", "postcode": "1435 CA", "plaats": "Rijsenhout", "merk": "StichtingOPEN", "puntType": "milieustraat", "materialen": ["batterijen", "elektro-groot", "elektro-klein", "elektro-middel", "lampen", "tl-buizen"], "uitbetaling": [], "vrijToegankelijk": false, "gemeenteBeperking": ["Haarlemmermeer", "Aalsmeer"], "openingstijden": null, "latitude": 52.271963, "longitude": 4.727323, "bronId": "SP00004320"}}, {"type": "Feature", "geometry": {"type": "Point", "coordinates": [4.7996019, 52.3220169]}, "properties": {"type": "inleverpunt", "locatieNaam": "Kooning", "straatNaam": "Cateringweg", "straatNr": "7", "postcode": "1118 AM", "plaats": "Schiphol", "merk": "Stibat", "puntType": "inzamelbak", "materialen": ["batterijen"], "uitbetaling": [], "vrijToegankelijk": false, "gemeenteBeperking": null, "openingstijden": null, "latitude": 52.3220169, "longitude": 4.7996019, "bronId": "L045236"}}, {"type": "Feature", "geometry": {"type": "Point", "coordinates": [4.7482754, 52.2796862]}, "properties": {"type": "inleverpunt", "locatieNaam": "TUI Nederland (Arkefly)", "straatNaam": "Beechavenue", "straatNr": "43", "postcode": "1119 RA", "plaats": "Schiphol-Rijk", "merk": "Stibat", "puntType": "inzamelbak", "materialen": ["batterijen"], "uitbetaling": [], "vrijToegankelijk": false, "gemeenteBeperking": null, "openingstijden": null, "latitude": 52.2796862, "longitude": 4.7482754, "bronId": "L021366"}}, {"type": "Feature", "geometry": {"type": "Point", "coordinates": [4.7921751, 52.3256571]}, "properties": {"type": "inleverpunt", "locatieNaam": "Isis Budget Hotel Amsterdam Airport", "straatNaam": "Schipholweg", "straatNr": "185", "postcode": "1171 PK", "plaats": "Badhoevedorp", "merk": "Stibat", "puntType": "inzamelbak", "materialen": ["batterijen"], "uitbetaling": [], "vrijToegankelijk": false, "gemeenteBeperking": null, "openingstijden": null, "latitude": 52.3256571, "longitude": 4.7921751, "bronId": "L031799"}}, {"type": "Feature", "geometry": {"type": "Point", "coordinates": [4.7644083, 52.3099754]}, "properties": {"type": "inleverpunt", "locatieNaam": "HEMA Schiphol-Winkel", "straatNaam": "Aankomstpassage", "straatNr": "4", "postcode": "1118 AX", "plaats": "Luchthaven-Schiphol", "merk": "Stibat", "puntType": "inzamelbak", "materialen": ["batterijen"], "uitbetaling": [], "vrijToegankelijk": false, "gemeenteBeperking": null, "openingstijden": null, "latitude": 52.3099754, "longitude": 4.7644083, "bronId": "L046842"}}, {"type": "Feature", "geometry": {"type": "Point", "coordinates": [4.7641773, 52.3098735]}, "properties": {"type": "inleverpunt", "locatieNaam": "Bruna", "straatNaam": "Aankomstpassage", "straatNr": "1-1", "postcode": "1118 AX", "plaats": "Schiphol", "merk": "Stibat", "puntType": "inzamelbak", "materialen": ["batterijen"], "uitbetaling": [], "vrijToegankelijk": false, "gemeenteBeperking": null, "openingstijden": null, "latitude": 52.3098735, "longitude": 4.7641773, "bronId": "L047591"}}, {"type": "Feature", "geometry": {"type": "Point", "coordinates": [4.7642476, 52.3099726]}, "properties": {"type": "inleverpunt", "locatieNaam": "HEMA Schiphol-Horeca", "straatNaam": "Transportstraat", "straatNr": "1", "postcode": "1118 AX", "plaats": "Luchthaven-Schiphol", "merk": "Stibat", "puntType": "inzamelbak", "materialen": ["batterijen"], "uitbetaling": [], "vrijToegankelijk": false, "gemeenteBeperking": null, "openingstijden": null, "latitude": 52.3099726, "longitude": 4.7642476, "bronId": "L046843"}}, {"type": "Feature", "geometry": {"type": "Point", "coordinates": [4.76336, 52.30971]}, "properties": {"type": "inleverpunt", "locatieNaam": "8420 Etos", "straatNaam": "Vertrekpassage", "straatNr": "109", "postcode": "1118 AS", "plaats": "Schiphol", "merk": "Stibat", "puntType": "inzamelbak", "materialen": ["batterijen"], "uitbetaling": [], "vrijToegankelijk": false, "gemeenteBeperking": null, "openingstijden": null, "latitude": 52.30971, "longitude": 4.76336, "bronId": "L025834"}}, {"type": "Feature", "geometry": {"type": "Point", "coordinates": [4.7258894, 52.2709284]}, "properties": {"type": "inleverpunt", "locatieNaam": "Milieustraat De Meerlanden", "straatNaam": "Aarbergerweg", "straatNr": "41", "postcode": "1435 CA", "plaats": "Rijsenhout", "merk": "Stibat", "puntType": "inzamelbak", "materialen": ["batterijen"], "uitbetaling": [], "vrijToegankelijk": false, "gemeenteBeperking": null, "openingstijden": null, "latitude": 52.2709284, "longitude": 4.7258894, "bronId": "L035583"}}, {"type": "Feature", "geometry": {"type": "Point", "coordinates": [4.7150968, 52.258562]}, "properties": {"type": "inleverpunt", "locatieNaam": "PLUS", "straatNaam": "Werf", "straatNr": "15", "postcode": "1435 KP", "plaats": "Rijsenhout", "merk": "Stibat", "puntType": "inzamelbak", "materialen": ["batterijen"], "uitbetaling": [], "vrijToegankelijk": false, "gemeenteBeperking": null, "openingstijden": null, "latitude": 52.258562, "longitude": 4.7150968, "bronId": "L046634"}}, {"type": "Feature", "geometry": {"type": "Point", "coordinates": [4.7782155, 52.3363541]}, "properties": {"type": "inleverpunt", "locatieNaam": "Vomar", "straatNaam": "Sloterweg", "straatNr": "186", "postcode": "1171 CW", "plaats": "Badhoevedorp", "merk": "Stibat", "puntType": "inzamelbak", "materialen": ["batterijen"], "uitbetaling": [], "vrijToegankelijk": false, "gemeenteBeperking": null, "openingstijden": null, "latitude": 52.3363541, "longitude": 4.7782155, "bronId": "L007235"}}, {"type": "Feature", "geometry": {"type": "Point", "coordinates": [4.7857663, 52.3433867]}, "properties": {"type": "inleverpunt", "locatieNaam": "Fiets Totaal Albert vd Kolk", "straatNaam": "Akerdijk", "straatNr": "287", "postcode": "1171 RC", "plaats": "Badhoevedorp", "merk": "Stibat", "puntType": "inzamelbak", "materialen": ["batterijen"], "uitbetaling": [], "vrijToegankelijk": false, "gemeenteBeperking": null, "openingstijden": null, "latitude": 52.3433867, "longitude": 4.7857663, "bronId": "L032724"}}, {"type": "Feature", "geometry": {"type": "Point", "coordinates": [4.7797014, 52.3387372]}, "properties": {"type": "inleverpunt", "locatieNaam": "6115 Etos", "straatNaam": "Sloterweg", "straatNr": "121", "postcode": "1171 CL", "plaats": "Badhoevedorp", "merk": "Stibat", "puntType": "inzamelbak", "materialen": ["batterijen"], "uitbetaling": [], "vrijToegankelijk": false, "gemeenteBeperking": null, "openingstijden": null, "latitude": 52.3387372, "longitude": 4.7797014, "bronId": "L023504"}}, {"type": "Feature", "geometry": {"type": "Point", "coordinates": [4.7805608, 52.3394614]}, "properties": {"type": "inleverpunt", "locatieNaam": "Zeeman", "straatNaam": "Sloterweg", "straatNr": "97", "postcode": "1171 CH", "plaats": "Badhoevedorp", "merk": "Stibat", "puntType": "inzamelbak", "materialen": ["batterijen"], "uitbetaling": [], "vrijToegankelijk": false, "gemeenteBeperking": null, "openingstijden": null, "latitude": 52.3394614, "longitude": 4.7805608, "bronId": "L019443"}}, {"type": "Feature", "geometry": {"type": "Point", "coordinates": [4.7802898, 52.3394347]}, "properties": {"type": "inleverpunt", "locatieNaam": "Foto &amp; CD Shop Halsema", "straatNaam": "Sloterweg", "straatNr": "89", "postcode": "1171 CH", "plaats": "Badhoevedorp", "merk": "Stibat", "puntType": "inzamelbak", "materialen": ["batterijen"], "uitbetaling": [], "vrijToegankelijk": false, "gemeenteBeperking": null, "openingstijden": null, "latitude": 52.3394347, "longitude": 4.7802898, "bronId": "L042660"}}, {"type": "Feature", "geometry": {"type": "Point", "coordinates": [4.779039, 52.338819]}, "properties": {"type": "inleverpunt", "locatieNaam": "Lidl", "straatNaam": "Lorentzplein", "straatNr": "31", "postcode": "1171 BB", "plaats": "Badhoevedorp", "merk": "Stibat", "puntType": "inzamelbak", "materialen": ["batterijen"], "uitbetaling": [], "vrijToegankelijk": false, "gemeenteBeperking": null, "openingstijden": null, "latitude": 52.338819, "longitude": 4.779039, "bronId": "L018084"}}, {"type": "Feature", "geometry": {"type": "Point", "coordinates": [4.7777751, 52.338509]}, "properties": {"type": "inleverpunt", "locatieNaam": "1170 Albert Heijn", "straatNaam": "Zeemanlaan", "straatNr": "2", "postcode": "1171 BD", "plaats": "Badhoevedorp", "merk": "Stibat", "puntType": "inzamelbak", "materialen": ["batterijen"], "uitbetaling": [], "vrijToegankelijk": false, "gemeenteBeperking": null, "openingstijden": null, "latitude": 52.338509, "longitude": 4.7777751, "bronId": "L003610"}}, {"type": "Feature", "geometry": {"type": "Point", "coordinates": [4.778439, 52.3391946]}, "properties": {"type": "inleverpunt", "locatieNaam": "Kruidvat", "straatNaam": "Lorentzplein", "straatNr": "43", "postcode": "1171 BB", "plaats": "Badhoevedorp", "merk": "Stibat", "puntType": "inzamelbak", "materialen": ["batterijen"], "uitbetaling": [], "vrijToegankelijk": false, "gemeenteBeperking": null, "openingstijden": null, "latitude": 52.3391946, "longitude": 4.778439, "bronId": "L014256"}}, {"type": "Feature", "geometry": {"type": "Point", "coordinates": [4.7255778, 52.2896549]}, "properties": {"type": "inleverpunt", "locatieNaam": "NH Hoteles Schiphol Airport", "straatNaam": "Kruisweg", "straatNr": "495", "postcode": "2132 NA", "plaats": "Hoofddorp", "merk": "Stibat", "puntType": "inzamelbak", "materialen": ["batterijen"], "uitbetaling": [], "vrijToegankelijk": false, "gemeenteBeperking": null, "openingstijden": null, "latitude": 52.2896549, "longitude": 4.7255778, "bronId": "L021581"}}, {"type": "Feature", "geometry": {"type": "Point", "coordinates": [4.7183762, 52.2923234]}, "properties": {"type": "inleverpunt", "locatieNaam": "Smith &amp; Nephew Nederland CV", "straatNaam": "Kruisweg", "straatNr": "637", "postcode": "2132 NB", "plaats": "Hoofddorp", "merk": "Stibat", "puntType": "inzamelbak", "materialen": ["batterijen"], "uitbetaling": [], "vrijToegankelijk": false, "gemeenteBeperking": null, "openingstijden": null, "latitude": 52.2923234, "longitude": 4.7183762, "bronId": "L031543"}}, {"type": "Feature", "geometry": {"type": "Point", "coordinates": [4.6886079, 52.2587418]}, "properties": {"type": "inleverpunt", "locatieNaam": "Hotel Schiphol A4 / van der Valk", "straatNaam": "Rijksweg A4", "straatNr": "3", "postcode": "2132 MA", "plaats": "Hoofddorp", "merk": "Stibat", "puntType": "inzamelbak", "materialen": ["batterijen"], "uitbetaling": [], "vrijToegankelijk": false, "gemeenteBeperking": null, "openingstijden": null, "latitude": 52.2587418, "longitude": 4.6886079, "bronId": "L028436"}}, {"type": "Feature", "geometry": {"type": "Point", "coordinates": [4.708325, 52.2960191]}, "properties": {"type": "inleverpunt", "locatieNaam": "Crowne Plaza Schiphol", "straatNaam": "Planeetbaan", "straatNr": "2", "postcode": "2132 HZ", "plaats": "Hoofddorp", "merk": "Stibat", "puntType": "inzamelbak", "materialen": ["batterijen"], "uitbetaling": [], "vrijToegankelijk": false, "gemeenteBeperking": null, "openingstijden": null, "latitude": 52.2960191, "longitude": 4.708325, "bronId": "L028396"}}, {"type": "Feature", "geometry": {"type": "Point", "coordinates": [4.7021043, 52.2916811]}, "properties": {"type": "inleverpunt", "locatieNaam": "Novotel Amsterdam Schiphol Airport", "straatNaam": "Taurusavenue", "straatNr": "12", "postcode": "2132 LS", "plaats": "Hoofddorp", "merk": "Stibat", "puntType": "inzamelbak", "materialen": ["batterijen"], "uitbetaling": [], "vrijToegankelijk": false, "gemeenteBeperking": null, "openingstijden": null, "latitude": 52.2916811, "longitude": 4.7021043, "bronId": "L038173"}}, {"type": "Feature", "geometry": {"type": "Point", "coordinates": [4.7610662, 52.3493113]}, "properties": {"type": "inleverpunt", "locatieNaam": "World of Delights", "straatNaam": "New Yorkstraat", "straatNr": "3-7", "postcode": "1175 RD", "plaats": "Lijnden", "merk": "Stibat", "puntType": "inzamelbak", "materialen": ["batterijen"], "uitbetaling": [], "vrijToegankelijk": false, "gemeenteBeperking": null, "openingstijden": null, "latitude": 52.3493113, "longitude": 4.7610662, "bronId": "L011343"}}, {"type": "Feature", "geometry": {"type": "Point", "coordinates": [4.687856, 52.2896822]}, "properties": {"type": "inleverpunt", "locatieNaam": "Kruyt", "straatNaam": "Parellaan", "straatNr": "20", "postcode": "2132 WS", "plaats": "Hoofddorp", "merk": "Stibat", "puntType": "inzamelbak", "materialen": ["batterijen"], "uitbetaling": [], "vrijToegankelijk": false, "gemeenteBeperking": null, "openingstijden": null, "latitude": 52.2896822, "longitude": 4.687856, "bronId": "L045245"}}, {"type": "Feature", "geometry": {"type": "Point", "coordinates": [4.688438, 52.2903969]}, "properties": {"type": "inleverpunt", "locatieNaam": "Picnic", "straatNaam": "Parellaan", "straatNr": "12", "postcode": "2132 WS", "plaats": "Hoofddorp", "merk": "Stibat", "puntType": "inzamelbak", "materialen": ["batterijen"], "uitbetaling": [], "vrijToegankelijk": false, "gemeenteBeperking": null, "openingstijden": null, "latitude": 52.2903969, "longitude": 4.688438, "bronId": "L043717"}}, {"type": "Feature", "geometry": {"type": "Point", "coordinates": [4.6984034, 52.3028049]}, "properties": {"type": "inleverpunt", "locatieNaam": "CVB Fietsen", "straatNaam": "Kruisweg", "straatNr": "951", "postcode": "2132 CD", "plaats": "Hoofddorp", "merk": "Stibat", "puntType": "inzamelbak", "materialen": ["batterijen"], "uitbetaling": [], "vrijToegankelijk": false, "gemeenteBeperking": null, "openingstijden": null, "latitude": 52.3028049, "longitude": 4.6984034, "bronId": "L032904"}}, {"type": "Feature", "geometry": {"type": "Point", "coordinates": [4.6964483, 52.302876]}, "properties": {"type": "inleverpunt", "locatieNaam": "Thuiskantoor", "straatNaam": "Nieuweweg", "straatNr": "61", "postcode": "2132 CM", "plaats": "Hoofddorp", "merk": "Stibat", "puntType": "inzamelbak", "materialen": ["batterijen"], "uitbetaling": [], "vrijToegankelijk": false, "gemeenteBeperking": null, "openingstijden": null, "latitude": 52.302876, "longitude": 4.6964483, "bronId": "L028337"}}, {"type": "Feature", "geometry": {"type": "Point", "coordinates": [4.6967713, 52.303683]}, "properties": {"type": "inleverpunt", "locatieNaam": "Beter Horen", "straatNaam": "Kruisweg", "straatNr": "983", "postcode": "2132 CE", "plaats": "Hoofddorp", "merk": "Stibat", "puntType": "inzamelbak", "materialen": ["batterijen"], "uitbetaling": [], "vrijToegankelijk": false, "gemeenteBeperking": null, "openingstijden": null, "latitude": 52.303683, "longitude": 4.6967713, "bronId": "L018692"}}, {"type": "Feature", "geometry": {"type": "Point", "coordinates": [4.6903036, 52.2966816]}, "properties": {"type": "inleverpunt", "locatieNaam": "Aldi", "straatNaam": "Graan voor Visch", "straatNr": "14005", "postcode": "2132 VW", "plaats": "Hoofddorp", "merk": "Stibat", "puntType": "inzamelbak", "materialen": ["batterijen"], "uitbetaling": [], "vrijToegankelijk": false, "gemeenteBeperking": null, "openingstijden": null, "latitude": 52.2966816, "longitude": 4.6903036, "bronId": "L041169"}}, {"type": "Feature", "geometry": {"type": "Point", "coordinates": [4.6964266, 52.303862]}, "properties": {"type": "inleverpunt", "locatieNaam": "Foto-Groep Hoofddorp", "straatNaam": "Kruisweg", "straatNr": "985b", "postcode": "2132 CE", "plaats": "Hoofddorp", "merk": "Stibat", "puntType": "inzamelbak", "materialen": ["batterijen"], "uitbetaling": [], "vrijToegankelijk": false, "gemeenteBeperking": null, "openingstijden": null, "latitude": 52.303862, "longitude": 4.6964266, "bronId": "L048120"}}, {"type": "Feature", "geometry": {"type": "Point", "coordinates": [4.6948885, 52.3022091]}, "properties": {"type": "inleverpunt", "locatieNaam": "Wibra", "straatNaam": "Polderplein", "straatNr": "235", "postcode": "2132 BG", "plaats": "Hoofddorp", "merk": "Stibat", "puntType": "inzamelbak", "materialen": ["batterijen"], "uitbetaling": [], "vrijToegankelijk": false, "gemeenteBeperking": null, "openingstijden": null, "latitude": 52.3022091, "longitude": 4.6948885, "bronId": "L024121"}}, {"type": "Feature", "geometry": {"type": "Point", "coordinates": [4.6960265, 52.3035139]}, "properties": {"type": "inleverpunt", "locatieNaam": "Audika B.V.", "straatNaam": "Kruisweg", "straatNr": "650", "postcode": "2132 CJ", "plaats": "Hoofddorp", "merk": "Stibat", "puntType": "inzamelbak", "materialen": ["batterijen"], "uitbetaling": [], "vrijToegankelijk": false, "gemeenteBeperking": null, "openingstijden": null, "latitude": 52.3035139, "longitude": 4.6960265, "bronId": "L049625"}}, {"type": "Feature", "geometry": {"type": "Point", "coordinates": [4.696058, 52.303575]}, "properties": {"type": "inleverpunt", "locatieNaam": "Hoorbegrip Haarlemmermeer", "straatNaam": "Kruisweg", "straatNr": "650", "postcode": "2132 CJ", "plaats": "Hoofddorp", "merk": "Stibat", "puntType": "inzamelbak", "materialen": ["batterijen"], "uitbetaling": [], "vrijToegankelijk": false, "gemeenteBeperking": null, "openingstijden": null, "latitude": 52.303575, "longitude": 4.696058, "bronId": "L027562"}}, {"type": "Feature", "geometry": {"type": "Point", "coordinates": [4.6952218, 52.302924]}, "properties": {"type": "inleverpunt", "locatieNaam": "1169 Action", "straatNaam": "Polderplein", "straatNr": "214", "postcode": "2132 BG", "plaats": "Hoofddorp", "merk": "Stibat", "puntType": "inzamelbak", "materialen": ["batterijen"], "uitbetaling": [], "vrijToegankelijk": false, "gemeenteBeperking": null, "openingstijden": null, "latitude": 52.302924, "longitude": 4.6952218, "bronId": "L018258"}}, {"type": "Feature", "geometry": {"type": "Point", "coordinates": [4.694038, 52.3016165]}, "properties": {"type": "inleverpunt", "locatieNaam": "1534 Albert Heijn XL", "straatNaam": "Burgemeester van Stamplein", "straatNr": "270", "postcode": "2132 BH", "plaats": "Hoofddorp", "merk": "Stibat", "puntType": "inzamelbak", "materialen": ["batterijen"], "uitbetaling": [], "vrijToegankelijk": false, "gemeenteBeperking": null, "openingstijden": null, "latitude": 52.3016165, "longitude": 4.694038, "bronId": "L005519"}}, {"type": "Feature", "geometry": {"type": "Point", "coordinates": [4.694651, 52.3023869]}, "properties": {"type": "inleverpunt", "locatieNaam": "HEMA Polderplein", "straatNaam": "Polderplein", "straatNr": "209", "postcode": "2132 BG", "plaats": "Hoofddorp", "merk": "Stibat", "puntType": "inzamelbak", "materialen": ["batterijen"], "uitbetaling": [], "vrijToegankelijk": false, "gemeenteBeperking": null, "openingstijden": null, "latitude": 52.3023869, "longitude": 4.694651, "bronId": "L006323"}}, {"type": "Feature", "geometry": {"type": "Point", "coordinates": [4.6954478, 52.3033629]}, "properties": {"type": "inleverpunt", "locatieNaam": "Normal", "straatNaam": "Polderplein", "straatNr": "16", "postcode": "2132 BG", "plaats": "Hoofddorp", "merk": "Stibat", "puntType": "inzamelbak", "materialen": ["batterijen"], "uitbetaling": [], "vrijToegankelijk": false, "gemeenteBeperking": null, "openingstijden": null, "latitude": 52.3033629, "longitude": 4.6954478, "bronId": "L045550"}}, {"type": "Feature", "geometry": {"type": "Point", "coordinates": [4.6947433, 52.3027855]}, "properties": {"type": "inleverpunt", "locatieNaam": "ANWB", "straatNaam": "Polderplein", "straatNr": "247-248", "postcode": "2132 BG", "plaats": "Hoofddorp", "merk": "Stibat", "puntType": "inzamelbak", "materialen": ["batterijen"], "uitbetaling": [], "vrijToegankelijk": false, "gemeenteBeperking": null, "openingstijden": null, "latitude": 52.3027855, "longitude": 4.6947433, "bronId": "L044605"}}, {"type": "Feature", "geometry": {"type": "Point", "coordinates": [4.694189, 52.302254]}, "properties": {"type": "inleverpunt", "locatieNaam": "Kruidvat", "straatNaam": "Polderplein", "straatNr": "225-227", "postcode": "2132 BG", "plaats": "Hoofddorp", "merk": "Stibat", "puntType": "inzamelbak", "materialen": ["batterijen"], "uitbetaling": [], "vrijToegankelijk": false, "gemeenteBeperking": null, "openingstijden": null, "latitude": 52.302254, "longitude": 4.694189, "bronId": "L021901"}}, {"type": "Feature", "geometry": {"type": "Point", "coordinates": [4.6935841, 52.3015903]}, "properties": {"type": "inleverpunt", "locatieNaam": "Toychamp", "straatNaam": "Burgemeester van Stamplein", "straatNr": "278", "postcode": "2132 BH", "plaats": "Hoofddorp", "merk": "Stibat", "puntType": "inzamelbak", "materialen": ["batterijen"], "uitbetaling": [], "vrijToegankelijk": false, "gemeenteBeperking": null, "openingstijden": null, "latitude": 52.3015903, "longitude": 4.6935841, "bronId": "L042190"}}, {"type": "Feature", "geometry": {"type": "Point", "coordinates": [4.6933575, 52.3037161]}, "properties": {"type": "inleverpunt", "locatieNaam": "MediaMarkt", "straatNaam": "Burgemeester van Stamplein", "straatNr": "282", "postcode": "2132 DM", "plaats": "Hoofddorp", "merk": "Stibat", "puntType": "inzamelbak", "materialen": ["batterijen"], "uitbetaling": [], "vrijToegankelijk": false, "gemeenteBeperking": null, "openingstijden": null, "latitude": 52.3037161, "longitude": 4.6933575, "bronId": "L036204"}}, {"type": "Feature", "geometry": {"type": "Point", "coordinates": [4.6936493, 52.3015258]}, "properties": {"type": "inleverpunt", "locatieNaam": "MediaMarkt", "straatNaam": "Burgemeester van Stamplein", "straatNr": "282-286", "postcode": "2132 BH", "plaats": "Hoofddorp", "merk": "Stibat", "puntType": "inzamelbak", "materialen": ["batterijen"], "uitbetaling": [], "vrijToegankelijk": false, "gemeenteBeperking": null, "openingstijden": null, "latitude": 52.3015258, "longitude": 4.6936493, "bronId": "L036397"}}, {"type": "Feature", "geometry": {"type": "Point", "coordinates": [4.6944008, 52.3025863]}, "properties": {"type": "inleverpunt", "locatieNaam": "KPN winkel", "straatNaam": "Polderplein", "straatNr": "236", "postcode": "2132 BG", "plaats": "Hoofddorp", "merk": "Stibat", "puntType": "inzamelbak", "materialen": ["batterijen"], "uitbetaling": [], "vrijToegankelijk": false, "gemeenteBeperking": null, "openingstijden": null, "latitude": 52.3025863, "longitude": 4.6944008, "bronId": "L006420"}}, {"type": "Feature", "geometry": {"type": "Point", "coordinates": [4.6935246, 52.3016439]}, "properties": {"type": "inleverpunt", "locatieNaam": "Xenos", "straatNaam": "Burgemeester van Stamplein", "straatNr": "276", "postcode": "2132 BH", "plaats": "Hoofddorp", "merk": "Stibat", "puntType": "inzamelbak", "materialen": ["batterijen"], "uitbetaling": [], "vrijToegankelijk": false, "gemeenteBeperking": null, "openingstijden": null, "latitude": 52.3016439, "longitude": 4.6935246, "bronId": "L041677"}}, {"type": "Feature", "geometry": {"type": "Point", "coordinates": [4.6949339, 52.3034048]}, "properties": {"type": "inleverpunt", "locatieNaam": "BelCompany", "straatNaam": "Polderplein", "straatNr": "5", "postcode": "2132 BA", "plaats": "Hoofddorp", "merk": "Stibat", "puntType": "inzamelbak", "materialen": ["batterijen"], "uitbetaling": [], "vrijToegankelijk": false, "gemeenteBeperking": null, "openingstijden": null, "latitude": 52.3034048, "longitude": 4.6949339, "bronId": "L014971"}}, {"type": "Feature", "geometry": {"type": "Point", "coordinates": [4.6947295, 52.3033587]}, "properties": {"type": "inleverpunt", "locatieNaam": "Primera", "straatNaam": "Polderplein", "straatNr": "1-2", "postcode": "2132 BA", "plaats": "Hoofddorp", "merk": "Stibat", "puntType": "inzamelbak", "materialen": ["batterijen"], "uitbetaling": [], "vrijToegankelijk": false, "gemeenteBeperking": null, "openingstijden": null, "latitude": 52.3033587, "longitude": 4.6947295, "bronId": "L024606"}}, {"type": "Feature", "geometry": {"type": "Point", "coordinates": [4.6936275, 52.3021408]}, "properties": {"type": "inleverpunt", "locatieNaam": "7942 Etos", "straatNaam": "Marktlaan", "straatNr": "148", "postcode": "2132 DM", "plaats": "Hoofddorp", "merk": "Stibat", "puntType": "inzamelbak", "materialen": ["batterijen"], "uitbetaling": [], "vrijToegankelijk": false, "gemeenteBeperking": null, "openingstijden": null, "latitude": 52.3021408, "longitude": 4.6936275, "bronId": "L023680"}}, {"type": "Feature", "geometry": {"type": "Point", "coordinates": [4.6942, 52.302807]}, "properties": {"type": "inleverpunt", "locatieNaam": "Hans Anders", "straatNaam": "Polderplein", "straatNr": "234", "postcode": "2132 BG", "plaats": "Hoofddorp", "merk": "Stibat", "puntType": "inzamelbak", "materialen": ["batterijen"], "uitbetaling": [], "vrijToegankelijk": false, "gemeenteBeperking": null, "openingstijden": null, "latitude": 52.302807, "longitude": 4.6942, "bronId": "L037839"}}, {"type": "Feature", "geometry": {"type": "Point", "coordinates": [4.6955168, 52.3042904]}, "properties": {"type": "inleverpunt", "locatieNaam": "'t Fietshokje Hoofddorp", "straatNaam": "Kruisweg", "straatNr": "1003", "postcode": "2132 CE", "plaats": "Hoofddorp", "merk": "Stibat", "puntType": "inzamelbak", "materialen": ["batterijen"], "uitbetaling": [], "vrijToegankelijk": false, "gemeenteBeperking": null, "openingstijden": null, "latitude": 52.3042904, "longitude": 4.6955168, "bronId": "L047976"}}, {"type": "Feature", "geometry": {"type": "Point", "coordinates": [4.6956626, 52.3044805]}, "properties": {"type": "inleverpunt", "locatieNaam": "Perry", "straatNaam": "Kruisweg", "straatNr": "1005", "postcode": "2132 CE", "plaats": "Hoofddorp", "merk": "Stibat", "puntType": "inzamelbak", "materialen": ["batterijen"], "uitbetaling": [], "vrijToegankelijk": false, "gemeenteBeperking": null, "openingstijden": null, "latitude": 52.3044805, "longitude": 4.6956626, "bronId": "L024439"}}, {"type": "Feature", "geometry": {"type": "Point", "coordinates": [4.6810264, 52.2882095]}, "properties": {"type": "inleverpunt", "locatieNaam": "Bouwmaat", "straatNaam": "Willem Brocadesdreef", "straatNr": "13", "postcode": "2132 PV", "plaats": "Hoofddorp", "merk": "Stibat", "puntType": "inzamelbak", "materialen": ["batterijen"], "uitbetaling": [], "vrijToegankelijk": false, "gemeenteBeperking": null, "openingstijden": null, "latitude": 52.2882095, "longitude": 4.6810264, "bronId": "L040040"}}, {"type": "Feature", "geometry": {"type": "Point", "coordinates": [4.694467, 52.304202]}, "properties": {"type": "inleverpunt", "locatieNaam": "Primark", "straatNaam": "Marktplein", "straatNr": "254", "postcode": "2132 CX", "plaats": "Hoofddorp", "merk": "Stibat", "puntType": "inzamelbak", "materialen": ["batterijen"], "uitbetaling": [], "vrijToegankelijk": false, "gemeenteBeperking": null, "openingstijden": null, "latitude": 52.304202, "longitude": 4.694467, "bronId": "L036294"}}, {"type": "Feature", "geometry": {"type": "Point", "coordinates": [4.6923595, 52.3020906]}, "properties": {"type": "inleverpunt", "locatieNaam": "Specsavers", "straatNaam": "Marktlaan", "straatNr": "158", "postcode": "2132 DM", "plaats": "Hoofddorp", "merk": "Stibat", "puntType": "inzamelbak", "materialen": ["batterijen"], "uitbetaling": [], "vrijToegankelijk": false, "gemeenteBeperking": null, "openingstijden": null, "latitude": 52.3020906, "longitude": 4.6923595, "bronId": "L045049"}}, {"type": "Feature", "geometry": {"type": "Point", "coordinates": [4.6927437, 52.3025644]}, "properties": {"type": "inleverpunt", "locatieNaam": "E-Plaza", "straatNaam": "Marktlaan", "straatNr": "110", "postcode": "2132 DM", "plaats": "Hoofddorp", "merk": "Stibat", "puntType": "inzamelbak", "materialen": ["batterijen"], "uitbetaling": [], "vrijToegankelijk": false, "gemeenteBeperking": null, "openingstijden": null, "latitude": 52.3025644, "longitude": 4.6927437, "bronId": "L028677"}}, {"type": "Feature", "geometry": {"type": "Point", "coordinates": [4.694794, 52.3049477]}, "properties": {"type": "inleverpunt", "locatieNaam": "Lidl", "straatNaam": "Marktplein", "straatNr": "15", "postcode": "2132 DA", "plaats": "Hoofddorp", "merk": "Stibat", "puntType": "inzamelbak", "materialen": ["batterijen"], "uitbetaling": [], "vrijToegankelijk": false, "gemeenteBeperking": null, "openingstijden": null, "latitude": 52.3049477, "longitude": 4.694794, "bronId": "L038674"}}, {"type": "Feature", "geometry": {"type": "Point", "coordinates": [4.693261, 52.3039817]}, "properties": {"type": "inleverpunt", "locatieNaam": "Zara", "straatNaam": "Marktlaan", "straatNr": "1", "postcode": "2132 DL", "plaats": "Hoofddorp", "merk": "Stibat", "puntType": "inzamelbak", "materialen": ["batterijen"], "uitbetaling": [], "vrijToegankelijk": false, "gemeenteBeperking": null, "openingstijden": null, "latitude": 52.3039817, "longitude": 4.693261, "bronId": "L045717"}}, {"type": "Feature", "geometry": {"type": "Point", "coordinates": [4.6919109, 52.3026411]}, "properties": {"type": "inleverpunt", "locatieNaam": "Flying Tiger", "straatNaam": "Marktlaan", "straatNr": "170", "postcode": "2132 DM", "plaats": "Hoofddorp", "merk": "Stibat", "puntType": "inzamelbak", "materialen": ["batterijen"], "uitbetaling": [], "vrijToegankelijk": false, "gemeenteBeperking": null, "openingstijden": null, "latitude": 52.3026411, "longitude": 4.6919109, "bronId": "L038592"}}, {"type": "Feature", "geometry": {"type": "Point", "coordinates": [4.692916, 52.3040113]}, "properties": {"type": "inleverpunt", "locatieNaam": "Bershka", "straatNaam": "Marktlaan", "straatNr": "5", "postcode": "2132 DL", "plaats": "Hoofddorp", "merk": "Stibat", "puntType": "inzamelbak", "materialen": ["batterijen"], "uitbetaling": [], "vrijToegankelijk": false, "gemeenteBeperking": null, "openingstijden": null, "latitude": 52.3040113, "longitude": 4.692916, "bronId": "L045666"}}, {"type": "Feature", "geometry": {"type": "Point", "coordinates": [4.692039, 52.303033]}, "properties": {"type": "inleverpunt", "locatieNaam": "DOUGLAS", "straatNaam": "Marktlaan", "straatNr": "27", "postcode": "2132 DL", "plaats": "Hoofddorp", "merk": "Stibat", "puntType": "inzamelbak", "materialen": ["batterijen"], "uitbetaling": [], "vrijToegankelijk": false, "gemeenteBeperking": null, "openingstijden": null, "latitude": 52.303033, "longitude": 4.692039, "bronId": "L049141"}}, {"type": "Feature", "geometry": {"type": "Point", "coordinates": [4.6912077, 52.3029871]}, "properties": {"type": "inleverpunt", "locatieNaam": "Jumbo", "straatNaam": "Marktlaan", "straatNr": "31", "postcode": "2132 DL", "plaats": "Hoofddorp", "merk": "Stibat", "puntType": "inzamelbak", "materialen": ["batterijen"], "uitbetaling": [], "vrijToegankelijk": false, "gemeenteBeperking": null, "openingstijden": null, "latitude": 52.3029871, "longitude": 4.6912077, "bronId": "L042196"}}, {"type": "Feature", "geometry": {"type": "Point", "coordinates": [4.6906743, 52.3026588]}, "properties": {"type": "inleverpunt", "locatieNaam": "Dirk", "straatNaam": "Burgemeester van Stamplein", "straatNr": "48-50", "postcode": "2132 BH", "plaats": "Hoofddorp", "merk": "Stibat", "puntType": "inzamelbak", "materialen": ["batterijen"], "uitbetaling": [], "vrijToegankelijk": false, "gemeenteBeperking": null, "openingstijden": null, "latitude": 52.3026588, "longitude": 4.6906743, "bronId": "L013452"}}, {"type": "Feature", "geometry": {"type": "Point", "coordinates": [4.6904707, 52.3028573]}, "properties": {"type": "inleverpunt", "locatieNaam": "Kruidvat", "straatNaam": "Burgemeester van Stamplein", "straatNr": "48-50", "postcode": "2132 BH", "plaats": "Hoofddorp", "merk": "Stibat", "puntType": "inzamelbak", "materialen": ["batterijen"], "uitbetaling": [], "vrijToegankelijk": false, "gemeenteBeperking": null, "openingstijden": null, "latitude": 52.3028573, "longitude": 4.6904707, "bronId": "L038936"}}, {"type": "Feature", "geometry": {"type": "Point", "coordinates": [4.6910935, 52.3040036]}, "properties": {"type": "inleverpunt", "locatieNaam": "E-Bikepoint BV", "straatNaam": "Hoofdweg", "straatNr": "726", "postcode": "2132 BV", "plaats": "Hoofddorp", "merk": "Stibat", "puntType": "inzamelbak", "materialen": ["batterijen"], "uitbetaling": [], "vrijToegankelijk": false, "gemeenteBeperking": null, "openingstijden": null, "latitude": 52.3040036, "longitude": 4.6910935, "bronId": "L032903"}}, {"type": "Feature", "geometry": {"type": "Point", "coordinates": [4.6964098, 52.3143804]}, "properties": {"type": "inleverpunt", "locatieNaam": "Gamma", "straatNaam": "Noordmeerstraat", "straatNr": "22-30", "postcode": "2131 AD", "plaats": "Hoofddorp", "merk": "Stibat", "puntType": "inzamelbak", "materialen": ["batterijen"], "uitbetaling": [], "vrijToegankelijk": false, "gemeenteBeperking": null, "openingstijden": null, "latitude": 52.3143804, "longitude": 4.6964098, "bronId": "L020012"}}, {"type": "Feature", "geometry": {"type": "Point", "coordinates": [4.6953202, 52.3143814]}, "properties": {"type": "inleverpunt", "locatieNaam": "Meerwinkel (kringloop)", "straatNaam": "Daalmeerstraat", "straatNr": "9", "postcode": "2131 HD", "plaats": "Hoofddorp", "merk": "Stibat", "puntType": "inzamelbak", "materialen": ["batterijen"], "uitbetaling": [], "vrijToegankelijk": false, "gemeenteBeperking": null, "openingstijden": null, "latitude": 52.3143814, "longitude": 4.6953202, "bronId": "L040290"}}, {"type": "Feature", "geometry": {"type": "Point", "coordinates": [4.6935416, 52.3126096]}, "properties": {"type": "inleverpunt", "locatieNaam": "Mastermate", "straatNaam": "Graftermeerstraat", "straatNr": "26b", "postcode": "2131 AC", "plaats": "Hoofddorp", "merk": "Stibat", "puntType": "inzamelbak", "materialen": ["batterijen"], "uitbetaling": [], "vrijToegankelijk": false, "gemeenteBeperking": null, "openingstijden": null, "latitude": 52.3126096, "longitude": 4.6935416, "bronId": "L042834"}}, {"type": "Feature", "geometry": {"type": "Point", "coordinates": [4.6932472, 52.3127062]}, "properties": {"type": "inleverpunt", "locatieNaam": "310 Hoogvliet", "straatNaam": "Graftermeerstraat", "straatNr": "28", "postcode": "2131 AC", "plaats": "Hoofddorp", "merk": "Stibat", "puntType": "inzamelbak", "materialen": ["batterijen"], "uitbetaling": [], "vrijToegankelijk": false, "gemeenteBeperking": null, "openingstijden": null, "latitude": 52.3127062, "longitude": 4.6932472, "bronId": "L020150"}}, {"type": "Feature", "geometry": {"type": "Point", "coordinates": [4.6953671, 52.3151366]}, "properties": {"type": "inleverpunt", "locatieNaam": "Karwei", "straatNaam": "Noordmeerstraat", "straatNr": "32-36", "postcode": "2131 AD", "plaats": "Hoofddorp", "merk": "Stibat", "puntType": "inzamelbak", "materialen": ["batterijen"], "uitbetaling": [], "vrijToegankelijk": false, "gemeenteBeperking": null, "openingstijden": null, "latitude": 52.3151366, "longitude": 4.6953671, "bronId": "L007349"}}, {"type": "Feature", "geometry": {"type": "Point", "coordinates": [4.6918389, 52.3131733]}, "properties": {"type": "inleverpunt", "locatieNaam": "Van Walraven Hoofddorp", "straatNaam": "Graftermeerstraat", "straatNr": "38", "postcode": "2131 AC", "plaats": "Hoofddorp", "merk": "Stibat", "puntType": "inzamelbak", "materialen": ["batterijen"], "uitbetaling": [], "vrijToegankelijk": false, "gemeenteBeperking": null, "openingstijden": null, "latitude": 52.3131733, "longitude": 4.6918389, "bronId": "L046218"}}, {"type": "Feature", "geometry": {"type": "Point", "coordinates": [4.690128, 52.3144228]}, "properties": {"type": "inleverpunt", "locatieNaam": "Rataplan", "straatNaam": "Graftermeerstraat", "straatNr": "46", "postcode": "2131 AC", "plaats": "Hoofddorp", "merk": "Stibat", "puntType": "inzamelbak", "materialen": ["batterijen"], "uitbetaling": [], "vrijToegankelijk": false, "gemeenteBeperking": null, "openingstijden": null, "latitude": 52.3144228, "longitude": 4.690128, "bronId": "L045841"}}, {"type": "Feature", "geometry": {"type": "Point", "coordinates": [4.6487207, 52.262428]}, "properties": {"type": "inleverpunt", "locatieNaam": "Wildkamp B.V.", "straatNaam": "Luzernestraat", "straatNr": "13a", "postcode": "2153 GM", "plaats": "Nieuw Vennep", "merk": "Stibat", "puntType": "inzamelbak", "materialen": ["batterijen"], "uitbetaling": [], "vrijToegankelijk": false, "gemeenteBeperking": null, "openingstijden": null, "latitude": 52.262428, "longitude": 4.6487207, "bronId": "L039230"}}, {"type": "Feature", "geometry": {"type": "Point", "coordinates": [4.648095, 52.264275]}, "properties": {"type": "inleverpunt", "locatieNaam": "Secondlife Inkjets", "straatNaam": "Boekweitstraat", "straatNr": "9", "postcode": "2153 GK", "plaats": "Nieuw Vennep", "merk": "Stibat", "puntType": "inzamelbak", "materialen": ["batterijen"], "uitbetaling": [], "vrijToegankelijk": false, "gemeenteBeperking": null, "openingstijden": null, "latitude": 52.264275, "longitude": 4.648095, "bronId": "L032337"}}, {"type": "Feature", "geometry": {"type": "Point", "coordinates": [4.6769139, 52.3034507]}, "properties": {"type": "inleverpunt", "locatieNaam": "Vomar", "straatNaam": "Bernadottestraat", "straatNr": "149", "postcode": "2131 SV", "plaats": "Hoofddorp", "merk": "Stibat", "puntType": "inzamelbak", "materialen": ["batterijen"], "uitbetaling": [], "vrijToegankelijk": false, "gemeenteBeperking": null, "openingstijden": null, "latitude": 52.3034507, "longitude": 4.6769139, "bronId": "L006061"}}, {"type": "Feature", "geometry": {"type": "Point", "coordinates": [4.6878012, 52.3160173]}, "properties": {"type": "inleverpunt", "locatieNaam": "Toolstation", "straatNaam": "Bijlmermeerstraat", "straatNr": "4", "postcode": "2131 HC", "plaats": "Hoofddorp", "merk": "Stibat", "puntType": "inzamelbak", "materialen": ["batterijen"], "uitbetaling": [], "vrijToegankelijk": false, "gemeenteBeperking": null, "openingstijden": null, "latitude": 52.3160173, "longitude": 4.6878012, "bronId": "L045877"}}, {"type": "Feature", "geometry": {"type": "Point", "coordinates": [4.643341, 52.26859]}, "properties": {"type": "inleverpunt", "locatieNaam": "Balk Rijwielen", "straatNaam": "Haverstraat", "straatNr": "27", "postcode": "2153 GB", "plaats": "Nieuw Vennep", "merk": "Stibat", "puntType": "inzamelbak", "materialen": ["batterijen"], "uitbetaling": [], "vrijToegankelijk": false, "gemeenteBeperking": null, "openingstijden": null, "latitude": 52.26859, "longitude": 4.643341, "bronId": "L032909"}}, {"type": "Feature", "geometry": {"type": "Point", "coordinates": [4.7487614, 52.3768529]}, "properties": {"type": "inleverpunt", "locatieNaam": "Lidl", "straatNaam": "Olmenlaan", "straatNr": "139-141", "postcode": "1161 JV", "plaats": "Zwanenburg", "merk": "Stibat", "puntType": "inzamelbak", "materialen": ["batterijen"], "uitbetaling": [], "vrijToegankelijk": false, "gemeenteBeperking": null, "openingstijden": null, "latitude": 52.3768529, "longitude": 4.7487614, "bronId": "L043329"}}, {"type": "Feature", "geometry": {"type": "Point", "coordinates": [4.7474691, 52.3760182]}, "properties": {"type": "inleverpunt", "locatieNaam": "1272 Action", "straatNaam": "Dennenlaan", "straatNr": "124-126", "postcode": "1161 CT", "plaats": "Zwanenburg", "merk": "Stibat", "puntType": "inzamelbak", "materialen": ["batterijen"], "uitbetaling": [], "vrijToegankelijk": false, "gemeenteBeperking": null, "openingstijden": null, "latitude": 52.3760182, "longitude": 4.7474691, "bronId": "L031672"}}, {"type": "Feature", "geometry": {"type": "Point", "coordinates": [4.7476712, 52.3761852]}, "properties": {"type": "inleverpunt", "locatieNaam": "Zeeman", "straatNaam": "Dennenlaan", "straatNr": "120A-122", "postcode": "1161 CT", "plaats": "Zwanenburg", "merk": "Stibat", "puntType": "inzamelbak", "materialen": ["batterijen"], "uitbetaling": [], "vrijToegankelijk": false, "gemeenteBeperking": null, "openingstijden": null, "latitude": 52.3761852, "longitude": 4.7476712, "bronId": "L021187"}}, {"type": "Feature", "geometry": {"type": "Point", "coordinates": [4.6324311, 52.2520053]}, "properties": {"type": "inleverpunt", "locatieNaam": "Techprof Haarlemmermeer BV", "straatNaam": "Pesetaweg", "straatNr": "71", "postcode": "2153 PJ", "plaats": "Nieuw Vennep", "merk": "Stibat", "puntType": "inzamelbak", "materialen": ["batterijen"], "uitbetaling": [], "vrijToegankelijk": false, "gemeenteBeperking": null, "openingstijden": null, "latitude": 52.2520053, "longitude": 4.6324311, "bronId": "L044070"}}, {"type": "Feature", "geometry": {"type": "Point", "coordinates": [4.7476348, 52.376398]}, "properties": {"type": "inleverpunt", "locatieNaam": "Kruidvat", "straatNaam": "Dennenlaan", "straatNr": "114c", "postcode": "1161 CT", "plaats": "Zwanenburg", "merk": "Stibat", "puntType": "inzamelbak", "materialen": ["batterijen"], "uitbetaling": [], "vrijToegankelijk": false, "gemeenteBeperking": null, "openingstijden": null, "latitude": 52.376398, "longitude": 4.7476348, "bronId": "L014626"}}, {"type": "Feature", "geometry": {"type": "Point", "coordinates": [4.750711, 52.3787943]}, "properties": {"type": "inleverpunt", "locatieNaam": "Primera", "straatNaam": "Dennenlaan", "straatNr": "50", "postcode": "1161 CS", "plaats": "Zwanenburg", "merk": "Stibat", "puntType": "inzamelbak", "materialen": ["batterijen"], "uitbetaling": [], "vrijToegankelijk": false, "gemeenteBeperking": null, "openingstijden": null, "latitude": 52.3787943, "longitude": 4.750711, "bronId": "L024600"}}, {"type": "Feature", "geometry": {"type": "Point", "coordinates": [4.7505025, 52.3786735]}, "properties": {"type": "inleverpunt", "locatieNaam": "Van Oeveren Tweewielers B.V.", "straatNaam": "Dennenlaan", "straatNr": "56", "postcode": "1161 CS", "plaats": "Zwanenburg", "merk": "Stibat", "puntType": "inzamelbak", "materialen": ["batterijen"], "uitbetaling": [], "vrijToegankelijk": false, "gemeenteBeperking": null, "openingstijden": null, "latitude": 52.3786735, "longitude": 4.7505025, "bronId": "L032722"}}, {"type": "Feature", "geometry": {"type": "Point", "coordinates": [4.7510604, 52.3790922]}, "properties": {"type": "inleverpunt", "locatieNaam": "Nuis BV", "straatNaam": "Dennenlaan", "straatNr": "38", "postcode": "1161 CS", "plaats": "Zwanenburg", "merk": "Stibat", "puntType": "inzamelbak", "materialen": ["batterijen"], "uitbetaling": [], "vrijToegankelijk": false, "gemeenteBeperking": null, "openingstijden": null, "latitude": 52.3790922, "longitude": 4.7510604, "bronId": "L046669"}}, {"type": "Feature", "geometry": {"type": "Point", "coordinates": [4.7515354, 52.3798537]}, "properties": {"type": "inleverpunt", "locatieNaam": "Dirk", "straatNaam": "Dennenlaan", "straatNr": "19", "postcode": "1161 CK", "plaats": "Zwanenburg", "merk": "Stibat", "puntType": "inzamelbak", "materialen": ["batterijen"], "uitbetaling": [], "vrijToegankelijk": false, "gemeenteBeperking": null, "openingstijden": null, "latitude": 52.3798537, "longitude": 4.7515354, "bronId": "L012096"}}, {"type": "Feature", "geometry": {"type": "Point", "coordinates": [4.7502118, 52.3789002]}, "properties": {"type": "inleverpunt", "locatieNaam": "8514 Albert Heijn", "straatNaam": "Dennenlaan", "straatNr": "45", "postcode": "1161 CL", "plaats": "Zwanenburg", "merk": "Stibat", "puntType": "inzamelbak", "materialen": ["batterijen"], "uitbetaling": [], "vrijToegankelijk": false, "gemeenteBeperking": null, "openingstijden": null, "latitude": 52.3789002, "longitude": 4.7502118, "bronId": "L007016"}}, {"type": "Feature", "geometry": {"type": "Point", "coordinates": [4.7503776, 52.3793501]}, "properties": {"type": "inleverpunt", "locatieNaam": "DE VOS", "straatNaam": "Dennenlaan", "straatNr": "41", "postcode": "1161 CL", "plaats": "Zwanenburg", "merk": "Stibat", "puntType": "inzamelbak", "materialen": ["batterijen"], "uitbetaling": [], "vrijToegankelijk": false, "gemeenteBeperking": null, "openingstijden": null, "latitude": 52.3793501, "longitude": 4.7503776, "bronId": "L032721"}}, {"type": "Feature", "geometry": {"type": "Point", "coordinates": [4.6715988, 52.3093613]}, "properties": {"type": "inleverpunt", "locatieNaam": "Lidl", "straatNaam": "Skagerrak", "straatNr": "196", "postcode": "2133 DW", "plaats": "Hoofddorp", "merk": "Stibat", "puntType": "inzamelbak", "materialen": ["batterijen"], "uitbetaling": [], "vrijToegankelijk": false, "gemeenteBeperking": null, "openingstijden": null, "latitude": 52.3093613, "longitude": 4.6715988, "bronId": "L024550"}}, {"type": "Feature", "geometry": {"type": "Point", "coordinates": [4.6713504, 52.3093223]}, "properties": {"type": "inleverpunt", "locatieNaam": "Jumbo", "straatNaam": "Skagerrak", "straatNr": "204", "postcode": "2133 DW", "plaats": "Hoofddorp", "merk": "Stibat", "puntType": "inzamelbak", "materialen": ["batterijen"], "uitbetaling": [], "vrijToegankelijk": false, "gemeenteBeperking": null, "openingstijden": null, "latitude": 52.3093223, "longitude": 4.6713504, "bronId": "L034825"}}, {"type": "Feature", "geometry": {"type": "Point", "coordinates": [4.6713976, 52.3094301]}, "properties": {"type": "inleverpunt", "locatieNaam": "Primera", "straatNaam": "Skagerrak", "straatNr": "218", "postcode": "2133 DW", "plaats": "Hoofddorp", "merk": "Stibat", "puntType": "inzamelbak", "materialen": ["batterijen"], "uitbetaling": [], "vrijToegankelijk": false, "gemeenteBeperking": null, "openingstijden": null, "latitude": 52.3094301, "longitude": 4.6713976, "bronId": "L031750"}}, {"type": "Feature", "geometry": {"type": "Point", "coordinates": [4.6644354, 52.3016537]}, "properties": {"type": "inleverpunt", "locatieNaam": "Dirk", "straatNaam": "Markenburg", "straatNr": "97", "postcode": "2135 DS", "plaats": "Hoofddorp", "merk": "Stibat", "puntType": "inzamelbak", "materialen": ["batterijen"], "uitbetaling": [], "vrijToegankelijk": false, "gemeenteBeperking": null, "openingstijden": null, "latitude": 52.3016537, "longitude": 4.6644354, "bronId": "L012368"}}, {"type": "Feature", "geometry": {"type": "Point", "coordinates": [4.6708094, 52.3092291]}, "properties": {"type": "inleverpunt", "locatieNaam": "Trekpleister", "straatNaam": "Skagerrak", "straatNr": "214-216", "postcode": "2133 DW", "plaats": "Hoofddorp", "merk": "Stibat", "puntType": "inzamelbak", "materialen": ["batterijen"], "uitbetaling": [], "vrijToegankelijk": false, "gemeenteBeperking": null, "openingstijden": null, "latitude": 52.3092291, "longitude": 4.6708094, "bronId": "L044320"}}, {"type": "Feature", "geometry": {"type": "Point", "coordinates": [4.6640222, 52.3015712]}, "properties": {"type": "inleverpunt", "locatieNaam": "7810 Etos", "straatNaam": "Markenburg", "straatNr": "75-77", "postcode": "2135 DS", "plaats": "Hoofddorp", "merk": "Stibat", "puntType": "inzamelbak", "materialen": ["batterijen"], "uitbetaling": [], "vrijToegankelijk": false, "gemeenteBeperking": null, "openingstijden": null, "latitude": 52.3015712, "longitude": 4.6640222, "bronId": "L038714"}}, {"type": "Feature", "geometry": {"type": "Point", "coordinates": [4.6641935, 52.3017825]}, "properties": {"type": "inleverpunt", "locatieNaam": "1232 Albert Heijn", "straatNaam": "Markenburg", "straatNr": "99", "postcode": "2135 DS", "plaats": "Hoofddorp", "merk": "Stibat", "puntType": "inzamelbak", "materialen": ["batterijen"], "uitbetaling": [], "vrijToegankelijk": false, "gemeenteBeperking": null, "openingstijden": null, "latitude": 52.3017825, "longitude": 4.6641935, "bronId": "L006579"}}, {"type": "Feature", "geometry": {"type": "Point", "coordinates": [4.7501587, 52.381541]}, "properties": {"type": "inleverpunt", "locatieNaam": "Baltus IJzerwaren &amp; Verf", "straatNaam": "Zwanenburgerdijk", "straatNr": "446", "postcode": "1161 NV", "plaats": "Zwanenburg", "merk": "Stibat", "puntType": "inzamelbak", "materialen": ["batterijen"], "uitbetaling": [], "vrijToegankelijk": false, "gemeenteBeperking": null, "openingstijden": null, "latitude": 52.381541, "longitude": 4.7501587, "bronId": "L043854"}}, {"type": "Feature", "geometry": {"type": "Point", "coordinates": [4.6634276, 52.3016863]}, "properties": {"type": "inleverpunt", "locatieNaam": "Kruidvat", "straatNaam": "Markenburg", "straatNr": "107", "postcode": "2135 DS", "plaats": "Hoofddorp", "merk": "Stibat", "puntType": "inzamelbak", "materialen": ["batterijen"], "uitbetaling": [], "vrijToegankelijk": false, "gemeenteBeperking": null, "openingstijden": null, "latitude": 52.3016863, "longitude": 4.6634276, "bronId": "L038643"}}, {"type": "Feature", "geometry": {"type": "Point", "coordinates": [4.6293765, 52.2555123]}, "properties": {"type": "inleverpunt", "locatieNaam": "Santos Bikes / Innobike", "straatNaam": "Schillingweg", "straatNr": "41", "postcode": "2153 PL", "plaats": "Nieuw Vennep", "merk": "Stibat", "puntType": "inzamelbak", "materialen": ["batterijen"], "uitbetaling": [], "vrijToegankelijk": false, "gemeenteBeperking": null, "openingstijden": null, "latitude": 52.2555123, "longitude": 4.6293765, "bronId": "L048823"}}, {"type": "Feature", "geometry": {"type": "Point", "coordinates": [4.6340894, 52.26407]}, "properties": {"type": "inleverpunt", "locatieNaam": "Hubo", "straatNaam": "Hoofdweg", "straatNr": "1322", "postcode": "2153 LT", "plaats": "Nieuw Vennep", "merk": "Stibat", "puntType": "inzamelbak", "materialen": ["batterijen"], "uitbetaling": [], "vrijToegankelijk": false, "gemeenteBeperking": null, "openingstijden": null, "latitude": 52.26407, "longitude": 4.6340894, "bronId": "L039423"}}, {"type": "Feature", "geometry": {"type": "Point", "coordinates": [4.7482923, 52.3823099]}, "properties": {"type": "inleverpunt", "locatieNaam": "Filmclub", "straatNaam": "Zwanenburgerdijk", "straatNr": "443", "postcode": "1161 NT", "plaats": "Zwanenburg", "merk": "Stibat", "puntType": "inzamelbak", "materialen": ["batterijen"], "uitbetaling": [], "vrijToegankelijk": false, "gemeenteBeperking": null, "openingstijden": null, "latitude": 52.3823099, "longitude": 4.7482923, "bronId": "L021605"}}, {"type": "Feature", "geometry": {"type": "Point", "coordinates": [4.6283002, 52.2567954]}, "properties": {"type": "inleverpunt", "locatieNaam": "Isero Nieuw-Vennep", "straatNaam": "Markweg", "straatNr": "49", "postcode": "2153 PG", "plaats": "Nieuw Vennep", "merk": "Stibat", "puntType": "inzamelbak", "materialen": ["batterijen"], "uitbetaling": [], "vrijToegankelijk": false, "gemeenteBeperking": null, "openingstijden": null, "latitude": 52.2567954, "longitude": 4.6283002, "bronId": "L028836"}}, {"type": "Feature", "geometry": {"type": "Point", "coordinates": [4.6323412, 52.2643742]}, "properties": {"type": "inleverpunt", "locatieNaam": "HEMA De Symfonie", "straatNaam": "De Symfonie", "straatNr": "63", "postcode": "2151 ME", "plaats": "Nieuw Vennep", "merk": "Stibat", "puntType": "inzamelbak", "materialen": ["batterijen"], "uitbetaling": [], "vrijToegankelijk": false, "gemeenteBeperking": null, "openingstijden": null, "latitude": 52.2643742, "longitude": 4.6323412, "bronId": "L012923"}}, {"type": "Feature", "geometry": {"type": "Point", "coordinates": [4.6324097, 52.2644834]}, "properties": {"type": "inleverpunt", "locatieNaam": "Optie1", "straatNaam": "De Symfonie", "straatNr": "5", "postcode": "2151 MC", "plaats": "Nieuw Vennep", "merk": "Stibat", "puntType": "inzamelbak", "materialen": ["batterijen"], "uitbetaling": [], "vrijToegankelijk": false, "gemeenteBeperking": null, "openingstijden": null, "latitude": 52.2644834, "longitude": 4.6324097, "bronId": "L045888"}}, {"type": "Feature", "geometry": {"type": "Point", "coordinates": [4.6324022, 52.2644994]}, "properties": {"type": "inleverpunt", "locatieNaam": "Hans Anders", "straatNaam": "De Symfonie", "straatNr": "81", "postcode": "2151 ME", "plaats": "Nieuw Vennep", "merk": "Stibat", "puntType": "inzamelbak", "materialen": ["batterijen"], "uitbetaling": [], "vrijToegankelijk": false, "gemeenteBeperking": null, "openingstijden": null, "latitude": 52.2644994, "longitude": 4.6324022, "bronId": "L040989"}}, {"type": "Feature", "geometry": {"type": "Point", "coordinates": [4.6323297, 52.264454]}, "properties": {"type": "inleverpunt", "locatieNaam": "Jumbo", "straatNaam": "De Symfonie", "straatNr": "65", "postcode": "2151 ME", "plaats": "Nieuw Vennep", "merk": "Stibat", "puntType": "inzamelbak", "materialen": ["batterijen"], "uitbetaling": [], "vrijToegankelijk": false, "gemeenteBeperking": null, "openingstijden": null, "latitude": 52.264454, "longitude": 4.6323297, "bronId": "L035218"}}, {"type": "Feature", "geometry": {"type": "Point", "coordinates": [4.632146, 52.2641741]}, "properties": {"type": "inleverpunt", "locatieNaam": "Kruidvat", "straatNaam": "De Symfonie", "straatNr": "61", "postcode": "2151 ME", "plaats": "Nieuw Vennep", "merk": "Stibat", "puntType": "inzamelbak", "materialen": ["batterijen"], "uitbetaling": [], "vrijToegankelijk": false, "gemeenteBeperking": null, "openingstijden": null, "latitude": 52.2641741, "longitude": 4.632146, "bronId": "L013948"}}, {"type": "Feature", "geometry": {"type": "Point", "coordinates": [4.6323361, 52.2646794]}, "properties": {"type": "inleverpunt", "locatieNaam": "1116 Action", "straatNaam": "De Symfonie", "straatNr": "17", "postcode": "2151 MD", "plaats": "Nieuw Vennep", "merk": "Stibat", "puntType": "inzamelbak", "materialen": ["batterijen"], "uitbetaling": [], "vrijToegankelijk": false, "gemeenteBeperking": null, "openingstijden": null, "latitude": 52.2646794, "longitude": 4.6323361, "bronId": "L018295"}}, {"type": "Feature", "geometry": {"type": "Point", "coordinates": [4.6317587, 52.2638224]}, "properties": {"type": "inleverpunt", "locatieNaam": "Oorwerk", "straatNaam": "Venneperhof", "straatNr": "2", "postcode": "2151 AZ", "plaats": "Nieuw Vennep", "merk": "Stibat", "puntType": "inzamelbak", "materialen": ["batterijen"], "uitbetaling": [], "vrijToegankelijk": false, "gemeenteBeperking": null, "openingstijden": null, "latitude": 52.2638224, "longitude": 4.6317587, "bronId": "L048268"}}, {"type": "Feature", "geometry": {"type": "Point", "coordinates": [4.6320398, 52.2644908]}, "properties": {"type": "inleverpunt", "locatieNaam": "BelCompany", "straatNaam": "De Symfonie", "straatNr": "51", "postcode": "2151 ME", "plaats": "Nieuw Vennep", "merk": "Stibat", "puntType": "inzamelbak", "materialen": ["batterijen"], "uitbetaling": [], "vrijToegankelijk": false, "gemeenteBeperking": null, "openingstijden": null, "latitude": 52.2644908, "longitude": 4.6320398, "bronId": "L016193"}}, {"type": "Feature", "geometry": {"type": "Point", "coordinates": [4.6321181, 52.2646915]}, "properties": {"type": "inleverpunt", "locatieNaam": "D.I.O.", "straatNaam": "De Symfonie", "straatNr": "13", "postcode": "2151 MC", "plaats": "Nieuw Vennep", "merk": "Stibat", "puntType": "inzamelbak", "materialen": ["batterijen"], "uitbetaling": [], "vrijToegankelijk": false, "gemeenteBeperking": null, "openingstijden": null, "latitude": 52.2646915, "longitude": 4.6321181, "bronId": "L027073"}}, {"type": "Feature", "geometry": {"type": "Point", "coordinates": [4.6320421, 52.2646242]}, "properties": {"type": "inleverpunt", "locatieNaam": "Bruna", "straatNaam": "De Symfonie", "straatNr": "37", "postcode": "2151 MD", "plaats": "Nieuw-Vennep", "merk": "Stibat", "puntType": "inzamelbak", "materialen": ["batterijen"], "uitbetaling": [], "vrijToegankelijk": false, "gemeenteBeperking": null, "openingstijden": null, "latitude": 52.2646242, "longitude": 4.6320421, "bronId": "L022481"}}, {"type": "Feature", "geometry": {"type": "Point", "coordinates": [4.6319561, 52.2645836]}, "properties": {"type": "inleverpunt", "locatieNaam": "Beter Horen", "straatNaam": "De Symfonie", "straatNr": "39", "postcode": "2151 MD", "plaats": "Nieuw Vennep", "merk": "Stibat", "puntType": "inzamelbak", "materialen": ["batterijen"], "uitbetaling": [], "vrijToegankelijk": false, "gemeenteBeperking": null, "openingstijden": null, "latitude": 52.2645836, "longitude": 4.6319561, "bronId": "L031045"}}, {"type": "Feature", "geometry": {"type": "Point", "coordinates": [4.6317724, 52.2643053]}, "properties": {"type": "inleverpunt", "locatieNaam": "Dirk", "straatNaam": "De Symfonie", "straatNr": "27-29", "postcode": "2151 MD", "plaats": "Nieuw Vennep", "merk": "Stibat", "puntType": "inzamelbak", "materialen": ["batterijen"], "uitbetaling": [], "vrijToegankelijk": false, "gemeenteBeperking": null, "openingstijden": null, "latitude": 52.2643053, "longitude": 4.6317724, "bronId": "L013097"}}, {"type": "Feature", "geometry": {"type": "Point", "coordinates": [4.6312812, 52.2640878]}, "properties": {"type": "inleverpunt", "locatieNaam": "Meer Fietsen", "straatNaam": "Venneperhof", "straatNr": "4", "postcode": "2151 AZ", "plaats": "Nieuw Vennep", "merk": "Stibat", "puntType": "inzamelbak", "materialen": ["batterijen"], "uitbetaling": [], "vrijToegankelijk": false, "gemeenteBeperking": null, "openingstijden": null, "latitude": 52.2640878, "longitude": 4.6312812, "bronId": "L042405"}}, {"type": "Feature", "geometry": {"type": "Point", "coordinates": [4.6316264, 52.2647007]}, "properties": {"type": "inleverpunt", "locatieNaam": "Zeeman", "straatNaam": "Venneperhof", "straatNr": "48", "postcode": "2151 AZ", "plaats": "Nieuw Vennep", "merk": "Stibat", "puntType": "inzamelbak", "materialen": ["batterijen"], "uitbetaling": [], "vrijToegankelijk": false, "gemeenteBeperking": null, "openingstijden": null, "latitude": 52.2647007, "longitude": 4.6316264, "bronId": "L019261"}}, {"type": "Feature", "geometry": {"type": "Point", "coordinates": [4.6311942, 52.2664452]}, "properties": {"type": "inleverpunt", "locatieNaam": "De Haan", "straatNaam": "Venneperweg", "straatNr": "533", "postcode": "2152 CB", "plaats": "Nieuw-Vennep", "merk": "Stibat", "puntType": "inzamelbak", "materialen": ["batterijen"], "uitbetaling": [], "vrijToegankelijk": false, "gemeenteBeperking": null, "openingstijden": null, "latitude": 52.2664452, "longitude": 4.6311942, "bronId": "L044825"}}, {"type": "Feature", "geometry": {"type": "Point", "coordinates": [4.6240917, 52.255368]}, "properties": {"type": "inleverpunt", "locatieNaam": "Multi Care Systems", "straatNaam": "Drachmeweg", "straatNr": "2", "postcode": "2153 PA", "plaats": "Nieuw Vennep", "merk": "Stibat", "puntType": "inzamelbak", "materialen": ["batterijen"], "uitbetaling": [], "vrijToegankelijk": false, "gemeenteBeperking": null, "openingstijden": null, "latitude": 52.255368, "longitude": 4.6240917, "bronId": "L030469"}}, {"type": "Feature", "geometry": {"type": "Point", "coordinates": [4.6237317, 52.2548573]}, "properties": {"type": "inleverpunt", "locatieNaam": "C.T.L. Communicatie", "straatNaam": "Drachmeweg", "straatNr": "145-f", "postcode": "2153 PA", "plaats": "Nieuw Vennep", "merk": "Stibat", "puntType": "inzamelbak", "materialen": ["batterijen"], "uitbetaling": [], "vrijToegankelijk": false, "gemeenteBeperking": null, "openingstijden": null, "latitude": 52.2548573, "longitude": 4.6237317, "bronId": "L028199"}}, {"type": "Feature", "geometry": {"type": "Point", "coordinates": [4.6266726, 52.2611788]}, "properties": {"type": "inleverpunt", "locatieNaam": "De Haan", "straatNaam": "Zuiderdreef", "straatNr": "4", "postcode": "2151 CM", "plaats": "Nieuw-Vennep", "merk": "Stibat", "puntType": "inzamelbak", "materialen": ["batterijen"], "uitbetaling": [], "vrijToegankelijk": false, "gemeenteBeperking": null, "openingstijden": null, "latitude": 52.2611788, "longitude": 4.6266726, "bronId": "L044812"}}, {"type": "Feature", "geometry": {"type": "Point", "coordinates": [4.7538396, 52.395494]}, "properties": {"type": "inleverpunt", "locatieNaam": "Parc Spaarwoude", "straatNaam": "Zuiderweg", "straatNr": "2", "postcode": "1165 NA", "plaats": "Halfweg Nh", "merk": "Stibat", "puntType": "inzamelbak", "materialen": ["batterijen"], "uitbetaling": [], "vrijToegankelijk": false, "gemeenteBeperking": null, "openingstijden": null, "latitude": 52.395494, "longitude": 4.7538396, "bronId": "L005182"}}, {"type": "Feature", "geometry": {"type": "Point", "coordinates": [4.6659763, 52.3212939]}, "properties": {"type": "inleverpunt", "locatieNaam": "Courtyard by Marriott A'dam Airport Hotel", "straatNaam": "Bosweg", "straatNr": "15", "postcode": "2131 LX", "plaats": "Hoofddorp", "merk": "Stibat", "puntType": "inzamelbak", "materialen": ["batterijen"], "uitbetaling": [], "vrijToegankelijk": false, "gemeenteBeperking": null, "openingstijden": null, "latitude": 52.3212939, "longitude": 4.6659763, "bronId": "L038261"}}, {"type": "Feature", "geometry": {"type": "Point", "coordinates": [4.6594487, 52.3144252]}, "properties": {"type": "inleverpunt", "locatieNaam": "Wibra", "straatNaam": "Muiderbos", "straatNr": "160", "postcode": "2134 SW", "plaats": "Hoofddorp", "merk": "Stibat", "puntType": "inzamelbak", "materialen": ["batterijen"], "uitbetaling": [], "vrijToegankelijk": false, "gemeenteBeperking": null, "openingstijden": null, "latitude": 52.3144252, "longitude": 4.6594487, "bronId": "L047717"}}, {"type": "Feature", "geometry": {"type": "Point", "coordinates": [4.6595311, 52.3146946]}, "properties": {"type": "inleverpunt", "locatieNaam": "8586 Albert Heijn", "straatNaam": "Muiderbos", "straatNr": "140", "postcode": "2134 SV", "plaats": "Hoofddorp", "merk": "Stibat", "puntType": "inzamelbak", "materialen": ["batterijen"], "uitbetaling": [], "vrijToegankelijk": false, "gemeenteBeperking": null, "openingstijden": null, "latitude": 52.3146946, "longitude": 4.6595311, "bronId": "L006787"}}, {"type": "Feature", "geometry": {"type": "Point", "coordinates": [4.6253271, 52.2704772]}, "properties": {"type": "inleverpunt", "locatieNaam": "Praxis 2422", "straatNaam": "Bergsmastraat", "straatNr": "2", "postcode": "2152 CW", "plaats": "Nieuw Vennep", "merk": "Stibat", "puntType": "inzamelbak", "materialen": ["batterijen"], "uitbetaling": [], "vrijToegankelijk": false, "gemeenteBeperking": null, "openingstijden": null, "latitude": 52.2704772, "longitude": 4.6253271, "bronId": "L020875"}}, {"type": "Feature", "geometry": {"type": "Point", "coordinates": [4.6589126, 52.3148728]}, "properties": {"type": "inleverpunt", "locatieNaam": "Zeeman", "straatNaam": "Muiderbos", "straatNr": "116-120", "postcode": "2134 SV", "plaats": "Hoofddorp", "merk": "Stibat", "puntType": "inzamelbak", "materialen": ["batterijen"], "uitbetaling": [], "vrijToegankelijk": false, "gemeenteBeperking": null, "openingstijden": null, "latitude": 52.3148728, "longitude": 4.6589126, "bronId": "L019769"}}, {"type": "Feature", "geometry": {"type": "Point", "coordinates": [4.6587398, 52.3148961]}, "properties": {"type": "inleverpunt", "locatieNaam": "Vomar", "straatNaam": "Muiderbos", "straatNr": "110", "postcode": "2134 SV", "plaats": "Hoofddorp", "merk": "Stibat", "puntType": "inzamelbak", "materialen": ["batterijen"], "uitbetaling": [], "vrijToegankelijk": false, "gemeenteBeperking": null, "openingstijden": null, "latitude": 52.3148961, "longitude": 4.6587398, "bronId": "L045172"}}, {"type": "Feature", "geometry": {"type": "Point", "coordinates": [4.6193186, 52.2626458]}, "properties": {"type": "inleverpunt", "locatieNaam": "280 Hoogvliet", "straatNaam": "Kalslagerring", "straatNr": "25", "postcode": "2151 TA", "plaats": "Nieuw Vennep", "merk": "Stibat", "puntType": "inzamelbak", "materialen": ["batterijen"], "uitbetaling": [], "vrijToegankelijk": false, "gemeenteBeperking": null, "openingstijden": null, "latitude": 52.2626458, "longitude": 4.6193186, "bronId": "L011084"}}, {"type": "Feature", "geometry": {"type": "Point", "coordinates": [4.6201919, 52.270975]}, "properties": {"type": "inleverpunt", "locatieNaam": "Lidl", "straatNaam": "Händelplein", "straatNr": "197", "postcode": "2151 NN", "plaats": "Nieuw Vennep", "merk": "Stibat", "puntType": "inzamelbak", "materialen": ["batterijen"], "uitbetaling": [], "vrijToegankelijk": false, "gemeenteBeperking": null, "openingstijden": null, "latitude": 52.270975, "longitude": 4.6201919, "bronId": "L019184"}}, {"type": "Feature", "geometry": {"type": "Point", "coordinates": [4.6197849, 52.2707289]}, "properties": {"type": "inleverpunt", "locatieNaam": "1253 Albert Heijn", "straatNaam": "Handelplein", "straatNr": "185", "postcode": "2151 NN", "plaats": "Nieuw Vennep", "merk": "Stibat", "puntType": "inzamelbak", "materialen": ["batterijen"], "uitbetaling": [], "vrijToegankelijk": false, "gemeenteBeperking": null, "openingstijden": null, "latitude": 52.2707289, "longitude": 4.6197849, "bronId": "L005543"}}, {"type": "Feature", "geometry": {"type": "Point", "coordinates": [4.6197539, 52.2712947]}, "properties": {"type": "inleverpunt", "locatieNaam": "6097 Etos", "straatNaam": "Handelplein", "straatNr": "15", "postcode": "2151 NL", "plaats": "Nieuw Vennep", "merk": "Stibat", "puntType": "inzamelbak", "materialen": ["batterijen"], "uitbetaling": [], "vrijToegankelijk": false, "gemeenteBeperking": null, "openingstijden": null, "latitude": 52.2712947, "longitude": 4.6197539, "bronId": "L022668"}}, {"type": "Feature", "geometry": {"type": "Point", "coordinates": [4.6196739, 52.2711944]}, "properties": {"type": "inleverpunt", "locatieNaam": "Kruidvat", "straatNaam": "Handelplein", "straatNr": "13", "postcode": "2151 NL", "plaats": "Nieuw Vennep", "merk": "Stibat", "puntType": "inzamelbak", "materialen": ["batterijen"], "uitbetaling": [], "vrijToegankelijk": false, "gemeenteBeperking": null, "openingstijden": null, "latitude": 52.2711944, "longitude": 4.6196739, "bronId": "L039126"}}, {"type": "Feature", "geometry": {"type": "Point", "coordinates": [4.619632, 52.2712353]}, "properties": {"type": "inleverpunt", "locatieNaam": "Primera", "straatNaam": "Handelplein", "straatNr": "21", "postcode": "2151 NL", "plaats": "Nieuw Vennep", "merk": "Stibat", "puntType": "inzamelbak", "materialen": ["batterijen"], "uitbetaling": [], "vrijToegankelijk": false, "gemeenteBeperking": null, "openingstijden": null, "latitude": 52.2712353, "longitude": 4.619632, "bronId": "L042235"}}, {"type": "Feature", "geometry": {"type": "Point", "coordinates": [4.6394022, 52.3062649]}, "properties": {"type": "inleverpunt", "locatieNaam": "Dirk", "straatNaam": "Aalburgplein", "straatNr": "63", "postcode": "2134 DM", "plaats": "Hoofddorp", "merk": "Stibat", "puntType": "inzamelbak", "materialen": ["batterijen"], "uitbetaling": [], "vrijToegankelijk": false, "gemeenteBeperking": null, "openingstijden": null, "latitude": 52.3062649, "longitude": 4.6394022, "bronId": "L038990"}}, {"type": "Feature", "geometry": {"type": "Point", "coordinates": [4.6395889, 52.306694]}, "properties": {"type": "inleverpunt", "locatieNaam": "Primera", "straatNaam": "Aalburgplein", "straatNr": "57", "postcode": "2134 DM", "plaats": "Hoofddorp", "merk": "Stibat", "puntType": "inzamelbak", "materialen": ["batterijen"], "uitbetaling": [], "vrijToegankelijk": false, "gemeenteBeperking": null, "openingstijden": null, "latitude": 52.306694, "longitude": 4.6395889, "bronId": "L024403"}}, {"type": "Feature", "geometry": {"type": "Point", "coordinates": [4.6400397, 52.3072867]}, "properties": {"type": "inleverpunt", "locatieNaam": "HEMA Hoofddorp-Floriande", "straatNaam": "Aalburgplein", "straatNr": "1-3", "postcode": "2134 DM", "plaats": "Hoofddorp", "merk": "Stibat", "puntType": "inzamelbak", "materialen": ["batterijen"], "uitbetaling": [], "vrijToegankelijk": false, "gemeenteBeperking": null, "openingstijden": null, "latitude": 52.3072867, "longitude": 4.6400397, "bronId": "L046950"}}, {"type": "Feature", "geometry": {"type": "Point", "coordinates": [4.7231161, 52.3856943]}, "properties": {"type": "inleverpunt", "locatieNaam": "G&amp;M Halfweg", "straatNaam": "Haarlemmerstraatweg", "straatNr": "73d", "postcode": "1165 MK", "plaats": "Halfweg Nh", "merk": "Stibat", "puntType": "inzamelbak", "materialen": ["batterijen"], "uitbetaling": [], "vrijToegankelijk": false, "gemeenteBeperking": null, "openingstijden": null, "latitude": 52.3856943, "longitude": 4.7231161, "bronId": "L042853"}}, {"type": "Feature", "geometry": {"type": "Point", "coordinates": [4.7369252, 52.385929]}, "properties": {"type": "inleverpunt", "locatieNaam": "Gunters en Meuser/Isero Halfweg", "straatNaam": "Haarlemmerstraatweg", "straatNr": "73D", "postcode": "1164 MK", "plaats": "Halfweg", "merk": "Stibat", "puntType": "inzamelbak", "materialen": ["batterijen"], "uitbetaling": [], "vrijToegankelijk": false, "gemeenteBeperking": null, "openingstijden": null, "latitude": 52.385929, "longitude": 4.7369252, "bronId": "L047448"}}, {"type": "Feature", "geometry": {"type": "Point", "coordinates": [4.6391289, 52.3067694]}, "properties": {"type": "inleverpunt", "locatieNaam": "7978 Etos", "straatNaam": "Genderenplein", "straatNr": "5-9", "postcode": "2134 DP", "plaats": "Hoofddorp", "merk": "Stibat", "puntType": "inzamelbak", "materialen": ["batterijen"], "uitbetaling": [], "vrijToegankelijk": false, "gemeenteBeperking": null, "openingstijden": null, "latitude": 52.3067694, "longitude": 4.6391289, "bronId": "L031426"}}, {"type": "Feature", "geometry": {"type": "Point", "coordinates": [4.638812, 52.3064241]}, "properties": {"type": "inleverpunt", "locatieNaam": "Kruidvat", "straatNaam": "Genderenplein", "straatNr": "12", "postcode": "2134 DP", "plaats": "Hoofddorp", "merk": "Stibat", "puntType": "inzamelbak", "materialen": ["batterijen"], "uitbetaling": [], "vrijToegankelijk": false, "gemeenteBeperking": null, "openingstijden": null, "latitude": 52.3064241, "longitude": 4.638812, "bronId": "L023083"}}, {"type": "Feature", "geometry": {"type": "Point", "coordinates": [4.6390682, 52.3070641]}, "properties": {"type": "inleverpunt", "locatieNaam": "Intertoys", "straatNaam": "Almkerkplein", "straatNr": "56", "postcode": "2134 DT", "plaats": "Hoofddorp", "merk": "Stibat", "puntType": "inzamelbak", "materialen": ["batterijen"], "uitbetaling": [], "vrijToegankelijk": false, "gemeenteBeperking": null, "openingstijden": null, "latitude": 52.3070641, "longitude": 4.6390682, "bronId": "L043557"}}, {"type": "Feature", "geometry": {"type": "Point", "coordinates": [4.6386306, 52.3069771]}, "properties": {"type": "inleverpunt", "locatieNaam": "1823 Albert Heijn", "straatNaam": "Genderenplein", "straatNr": "13", "postcode": "2134 DP", "plaats": "Hoofddorp", "merk": "Stibat", "puntType": "inzamelbak", "materialen": ["batterijen"], "uitbetaling": [], "vrijToegankelijk": false, "gemeenteBeperking": null, "openingstijden": null, "latitude": 52.3069771, "longitude": 4.6386306, "bronId": "L023372"}}, {"type": "Feature", "geometry": {"type": "Point", "coordinates": [4.6383819, 52.3066915]}, "properties": {"type": "inleverpunt", "locatieNaam": "Bruna", "straatNaam": "Genderenplein", "straatNr": "20", "postcode": "2134 DP", "plaats": "Hoofddorp", "merk": "Stibat", "puntType": "inzamelbak", "materialen": ["batterijen"], "uitbetaling": [], "vrijToegankelijk": false, "gemeenteBeperking": null, "openingstijden": null, "latitude": 52.3066915, "longitude": 4.6383819, "bronId": "L024338"}}, {"type": "Feature", "geometry": {"type": "Point", "coordinates": [4.6379871, 52.3062504]}, "properties": {"type": "inleverpunt", "locatieNaam": "1372 Action", "straatNaam": "Meeuwenstraat", "straatNr": "45-51", "postcode": "2134 DV", "plaats": "Hoofddorp", "merk": "Stibat", "puntType": "inzamelbak", "materialen": ["batterijen"], "uitbetaling": [], "vrijToegankelijk": false, "gemeenteBeperking": null, "openingstijden": null, "latitude": 52.3062504, "longitude": 4.6379871, "bronId": "L040191"}}, {"type": "Feature", "geometry": {"type": "Point", "coordinates": [4.653317, 52.324534]}, "properties": {"type": "inleverpunt", "locatieNaam": "Schoonenberg Hoorcomfort", "straatNaam": "Spaarnepoort", "straatNr": "1", "postcode": "2134 TM", "plaats": "Hoofddorp", "merk": "Stibat", "puntType": "inzamelbak", "materialen": ["batterijen"], "uitbetaling": [], "vrijToegankelijk": false, "gemeenteBeperking": null, "openingstijden": null, "latitude": 52.324534, "longitude": 4.653317, "bronId": "L024342"}}, {"type": "Feature", "geometry": {"type": "Point", "coordinates": [4.6765363, 52.3503609]}, "properties": {"type": "inleverpunt", "locatieNaam": "450 Hoogvliet", "straatNaam": "Vijfhuizerweg", "straatNr": "510", "postcode": "2141 CV", "plaats": "Vijfhuizen", "merk": "Stibat", "puntType": "inzamelbak", "materialen": ["batterijen"], "uitbetaling": [], "vrijToegankelijk": false, "gemeenteBeperking": null, "openingstijden": null, "latitude": 52.3503609, "longitude": 4.6765363, "bronId": "L013702"}}, {"type": "Feature", "geometry": {"type": "Point", "coordinates": [4.6776998, 52.3554551]}, "properties": {"type": "inleverpunt", "locatieNaam": "Hendriks Benzine", "straatNaam": "Vijfhuizerdijk", "straatNr": "60", "postcode": "2141 BC", "plaats": "Vijfhuizen", "merk": "Stibat", "puntType": "inzamelbak", "materialen": ["batterijen"], "uitbetaling": [], "vrijToegankelijk": false, "gemeenteBeperking": null, "openingstijden": null, "latitude": 52.3554551, "longitude": 4.6776998, "bronId": "L028278"}}, {"type": "Feature", "geometry": {"type": "Point", "coordinates": [4.6840337, 52.3699114]}, "properties": {"type": "inleverpunt", "locatieNaam": "Tuincentrum de Oosteinde", "straatNaam": "Schipholweg", "straatNr": "1088", "postcode": "2141 BG", "plaats": "Vijfhuizen", "merk": "Stibat", "puntType": "inzamelbak", "materialen": ["batterijen"], "uitbetaling": [], "vrijToegankelijk": false, "gemeenteBeperking": null, "openingstijden": null, "latitude": 52.3699114, "longitude": 4.6840337, "bronId": "L026547"}}, {"type": "Feature", "geometry": {"type": "Point", "coordinates": [4.6310539, 52.3303096]}, "properties": {"type": "inleverpunt", "locatieNaam": "Intratuin", "straatNaam": "Spaarneweg", "straatNr": "251", "postcode": "2142 EP", "plaats": "Cruquius", "merk": "Stibat", "puntType": "inzamelbak", "materialen": ["batterijen"], "uitbetaling": [], "vrijToegankelijk": false, "gemeenteBeperking": null, "openingstijden": null, "latitude": 52.3303096, "longitude": 4.6310539, "bronId": "L021086"}}, {"type": "Feature", "geometry": {"type": "Point", "coordinates": [4.6304421, 52.332053]}, "properties": {"type": "inleverpunt", "locatieNaam": "Praxis 2054", "straatNaam": "Spaarneweg", "straatNr": "46", "postcode": "2142 EN", "plaats": "Cruquius", "merk": "Stibat", "puntType": "inzamelbak", "materialen": ["batterijen"], "uitbetaling": [], "vrijToegankelijk": false, "gemeenteBeperking": null, "openingstijden": null, "latitude": 52.332053, "longitude": 4.6304421, "bronId": "L015747"}}, {"type": "Feature", "geometry": {"type": "Point", "coordinates": [4.6292623, 52.3313491]}, "properties": {"type": "inleverpunt", "locatieNaam": "MediaMarkt", "straatNaam": "Cruquiusplein", "straatNr": "10", "postcode": "2142 EV", "plaats": "Cruquius", "merk": "Stibat", "puntType": "inzamelbak", "materialen": ["batterijen"], "uitbetaling": [], "vrijToegankelijk": false, "gemeenteBeperking": null, "openingstijden": null, "latitude": 52.3313491, "longitude": 4.6292623, "bronId": "L020853"}}, {"type": "Feature", "geometry": {"type": "Point", "coordinates": [4.6098465, 52.3088195]}, "properties": {"type": "inleverpunt", "locatieNaam": "Tuincentrum Global Garden", "straatNaam": "Hillegommerdijk", "straatNr": "554", "postcode": "2136 KX", "plaats": "Zwaanshoek", "merk": "Stibat", "puntType": "inzamelbak", "materialen": ["batterijen"], "uitbetaling": [], "vrijToegankelijk": false, "gemeenteBeperking": null, "openingstijden": null, "latitude": 52.3088195, "longitude": 4.6098465, "bronId": "L048232"}}, {"type": "Feature", "geometry": {"type": "Point", "coordinates": [4.6298594, 52.3323706]}, "properties": {"type": "inleverpunt", "locatieNaam": "Gamma", "straatNaam": "Spaarneweg", "straatNr": "44", "postcode": "2142 EN", "plaats": "Cruquius", "merk": "Stibat", "puntType": "inzamelbak", "materialen": ["batterijen"], "uitbetaling": [], "vrijToegankelijk": false, "gemeenteBeperking": null, "openingstijden": null, "latitude": 52.3323706, "longitude": 4.6298594, "bronId": "L006944"}}, {"type": "Feature", "geometry": {"type": "Point", "coordinates": [4.6283474, 52.3326548]}, "properties": {"type": "inleverpunt", "locatieNaam": "Leen Bakker", "straatNaam": "Cruquiusplein", "straatNr": "52", "postcode": "2142 EV", "plaats": "Cruquius", "merk": "Stibat", "puntType": "inzamelbak", "materialen": ["batterijen"], "uitbetaling": [], "vrijToegankelijk": false, "gemeenteBeperking": null, "openingstijden": null, "latitude": 52.3326548, "longitude": 4.6283474, "bronId": "L022930"}}, {"type": "Feature", "geometry": {"type": "Point", "coordinates": [4.6276731, 52.3323308]}, "properties": {"type": "inleverpunt", "locatieNaam": "Coolblue", "straatNaam": "Cruquiusplein", "straatNr": "44", "postcode": "2142 EV", "plaats": "Cruquius", "merk": "Stibat", "puntType": "inzamelbak", "materialen": ["batterijen"], "uitbetaling": [], "vrijToegankelijk": false, "gemeenteBeperking": null, "openingstijden": null, "latitude": 52.3323308, "longitude": 4.6276731, "bronId": "L049608"}}, {"type": "Feature", "geometry": {"type": "Point", "coordinates": [4.6273915, 52.3322246]}, "properties": {"type": "inleverpunt", "locatieNaam": "Kwantum", "straatNaam": "Cruquiusplein", "straatNr": "42", "postcode": "2142 EV", "plaats": "Cruquius", "merk": "Stibat", "puntType": "inzamelbak", "materialen": ["batterijen"], "uitbetaling": [], "vrijToegankelijk": false, "gemeenteBeperking": null, "openingstijden": null, "latitude": 52.3322246, "longitude": 4.6273915, "bronId": "L026554"}}, {"type": "Feature", "geometry": {"type": "Point", "coordinates": [4.6844536, 52.4118379]}, "properties": {"type": "inleverpunt", "locatieNaam": "8794 Albert Heijn", "straatNaam": "Lageweg", "straatNr": "1-B", "postcode": "2064 KZ", "plaats": "Spaarndam", "merk": "Stibat", "puntType": "inzamelbak", "materialen": ["batterijen"], "uitbetaling": [], "vrijToegankelijk": false, "gemeenteBeperking": null, "openingstijden": null, "latitude": 52.4118379, "longitude": 4.6844536, "bronId": "L007922"}}, {"type": "Feature", "geometry": {"type": "Polygon", "coordinates": [[[4.556721000886464, 52.21920700404995], [4.571938000901575, 52.21697200404868], [4.5815080009112465, 52.218758004049796], [4.583553000913298, 52.21887400404985], [4.601707000931245, 52.214651004047376], [4.619638000949188, 52.21457800404741], [4.632937000962586, 52.21627000404846], [4.643254000973123, 52.220309004050975], [4.646610000976511, 52.220970004051374], [4.657669000987832, 52.22583000405436], [4.6650450009953, 52.22757400405542], [4.67732700100795, 52.234562004059626], [4.681249001012107, 52.23914300406239], [4.686543001017478, 52.24054300406328], [4.692714001023762, 52.24272000406461], [4.701757001032895, 52.24440200406563], [4.705267001036528, 52.246755004067026], [4.706950001038325, 52.249021004068396], [4.713220001044921, 52.2554010040723], [4.720786001052662, 52.25878100407431], [4.725941001058048, 52.263371004077044], [4.730541001062751, 52.26542000407828], [4.73957900107191, 52.267748004079685], [4.743882001076325, 52.269903004081], [4.746625001079183, 52.27222600408236], [4.750161001082775, 52.27334300408304], [4.755732001088385, 52.274096004083496], [4.764038001096809, 52.2764260040849], [4.779910001113015, 52.28313000408889], [4.7895620011229845, 52.28953300409274], [4.792687001126282, 52.29306500409484], [4.79576200112967, 52.29942800409865], [4.798840001132847, 52.30142400409986], [4.801288001135348, 52.302528004100495], [4.809878001144095, 52.30577200410241], [4.813187001147525, 52.3082590041039], [4.814962001149402, 52.31036800410514], [4.816727001151198, 52.31100300410553], [4.817181001151707, 52.312128004106206], [4.816124001150718, 52.31349100410701], [4.819157001154259, 52.32391600411321], [4.818753001153936, 52.32556000411417], [4.81712900115238, 52.32692000411501], [4.815436001150734, 52.327893004115566], [4.797765001133437, 52.33528300411999], [4.790541001126545, 52.341842004123855], [4.757330001094031, 52.35520300413181], [4.755104001091891, 52.356832004132784], [4.754902001091767, 52.35838400413366], [4.758575001096098, 52.371594004141485], [4.758047001095744, 52.375065004143536], [4.756434001094269, 52.37776400414514], [4.7572560010951, 52.37797900414524], [4.759125001097033, 52.37932900414604], [4.758943001097106, 52.38442000414904], [4.758006001096429, 52.38955000415206], [4.757818001096598, 52.39666300415628], [4.756053001094865, 52.39719200415655], [4.7287590010677985, 52.400711004158616], [4.7392080010797635, 52.43106400417639], [4.721983001062696, 52.43333600417772], [4.71065500105111, 52.427693004174415], [4.707597001048011, 52.42676500417385], [4.700537001040907, 52.425513004173105], [4.691486001031534, 52.41881400416918], [4.682476001022288, 52.41384900416624], [4.682496001022283, 52.41336900416597], [4.6821340010219235, 52.41338300416598], [4.681131001020865, 52.41231700416537], [4.67555000101516, 52.40963800416381], [4.671962001011572, 52.40944700416365], [4.673624001013152, 52.407929004162774], [4.67437900101383, 52.40646900416192], [4.6688160010081585, 52.40416300416056], [4.6686650010078665, 52.4013990041589], [4.678686001017764, 52.39947700415781], [4.678570001017598, 52.398515004157254], [4.675630001014599, 52.39724900415649], [4.673199001011991, 52.39368800415439], [4.674429001013078, 52.390991004152816], [4.677716001016295, 52.389738004152065], [4.681190001019792, 52.39028700415241], [4.6825960010210865, 52.38821600415118], [4.686921001025363, 52.38744400415074], [4.685597001023811, 52.382977004148096], [4.680364001018429, 52.379872004146314], [4.67738300101531, 52.37708800414463], [4.6739560010118, 52.37535400414358], [4.672715001010501, 52.374225004142914], [4.67147100100915, 52.372073004141654], [4.6715490010091, 52.36964300414028], [4.676452001013307, 52.35625600413233], [4.676107001012823, 52.35354900413075], [4.674694001011329, 52.35191300412977], [4.672856001009431, 52.350748004129066], [4.649046000985117, 52.34046500412291], [4.646796000982843, 52.33991400412259], [4.6310580009670055, 52.337658004121174], [4.619778000955524, 52.33358700411868], [4.616999000952658, 52.33188000411774], [4.612661000948079, 52.32720100411492], [4.611388000946651, 52.32413900411307], [4.611533000946169, 52.31224000410606], [4.604446000938762, 52.30598700410224], [4.597970000931837, 52.29737600409706], [4.596375000930073, 52.29417500409518], [4.596048000929599, 52.29136900409348], [4.59117300092443, 52.285728004090096], [4.588599000921591, 52.28068100408704], [4.5689790009013596, 52.269019004080036], [4.567922000900247, 52.26797700407936], [4.569521000901409, 52.25969100407436], [4.5675510008988836, 52.2492160040681], [4.562937000893506, 52.234758004059394], [4.562273000892791, 52.233843004058826], [4.561118000891602, 52.233177004058405], [4.555583000886003, 52.232011004057696], [4.554208000884593, 52.2313970040573], [4.550854000881036, 52.227550004054976], [4.5504550008805875, 52.22659700405437], [4.550817000880896, 52.225562004053735], [4.556721000886464, 52.21920700404995]]]}, "properties": {"type": "boundary", "gemeente": "Haarlemmermeer"}}]}