{"type": "FeatureCollection", "metadata": {"gemeente": "Hardenberg", "slug": "hardenberg", "generated_at": "2026-08-31T08:03:42.037366Z", "total_points": 172, "merken": ["StatiegeldNederland", "Stibat", "StichtingOPEN"], "bounds": [6.3696784, 52.4740121, 6.68432, 52.6506173]}, "features": [{"type": "Feature", "geometry": {"type": "Point", "coordinates": [6.4563904, 52.6014596]}, "properties": {"type": "inleverpunt", "locatieNaam": "Albert Heijn", "straatNaam": "Markt", "straatNr": "69", "postcode": "7701 GW", "plaats": "Dedemsvaart", "merk": "StatiegeldNederland", "puntType": "automaat", "materialen": ["pet-groot", "pet-klein", "blik", "glas", "krat"], "uitbetaling": ["bonnetje", "donatie"], "vrijToegankelijk": true, "gemeenteBeperking": null, "openingstijden": {"ma": "08:00–21:00", "di": "08:00–21:00", "wo": "08:00–21:00", "do": "08:00–21:00", "vr": "08:00–21:00", "za": "08:00–21:00", "zo": "Gesloten"}, "latitude": 52.6014596, "longitude": 6.4563904, "bronId": "310586"}}, {"type": "Feature", "geometry": {"type": "Point", "coordinates": [6.6196292, 52.5768705]}, "properties": {"type": "inleverpunt", "locatieNaam": "Albert Heijn", "straatNaam": "Van Wevelinckhovenplein", "straatNr": "60", "postcode": "7772 VJ", "plaats": "Hardenberg", "merk": "StatiegeldNederland", "puntType": "automaat", "materialen": ["pet-groot", "pet-klein", "blik", "glas", "krat"], "uitbetaling": ["bonnetje", "donatie"], "vrijToegankelijk": true, "gemeenteBeperking": null, "openingstijden": {"ma": "08:00–21:00", "di": "08:00–21:00", "wo": "08:00–21:00", "do": "08:00–21:00", "vr": "08:00–21:00", "za": "08:00–21:00", "zo": "Gesloten"}, "latitude": 52.5768705, "longitude": 6.6196292, "bronId": "310925"}}, {"type": "Feature", "geometry": {"type": "Point", "coordinates": [6.603913, 52.581017]}, "properties": {"type": "inleverpunt", "locatieNaam": "Aldi", "straatNaam": "Erve Hamhuijs", "straatNr": "1", "postcode": "7773 DP", "plaats": "Hardenberg", "merk": "StatiegeldNederland", "puntType": "automaat", "materialen": ["pet-groot", "pet-klein", "blik", "glas", "krat"], "uitbetaling": ["bonnetje"], "vrijToegankelijk": true, "gemeenteBeperking": null, "openingstijden": {"ma": "08:00–20:00", "di": "08:00–20:00", "wo": "08:00–20:00", "do": "08:00–20:00", "vr": "08:00–20:00", "za": "08:00–20:00", "zo": "10:00–17:00"}, "latitude": 52.581017, "longitude": 6.603913, "bronId": "311176"}}, {"type": "Feature", "geometry": {"type": "Point", "coordinates": [6.6224569, 52.575098]}, "properties": {"type": "inleverpunt", "locatieNaam": "Aldi", "straatNaam": "Isr. Emanuelplein", "straatNr": "9", "postcode": "7772 BH", "plaats": "Hardenberg", "merk": "StatiegeldNederland", "puntType": "automaat", "materialen": ["pet-groot", "pet-klein", "blik", "glas", "krat"], "uitbetaling": ["bonnetje"], "vrijToegankelijk": true, "gemeenteBeperking": null, "openingstijden": {"ma": "08:00–20:00", "di": "08:00–20:00", "wo": "08:00–20:00", "do": "08:00–20:00", "vr": "08:00–20:00", "za": "08:00–20:00", "zo": "10:00–17:00"}, "latitude": 52.575098, "longitude": 6.6224569, "bronId": "311254"}}, {"type": "Feature", "geometry": {"type": "Point", "coordinates": [6.4581505, 52.6040895]}, "properties": {"type": "inleverpunt", "locatieNaam": "Aldi", "straatNaam": "Julianastraat", "straatNr": "81", "postcode": "7701 GK", "plaats": "Dedemsvaart", "merk": "StatiegeldNederland", "puntType": "automaat", "materialen": ["pet-groot", "pet-klein", "blik", "glas", "krat"], "uitbetaling": ["bonnetje"], "vrijToegankelijk": true, "gemeenteBeperking": null, "openingstijden": {"ma": "08:00–20:00", "di": "08:00–20:00", "wo": "08:00–20:00", "do": "08:00–20:00", "vr": "08:00–20:00", "za": "08:00–20:00", "zo": "Gesloten"}, "latitude": 52.6040895, "longitude": 6.4581505, "bronId": "311270"}}, {"type": "Feature", "geometry": {"type": "Point", "coordinates": [6.6240766, 52.5763413]}, "properties": {"type": "inleverpunt", "locatieNaam": "Alfa-college", "straatNaam": "Parkweg", "straatNr": "1a1", "postcode": "7772 XP", "plaats": "Hardenberg", "merk": "StatiegeldNederland", "puntType": "automaat", "materialen": ["pet-klein", "blik"], "uitbetaling": ["donatie", "tikkie"], "vrijToegankelijk": true, "gemeenteBeperking": null, "openingstijden": null, "latitude": 52.5763413, "longitude": 6.6240766, "bronId": "311548"}}, {"type": "Feature", "geometry": {"type": "Point", "coordinates": [6.617339, 52.6506173]}, "properties": {"type": "inleverpunt", "locatieNaam": "Boon‘s Markt", "straatNaam": "Turfstekersplein", "straatNr": "11", "postcode": "7782 NZ", "plaats": "De Krim", "merk": "StatiegeldNederland", "puntType": "automaat", "materialen": ["pet-groot", "pet-klein", "blik", "glas", "krat"], "uitbetaling": ["bonnetje", "donatie"], "vrijToegankelijk": true, "gemeenteBeperking": null, "openingstijden": {"ma": "08:00–20:00", "di": "08:00–20:00", "wo": "08:00–17:00", "do": "09:00–20:00", "vr": "08:00–20:00", "za": "08:00–20:00", "zo": "10:00–17:00"}, "latitude": 52.6506173, "longitude": 6.617339, "bronId": "311948"}}, {"type": "Feature", "geometry": {"type": "Point", "coordinates": [6.537492, 52.5821508]}, "properties": {"type": "inleverpunt", "locatieNaam": "Capfun het Stoetenslagh", "straatNaam": "Elfde Wijk", "straatNr": "42", "postcode": "7797 HH", "plaats": "Rheezerveen", "merk": "StatiegeldNederland", "puntType": "automaat", "materialen": ["pet-klein", "blik"], "uitbetaling": [], "vrijToegankelijk": false, "gemeenteBeperking": null, "openingstijden": null, "latitude": 52.5821508, "longitude": 6.537492, "bronId": "312067"}}, {"type": "Feature", "geometry": {"type": "Point", "coordinates": [6.4502299, 52.5963404]}, "properties": {"type": "inleverpunt", "locatieNaam": "Dvc Dedemsvaart", "straatNaam": "Sportlaan", "straatNr": "13", "postcode": "7701 VP", "plaats": "Dedemsvaart", "merk": "StatiegeldNederland", "puntType": "balie", "materialen": ["pet-groot", "pet-klein", "blik"], "uitbetaling": [], "vrijToegankelijk": false, "gemeenteBeperking": null, "openingstijden": null, "latitude": 52.5963404, "longitude": 6.4502299, "bronId": "312906"}}, {"type": "Feature", "geometry": {"type": "Point", "coordinates": [6.620719, 52.574053]}, "properties": {"type": "inleverpunt", "locatieNaam": "Jumbo", "straatNaam": "Admiraal Helfrichstraat", "straatNr": "1", "postcode": "7772 BV", "plaats": "Hardenberg", "merk": "StatiegeldNederland", "puntType": "automaat", "materialen": ["pet-groot", "pet-klein", "blik", "glas", "krat"], "uitbetaling": ["bonnetje", "donatie"], "vrijToegankelijk": true, "gemeenteBeperking": null, "openingstijden": {"ma": "08:00–21:00", "di": "08:00–21:00", "wo": "08:00–21:00", "do": "08:00–21:00", "vr": "08:00–21:00", "za": "08:00–21:00", "zo": "10:00–17:00"}, "latitude": 52.574053, "longitude": 6.620719, "bronId": "313521"}}, {"type": "Feature", "geometry": {"type": "Point", "coordinates": [6.555704, 52.627068]}, "properties": {"type": "inleverpunt", "locatieNaam": "Jumbo", "straatNaam": "Herenstraat", "straatNr": "19", "postcode": "7776 AG", "plaats": "Slagharen", "merk": "StatiegeldNederland", "puntType": "automaat", "materialen": ["pet-groot", "pet-klein", "blik", "glas", "krat"], "uitbetaling": ["bonnetje"], "vrijToegankelijk": true, "gemeenteBeperking": null, "openingstijden": {"ma": "08:00–20:00", "di": "08:00–20:00", "wo": "08:00–20:00", "do": "08:00–20:00", "vr": "08:00–21:00", "za": "08:00–19:00", "zo": "12:00–16:00"}, "latitude": 52.627068, "longitude": 6.555704, "bronId": "313727"}}, {"type": "Feature", "geometry": {"type": "Point", "coordinates": [6.4553576, 52.6013903]}, "properties": {"type": "inleverpunt", "locatieNaam": "Jumbo", "straatNaam": "Markt", "straatNr": "32", "postcode": "7701 GW", "plaats": "Dedemsvaart", "merk": "StatiegeldNederland", "puntType": "automaat", "materialen": ["pet-groot", "pet-klein", "blik", "glas", "krat"], "uitbetaling": ["bonnetje"], "vrijToegankelijk": true, "gemeenteBeperking": null, "openingstijden": {"ma": "08:00–21:00", "di": "08:00–21:00", "wo": "08:00–21:00", "do": "08:00–21:00", "vr": "08:00–21:00", "za": "08:00–21:00", "zo": "10:00–18:00"}, "latitude": 52.6013903, "longitude": 6.4553576, "bronId": "313881"}}, {"type": "Feature", "geometry": {"type": "Point", "coordinates": [6.6170284, 52.6502349]}, "properties": {"type": "inleverpunt", "locatieNaam": "Kc Centrum", "straatNaam": "Jupiterstraat", "straatNr": "1D", "postcode": "7782 RC", "plaats": "De Krim", "merk": "StatiegeldNederland", "puntType": "balie", "materialen": ["pet-groot", "pet-klein", "blik"], "uitbetaling": [], "vrijToegankelijk": false, "gemeenteBeperking": null, "openingstijden": null, "latitude": 52.6502349, "longitude": 6.6170284, "bronId": "314214"}}, {"type": "Feature", "geometry": {"type": "Point", "coordinates": [6.630726, 52.4749413]}, "properties": {"type": "inleverpunt", "locatieNaam": "Landal Villapark De Vlegge", "straatNaam": "Valkenlaan", "straatNr": "100", "postcode": "7693 VG", "plaats": "Sibculo", "merk": "StatiegeldNederland", "puntType": "automaat", "materialen": ["pet-groot", "pet-klein", "blik"], "uitbetaling": ["bonnetje", "donatie", "tikkie"], "vrijToegankelijk": true, "gemeenteBeperking": null, "openingstijden": null, "latitude": 52.4749413, "longitude": 6.630726, "bronId": "314346"}}, {"type": "Feature", "geometry": {"type": "Point", "coordinates": [6.4563672, 52.6058416]}, "properties": {"type": "inleverpunt", "locatieNaam": "Lidl", "straatNaam": "Langewijk", "straatNr": "154", "postcode": "7701 AJ", "plaats": "Dedemsvaart", "merk": "StatiegeldNederland", "puntType": "automaat", "materialen": ["pet-groot", "pet-klein", "blik", "glas", "krat"], "uitbetaling": ["bonnetje", "donatie"], "vrijToegankelijk": true, "gemeenteBeperking": null, "openingstijden": {"ma": "08:00–21:00", "di": "08:00–21:00", "wo": "08:00–21:00", "do": "08:00–21:00", "vr": "08:00–21:00", "za": "08:00–21:00", "zo": "10:00–17:00"}, "latitude": 52.6058416, "longitude": 6.4563672, "bronId": "314578"}}, {"type": "Feature", "geometry": {"type": "Point", "coordinates": [6.6176554, 52.5763852]}, "properties": {"type": "inleverpunt", "locatieNaam": "Lidl", "straatNaam": "Markt", "straatNr": "50", "postcode": "7772 AE", "plaats": "Hardenberg", "merk": "StatiegeldNederland", "puntType": "automaat", "materialen": ["pet-groot", "pet-klein", "blik", "glas", "krat"], "uitbetaling": ["bonnetje", "donatie"], "vrijToegankelijk": true, "gemeenteBeperking": null, "openingstijden": {"ma": "08:00–21:00", "di": "08:00–21:00", "wo": "08:00–21:00", "do": "08:00–21:00", "vr": "08:00–21:00", "za": "08:00–21:00", "zo": "10:00–17:00"}, "latitude": 52.5763852, "longitude": 6.6176554, "bronId": "314594"}}, {"type": "Feature", "geometry": {"type": "Point", "coordinates": [6.4570016, 52.604236]}, "properties": {"type": "inleverpunt", "locatieNaam": "Medikamente die Grenze", "straatNaam": "Julianastraat", "straatNr": "82", "postcode": "7701 GN", "plaats": "Dedemsvaart", "merk": "StatiegeldNederland", "puntType": "automaat", "materialen": ["pet-groot", "pet-klein", "blik"], "uitbetaling": ["bonnetje"], "vrijToegankelijk": true, "gemeenteBeperking": null, "openingstijden": null, "latitude": 52.604236, "longitude": 6.4570016, "bronId": "315054"}}, {"type": "Feature", "geometry": {"type": "Point", "coordinates": [6.6200463, 52.5761983]}, "properties": {"type": "inleverpunt", "locatieNaam": "Medikamente die Grenze", "straatNaam": "Smederijstraat", "straatNr": "6", "postcode": "7772 VG", "plaats": "Hardenberg", "merk": "StatiegeldNederland", "puntType": "automaat", "materialen": ["pet-groot", "pet-klein", "blik"], "uitbetaling": ["bonnetje"], "vrijToegankelijk": true, "gemeenteBeperking": null, "openingstijden": null, "latitude": 52.5761983, "longitude": 6.6200463, "bronId": "315074"}}, {"type": "Feature", "geometry": {"type": "Point", "coordinates": [6.6760259, 52.6102584]}, "properties": {"type": "inleverpunt", "locatieNaam": "Plus", "straatNaam": "De Oostermaat", "straatNr": "60", "postcode": "7783 BX", "plaats": "Gramsbergen", "merk": "StatiegeldNederland", "puntType": "automaat", "materialen": ["pet-groot", "pet-klein", "blik", "glas", "krat"], "uitbetaling": ["bonnetje", "donatie"], "vrijToegankelijk": true, "gemeenteBeperking": null, "openingstijden": {"ma": "08:00–20:00", "di": "08:00–20:00", "wo": "08:00–20:00", "do": "08:00–20:00", "vr": "08:00–20:00", "za": "08:00–20:00", "zo": "10:00–17:00"}, "latitude": 52.6102584, "longitude": 6.6760259, "bronId": "315600"}}, {"type": "Feature", "geometry": {"type": "Point", "coordinates": [6.6177043, 52.5273802]}, "properties": {"type": "inleverpunt", "locatieNaam": "Plus", "straatNaam": "Dr. J.H.C. Bastingplein", "straatNr": "18", "postcode": "7691 BG", "plaats": "Bergentheim", "merk": "StatiegeldNederland", "puntType": "automaat", "materialen": ["pet-groot", "pet-klein", "blik", "glas", "krat"], "uitbetaling": ["bonnetje", "donatie"], "vrijToegankelijk": true, "gemeenteBeperking": null, "openingstijden": {"ma": "08:00–21:00", "di": "08:00–21:00", "wo": "08:00–21:00", "do": "08:00–21:00", "vr": "08:00–21:00", "za": "08:00–21:00", "zo": "11:00–17:00"}, "latitude": 52.5273802, "longitude": 6.6177043, "bronId": "315642"}}, {"type": "Feature", "geometry": {"type": "Point", "coordinates": [6.64289, 52.57502]}, "properties": {"type": "inleverpunt", "locatieNaam": "Plus", "straatNaam": "Floralaan", "straatNr": "46", "postcode": "7772 LL", "plaats": "Hardenberg", "merk": "StatiegeldNederland", "puntType": "automaat", "materialen": ["pet-groot", "pet-klein", "blik", "glas", "krat"], "uitbetaling": ["bonnetje", "donatie"], "vrijToegankelijk": true, "gemeenteBeperking": null, "openingstijden": {"ma": "08:00–21:00", "di": "08:00–21:00", "wo": "08:00–21:00", "do": "08:00–21:00", "vr": "08:00–21:00", "za": "08:00–21:00", "zo": "10:00–17:00"}, "latitude": 52.57502, "longitude": 6.64289, "bronId": "315656"}}, {"type": "Feature", "geometry": {"type": "Point", "coordinates": [6.3920425, 52.6004652]}, "properties": {"type": "inleverpunt", "locatieNaam": "Poiesz", "straatNaam": "Ommerweg", "straatNr": "2", "postcode": "7707 AV", "plaats": "Balkbrug", "merk": "StatiegeldNederland", "puntType": "automaat", "materialen": ["pet-groot", "pet-klein", "blik", "glas", "krat"], "uitbetaling": ["bonnetje", "donatie"], "vrijToegankelijk": true, "gemeenteBeperking": null, "openingstijden": {"ma": "08:00–20:00", "di": "08:00–20:00", "wo": "08:00–20:00", "do": "08:00–20:00", "vr": "08:00–21:00", "za": "08:00–21:00", "zo": "10:00–18:00"}, "latitude": 52.6004652, "longitude": 6.3920425, "bronId": "316020"}}, {"type": "Feature", "geometry": {"type": "Point", "coordinates": [6.6027357, 52.5744064]}, "properties": {"type": "inleverpunt", "locatieNaam": "Shell", "straatNaam": "Haardijk", "straatNr": "3", "postcode": "7771 PZ", "plaats": "Hardenberg", "merk": "StatiegeldNederland", "puntType": "automaat", "materialen": ["pet-groot", "pet-klein", "blik", "krat"], "uitbetaling": ["donatie", "tikkie"], "vrijToegankelijk": true, "gemeenteBeperking": null, "openingstijden": {"ma": "06:00–22:00", "di": "06:00–22:00", "wo": "06:00–22:00", "do": "06:00–22:00", "vr": "06:00–22:00", "za": "07:00–22:00", "zo": "08:00–22:00"}, "latitude": 52.5744064, "longitude": 6.6027357, "bronId": "316468"}}, {"type": "Feature", "geometry": {"type": "Point", "coordinates": [6.5645278, 52.6241723]}, "properties": {"type": "inleverpunt", "locatieNaam": "Slagharen", "straatNaam": "Zwarte Dijk", "straatNr": "37", "postcode": "7776 PB", "plaats": "Slagharen", "merk": "StatiegeldNederland", "puntType": "automaat", "materialen": ["pet-groot", "pet-klein", "blik"], "uitbetaling": ["bonnetje", "donatie", "tikkie"], "vrijToegankelijk": true, "gemeenteBeperking": null, "openingstijden": null, "latitude": 52.6241723, "longitude": 6.5645278, "bronId": "316645"}}, {"type": "Feature", "geometry": {"type": "Point", "coordinates": [6.6055621, 52.5643341]}, "properties": {"type": "inleverpunt", "locatieNaam": "Spar", "straatNaam": "Jupiterplein", "straatNr": "1", "postcode": "7771 XT", "plaats": "Hardenberg", "merk": "StatiegeldNederland", "puntType": "automaat", "materialen": ["pet-groot", "pet-klein", "blik", "glas", "krat"], "uitbetaling": ["bonnetje"], "vrijToegankelijk": true, "gemeenteBeperking": null, "openingstijden": {"ma": "07:00–20:00", "di": "07:00–20:00", "wo": "07:00–20:00", "do": "07:00–20:00", "vr": "07:00–20:00", "za": "07:00–19:00", "zo": "10:00–17:00"}, "latitude": 52.5643341, "longitude": 6.6055621, "bronId": "316746"}}, {"type": "Feature", "geometry": {"type": "Point", "coordinates": [6.5650776, 52.6222275]}, "properties": {"type": "inleverpunt", "locatieNaam": "Spar", "straatNaam": "ZWARTE DIJK", "straatNr": "37", "postcode": "7776 PB", "plaats": "Slagharen", "merk": "StatiegeldNederland", "puntType": "balie", "materialen": ["pet-groot", "pet-klein", "blik"], "uitbetaling": [], "vrijToegankelijk": true, "gemeenteBeperking": null, "openingstijden": {"ma": "08:00–18:30", "di": "08:00–18:30", "wo": "08:00–18:30", "do": "08:00–18:30", "vr": "08:00–18:30", "za": "08:00–18:30", "zo": "08:00–18:30"}, "latitude": 52.6222275, "longitude": 6.5650776, "bronId": "316866"}}, {"type": "Feature", "geometry": {"type": "Point", "coordinates": [6.567755, 52.5975376]}, "properties": {"type": "inleverpunt", "locatieNaam": "Supermarkt Attractiepark Slagharen", "straatNaam": "Jachthuisweg", "straatNr": "19", "postcode": "7798 CM", "plaats": "Collendoorn", "merk": "StatiegeldNederland", "puntType": "automaat", "materialen": ["pet-groot", "pet-klein", "blik"], "uitbetaling": ["bonnetje", "donatie"], "vrijToegankelijk": true, "gemeenteBeperking": null, "openingstijden": null, "latitude": 52.5975376, "longitude": 6.567755, "bronId": "317127"}}, {"type": "Feature", "geometry": {"type": "Point", "coordinates": [6.6403724, 52.4798833]}, "properties": {"type": "inleverpunt", "locatieNaam": "Supermarkt Hendriks", "straatNaam": "Kloosterdijk", "straatNr": "178", "postcode": "7693 PS", "plaats": "Sibculo", "merk": "StatiegeldNederland", "puntType": "automaat", "materialen": ["pet-groot", "pet-klein", "blik"], "uitbetaling": ["bonnetje", "donatie"], "vrijToegankelijk": true, "gemeenteBeperking": null, "openingstijden": null, "latitude": 52.4798833, "longitude": 6.6403724, "bronId": "317142"}}, {"type": "Feature", "geometry": {"type": "Point", "coordinates": [6.5724394, 52.509734]}, "properties": {"type": "inleverpunt", "locatieNaam": "Supermarkt Telman", "straatNaam": "OUDE WEG", "straatNr": "8", "postcode": "7692 AE", "plaats": "Marienberg", "merk": "StatiegeldNederland", "puntType": "balie", "materialen": ["pet-groot", "pet-klein", "blik"], "uitbetaling": [], "vrijToegankelijk": true, "gemeenteBeperking": null, "openingstijden": {"ma": "08:30–18:00", "di": "08:30–18:00", "wo": "08:30–18:00", "do": "08:30–20:00", "vr": "08:30–18:00", "za": "08:00–17:00", "zo": "Gesloten"}, "latitude": 52.509734, "longitude": 6.5724394, "bronId": "317156"}}, {"type": "Feature", "geometry": {"type": "Point", "coordinates": [6.3928006, 52.597219]}, "properties": {"type": "inleverpunt", "locatieNaam": "ViaTim", "straatNaam": "Beukenlaan", "straatNr": "5", "postcode": "7707 BL", "plaats": "Balkbrug", "merk": "StatiegeldNederland", "puntType": "balie", "materialen": ["pet-groot", "pet-klein", "blik"], "uitbetaling": ["tikkie"], "vrijToegankelijk": true, "gemeenteBeperking": null, "openingstijden": null, "latitude": 52.597219, "longitude": 6.3928006, "bronId": "317640"}}, {"type": "Feature", "geometry": {"type": "Point", "coordinates": [6.6584861, 52.5296751]}, "properties": {"type": "inleverpunt", "locatieNaam": "ViaTim", "straatNaam": "Hoopsteeweg", "straatNr": "23A", "postcode": "7695 SJ", "plaats": "Bruchterveld", "merk": "StatiegeldNederland", "puntType": "balie", "materialen": ["pet-groot", "pet-klein", "blik"], "uitbetaling": ["tikkie"], "vrijToegankelijk": true, "gemeenteBeperking": null, "openingstijden": null, "latitude": 52.5296751, "longitude": 6.6584861, "bronId": "317783"}}, {"type": "Feature", "geometry": {"type": "Point", "coordinates": [6.6233424, 52.5726651]}, "properties": {"type": "inleverpunt", "locatieNaam": "ViaTim", "straatNaam": "M. Harmszn. Trompstraat", "straatNr": "4", "postcode": "7772 ZH", "plaats": "Hardenberg", "merk": "StatiegeldNederland", "puntType": "balie", "materialen": ["pet-groot", "pet-klein", "blik"], "uitbetaling": ["tikkie"], "vrijToegankelijk": true, "gemeenteBeperking": null, "openingstijden": null, "latitude": 52.5726651, "longitude": 6.6233424, "bronId": "317864"}}, {"type": "Feature", "geometry": {"type": "Point", "coordinates": [6.6284142, 52.5744859]}, "properties": {"type": "inleverpunt", "locatieNaam": "ViaTim", "straatNaam": "Paasberg", "straatNr": "69", "postcode": "7772 CM", "plaats": "Hardenberg", "merk": "StatiegeldNederland", "puntType": "balie", "materialen": ["pet-groot", "pet-klein", "blik"], "uitbetaling": ["tikkie"], "vrijToegankelijk": true, "gemeenteBeperking": null, "openingstijden": {"ma": "06:00–22:00", "di": "06:00–22:00", "wo": "06:00–22:00", "do": "06:00–22:00", "vr": "06:00–22:00", "za": "07:00–22:00", "zo": "08:00–22:00"}, "latitude": 52.5744859, "longitude": 6.6284142, "bronId": "317918"}}, {"type": "Feature", "geometry": {"type": "Point", "coordinates": [6.6721351, 52.4988857]}, "properties": {"type": "inleverpunt", "locatieNaam": "Vv Kloosterhaar", "straatNaam": "Sportstraat", "straatNr": "1", "postcode": "7694 BA", "plaats": "Kloosterhaar", "merk": "StatiegeldNederland", "puntType": "balie", "materialen": ["pet-groot", "pet-klein", "blik"], "uitbetaling": [], "vrijToegankelijk": false, "gemeenteBeperking": null, "openingstijden": null, "latitude": 52.4988857, "longitude": 6.6721351, "bronId": "318324"}}, {"type": "Feature", "geometry": {"type": "Point", "coordinates": [6.418436, 52.575485]}, "properties": {"type": "inleverpunt", "locatieNaam": "Teun's Hoeve", "straatNaam": "Maatschappijwijk", "straatNr": "36", "postcode": "7707 SH", "plaats": "Balkbrug", "merk": "StichtingOPEN", "puntType": "balie", "materialen": ["elektro-middel"], "uitbetaling": [], "vrijToegankelijk": false, "gemeenteBeperking": null, "openingstijden": null, "latitude": 52.575485, "longitude": 6.418436, "bronId": "SP00006160"}}, {"type": "Feature", "geometry": {"type": "Point", "coordinates": [6.392051, 52.600475]}, "properties": {"type": "inleverpunt", "locatieNaam": "PLUS Balkbrug", "straatNaam": "Ommerweg", "straatNr": "2", "postcode": "7707 AV", "plaats": "Balkbrug", "merk": "StichtingOPEN", "puntType": "balie", "materialen": ["batterijen", "lampen"], "uitbetaling": [], "vrijToegankelijk": false, "gemeenteBeperking": null, "openingstijden": null, "latitude": 52.600475, "longitude": 6.392051, "bronId": "SP00024125"}}, {"type": "Feature", "geometry": {"type": "Point", "coordinates": [6.453191, 52.601095]}, "properties": {"type": "inleverpunt", "locatieNaam": "Jumbo Dedemsvaart", "straatNaam": "Markt", "straatNr": "32", "postcode": "7701 GW", "plaats": "Dedemsvaart", "merk": "StichtingOPEN", "puntType": "balie", "materialen": ["batterijen", "lampen"], "uitbetaling": [], "vrijToegankelijk": false, "gemeenteBeperking": null, "openingstijden": null, "latitude": 52.601095, "longitude": 6.453191, "bronId": "SP00025338"}}, {"type": "Feature", "geometry": {"type": "Point", "coordinates": [6.45551, 52.60127]}, "properties": {"type": "inleverpunt", "locatieNaam": "Kruidvat Dedemsvaart", "straatNaam": "Markt", "straatNr": "30", "postcode": "7701 GW", "plaats": "Dedemsvaart", "merk": "StichtingOPEN", "puntType": "balie", "materialen": ["batterijen", "lampen"], "uitbetaling": [], "vrijToegankelijk": false, "gemeenteBeperking": null, "openingstijden": null, "latitude": 52.60127, "longitude": 6.45551, "bronId": "SP00029757"}}, {"type": "Feature", "geometry": {"type": "Point", "coordinates": [6.456147, 52.60098]}, "properties": {"type": "inleverpunt", "locatieNaam": "4004 Albert Heijn Dedemsvaart", "straatNaam": "Markt", "straatNr": "69", "postcode": "7701 GW", "plaats": "Dedemsvaart", "merk": "StichtingOPEN", "puntType": "balie", "materialen": ["batterijen", "elektro-klein", "lampen"], "uitbetaling": [], "vrijToegankelijk": false, "gemeenteBeperking": null, "openingstijden": null, "latitude": 52.60098, "longitude": 6.456147, "bronId": "SP00023131"}}, {"type": "Feature", "geometry": {"type": "Point", "coordinates": [6.457868, 52.599506]}, "properties": {"type": "inleverpunt", "locatieNaam": "Stichting De Makelij", "straatNaam": "Wisseling", "straatNr": "20A", "postcode": "7701 GS", "plaats": "Dedemsvaart", "merk": "StichtingOPEN", "puntType": "balie", "materialen": ["batterijen", "elektro-groot", "elektro-klein", "elektro-middel", "lampen", "tl-buizen"], "uitbetaling": [], "vrijToegankelijk": false, "gemeenteBeperking": null, "openingstijden": null, "latitude": 52.599506, "longitude": 6.457868, "bronId": "SP00036961"}}, {"type": "Feature", "geometry": {"type": "Point", "coordinates": [6.456871, 52.600472]}, "properties": {"type": "inleverpunt", "locatieNaam": "Action Dedemsvaart 1125", "straatNaam": "Markt", "straatNr": "29", "postcode": "7701 GW", "plaats": "Dedemsvaart", "merk": "StichtingOPEN", "puntType": "balie", "materialen": ["batterijen", "lampen"], "uitbetaling": [], "vrijToegankelijk": false, "gemeenteBeperking": null, "openingstijden": null, "latitude": 52.600472, "longitude": 6.456871, "bronId": "SP00007715"}}, {"type": "Feature", "geometry": {"type": "Point", "coordinates": [6.452043, 52.605518]}, "properties": {"type": "inleverpunt", "locatieNaam": "Kinderboerderij DEKIBO", "straatNaam": "Langewijk", "straatNr": "116", "postcode": "7701 AH", "plaats": "Dedemsvaart", "merk": "StichtingOPEN", "puntType": "balie", "materialen": ["elektro-klein", "elektro-middel"], "uitbetaling": [], "vrijToegankelijk": false, "gemeenteBeperking": null, "openingstijden": null, "latitude": 52.605518, "longitude": 6.452043, "bronId": "SP00005683"}}, {"type": "Feature", "geometry": {"type": "Point", "coordinates": [6.45815, 52.604089]}, "properties": {"type": "inleverpunt", "locatieNaam": "Aldi Dedemsvaart", "straatNaam": "Julianastraat", "straatNr": "81", "postcode": "7701 GK", "plaats": "Dedemsvaart", "merk": "StichtingOPEN", "puntType": "balie", "materialen": ["batterijen", "elektro-klein", "lampen"], "uitbetaling": [], "vrijToegankelijk": false, "gemeenteBeperking": null, "openingstijden": null, "latitude": 52.604089, "longitude": 6.45815, "bronId": "SP00027000"}}, {"type": "Feature", "geometry": {"type": "Point", "coordinates": [6.47347, 52.607127]}, "properties": {"type": "inleverpunt", "locatieNaam": "Fixitall Computers & Services", "straatNaam": "Langewijk", "straatNr": "310", "postcode": "7701 AP", "plaats": "Dedemsvaart", "merk": "StichtingOPEN", "puntType": "balie", "materialen": ["batterijen", "elektro-groot", "elektro-klein", "elektro-middel", "lampen", "tl-buizen"], "uitbetaling": [], "vrijToegankelijk": false, "gemeenteBeperking": null, "openingstijden": null, "latitude": 52.607127, "longitude": 6.47347, "bronId": "SP00035576"}}, {"type": "Feature", "geometry": {"type": "Point", "coordinates": [6.475987, 52.606507]}, "properties": {"type": "inleverpunt", "locatieNaam": "Praxis Dedemsvaart - 2292", "straatNaam": "Kelvinstraat", "straatNr": "28", "postcode": "7701 BZ", "plaats": "Dedemsvaart", "merk": "StichtingOPEN", "puntType": "balie", "materialen": ["elektro-middel", "lampen", "tl-buizen"], "uitbetaling": [], "vrijToegankelijk": false, "gemeenteBeperking": null, "openingstijden": null, "latitude": 52.606507, "longitude": 6.475987, "bronId": "SP00004892"}}, {"type": "Feature", "geometry": {"type": "Point", "coordinates": [6.480397, 52.607753]}, "properties": {"type": "inleverpunt", "locatieNaam": "EP Hans Brinkhuis", "straatNaam": "Langewijk", "straatNr": "388A", "postcode": "7701 AS", "plaats": "Dedemsvaart", "merk": "StichtingOPEN", "puntType": "balie", "materialen": ["batterijen", "elektro-groot", "elektro-klein", "elektro-middel", "lampen", "tl-buizen"], "uitbetaling": [], "vrijToegankelijk": false, "gemeenteBeperking": null, "openingstijden": null, "latitude": 52.607753, "longitude": 6.480397, "bronId": "SP00002593"}}, {"type": "Feature", "geometry": {"type": "Point", "coordinates": [6.503435, 52.609082]}, "properties": {"type": "inleverpunt", "locatieNaam": "Sluis 6 keukens", "straatNaam": "Rheezerend", "straatNr": "136", "postcode": "7701 BJ", "plaats": "Dedemsvaart", "merk": "StichtingOPEN", "puntType": "balie", "materialen": ["elektro-groot", "elektro-middel", "lampen", "tl-buizen"], "uitbetaling": [], "vrijToegankelijk": false, "gemeenteBeperking": null, "openingstijden": null, "latitude": 52.609082, "longitude": 6.503435, "bronId": "SP00020370"}}, {"type": "Feature", "geometry": {"type": "Point", "coordinates": [6.64013, 52.47984]}, "properties": {"type": "inleverpunt", "locatieNaam": "Spar Sibculo", "straatNaam": "Kloosterdijk", "straatNr": "178", "postcode": "7693 PS", "plaats": "Sibculo", "merk": "StichtingOPEN", "puntType": "balie", "materialen": ["batterijen", "lampen"], "uitbetaling": [], "vrijToegankelijk": false, "gemeenteBeperking": null, "openingstijden": null, "latitude": 52.47984, "longitude": 6.64013, "bronId": "SP00030020"}}, {"type": "Feature", "geometry": {"type": "Point", "coordinates": [6.617787, 52.52735]}, "properties": {"type": "inleverpunt", "locatieNaam": "PLUS Bergentheim", "straatNaam": "Dr. J.H.C. Bastingplein", "straatNr": "18", "postcode": "7691 BG", "plaats": "Bergentheim", "merk": "StichtingOPEN", "puntType": "balie", "materialen": ["batterijen", "lampen"], "uitbetaling": [], "vrijToegankelijk": false, "gemeenteBeperking": null, "openingstijden": null, "latitude": 52.52735, "longitude": 6.617787, "bronId": "SP00024046"}}, {"type": "Feature", "geometry": {"type": "Point", "coordinates": [6.605562, 52.564334]}, "properties": {"type": "inleverpunt", "locatieNaam": "Spar Hardenberg", "straatNaam": "Jupiterplein", "straatNr": "1", "postcode": "7771 XT", "plaats": "Hardenberg", "merk": "StichtingOPEN", "puntType": "balie", "materialen": ["batterijen", "lampen"], "uitbetaling": [], "vrijToegankelijk": false, "gemeenteBeperking": null, "openingstijden": null, "latitude": 52.564334, "longitude": 6.605562, "bronId": "SP00022452"}}, {"type": "Feature", "geometry": {"type": "Point", "coordinates": [6.594487, 52.576119]}, "properties": {"type": "inleverpunt", "locatieNaam": "Wildkamp", "straatNaam": "Kollergang", "straatNr": "3", "postcode": "7773 NG", "plaats": "Hardenberg", "merk": "StichtingOPEN", "puntType": "balie", "materialen": ["lampen", "tl-buizen"], "uitbetaling": [], "vrijToegankelijk": false, "gemeenteBeperking": null, "openingstijden": null, "latitude": 52.576119, "longitude": 6.594487, "bronId": "SP00007951"}}, {"type": "Feature", "geometry": {"type": "Point", "coordinates": [6.592233, 52.578819]}, "properties": {"type": "inleverpunt", "locatieNaam": "Keukenprins Keukens B.V.", "straatNaam": "Korte Spruit", "straatNr": "4", "postcode": "7773 NR", "plaats": "Hardenberg", "merk": "StichtingOPEN", "puntType": "balie", "materialen": ["elektro-groot", "elektro-klein", "tl-buizen"], "uitbetaling": [], "vrijToegankelijk": false, "gemeenteBeperking": null, "openingstijden": null, "latitude": 52.578819, "longitude": 6.592233, "bronId": "SP00038863"}}, {"type": "Feature", "geometry": {"type": "Point", "coordinates": [6.594766, 52.578407]}, "properties": {"type": "inleverpunt", "locatieNaam": "Praxis Hardenberg - 2246", "straatNaam": "Lange Spruit", "straatNr": "9", "postcode": "7773 NE", "plaats": "Hardenberg", "merk": "StichtingOPEN", "puntType": "balie", "materialen": ["elektro-middel", "lampen", "tl-buizen"], "uitbetaling": [], "vrijToegankelijk": false, "gemeenteBeperking": null, "openingstijden": null, "latitude": 52.578407, "longitude": 6.594766, "bronId": "SP00004560"}}, {"type": "Feature", "geometry": {"type": "Point", "coordinates": [6.595804, 52.577344]}, "properties": {"type": "inleverpunt", "locatieNaam": "GAMMA Hardenberg", "straatNaam": "Lange Spruit", "straatNr": "7", "postcode": "7773 NE", "plaats": "Hardenberg", "merk": "StichtingOPEN", "puntType": "balie", "materialen": ["batterijen", "elektro-klein", "lampen", "tl-buizen"], "uitbetaling": [], "vrijToegankelijk": false, "gemeenteBeperking": null, "openingstijden": null, "latitude": 52.577344, "longitude": 6.595804, "bronId": "SP00003017"}}, {"type": "Feature", "geometry": {"type": "Point", "coordinates": [6.550804, 52.623129]}, "properties": {"type": "inleverpunt", "locatieNaam": "Kringloop een nieuwe toekomst", "straatNaam": "Labora", "straatNr": "2", "postcode": "7776 SJ", "plaats": "Slagharen", "merk": "StichtingOPEN", "puntType": "balie", "materialen": ["batterijen", "elektro-groot", "elektro-klein", "elektro-middel", "lampen", "tl-buizen"], "uitbetaling": [], "vrijToegankelijk": false, "gemeenteBeperking": null, "openingstijden": null, "latitude": 52.623129, "longitude": 6.550804, "bronId": "SP00021303"}}, {"type": "Feature", "geometry": {"type": "Point", "coordinates": [6.57243, 52.610256]}, "properties": {"type": "inleverpunt", "locatieNaam": "Attent Lutten", "straatNaam": "Dedemsvaartseweg-Noord", "straatNr": "212", "postcode": "7775 AM", "plaats": "Lutten", "merk": "StichtingOPEN", "puntType": "balie", "materialen": ["batterijen", "lampen"], "uitbetaling": [], "vrijToegankelijk": false, "gemeenteBeperking": null, "openingstijden": null, "latitude": 52.610256, "longitude": 6.57243, "bronId": "SP00025819"}}, {"type": "Feature", "geometry": {"type": "Point", "coordinates": [6.553267, 52.628134]}, "properties": {"type": "inleverpunt", "locatieNaam": "Installatieburo Anbergen", "straatNaam": "Herenstraat", "straatNr": "64", "postcode": "7776 AK", "plaats": "Slagharen", "merk": "StichtingOPEN", "puntType": "balie", "materialen": ["lampen", "tl-buizen"], "uitbetaling": [], "vrijToegankelijk": false, "gemeenteBeperking": null, "openingstijden": null, "latitude": 52.628134, "longitude": 6.553267, "bronId": "SP00020467"}}, {"type": "Feature", "geometry": {"type": "Point", "coordinates": [6.555667, 52.627039]}, "properties": {"type": "inleverpunt", "locatieNaam": "Jumbo Slagharen", "straatNaam": "Herenstraat", "straatNr": "19", "postcode": "7776 AG", "plaats": "Slagharen", "merk": "StichtingOPEN", "puntType": "balie", "materialen": ["batterijen", "lampen"], "uitbetaling": [], "vrijToegankelijk": false, "gemeenteBeperking": null, "openingstijden": null, "latitude": 52.627039, "longitude": 6.555667, "bronId": "SP00025340"}}, {"type": "Feature", "geometry": {"type": "Point", "coordinates": [6.557121, 52.625858]}, "properties": {"type": "inleverpunt", "locatieNaam": "Kosse Installatietechnieken BV", "straatNaam": "Herenstraat", "straatNr": "7", "postcode": "7776 AG", "plaats": "Slagharen", "merk": "StichtingOPEN", "puntType": "balie", "materialen": ["batterijen", "elektro-groot", "elektro-klein", "elektro-middel", "lampen", "tl-buizen"], "uitbetaling": [], "vrijToegankelijk": false, "gemeenteBeperking": null, "openingstijden": null, "latitude": 52.625858, "longitude": 6.557121, "bronId": "SP00002598"}}, {"type": "Feature", "geometry": {"type": "Point", "coordinates": [6.603913, 52.581017]}, "properties": {"type": "inleverpunt", "locatieNaam": "Aldi Hardenberg", "straatNaam": "Erve Hamhuijs", "straatNr": "1", "postcode": "7773 DP", "plaats": "Hardenberg", "merk": "StichtingOPEN", "puntType": "balie", "materialen": ["batterijen", "elektro-klein", "lampen"], "uitbetaling": [], "vrijToegankelijk": false, "gemeenteBeperking": null, "openingstijden": null, "latitude": 52.581017, "longitude": 6.603913, "bronId": "SP00027016"}}, {"type": "Feature", "geometry": {"type": "Point", "coordinates": [6.614061, 52.57273]}, "properties": {"type": "inleverpunt", "locatieNaam": "Onderdelenspecialist G Keep", "straatNaam": "Europaweg", "straatNr": "2931", "postcode": "7772 BN", "plaats": "Hardenberg", "merk": "StichtingOPEN", "puntType": "balie", "materialen": ["elektro-middel", "lampen"], "uitbetaling": [], "vrijToegankelijk": false, "gemeenteBeperking": null, "openingstijden": null, "latitude": 52.57273, "longitude": 6.614061, "bronId": "SP00028823"}}, {"type": "Feature", "geometry": {"type": "Point", "coordinates": [6.61721, 52.57587]}, "properties": {"type": "inleverpunt", "locatieNaam": "Kruidvat Hardenberg", "straatNaam": "Kromme Steeg", "straatNr": "2", "postcode": "7772 AC", "plaats": "Hardenberg", "merk": "StichtingOPEN", "puntType": "balie", "materialen": ["batterijen", "lampen"], "uitbetaling": [], "vrijToegankelijk": false, "gemeenteBeperking": null, "openingstijden": null, "latitude": 52.57587, "longitude": 6.61721, "bronId": "SP00029526"}}, {"type": "Feature", "geometry": {"type": "Point", "coordinates": [6.61768, 52.57641]}, "properties": {"type": "inleverpunt", "locatieNaam": "Lidl Hardenberg", "straatNaam": "Markt", "straatNr": "50", "postcode": "7772 AE", "plaats": "Hardenberg", "merk": "StichtingOPEN", "puntType": "balie", "materialen": ["batterijen", "lampen"], "uitbetaling": [], "vrijToegankelijk": false, "gemeenteBeperking": null, "openingstijden": null, "latitude": 52.57641, "longitude": 6.61768, "bronId": "SP00029998"}}, {"type": "Feature", "geometry": {"type": "Point", "coordinates": [6.619395, 52.575494]}, "properties": {"type": "inleverpunt", "locatieNaam": "Kruidvat Hardenberg", "straatNaam": "Voorstraat", "straatNr": "2", "postcode": "7772 AC", "plaats": "Hardenberg", "merk": "StichtingOPEN", "puntType": "balie", "materialen": ["batterijen", "elektro-klein", "lampen"], "uitbetaling": [], "vrijToegankelijk": false, "gemeenteBeperking": null, "openingstijden": null, "latitude": 52.575494, "longitude": 6.619395, "bronId": "SP00036572"}}, {"type": "Feature", "geometry": {"type": "Point", "coordinates": [6.620684, 52.574207]}, "properties": {"type": "inleverpunt", "locatieNaam": "Jumbo Hardenberg", "straatNaam": "Admiraal Helfrichstraat", "straatNr": "1", "postcode": "7772 BV", "plaats": "Hardenberg", "merk": "StichtingOPEN", "puntType": "balie", "materialen": ["batterijen", "lampen"], "uitbetaling": [], "vrijToegankelijk": false, "gemeenteBeperking": null, "openingstijden": null, "latitude": 52.574207, "longitude": 6.620684, "bronId": "SP00025337"}}, {"type": "Feature", "geometry": {"type": "Point", "coordinates": [6.620046, 52.576198]}, "properties": {"type": "inleverpunt", "locatieNaam": "Action Hardenberg 1159", "straatNaam": "Smederijstraat", "straatNr": "6", "postcode": "7772 VG", "plaats": "Hardenberg", "merk": "StichtingOPEN", "puntType": "balie", "materialen": ["batterijen", "lampen"], "uitbetaling": [], "vrijToegankelijk": false, "gemeenteBeperking": null, "openingstijden": null, "latitude": 52.576198, "longitude": 6.620046, "bronId": "SP00007743"}}, {"type": "Feature", "geometry": {"type": "Point", "coordinates": [6.61952, 52.577149]}, "properties": {"type": "inleverpunt", "locatieNaam": "8565 Albert Heijn Hardenberg", "straatNaam": "Van Wevelinckhovenplein", "straatNr": "60", "postcode": "7772 VJ", "plaats": "Hardenberg", "merk": "StichtingOPEN", "puntType": "balie", "materialen": ["batterijen", "elektro-klein", "lampen"], "uitbetaling": [], "vrijToegankelijk": false, "gemeenteBeperking": null, "openingstijden": null, "latitude": 52.577149, "longitude": 6.61952, "bronId": "SP00023327"}}, {"type": "Feature", "geometry": {"type": "Point", "coordinates": [6.622456, 52.575098]}, "properties": {"type": "inleverpunt", "locatieNaam": "Aldi Hardenberg", "straatNaam": "Israël Emanuelplein", "straatNr": "9", "postcode": "7772 BH", "plaats": "Hardenberg", "merk": "StichtingOPEN", "puntType": "balie", "materialen": ["batterijen", "elektro-klein", "lampen"], "uitbetaling": [], "vrijToegankelijk": false, "gemeenteBeperking": null, "openingstijden": null, "latitude": 52.575098, "longitude": 6.622456, "bronId": "SP00027001"}}, {"type": "Feature", "geometry": {"type": "Point", "coordinates": [6.64234, 52.574989]}, "properties": {"type": "inleverpunt", "locatieNaam": "PLUS Hardenberg", "straatNaam": "Floralaan", "straatNr": "46", "postcode": "7772 LL", "plaats": "Hardenberg", "merk": "StichtingOPEN", "puntType": "balie", "materialen": ["batterijen", "lampen"], "uitbetaling": [], "vrijToegankelijk": false, "gemeenteBeperking": null, "openingstijden": null, "latitude": 52.574989, "longitude": 6.64234, "bronId": "SP00024056"}}, {"type": "Feature", "geometry": {"type": "Point", "coordinates": [6.617673, 52.650512]}, "properties": {"type": "inleverpunt", "locatieNaam": "Coop De Krim", "straatNaam": "Turfstekersplein", "straatNr": "11", "postcode": "7782 NZ", "plaats": "De Krim", "merk": "StichtingOPEN", "puntType": "balie", "materialen": ["batterijen", "lampen"], "uitbetaling": [], "vrijToegankelijk": false, "gemeenteBeperking": null, "openingstijden": null, "latitude": 52.650512, "longitude": 6.617673, "bronId": "SP00024373"}}, {"type": "Feature", "geometry": {"type": "Point", "coordinates": [6.675243, 52.610177]}, "properties": {"type": "inleverpunt", "locatieNaam": "PLUS Gramsbergen", "straatNaam": "De Oostermaat", "straatNr": "60", "postcode": "7783 BX", "plaats": "Gramsbergen", "merk": "StichtingOPEN", "puntType": "balie", "materialen": ["batterijen", "lampen"], "uitbetaling": [], "vrijToegankelijk": false, "gemeenteBeperking": null, "openingstijden": null, "latitude": 52.610177, "longitude": 6.675243, "bronId": "SP00024022"}}, {"type": "Feature", "geometry": {"type": "Point", "coordinates": [6.68432, 52.614129]}, "properties": {"type": "inleverpunt", "locatieNaam": "Witgoed Stroeve", "straatNaam": "De Steenmaat", "straatNr": "3B", "postcode": "7783 DE", "plaats": "Gramsbergen", "merk": "StichtingOPEN", "puntType": "balie", "materialen": ["elektro-klein", "elektro-middel"], "uitbetaling": [], "vrijToegankelijk": false, "gemeenteBeperking": null, "openingstijden": null, "latitude": 52.614129, "longitude": 6.68432, "bronId": "SP00006474"}}, {"type": "Feature", "geometry": {"type": "Point", "coordinates": [6.626046, 52.571051]}, "properties": {"type": "inleverpunt", "locatieNaam": "Kringloop Hardenberg", "straatNaam": "Burgemeester Schuitestraat", "straatNr": "23a", "postcode": "7772 BS", "plaats": "Hardenberg", "merk": "StichtingOPEN", "puntType": "milieustraat", "materialen": ["batterijen", "elektro-groot", "elektro-klein", "elektro-middel", "lampen", "tl-buizen"], "uitbetaling": [], "vrijToegankelijk": false, "gemeenteBeperking": ["Hardenberg"], "openingstijden": null, "latitude": 52.571051, "longitude": 6.626046, "bronId": "SP00004323"}}, {"type": "Feature", "geometry": {"type": "Point", "coordinates": [6.526876, 52.553017]}, "properties": {"type": "inleverpunt", "locatieNaam": "Afvalbrengstation ROVA Bovenveld", "straatNaam": "Ommerweg", "straatNr": "69", "postcode": "7797 RC", "plaats": "Rheezerveen", "merk": "StichtingOPEN", "puntType": "milieustraat", "materialen": ["batterijen", "elektro-groot", "elektro-klein", "elektro-middel", "lampen", "tl-buizen"], "uitbetaling": [], "vrijToegankelijk": false, "gemeenteBeperking": ["Hardenberg", "Ommen"], "openingstijden": null, "latitude": 52.553017, "longitude": 6.526876, "bronId": "SP00000379"}}, {"type": "Feature", "geometry": {"type": "Point", "coordinates": [6.3696784, 52.608982]}, "properties": {"type": "inleverpunt", "locatieNaam": "Camping Si-Es-An", "straatNaam": "De Haar", "straatNr": "7", "postcode": "7707 PK", "plaats": "Balkbrug", "merk": "Stibat", "puntType": "inzamelbak", "materialen": ["batterijen"], "uitbetaling": [], "vrijToegankelijk": false, "gemeenteBeperking": null, "openingstijden": null, "latitude": 52.608982, "longitude": 6.3696784, "bronId": "L012506"}}, {"type": "Feature", "geometry": {"type": "Point", "coordinates": [6.3710621, 52.6108542]}, "properties": {"type": "inleverpunt", "locatieNaam": "Camping 't Reestdal", "straatNaam": "De Haar", "straatNr": "5", "postcode": "7707 PK", "plaats": "Balkbrug", "merk": "Stibat", "puntType": "inzamelbak", "materialen": ["batterijen"], "uitbetaling": [], "vrijToegankelijk": false, "gemeenteBeperking": null, "openingstijden": null, "latitude": 52.6108542, "longitude": 6.3710621, "bronId": "L004650"}}, {"type": "Feature", "geometry": {"type": "Point", "coordinates": [6.3856336, 52.5998562]}, "properties": {"type": "inleverpunt", "locatieNaam": "Van der Veen Tweewielers", "straatNaam": "Zwolseweg", "straatNr": "40", "postcode": "7707 AJ", "plaats": "Balkbrug", "merk": "Stibat", "puntType": "inzamelbak", "materialen": ["batterijen"], "uitbetaling": [], "vrijToegankelijk": false, "gemeenteBeperking": null, "openingstijden": null, "latitude": 52.5998562, "longitude": 6.3856336, "bronId": "L034007"}}, {"type": "Feature", "geometry": {"type": "Point", "coordinates": [6.3920425, 52.6004652]}, "properties": {"type": "inleverpunt", "locatieNaam": "Poiesz", "straatNaam": "Ommerweg", "straatNr": "2", "postcode": "7707 AV", "plaats": "Balkbrug", "merk": "Stibat", "puntType": "inzamelbak", "materialen": ["batterijen"], "uitbetaling": [], "vrijToegankelijk": false, "gemeenteBeperking": null, "openingstijden": null, "latitude": 52.6004652, "longitude": 6.3920425, "bronId": "L048739"}}, {"type": "Feature", "geometry": {"type": "Point", "coordinates": [6.3916763, 52.6015217]}, "properties": {"type": "inleverpunt", "locatieNaam": "Uw Eigen Drogist", "straatNaam": "Meppelerweg", "straatNr": "3B", "postcode": "7707 CL", "plaats": "Balkbrug", "merk": "Stibat", "puntType": "inzamelbak", "materialen": ["batterijen"], "uitbetaling": [], "vrijToegankelijk": false, "gemeenteBeperking": null, "openingstijden": null, "latitude": 52.6015217, "longitude": 6.3916763, "bronId": "L023414"}}, {"type": "Feature", "geometry": {"type": "Point", "coordinates": [6.3934689, 52.600566]}, "properties": {"type": "inleverpunt", "locatieNaam": "Welkoop", "straatNaam": "Molenweg", "straatNr": "6", "postcode": "7707 CD", "plaats": "Balkbrug", "merk": "Stibat", "puntType": "inzamelbak", "materialen": ["batterijen"], "uitbetaling": [], "vrijToegankelijk": false, "gemeenteBeperking": null, "openingstijden": null, "latitude": 52.600566, "longitude": 6.3934689, "bronId": "L016588"}}, {"type": "Feature", "geometry": {"type": "Point", "coordinates": [6.4425102, 52.598304]}, "properties": {"type": "inleverpunt", "locatieNaam": "Uw Groene Vakwinkel", "straatNaam": "Hoofdvaart", "straatNr": "97", "postcode": "7701 JH", "plaats": "Dedemsvaart", "merk": "Stibat", "puntType": "inzamelbak", "materialen": ["batterijen"], "uitbetaling": [], "vrijToegankelijk": false, "gemeenteBeperking": null, "openingstijden": null, "latitude": 52.598304, "longitude": 6.4425102, "bronId": "L021851"}}, {"type": "Feature", "geometry": {"type": "Point", "coordinates": [6.4558065, 52.6000874]}, "properties": {"type": "inleverpunt", "locatieNaam": "MAURAY SCOOTER&amp;BIKES", "straatNaam": "Markt", "straatNr": "2", "postcode": "7701 GV", "plaats": "Dedemsvaart", "merk": "Stibat", "puntType": "inzamelbak", "materialen": ["batterijen"], "uitbetaling": [], "vrijToegankelijk": false, "gemeenteBeperking": null, "openingstijden": null, "latitude": 52.6000874, "longitude": 6.4558065, "bronId": "L034006"}}, {"type": "Feature", "geometry": {"type": "Point", "coordinates": [6.4555642, 52.6010885]}, "properties": {"type": "inleverpunt", "locatieNaam": "HEMA Markt", "straatNaam": "Markt", "straatNr": "26", "postcode": "7701 GW", "plaats": "Dedemsvaart", "merk": "Stibat", "puntType": "inzamelbak", "materialen": ["batterijen"], "uitbetaling": [], "vrijToegankelijk": false, "gemeenteBeperking": null, "openingstijden": null, "latitude": 52.6010885, "longitude": 6.4555642, "bronId": "L007060"}}, {"type": "Feature", "geometry": {"type": "Point", "coordinates": [6.4555079, 52.6012715]}, "properties": {"type": "inleverpunt", "locatieNaam": "Kruidvat", "straatNaam": "Markt", "straatNr": "30", "postcode": "7701 GW", "plaats": "Dedemsvaart", "merk": "Stibat", "puntType": "inzamelbak", "materialen": ["batterijen"], "uitbetaling": [], "vrijToegankelijk": false, "gemeenteBeperking": null, "openingstijden": null, "latitude": 52.6012715, "longitude": 6.4555079, "bronId": "L038754"}}, {"type": "Feature", "geometry": {"type": "Point", "coordinates": [6.4553601, 52.6013795]}, "properties": {"type": "inleverpunt", "locatieNaam": "Jumbo", "straatNaam": "Markt", "straatNr": "32", "postcode": "7701 GW", "plaats": "Dedemsvaart", "merk": "Stibat", "puntType": "inzamelbak", "materialen": ["batterijen"], "uitbetaling": [], "vrijToegankelijk": false, "gemeenteBeperking": null, "openingstijden": null, "latitude": 52.6013795, "longitude": 6.4553601, "bronId": "L006647"}}, {"type": "Feature", "geometry": {"type": "Point", "coordinates": [6.4568718, 52.6004724]}, "properties": {"type": "inleverpunt", "locatieNaam": "1125 Action", "straatNaam": "Markt", "straatNr": "29", "postcode": "7701 GW", "plaats": "Dedemsvaart", "merk": "Stibat", "puntType": "inzamelbak", "materialen": ["batterijen"], "uitbetaling": [], "vrijToegankelijk": false, "gemeenteBeperking": null, "openingstijden": null, "latitude": 52.6004724, "longitude": 6.4568718, "bronId": "L034435"}}, {"type": "Feature", "geometry": {"type": "Point", "coordinates": [6.4565824, 52.601215]}, "properties": {"type": "inleverpunt", "locatieNaam": "4004 Albert Heijn", "straatNaam": "Markt", "straatNr": "69", "postcode": "7701 GW", "plaats": "Dedemsvaart", "merk": "Stibat", "puntType": "inzamelbak", "materialen": ["batterijen"], "uitbetaling": [], "vrijToegankelijk": false, "gemeenteBeperking": null, "openingstijden": null, "latitude": 52.601215, "longitude": 6.4565824, "bronId": "L030865"}}, {"type": "Feature", "geometry": {"type": "Point", "coordinates": [6.4570162, 52.600892]}, "properties": {"type": "inleverpunt", "locatieNaam": "Trekpleister", "straatNaam": "Marktstraat", "straatNr": "10", "postcode": "7701 GT", "plaats": "Dedemsvaart", "merk": "Stibat", "puntType": "inzamelbak", "materialen": ["batterijen"], "uitbetaling": [], "vrijToegankelijk": false, "gemeenteBeperking": null, "openingstijden": null, "latitude": 52.600892, "longitude": 6.4570162, "bronId": "L016662"}}, {"type": "Feature", "geometry": {"type": "Point", "coordinates": [6.4579052, 52.6006684]}, "properties": {"type": "inleverpunt", "locatieNaam": "The Read Shop Express", "straatNaam": "Julianastraat", "straatNr": "12", "postcode": "7701 GL", "plaats": "Dedemsvaart", "merk": "Stibat", "puntType": "inzamelbak", "materialen": ["batterijen"], "uitbetaling": [], "vrijToegankelijk": false, "gemeenteBeperking": null, "openingstijden": null, "latitude": 52.6006684, "longitude": 6.4579052, "bronId": "L037083"}}, {"type": "Feature", "geometry": {"type": "Point", "coordinates": [6.457542, 52.601178]}, "properties": {"type": "inleverpunt", "locatieNaam": "Wibra", "straatNaam": "Marktstraat", "straatNr": "19", "postcode": "7701 GT", "plaats": "Dedemsvaart", "merk": "Stibat", "puntType": "inzamelbak", "materialen": ["batterijen"], "uitbetaling": [], "vrijToegankelijk": false, "gemeenteBeperking": null, "openingstijden": null, "latitude": 52.601178, "longitude": 6.457542, "bronId": "L024127"}}, {"type": "Feature", "geometry": {"type": "Point", "coordinates": [6.4535739, 52.6048615]}, "properties": {"type": "inleverpunt", "locatieNaam": "Lidl", "straatNaam": "Langewijk", "straatNr": "156a", "postcode": "7701 AJ", "plaats": "Dedemsvaart", "merk": "Stibat", "puntType": "inzamelbak", "materialen": ["batterijen"], "uitbetaling": [], "vrijToegankelijk": false, "gemeenteBeperking": null, "openingstijden": null, "latitude": 52.6048615, "longitude": 6.4535739, "bronId": "L023987"}}, {"type": "Feature", "geometry": {"type": "Point", "coordinates": [6.4578056, 52.6016403]}, "properties": {"type": "inleverpunt", "locatieNaam": "Primera", "straatNaam": "Julianastraat", "straatNr": "34", "postcode": "7701 GL", "plaats": "Dedemsvaart", "merk": "Stibat", "puntType": "inzamelbak", "materialen": ["batterijen"], "uitbetaling": [], "vrijToegankelijk": false, "gemeenteBeperking": null, "openingstijden": null, "latitude": 52.6016403, "longitude": 6.4578056, "bronId": "L023022"}}, {"type": "Feature", "geometry": {"type": "Point", "coordinates": [6.4584519, 52.6012112]}, "properties": {"type": "inleverpunt", "locatieNaam": "Kruidvat", "straatNaam": "Julianastraat", "straatNr": "17", "postcode": "7701 GH", "plaats": "Dedemsvaart", "merk": "Stibat", "puntType": "inzamelbak", "materialen": ["batterijen"], "uitbetaling": [], "vrijToegankelijk": false, "gemeenteBeperking": null, "openingstijden": null, "latitude": 52.6012112, "longitude": 6.4584519, "bronId": "L014919"}}, {"type": "Feature", "geometry": {"type": "Point", "coordinates": [6.4585714, 52.6012714]}, "properties": {"type": "inleverpunt", "locatieNaam": "Beter Horen", "straatNaam": "Julianastraat", "straatNr": "19", "postcode": "7701 GK", "plaats": "Dedemsvaart", "merk": "Stibat", "puntType": "inzamelbak", "materialen": ["batterijen"], "uitbetaling": [], "vrijToegankelijk": false, "gemeenteBeperking": null, "openingstijden": null, "latitude": 52.6012714, "longitude": 6.4585714, "bronId": "L016547"}}, {"type": "Feature", "geometry": {"type": "Point", "coordinates": [6.4573587, 52.6034776]}, "properties": {"type": "inleverpunt", "locatieNaam": "Phone House", "straatNaam": "Julianastraat", "straatNr": "68", "postcode": "7701 GN", "plaats": "Dedemsvaart", "merk": "Stibat", "puntType": "inzamelbak", "materialen": ["batterijen"], "uitbetaling": [], "vrijToegankelijk": false, "gemeenteBeperking": null, "openingstijden": null, "latitude": 52.6034776, "longitude": 6.4573587, "bronId": "L023447"}}, {"type": "Feature", "geometry": {"type": "Point", "coordinates": [6.458344, 52.6027448]}, "properties": {"type": "inleverpunt", "locatieNaam": "De Fietsenman Dedemsvaart", "straatNaam": "Julianastraat", "straatNr": "55", "postcode": "7701 GJ", "plaats": "Dedemsvaart", "merk": "Stibat", "puntType": "inzamelbak", "materialen": ["batterijen"], "uitbetaling": [], "vrijToegankelijk": false, "gemeenteBeperking": null, "openingstijden": null, "latitude": 52.6027448, "longitude": 6.458344, "bronId": "L048105"}}, {"type": "Feature", "geometry": {"type": "Point", "coordinates": [6.4611385, 52.6003176]}, "properties": {"type": "inleverpunt", "locatieNaam": "Fotoplus", "straatNaam": "Moerheimstraat", "straatNr": "36", "postcode": "7701 CE", "plaats": "Dedemsvaart", "merk": "Stibat", "puntType": "inzamelbak", "materialen": ["batterijen"], "uitbetaling": [], "vrijToegankelijk": false, "gemeenteBeperking": null, "openingstijden": null, "latitude": 52.6003176, "longitude": 6.4611385, "bronId": "L001432"}}, {"type": "Feature", "geometry": {"type": "Point", "coordinates": [6.4581505, 52.6040895]}, "properties": {"type": "inleverpunt", "locatieNaam": "Aldi", "straatNaam": "Julianastraat", "straatNr": "81", "postcode": "7701 GK", "plaats": "Dedemsvaart", "merk": "Stibat", "puntType": "inzamelbak", "materialen": ["batterijen"], "uitbetaling": [], "vrijToegankelijk": false, "gemeenteBeperking": null, "openingstijden": null, "latitude": 52.6040895, "longitude": 6.4581505, "bronId": "L041506"}}, {"type": "Feature", "geometry": {"type": "Point", "coordinates": [6.5268928, 52.5530373]}, "properties": {"type": "inleverpunt", "locatieNaam": "Afvalbrengstation ROVA Hardenberg", "straatNaam": "Ommerweg", "straatNr": "69", "postcode": "7797 RC", "plaats": "Rheezerveen", "merk": "Stibat", "puntType": "inzamelbak", "materialen": ["batterijen"], "uitbetaling": [], "vrijToegankelijk": false, "gemeenteBeperking": null, "openingstijden": null, "latitude": 52.5530373, "longitude": 6.5268928, "bronId": "L035864"}}, {"type": "Feature", "geometry": {"type": "Point", "coordinates": [6.4759879, 52.6065078]}, "properties": {"type": "inleverpunt", "locatieNaam": "Praxis 2292", "straatNaam": "Kelvinstraat", "straatNr": "28", "postcode": "7701 BZ", "plaats": "Dedemsvaart", "merk": "Stibat", "puntType": "inzamelbak", "materialen": ["batterijen"], "uitbetaling": [], "vrijToegankelijk": false, "gemeenteBeperking": null, "openingstijden": null, "latitude": 52.6065078, "longitude": 6.4759879, "bronId": "L040821"}}, {"type": "Feature", "geometry": {"type": "Point", "coordinates": [6.4837512, 52.6001415]}, "properties": {"type": "inleverpunt", "locatieNaam": "Schottert Bouw &amp; Industrie", "straatNaam": "Galileistraat", "straatNr": "7", "postcode": "7701 SK", "plaats": "Dedemsvaart", "merk": "Stibat", "puntType": "inzamelbak", "materialen": ["batterijen"], "uitbetaling": [], "vrijToegankelijk": false, "gemeenteBeperking": null, "openingstijden": null, "latitude": 52.6001415, "longitude": 6.4837512, "bronId": "L013169"}}, {"type": "Feature", "geometry": {"type": "Point", "coordinates": [6.572442, 52.5097342]}, "properties": {"type": "inleverpunt", "locatieNaam": "Attent", "straatNaam": "Oudeweg", "straatNr": "8", "postcode": "7692 AE", "plaats": "Marienberg", "merk": "Stibat", "puntType": "inzamelbak", "materialen": ["batterijen"], "uitbetaling": [], "vrijToegankelijk": false, "gemeenteBeperking": null, "openingstijden": null, "latitude": 52.5097342, "longitude": 6.572442, "bronId": "L036139"}}, {"type": "Feature", "geometry": {"type": "Point", "coordinates": [6.5724466, 52.5097321]}, "properties": {"type": "inleverpunt", "locatieNaam": "Spar Supermarkt Telman", "straatNaam": "Oudeweg", "straatNr": "8", "postcode": "7692 AE", "plaats": "Marienberg", "merk": "Stibat", "puntType": "inzamelbak", "materialen": ["batterijen"], "uitbetaling": [], "vrijToegankelijk": false, "gemeenteBeperking": null, "openingstijden": null, "latitude": 52.5097321, "longitude": 6.5724466, "bronId": "L049562"}}, {"type": "Feature", "geometry": {"type": "Point", "coordinates": [6.4804406, 52.6076156]}, "properties": {"type": "inleverpunt", "locatieNaam": "Electro World", "straatNaam": "Langewijk", "straatNr": "388a", "postcode": "7701 AS", "plaats": "Dedemsvaart", "merk": "Stibat", "puntType": "inzamelbak", "materialen": ["batterijen"], "uitbetaling": [], "vrijToegankelijk": false, "gemeenteBeperking": null, "openingstijden": null, "latitude": 52.6076156, "longitude": 6.4804406, "bronId": "L035953"}}, {"type": "Feature", "geometry": {"type": "Point", "coordinates": [6.5814157, 52.5064787]}, "properties": {"type": "inleverpunt", "locatieNaam": "De Pallegarste", "straatNaam": "Pallegarsteweg", "straatNr": "4", "postcode": "7692 PC", "plaats": "Marienberg", "merk": "Stibat", "puntType": "inzamelbak", "materialen": ["batterijen"], "uitbetaling": [], "vrijToegankelijk": false, "gemeenteBeperking": null, "openingstijden": null, "latitude": 52.5064787, "longitude": 6.5814157, "bronId": "L002772"}}, {"type": "Feature", "geometry": {"type": "Point", "coordinates": [6.5635083, 52.5334294]}, "properties": {"type": "inleverpunt", "locatieNaam": "Camping De Klashorst", "straatNaam": "Rheezerweg", "straatNr": "123", "postcode": "7795 DB", "plaats": "Diffelen", "merk": "Stibat", "puntType": "inzamelbak", "materialen": ["batterijen"], "uitbetaling": [], "vrijToegankelijk": false, "gemeenteBeperking": null, "openingstijden": null, "latitude": 52.5334294, "longitude": 6.5635083, "bronId": "L008879"}}, {"type": "Feature", "geometry": {"type": "Point", "coordinates": [6.5691117, 52.5352113]}, "properties": {"type": "inleverpunt", "locatieNaam": "Camping De Vechtvallei", "straatNaam": "Rheezerweg", "straatNr": "76", "postcode": "7795 DA", "plaats": "Diffelen", "merk": "Stibat", "puntType": "inzamelbak", "materialen": ["batterijen"], "uitbetaling": [], "vrijToegankelijk": false, "gemeenteBeperking": null, "openingstijden": null, "latitude": 52.5352113, "longitude": 6.5691117, "bronId": "L004473"}}, {"type": "Feature", "geometry": {"type": "Point", "coordinates": [6.5308705, 52.5867831]}, "properties": {"type": "inleverpunt", "locatieNaam": "Vakantiepark Het Stoetenslagh", "straatNaam": "Elfde Wijk", "straatNr": "42", "postcode": "7797 HH", "plaats": "Rheezerveen", "merk": "Stibat", "puntType": "inzamelbak", "materialen": ["batterijen"], "uitbetaling": [], "vrijToegankelijk": false, "gemeenteBeperking": null, "openingstijden": null, "latitude": 52.5867831, "longitude": 6.5308705, "bronId": "L013357"}}, {"type": "Feature", "geometry": {"type": "Point", "coordinates": [6.6307534, 52.4740121]}, "properties": {"type": "inleverpunt", "locatieNaam": "Villapark De Vlegge", "straatNaam": "Valkenlaan", "straatNr": "100", "postcode": "7693 VD", "plaats": "Sibculo", "merk": "Stibat", "puntType": "inzamelbak", "materialen": ["batterijen"], "uitbetaling": [], "vrijToegankelijk": false, "gemeenteBeperking": null, "openingstijden": null, "latitude": 52.4740121, "longitude": 6.6307534, "bronId": "L003270"}}, {"type": "Feature", "geometry": {"type": "Point", "coordinates": [6.5707708, 52.5465535]}, "properties": {"type": "inleverpunt", "locatieNaam": "Sprookjescamping De Vechtstreek", "straatNaam": "Grote Beltenweg", "straatNr": "17", "postcode": "7794 RA", "plaats": "Rheeze", "merk": "Stibat", "puntType": "inzamelbak", "materialen": ["batterijen"], "uitbetaling": [], "vrijToegankelijk": false, "gemeenteBeperking": null, "openingstijden": null, "latitude": 52.5465535, "longitude": 6.5707708, "bronId": "L003435"}}, {"type": "Feature", "geometry": {"type": "Point", "coordinates": [6.5714614, 52.5467224]}, "properties": {"type": "inleverpunt", "locatieNaam": "Camping 't Veld", "straatNaam": "Grote Beltenweg", "straatNr": "15", "postcode": "7794 RA", "plaats": "Rheeze", "merk": "Stibat", "puntType": "inzamelbak", "materialen": ["batterijen"], "uitbetaling": [], "vrijToegankelijk": false, "gemeenteBeperking": null, "openingstijden": null, "latitude": 52.5467224, "longitude": 6.5714614, "bronId": "L012066"}}, {"type": "Feature", "geometry": {"type": "Point", "coordinates": [6.5600759, 52.561626]}, "properties": {"type": "inleverpunt", "locatieNaam": "Camping De Klimberg", "straatNaam": "Ommerweg", "straatNr": "27", "postcode": "7797 RD", "plaats": "Rheezerveen", "merk": "Stibat", "puntType": "inzamelbak", "materialen": ["batterijen"], "uitbetaling": [], "vrijToegankelijk": false, "gemeenteBeperking": null, "openingstijden": null, "latitude": 52.561626, "longitude": 6.5600759, "bronId": "L003612"}}, {"type": "Feature", "geometry": {"type": "Point", "coordinates": [6.5766817, 52.5509995]}, "properties": {"type": "inleverpunt", "locatieNaam": "Jungle Avonturen Camping De Bel", "straatNaam": "Grote Beltenweg", "straatNr": "11", "postcode": "7794 RA", "plaats": "Rheeze", "merk": "Stibat", "puntType": "inzamelbak", "materialen": ["batterijen"], "uitbetaling": [], "vrijToegankelijk": false, "gemeenteBeperking": null, "openingstijden": null, "latitude": 52.5509995, "longitude": 6.5766817, "bronId": "L004314"}}, {"type": "Feature", "geometry": {"type": "Point", "coordinates": [6.5768426, 52.5509685]}, "properties": {"type": "inleverpunt", "locatieNaam": "Minimarkt Capfun de belten", "straatNaam": "Grote Beltenweg", "straatNr": "11", "postcode": "7794 RA", "plaats": "Rheeze", "merk": "Stibat", "puntType": "inzamelbak", "materialen": ["batterijen"], "uitbetaling": [], "vrijToegankelijk": false, "gemeenteBeperking": null, "openingstijden": null, "latitude": 52.5509685, "longitude": 6.5768426, "bronId": "L047665"}}, {"type": "Feature", "geometry": {"type": "Point", "coordinates": [6.6401318, 52.479841]}, "properties": {"type": "inleverpunt", "locatieNaam": "Spar", "straatNaam": "Kloosterdijk", "straatNr": "178", "postcode": "7693 PS", "plaats": "Sibculo", "merk": "Stibat", "puntType": "inzamelbak", "materialen": ["batterijen"], "uitbetaling": [], "vrijToegankelijk": false, "gemeenteBeperking": null, "openingstijden": null, "latitude": 52.479841, "longitude": 6.6401318, "bronId": "L017717"}}, {"type": "Feature", "geometry": {"type": "Point", "coordinates": [6.5664509, 52.5745024]}, "properties": {"type": "inleverpunt", "locatieNaam": "'t Rheezerwold", "straatNaam": "Larixweg", "straatNr": "7", "postcode": "7796 HT", "plaats": "Heemserveen", "merk": "Stibat", "puntType": "inzamelbak", "materialen": ["batterijen"], "uitbetaling": [], "vrijToegankelijk": false, "gemeenteBeperking": null, "openingstijden": null, "latitude": 52.5745024, "longitude": 6.5664509, "bronId": "L008774"}}, {"type": "Feature", "geometry": {"type": "Point", "coordinates": [6.6178012, 52.5273898]}, "properties": {"type": "inleverpunt", "locatieNaam": "PLUS", "straatNaam": "Doctor J H C Bastingplein", "straatNr": "18", "postcode": "7691 BG", "plaats": "Bergentheim", "merk": "Stibat", "puntType": "inzamelbak", "materialen": ["batterijen"], "uitbetaling": [], "vrijToegankelijk": false, "gemeenteBeperking": null, "openingstijden": null, "latitude": 52.5273898, "longitude": 6.6178012, "bronId": "L019972"}}, {"type": "Feature", "geometry": {"type": "Point", "coordinates": [6.5930505, 52.5628559]}, "properties": {"type": "inleverpunt", "locatieNaam": "Camping \"De Kleine Belties\"", "straatNaam": "Rheezerweg", "straatNr": "79", "postcode": "7771 TD", "plaats": "Hardenberg", "merk": "Stibat", "puntType": "inzamelbak", "materialen": ["batterijen"], "uitbetaling": [], "vrijToegankelijk": false, "gemeenteBeperking": null, "openingstijden": null, "latitude": 52.5628559, "longitude": 6.5930505, "bronId": "L003916"}}, {"type": "Feature", "geometry": {"type": "Point", "coordinates": [6.6056125, 52.5643064]}, "properties": {"type": "inleverpunt", "locatieNaam": "Spar", "straatNaam": "Jupiterplein", "straatNr": "1", "postcode": "7771 XT", "plaats": "Hardenberg", "merk": "Stibat", "puntType": "inzamelbak", "materialen": ["batterijen"], "uitbetaling": [], "vrijToegankelijk": false, "gemeenteBeperking": null, "openingstijden": null, "latitude": 52.5643064, "longitude": 6.6056125, "bronId": "L021512"}}, {"type": "Feature", "geometry": {"type": "Point", "coordinates": [6.5953068, 52.5755752]}, "properties": {"type": "inleverpunt", "locatieNaam": "Ouderenwinkel.nl Hardenberg", "straatNaam": "Kollergang", "straatNr": "9 A", "postcode": "7773 NG", "plaats": "Hardenberg", "merk": "Stibat", "puntType": "inzamelbak", "materialen": ["batterijen"], "uitbetaling": [], "vrijToegankelijk": false, "gemeenteBeperking": null, "openingstijden": null, "latitude": 52.5755752, "longitude": 6.5953068, "bronId": "L027780"}}, {"type": "Feature", "geometry": {"type": "Point", "coordinates": [6.5959866, 52.5760536]}, "properties": {"type": "inleverpunt", "locatieNaam": "Veneberg", "straatNaam": "Lange Spruit", "straatNr": "1", "postcode": "7773 NE", "plaats": "Hardenberg", "merk": "Stibat", "puntType": "inzamelbak", "materialen": ["batterijen"], "uitbetaling": [], "vrijToegankelijk": false, "gemeenteBeperking": null, "openingstijden": null, "latitude": 52.5760536, "longitude": 6.5959866, "bronId": "L042619"}}, {"type": "Feature", "geometry": {"type": "Point", "coordinates": [6.5948528, 52.5783188]}, "properties": {"type": "inleverpunt", "locatieNaam": "Welkoop", "straatNaam": "Lange Spruit", "straatNr": "11", "postcode": "7773 NE", "plaats": "Hardenberg", "merk": "Stibat", "puntType": "inzamelbak", "materialen": ["batterijen"], "uitbetaling": [], "vrijToegankelijk": false, "gemeenteBeperking": null, "openingstijden": null, "latitude": 52.5783188, "longitude": 6.5948528, "bronId": "L016978"}}, {"type": "Feature", "geometry": {"type": "Point", "coordinates": [6.5945183, 52.5786733]}, "properties": {"type": "inleverpunt", "locatieNaam": "Kwantum", "straatNaam": "Lange Spruit", "straatNr": "15", "postcode": "7773 NE", "plaats": "Hardenberg", "merk": "Stibat", "puntType": "inzamelbak", "materialen": ["batterijen"], "uitbetaling": [], "vrijToegankelijk": false, "gemeenteBeperking": null, "openingstijden": null, "latitude": 52.5786733, "longitude": 6.5945183, "bronId": "L017972"}}, {"type": "Feature", "geometry": {"type": "Point", "coordinates": [6.5953636, 52.5780822]}, "properties": {"type": "inleverpunt", "locatieNaam": "Praxis 2246", "straatNaam": "Lange Spruit", "straatNr": "9", "postcode": "7773 NE", "plaats": "Hardenberg", "merk": "Stibat", "puntType": "inzamelbak", "materialen": ["batterijen"], "uitbetaling": [], "vrijToegankelijk": false, "gemeenteBeperking": null, "openingstijden": null, "latitude": 52.5780822, "longitude": 6.5953636, "bronId": "L014955"}}, {"type": "Feature", "geometry": {"type": "Point", "coordinates": [6.5949834, 52.5785034]}, "properties": {"type": "inleverpunt", "locatieNaam": "Leen Bakker", "straatNaam": "Lange Spruit", "straatNr": "13", "postcode": "7773 NE", "plaats": "Hardenberg", "merk": "Stibat", "puntType": "inzamelbak", "materialen": ["batterijen"], "uitbetaling": [], "vrijToegankelijk": false, "gemeenteBeperking": null, "openingstijden": null, "latitude": 52.5785034, "longitude": 6.5949834, "bronId": "L016551"}}, {"type": "Feature", "geometry": {"type": "Point", "coordinates": [6.5960902, 52.5774146]}, "properties": {"type": "inleverpunt", "locatieNaam": "Gamma", "straatNaam": "Lange Spruit", "straatNr": "7", "postcode": "7773 NE", "plaats": "Hardenberg", "merk": "Stibat", "puntType": "inzamelbak", "materialen": ["batterijen"], "uitbetaling": [], "vrijToegankelijk": false, "gemeenteBeperking": null, "openingstijden": null, "latitude": 52.5774146, "longitude": 6.5960902, "bronId": "L007398"}}, {"type": "Feature", "geometry": {"type": "Point", "coordinates": [6.6042539, 52.5740785]}, "properties": {"type": "inleverpunt", "locatieNaam": "Fietswereld A. Slot", "straatNaam": "Hessenweg", "straatNr": "21", "postcode": "7771 CH", "plaats": "Hardenberg", "merk": "Stibat", "puntType": "inzamelbak", "materialen": ["batterijen"], "uitbetaling": [], "vrijToegankelijk": false, "gemeenteBeperking": null, "openingstijden": null, "latitude": 52.5740785, "longitude": 6.6042539, "bronId": "L034019"}}, {"type": "Feature", "geometry": {"type": "Point", "coordinates": [6.5367207, 52.6410045]}, "properties": {"type": "inleverpunt", "locatieNaam": "Bouwhandel van der Most", "straatNaam": "Hoogeveenseweg", "straatNr": "7b", "postcode": "7777 TA", "plaats": "Schuinesloot", "merk": "Stibat", "puntType": "inzamelbak", "materialen": ["batterijen"], "uitbetaling": [], "vrijToegankelijk": false, "gemeenteBeperking": null, "openingstijden": null, "latitude": 52.6410045, "longitude": 6.5367207, "bronId": "L031430"}}, {"type": "Feature", "geometry": {"type": "Point", "coordinates": [6.5507814, 52.6297663]}, "properties": {"type": "inleverpunt", "locatieNaam": "Bike Totaal Herman Niburg", "straatNaam": "Herenstraat", "straatNr": "82", "postcode": "7776 AL", "plaats": "Slagharen", "merk": "Stibat", "puntType": "inzamelbak", "materialen": ["batterijen"], "uitbetaling": [], "vrijToegankelijk": false, "gemeenteBeperking": null, "openingstijden": null, "latitude": 52.6297663, "longitude": 6.5507814, "bronId": "L026649"}}, {"type": "Feature", "geometry": {"type": "Point", "coordinates": [6.6230302, 52.5587157]}, "properties": {"type": "inleverpunt", "locatieNaam": "24/7 online Trade bV", "straatNaam": "Twenteweg", "straatNr": "4a", "postcode": "7772 BB", "plaats": "Hardenberg", "merk": "Stibat", "puntType": "inzamelbak", "materialen": ["batterijen"], "uitbetaling": [], "vrijToegankelijk": false, "gemeenteBeperking": null, "openingstijden": null, "latitude": 52.5587157, "longitude": 6.6230302, "bronId": "L049409"}}, {"type": "Feature", "geometry": {"type": "Point", "coordinates": [6.5554114, 52.6271067]}, "properties": {"type": "inleverpunt", "locatieNaam": "Jumbo", "straatNaam": "Herenstraat", "straatNr": "19", "postcode": "7776 AG", "plaats": "Slagharen", "merk": "Stibat", "puntType": "inzamelbak", "materialen": ["batterijen"], "uitbetaling": [], "vrijToegankelijk": false, "gemeenteBeperking": null, "openingstijden": null, "latitude": 52.6271067, "longitude": 6.5554114, "bronId": "L032386"}}, {"type": "Feature", "geometry": {"type": "Point", "coordinates": [6.5571169, 52.6258829]}, "properties": {"type": "inleverpunt", "locatieNaam": "Electro World", "straatNaam": "Herenstraat", "straatNr": "7", "postcode": "7776 AG", "plaats": "Slagharen", "merk": "Stibat", "puntType": "inzamelbak", "materialen": ["batterijen"], "uitbetaling": [], "vrijToegankelijk": false, "gemeenteBeperking": null, "openingstijden": null, "latitude": 52.6258829, "longitude": 6.5571169, "bronId": "L046475"}}, {"type": "Feature", "geometry": {"type": "Point", "coordinates": [6.6039133, 52.5810171]}, "properties": {"type": "inleverpunt", "locatieNaam": "Aldi", "straatNaam": "Erve Hamhuijs", "straatNr": "1", "postcode": "7773 DP", "plaats": "Hardenberg", "merk": "Stibat", "puntType": "inzamelbak", "materialen": ["batterijen"], "uitbetaling": [], "vrijToegankelijk": false, "gemeenteBeperking": null, "openingstijden": null, "latitude": 52.5810171, "longitude": 6.6039133, "bronId": "L041512"}}, {"type": "Feature", "geometry": {"type": "Point", "coordinates": [6.6122919, 52.5742491]}, "properties": {"type": "inleverpunt", "locatieNaam": "Herbers Tweewielers", "straatNaam": "Molenplein", "straatNr": "4", "postcode": "7771 BC", "plaats": "Hardenberg", "merk": "Stibat", "puntType": "inzamelbak", "materialen": ["batterijen"], "uitbetaling": [], "vrijToegankelijk": false, "gemeenteBeperking": null, "openingstijden": null, "latitude": 52.5742491, "longitude": 6.6122919, "bronId": "L029471"}}, {"type": "Feature", "geometry": {"type": "Point", "coordinates": [6.6122097, 52.5745701]}, "properties": {"type": "inleverpunt", "locatieNaam": "ServicePartner", "straatNaam": "De Brink", "straatNr": "36", "postcode": "7771 BB", "plaats": "Hardenberg", "merk": "Stibat", "puntType": "inzamelbak", "materialen": ["batterijen"], "uitbetaling": [], "vrijToegankelijk": false, "gemeenteBeperking": null, "openingstijden": null, "latitude": 52.5745701, "longitude": 6.6122097, "bronId": "L028962"}}, {"type": "Feature", "geometry": {"type": "Point", "coordinates": [6.6156187, 52.5754682]}, "properties": {"type": "inleverpunt", "locatieNaam": "Welcom bij Smelt", "straatNaam": "Voorstraat", "straatNr": "55", "postcode": "7772 AB", "plaats": "Hardenberg", "merk": "Stibat", "puntType": "inzamelbak", "materialen": ["batterijen"], "uitbetaling": [], "vrijToegankelijk": false, "gemeenteBeperking": null, "openingstijden": null, "latitude": 52.5754682, "longitude": 6.6156187, "bronId": "L038310"}}, {"type": "Feature", "geometry": {"type": "Point", "coordinates": [6.6201976, 52.5708072]}, "properties": {"type": "inleverpunt", "locatieNaam": "Fietserz Hardenberg", "straatNaam": "Bruchterweg", "straatNr": "73c", "postcode": "7772 BG", "plaats": "Hardenberg", "merk": "Stibat", "puntType": "inzamelbak", "materialen": ["batterijen"], "uitbetaling": [], "vrijToegankelijk": false, "gemeenteBeperking": null, "openingstijden": null, "latitude": 52.5708072, "longitude": 6.6201976, "bronId": "L034021"}}, {"type": "Feature", "geometry": {"type": "Point", "coordinates": [6.6179348, 52.5738477]}, "properties": {"type": "inleverpunt", "locatieNaam": "Vechtdal tweewielers B.V.", "straatNaam": "Bruchterweg", "straatNr": "21", "postcode": "7772 BD", "plaats": "Hardenberg", "merk": "Stibat", "puntType": "inzamelbak", "materialen": ["batterijen"], "uitbetaling": [], "vrijToegankelijk": false, "gemeenteBeperking": null, "openingstijden": null, "latitude": 52.5738477, "longitude": 6.6179348, "bronId": "L048799"}}, {"type": "Feature", "geometry": {"type": "Point", "coordinates": [6.6184751, 52.573892]}, "properties": {"type": "inleverpunt", "locatieNaam": "Intertoys", "straatNaam": "Bruchterweg", "straatNr": "19", "postcode": "7772 BD", "plaats": "Hardenberg", "merk": "Stibat", "puntType": "inzamelbak", "materialen": ["batterijen"], "uitbetaling": [], "vrijToegankelijk": false, "gemeenteBeperking": null, "openingstijden": null, "latitude": 52.573892, "longitude": 6.6184751, "bronId": "L007432"}}, {"type": "Feature", "geometry": {"type": "Point", "coordinates": [6.6169919, 52.5757863]}, "properties": {"type": "inleverpunt", "locatieNaam": "Trekpleister", "straatNaam": "Voorstraat", "straatNr": "12 A", "postcode": "7772 AC", "plaats": "Hardenberg", "merk": "Stibat", "puntType": "inzamelbak", "materialen": ["batterijen"], "uitbetaling": [], "vrijToegankelijk": false, "gemeenteBeperking": null, "openingstijden": null, "latitude": 52.5757863, "longitude": 6.6169919, "bronId": "L025481"}}, {"type": "Feature", "geometry": {"type": "Point", "coordinates": [6.6176603, 52.5756518]}, "properties": {"type": "inleverpunt", "locatieNaam": "DA", "straatNaam": "Voorstraat", "straatNr": "23", "postcode": "7772 AA", "plaats": "Hardenberg", "merk": "Stibat", "puntType": "inzamelbak", "materialen": ["batterijen"], "uitbetaling": [], "vrijToegankelijk": false, "gemeenteBeperking": null, "openingstijden": null, "latitude": 52.5756518, "longitude": 6.6176603, "bronId": "L026315"}}, {"type": "Feature", "geometry": {"type": "Point", "coordinates": [6.618452, 52.574846]}, "properties": {"type": "inleverpunt", "locatieNaam": "Amiri telecom", "straatNaam": "Lage Doelen", "straatNr": "1b", "postcode": "7772 BL", "plaats": "Hardenberg", "merk": "Stibat", "puntType": "inzamelbak", "materialen": ["batterijen"], "uitbetaling": [], "vrijToegankelijk": false, "gemeenteBeperking": null, "openingstijden": null, "latitude": 52.574846, "longitude": 6.618452, "bronId": "L040663"}}, {"type": "Feature", "geometry": {"type": "Point", "coordinates": [6.619207, 52.574404]}, "properties": {"type": "inleverpunt", "locatieNaam": "Hans Anders", "straatNaam": "De Spinde", "straatNr": "6", "postcode": "7772 HA", "plaats": "Hardenberg", "merk": "Stibat", "puntType": "inzamelbak", "materialen": ["batterijen"], "uitbetaling": [], "vrijToegankelijk": false, "gemeenteBeperking": null, "openingstijden": null, "latitude": 52.574404, "longitude": 6.619207, "bronId": "L037825"}}, {"type": "Feature", "geometry": {"type": "Point", "coordinates": [6.6188587, 52.5749541]}, "properties": {"type": "inleverpunt", "locatieNaam": "Zeeman", "straatNaam": "Fortuinstraat", "straatNr": "14", "postcode": "7772 BM", "plaats": "Hardenberg", "merk": "Stibat", "puntType": "inzamelbak", "materialen": ["batterijen"], "uitbetaling": [], "vrijToegankelijk": false, "gemeenteBeperking": null, "openingstijden": null, "latitude": 52.5749541, "longitude": 6.6188587, "bronId": "L021776"}}, {"type": "Feature", "geometry": {"type": "Point", "coordinates": [6.6184224, 52.5754852]}, "properties": {"type": "inleverpunt", "locatieNaam": "Bruna", "straatNaam": "Voorstraat", "straatNr": "12", "postcode": "7772 AC", "plaats": "Hardenberg", "merk": "Stibat", "puntType": "inzamelbak", "materialen": ["batterijen"], "uitbetaling": [], "vrijToegankelijk": false, "gemeenteBeperking": null, "openingstijden": null, "latitude": 52.5754852, "longitude": 6.6184224, "bronId": "L024193"}}, {"type": "Feature", "geometry": {"type": "Point", "coordinates": [6.6182838, 52.5756986]}, "properties": {"type": "inleverpunt", "locatieNaam": "The Phone House", "straatNaam": "Klepperplein", "straatNr": "1", "postcode": "7772 VE", "plaats": "Hardenberg", "merk": "Stibat", "puntType": "inzamelbak", "materialen": ["batterijen"], "uitbetaling": [], "vrijToegankelijk": false, "gemeenteBeperking": null, "openingstijden": null, "latitude": 52.5756986, "longitude": 6.6182838, "bronId": "L038309"}}, {"type": "Feature", "geometry": {"type": "Point", "coordinates": [6.6189955, 52.5756239]}, "properties": {"type": "inleverpunt", "locatieNaam": "HEMA Voorstraat", "straatNaam": "Voorstraat", "straatNr": "9-11", "postcode": "7772 AA", "plaats": "Hardenberg", "merk": "Stibat", "puntType": "inzamelbak", "materialen": ["batterijen"], "uitbetaling": [], "vrijToegankelijk": false, "gemeenteBeperking": null, "openingstijden": null, "latitude": 52.5756239, "longitude": 6.6189955, "bronId": "L006240"}}, {"type": "Feature", "geometry": {"type": "Point", "coordinates": [6.619231, 52.5753852]}, "properties": {"type": "inleverpunt", "locatieNaam": "Cigo Hardenberg", "straatNaam": "Voorstraat", "straatNr": "4", "postcode": "7772 AC", "plaats": "Hardenberg", "merk": "Stibat", "puntType": "inzamelbak", "materialen": ["batterijen"], "uitbetaling": [], "vrijToegankelijk": false, "gemeenteBeperking": null, "openingstijden": null, "latitude": 52.5753852, "longitude": 6.619231, "bronId": "L046247"}}, {"type": "Feature", "geometry": {"type": "Point", "coordinates": [6.6187358, 52.5760049]}, "properties": {"type": "inleverpunt", "locatieNaam": "Wibra", "straatNaam": "Markt", "straatNr": "25", "postcode": "7772 AE", "plaats": "Hardenberg", "merk": "Stibat", "puntType": "inzamelbak", "materialen": ["batterijen"], "uitbetaling": [], "vrijToegankelijk": false, "gemeenteBeperking": null, "openingstijden": null, "latitude": 52.5760049, "longitude": 6.6187358, "bronId": "L036259"}}, {"type": "Feature", "geometry": {"type": "Point", "coordinates": [6.6179209, 52.5768915]}, "properties": {"type": "inleverpunt", "locatieNaam": "1159 Action", "straatNaam": "Gedempte Haven", "straatNr": "3-5", "postcode": "7772 VD", "plaats": "Hardenberg", "merk": "Stibat", "puntType": "inzamelbak", "materialen": ["batterijen"], "uitbetaling": [], "vrijToegankelijk": false, "gemeenteBeperking": null, "openingstijden": null, "latitude": 52.5768915, "longitude": 6.6179209, "bronId": "L017456"}}, {"type": "Feature", "geometry": {"type": "Point", "coordinates": [6.6187052, 52.5761259]}, "properties": {"type": "inleverpunt", "locatieNaam": "Lidl", "straatNaam": "Markt", "straatNr": "50", "postcode": "7772 AE", "plaats": "Hardenberg", "merk": "Stibat", "puntType": "inzamelbak", "materialen": ["batterijen"], "uitbetaling": [], "vrijToegankelijk": false, "gemeenteBeperking": null, "openingstijden": null, "latitude": 52.5761259, "longitude": 6.6187052, "bronId": "L038448"}}, {"type": "Feature", "geometry": {"type": "Point", "coordinates": [6.6193658, 52.5754541]}, "properties": {"type": "inleverpunt", "locatieNaam": "Kruidvat", "straatNaam": "Voorstraat", "straatNr": "2", "postcode": "7772 AC", "plaats": "Hardenberg", "merk": "Stibat", "puntType": "inzamelbak", "materialen": ["batterijen"], "uitbetaling": [], "vrijToegankelijk": false, "gemeenteBeperking": null, "openingstijden": null, "latitude": 52.5754541, "longitude": 6.6193658, "bronId": "L014080"}}, {"type": "Feature", "geometry": {"type": "Point", "coordinates": [6.620722, 52.5740555]}, "properties": {"type": "inleverpunt", "locatieNaam": "Jumbo", "straatNaam": "Admiraal Helfrichstraat", "straatNr": "1", "postcode": "7772 BV", "plaats": "Hardenberg", "merk": "Stibat", "puntType": "inzamelbak", "materialen": ["batterijen"], "uitbetaling": [], "vrijToegankelijk": false, "gemeenteBeperking": null, "openingstijden": null, "latitude": 52.5740555, "longitude": 6.620722, "bronId": "L031991"}}, {"type": "Feature", "geometry": {"type": "Point", "coordinates": [6.6182711, 52.5766455]}, "properties": {"type": "inleverpunt", "locatieNaam": "Xenos", "straatNaam": "Markt", "straatNr": "53", "postcode": "7772 AE", "plaats": "Hardenberg", "merk": "Stibat", "puntType": "inzamelbak", "materialen": ["batterijen"], "uitbetaling": [], "vrijToegankelijk": false, "gemeenteBeperking": null, "openingstijden": null, "latitude": 52.5766455, "longitude": 6.6182711, "bronId": "L036983"}}, {"type": "Feature", "geometry": {"type": "Point", "coordinates": [6.6192254, 52.5756639]}, "properties": {"type": "inleverpunt", "locatieNaam": "Perry", "straatNaam": "Voorstraat", "straatNr": "7", "postcode": "7772 AA", "plaats": "Hardenberg", "merk": "Stibat", "puntType": "inzamelbak", "materialen": ["batterijen"], "uitbetaling": [], "vrijToegankelijk": false, "gemeenteBeperking": null, "openingstijden": null, "latitude": 52.5756639, "longitude": 6.6192254, "bronId": "L023944"}}, {"type": "Feature", "geometry": {"type": "Point", "coordinates": [6.6199612, 52.5753908]}, "properties": {"type": "inleverpunt", "locatieNaam": "DA", "straatNaam": "Adm. Helfrichstraat", "straatNr": "142", "postcode": "7772 BR", "plaats": "Hardenberg", "merk": "Stibat", "puntType": "inzamelbak", "materialen": ["batterijen"], "uitbetaling": [], "vrijToegankelijk": false, "gemeenteBeperking": null, "openingstijden": null, "latitude": 52.5753908, "longitude": 6.6199612, "bronId": "L024766"}}, {"type": "Feature", "geometry": {"type": "Point", "coordinates": [6.6199152, 52.5755078]}, "properties": {"type": "inleverpunt", "locatieNaam": "Beter Horen", "straatNaam": "Oosteinde", "straatNr": "3", "postcode": "7772 CA", "plaats": "Hardenberg", "merk": "Stibat", "puntType": "inzamelbak", "materialen": ["batterijen"], "uitbetaling": [], "vrijToegankelijk": false, "gemeenteBeperking": null, "openingstijden": null, "latitude": 52.5755078, "longitude": 6.6199152, "bronId": "L016643"}}, {"type": "Feature", "geometry": {"type": "Point", "coordinates": [6.6195503, 52.5759477]}, "properties": {"type": "inleverpunt", "locatieNaam": "Foto Reints VOF", "straatNaam": "Smederijstraat", "straatNr": "1", "postcode": "7772 VG", "plaats": "Hardenberg", "merk": "Stibat", "puntType": "inzamelbak", "materialen": ["batterijen"], "uitbetaling": [], "vrijToegankelijk": false, "gemeenteBeperking": null, "openingstijden": null, "latitude": 52.5759477, "longitude": 6.6195503, "bronId": "L000823"}}, {"type": "Feature", "geometry": {"type": "Point", "coordinates": [6.6205101, 52.5757982]}, "properties": {"type": "inleverpunt", "locatieNaam": "EP: Back Electronics", "straatNaam": "Oosteinde", "straatNr": "14", "postcode": "7772 CB", "plaats": "Hardenberg", "merk": "Stibat", "puntType": "inzamelbak", "materialen": ["batterijen"], "uitbetaling": [], "vrijToegankelijk": false, "gemeenteBeperking": null, "openingstijden": null, "latitude": 52.5757982, "longitude": 6.6205101, "bronId": "L017401"}}, {"type": "Feature", "geometry": {"type": "Point", "coordinates": [6.6205101, 52.5757982]}, "properties": {"type": "inleverpunt", "locatieNaam": "Forcys Computers en Automatisering", "straatNaam": "Oosteinde", "straatNr": "14", "postcode": "7772 CB", "plaats": "Hardenberg", "merk": "Stibat", "puntType": "inzamelbak", "materialen": ["batterijen"], "uitbetaling": [], "vrijToegankelijk": false, "gemeenteBeperking": null, "openingstijden": null, "latitude": 52.5757982, "longitude": 6.6205101, "bronId": "L025686"}}, {"type": "Feature", "geometry": {"type": "Point", "coordinates": [6.6206441, 52.5758323]}, "properties": {"type": "inleverpunt", "locatieNaam": "Specsavers", "straatNaam": "Oosteinde", "straatNr": "14A", "postcode": "7772 CB", "plaats": "Hardenberg", "merk": "Stibat", "puntType": "inzamelbak", "materialen": ["batterijen"], "uitbetaling": [], "vrijToegankelijk": false, "gemeenteBeperking": null, "openingstijden": null, "latitude": 52.5758323, "longitude": 6.6206441, "bronId": "L045043"}}, {"type": "Feature", "geometry": {"type": "Point", "coordinates": [6.6195969, 52.5770043]}, "properties": {"type": "inleverpunt", "locatieNaam": "8565 Albert Heijn", "straatNaam": "Van Wevelinckhovenplein", "straatNr": "60", "postcode": "7772 VJ", "plaats": "Hardenberg", "merk": "Stibat", "puntType": "inzamelbak", "materialen": ["batterijen"], "uitbetaling": [], "vrijToegankelijk": false, "gemeenteBeperking": null, "openingstijden": null, "latitude": 52.5770043, "longitude": 6.6195969, "bronId": "L007715"}}, {"type": "Feature", "geometry": {"type": "Point", "coordinates": [6.6224569, 52.575098]}, "properties": {"type": "inleverpunt", "locatieNaam": "Aldi", "straatNaam": "Israël Emanuelplein", "straatNr": "9", "postcode": "7772 BH", "plaats": "Hardenberg", "merk": "Stibat", "puntType": "inzamelbak", "materialen": ["batterijen"], "uitbetaling": [], "vrijToegankelijk": false, "gemeenteBeperking": null, "openingstijden": null, "latitude": 52.575098, "longitude": 6.6224569, "bronId": "L041511"}}, {"type": "Feature", "geometry": {"type": "Point", "coordinates": [6.6221505, 52.5757484]}, "properties": {"type": "inleverpunt", "locatieNaam": "Europart", "straatNaam": "Oosteinde", "straatNr": "34", "postcode": "7772 CB", "plaats": "Hardenberg", "merk": "Stibat", "puntType": "inzamelbak", "materialen": ["batterijen"], "uitbetaling": [], "vrijToegankelijk": false, "gemeenteBeperking": null, "openingstijden": null, "latitude": 52.5757484, "longitude": 6.6221505, "bronId": "L021501"}}, {"type": "Feature", "geometry": {"type": "Point", "coordinates": [6.6232002, 52.5749265]}, "properties": {"type": "inleverpunt", "locatieNaam": "Stegeman Hoortechniek", "straatNaam": "Stationsstraat", "straatNr": "5E", "postcode": "7772 CG", "plaats": "Hardenberg", "merk": "Stibat", "puntType": "inzamelbak", "materialen": ["batterijen"], "uitbetaling": [], "vrijToegankelijk": false, "gemeenteBeperking": null, "openingstijden": null, "latitude": 52.5749265, "longitude": 6.6232002, "bronId": "L030950"}}, {"type": "Feature", "geometry": {"type": "Point", "coordinates": [6.6423521, 52.5748624]}, "properties": {"type": "inleverpunt", "locatieNaam": "PLUS", "straatNaam": "Floralaan", "straatNr": "46", "postcode": "7772 LL", "plaats": "Hardenberg", "merk": "Stibat", "puntType": "inzamelbak", "materialen": ["batterijen"], "uitbetaling": [], "vrijToegankelijk": false, "gemeenteBeperking": null, "openingstijden": null, "latitude": 52.5748624, "longitude": 6.6423521, "bronId": "L013595"}}, {"type": "Feature", "geometry": {"type": "Point", "coordinates": [6.6466501, 52.6137864]}, "properties": {"type": "inleverpunt", "locatieNaam": "Pasveer Electro Service", "straatNaam": "De Vaart", "straatNr": "39", "postcode": "7784 DK", "plaats": "Ane", "merk": "Stibat", "puntType": "inzamelbak", "materialen": ["batterijen"], "uitbetaling": [], "vrijToegankelijk": false, "gemeenteBeperking": null, "openingstijden": null, "latitude": 52.6137864, "longitude": 6.6466501, "bronId": "L025465"}}, {"type": "Feature", "geometry": {"type": "Point", "coordinates": [6.6171705, 52.6506103]}, "properties": {"type": "inleverpunt", "locatieNaam": "Boon's Markt Alfring", "straatNaam": "Turfstekersplein", "straatNr": "11", "postcode": "7782 NZ", "plaats": "De Krim", "merk": "Stibat", "puntType": "inzamelbak", "materialen": ["batterijen"], "uitbetaling": [], "vrijToegankelijk": false, "gemeenteBeperking": null, "openingstijden": null, "latitude": 52.6506103, "longitude": 6.6171705, "bronId": "L020681"}}, {"type": "Feature", "geometry": {"type": "Point", "coordinates": [6.6174645, 52.6505172]}, "properties": {"type": "inleverpunt", "locatieNaam": "Muziekhoekje", "straatNaam": "Turfstekersplein", "straatNr": "8", "postcode": "7782 NZ", "plaats": "De Krim", "merk": "Stibat", "puntType": "inzamelbak", "materialen": ["batterijen"], "uitbetaling": [], "vrijToegankelijk": false, "gemeenteBeperking": null, "openingstijden": null, "latitude": 52.6505172, "longitude": 6.6174645, "bronId": "L039213"}}, {"type": "Feature", "geometry": {"type": "Point", "coordinates": [6.673436, 52.610849]}, "properties": {"type": "inleverpunt", "locatieNaam": "Uw Eigen Drogist", "straatNaam": "Stationsstraat", "straatNr": "3-5", "postcode": "7783 AR", "plaats": "Gramsbergen", "merk": "Stibat", "puntType": "inzamelbak", "materialen": ["batterijen"], "uitbetaling": [], "vrijToegankelijk": false, "gemeenteBeperking": null, "openingstijden": null, "latitude": 52.610849, "longitude": 6.673436, "bronId": "L023524"}}, {"type": "Feature", "geometry": {"type": "Point", "coordinates": [6.6753267, 52.6101826]}, "properties": {"type": "inleverpunt", "locatieNaam": "PLUS", "straatNaam": "De Oostermaat", "straatNr": "60", "postcode": "7783 BX", "plaats": "Gramsbergen", "merk": "Stibat", "puntType": "inzamelbak", "materialen": ["batterijen"], "uitbetaling": [], "vrijToegankelijk": false, "gemeenteBeperking": null, "openingstijden": null, "latitude": 52.6101826, "longitude": 6.6753267, "bronId": "L011471"}}, {"type": "Feature", "geometry": {"type": "Point", "coordinates": [6.6786869, 52.6071373]}, "properties": {"type": "inleverpunt", "locatieNaam": "'t Hooge Holt", "straatNaam": "Boslaan", "straatNr": "1", "postcode": "7783 DD", "plaats": "Gramsbergen", "merk": "Stibat", "puntType": "inzamelbak", "materialen": ["batterijen"], "uitbetaling": [], "vrijToegankelijk": false, "gemeenteBeperking": null, "openingstijden": null, "latitude": 52.6071373, "longitude": 6.6786869, "bronId": "L028084"}}, {"type": "Feature", "geometry": {"type": "Polygon", "coordinates": [[[6.641541002972943, 52.47124400415853], [6.649556002980883, 52.473090004159246], [6.6511000029824405, 52.475157004160394], [6.647460002978903, 52.47861400416252], [6.654578002986, 52.482715004164604], [6.653659002985174, 52.487832004167586], [6.664383002995836, 52.493008004170086], [6.66930100300072, 52.49498100417101], [6.693485003024428, 52.48632700416494], [6.697585003028473, 52.486298004164716], [6.7053320030366415, 52.52100800418436], [6.680880003013051, 52.55331700420393], [6.716264003047823, 52.54852500419957], [6.71594700304752, 52.54917700419994], [6.716236003047822, 52.550327004200625], [6.719996003051542, 52.55167000420119], [6.720175003051735, 52.5525750042017], [6.72096000305251, 52.55294700420186], [6.725973003057595, 52.563255004207505], [6.734201003065673, 52.5617760042063], [6.738456003069865, 52.56216000420631], [6.740103003071483, 52.56205300420617], [6.7505330030817055, 52.55927000420409], [6.752272003083416, 52.55903900420389], [6.76394000309493, 52.561565004204795], [6.766692003097638, 52.56163700420467], [6.766660003097631, 52.56353300420577], [6.718772003050877, 52.58863600422226], [6.7199490030521, 52.593262004224826], [6.721574003053726, 52.59487400422566], [6.720717003052903, 52.59628200422651], [6.720973003053186, 52.598352004227685], [6.723755003055988, 52.60312900423024], [6.724353003056651, 52.608330004233146], [6.72728900305963, 52.61492800423673], [6.724879003057314, 52.61862600423894], [6.722910003055405, 52.62037200424002], [6.72211200305462, 52.62033600424003], [6.72043300305298, 52.621544004240796], [6.718657003051247, 52.62194700424108], [6.718251003050867, 52.62338200424193], [6.715014003047717, 52.625723004243376], [6.714208003046941, 52.62680800424404], [6.712005003044776, 52.62683200424414], [6.7101450030429515, 52.627315004244515], [6.710053003042869, 52.6278200042448], [6.708002003040857, 52.62801400424499], [6.70717100304002, 52.626760004244325], [6.704846003037742, 52.62731700424472], [6.70200500303495, 52.627267004244864], [6.700792003033772, 52.62841000424556], [6.700911003033905, 52.62940100424612], [6.702766003035744, 52.6305770042467], [6.704252003037234, 52.6325030042477], [6.704641003037631, 52.63360200424832], [6.703228003036253, 52.63438400424879], [6.703330003036375, 52.635840004249616], [6.705083003038118, 52.637290004250374], [6.7054540030385, 52.63840700425097], [6.706526003039573, 52.639542004251545], [6.705519003038599, 52.640969004252376], [6.703649003036767, 52.64131800425267], [6.702170003035308, 52.64108400425262], [6.70115300303432, 52.64173600425304], [6.702145003035304, 52.64249900425341], [6.70567700303879, 52.643478004253765], [6.705563003038711, 52.6458210042552], [6.707978003041113, 52.64765800425605], [6.708547003041689, 52.6487150042566], [6.682509003016173, 52.65417900426088], [6.61452700294963, 52.67404900427502], [6.552821002888778, 52.66559500427297], [6.546458002882478, 52.663535004272084], [6.513861002850071, 52.64629400426376], [6.518604002854167, 52.61408800424543], [6.512027002847677, 52.613650004245464], [6.511152002846827, 52.61436200424589], [6.507297002843044, 52.61552600424672], [6.504512002840328, 52.61705800424768], [6.499738002835639, 52.618004004248405], [6.494901002830869, 52.61803200424864], [6.4918500028278805, 52.61914400424939], [6.488128002824208, 52.61882900424937], [6.483896002820038, 52.61907700424966], [6.481872002818028, 52.618255004249264], [6.480581002816748, 52.618155004249274], [6.479348002815551, 52.61899800424982], [6.478370002814589, 52.61900600424983], [6.478016002814233, 52.618631004249686], [6.476718002812972, 52.619698004250324], [6.476708002812982, 52.62081000425095], [6.475921002812213, 52.621277004251255], [6.47433400281064, 52.62073300425104], [6.473103002809436, 52.62122000425131], [6.47322900280957, 52.62176400425166], [6.472493002808854, 52.62223600425192], [6.47312000280947, 52.6222500042519], [6.473324002809684, 52.622932004252284], [6.472599002808985, 52.623569004252666], [6.472796002809186, 52.62406000425295], [6.472369002808775, 52.62457900425324], [6.4701240028065685, 52.62500600425357], [6.465387002801879, 52.62388400425314], [6.463865002800375, 52.62390300425319], [6.463285002799798, 52.62351400425301], [6.463210002799697, 52.62215100425226], [6.4639870028004545, 52.621706004251934], [6.462429002798903, 52.62095600425161], [6.462065002798512, 52.61915300425059], [6.4606720027971045, 52.61751300424972], [6.460818002797224, 52.61627400424904], [6.459788002796202, 52.615760004248756], [6.457718002794163, 52.61604300424903], [6.457550002793994, 52.61576300424888], [6.455134002791604, 52.61543900424878], [6.454999002791459, 52.61487400424846], [6.454429002790901, 52.61516400424866], [6.45396300279044, 52.615037004248606], [6.454038002790503, 52.614469004248264], [6.453366002789827, 52.613946004248], [6.450558002787085, 52.615216004248865], [6.448094002784645, 52.61479200424871], [6.445938002782525, 52.61509700424895], [6.44501900278163, 52.615673004249246], [6.443035002779681, 52.61619500424967], [6.4418800027785315, 52.61563700424942], [6.441586002778251, 52.616140004249736], [6.440784002777459, 52.61607800424976], [6.436473002773243, 52.61807000425102], [6.436058002772854, 52.619066004251586], [6.43493400277175, 52.61928600425179], [6.434461002771304, 52.62041700425239], [6.43561300277245, 52.62087100425263], [6.435481002772342, 52.62199200425325], [6.432488002769461, 52.62564000425546], [6.433803002770776, 52.62640900425585], [6.43299200277, 52.62776500425664], [6.4312430027682845, 52.628378004257044], [6.4305470027675895, 52.62783200425675], [6.428176002765258, 52.628188004257055], [6.428030002765093, 52.62715500425648], [6.426590002763665, 52.62683100425635], [6.426032002763095, 52.6257850042558], [6.426794002763821, 52.624527004255015], [6.424359002761416, 52.624293004254994], [6.424233002761282, 52.62383200425472], [6.421099002758175, 52.622950004254385], [6.420236002757308, 52.62231800425407], [6.419979002757034, 52.62127400425348], [6.419007002756069, 52.620930004253324], [6.418808002755833, 52.61902300425225], [6.4173320027543825, 52.61919300425241], [6.416818002753863, 52.61868400425214], [6.416290002753339, 52.61864500425216], [6.4128590027499754, 52.6195740042528], [6.4116910027488325, 52.620139004253154], [6.410890002748065, 52.62131400425386], [6.40947600274668, 52.621728004254145], [6.409480002746676, 52.621365004253924], [6.406251002743477, 52.62069400425366], [6.405894002743082, 52.61870900425257], [6.406858002744015, 52.61778100425201], [6.405860002743016, 52.61709200425163], [6.404022002741195, 52.61674500425154], [6.403767002740934, 52.616271004251274], [6.401124002738326, 52.616260004251366], [6.399187002736433, 52.61717000425197], [6.397568002734833, 52.61702400425196], [6.397481002734758, 52.6175880042523], [6.396035002733335, 52.617788004252446], [6.39384600273116, 52.61723300425219], [6.3933910027306995, 52.616459004251794], [6.3936310027309275, 52.6161180042516], [6.391671002728974, 52.6151420042511], [6.391522002728813, 52.61451900425075], [6.389042002726362, 52.614341004250754], [6.388306002725622, 52.6138430042505], [6.38677800272411, 52.61362000425042], [6.383902002721243, 52.61219600424972], [6.383402002720752, 52.61234800424983], [6.383138002720503, 52.612964004250166], [6.383521002720918, 52.614631004251144], [6.382796002720223, 52.615661004251734], [6.381714002719151, 52.61558600425174], [6.380320002717764, 52.61497500425144], [6.379026002716497, 52.61558600425182], [6.3792580027167345, 52.615984004252056], [6.3765100027140456, 52.6169240042527], [6.3760580027136164, 52.6178100042532], [6.376916002714472, 52.61833200425346], [6.3762720027138595, 52.6194000042541], [6.3768160027144, 52.61952000425413], [6.377178002714773, 52.62036100425462], [6.376238002713855, 52.62093800425497], [6.37631000271394, 52.62148500425526], [6.3753780027130205, 52.621524004255356], [6.375238002712895, 52.62201700425558], [6.373622002711316, 52.622988004256236], [6.373253002710971, 52.623837004256764], [6.3745930027123014, 52.62436300425696], [6.375275002712998, 52.625294004257455], [6.375153002712892, 52.626058004257914], [6.374091002711851, 52.62643700425817], [6.375150002712907, 52.62701800425846], [6.375206002712971, 52.62740800425867], [6.374278002712059, 52.627629004258814], [6.374890002712671, 52.62794500425896], [6.374137002711952, 52.62901000425956], [6.373038002710869, 52.62917900425973], [6.372937002710777, 52.62962500425998], [6.372276002710124, 52.62949900425998], [6.3714850027093926, 52.63179200426127], [6.370695002708607, 52.631574004261175], [6.369180002707122, 52.632067004261536], [6.369575002707524, 52.63271000426187], [6.36860300270658, 52.63352600426237], [6.369016002706998, 52.633990004262586], [6.368780002706778, 52.6344630042629], [6.369778002707772, 52.63497000426313], [6.369522002707528, 52.63548400426344], [6.368139002706166, 52.63558200426355], [6.367987002706029, 52.63625400426393], [6.366284002704375, 52.637566004264734], [6.364233002702353, 52.63765700426482], [6.364160002702291, 52.638128004265134], [6.363019002701188, 52.639058004265706], [6.36301700270119, 52.639375004265894], [6.363889002702048, 52.63930200426581], [6.364241002702403, 52.63961300426594], [6.364292002702469, 52.64041000426641], [6.363833002702015, 52.64029300426634], [6.363154002701357, 52.64093700426676], [6.364611002702808, 52.64155600426705], [6.364482002702691, 52.64212700426738], [6.363892002702113, 52.64226300426745], [6.364441002702674, 52.64317500426793], [6.363205002701458, 52.643386004268095], [6.362307002700584, 52.64398700426849], [6.362565002700847, 52.64424200426862], [6.359751002698096, 52.6455620042695], [6.358600002696953, 52.6452500042693], [6.3584040026967665, 52.645728004269614], [6.356708002695093, 52.64561400426963], [6.355268002693683, 52.64614100426997], [6.353979002692405, 52.64571900426979], [6.353338002691775, 52.645963004269966], [6.353648002692098, 52.646739004270344], [6.353299002691776, 52.647814004271], [6.352455002690948, 52.648046004271144], [6.352013002690522, 52.64863900427147], [6.351726002690233, 52.648305004271315], [6.351052002689572, 52.64857900427147], [6.350046002688579, 52.64841900427146], [6.348648002687212, 52.64914900427191], [6.346968002685556, 52.64915200427198], [6.347034002685627, 52.64953100427218], [6.347527002686114, 52.649500004272156], [6.347381002685977, 52.64991500427237], [6.345737002684361, 52.65023800427262], [6.344391002683055, 52.6511720042732], [6.343596002682269, 52.65115800427321], [6.3413950026801595, 52.654121004274934], [6.339533002678333, 52.65472800427535], [6.338245002677052, 52.65413900427509], [6.337370002676196, 52.65456700427535], [6.336532002675367, 52.654364004275294], [6.33567900267454, 52.655185004275786], [6.334816002673679, 52.65465300427553], [6.334003002672876, 52.65469900427555], [6.332366002671282, 52.655715004276225], [6.332638002671572, 52.656751004276785], [6.331201002670167, 52.65716100427705], [6.330110002669085, 52.65701600427701], [6.328735002667756, 52.65840900427784], [6.32779800266684, 52.65869300427803], [6.326078002665102, 52.65694700427713], [6.303064002641069, 52.59714100424425], [6.319681002657533, 52.59917100424477], [6.323413002661077, 52.592527004240885], [6.392348002729149, 52.59126500423756], [6.402645002739322, 52.59140300423726], [6.4150150027511055, 52.570012004224616], [6.423006002759015, 52.570958004224856], [6.428282002764234, 52.5712270042248], [6.431721002767625, 52.571021004224534], [6.438071002773861, 52.56937500422338], [6.4792480028145025, 52.56883600422138], [6.488356002823494, 52.569001004221114], [6.49676900283185, 52.57162200422226], [6.499883002834961, 52.57363700422327], [6.50493900283999, 52.575885004224354], [6.521827002856373, 52.56058600421496], [6.529660002863837, 52.54628600420647], [6.53096600286493, 52.53546000420022], [6.534115002867909, 52.528336004196014], [6.534760002868555, 52.52888200419633], [6.536055002869836, 52.52893000419626], [6.537884002871613, 52.52744300419533], [6.541772002875431, 52.526348004194546], [6.541814002875459, 52.52570800419417], [6.540913002874545, 52.5244300041935], [6.542797002876346, 52.52106000419146], [6.541368002874907, 52.51949000419063], [6.541323002874853, 52.51897000419038], [6.5419990028755155, 52.5188000041902], [6.54477300287826, 52.51907000419022], [6.546594002880047, 52.51855800418988], [6.545463002878893, 52.516477004188744], [6.545671002879093, 52.51603600418848], [6.550087002883432, 52.514991004187685], [6.553498002886754, 52.512506004186115], [6.554058002887305, 52.512460004186075], [6.555804002889037, 52.51270000418614], [6.556678002889905, 52.51326000418639], [6.556557002889801, 52.51405600418686], [6.554882002888178, 52.515596004187834], [6.5572740028905585, 52.51678500418841], [6.559049002892355, 52.51918200418973], [6.560975002894268, 52.51979900419], [6.564405002897636, 52.518871004189265], [6.5665270028997105, 52.517802004188596], [6.567064002900225, 52.517006004188104], [6.5668390028999895, 52.51608200418761], [6.566091002899234, 52.51505500418703], [6.564808002897954, 52.51447800418677], [6.563789002896951, 52.51452700418686], [6.56145600289466, 52.51541400418743], [6.560198002893416, 52.51522000418738], [6.560304002893499, 52.513911004186625], [6.5612820028944485, 52.51293100418603], [6.564490002897607, 52.512447004185624], [6.565930002899014, 52.51168500418515], [6.5680110029010565, 52.51114900418473], [6.573094002906019, 52.507984004182646], [6.592382002924911, 52.49956600417701], [6.609644002941824, 52.49250500417225], [6.600170002932346, 52.48515400416837], [6.595188002927345, 52.48030300416579], [6.601035002933104, 52.47947000416504], [6.612575002944253, 52.46576400415661], [6.613001002944675, 52.465603004156534], [6.616570002948262, 52.46936900415855], [6.617683002949358, 52.46925300415847], [6.620940002952597, 52.47054100415904], [6.626821002958456, 52.47383100416068], [6.631217002962766, 52.4719730041594], [6.63562100296711, 52.47164700415902], [6.640584002972032, 52.47310500415965], [6.641541002972943, 52.47124400415853]]]}, "properties": {"type": "boundary", "gemeente": "Hardenberg"}}]}