{"type": "FeatureCollection", "metadata": {"gemeente": "Hengelo (O)", "slug": "hengelo-o", "generated_at": "2026-07-28T19:03:25.026558Z", "total_points": 178, "merken": ["StatiegeldNederland", "Stibat", "StichtingOPEN"], "bounds": [6.762872, 52.2402026, 6.8424494, 52.2956967]}, "features": [{"type": "Feature", "geometry": {"type": "Point", "coordinates": [6.7861666, 52.2551203]}, "properties": {"type": "inleverpunt", "locatieNaam": "Albert Heijn", "straatNaam": "Boekeloseweg", "straatNr": "26", "postcode": "7553 DN", "plaats": "Hengelo", "merk": "StatiegeldNederland", "puntType": "automaat", "materialen": ["pet-groot", "pet-klein", "blik", "glas", "krat"], "uitbetaling": ["bonnetje", "donatie"], "vrijToegankelijk": true, "gemeenteBeperking": null, "openingstijden": {"ma": "08:00–22:00", "di": "08:00–22:00", "wo": "08:00–22:00", "do": "08:00–22:00", "vr": "08:00–22:00", "za": "08:00–22:00", "zo": "09:00–21:00"}, "latitude": 52.2551203, "longitude": 6.7861666, "bronId": "252036"}}, {"type": "Feature", "geometry": {"type": "Point", "coordinates": [6.829255, 52.2843754]}, "properties": {"type": "inleverpunt", "locatieNaam": "Albert Heijn", "straatNaam": "Chr. Langenveldstraat", "straatNr": "83", "postcode": "7558 CZ", "plaats": "Hengelo (Ov)", "merk": "StatiegeldNederland", "puntType": "automaat", "materialen": ["pet-groot", "pet-klein", "blik", "glas", "krat"], "uitbetaling": ["bonnetje", "donatie"], "vrijToegankelijk": true, "gemeenteBeperking": null, "openingstijden": {"ma": "08:00–21:00", "di": "08:00–21:00", "wo": "08:00–21:00", "do": "08:00–21:00", "vr": "08:00–21:00", "za": "08:00–21:00", "zo": "09:00–21:00"}, "latitude": 52.2843754, "longitude": 6.829255, "bronId": "252097"}}, {"type": "Feature", "geometry": {"type": "Point", "coordinates": [6.80576, 52.295185]}, "properties": {"type": "inleverpunt", "locatieNaam": "Albert Heijn", "straatNaam": "Straatsburg", "straatNr": "48", "postcode": "7559 NM", "plaats": "Hengelo (Ov)", "merk": "StatiegeldNederland", "puntType": "automaat", "materialen": ["pet-groot", "pet-klein", "blik", "glas", "krat"], "uitbetaling": ["bonnetje", "donatie"], "vrijToegankelijk": true, "gemeenteBeperking": null, "openingstijden": {"ma": "08:00–21:00", "di": "08:00–21:00", "wo": "08:00–21:00", "do": "08:00–21:00", "vr": "08:00–21:00", "za": "08:00–21:00", "zo": "09:00–20:00"}, "latitude": 52.295185, "longitude": 6.80576, "bronId": "252782"}}, {"type": "Feature", "geometry": {"type": "Point", "coordinates": [6.7933457, 52.2670927]}, "properties": {"type": "inleverpunt", "locatieNaam": "Albert Heijn", "straatNaam": "Thiemsbrug", "straatNr": "19", "postcode": "7551 EZ", "plaats": "Hengelo (Ov)", "merk": "StatiegeldNederland", "puntType": "automaat", "materialen": ["pet-groot", "pet-klein", "blik", "glas", "krat"], "uitbetaling": ["bonnetje", "donatie"], "vrijToegankelijk": true, "gemeenteBeperking": null, "openingstijden": {"ma": "08:00–22:00", "di": "08:00–22:00", "wo": "08:00–22:00", "do": "08:00–22:00", "vr": "08:00–22:00", "za": "08:00–22:00", "zo": "09:00–22:00"}, "latitude": 52.2670927, "longitude": 6.7933457, "bronId": "252807"}}, {"type": "Feature", "geometry": {"type": "Point", "coordinates": [6.7922061, 52.2767458]}, "properties": {"type": "inleverpunt", "locatieNaam": "Albert Heijn", "straatNaam": "Uitslagsweg 95 -", "straatNr": "1", "postcode": "7556 LN", "plaats": "Hengelo", "merk": "StatiegeldNederland", "puntType": "automaat", "materialen": ["pet-groot", "pet-klein", "blik", "glas", "krat"], "uitbetaling": ["bonnetje"], "vrijToegankelijk": true, "gemeenteBeperking": null, "openingstijden": {"ma": "08:00–21:00", "di": "08:00–21:00", "wo": "08:00–21:00", "do": "08:00–21:00", "vr": "08:00–21:00", "za": "08:00–21:00", "zo": "09:00–21:00"}, "latitude": 52.2767458, "longitude": 6.7922061, "bronId": "252823"}}, {"type": "Feature", "geometry": {"type": "Point", "coordinates": [6.8205487, 52.2626785]}, "properties": {"type": "inleverpunt", "locatieNaam": "Albert Heijn", "straatNaam": "Willem De Merodestraat", "straatNr": "10", "postcode": "7552 WZ", "plaats": "Hengelo (Ov)", "merk": "StatiegeldNederland", "puntType": "automaat", "materialen": ["pet-groot", "pet-klein", "blik", "glas", "krat"], "uitbetaling": ["bonnetje", "donatie"], "vrijToegankelijk": true, "gemeenteBeperking": null, "openingstijden": {"ma": "08:00–22:00", "di": "08:00–22:00", "wo": "08:00–22:00", "do": "08:00–22:00", "vr": "08:00–22:00", "za": "08:00–22:00", "zo": "09:00–22:00"}, "latitude": 52.2626785, "longitude": 6.8205487, "bronId": "252932"}}, {"type": "Feature", "geometry": {"type": "Point", "coordinates": [6.828879, 52.284629]}, "properties": {"type": "inleverpunt", "locatieNaam": "Aldi", "straatNaam": "Christiaan Langefeldstraat", "straatNr": "77", "postcode": "7558 CZ", "plaats": "Hengelo Ov", "merk": "StatiegeldNederland", "puntType": "automaat", "materialen": ["pet-groot", "pet-klein", "blik", "glas", "krat"], "uitbetaling": ["bonnetje"], "vrijToegankelijk": true, "gemeenteBeperking": null, "openingstijden": {"ma": "08:00–20:00", "di": "08:00–20:00", "wo": "08:00–20:00", "do": "08:00–20:00", "vr": "08:00–20:00", "za": "08:00–20:00", "zo": "10:00–18:00"}, "latitude": 52.284629, "longitude": 6.828879, "bronId": "253047"}}, {"type": "Feature", "geometry": {"type": "Point", "coordinates": [6.7893432, 52.256367]}, "properties": {"type": "inleverpunt", "locatieNaam": "Aldi", "straatNaam": "Dikkersplein", "straatNr": "11", "postcode": "7553 CZ", "plaats": "Hengelo Ov", "merk": "StatiegeldNederland", "puntType": "automaat", "materialen": ["pet-groot", "pet-klein", "blik", "glas", "krat"], "uitbetaling": ["bonnetje"], "vrijToegankelijk": true, "gemeenteBeperking": null, "openingstijden": {"ma": "08:00–20:00", "di": "08:00–20:00", "wo": "08:00–20:00", "do": "08:00–21:00", "vr": "08:00–20:00", "za": "08:00–20:00", "zo": "10:00–18:00"}, "latitude": 52.256367, "longitude": 6.7893432, "bronId": "253074"}}, {"type": "Feature", "geometry": {"type": "Point", "coordinates": [6.8098883, 52.2672966]}, "properties": {"type": "inleverpunt", "locatieNaam": "Aldi", "straatNaam": "Mozartlaan", "straatNr": "1", "postcode": "7557 DK", "plaats": "Hengelo", "merk": "StatiegeldNederland", "puntType": "automaat", "materialen": ["pet-groot", "pet-klein", "blik", "glas", "krat"], "uitbetaling": ["bonnetje"], "vrijToegankelijk": true, "gemeenteBeperking": null, "openingstijden": {"ma": "08:00–20:00", "di": "08:00–20:00", "wo": "08:00–20:00", "do": "08:00–20:00", "vr": "08:00–20:00", "za": "08:00–20:00", "zo": "10:00–18:00"}, "latitude": 52.2672966, "longitude": 6.8098883, "bronId": "253276"}}, {"type": "Feature", "geometry": {"type": "Point", "coordinates": [6.7918168, 52.2768712]}, "properties": {"type": "inleverpunt", "locatieNaam": "Aldi", "straatNaam": "Uitslagsweg", "straatNr": "95-9", "postcode": "7556 LN", "plaats": "Hengelo", "merk": "StatiegeldNederland", "puntType": "automaat", "materialen": ["pet-groot", "pet-klein", "blik", "glas", "krat"], "uitbetaling": ["bonnetje"], "vrijToegankelijk": true, "gemeenteBeperking": null, "openingstijden": {"ma": "08:00–20:00", "di": "08:00–20:00", "wo": "08:00–20:00", "do": "08:00–20:00", "vr": "08:00–20:00", "za": "08:00–20:00", "zo": "10:00–18:00"}, "latitude": 52.2768712, "longitude": 6.7918168, "bronId": "253394"}}, {"type": "Feature", "geometry": {"type": "Point", "coordinates": [6.7846533, 52.2921958]}, "properties": {"type": "inleverpunt", "locatieNaam": "Appel - 2724 - The Green Box", "straatNaam": "Europalaan", "straatNr": "202", "postcode": "7559 SC", "plaats": "Hengelo", "merk": "StatiegeldNederland", "puntType": "balie", "materialen": ["pet-groot", "pet-klein", "blik"], "uitbetaling": [], "vrijToegankelijk": true, "gemeenteBeperking": null, "openingstijden": {"ma": "24 uur geopend", "di": "24 uur geopend", "wo": "24 uur geopend", "do": "24 uur geopend", "vr": "24 uur geopend", "za": "24 uur geopend", "zo": "24 uur geopend"}, "latitude": 52.2921958, "longitude": 6.7846533, "bronId": "253513"}}, {"type": "Feature", "geometry": {"type": "Point", "coordinates": [6.7788411, 52.2458125]}, "properties": {"type": "inleverpunt", "locatieNaam": "Appel 2095 - Ship Repair", "straatNaam": "Mammoet", "straatNr": "2", "postcode": "5236 NV", "plaats": "Den Bosch", "merk": "StatiegeldNederland", "puntType": "balie", "materialen": ["pet-groot", "pet-klein", "blik"], "uitbetaling": [], "vrijToegankelijk": true, "gemeenteBeperking": null, "openingstijden": {"ma": "08:00–16:00", "di": "08:00–16:00", "wo": "08:00–16:00", "do": "08:00–16:00", "vr": "08:00–16:00", "za": "Gesloten", "zo": "Gesloten"}, "latitude": 52.2458125, "longitude": 6.7788411, "bronId": "253534"}}, {"type": "Feature", "geometry": {"type": "Point", "coordinates": [6.7875138, 52.2601594]}, "properties": {"type": "inleverpunt", "locatieNaam": "Appel ROC Twente Gieterij", "straatNaam": "Gieterij", "straatNr": "200", "postcode": "7553 VZ", "plaats": "Hengelo", "merk": "StatiegeldNederland", "puntType": "automaat", "materialen": ["pet-klein", "blik"], "uitbetaling": ["donatie", "tikkie"], "vrijToegankelijk": true, "gemeenteBeperking": null, "openingstijden": {"ma": "08:30–17:00", "di": "08:30–17:00", "wo": "08:30–17:00", "do": "08:30–17:00", "vr": "08:30–17:00", "za": "Gesloten", "zo": "Gesloten"}, "latitude": 52.2601594, "longitude": 6.7875138, "bronId": "253741"}}, {"type": "Feature", "geometry": {"type": "Point", "coordinates": [6.809012, 52.2442369]}, "properties": {"type": "inleverpunt", "locatieNaam": "Attractiepark de Waarbeek", "straatNaam": "Twekkelerweg", "straatNr": "327", "postcode": "7554 SC", "plaats": "Hengelo", "merk": "StatiegeldNederland", "puntType": "automaat", "materialen": ["pet-groot", "pet-klein", "blik"], "uitbetaling": ["donatie", "tikkie"], "vrijToegankelijk": true, "gemeenteBeperking": null, "openingstijden": null, "latitude": 52.2442369, "longitude": 6.809012, "bronId": "253786"}}, {"type": "Feature", "geometry": {"type": "Point", "coordinates": [6.8060724, 52.2949015]}, "properties": {"type": "inleverpunt", "locatieNaam": "Dirk", "straatNaam": "Straatburg", "straatNr": "14", "postcode": "7559 NM", "plaats": "Hengelo", "merk": "StatiegeldNederland", "puntType": "automaat", "materialen": ["pet-groot", "pet-klein", "blik", "glas", "krat"], "uitbetaling": ["bonnetje", "donatie"], "vrijToegankelijk": true, "gemeenteBeperking": null, "openingstijden": {"ma": "08:00–21:00", "di": "08:00–21:00", "wo": "08:00–21:00", "do": "08:00–21:00", "vr": "08:00–21:00", "za": "08:00–20:00", "zo": "10:00–18:00"}, "latitude": 52.2949015, "longitude": 6.8060724, "bronId": "254549"}}, {"type": "Feature", "geometry": {"type": "Point", "coordinates": [6.8060724, 52.2949015]}, "properties": {"type": "inleverpunt", "locatieNaam": "Dirk", "straatNaam": "Straatsburg", "straatNr": "14", "postcode": "7559 NM", "plaats": "Hengelo Ov", "merk": "StatiegeldNederland", "puntType": "automaat", "materialen": ["blik"], "uitbetaling": ["bonnetje", "donatie"], "vrijToegankelijk": true, "gemeenteBeperking": null, "openingstijden": {"ma": "08:00–21:00", "di": "08:00–21:00", "wo": "08:00–21:00", "do": "08:00–21:00", "vr": "08:00–21:00", "za": "08:00–20:00", "zo": "10:00–18:00"}, "latitude": 52.2949015, "longitude": 6.8060724, "bronId": "254550"}}, {"type": "Feature", "geometry": {"type": "Point", "coordinates": [6.7967411, 52.2656735]}, "properties": {"type": "inleverpunt", "locatieNaam": "Ekoplaza", "straatNaam": "DE WETSTRAAT", "straatNr": "37", "postcode": "7551 GC", "plaats": "Hengelo", "merk": "StatiegeldNederland", "puntType": "balie", "materialen": ["pet-groot", "pet-klein", "blik"], "uitbetaling": [], "vrijToegankelijk": true, "gemeenteBeperking": null, "openingstijden": {"ma": "10:00–18:30", "di": "08:30–18:30", "wo": "08:30–18:30", "do": "08:30–18:30", "vr": "08:30–18:30", "za": "08:30–18:00", "zo": "Gesloten"}, "latitude": 52.2656735, "longitude": 6.7967411, "bronId": "254638"}}, {"type": "Feature", "geometry": {"type": "Point", "coordinates": [6.8105962, 52.2521232]}, "properties": {"type": "inleverpunt", "locatieNaam": "Fc Twente Heracles Academie B.v.", "straatNaam": "Kuipersdijk", "straatNr": "40", "postcode": "7552 BJ", "plaats": "Hengelo", "merk": "StatiegeldNederland", "puntType": "balie", "materialen": ["pet-groot", "pet-klein", "blik"], "uitbetaling": [], "vrijToegankelijk": false, "gemeenteBeperking": null, "openingstijden": null, "latitude": 52.2521232, "longitude": 6.8105962, "bronId": "254772"}}, {"type": "Feature", "geometry": {"type": "Point", "coordinates": [6.80505, 52.2880502]}, "properties": {"type": "inleverpunt", "locatieNaam": "Hockeyclub Twente", "straatNaam": "Torenlaan", "straatNr": "62", "postcode": "7559 PB", "plaats": "Hengelo", "merk": "StatiegeldNederland", "puntType": "balie", "materialen": ["pet-groot", "pet-klein", "blik"], "uitbetaling": [], "vrijToegankelijk": false, "gemeenteBeperking": null, "openingstijden": {"ma": "10:30–22:30", "di": "10:30–22:30", "wo": "Gesloten", "do": "Gesloten", "vr": "10:30–22:30", "za": "10:30–22:30", "zo": "10:30–22:30"}, "latitude": 52.2880502, "longitude": 6.80505, "bronId": "255001"}}, {"type": "Feature", "geometry": {"type": "Point", "coordinates": [6.805642, 52.2470469]}, "properties": {"type": "inleverpunt", "locatieNaam": "Hvv Hengelo", "straatNaam": "Twekkelerweg", "straatNr": "311", "postcode": "7553 LZ", "plaats": "Hengelo", "merk": "StatiegeldNederland", "puntType": "balie", "materialen": ["pet-groot", "pet-klein", "blik"], "uitbetaling": [], "vrijToegankelijk": false, "gemeenteBeperking": null, "openingstijden": null, "latitude": 52.2470469, "longitude": 6.805642, "bronId": "255152"}}, {"type": "Feature", "geometry": {"type": "Point", "coordinates": [6.814513, 52.27772]}, "properties": {"type": "inleverpunt", "locatieNaam": "Hvv Tubantia.nl", "straatNaam": "Verlengde Polluxweg", "straatNr": "10", "postcode": "7557 XH", "plaats": "Hengelo", "merk": "StatiegeldNederland", "puntType": "balie", "materialen": ["pet-groot", "pet-klein", "blik"], "uitbetaling": [], "vrijToegankelijk": false, "gemeenteBeperking": null, "openingstijden": {"ma": "18:00–22:00", "di": "05:00–22:00", "wo": "18:00–22:00", "do": "18:00–22:00", "vr": "18:00–22:00", "za": "08:00–18:00", "zo": "08:00–18:00"}, "latitude": 52.27772, "longitude": 6.814513, "bronId": "255153"}}, {"type": "Feature", "geometry": {"type": "Point", "coordinates": [6.827428, 52.28459]}, "properties": {"type": "inleverpunt", "locatieNaam": "Jumbo", "straatNaam": "Chr. Langefeldstraat", "straatNr": "29", "postcode": "7558 CW", "plaats": "Hengelo (Ov)", "merk": "StatiegeldNederland", "puntType": "automaat", "materialen": ["pet-groot", "pet-klein", "blik", "glas", "krat"], "uitbetaling": ["bonnetje"], "vrijToegankelijk": true, "gemeenteBeperking": null, "openingstijden": {"ma": "08:00–21:00", "di": "08:00–21:00", "wo": "08:00–21:00", "do": "08:00–21:00", "vr": "08:00–21:00", "za": "08:00–21:00", "zo": "09:00–20:00"}, "latitude": 52.28459, "longitude": 6.827428, "bronId": "255271"}}, {"type": "Feature", "geometry": {"type": "Point", "coordinates": [6.789338, 52.256202]}, "properties": {"type": "inleverpunt", "locatieNaam": "Jumbo", "straatNaam": "Dikkersplein", "straatNr": "9", "postcode": "7553 CZ", "plaats": "Hengelo (Ov)", "merk": "StatiegeldNederland", "puntType": "automaat", "materialen": ["pet-groot", "pet-klein", "blik", "glas", "krat"], "uitbetaling": ["bonnetje", "donatie"], "vrijToegankelijk": true, "gemeenteBeperking": null, "openingstijden": {"ma": "08:00–21:00", "di": "08:00–21:00", "wo": "08:00–21:00", "do": "08:00–21:00", "vr": "08:00–21:00", "za": "08:00–21:00", "zo": "09:00–20:00"}, "latitude": 52.256202, "longitude": 6.789338, "bronId": "255318"}}, {"type": "Feature", "geometry": {"type": "Point", "coordinates": [6.801715, 52.266416]}, "properties": {"type": "inleverpunt", "locatieNaam": "Jumbo", "straatNaam": "Oude Molenweg", "straatNr": "40", "postcode": "7551 HC", "plaats": "Hengelo", "merk": "StatiegeldNederland", "puntType": "automaat", "materialen": ["pet-groot", "pet-klein", "blik", "glas", "krat"], "uitbetaling": ["bonnetje", "donatie"], "vrijToegankelijk": true, "gemeenteBeperking": null, "openingstijden": {"ma": "08:00–21:00", "di": "08:00–21:00", "wo": "08:00–21:00", "do": "08:00–21:00", "vr": "08:00–21:00", "za": "08:00–21:00", "zo": "09:00–20:00"}, "latitude": 52.266416, "longitude": 6.801715, "bronId": "255647"}}, {"type": "Feature", "geometry": {"type": "Point", "coordinates": [6.8218, 52.26218]}, "properties": {"type": "inleverpunt", "locatieNaam": "Jumbo", "straatNaam": "Willem De Merodestraat", "straatNr": "40", "postcode": "7552 WZ", "plaats": "Hengelo (Ov)", "merk": "StatiegeldNederland", "puntType": "automaat", "materialen": ["pet-groot", "pet-klein", "blik", "glas", "krat"], "uitbetaling": ["bonnetje"], "vrijToegankelijk": true, "gemeenteBeperking": null, "openingstijden": {"ma": "08:00–21:00", "di": "08:00–21:00", "wo": "08:00–21:00", "do": "08:00–21:00", "vr": "08:00–21:00", "za": "08:00–21:00", "zo": "09:00–20:00"}, "latitude": 52.26218, "longitude": 6.8218, "bronId": "255872"}}, {"type": "Feature", "geometry": {"type": "Point", "coordinates": [6.773564, 52.270021]}, "properties": {"type": "inleverpunt", "locatieNaam": "Jumbo", "straatNaam": "Woolderesweg", "straatNr": "149", "postcode": "7555 LL", "plaats": "Hengelo", "merk": "StatiegeldNederland", "puntType": "automaat", "materialen": ["pet-groot", "pet-klein", "blik", "glas", "krat"], "uitbetaling": ["bonnetje", "donatie"], "vrijToegankelijk": true, "gemeenteBeperking": null, "openingstijden": {"ma": "08:00–21:00", "di": "08:00–21:00", "wo": "08:00–21:00", "do": "08:00–21:00", "vr": "08:00–21:00", "za": "08:00–21:00", "zo": "09:00–20:00"}, "latitude": 52.270021, "longitude": 6.773564, "bronId": "255881"}}, {"type": "Feature", "geometry": {"type": "Point", "coordinates": [6.7852147, 52.2785378]}, "properties": {"type": "inleverpunt", "locatieNaam": "K.s.v. Achilles 12", "straatNaam": "Oude Bornseweg", "straatNr": "101", "postcode": "7556 GW", "plaats": "Hengelo", "merk": "StatiegeldNederland", "puntType": "balie", "materialen": ["pet-groot", "pet-klein", "blik"], "uitbetaling": [], "vrijToegankelijk": false, "gemeenteBeperking": null, "openingstijden": {"ma": "08:30–16:30, 19:00–23:00", "di": "08:30–16:30, 19:00–23:00", "wo": "11:00–17:00, 19:00–23:00", "do": "08:30–17:00, 19:00–23:00", "vr": "08:30–17:00, 19:00–23:00", "za": "08:00–23:00", "zo": "08:30–14:30"}, "latitude": 52.2785378, "longitude": 6.7852147, "bronId": "255895"}}, {"type": "Feature", "geometry": {"type": "Point", "coordinates": [6.8087522, 52.2581344]}, "properties": {"type": "inleverpunt", "locatieNaam": "Lidl", "straatNaam": "Enschedesestraat", "straatNr": "226-232", "postcode": "7552 CM", "plaats": "Hengelo OV", "merk": "StatiegeldNederland", "puntType": "automaat", "materialen": ["pet-groot", "pet-klein", "blik", "glas", "krat"], "uitbetaling": ["bonnetje", "donatie"], "vrijToegankelijk": true, "gemeenteBeperking": null, "openingstijden": {"ma": "08:00–21:00", "di": "08:00–21:00", "wo": "08:00–21:00", "do": "08:00–21:00", "vr": "08:00–21:00", "za": "08:00–21:00", "zo": "09:00–20:00"}, "latitude": 52.2581344, "longitude": 6.8087522, "bronId": "256147"}}, {"type": "Feature", "geometry": {"type": "Point", "coordinates": [6.80351, 52.25862]}, "properties": {"type": "inleverpunt", "locatieNaam": "Lidl", "straatNaam": "Waarbekenweg", "straatNr": "19", "postcode": "7553 KH", "plaats": "Hengelo", "merk": "StatiegeldNederland", "puntType": "automaat", "materialen": ["pet-groot", "pet-klein", "blik", "glas", "krat"], "uitbetaling": ["bonnetje", "donatie"], "vrijToegankelijk": true, "gemeenteBeperking": null, "openingstijden": {"ma": "08:00–21:00", "di": "08:00–21:00", "wo": "08:00–21:00", "do": "08:00–21:00", "vr": "08:00–21:00", "za": "08:00–21:00", "zo": "10:00–18:00"}, "latitude": 52.25862, "longitude": 6.80351, "bronId": "256444"}}, {"type": "Feature", "geometry": {"type": "Point", "coordinates": [6.7703416, 52.2402026]}, "properties": {"type": "inleverpunt", "locatieNaam": "Makro", "straatNaam": "Diamantstraat", "straatNr": "8", "postcode": "7554 TA", "plaats": "Hengelo", "merk": "StatiegeldNederland", "puntType": "automaat", "materialen": ["pet-groot", "pet-klein", "blik", "krat"], "uitbetaling": ["tikkie"], "vrijToegankelijk": true, "gemeenteBeperking": null, "openingstijden": {"ma": "09:00–21:00", "di": "09:00–21:00", "wo": "09:00–21:00", "do": "09:00–21:00", "vr": "09:00–21:00", "za": "09:00–18:00", "zo": "12:00–17:00"}, "latitude": 52.2402026, "longitude": 6.7703416, "bronId": "256526"}}, {"type": "Feature", "geometry": {"type": "Point", "coordinates": [6.7865537, 52.2604764]}, "properties": {"type": "inleverpunt", "locatieNaam": "Markies 6958 Roc Twente Giet", "straatNaam": "Gieterij", "straatNr": "200", "postcode": "7553 VZ", "plaats": "Hengelo", "merk": "StatiegeldNederland", "puntType": "balie", "materialen": ["pet-groot", "pet-klein", "blik"], "uitbetaling": [], "vrijToegankelijk": true, "gemeenteBeperking": null, "openingstijden": {"ma": "07:30–22:00", "di": "07:30–22:00", "wo": "07:30–22:00", "do": "07:30–22:00", "vr": "07:30–18:00", "za": "Gesloten", "zo": "Gesloten"}, "latitude": 52.2604764, "longitude": 6.7865537, "bronId": "256615"}}, {"type": "Feature", "geometry": {"type": "Point", "coordinates": [6.7992391, 52.2736357]}, "properties": {"type": "inleverpunt", "locatieNaam": "Montessori College Twente", "straatNaam": "Sloetsweg", "straatNr": "153", "postcode": "7556 HM", "plaats": "Hengelo", "merk": "StatiegeldNederland", "puntType": "automaat", "materialen": ["pet-klein", "blik"], "uitbetaling": ["donatie"], "vrijToegankelijk": false, "gemeenteBeperking": null, "openingstijden": {"ma": "09:00–18:00", "di": "09:00–18:00", "wo": "09:00–18:00", "do": "09:00–20:00", "vr": "09:00–20:00", "za": "09:00–18:00", "zo": "12:00–18:00"}, "latitude": 52.2736357, "longitude": 6.7992391, "bronId": "256804"}}, {"type": "Feature", "geometry": {"type": "Point", "coordinates": [6.8080288, 52.2525562]}, "properties": {"type": "inleverpunt", "locatieNaam": "Mpm Hengelo", "straatNaam": "Kuipersdijk", "straatNr": "46", "postcode": "7552 BJ", "plaats": "Hengelo", "merk": "StatiegeldNederland", "puntType": "balie", "materialen": ["pet-groot", "pet-klein", "blik"], "uitbetaling": [], "vrijToegankelijk": false, "gemeenteBeperking": null, "openingstijden": null, "latitude": 52.2525562, "longitude": 6.8080288, "bronId": "256813"}}, {"type": "Feature", "geometry": {"type": "Point", "coordinates": [6.8055652, 52.2538797]}, "properties": {"type": "inleverpunt", "locatieNaam": "Nettorama", "straatNaam": "Apolloplein", "straatNr": "2", "postcode": "7552 VG", "plaats": "Hengelo", "merk": "StatiegeldNederland", "puntType": "automaat", "materialen": ["pet-groot", "pet-klein", "blik", "glas", "krat"], "uitbetaling": ["bonnetje"], "vrijToegankelijk": true, "gemeenteBeperking": null, "openingstijden": {"ma": "08:00–20:00", "di": "08:00–20:00", "wo": "08:00–20:00", "do": "08:00–21:00", "vr": "08:00–21:00", "za": "08:00–20:00", "zo": "09:00–19:00"}, "latitude": 52.2538797, "longitude": 6.8055652, "bronId": "256843"}}, {"type": "Feature", "geometry": {"type": "Point", "coordinates": [6.7751878, 52.2576677]}, "properties": {"type": "inleverpunt", "locatieNaam": "Plus", "straatNaam": "Agathaplein", "straatNr": "100", "postcode": "7555 HH", "plaats": "Hengelo", "merk": "StatiegeldNederland", "puntType": "automaat", "materialen": ["pet-groot", "pet-klein", "blik", "glas", "krat"], "uitbetaling": ["bonnetje"], "vrijToegankelijk": true, "gemeenteBeperking": null, "openingstijden": {"ma": "08:00–20:00", "di": "08:00–20:00", "wo": "08:00–20:00", "do": "08:00–20:00", "vr": "08:00–20:00", "za": "08:00–20:00", "zo": "10:00–18:00"}, "latitude": 52.2576677, "longitude": 6.7751878, "bronId": "257180"}}, {"type": "Feature", "geometry": {"type": "Point", "coordinates": [6.810306, 52.252952]}, "properties": {"type": "inleverpunt", "locatieNaam": "Sc Barbaros", "straatNaam": "Postbus", "straatNr": "918", "postcode": "7550 AX", "plaats": "Hengelo", "merk": "StatiegeldNederland", "puntType": "balie", "materialen": ["pet-groot", "pet-klein", "blik"], "uitbetaling": [], "vrijToegankelijk": false, "gemeenteBeperking": null, "openingstijden": {"ma": "24 uur geopend", "di": "24 uur geopend", "wo": "Gesloten", "do": "24 uur geopend", "vr": "24 uur geopend", "za": "Gesloten", "zo": "24 uur geopend"}, "latitude": 52.252952, "longitude": 6.810306, "bronId": "257959"}}, {"type": "Feature", "geometry": {"type": "Point", "coordinates": [6.7671985, 52.2509599]}, "properties": {"type": "inleverpunt", "locatieNaam": "Scouting Ariens Ingrid", "straatNaam": "Haaksbergerstraat", "straatNr": "52", "postcode": "7555 HC", "plaats": "Hengelo", "merk": "StatiegeldNederland", "puntType": "balie", "materialen": ["pet-groot", "pet-klein", "blik"], "uitbetaling": [], "vrijToegankelijk": false, "gemeenteBeperking": null, "openingstijden": {"ma": "Gesloten", "di": "18:30–21:00", "wo": "18:30–20:00", "do": "18:30–20:00", "vr": "18:30–21:00", "za": "10:00–11:30", "zo": "Gesloten"}, "latitude": 52.2509599, "longitude": 6.7671985, "bronId": "257984"}}, {"type": "Feature", "geometry": {"type": "Point", "coordinates": [6.7752459, 52.2833295]}, "properties": {"type": "inleverpunt", "locatieNaam": "Shell", "straatNaam": "Holtersweg", "straatNr": "50", "postcode": "7556 BX", "plaats": "Hengelo", "merk": "StatiegeldNederland", "puntType": "balie", "materialen": ["pet-groot", "pet-klein", "blik"], "uitbetaling": [], "vrijToegankelijk": true, "gemeenteBeperking": null, "openingstijden": {"ma": "24 uur geopend", "di": "24 uur geopend", "wo": "24 uur geopend", "do": "24 uur geopend", "vr": "24 uur geopend", "za": "24 uur geopend", "zo": "24 uur geopend"}, "latitude": 52.2833295, "longitude": 6.7752459, "bronId": "258084"}}, {"type": "Feature", "geometry": {"type": "Point", "coordinates": [6.764968, 52.243087]}, "properties": {"type": "inleverpunt", "locatieNaam": "Shell", "straatNaam": "Platinastraat", "straatNr": "2", "postcode": "7554 NA", "plaats": "Hengelo", "merk": "StatiegeldNederland", "puntType": "balie", "materialen": ["pet-groot", "pet-klein", "blik"], "uitbetaling": [], "vrijToegankelijk": true, "gemeenteBeperking": null, "openingstijden": {"ma": "24 uur geopend", "di": "24 uur geopend", "wo": "24 uur geopend", "do": "24 uur geopend", "vr": "24 uur geopend", "za": "24 uur geopend", "zo": "24 uur geopend"}, "latitude": 52.243087, "longitude": 6.764968, "bronId": "258139"}}, {"type": "Feature", "geometry": {"type": "Point", "coordinates": [6.7682478, 52.2902755]}, "properties": {"type": "inleverpunt", "locatieNaam": "Shell", "straatNaam": "Rondweg", "straatNr": "3", "postcode": "7559 PE", "plaats": "Hengelo", "merk": "StatiegeldNederland", "puntType": "balie", "materialen": ["pet-groot", "pet-klein", "blik"], "uitbetaling": [], "vrijToegankelijk": true, "gemeenteBeperking": null, "openingstijden": {"ma": "24 uur geopend", "di": "24 uur geopend", "wo": "24 uur geopend", "do": "24 uur geopend", "vr": "24 uur geopend", "za": "24 uur geopend", "zo": "24 uur geopend"}, "latitude": 52.2902755, "longitude": 6.7682478, "bronId": "258212"}}, {"type": "Feature", "geometry": {"type": "Point", "coordinates": [6.829494, 52.283035]}, "properties": {"type": "inleverpunt", "locatieNaam": "Shell", "straatNaam": "Willem van Otterloostraat", "straatNr": "50", "postcode": "7558 QQ", "plaats": "Hengelo", "merk": "StatiegeldNederland", "puntType": "balie", "materialen": ["pet-groot", "pet-klein", "blik"], "uitbetaling": [], "vrijToegankelijk": true, "gemeenteBeperking": null, "openingstijden": {"ma": "07:00–21:00", "di": "07:00–21:00", "wo": "07:00–21:00", "do": "07:00–21:00", "vr": "07:00–21:00", "za": "09:00–21:00", "zo": "09:00–21:00"}, "latitude": 52.283035, "longitude": 6.829494, "bronId": "258253"}}, {"type": "Feature", "geometry": {"type": "Point", "coordinates": [6.8156414, 52.2815193]}, "properties": {"type": "inleverpunt", "locatieNaam": "T.v. Hasselo", "straatNaam": "bartelinkslaantje", "straatNr": "24", "postcode": "7558 PS", "plaats": "Hengelo", "merk": "StatiegeldNederland", "puntType": "balie", "materialen": ["pet-groot", "pet-klein", "blik"], "uitbetaling": [], "vrijToegankelijk": false, "gemeenteBeperking": null, "openingstijden": {"ma": "09:00–23:00", "di": "09:00–23:00", "wo": "09:00–23:00", "do": "09:00–23:00", "vr": "09:00–23:00", "za": "09:00–23:00", "zo": "09:00–23:00"}, "latitude": 52.2815193, "longitude": 6.8156414, "bronId": "258864"}}, {"type": "Feature", "geometry": {"type": "Point", "coordinates": [6.8018541, 52.2811201]}, "properties": {"type": "inleverpunt", "locatieNaam": "Twentebad", "straatNaam": "Lage Weide", "straatNr": "3", "postcode": "7556 NA", "plaats": "Hengelo", "merk": "StatiegeldNederland", "puntType": "automaat", "materialen": ["pet-groot", "pet-klein", "blik"], "uitbetaling": ["bonnetje", "donatie", "tikkie"], "vrijToegankelijk": true, "gemeenteBeperking": null, "openingstijden": null, "latitude": 52.2811201, "longitude": 6.8018541, "bronId": "259080"}}, {"type": "Feature", "geometry": {"type": "Point", "coordinates": [6.8194711, 52.2740762]}, "properties": {"type": "inleverpunt", "locatieNaam": "ViaTim", "straatNaam": "Bachstraat", "straatNr": "87", "postcode": "7557 VN", "plaats": "Hengelo", "merk": "StatiegeldNederland", "puntType": "balie", "materialen": ["pet-groot", "pet-klein", "blik"], "uitbetaling": ["tikkie"], "vrijToegankelijk": true, "gemeenteBeperking": null, "openingstijden": null, "latitude": 52.2740762, "longitude": 6.8194711, "bronId": "259213"}}, {"type": "Feature", "geometry": {"type": "Point", "coordinates": [6.762872, 52.287009]}, "properties": {"type": "inleverpunt", "locatieNaam": "Bauhaus Twente", "straatNaam": "Het Plein", "straatNr": "10", "postcode": "7559 SR", "plaats": "Hengelo", "merk": "StichtingOPEN", "puntType": "balie", "materialen": ["batterijen", "elektro-groot", "elektro-klein", "elektro-middel", "lampen", "tl-buizen"], "uitbetaling": [], "vrijToegankelijk": false, "gemeenteBeperking": null, "openingstijden": null, "latitude": 52.287009, "longitude": 6.762872, "bronId": "SP00022121"}}, {"type": "Feature", "geometry": {"type": "Point", "coordinates": [6.76436, 52.287854]}, "properties": {"type": "inleverpunt", "locatieNaam": "Praxis Hengelo - 2245", "straatNaam": "Het Plein", "straatNr": "200", "postcode": "7559 SR", "plaats": "Hengelo", "merk": "StichtingOPEN", "puntType": "balie", "materialen": ["elektro-klein", "elektro-middel", "lampen", "tl-buizen"], "uitbetaling": [], "vrijToegankelijk": false, "gemeenteBeperking": null, "openingstijden": null, "latitude": 52.287854, "longitude": 6.76436, "bronId": "SP00004542"}}, {"type": "Feature", "geometry": {"type": "Point", "coordinates": [6.774473, 52.257909]}, "properties": {"type": "inleverpunt", "locatieNaam": "PLUS Hengelo", "straatNaam": "Agathaplein", "straatNr": "100", "postcode": "7555 HH", "plaats": "Hengelo", "merk": "StichtingOPEN", "puntType": "balie", "materialen": ["batterijen", "lampen"], "uitbetaling": [], "vrijToegankelijk": false, "gemeenteBeperking": null, "openingstijden": null, "latitude": 52.257909, "longitude": 6.774473, "bronId": "SP00023982"}}, {"type": "Feature", "geometry": {"type": "Point", "coordinates": [6.7750739, 52.2579181]}, "properties": {"type": "inleverpunt", "locatieNaam": "Action Hengelo (Ov) 1185", "straatNaam": "Agathaplein", "straatNr": "104-106", "postcode": "7555 HH", "plaats": "Hengelo", "merk": "StichtingOPEN", "puntType": "balie", "materialen": ["lampen"], "uitbetaling": [], "vrijToegankelijk": false, "gemeenteBeperking": null, "openingstijden": null, "latitude": 52.2579181, "longitude": 6.7750739, "bronId": "SP00007764"}}, {"type": "Feature", "geometry": {"type": "Point", "coordinates": [6.7750739, 52.2579181]}, "properties": {"type": "inleverpunt", "locatieNaam": "Action Hengelo", "straatNaam": "Agathaplein", "straatNr": "106", "postcode": "7555 HH", "plaats": "Hengelo", "merk": "StichtingOPEN", "puntType": "balie", "materialen": ["batterijen", "lampen"], "uitbetaling": [], "vrijToegankelijk": false, "gemeenteBeperking": null, "openingstijden": null, "latitude": 52.2579181, "longitude": 6.7750739, "bronId": "SP00025499"}}, {"type": "Feature", "geometry": {"type": "Point", "coordinates": [6.766545, 52.288959]}, "properties": {"type": "inleverpunt", "locatieNaam": "Media Markt Hengelo B.V.", "straatNaam": "Het Plein", "straatNr": "130", "postcode": "7559 SR", "plaats": "Hengelo", "merk": "StichtingOPEN", "puntType": "balie", "materialen": ["elektro-middel", "lampen"], "uitbetaling": [], "vrijToegankelijk": false, "gemeenteBeperking": null, "openingstijden": null, "latitude": 52.288959, "longitude": 6.766545, "bronId": "SP00003287"}}, {"type": "Feature", "geometry": {"type": "Point", "coordinates": [6.7737, 52.27004]}, "properties": {"type": "inleverpunt", "locatieNaam": "Jumbo Hengelo", "straatNaam": "Woolderesweg", "straatNr": "149", "postcode": "7555 LL", "plaats": "Hengelo", "merk": "StichtingOPEN", "puntType": "balie", "materialen": ["batterijen", "elektro-klein", "lampen"], "uitbetaling": [], "vrijToegankelijk": false, "gemeenteBeperking": null, "openingstijden": null, "latitude": 52.27004, "longitude": 6.7737, "bronId": "SP00029927"}}, {"type": "Feature", "geometry": {"type": "Point", "coordinates": [6.770045, 52.283163]}, "properties": {"type": "inleverpunt", "locatieNaam": "Gamma Hengelo", "straatNaam": "Asveldweg", "straatNr": "5-21", "postcode": "7556 BP", "plaats": "Hengelo", "merk": "StichtingOPEN", "puntType": "balie", "materialen": ["batterijen", "elektro-middel", "lampen"], "uitbetaling": [], "vrijToegankelijk": false, "gemeenteBeperking": null, "openingstijden": null, "latitude": 52.283163, "longitude": 6.770045, "bronId": "SP00025742"}}, {"type": "Feature", "geometry": {"type": "Point", "coordinates": [6.76855, 52.288616]}, "properties": {"type": "inleverpunt", "locatieNaam": "IKEA Hengelo", "straatNaam": "Het Plein", "straatNr": "100", "postcode": "7559 SR", "plaats": "Hengelo", "merk": "StichtingOPEN", "puntType": "balie", "materialen": ["elektro-middel", "lampen"], "uitbetaling": [], "vrijToegankelijk": false, "gemeenteBeperking": null, "openingstijden": null, "latitude": 52.288616, "longitude": 6.76855, "bronId": "SP00001384"}}, {"type": "Feature", "geometry": {"type": "Point", "coordinates": [6.782796, 52.255186]}, "properties": {"type": "inleverpunt", "locatieNaam": "Stroom & Zo", "straatNaam": "Industriestraat", "straatNr": "130", "postcode": "7553 CT", "plaats": "Hengelo", "merk": "StichtingOPEN", "puntType": "balie", "materialen": ["batterijen", "lampen", "tl-buizen"], "uitbetaling": [], "vrijToegankelijk": false, "gemeenteBeperking": null, "openingstijden": null, "latitude": 52.255186, "longitude": 6.782796, "bronId": "SP00020666"}}, {"type": "Feature", "geometry": {"type": "Point", "coordinates": [6.777646, 52.275076]}, "properties": {"type": "inleverpunt", "locatieNaam": "GAMMA Hengelo", "straatNaam": "Wegtersweg", "straatNr": "5-21", "postcode": "7556 BP", "plaats": "Hengelo", "merk": "StichtingOPEN", "puntType": "balie", "materialen": ["batterijen", "elektro-klein", "elektro-middel", "lampen", "tl-buizen"], "uitbetaling": [], "vrijToegankelijk": false, "gemeenteBeperking": null, "openingstijden": null, "latitude": 52.275076, "longitude": 6.777646, "bronId": "SP00003025"}}, {"type": "Feature", "geometry": {"type": "Point", "coordinates": [6.785251, 52.255638]}, "properties": {"type": "inleverpunt", "locatieNaam": "Kruidvat Hengelo", "straatNaam": "Boekeloseweg", "straatNr": "2", "postcode": "7553 DN", "plaats": "Hengelo", "merk": "StichtingOPEN", "puntType": "balie", "materialen": ["batterijen", "lampen"], "uitbetaling": [], "vrijToegankelijk": false, "gemeenteBeperking": null, "openingstijden": null, "latitude": 52.255638, "longitude": 6.785251, "bronId": "SP00024713"}}, {"type": "Feature", "geometry": {"type": "Point", "coordinates": [6.785927, 52.255165]}, "properties": {"type": "inleverpunt", "locatieNaam": "1638 Albert Heijn Hengelo", "straatNaam": "Boekeloseweg", "straatNr": "26", "postcode": "7553 DN", "plaats": "Hengelo", "merk": "StichtingOPEN", "puntType": "balie", "materialen": ["batterijen", "elektro-klein", "lampen"], "uitbetaling": [], "vrijToegankelijk": false, "gemeenteBeperking": null, "openingstijden": null, "latitude": 52.255165, "longitude": 6.785927, "bronId": "SP00022966"}}, {"type": "Feature", "geometry": {"type": "Point", "coordinates": [6.788488, 52.25322]}, "properties": {"type": "inleverpunt", "locatieNaam": "Hubo Hengelo Zuid", "straatNaam": "Boekeloseweg", "straatNr": "91", "postcode": "7553 DL", "plaats": "Hengelo", "merk": "StichtingOPEN", "puntType": "balie", "materialen": ["elektro-middel", "lampen", "tl-buizen"], "uitbetaling": [], "vrijToegankelijk": false, "gemeenteBeperking": null, "openingstijden": null, "latitude": 52.25322, "longitude": 6.788488, "bronId": "SP00006059"}}, {"type": "Feature", "geometry": {"type": "Point", "coordinates": [6.789343, 52.256367]}, "properties": {"type": "inleverpunt", "locatieNaam": "Aldi Hengelo", "straatNaam": "Dikkersplein", "straatNr": "11", "postcode": "7553 CZ", "plaats": "Hengelo", "merk": "StichtingOPEN", "puntType": "balie", "materialen": ["batterijen", "elektro-klein", "lampen"], "uitbetaling": [], "vrijToegankelijk": false, "gemeenteBeperking": null, "openingstijden": null, "latitude": 52.256367, "longitude": 6.789343, "bronId": "SP00026941"}}, {"type": "Feature", "geometry": {"type": "Point", "coordinates": [6.79059, 52.263943]}, "properties": {"type": "inleverpunt", "locatieNaam": "Plentyparts Onderdelenhuis", "straatNaam": "Marskant", "straatNr": "12", "postcode": "7551 BV", "plaats": "Hengelo", "merk": "StichtingOPEN", "puntType": "balie", "materialen": ["batterijen", "elektro-klein", "lampen", "tl-buizen"], "uitbetaling": [], "vrijToegankelijk": false, "gemeenteBeperking": null, "openingstijden": null, "latitude": 52.263943, "longitude": 6.79059, "bronId": "SP00001032"}}, {"type": "Feature", "geometry": {"type": "Point", "coordinates": [6.79089, 52.27222]}, "properties": {"type": "inleverpunt", "locatieNaam": "Leen Bakker Hengelo", "straatNaam": "Höltersweg", "straatNr": "65", "postcode": "7556 BS", "plaats": "Hengelo", "merk": "StichtingOPEN", "puntType": "balie", "materialen": ["batterijen", "lampen"], "uitbetaling": [], "vrijToegankelijk": false, "gemeenteBeperking": null, "openingstijden": null, "latitude": 52.27222, "longitude": 6.79089, "bronId": "SP00030065"}}, {"type": "Feature", "geometry": {"type": "Point", "coordinates": [6.7933, 52.26669]}, "properties": {"type": "inleverpunt", "locatieNaam": "Xenos Hengelo", "straatNaam": "Thiemsbrug", "straatNr": "25", "postcode": "7551 EZ", "plaats": "Hengelo", "merk": "StichtingOPEN", "puntType": "balie", "materialen": ["batterijen", "lampen"], "uitbetaling": [], "vrijToegankelijk": false, "gemeenteBeperking": null, "openingstijden": null, "latitude": 52.26669, "longitude": 6.7933, "bronId": "SP00029954"}}, {"type": "Feature", "geometry": {"type": "Point", "coordinates": [6.79344, 52.26703]}, "properties": {"type": "inleverpunt", "locatieNaam": "Action Hengelo", "straatNaam": "Thiemsbrug", "straatNr": "9", "postcode": "7551 EZ", "plaats": "Hengelo", "merk": "StichtingOPEN", "puntType": "balie", "materialen": ["batterijen", "lampen"], "uitbetaling": [], "vrijToegankelijk": false, "gemeenteBeperking": null, "openingstijden": null, "latitude": 52.26703, "longitude": 6.79344, "bronId": "SP00029866"}}, {"type": "Feature", "geometry": {"type": "Point", "coordinates": [6.793714, 52.26683]}, "properties": {"type": "inleverpunt", "locatieNaam": "1556 Albert Heijn Hengelo", "straatNaam": "Thiemsbrug", "straatNr": "19", "postcode": "7551 EZ", "plaats": "Hengelo", "merk": "StichtingOPEN", "puntType": "balie", "materialen": ["batterijen", "elektro-klein", "lampen"], "uitbetaling": [], "vrijToegankelijk": false, "gemeenteBeperking": null, "openingstijden": null, "latitude": 52.26683, "longitude": 6.793714, "bronId": "SP00022972"}}, {"type": "Feature", "geometry": {"type": "Point", "coordinates": [6.793745, 52.267011]}, "properties": {"type": "inleverpunt", "locatieNaam": "Kruidvat Hengelo", "straatNaam": "Thiemsbrug", "straatNr": "3941", "postcode": "7551 EZ", "plaats": "Hengelo", "merk": "StichtingOPEN", "puntType": "balie", "materialen": ["batterijen", "lampen"], "uitbetaling": [], "vrijToegankelijk": false, "gemeenteBeperking": null, "openingstijden": null, "latitude": 52.267011, "longitude": 6.793745, "bronId": "SP00024719"}}, {"type": "Feature", "geometry": {"type": "Point", "coordinates": [6.795031, 52.265011]}, "properties": {"type": "inleverpunt", "locatieNaam": "Kruidvat Hengelo", "straatNaam": "Enschedesestraat", "straatNr": "19", "postcode": "7551 EG", "plaats": "Hengelo", "merk": "StichtingOPEN", "puntType": "balie", "materialen": ["batterijen", "lampen"], "uitbetaling": [], "vrijToegankelijk": false, "gemeenteBeperking": null, "openingstijden": null, "latitude": 52.265011, "longitude": 6.795031, "bronId": "SP00024718"}}, {"type": "Feature", "geometry": {"type": "Point", "coordinates": [6.792876, 52.275975]}, "properties": {"type": "inleverpunt", "locatieNaam": "Aldi Hengelo", "straatNaam": "Uitslagsweg", "straatNr": "95-9", "postcode": "7556 LN", "plaats": "Hengelo", "merk": "StichtingOPEN", "puntType": "balie", "materialen": ["batterijen", "elektro-klein", "lampen"], "uitbetaling": [], "vrijToegankelijk": false, "gemeenteBeperking": null, "openingstijden": null, "latitude": 52.275975, "longitude": 6.792876, "bronId": "SP00026967"}}, {"type": "Feature", "geometry": {"type": "Point", "coordinates": [6.792894, 52.27604]}, "properties": {"type": "inleverpunt", "locatieNaam": "Kruidvat Hengelo", "straatNaam": "Uitslagsweg", "straatNr": "913", "postcode": "7556 LN", "plaats": "Hengelo", "merk": "StichtingOPEN", "puntType": "balie", "materialen": ["batterijen", "lampen"], "uitbetaling": [], "vrijToegankelijk": false, "gemeenteBeperking": null, "openingstijden": null, "latitude": 52.27604, "longitude": 6.792894, "bronId": "SP00024726"}}, {"type": "Feature", "geometry": {"type": "Point", "coordinates": [6.793661, 52.276375]}, "properties": {"type": "inleverpunt", "locatieNaam": "4040 Albert Heijn Hengelo", "straatNaam": "Uitslagsweg", "straatNr": "95", "postcode": "7556 LN", "plaats": "Hengelo", "merk": "StichtingOPEN", "puntType": "balie", "materialen": ["batterijen", "elektro-klein", "lampen"], "uitbetaling": [], "vrijToegankelijk": false, "gemeenteBeperking": null, "openingstijden": null, "latitude": 52.276375, "longitude": 6.793661, "bronId": "SP00022982"}}, {"type": "Feature", "geometry": {"type": "Point", "coordinates": [6.80151, 52.26639]}, "properties": {"type": "inleverpunt", "locatieNaam": "Jumbo Hengelo", "straatNaam": "Oude Molenweg", "straatNr": "40", "postcode": "7551 HC", "plaats": "Hengelo", "merk": "StichtingOPEN", "puntType": "balie", "materialen": ["batterijen", "elektro-klein", "lampen"], "uitbetaling": [], "vrijToegankelijk": false, "gemeenteBeperking": null, "openingstijden": null, "latitude": 52.26639, "longitude": 6.80151, "bronId": "SP00029920"}}, {"type": "Feature", "geometry": {"type": "Point", "coordinates": [6.803306, 52.262334]}, "properties": {"type": "inleverpunt", "locatieNaam": "KARWEI Hengelo", "straatNaam": "Enschedesestraat", "straatNr": "127", "postcode": "7552 CR", "plaats": "Hengelo", "merk": "StichtingOPEN", "puntType": "balie", "materialen": ["elektro-middel", "lampen", "tl-buizen"], "uitbetaling": [], "vrijToegankelijk": false, "gemeenteBeperking": null, "openingstijden": null, "latitude": 52.262334, "longitude": 6.803306, "bronId": "SP00003690"}}, {"type": "Feature", "geometry": {"type": "Point", "coordinates": [6.808599, 52.258231]}, "properties": {"type": "inleverpunt", "locatieNaam": "Lidl Hengelo", "straatNaam": "Enschedesestraat", "straatNr": "226232", "postcode": "7552 CM", "plaats": "Hengelo", "merk": "StichtingOPEN", "puntType": "balie", "materialen": ["batterijen", "lampen"], "uitbetaling": [], "vrijToegankelijk": false, "gemeenteBeperking": null, "openingstijden": null, "latitude": 52.258231, "longitude": 6.808599, "bronId": "SP00025652"}}, {"type": "Feature", "geometry": {"type": "Point", "coordinates": [6.80579, 52.295218]}, "properties": {"type": "inleverpunt", "locatieNaam": "4039 Albert Heijn Hengelo", "straatNaam": "Straatsburg", "straatNr": "48", "postcode": "7559 NM", "plaats": "Hengelo", "merk": "StichtingOPEN", "puntType": "balie", "materialen": ["batterijen", "elektro-klein", "lampen"], "uitbetaling": [], "vrijToegankelijk": false, "gemeenteBeperking": null, "openingstijden": null, "latitude": 52.295218, "longitude": 6.80579, "bronId": "SP00022992"}}, {"type": "Feature", "geometry": {"type": "Point", "coordinates": [6.80626, 52.29498]}, "properties": {"type": "inleverpunt", "locatieNaam": "Kruidvat Hengelo", "straatNaam": "Straatsburg", "straatNr": "22", "postcode": "7559 NM", "plaats": "Hengelo", "merk": "StichtingOPEN", "puntType": "balie", "materialen": ["batterijen", "lampen"], "uitbetaling": [], "vrijToegankelijk": false, "gemeenteBeperking": null, "openingstijden": null, "latitude": 52.29498, "longitude": 6.80626, "bronId": "SP00029586"}}, {"type": "Feature", "geometry": {"type": "Point", "coordinates": [6.80644, 52.294784]}, "properties": {"type": "inleverpunt", "locatieNaam": "Dirk Hengelo", "straatNaam": "Straatsburg", "straatNr": "14", "postcode": "7559 NM", "plaats": "Hengelo", "merk": "StichtingOPEN", "puntType": "balie", "materialen": ["batterijen", "lampen"], "uitbetaling": [], "vrijToegankelijk": false, "gemeenteBeperking": null, "openingstijden": null, "latitude": 52.294784, "longitude": 6.80644, "bronId": "SP00023510"}}, {"type": "Feature", "geometry": {"type": "Point", "coordinates": [6.811758, 52.282705]}, "properties": {"type": "inleverpunt", "locatieNaam": "Hubo Hengelo Torenlaan", "straatNaam": "Torenlaan", "straatNr": "3", "postcode": "7559 PK", "plaats": "Hengelo", "merk": "StichtingOPEN", "puntType": "balie", "materialen": ["elektro-middel", "lampen", "tl-buizen"], "uitbetaling": [], "vrijToegankelijk": false, "gemeenteBeperking": null, "openingstijden": null, "latitude": 52.282705, "longitude": 6.811758, "bronId": "SP00006602"}}, {"type": "Feature", "geometry": {"type": "Point", "coordinates": [6.81291, 52.283682]}, "properties": {"type": "inleverpunt", "locatieNaam": "Batterij Specialist", "straatNaam": "Torenlaan", "straatNr": "14", "postcode": "7559 PJ", "plaats": "Hengelo", "merk": "StichtingOPEN", "puntType": "balie", "materialen": ["elektro-middel", "lampen", "tl-buizen"], "uitbetaling": [], "vrijToegankelijk": false, "gemeenteBeperking": null, "openingstijden": null, "latitude": 52.283682, "longitude": 6.81291, "bronId": "SP00021793"}}, {"type": "Feature", "geometry": {"type": "Point", "coordinates": [6.819606, 52.263288]}, "properties": {"type": "inleverpunt", "locatieNaam": "1193 Albert Heijn Hengelo", "straatNaam": "H.C. Pootstraat", "straatNr": "10", "postcode": "7552 WZ", "plaats": "Hengelo", "merk": "StichtingOPEN", "puntType": "balie", "materialen": ["batterijen", "elektro-klein", "lampen"], "uitbetaling": [], "vrijToegankelijk": false, "gemeenteBeperking": null, "openingstijden": null, "latitude": 52.263288, "longitude": 6.819606, "bronId": "SP00023237"}}, {"type": "Feature", "geometry": {"type": "Point", "coordinates": [6.82135, 52.262517]}, "properties": {"type": "inleverpunt", "locatieNaam": "Jumbo Hengelo", "straatNaam": "H.C. Pootstraat", "straatNr": "40", "postcode": "7552 WZ", "plaats": "Hengelo", "merk": "StichtingOPEN", "puntType": "balie", "materialen": ["batterijen", "lampen"], "uitbetaling": [], "vrijToegankelijk": false, "gemeenteBeperking": null, "openingstijden": null, "latitude": 52.262517, "longitude": 6.82135, "bronId": "SP00025277"}}, {"type": "Feature", "geometry": {"type": "Point", "coordinates": [6.821826, 52.262358]}, "properties": {"type": "inleverpunt", "locatieNaam": "Kruidvat Hengelo", "straatNaam": "H.C. Pootstraat", "straatNr": "28", "postcode": "7552 WZ", "plaats": "Hengelo", "merk": "StichtingOPEN", "puntType": "balie", "materialen": ["batterijen", "lampen"], "uitbetaling": [], "vrijToegankelijk": false, "gemeenteBeperking": null, "openingstijden": null, "latitude": 52.262358, "longitude": 6.821826, "bronId": "SP00024716"}}, {"type": "Feature", "geometry": {"type": "Point", "coordinates": [6.828092, 52.262606]}, "properties": {"type": "inleverpunt", "locatieNaam": "Bredero-IT", "straatNaam": "Brederostraat", "straatNr": "236", "postcode": "7552 KH", "plaats": "Hengelo", "merk": "StichtingOPEN", "puntType": "balie", "materialen": ["batterijen", "elektro-groot", "elektro-klein", "elektro-middel", "lampen", "tl-buizen"], "uitbetaling": [], "vrijToegankelijk": false, "gemeenteBeperking": null, "openingstijden": null, "latitude": 52.262606, "longitude": 6.828092, "bronId": "SP00008659"}}, {"type": "Feature", "geometry": {"type": "Point", "coordinates": [6.827633, 52.284635]}, "properties": {"type": "inleverpunt", "locatieNaam": "Jumbo Hengelo", "straatNaam": "Christiaan Langefeldstraat", "straatNr": "29", "postcode": "7558 CW", "plaats": "Hengelo", "merk": "StichtingOPEN", "puntType": "balie", "materialen": ["batterijen", "lampen"], "uitbetaling": [], "vrijToegankelijk": false, "gemeenteBeperking": null, "openingstijden": null, "latitude": 52.284635, "longitude": 6.827633, "bronId": "SP00025280"}}, {"type": "Feature", "geometry": {"type": "Point", "coordinates": [6.827956, 52.28445]}, "properties": {"type": "inleverpunt", "locatieNaam": "Kruidvat Hengelo", "straatNaam": "Christiaan Langefeldstraat", "straatNr": "69", "postcode": "7558 CZ", "plaats": "Hengelo", "merk": "StichtingOPEN", "puntType": "balie", "materialen": ["batterijen", "lampen"], "uitbetaling": [], "vrijToegankelijk": false, "gemeenteBeperking": null, "openingstijden": null, "latitude": 52.28445, "longitude": 6.827956, "bronId": "SP00024729"}}, {"type": "Feature", "geometry": {"type": "Point", "coordinates": [6.828879, 52.284629]}, "properties": {"type": "inleverpunt", "locatieNaam": "Aldi Hengelo", "straatNaam": "Christiaan Langefeldstraat", "straatNr": "77", "postcode": "7558 CZ", "plaats": "Hengelo", "merk": "StichtingOPEN", "puntType": "balie", "materialen": ["batterijen", "elektro-klein", "lampen"], "uitbetaling": [], "vrijToegankelijk": false, "gemeenteBeperking": null, "openingstijden": null, "latitude": 52.284629, "longitude": 6.828879, "bronId": "SP00026969"}}, {"type": "Feature", "geometry": {"type": "Point", "coordinates": [6.8293, 52.28442]}, "properties": {"type": "inleverpunt", "locatieNaam": "1242 Albert Heijn Hengelo", "straatNaam": "Christiaan Langefeldstraat", "straatNr": "83", "postcode": "7558 CZ", "plaats": "Hengelo", "merk": "StichtingOPEN", "puntType": "balie", "materialen": ["batterijen", "elektro-klein", "lampen"], "uitbetaling": [], "vrijToegankelijk": false, "gemeenteBeperking": null, "openingstijden": null, "latitude": 52.28442, "longitude": 6.8293, "bronId": "SP00023242"}}, {"type": "Feature", "geometry": {"type": "Point", "coordinates": [6.83896, 52.28627]}, "properties": {"type": "inleverpunt", "locatieNaam": "Coop Hengelo", "straatNaam": "Paul Steenbergenstraat", "straatNr": "5", "postcode": "7558 MV", "plaats": "Hengelo", "merk": "StichtingOPEN", "puntType": "balie", "materialen": ["batterijen", "lampen"], "uitbetaling": [], "vrijToegankelijk": false, "gemeenteBeperking": null, "openingstijden": null, "latitude": 52.28627, "longitude": 6.83896, "bronId": "SP00029826"}}, {"type": "Feature", "geometry": {"type": "Point", "coordinates": [6.774613, 52.278366]}, "properties": {"type": "inleverpunt", "locatieNaam": "Milieupark Hengelo", "straatNaam": "Wegtersweg", "straatNr": "9", "postcode": "7556 BP", "plaats": "Hengelo", "merk": "StichtingOPEN", "puntType": "milieustraat", "materialen": ["batterijen", "elektro-groot", "elektro-klein", "elektro-middel", "lampen", "tl-buizen"], "uitbetaling": [], "vrijToegankelijk": false, "gemeenteBeperking": ["Hengelo"], "openingstijden": null, "latitude": 52.278366, "longitude": 6.774613, "bronId": "SP00004321"}}, {"type": "Feature", "geometry": {"type": "Point", "coordinates": [6.7703444, 52.2402047]}, "properties": {"type": "inleverpunt", "locatieNaam": "Makro", "straatNaam": "Diamantstraat", "straatNr": "8", "postcode": "7554 TA", "plaats": "Hengelo Ov", "merk": "Stibat", "puntType": "inzamelbak", "materialen": ["batterijen"], "uitbetaling": [], "vrijToegankelijk": false, "gemeenteBeperking": null, "openingstijden": null, "latitude": 52.2402047, "longitude": 6.7703444, "bronId": "L026013"}}, {"type": "Feature", "geometry": {"type": "Point", "coordinates": [6.762872, 52.287009]}, "properties": {"type": "inleverpunt", "locatieNaam": "Bauhaus", "straatNaam": "Het Plein", "straatNr": "10", "postcode": "7559 SR", "plaats": "Hengelo Ov", "merk": "Stibat", "puntType": "inzamelbak", "materialen": ["batterijen"], "uitbetaling": [], "vrijToegankelijk": false, "gemeenteBeperking": null, "openingstijden": null, "latitude": 52.287009, "longitude": 6.762872, "bronId": "L040402"}}, {"type": "Feature", "geometry": {"type": "Point", "coordinates": [6.764786, 52.288292]}, "properties": {"type": "inleverpunt", "locatieNaam": "Praxis Mega Home Decoration Store 2245", "straatNaam": "Plein", "straatNr": "200", "postcode": "7559 SR", "plaats": "Hengelo Ov", "merk": "Stibat", "puntType": "inzamelbak", "materialen": ["batterijen"], "uitbetaling": [], "vrijToegankelijk": false, "gemeenteBeperking": null, "openingstijden": null, "latitude": 52.288292, "longitude": 6.764786, "bronId": "L014366"}}, {"type": "Feature", "geometry": {"type": "Point", "coordinates": [6.7744449, 52.2578882]}, "properties": {"type": "inleverpunt", "locatieNaam": "PLUS", "straatNaam": "Agathaplein", "straatNr": "100", "postcode": "7555 HH", "plaats": "Hengelo Ov", "merk": "Stibat", "puntType": "inzamelbak", "materialen": ["batterijen"], "uitbetaling": [], "vrijToegankelijk": false, "gemeenteBeperking": null, "openingstijden": null, "latitude": 52.2578882, "longitude": 6.7744449, "bronId": "L020973"}}, {"type": "Feature", "geometry": {"type": "Point", "coordinates": [6.7746307, 52.2575629]}, "properties": {"type": "inleverpunt", "locatieNaam": "1185 Action", "straatNaam": "Agathaplein", "straatNr": "104-106", "postcode": "7555 HH", "plaats": "Hengelo Ov", "merk": "Stibat", "puntType": "inzamelbak", "materialen": ["batterijen"], "uitbetaling": [], "vrijToegankelijk": false, "gemeenteBeperking": null, "openingstijden": null, "latitude": 52.2575629, "longitude": 6.7746307, "bronId": "L022083"}}, {"type": "Feature", "geometry": {"type": "Point", "coordinates": [6.765884, 52.28724]}, "properties": {"type": "inleverpunt", "locatieNaam": "Prenatal HENGELO", "straatNaam": "Het Plein", "straatNr": "60", "postcode": "7559 SR", "plaats": "Hengelo", "merk": "Stibat", "puntType": "inzamelbak", "materialen": ["batterijen"], "uitbetaling": [], "vrijToegankelijk": false, "gemeenteBeperking": null, "openingstijden": null, "latitude": 52.28724, "longitude": 6.765884, "bronId": "L039624"}}, {"type": "Feature", "geometry": {"type": "Point", "coordinates": [6.7678183, 52.2823583]}, "properties": {"type": "inleverpunt", "locatieNaam": "Toolstation", "straatNaam": "Asveldweg", "straatNr": "14 24", "postcode": "7556 BR", "plaats": "Hengelo Ov", "merk": "Stibat", "puntType": "inzamelbak", "materialen": ["batterijen"], "uitbetaling": [], "vrijToegankelijk": false, "gemeenteBeperking": null, "openingstijden": null, "latitude": 52.2823583, "longitude": 6.7678183, "bronId": "L043620"}}, {"type": "Feature", "geometry": {"type": "Point", "coordinates": [6.7665064, 52.2889928]}, "properties": {"type": "inleverpunt", "locatieNaam": "MediaMarkt", "straatNaam": "Het Plein", "straatNr": "130", "postcode": "7559 SR", "plaats": "Hengelo Ov", "merk": "Stibat", "puntType": "inzamelbak", "materialen": ["batterijen"], "uitbetaling": [], "vrijToegankelijk": false, "gemeenteBeperking": null, "openingstijden": null, "latitude": 52.2889928, "longitude": 6.7665064, "bronId": "L016250"}}, {"type": "Feature", "geometry": {"type": "Point", "coordinates": [6.7735665, 52.2700127]}, "properties": {"type": "inleverpunt", "locatieNaam": "Jumbo", "straatNaam": "Woolderesweg", "straatNr": "149", "postcode": "7555 LL", "plaats": "Hengelo Ov", "merk": "Stibat", "puntType": "inzamelbak", "materialen": ["batterijen"], "uitbetaling": [], "vrijToegankelijk": false, "gemeenteBeperking": null, "openingstijden": null, "latitude": 52.2700127, "longitude": 6.7735665, "bronId": "L040963"}}, {"type": "Feature", "geometry": {"type": "Point", "coordinates": [6.7687082, 52.2887545]}, "properties": {"type": "inleverpunt", "locatieNaam": "Ikea", "straatNaam": "Het Plein", "straatNr": "100", "postcode": "7559 SR", "plaats": "Hengelo Ov", "merk": "Stibat", "puntType": "inzamelbak", "materialen": ["batterijen"], "uitbetaling": [], "vrijToegankelijk": false, "gemeenteBeperking": null, "openingstijden": null, "latitude": 52.2887545, "longitude": 6.7687082, "bronId": "L025434"}}, {"type": "Feature", "geometry": {"type": "Point", "coordinates": [6.7755542, 52.2664256]}, "properties": {"type": "inleverpunt", "locatieNaam": "Expert", "straatNaam": "Deldenerstraat", "straatNr": "195 - 197", "postcode": "7555 AC", "plaats": "Hengelo Ov", "merk": "Stibat", "puntType": "inzamelbak", "materialen": ["batterijen"], "uitbetaling": [], "vrijToegankelijk": false, "gemeenteBeperking": null, "openingstijden": null, "latitude": 52.2664256, "longitude": 6.7755542, "bronId": "L043375"}}, {"type": "Feature", "geometry": {"type": "Point", "coordinates": [6.7727488, 52.2810736]}, "properties": {"type": "inleverpunt", "locatieNaam": "Welkoop", "straatNaam": "Wegtersweg", "straatNr": "28A", "postcode": "7556 BR", "plaats": "Hengelo Ov", "merk": "Stibat", "puntType": "inzamelbak", "materialen": ["batterijen"], "uitbetaling": [], "vrijToegankelijk": false, "gemeenteBeperking": null, "openingstijden": null, "latitude": 52.2810736, "longitude": 6.7727488, "bronId": "L017048"}}, {"type": "Feature", "geometry": {"type": "Point", "coordinates": [6.7746225, 52.2783259]}, "properties": {"type": "inleverpunt", "locatieNaam": "Afvalbrengpunt Hengelo", "straatNaam": "Wegtersweg", "straatNr": "9", "postcode": "7556 BP", "plaats": "Hengelo Ov", "merk": "Stibat", "puntType": "inzamelbak", "materialen": ["batterijen"], "uitbetaling": [], "vrijToegankelijk": false, "gemeenteBeperking": null, "openingstijden": null, "latitude": 52.2783259, "longitude": 6.7746225, "bronId": "L035856"}}, {"type": "Feature", "geometry": {"type": "Point", "coordinates": [6.7754261, 52.278126]}, "properties": {"type": "inleverpunt", "locatieNaam": "Gamma", "straatNaam": "Wegtersweg", "straatNr": "5 - 21", "postcode": "7556 BP", "plaats": "Hengelo Ov", "merk": "Stibat", "puntType": "inzamelbak", "materialen": ["batterijen"], "uitbetaling": [], "vrijToegankelijk": false, "gemeenteBeperking": null, "openingstijden": null, "latitude": 52.278126, "longitude": 6.7754261, "bronId": "L006748"}}, {"type": "Feature", "geometry": {"type": "Point", "coordinates": [6.773788, 52.2844353]}, "properties": {"type": "inleverpunt", "locatieNaam": "Kwantum", "straatNaam": "Vosboerweg", "straatNr": "14", "postcode": "7556 BS", "plaats": "Hengelo Ov", "merk": "Stibat", "puntType": "inzamelbak", "materialen": ["batterijen"], "uitbetaling": [], "vrijToegankelijk": false, "gemeenteBeperking": null, "openingstijden": null, "latitude": 52.2844353, "longitude": 6.773788, "bronId": "L016482"}}, {"type": "Feature", "geometry": {"type": "Point", "coordinates": [6.7827948, 52.2551947]}, "properties": {"type": "inleverpunt", "locatieNaam": "Stroom &amp; Zo", "straatNaam": "Industriestraat", "straatNr": "130", "postcode": "7553 CT", "plaats": "Hengelo Ov", "merk": "Stibat", "puntType": "inzamelbak", "materialen": ["batterijen"], "uitbetaling": [], "vrijToegankelijk": false, "gemeenteBeperking": null, "openingstijden": null, "latitude": 52.2551947, "longitude": 6.7827948, "bronId": "L031432"}}, {"type": "Feature", "geometry": {"type": "Point", "coordinates": [6.7798974, 52.2697286]}, "properties": {"type": "inleverpunt", "locatieNaam": "GSM Fan", "straatNaam": "Bandoengstraat", "straatNr": "56", "postcode": "7556 TG", "plaats": "Hengelo Ov", "merk": "Stibat", "puntType": "inzamelbak", "materialen": ["batterijen"], "uitbetaling": [], "vrijToegankelijk": false, "gemeenteBeperking": null, "openingstijden": null, "latitude": 52.2697286, "longitude": 6.7798974, "bronId": "L039551"}}, {"type": "Feature", "geometry": {"type": "Point", "coordinates": [6.7768412, 52.2813255]}, "properties": {"type": "inleverpunt", "locatieNaam": "Leen Bakker", "straatNaam": "Holtersweg", "straatNr": "65", "postcode": "7556 BS", "plaats": "Hengelo", "merk": "Stibat", "puntType": "inzamelbak", "materialen": ["batterijen"], "uitbetaling": [], "vrijToegankelijk": false, "gemeenteBeperking": null, "openingstijden": null, "latitude": 52.2813255, "longitude": 6.7768412, "bronId": "L018729"}}, {"type": "Feature", "geometry": {"type": "Point", "coordinates": [6.785333, 52.2556528]}, "properties": {"type": "inleverpunt", "locatieNaam": "Kruidvat", "straatNaam": "Boekeloseweg", "straatNr": "2", "postcode": "7553 DN", "plaats": "Hengelo Ov", "merk": "Stibat", "puntType": "inzamelbak", "materialen": ["batterijen"], "uitbetaling": [], "vrijToegankelijk": false, "gemeenteBeperking": null, "openingstijden": null, "latitude": 52.2556528, "longitude": 6.785333, "bronId": "L031610"}}, {"type": "Feature", "geometry": {"type": "Point", "coordinates": [6.785659, 52.2561354]}, "properties": {"type": "inleverpunt", "locatieNaam": "Wibra", "straatNaam": "Industriestraat", "straatNr": "88", "postcode": "7553 CS", "plaats": "Hengelo", "merk": "Stibat", "puntType": "inzamelbak", "materialen": ["batterijen"], "uitbetaling": [], "vrijToegankelijk": false, "gemeenteBeperking": null, "openingstijden": null, "latitude": 52.2561354, "longitude": 6.785659, "bronId": "L024174"}}, {"type": "Feature", "geometry": {"type": "Point", "coordinates": [6.786262, 52.2551528]}, "properties": {"type": "inleverpunt", "locatieNaam": "1638 Albert Heijn", "straatNaam": "Boekeloseweg", "straatNr": "26", "postcode": "7553 DN", "plaats": "Hengelo Ov", "merk": "Stibat", "puntType": "inzamelbak", "materialen": ["batterijen"], "uitbetaling": [], "vrijToegankelijk": false, "gemeenteBeperking": null, "openingstijden": null, "latitude": 52.2551528, "longitude": 6.786262, "bronId": "L005924"}}, {"type": "Feature", "geometry": {"type": "Point", "coordinates": [6.7803186, 52.2776761]}, "properties": {"type": "inleverpunt", "locatieNaam": "Leenders Fietsen", "straatNaam": "Pasmaatweg", "straatNr": "40", "postcode": "7556 PH", "plaats": "Hengelo Ov", "merk": "Stibat", "puntType": "inzamelbak", "materialen": ["batterijen"], "uitbetaling": [], "vrijToegankelijk": false, "gemeenteBeperking": null, "openingstijden": null, "latitude": 52.2776761, "longitude": 6.7803186, "bronId": "L047574"}}, {"type": "Feature", "geometry": {"type": "Point", "coordinates": [6.7873765, 52.2568691]}, "properties": {"type": "inleverpunt", "locatieNaam": "DA", "straatNaam": "Industriestraat", "straatNr": "64-66", "postcode": "7553 CR", "plaats": "Hengelo", "merk": "Stibat", "puntType": "inzamelbak", "materialen": ["batterijen"], "uitbetaling": [], "vrijToegankelijk": false, "gemeenteBeperking": null, "openingstijden": null, "latitude": 52.2568691, "longitude": 6.7873765, "bronId": "L027117"}}, {"type": "Feature", "geometry": {"type": "Point", "coordinates": [6.7884882, 52.2532201]}, "properties": {"type": "inleverpunt", "locatieNaam": "Hubo", "straatNaam": "Boekeloseweg", "straatNr": "91", "postcode": "7553 DL", "plaats": "Hengelo Ov", "merk": "Stibat", "puntType": "inzamelbak", "materialen": ["batterijen"], "uitbetaling": [], "vrijToegankelijk": false, "gemeenteBeperking": null, "openingstijden": null, "latitude": 52.2532201, "longitude": 6.7884882, "bronId": "L040238"}}, {"type": "Feature", "geometry": {"type": "Point", "coordinates": [6.78915, 52.2560125]}, "properties": {"type": "inleverpunt", "locatieNaam": "Primera", "straatNaam": "Dikkersplein", "straatNr": "7", "postcode": "7553 CZ", "plaats": "Hengelo Ov", "merk": "Stibat", "puntType": "inzamelbak", "materialen": ["batterijen"], "uitbetaling": [], "vrijToegankelijk": false, "gemeenteBeperking": null, "openingstijden": null, "latitude": 52.2560125, "longitude": 6.78915, "bronId": "L036542"}}, {"type": "Feature", "geometry": {"type": "Point", "coordinates": [6.7892243, 52.2565274]}, "properties": {"type": "inleverpunt", "locatieNaam": "7995 Etos", "straatNaam": "Dikkersplein", "straatNr": "13", "postcode": "7553 CZ", "plaats": "Hengelo Ov", "merk": "Stibat", "puntType": "inzamelbak", "materialen": ["batterijen"], "uitbetaling": [], "vrijToegankelijk": false, "gemeenteBeperking": null, "openingstijden": null, "latitude": 52.2565274, "longitude": 6.7892243, "bronId": "L036592"}}, {"type": "Feature", "geometry": {"type": "Point", "coordinates": [6.78934, 52.2562]}, "properties": {"type": "inleverpunt", "locatieNaam": "Jumbo", "straatNaam": "Dikkersplein", "straatNr": "9", "postcode": "7553 CZ", "plaats": "Hengelo Ov", "merk": "Stibat", "puntType": "inzamelbak", "materialen": ["batterijen"], "uitbetaling": [], "vrijToegankelijk": false, "gemeenteBeperking": null, "openingstijden": null, "latitude": 52.2562, "longitude": 6.78934, "bronId": "L038262"}}, {"type": "Feature", "geometry": {"type": "Point", "coordinates": [6.7893432, 52.256367]}, "properties": {"type": "inleverpunt", "locatieNaam": "Aldi", "straatNaam": "Dikkersplein", "straatNr": "11", "postcode": "7553 CZ", "plaats": "Hengelo Ov", "merk": "Stibat", "puntType": "inzamelbak", "materialen": ["batterijen"], "uitbetaling": [], "vrijToegankelijk": false, "gemeenteBeperking": null, "openingstijden": null, "latitude": 52.256367, "longitude": 6.7893432, "bronId": "L041490"}}, {"type": "Feature", "geometry": {"type": "Point", "coordinates": [6.7906442, 52.2662408]}, "properties": {"type": "inleverpunt", "locatieNaam": "Fotoplus", "straatNaam": "Langestraat", "straatNr": "20", "postcode": "7551 DZ", "plaats": "Hengelo Ov", "merk": "Stibat", "puntType": "inzamelbak", "materialen": ["batterijen"], "uitbetaling": [], "vrijToegankelijk": false, "gemeenteBeperking": null, "openingstijden": null, "latitude": 52.2662408, "longitude": 6.7906442, "bronId": "L001148"}}, {"type": "Feature", "geometry": {"type": "Point", "coordinates": [6.793098, 52.2628249]}, "properties": {"type": "inleverpunt", "locatieNaam": "AKO", "straatNaam": "Stationsplein", "straatNr": "23", "postcode": "7551 CN", "plaats": "Hengelo Ov", "merk": "Stibat", "puntType": "inzamelbak", "materialen": ["batterijen"], "uitbetaling": [], "vrijToegankelijk": false, "gemeenteBeperking": null, "openingstijden": null, "latitude": 52.2628249, "longitude": 6.793098, "bronId": "L023721"}}, {"type": "Feature", "geometry": {"type": "Point", "coordinates": [6.7935341, 52.2628562]}, "properties": {"type": "inleverpunt", "locatieNaam": "ANWB", "straatNaam": "Nieuwstraat", "straatNr": "59", "postcode": "7551 CV", "plaats": "Hengelo Ov", "merk": "Stibat", "puntType": "inzamelbak", "materialen": ["batterijen"], "uitbetaling": [], "vrijToegankelijk": false, "gemeenteBeperking": null, "openingstijden": null, "latitude": 52.2628562, "longitude": 6.7935341, "bronId": "L044584"}}, {"type": "Feature", "geometry": {"type": "Point", "coordinates": [6.7933154, 52.2645268]}, "properties": {"type": "inleverpunt", "locatieNaam": "The Read Shop Express", "straatNaam": "Markt", "straatNr": "2", "postcode": "7551 CG", "plaats": "Hengelo Ov", "merk": "Stibat", "puntType": "inzamelbak", "materialen": ["batterijen"], "uitbetaling": [], "vrijToegankelijk": false, "gemeenteBeperking": null, "openingstijden": null, "latitude": 52.2645268, "longitude": 6.7933154, "bronId": "L038971"}}, {"type": "Feature", "geometry": {"type": "Point", "coordinates": [6.7937625, 52.2641722]}, "properties": {"type": "inleverpunt", "locatieNaam": "BelCompany", "straatNaam": "Telgen", "straatNr": "19", "postcode": "7551 CL", "plaats": "Hengelo", "merk": "Stibat", "puntType": "inzamelbak", "materialen": ["batterijen"], "uitbetaling": [], "vrijToegankelijk": false, "gemeenteBeperking": null, "openingstijden": null, "latitude": 52.2641722, "longitude": 6.7937625, "bronId": "L014296"}}, {"type": "Feature", "geometry": {"type": "Point", "coordinates": [6.7931057, 52.2669387]}, "properties": {"type": "inleverpunt", "locatieNaam": "1556 Albert Heijn", "straatNaam": "Thiemsbrug", "straatNr": "19", "postcode": "7551 EZ", "plaats": "Hengelo Ov", "merk": "Stibat", "puntType": "inzamelbak", "materialen": ["batterijen"], "uitbetaling": [], "vrijToegankelijk": false, "gemeenteBeperking": null, "openingstijden": null, "latitude": 52.2669387, "longitude": 6.7931057, "bronId": "L005946"}}, {"type": "Feature", "geometry": {"type": "Point", "coordinates": [6.7939446, 52.2643274]}, "properties": {"type": "inleverpunt", "locatieNaam": "7765 Etos", "straatNaam": "Telgen", "straatNr": "13", "postcode": "7551 CL", "plaats": "Hengelo", "merk": "Stibat", "puntType": "inzamelbak", "materialen": ["batterijen"], "uitbetaling": [], "vrijToegankelijk": false, "gemeenteBeperking": null, "openingstijden": null, "latitude": 52.2643274, "longitude": 6.7939446, "bronId": "L027167"}}, {"type": "Feature", "geometry": {"type": "Point", "coordinates": [6.7940265, 52.2644612]}, "properties": {"type": "inleverpunt", "locatieNaam": "Phone House", "straatNaam": "Telgen", "straatNr": "11", "postcode": "7551 CL", "plaats": "Hengelo", "merk": "Stibat", "puntType": "inzamelbak", "materialen": ["batterijen"], "uitbetaling": [], "vrijToegankelijk": false, "gemeenteBeperking": null, "openingstijden": null, "latitude": 52.2644612, "longitude": 6.7940265, "bronId": "L024470"}}, {"type": "Feature", "geometry": {"type": "Point", "coordinates": [6.7934684, 52.2670509]}, "properties": {"type": "inleverpunt", "locatieNaam": "1389 Action", "straatNaam": "Thiemsbrug", "straatNr": "9", "postcode": "7551 EZ", "plaats": "Hengelo Ov", "merk": "Stibat", "puntType": "inzamelbak", "materialen": ["batterijen"], "uitbetaling": [], "vrijToegankelijk": false, "gemeenteBeperking": null, "openingstijden": null, "latitude": 52.2670509, "longitude": 6.7934684, "bronId": "L040039"}}, {"type": "Feature", "geometry": {"type": "Point", "coordinates": [6.7943883, 52.2641725]}, "properties": {"type": "inleverpunt", "locatieNaam": "Hans Anders", "straatNaam": "Nieuwstraat", "straatNr": "14-16", "postcode": "7551 CW", "plaats": "Hengelo Ov", "merk": "Stibat", "puntType": "inzamelbak", "materialen": ["batterijen"], "uitbetaling": [], "vrijToegankelijk": false, "gemeenteBeperking": null, "openingstijden": null, "latitude": 52.2641725, "longitude": 6.7943883, "bronId": "L041030"}}, {"type": "Feature", "geometry": {"type": "Point", "coordinates": [6.7942951, 52.264752]}, "properties": {"type": "inleverpunt", "locatieNaam": "DOUGLAS", "straatNaam": "Enschedestraat", "straatNr": "20", "postcode": "7551 EM", "plaats": "Hengelo", "merk": "Stibat", "puntType": "inzamelbak", "materialen": ["batterijen"], "uitbetaling": [], "vrijToegankelijk": false, "gemeenteBeperking": null, "openingstijden": null, "latitude": 52.264752, "longitude": 6.7942951, "bronId": "L049218"}}, {"type": "Feature", "geometry": {"type": "Point", "coordinates": [6.7942029, 52.2651261]}, "properties": {"type": "inleverpunt", "locatieNaam": "HEMA Enschedestraat", "straatNaam": "Enschedestraat", "straatNr": "9", "postcode": "7551 EE", "plaats": "Hengelo Ov", "merk": "Stibat", "puntType": "inzamelbak", "materialen": ["batterijen"], "uitbetaling": [], "vrijToegankelijk": false, "gemeenteBeperking": null, "openingstijden": null, "latitude": 52.2651261, "longitude": 6.7942029, "bronId": "L007827"}}, {"type": "Feature", "geometry": {"type": "Point", "coordinates": [6.7946175, 52.2647104]}, "properties": {"type": "inleverpunt", "locatieNaam": "Intertoys", "straatNaam": "Enschedesestraat", "straatNr": "26-28", "postcode": "7551 EN", "plaats": "Hengelo Ov", "merk": "Stibat", "puntType": "inzamelbak", "materialen": ["batterijen"], "uitbetaling": [], "vrijToegankelijk": false, "gemeenteBeperking": null, "openingstijden": null, "latitude": 52.2647104, "longitude": 6.7946175, "bronId": "L031132"}}, {"type": "Feature", "geometry": {"type": "Point", "coordinates": [6.793303, 52.2666862]}, "properties": {"type": "inleverpunt", "locatieNaam": "Xenos", "straatNaam": "Thiemsbrug", "straatNr": "25", "postcode": "7551 EZ", "plaats": "Hengelo Ov", "merk": "Stibat", "puntType": "inzamelbak", "materialen": ["batterijen"], "uitbetaling": [], "vrijToegankelijk": false, "gemeenteBeperking": null, "openingstijden": null, "latitude": 52.2666862, "longitude": 6.793303, "bronId": "L037067"}}, {"type": "Feature", "geometry": {"type": "Point", "coordinates": [6.7937252, 52.2666461]}, "properties": {"type": "inleverpunt", "locatieNaam": "Intertoys", "straatNaam": "Thiemsbrug", "straatNr": "55", "postcode": "7551 EZ", "plaats": "Hengelo Ov", "merk": "Stibat", "puntType": "inzamelbak", "materialen": ["batterijen"], "uitbetaling": [], "vrijToegankelijk": false, "gemeenteBeperking": null, "openingstijden": null, "latitude": 52.2666461, "longitude": 6.7937252, "bronId": "L039089"}}, {"type": "Feature", "geometry": {"type": "Point", "coordinates": [6.7946992, 52.2644367]}, "properties": {"type": "inleverpunt", "locatieNaam": "Specsavers", "straatNaam": "Nieuwstraat", "straatNr": "6", "postcode": "7551 CW", "plaats": "Hengelo", "merk": "Stibat", "puntType": "inzamelbak", "materialen": ["batterijen"], "uitbetaling": [], "vrijToegankelijk": false, "gemeenteBeperking": null, "openingstijden": null, "latitude": 52.2644367, "longitude": 6.7946992, "bronId": "L045047"}}, {"type": "Feature", "geometry": {"type": "Point", "coordinates": [6.7942051, 52.2663548]}, "properties": {"type": "inleverpunt", "locatieNaam": "Kruidvat", "straatNaam": "WC Thiemsbrug", "straatNr": "39-41", "postcode": "7551 EZ", "plaats": "Hengelo", "merk": "Stibat", "puntType": "inzamelbak", "materialen": ["batterijen"], "uitbetaling": [], "vrijToegankelijk": false, "gemeenteBeperking": null, "openingstijden": null, "latitude": 52.2663548, "longitude": 6.7942051, "bronId": "L014337"}}, {"type": "Feature", "geometry": {"type": "Point", "coordinates": [6.7946333, 52.2649696]}, "properties": {"type": "inleverpunt", "locatieNaam": "Zeeman", "straatNaam": "Enschedesestraat", "straatNr": "15", "postcode": "7551 EE", "plaats": "Hengelo", "merk": "Stibat", "puntType": "inzamelbak", "materialen": ["batterijen"], "uitbetaling": [], "vrijToegankelijk": false, "gemeenteBeperking": null, "openingstijden": null, "latitude": 52.2649696, "longitude": 6.7946333, "bronId": "L019485"}}, {"type": "Feature", "geometry": {"type": "Point", "coordinates": [6.7948047, 52.264887]}, "properties": {"type": "inleverpunt", "locatieNaam": "Kruidvat", "straatNaam": "Enschedesestraat", "straatNr": "19", "postcode": "7551 EG", "plaats": "Hengelo", "merk": "Stibat", "puntType": "inzamelbak", "materialen": ["batterijen"], "uitbetaling": [], "vrijToegankelijk": false, "gemeenteBeperking": null, "openingstijden": null, "latitude": 52.264887, "longitude": 6.7948047, "bronId": "L014060"}}, {"type": "Feature", "geometry": {"type": "Point", "coordinates": [6.7923125, 52.274248]}, "properties": {"type": "inleverpunt", "locatieNaam": "Kruidvat", "straatNaam": "Uitslagweg", "straatNr": "91-3", "postcode": "7556 LN", "plaats": "Hengelo", "merk": "Stibat", "puntType": "inzamelbak", "materialen": ["batterijen"], "uitbetaling": [], "vrijToegankelijk": false, "gemeenteBeperking": null, "openingstijden": null, "latitude": 52.274248, "longitude": 6.7923125, "bronId": "L014610"}}, {"type": "Feature", "geometry": {"type": "Point", "coordinates": [6.7954775, 52.2634632]}, "properties": {"type": "inleverpunt", "locatieNaam": "Eden Star Hotel", "straatNaam": "B.P. Hofstedestraat", "straatNr": "50", "postcode": "7551 DG", "plaats": "Hengelo Ov", "merk": "Stibat", "puntType": "inzamelbak", "materialen": ["batterijen"], "uitbetaling": [], "vrijToegankelijk": false, "gemeenteBeperking": null, "openingstijden": null, "latitude": 52.2634632, "longitude": 6.7954775, "bronId": "L029314"}}, {"type": "Feature", "geometry": {"type": "Point", "coordinates": [6.7920251, 52.2768082]}, "properties": {"type": "inleverpunt", "locatieNaam": "Aldi", "straatNaam": "Uitslagsweg", "straatNr": "95-99", "postcode": "7556 LN", "plaats": "Hengelo Ov.", "merk": "Stibat", "puntType": "inzamelbak", "materialen": ["batterijen"], "uitbetaling": [], "vrijToegankelijk": false, "gemeenteBeperking": null, "openingstijden": null, "latitude": 52.2768082, "longitude": 6.7920251, "bronId": "L041491"}}, {"type": "Feature", "geometry": {"type": "Point", "coordinates": [6.7924471, 52.2764565]}, "properties": {"type": "inleverpunt", "locatieNaam": "CIGO", "straatNaam": "Uitslagsweg", "straatNr": "91-5", "postcode": "7556 LN", "plaats": "Hengelo Ov", "merk": "Stibat", "puntType": "inzamelbak", "materialen": ["batterijen"], "uitbetaling": [], "vrijToegankelijk": false, "gemeenteBeperking": null, "openingstijden": null, "latitude": 52.2764565, "longitude": 6.7924471, "bronId": "L034966"}}, {"type": "Feature", "geometry": {"type": "Point", "coordinates": [6.792639, 52.276517]}, "properties": {"type": "inleverpunt", "locatieNaam": "Hans Anders", "straatNaam": "Uitslagsweg", "straatNr": "93-5", "postcode": "7556 LN", "plaats": "Hengelo Ov", "merk": "Stibat", "puntType": "inzamelbak", "materialen": ["batterijen"], "uitbetaling": [], "vrijToegankelijk": false, "gemeenteBeperking": null, "openingstijden": null, "latitude": 52.276517, "longitude": 6.792639, "bronId": "L037836"}}, {"type": "Feature", "geometry": {"type": "Point", "coordinates": [6.7952187, 52.2679827]}, "properties": {"type": "inleverpunt", "locatieNaam": "Beter Horen", "straatNaam": "Oldenzaalsestraat", "straatNr": "25", "postcode": "7551 AM", "plaats": "Hengelo", "merk": "Stibat", "puntType": "inzamelbak", "materialen": ["batterijen"], "uitbetaling": [], "vrijToegankelijk": false, "gemeenteBeperking": null, "openingstijden": null, "latitude": 52.2679827, "longitude": 6.7952187, "bronId": "L017263"}}, {"type": "Feature", "geometry": {"type": "Point", "coordinates": [6.7962697, 52.2643774]}, "properties": {"type": "inleverpunt", "locatieNaam": "Schoonenberg Hoorcomfort", "straatNaam": "Enschedesestraat", "straatNr": "31", "postcode": "7551 EH", "plaats": "Hengelo Ov", "merk": "Stibat", "puntType": "inzamelbak", "materialen": ["batterijen"], "uitbetaling": [], "vrijToegankelijk": false, "gemeenteBeperking": null, "openingstijden": null, "latitude": 52.2643774, "longitude": 6.7962697, "bronId": "L021462"}}, {"type": "Feature", "geometry": {"type": "Point", "coordinates": [6.7957775, 52.2674445]}, "properties": {"type": "inleverpunt", "locatieNaam": "Makkabikes Hengelo", "straatNaam": "Wemenstraat", "straatNr": "68", "postcode": "7551 EX", "plaats": "Hengelo Ov", "merk": "Stibat", "puntType": "inzamelbak", "materialen": ["batterijen"], "uitbetaling": [], "vrijToegankelijk": false, "gemeenteBeperking": null, "openingstijden": null, "latitude": 52.2674445, "longitude": 6.7957775, "bronId": "L046633"}}, {"type": "Feature", "geometry": {"type": "Point", "coordinates": [6.7932172, 52.2767858]}, "properties": {"type": "inleverpunt", "locatieNaam": "4040 Albert Heijn", "straatNaam": "Uitslagweg", "straatNr": "95", "postcode": "7556 LN", "plaats": "Hengelo Ov", "merk": "Stibat", "puntType": "inzamelbak", "materialen": ["batterijen"], "uitbetaling": [], "vrijToegankelijk": false, "gemeenteBeperking": null, "openingstijden": null, "latitude": 52.2767858, "longitude": 6.7932172, "bronId": "L031691"}}, {"type": "Feature", "geometry": {"type": "Point", "coordinates": [6.7972844, 52.2650174]}, "properties": {"type": "inleverpunt", "locatieNaam": "Uw Groene Vakwinkel", "straatNaam": "Drienrstraat", "straatNr": "33", "postcode": "7551 HK", "plaats": "Henelo", "merk": "Stibat", "puntType": "inzamelbak", "materialen": ["batterijen"], "uitbetaling": [], "vrijToegankelijk": false, "gemeenteBeperking": null, "openingstijden": null, "latitude": 52.2650174, "longitude": 6.7972844, "bronId": "L020677"}}, {"type": "Feature", "geometry": {"type": "Point", "coordinates": [6.8035114, 52.2586195]}, "properties": {"type": "inleverpunt", "locatieNaam": "Lidl", "straatNaam": "Waarbekenweg", "straatNr": "19", "postcode": "7553 KH", "plaats": "Hengelo Ov", "merk": "Stibat", "puntType": "inzamelbak", "materialen": ["batterijen"], "uitbetaling": [], "vrijToegankelijk": false, "gemeenteBeperking": null, "openingstijden": null, "latitude": 52.2586195, "longitude": 6.8035114, "bronId": "L021819"}}, {"type": "Feature", "geometry": {"type": "Point", "coordinates": [6.8028304, 52.2621268]}, "properties": {"type": "inleverpunt", "locatieNaam": "Karwei", "straatNaam": "Enschedesestraat", "straatNr": "127", "postcode": "7552 CR", "plaats": "Hengelo Ov", "merk": "Stibat", "puntType": "inzamelbak", "materialen": ["batterijen"], "uitbetaling": [], "vrijToegankelijk": false, "gemeenteBeperking": null, "openingstijden": null, "latitude": 52.2621268, "longitude": 6.8028304, "bronId": "L007426"}}, {"type": "Feature", "geometry": {"type": "Point", "coordinates": [6.8019579, 52.2664165]}, "properties": {"type": "inleverpunt", "locatieNaam": "Jumbo", "straatNaam": "Oude Molenweg", "straatNr": "40", "postcode": "7551 HC", "plaats": "Hengelo Ov", "merk": "Stibat", "puntType": "inzamelbak", "materialen": ["batterijen"], "uitbetaling": [], "vrijToegankelijk": false, "gemeenteBeperking": null, "openingstijden": null, "latitude": 52.2664165, "longitude": 6.8019579, "bronId": "L040597"}}, {"type": "Feature", "geometry": {"type": "Point", "coordinates": [6.8044165, 52.2653151]}, "properties": {"type": "inleverpunt", "locatieNaam": "Hubo", "straatNaam": "Bergweg", "straatNr": "9", "postcode": "7557 BS", "plaats": "Hengelo Ov", "merk": "Stibat", "puntType": "inzamelbak", "materialen": ["batterijen"], "uitbetaling": [], "vrijToegankelijk": false, "gemeenteBeperking": null, "openingstijden": null, "latitude": 52.2653151, "longitude": 6.8044165, "bronId": "L043799"}}, {"type": "Feature", "geometry": {"type": "Point", "coordinates": [6.8022164, 52.2745065]}, "properties": {"type": "inleverpunt", "locatieNaam": "Zwiep Fietsen", "straatNaam": "Deurningerstraat", "straatNr": "73", "postcode": "7557 HC", "plaats": "Hengelo OV", "merk": "Stibat", "puntType": "inzamelbak", "materialen": ["batterijen"], "uitbetaling": [], "vrijToegankelijk": false, "gemeenteBeperking": null, "openingstijden": null, "latitude": 52.2745065, "longitude": 6.8022164, "bronId": "L033970"}}, {"type": "Feature", "geometry": {"type": "Point", "coordinates": [6.8078467, 52.2585114]}, "properties": {"type": "inleverpunt", "locatieNaam": "Rijwielhandel Kastelein", "straatNaam": "Enschedesestraat", "straatNr": "214", "postcode": "7552 CL", "plaats": "Hengelo Ov", "merk": "Stibat", "puntType": "inzamelbak", "materialen": ["batterijen"], "uitbetaling": [], "vrijToegankelijk": false, "gemeenteBeperking": null, "openingstijden": null, "latitude": 52.2585114, "longitude": 6.8078467, "bronId": "L033966"}}, {"type": "Feature", "geometry": {"type": "Point", "coordinates": [6.8033977, 52.2757571]}, "properties": {"type": "inleverpunt", "locatieNaam": "Europart", "straatNaam": "Deurningerstraat", "straatNr": "160", "postcode": "7557 HK", "plaats": "Hengelo", "merk": "Stibat", "puntType": "inzamelbak", "materialen": ["batterijen"], "uitbetaling": [], "vrijToegankelijk": false, "gemeenteBeperking": null, "openingstijden": null, "latitude": 52.2757571, "longitude": 6.8033977, "bronId": "L019319"}}, {"type": "Feature", "geometry": {"type": "Point", "coordinates": [6.8093726, 52.2548093]}, "properties": {"type": "inleverpunt", "locatieNaam": "Raab Karcher", "straatNaam": "Kuipersdijk", "straatNr": "50", "postcode": "7552 BJ", "plaats": "Hengelo Ov", "merk": "Stibat", "puntType": "inzamelbak", "materialen": ["batterijen"], "uitbetaling": [], "vrijToegankelijk": false, "gemeenteBeperking": null, "openingstijden": null, "latitude": 52.2548093, "longitude": 6.8093726, "bronId": "L043774"}}, {"type": "Feature", "geometry": {"type": "Point", "coordinates": [6.8086855, 52.2581675]}, "properties": {"type": "inleverpunt", "locatieNaam": "Lidl", "straatNaam": "Enschedesestraat", "straatNr": "230", "postcode": "7552 CM", "plaats": "Hengelo Ov", "merk": "Stibat", "puntType": "inzamelbak", "materialen": ["batterijen"], "uitbetaling": [], "vrijToegankelijk": false, "gemeenteBeperking": null, "openingstijden": null, "latitude": 52.2581675, "longitude": 6.8086855, "bronId": "L039237"}}, {"type": "Feature", "geometry": {"type": "Point", "coordinates": [6.8006747, 52.2920122]}, "properties": {"type": "inleverpunt", "locatieNaam": "Slangenbeek Tweewielers", "straatNaam": "Topweg", "straatNr": "44", "postcode": "7559 PH", "plaats": "Hengelo OV", "merk": "Stibat", "puntType": "inzamelbak", "materialen": ["batterijen"], "uitbetaling": [], "vrijToegankelijk": false, "gemeenteBeperking": null, "openingstijden": null, "latitude": 52.2920122, "longitude": 6.8006747, "bronId": "L033972"}}, {"type": "Feature", "geometry": {"type": "Point", "coordinates": [6.8098832, 52.2672936]}, "properties": {"type": "inleverpunt", "locatieNaam": "Aldi", "straatNaam": "Mozartlaan", "straatNr": "1", "postcode": "7557 DK", "plaats": "Hengelo Ov", "merk": "Stibat", "puntType": "inzamelbak", "materialen": ["batterijen"], "uitbetaling": [], "vrijToegankelijk": false, "gemeenteBeperking": null, "openingstijden": null, "latitude": 52.2672936, "longitude": 6.8098832, "bronId": "L043194"}}, {"type": "Feature", "geometry": {"type": "Point", "coordinates": [6.8065541, 52.2796995]}, "properties": {"type": "inleverpunt", "locatieNaam": "Stichting Het Goed Hengelo", "straatNaam": "Hamerstraat", "straatNr": "21", "postcode": "7556 MZ", "plaats": "Hengelo Ov", "merk": "Stibat", "puntType": "inzamelbak", "materialen": ["batterijen"], "uitbetaling": [], "vrijToegankelijk": false, "gemeenteBeperking": null, "openingstijden": null, "latitude": 52.2796995, "longitude": 6.8065541, "bronId": "L030948"}}, {"type": "Feature", "geometry": {"type": "Point", "coordinates": [6.8059697, 52.2952937]}, "properties": {"type": "inleverpunt", "locatieNaam": "Kruidvat", "straatNaam": "Straatsburg", "straatNr": "26", "postcode": "7559 NM", "plaats": "Hengelo Ov", "merk": "Stibat", "puntType": "inzamelbak", "materialen": ["batterijen"], "uitbetaling": [], "vrijToegankelijk": false, "gemeenteBeperking": null, "openingstijden": null, "latitude": 52.2952937, "longitude": 6.8059697, "bronId": "L035419"}}, {"type": "Feature", "geometry": {"type": "Point", "coordinates": [6.806276, 52.295275]}, "properties": {"type": "inleverpunt", "locatieNaam": "4039 Albert Heijn", "straatNaam": "Straatsburg", "straatNr": "48", "postcode": "7559 NM", "plaats": "Hengelo Ov", "merk": "Stibat", "puntType": "inzamelbak", "materialen": ["batterijen"], "uitbetaling": [], "vrijToegankelijk": false, "gemeenteBeperking": null, "openingstijden": null, "latitude": 52.295275, "longitude": 6.806276, "bronId": "L034444"}}, {"type": "Feature", "geometry": {"type": "Point", "coordinates": [6.8071957, 52.2956967]}, "properties": {"type": "inleverpunt", "locatieNaam": "Primera", "straatNaam": "Straatsburg", "straatNr": "8", "postcode": "7559 NM", "plaats": "Hengelo Ov", "merk": "Stibat", "puntType": "inzamelbak", "materialen": ["batterijen"], "uitbetaling": [], "vrijToegankelijk": false, "gemeenteBeperking": null, "openingstijden": null, "latitude": 52.2956967, "longitude": 6.8071957, "bronId": "L023954"}}, {"type": "Feature", "geometry": {"type": "Point", "coordinates": [6.8117586, 52.2827055]}, "properties": {"type": "inleverpunt", "locatieNaam": "Hubo", "straatNaam": "Torenlaan", "straatNr": "3", "postcode": "7559 PK", "plaats": "Hengelo Ov", "merk": "Stibat", "puntType": "inzamelbak", "materialen": ["batterijen"], "uitbetaling": [], "vrijToegankelijk": false, "gemeenteBeperking": null, "openingstijden": null, "latitude": 52.2827055, "longitude": 6.8117586, "bronId": "L042862"}}, {"type": "Feature", "geometry": {"type": "Point", "coordinates": [6.8156354, 52.2713005]}, "properties": {"type": "inleverpunt", "locatieNaam": "Tessatronic", "straatNaam": "Oude Postweg", "straatNr": "184", "postcode": "7557 DJ", "plaats": "Hengelo Ov", "merk": "Stibat", "puntType": "inzamelbak", "materialen": ["batterijen"], "uitbetaling": [], "vrijToegankelijk": false, "gemeenteBeperking": null, "openingstijden": null, "latitude": 52.2713005, "longitude": 6.8156354, "bronId": "L025750"}}, {"type": "Feature", "geometry": {"type": "Point", "coordinates": [6.8128871, 52.2836814]}, "properties": {"type": "inleverpunt", "locatieNaam": "Batterij Specialist", "straatNaam": "Torenlaan", "straatNr": "14", "postcode": "7559 PJ", "plaats": "Hengelo Ov", "merk": "Stibat", "puntType": "inzamelbak", "materialen": ["batterijen"], "uitbetaling": [], "vrijToegankelijk": false, "gemeenteBeperking": null, "openingstijden": null, "latitude": 52.2836814, "longitude": 6.8128871, "bronId": "L011994"}}, {"type": "Feature", "geometry": {"type": "Point", "coordinates": [6.8199507, 52.2630593]}, "properties": {"type": "inleverpunt", "locatieNaam": "Apotheek Groot Driene(Diabetes Center)", "straatNaam": "H C Pootstraat", "straatNr": "3", "postcode": "7552 WZ", "plaats": "Hengelo Ov", "merk": "Stibat", "puntType": "inzamelbak", "materialen": ["batterijen"], "uitbetaling": [], "vrijToegankelijk": false, "gemeenteBeperking": null, "openingstijden": null, "latitude": 52.2630593, "longitude": 6.8199507, "bronId": "L019695"}}, {"type": "Feature", "geometry": {"type": "Point", "coordinates": [6.820907, 52.2625838]}, "properties": {"type": "inleverpunt", "locatieNaam": "1193 Albert Heijn", "straatNaam": "Willem de Merodestraat", "straatNr": "10", "postcode": "7552 WZ", "plaats": "Hengelo Ov", "merk": "Stibat", "puntType": "inzamelbak", "materialen": ["batterijen"], "uitbetaling": [], "vrijToegankelijk": false, "gemeenteBeperking": null, "openingstijden": null, "latitude": 52.2625838, "longitude": 6.820907, "bronId": "L006772"}}, {"type": "Feature", "geometry": {"type": "Point", "coordinates": [6.8222346, 52.2624101]}, "properties": {"type": "inleverpunt", "locatieNaam": "Jumbo", "straatNaam": "Willem de Merodestraat", "straatNr": "40", "postcode": "7552 WZ", "plaats": "Hengelo Ov", "merk": "Stibat", "puntType": "inzamelbak", "materialen": ["batterijen"], "uitbetaling": [], "vrijToegankelijk": false, "gemeenteBeperking": null, "openingstijden": null, "latitude": 52.2624101, "longitude": 6.8222346, "bronId": "L031435"}}, {"type": "Feature", "geometry": {"type": "Point", "coordinates": [6.821204, 52.2623463]}, "properties": {"type": "inleverpunt", "locatieNaam": "8878 Etos", "straatNaam": "Willem de Merodestraat", "straatNr": "16", "postcode": "7552 WZ", "plaats": "Hengelo Ov", "merk": "Stibat", "puntType": "inzamelbak", "materialen": ["batterijen"], "uitbetaling": [], "vrijToegankelijk": false, "gemeenteBeperking": null, "openingstijden": null, "latitude": 52.2623463, "longitude": 6.821204, "bronId": "L025018"}}, {"type": "Feature", "geometry": {"type": "Point", "coordinates": [6.8218262, 52.2623588]}, "properties": {"type": "inleverpunt", "locatieNaam": "Kruidvat", "straatNaam": "Willem de Merodestraat", "straatNr": "28", "postcode": "7552 WZ", "plaats": "Hengelo Ov", "merk": "Stibat", "puntType": "inzamelbak", "materialen": ["batterijen"], "uitbetaling": [], "vrijToegankelijk": false, "gemeenteBeperking": null, "openingstijden": null, "latitude": 52.2623588, "longitude": 6.8218262, "bronId": "L015124"}}, {"type": "Feature", "geometry": {"type": "Point", "coordinates": [6.8281303, 52.2625874]}, "properties": {"type": "inleverpunt", "locatieNaam": "Bredero-IT", "straatNaam": "Brederostraat", "straatNr": "236", "postcode": "7552 KH", "plaats": "Hengelo Ov", "merk": "Stibat", "puntType": "inzamelbak", "materialen": ["batterijen"], "uitbetaling": [], "vrijToegankelijk": false, "gemeenteBeperking": null, "openingstijden": null, "latitude": 52.2625874, "longitude": 6.8281303, "bronId": "L045099"}}, {"type": "Feature", "geometry": {"type": "Point", "coordinates": [6.827155, 52.2843444]}, "properties": {"type": "inleverpunt", "locatieNaam": "Giant Store Hengelo", "straatNaam": "Christiaan Langefeldstraat", "straatNr": "8-10", "postcode": "7558 CS", "plaats": "Hengelo Ov", "merk": "Stibat", "puntType": "inzamelbak", "materialen": ["batterijen"], "uitbetaling": [], "vrijToegankelijk": false, "gemeenteBeperking": null, "openingstijden": null, "latitude": 52.2843444, "longitude": 6.827155, "bronId": "L049471"}}, {"type": "Feature", "geometry": {"type": "Point", "coordinates": [6.8276335, 52.2846352]}, "properties": {"type": "inleverpunt", "locatieNaam": "Jumbo", "straatNaam": "Christiaan Langefeldstraat", "straatNr": "29", "postcode": "7558 CW", "plaats": "Hengelo Ov", "merk": "Stibat", "puntType": "inzamelbak", "materialen": ["batterijen"], "uitbetaling": [], "vrijToegankelijk": false, "gemeenteBeperking": null, "openingstijden": null, "latitude": 52.2846352, "longitude": 6.8276335, "bronId": "L035296"}}, {"type": "Feature", "geometry": {"type": "Point", "coordinates": [6.8278407, 52.2844667]}, "properties": {"type": "inleverpunt", "locatieNaam": "HEMA Hengelo-Hasselo", "straatNaam": "Christiaan Langefeldstraat", "straatNr": "20-22", "postcode": "7558 CS", "plaats": "Hengelo", "merk": "Stibat", "puntType": "inzamelbak", "materialen": ["batterijen"], "uitbetaling": [], "vrijToegankelijk": false, "gemeenteBeperking": null, "openingstijden": null, "latitude": 52.2844667, "longitude": 6.8278407, "bronId": "L046821"}}, {"type": "Feature", "geometry": {"type": "Point", "coordinates": [6.8284465, 52.2839421]}, "properties": {"type": "inleverpunt", "locatieNaam": "CIGO", "straatNaam": "Willem van Otterloostraat", "straatNr": "29", "postcode": "7558 BX", "plaats": "Hengelo Ov", "merk": "Stibat", "puntType": "inzamelbak", "materialen": ["batterijen"], "uitbetaling": [], "vrijToegankelijk": false, "gemeenteBeperking": null, "openingstijden": null, "latitude": 52.2839421, "longitude": 6.8284465, "bronId": "L032356"}}, {"type": "Feature", "geometry": {"type": "Point", "coordinates": [6.8285045, 52.2843382]}, "properties": {"type": "inleverpunt", "locatieNaam": "Zeeman", "straatNaam": "Christiaan Langefeldstraat", "straatNr": "34", "postcode": "7558 CS", "plaats": "Hengelo", "merk": "Stibat", "puntType": "inzamelbak", "materialen": ["batterijen"], "uitbetaling": [], "vrijToegankelijk": false, "gemeenteBeperking": null, "openingstijden": null, "latitude": 52.2843382, "longitude": 6.8285045, "bronId": "L020152"}}, {"type": "Feature", "geometry": {"type": "Point", "coordinates": [6.8285838, 52.2844325]}, "properties": {"type": "inleverpunt", "locatieNaam": "Kruidvat", "straatNaam": "Christiaan Langefeldstraat", "straatNr": "69", "postcode": "7558 CZ", "plaats": "Hengelo", "merk": "Stibat", "puntType": "inzamelbak", "materialen": ["batterijen"], "uitbetaling": [], "vrijToegankelijk": false, "gemeenteBeperking": null, "openingstijden": null, "latitude": 52.2844325, "longitude": 6.8285838, "bronId": "L014026"}}, {"type": "Feature", "geometry": {"type": "Point", "coordinates": [6.8288791, 52.284629]}, "properties": {"type": "inleverpunt", "locatieNaam": "Aldi", "straatNaam": "Christiaan Langefeldstraat", "straatNr": "77", "postcode": "7558 CZ", "plaats": "Hengelo Ov.", "merk": "Stibat", "puntType": "inzamelbak", "materialen": ["batterijen"], "uitbetaling": [], "vrijToegankelijk": false, "gemeenteBeperking": null, "openingstijden": null, "latitude": 52.284629, "longitude": 6.8288791, "bronId": "L041492"}}, {"type": "Feature", "geometry": {"type": "Point", "coordinates": [6.8293009, 52.2844206]}, "properties": {"type": "inleverpunt", "locatieNaam": "1242 Albert Heijn", "straatNaam": "Christiaan Langefeldstraat", "straatNr": "83", "postcode": "7558 CZ", "plaats": "Hengelo Ov", "merk": "Stibat", "puntType": "inzamelbak", "materialen": ["batterijen"], "uitbetaling": [], "vrijToegankelijk": false, "gemeenteBeperking": null, "openingstijden": null, "latitude": 52.2844206, "longitude": 6.8293009, "bronId": "L005952"}}, {"type": "Feature", "geometry": {"type": "Point", "coordinates": [6.8299152, 52.2842113]}, "properties": {"type": "inleverpunt", "locatieNaam": "Wibra", "straatNaam": "Christiaan Langefeldstraat", "straatNr": "26", "postcode": "7558 CS", "plaats": "Hengelo Ov", "merk": "Stibat", "puntType": "inzamelbak", "materialen": ["batterijen"], "uitbetaling": [], "vrijToegankelijk": false, "gemeenteBeperking": null, "openingstijden": null, "latitude": 52.2842113, "longitude": 6.8299152, "bronId": "L024122"}}, {"type": "Feature", "geometry": {"type": "Point", "coordinates": [6.8424494, 52.2818738]}, "properties": {"type": "inleverpunt", "locatieNaam": "Jan Krul Caravans en Outdoor", "straatNaam": "Oldenzaalsestraat", "straatNr": "583", "postcode": "7558 PX", "plaats": "Hengelo Ov", "merk": "Stibat", "puntType": "inzamelbak", "materialen": ["batterijen"], "uitbetaling": [], "vrijToegankelijk": false, "gemeenteBeperking": null, "openingstijden": null, "latitude": 52.2818738, "longitude": 6.8424494, "bronId": "L039171"}}, {"type": "Feature", "geometry": {"type": "Polygon", "coordinates": [[[6.738749003064461, 52.19866700399313], [6.766801003092112, 52.19106500398728], [6.766324003091839, 52.20313900399459], [6.762401003088032, 52.20782000399758], [6.75962400308532, 52.21003500399904], [6.755893003081749, 52.217396004003646], [6.769055003094932, 52.2270130040088], [6.765190003091208, 52.23313800401265], [6.774434003100439, 52.238456004015426], [6.813754003139186, 52.2294830040082], [6.819539003145123, 52.24365700401644], [6.827239003152807, 52.24829700401885], [6.842562003168036, 52.25390900402152], [6.8408850031664326, 52.2576650040238], [6.840288003165894, 52.2610860040259], [6.840701003166317, 52.262077004026445], [6.843352003168961, 52.263697004027314], [6.843804003169437, 52.265554004028374], [6.843515003169161, 52.266593004029], [6.840277003166001, 52.269077004030635], [6.8363540031621515, 52.270747004031826], [6.831745003157639, 52.273512004033705], [6.837846003163714, 52.27663200403528], [6.840492003166321, 52.27631200403492], [6.841246003167069, 52.276570004035065], [6.841032003166863, 52.276890004035295], [6.842452003168265, 52.27697900403526], [6.847570003173344, 52.278584004035984], [6.846625003172425, 52.27949600403652], [6.845761003171575, 52.27975900403672], [6.849155003174946, 52.281070004037346], [6.84949600317529, 52.281530004037634], [6.852014003177782, 52.2820600040378], [6.850645003176444, 52.2829720040384], [6.851181003176978, 52.28320700403856], [6.850304003176124, 52.28413100403914], [6.852527003178329, 52.28487100403946], [6.852376003178188, 52.285228004039695], [6.846375003172351, 52.29140200404367], [6.846108003172084, 52.29120200404354], [6.842547003168576, 52.29177100404403], [6.843202003169233, 52.29244800404443], [6.839590003165678, 52.29330400404511], [6.839467003165552, 52.29312100404498], [6.838400003164503, 52.29336900404522], [6.836491003162616, 52.293237004045224], [6.834931003161091, 52.294142004045824], [6.83118600315739, 52.29397900404592], [6.8279020031541595, 52.29486200404659], [6.828408003154665, 52.29535100404686], [6.823068003149421, 52.29709700404813], [6.82051700314692, 52.29842800404906], [6.8191430031456, 52.300839004050566], [6.819237003145701, 52.3014480040509], [6.819790003146248, 52.301488004050924], [6.819994003146462, 52.30242700405147], [6.821145003147599, 52.302428004051386], [6.821701003148162, 52.303310004051916], [6.824064003150508, 52.30424900405235], [6.8256910031521505, 52.30640000405355], [6.823617003150123, 52.30812700405467], [6.823336003149857, 52.30876000405506], [6.812251003138941, 52.31088700405682], [6.809335003136053, 52.31036300405667], [6.807816003134593, 52.31309100405836], [6.802039003128896, 52.31358600405893], [6.801234003128026, 52.30854700405599], [6.798157003124973, 52.3076380040556], [6.797451003124258, 52.30670100405506], [6.787892003114792, 52.30497600405448], [6.788383003115257, 52.30365100405368], [6.792551003119326, 52.30038700405154], [6.786322003113161, 52.299679004051406], [6.7850490031119035, 52.29981300405157], [6.78060800310747, 52.29697000405006], [6.779988003106862, 52.29717300405025], [6.7755160031023784, 52.29315300404806], [6.773446003100321, 52.292400004047686], [6.770692003097597, 52.29227500404777], [6.770026003096929, 52.29159400404739], [6.768367003095292, 52.29175500404752], [6.767750003094696, 52.29263200404809], [6.766683003093608, 52.29051900404689], [6.763221003090149, 52.28840600404581], [6.75906800308604, 52.28800100404575], [6.754612003081621, 52.28714600404543], [6.752961003079996, 52.28756100404576], [6.7503640030773875, 52.28513600404444], [6.7428860030699616, 52.28311300404358], [6.743606003070646, 52.28154700404263], [6.744335003071372, 52.28170500404268], [6.745766003072759, 52.28013100404165], [6.748135003075037, 52.276049004039116], [6.749368003076174, 52.27101600403608], [6.748564003075365, 52.270167004035564], [6.749257003076045, 52.269931004035456], [6.749413003076185, 52.269061004034924], [6.748816003075561, 52.267006004033696], [6.747905003074661, 52.266866004033666], [6.748941003075669, 52.26589000403303], [6.749378003076068, 52.26396600403184], [6.750577003077217, 52.26174500403045], [6.751376003077947, 52.258184004028294], [6.751065003077636, 52.2577410040281], [6.751641003078203, 52.25761600402797], [6.752773003079253, 52.2533650040254], [6.752277003078755, 52.25304700402518], [6.75296000307942, 52.2523700040248], [6.751453003077922, 52.251878004024576], [6.748656003075155, 52.25167200402454], [6.724194003050965, 52.25270700402629], [6.72178100304853, 52.249999004024794], [6.719616003046364, 52.248617004024034], [6.717927003044608, 52.243514004021094], [6.720055003046717, 52.24374200402109], [6.7212210030478206, 52.240767004019276], [6.720751003047345, 52.240262004019], [6.721503003048072, 52.23929300401837], [6.720937003047494, 52.238085004017684], [6.71866400304524, 52.237911004017654], [6.718800003045396, 52.23917600401845], [6.717642003044259, 52.23981400401886], [6.7170880030437345, 52.24098000401959], [6.7121400030385745, 52.22602900401084], [6.703239003029649, 52.21944200400728], [6.702039003028414, 52.21682200400575], [6.712388003038481, 52.20633100399899], [6.738749003064461, 52.19866700399313]]]}, "properties": {"type": "boundary", "gemeente": "Hengelo (O)"}}]}