{"type": "FeatureCollection", "metadata": {"gemeente": "Leeuwarden", "slug": "leeuwarden", "generated_at": "2026-07-28T09:25:50.134599Z", "total_points": 293, "merken": ["StatiegeldNederland", "Stibat", "StichtingOPEN"], "bounds": [5.6505718, 53.0712568, 5.8829612, 53.2680131]}, "features": [{"type": "Feature", "geometry": {"type": "Point", "coordinates": [5.7926985, 53.2153355]}, "properties": {"type": "inleverpunt", "locatieNaam": "Albert Heijn", "straatNaam": "Bilgaardpassage", "straatNr": "1", "postcode": "8918 HR", "plaats": "Leeuwarden", "merk": "StatiegeldNederland", "puntType": "automaat", "materialen": ["pet-groot", "pet-klein", "blik", "glas", "krat"], "uitbetaling": ["bonnetje", "donatie"], "vrijToegankelijk": true, "gemeenteBeperking": null, "openingstijden": {"ma": "08:00–22:00", "di": "08:00–22:00", "wo": "08:00–22:00", "do": "08:00–22:00", "vr": "08:00–22:00", "za": "08:00–22:00", "zo": "09:00–18:00"}, "latitude": 53.2153355, "longitude": 5.7926985, "bronId": "252021"}}, {"type": "Feature", "geometry": {"type": "Point", "coordinates": [5.8156588, 53.1995429]}, "properties": {"type": "inleverpunt", "locatieNaam": "Albert Heijn", "straatNaam": "Emmakade", "straatNr": "168", "postcode": "8933 AX", "plaats": "Leeuwarden", "merk": "StatiegeldNederland", "puntType": "automaat", "materialen": ["pet-groot", "pet-klein", "blik", "glas", "krat"], "uitbetaling": ["bonnetje", "donatie"], "vrijToegankelijk": true, "gemeenteBeperking": null, "openingstijden": {"ma": "08:00–22:00", "di": "08:00–22:00", "wo": "08:00–22:00", "do": "08:00–22:00", "vr": "08:00–22:00", "za": "08:00–22:00", "zo": "09:00–18:00"}, "latitude": 53.1995429, "longitude": 5.8156588, "bronId": "252209"}}, {"type": "Feature", "geometry": {"type": "Point", "coordinates": [5.8387124, 53.211061]}, "properties": {"type": "inleverpunt", "locatieNaam": "Albert Heijn", "straatNaam": "Lieuwenburg", "straatNr": "116", "postcode": "8925 CL", "plaats": "Leeuwarden", "merk": "StatiegeldNederland", "puntType": "automaat", "materialen": ["pet-groot", "pet-klein", "blik", "glas", "krat"], "uitbetaling": ["bonnetje", "donatie"], "vrijToegankelijk": true, "gemeenteBeperking": null, "openingstijden": {"ma": "08:00–22:00", "di": "08:00–22:00", "wo": "08:00–22:00", "do": "08:00–22:00", "vr": "08:00–22:00", "za": "08:00–22:00", "zo": "09:00–18:00"}, "latitude": 53.211061, "longitude": 5.8387124, "bronId": "252472"}}, {"type": "Feature", "geometry": {"type": "Point", "coordinates": [5.792172, 53.199133]}, "properties": {"type": "inleverpunt", "locatieNaam": "Albert Heijn", "straatNaam": "Prins Hendrikstraat", "straatNr": "2A-4", "postcode": "8911 BK", "plaats": "Leeuwarden", "merk": "StatiegeldNederland", "puntType": "automaat", "materialen": ["pet-groot", "pet-klein", "blik", "glas", "krat"], "uitbetaling": ["bonnetje", "donatie"], "vrijToegankelijk": true, "gemeenteBeperking": null, "openingstijden": {"ma": "09:00–22:00", "di": "09:00–22:00", "wo": "09:00–22:00", "do": "09:00–22:00", "vr": "09:00–22:00", "za": "09:00–22:00", "zo": "10:00–18:00"}, "latitude": 53.199133, "longitude": 5.792172, "bronId": "252647"}}, {"type": "Feature", "geometry": {"type": "Point", "coordinates": [5.7988145, 53.1942802]}, "properties": {"type": "inleverpunt", "locatieNaam": "Albert Heijn", "straatNaam": "Schrans", "straatNr": "121-125", "postcode": "8932 ND", "plaats": "Leeuwarden", "merk": "StatiegeldNederland", "puntType": "automaat", "materialen": ["pet-groot", "pet-klein", "blik", "glas", "krat"], "uitbetaling": ["bonnetje", "donatie"], "vrijToegankelijk": true, "gemeenteBeperking": null, "openingstijden": {"ma": "08:00–22:00", "di": "08:00–22:00", "wo": "08:00–22:00", "do": "08:00–22:00", "vr": "08:00–22:00", "za": "08:00–22:00", "zo": "09:00–18:00"}, "latitude": 53.1942802, "longitude": 5.7988145, "bronId": "252721"}}, {"type": "Feature", "geometry": {"type": "Point", "coordinates": [5.782712, 53.198649]}, "properties": {"type": "inleverpunt", "locatieNaam": "Albert Heijn", "straatNaam": "Tesselschadestraat", "straatNr": "23", "postcode": "8913 HA", "plaats": "Leeuwarden", "merk": "StatiegeldNederland", "puntType": "automaat", "materialen": ["pet-groot", "pet-klein", "blik", "glas", "krat"], "uitbetaling": ["bonnetje", "donatie"], "vrijToegankelijk": true, "gemeenteBeperking": null, "openingstijden": {"ma": "08:00–22:00", "di": "08:00–22:00", "wo": "08:00–22:00", "do": "08:00–22:00", "vr": "08:00–22:00", "za": "08:00–22:00", "zo": "09:00–18:00"}, "latitude": 53.198649, "longitude": 5.782712, "bronId": "252803"}}, {"type": "Feature", "geometry": {"type": "Point", "coordinates": [5.8172621, 53.1916618]}, "properties": {"type": "inleverpunt", "locatieNaam": "Albert Heijn", "straatNaam": "Tijnjedijk", "straatNr": "76", "postcode": "8936 AD", "plaats": "Leeuwarden", "merk": "StatiegeldNederland", "puntType": "automaat", "materialen": ["pet-groot", "pet-klein", "blik", "glas", "krat"], "uitbetaling": ["bonnetje", "donatie"], "vrijToegankelijk": true, "gemeenteBeperking": null, "openingstijden": {"ma": "08:00–22:00", "di": "08:00–22:00", "wo": "08:00–22:00", "do": "08:00–22:00", "vr": "08:00–22:00", "za": "08:00–22:00", "zo": "09:00–18:00"}, "latitude": 53.1916618, "longitude": 5.8172621, "bronId": "252811"}}, {"type": "Feature", "geometry": {"type": "Point", "coordinates": [5.7649948, 53.2567515]}, "properties": {"type": "inleverpunt", "locatieNaam": "Albert Heijn", "straatNaam": "Wythusterwei", "straatNr": "12", "postcode": "9051 EJ", "plaats": "Stiens", "merk": "StatiegeldNederland", "puntType": "automaat", "materialen": ["pet-groot", "pet-klein", "blik", "glas", "krat"], "uitbetaling": ["bonnetje"], "vrijToegankelijk": true, "gemeenteBeperking": null, "openingstijden": {"ma": "08:00–21:00", "di": "08:00–21:00", "wo": "08:00–21:00", "do": "08:00–21:00", "vr": "08:00–21:00", "za": "08:00–21:00", "zo": "10:00–18:00"}, "latitude": 53.2567515, "longitude": 5.7649948, "bronId": "252943"}}, {"type": "Feature", "geometry": {"type": "Point", "coordinates": [5.797144, 53.215472]}, "properties": {"type": "inleverpunt", "locatieNaam": "Aldi", "straatNaam": "Bilgaardpassage", "straatNr": "41", "postcode": "8918 HT", "plaats": "Leeuwarden", "merk": "StatiegeldNederland", "puntType": "automaat", "materialen": ["pet-groot", "pet-klein", "blik", "glas", "krat"], "uitbetaling": ["bonnetje"], "vrijToegankelijk": true, "gemeenteBeperking": null, "openingstijden": {"ma": "08:00–21:00", "di": "08:00–21:00", "wo": "08:00–21:00", "do": "08:00–21:00", "vr": "08:00–21:00", "za": "08:00–20:00", "zo": "10:00–18:00"}, "latitude": 53.215472, "longitude": 5.797144, "bronId": "253018"}}, {"type": "Feature", "geometry": {"type": "Point", "coordinates": [5.7590141, 53.2624758]}, "properties": {"type": "inleverpunt", "locatieNaam": "Aldi", "straatNaam": "Buterhoek", "straatNr": "6", "postcode": "9051 BW", "plaats": "Stiens", "merk": "StatiegeldNederland", "puntType": "automaat", "materialen": ["pet-groot", "pet-klein", "blik", "glas", "krat"], "uitbetaling": ["bonnetje"], "vrijToegankelijk": true, "gemeenteBeperking": null, "openingstijden": {"ma": "08:00–20:00", "di": "08:00–20:00", "wo": "08:00–20:00", "do": "08:00–20:00", "vr": "08:00–20:00", "za": "08:00–20:00", "zo": "12:00–18:00"}, "latitude": 53.2624758, "longitude": 5.7590141, "bronId": "253044"}}, {"type": "Feature", "geometry": {"type": "Point", "coordinates": [5.8227497, 53.2022718]}, "properties": {"type": "inleverpunt", "locatieNaam": "Aldi", "straatNaam": "De Centrale", "straatNr": "39B", "postcode": "8924 CZ", "plaats": "Leeuwarden", "merk": "StatiegeldNederland", "puntType": "automaat", "materialen": ["pet-groot", "pet-klein", "blik", "glas", "krat"], "uitbetaling": ["bonnetje"], "vrijToegankelijk": true, "gemeenteBeperking": null, "openingstijden": {"ma": "08:00–21:00", "di": "08:00–21:00", "wo": "08:00–21:00", "do": "08:00–21:00", "vr": "08:00–21:00", "za": "08:00–20:00", "zo": "10:00–18:00"}, "latitude": 53.2022718, "longitude": 5.8227497, "bronId": "253058"}}, {"type": "Feature", "geometry": {"type": "Point", "coordinates": [5.7718164, 53.2016728]}, "properties": {"type": "inleverpunt", "locatieNaam": "Aldi", "straatNaam": "Stadionplein", "straatNr": "5", "postcode": "8914 BC", "plaats": "Leeuwarden", "merk": "StatiegeldNederland", "puntType": "automaat", "materialen": ["pet-groot", "pet-klein", "blik", "glas", "krat"], "uitbetaling": ["bonnetje"], "vrijToegankelijk": true, "gemeenteBeperking": null, "openingstijden": {"ma": "08:00–21:00", "di": "08:00–21:00", "wo": "08:00–21:00", "do": "08:00–21:00", "vr": "08:00–21:00", "za": "08:00–20:00", "zo": "10:00–18:00"}, "latitude": 53.2016728, "longitude": 5.7718164, "bronId": "253372"}}, {"type": "Feature", "geometry": {"type": "Point", "coordinates": [5.8175843, 53.1915011]}, "properties": {"type": "inleverpunt", "locatieNaam": "Aldi", "straatNaam": "Tijnjedijk", "straatNr": "76F", "postcode": "8936 AD", "plaats": "Leeuwarden", "merk": "StatiegeldNederland", "puntType": "automaat", "materialen": ["pet-groot", "pet-klein", "blik", "glas", "krat"], "uitbetaling": ["bonnetje"], "vrijToegankelijk": true, "gemeenteBeperking": null, "openingstijden": {"ma": "08:00–21:00", "di": "08:00–21:00", "wo": "08:00–21:00", "do": "08:00–21:00", "vr": "08:00–21:00", "za": "08:00–20:00", "zo": "10:00–18:00"}, "latitude": 53.1915011, "longitude": 5.8175843, "bronId": "253387"}}, {"type": "Feature", "geometry": {"type": "Point", "coordinates": [5.7686463, 53.2048934]}, "properties": {"type": "inleverpunt", "locatieNaam": "Appel 2573 - Wetterskip", "straatNaam": "Fryslanplein", "straatNr": "3", "postcode": "8914 BZ", "plaats": "Leeuwarden", "merk": "StatiegeldNederland", "puntType": "balie", "materialen": ["pet-groot", "pet-klein", "blik"], "uitbetaling": [], "vrijToegankelijk": true, "gemeenteBeperking": null, "openingstijden": {"ma": "08:30–17:00", "di": "08:30–17:00", "wo": "08:30–17:00", "do": "08:30–17:00", "vr": "08:30–17:00", "za": "Gesloten", "zo": "Gesloten"}, "latitude": 53.2048934, "longitude": 5.7686463, "bronId": "253583"}}, {"type": "Feature", "geometry": {"type": "Point", "coordinates": [5.7983254, 53.1941963]}, "properties": {"type": "inleverpunt", "locatieNaam": "Medikamente die Grenze", "straatNaam": "Schrans", "straatNr": "84", "postcode": "8932 NH", "plaats": "Leeuwarden", "merk": "StatiegeldNederland", "puntType": "automaat", "materialen": ["pet-groot", "pet-klein", "blik"], "uitbetaling": ["bonnetje"], "vrijToegankelijk": true, "gemeenteBeperking": null, "openingstijden": null, "latitude": 53.1941963, "longitude": 5.7983254, "bronId": "256737"}}, {"type": "Feature", "geometry": {"type": "Point", "coordinates": [5.8829612, 53.2163202]}, "properties": {"type": "inleverpunt", "locatieNaam": "AquaZoo Leeuwarden", "straatNaam": "De Groene Ster", "straatNr": "2", "postcode": "8926 XE", "plaats": "Leeuwarden", "merk": "StatiegeldNederland", "puntType": "automaat", "materialen": ["pet-groot", "pet-klein", "blik"], "uitbetaling": ["bonnetje", "donatie", "tikkie"], "vrijToegankelijk": false, "gemeenteBeperking": null, "openingstijden": null, "latitude": 53.2163202, "longitude": 5.8829612, "bronId": "253749"}}, {"type": "Feature", "geometry": {"type": "Point", "coordinates": [5.795396, 53.215403]}, "properties": {"type": "inleverpunt", "locatieNaam": "BudgetFood", "straatNaam": "Bilgaardpassage", "straatNr": "31", "postcode": "8918 HR", "plaats": "Leeuwarden", "merk": "StatiegeldNederland", "puntType": "automaat", "materialen": ["pet-groot", "pet-klein", "blik"], "uitbetaling": ["bonnetje", "donatie"], "vrijToegankelijk": true, "gemeenteBeperking": null, "openingstijden": null, "latitude": 53.215403, "longitude": 5.795396, "bronId": "253922"}}, {"type": "Feature", "geometry": {"type": "Point", "coordinates": [5.8209253, 53.1783564]}, "properties": {"type": "inleverpunt", "locatieNaam": "C.v.v. Blauw Wit 34", "straatNaam": "Ublingaplantage", "straatNr": "4", "postcode": "8939 EZ", "plaats": "Leeuwarden", "merk": "StatiegeldNederland", "puntType": "balie", "materialen": ["pet-groot", "pet-klein", "blik"], "uitbetaling": [], "vrijToegankelijk": false, "gemeenteBeperking": null, "openingstijden": null, "latitude": 53.1783564, "longitude": 5.8209253, "bronId": "253974"}}, {"type": "Feature", "geometry": {"type": "Point", "coordinates": [5.8031021, 53.1494486]}, "properties": {"type": "inleverpunt", "locatieNaam": "Centerrr Wirdum B.v.", "straatNaam": "Greate Buorren", "straatNr": "9", "postcode": "9088 AD", "plaats": "Wirdum", "merk": "StatiegeldNederland", "puntType": "balie", "materialen": ["pet-groot", "pet-klein", "blik"], "uitbetaling": [], "vrijToegankelijk": true, "gemeenteBeperking": null, "openingstijden": {"ma": "08:30–18:00", "di": "08:30–18:00", "wo": "08:30–18:00", "do": "08:30–18:00", "vr": "08:30–18:00", "za": "08:30–16:00", "zo": "Gesloten"}, "latitude": 53.1494486, "longitude": 5.8031021, "bronId": "254003"}}, {"type": "Feature", "geometry": {"type": "Point", "coordinates": [5.7937549, 53.1992489]}, "properties": {"type": "inleverpunt", "locatieNaam": "Cg 1767 Rechtbank Leeuwarden", "straatNaam": "Zaailand", "straatNr": "102", "postcode": "8911 BN", "plaats": "Leeuwarden", "merk": "StatiegeldNederland", "puntType": "balie", "materialen": ["pet-groot", "pet-klein", "blik"], "uitbetaling": [], "vrijToegankelijk": true, "gemeenteBeperking": null, "openingstijden": {"ma": "08:30–17:00", "di": "08:30–17:00", "wo": "08:30–17:00", "do": "08:30–17:00", "vr": "08:30–17:00", "za": "Gesloten", "zo": "Gesloten"}, "latitude": 53.1992489, "longitude": 5.7937549, "bronId": "254069"}}, {"type": "Feature", "geometry": {"type": "Point", "coordinates": [5.803088, 53.1494786]}, "properties": {"type": "inleverpunt", "locatieNaam": "Centerrr Wirdum", "straatNaam": "Greate Buorren", "straatNr": "9", "postcode": "9088 AD", "plaats": "Wirdum", "merk": "StatiegeldNederland", "puntType": "automaat", "materialen": ["pet-groot", "pet-klein", "blik"], "uitbetaling": ["bonnetje"], "vrijToegankelijk": true, "gemeenteBeperking": null, "openingstijden": {"ma": "Gesloten", "di": "08:00–16:00", "wo": "08:00–16:00", "do": "08:00–16:00", "vr": "08:00–16:00", "za": "08:00–13:30", "zo": "Gesloten"}, "latitude": 53.1494786, "longitude": 5.803088, "bronId": "254108"}}, {"type": "Feature", "geometry": {"type": "Point", "coordinates": [5.777355, 53.1899712]}, "properties": {"type": "inleverpunt", "locatieNaam": "Csv De Leeuwarder Zwaluwen", "straatNaam": "Middelzeelaan", "straatNr": "18a", "postcode": "8931 AK", "plaats": "Leeuwarden", "merk": "StatiegeldNederland", "puntType": "balie", "materialen": ["pet-groot", "pet-klein", "blik"], "uitbetaling": [], "vrijToegankelijk": false, "gemeenteBeperking": null, "openingstijden": null, "latitude": 53.1899712, "longitude": 5.777355, "bronId": "254213"}}, {"type": "Feature", "geometry": {"type": "Point", "coordinates": [5.8038079, 53.187263]}, "properties": {"type": "inleverpunt", "locatieNaam": "Dhmo Esso Aldlan", "straatNaam": "Aldlansdijk", "straatNr": "5", "postcode": "8934 AA", "plaats": "Leeuwarden", "merk": "StatiegeldNederland", "puntType": "balie", "materialen": ["pet-groot", "pet-klein", "blik"], "uitbetaling": [], "vrijToegankelijk": true, "gemeenteBeperking": null, "openingstijden": {"ma": "24 uur geopend", "di": "24 uur geopend", "wo": "24 uur geopend", "do": "24 uur geopend", "vr": "24 uur geopend", "za": "24 uur geopend", "zo": "24 uur geopend"}, "latitude": 53.187263, "longitude": 5.8038079, "bronId": "254419"}}, {"type": "Feature", "geometry": {"type": "Point", "coordinates": [5.8022436, 53.2036272]}, "properties": {"type": "inleverpunt", "locatieNaam": "Ekoplaza", "straatNaam": "AMELANDSTRAAT", "straatNr": "20", "postcode": "8911 KA", "plaats": "Leeuwarden", "merk": "StatiegeldNederland", "puntType": "balie", "materialen": ["pet-groot", "pet-klein", "blik"], "uitbetaling": [], "vrijToegankelijk": true, "gemeenteBeperking": null, "openingstijden": {"ma": "08:30–18:30", "di": "08:30–18:30", "wo": "08:30–18:30", "do": "08:30–18:30", "vr": "08:30–18:30", "za": "08:30–18:30", "zo": "Gesloten"}, "latitude": 53.2036272, "longitude": 5.8022436, "bronId": "254629"}}, {"type": "Feature", "geometry": {"type": "Point", "coordinates": [5.7827232, 53.1899238]}, "properties": {"type": "inleverpunt", "locatieNaam": "Firda mbo-college", "straatNaam": "Julianalaan", "straatNr": "97", "postcode": "8931 AH", "plaats": "Leeuwarden", "merk": "StatiegeldNederland", "puntType": "automaat", "materialen": ["pet-klein", "blik"], "uitbetaling": ["donatie"], "vrijToegankelijk": false, "gemeenteBeperking": null, "openingstijden": null, "latitude": 53.1899238, "longitude": 5.7827232, "bronId": "254784"}}, {"type": "Feature", "geometry": {"type": "Point", "coordinates": [5.8330886, 53.2038615]}, "properties": {"type": "inleverpunt", "locatieNaam": "Firda Noord", "straatNaam": "Wilaarderburen", "straatNr": "1", "postcode": "8924 JK", "plaats": "Leeuwarden", "merk": "StatiegeldNederland", "puntType": "automaat", "materialen": ["pet-klein", "blik"], "uitbetaling": ["donatie", "tikkie"], "vrijToegankelijk": true, "gemeenteBeperking": null, "openingstijden": null, "latitude": 53.2038615, "longitude": 5.8330886, "bronId": "254785"}}, {"type": "Feature", "geometry": {"type": "Point", "coordinates": [5.7682642, 53.1997997]}, "properties": {"type": "inleverpunt", "locatieNaam": "Firda Noord/Cambuur", "straatNaam": "Stadionplein", "straatNr": "23", "postcode": "8914 BX", "plaats": "Leeuwarden", "merk": "StatiegeldNederland", "puntType": "automaat", "materialen": ["pet-klein", "blik"], "uitbetaling": ["donatie", "tikkie"], "vrijToegankelijk": true, "gemeenteBeperking": null, "openingstijden": {"ma": "09:00–18:00", "di": "09:00–18:00", "wo": "09:00–18:00", "do": "09:00–18:00", "vr": "09:00–20:00", "za": "09:00–18:00", "zo": "12:00–17:00"}, "latitude": 53.1997997, "longitude": 5.7682642, "bronId": "254787"}}, {"type": "Feature", "geometry": {"type": "Point", "coordinates": [5.7675441, 53.200533]}, "properties": {"type": "inleverpunt", "locatieNaam": "Gang van Zaken-Kooi Stadion", "straatNaam": "Stadionplein", "straatNr": "15d", "postcode": "8914 BX", "plaats": "Leeuwarden", "merk": "StatiegeldNederland", "puntType": "automaat", "materialen": ["pet-klein", "blik"], "uitbetaling": ["donatie", "tikkie"], "vrijToegankelijk": true, "gemeenteBeperking": null, "openingstijden": {"ma": "08:00–18:00", "di": "08:00–18:00", "wo": "08:00–18:00", "do": "08:00–18:00", "vr": "08:00–19:00", "za": "08:00–18:00", "zo": "09:00–18:00"}, "latitude": 53.200533, "longitude": 5.7675441, "bronId": "254828"}}, {"type": "Feature", "geometry": {"type": "Point", "coordinates": [5.81341, 53.205165]}, "properties": {"type": "inleverpunt", "locatieNaam": "Jumbo", "straatNaam": "Cambuurplein", "straatNr": "66", "postcode": "8921 RG", "plaats": "Leeuwarden", "merk": "StatiegeldNederland", "puntType": "automaat", "materialen": ["pet-groot", "pet-klein", "blik", "glas", "krat"], "uitbetaling": ["bonnetje", "donatie"], "vrijToegankelijk": true, "gemeenteBeperking": null, "openingstijden": {"ma": "08:00–21:00", "di": "08:00–21:00", "wo": "08:00–21:00", "do": "08:00–21:00", "vr": "08:00–21:00", "za": "08:00–21:00", "zo": "10:00–18:00"}, "latitude": 53.205165, "longitude": 5.81341, "bronId": "255268"}}, {"type": "Feature", "geometry": {"type": "Point", "coordinates": [5.782159, 53.20666]}, "properties": {"type": "inleverpunt", "locatieNaam": "Jumbo", "straatNaam": "Eksterstraat", "straatNr": "32", "postcode": "8916 BV", "plaats": "Leeuwarden", "merk": "StatiegeldNederland", "puntType": "automaat", "materialen": ["pet-groot", "pet-klein", "blik", "glas", "krat"], "uitbetaling": ["bonnetje", "donatie"], "vrijToegankelijk": true, "gemeenteBeperking": null, "openingstijden": {"ma": "08:00–21:00", "di": "08:00–21:00", "wo": "08:00–21:00", "do": "08:00–21:00", "vr": "08:00–21:00", "za": "08:00–21:00", "zo": "12:00–18:00"}, "latitude": 53.20666, "longitude": 5.782159, "bronId": "255350"}}, {"type": "Feature", "geometry": {"type": "Point", "coordinates": [5.801714, 53.205761]}, "properties": {"type": "inleverpunt", "locatieNaam": "Jumbo", "straatNaam": "Hoeksterpad", "straatNr": "1", "postcode": "8911 JV", "plaats": "Leeuwarden", "merk": "StatiegeldNederland", "puntType": "automaat", "materialen": ["pet-groot", "pet-klein", "blik", "glas", "krat"], "uitbetaling": ["bonnetje", "donatie"], "vrijToegankelijk": true, "gemeenteBeperking": null, "openingstijden": {"ma": "08:00–21:00", "di": "08:00–21:00", "wo": "08:00–21:00", "do": "08:00–21:00", "vr": "08:00–21:00", "za": "08:00–21:00", "zo": "09:00–18:00"}, "latitude": 53.205761, "longitude": 5.801714, "bronId": "255424"}}, {"type": "Feature", "geometry": {"type": "Point", "coordinates": [5.813789, 53.215068]}, "properties": {"type": "inleverpunt", "locatieNaam": "Jumbo", "straatNaam": "Johannes Kolfplein", "straatNr": "1", "postcode": "8923 CX", "plaats": "Leeuwarden", "merk": "StatiegeldNederland", "puntType": "automaat", "materialen": ["pet-groot", "pet-klein", "blik", "glas", "krat"], "uitbetaling": ["bonnetje", "donatie"], "vrijToegankelijk": true, "gemeenteBeperking": null, "openingstijden": {"ma": "08:00–21:00", "di": "08:00–21:00", "wo": "08:00–21:00", "do": "08:00–21:00", "vr": "08:00–21:00", "za": "08:00–21:00", "zo": "10:00–18:00"}, "latitude": 53.215068, "longitude": 5.813789, "bronId": "255458"}}, {"type": "Feature", "geometry": {"type": "Point", "coordinates": [5.824342, 53.179247]}, "properties": {"type": "inleverpunt", "locatieNaam": "Jumbo", "straatNaam": "Kruisdobbe", "straatNr": "4", "postcode": "8939 BB", "plaats": "Leeuwarden", "merk": "StatiegeldNederland", "puntType": "automaat", "materialen": ["pet-groot", "pet-klein", "blik", "glas", "krat"], "uitbetaling": ["bonnetje"], "vrijToegankelijk": true, "gemeenteBeperking": null, "openingstijden": {"ma": "08:00–21:00", "di": "08:00–21:00", "wo": "08:00–21:00", "do": "08:00–21:00", "vr": "08:00–21:00", "za": "08:00–21:00", "zo": "09:00–18:00"}, "latitude": 53.179247, "longitude": 5.824342, "bronId": "255508"}}, {"type": "Feature", "geometry": {"type": "Point", "coordinates": [5.758061, 53.262826]}, "properties": {"type": "inleverpunt", "locatieNaam": "Jumbo", "straatNaam": "St. Vitusplein 3 -", "straatNr": "5", "postcode": "9051 BT", "plaats": "Stiens", "merk": "StatiegeldNederland", "puntType": "automaat", "materialen": ["pet-groot", "pet-klein", "blik", "glas", "krat"], "uitbetaling": ["bonnetje"], "vrijToegankelijk": true, "gemeenteBeperking": null, "openingstijden": {"ma": "08:00–20:00", "di": "08:00–20:00", "wo": "08:00–20:00", "do": "08:00–21:00", "vr": "08:00–21:00", "za": "08:00–20:00", "zo": "10:00–18:00"}, "latitude": 53.262826, "longitude": 5.758061, "bronId": "255763"}}, {"type": "Feature", "geometry": {"type": "Point", "coordinates": [5.772294, 53.2017517]}, "properties": {"type": "inleverpunt", "locatieNaam": "Jumbo", "straatNaam": "Stadionplein", "straatNr": "3", "postcode": "8914 BX", "plaats": "Leeuwarden", "merk": "StatiegeldNederland", "puntType": "automaat", "materialen": ["pet-groot", "pet-klein", "blik", "glas", "krat"], "uitbetaling": ["bonnetje", "donatie"], "vrijToegankelijk": true, "gemeenteBeperking": null, "openingstijden": {"ma": "08:00–21:00", "di": "08:00–21:00", "wo": "08:00–21:00", "do": "08:00–21:00", "vr": "08:00–21:00", "za": "08:00–21:00", "zo": "09:00–18:00"}, "latitude": 53.2017517, "longitude": 5.772294, "bronId": "255764"}}, {"type": "Feature", "geometry": {"type": "Point", "coordinates": [5.830876, 53.094319]}, "properties": {"type": "inleverpunt", "locatieNaam": "Jumbo", "straatNaam": "Stationsweg", "straatNr": "38F", "postcode": "9001 EH", "plaats": "Grou", "merk": "StatiegeldNederland", "puntType": "automaat", "materialen": ["pet-groot", "pet-klein", "blik", "glas", "krat"], "uitbetaling": ["bonnetje", "donatie"], "vrijToegankelijk": true, "gemeenteBeperking": null, "openingstijden": {"ma": "08:00–21:00", "di": "08:00–21:00", "wo": "08:00–21:00", "do": "08:00–21:00", "vr": "08:00–21:00", "za": "08:00–21:00", "zo": "10:00–18:00"}, "latitude": 53.094319, "longitude": 5.830876, "bronId": "255781"}}, {"type": "Feature", "geometry": {"type": "Point", "coordinates": [5.783758, 53.194008]}, "properties": {"type": "inleverpunt", "locatieNaam": "Jumbo", "straatNaam": "Van Loonstraat", "straatNr": "112", "postcode": "8932 AV", "plaats": "Leeuwarden", "merk": "StatiegeldNederland", "puntType": "automaat", "materialen": ["pet-groot", "pet-klein", "blik", "glas", "krat"], "uitbetaling": ["bonnetje", "donatie"], "vrijToegankelijk": true, "gemeenteBeperking": null, "openingstijden": {"ma": "08:00–21:00", "di": "08:00–21:00", "wo": "08:00–21:00", "do": "08:00–21:00", "vr": "08:00–21:00", "za": "08:00–21:00", "zo": "09:00–18:00"}, "latitude": 53.194008, "longitude": 5.783758, "bronId": "255810"}}, {"type": "Feature", "geometry": {"type": "Point", "coordinates": [5.827199, 53.2144105]}, "properties": {"type": "inleverpunt", "locatieNaam": "Korfbalvereniging Leeuwarden", "straatNaam": "Kalverdijkje", "straatNr": "82", "postcode": "8924 JJ", "plaats": "Leeuwarden", "merk": "StatiegeldNederland", "puntType": "balie", "materialen": ["pet-groot", "pet-klein", "blik"], "uitbetaling": [], "vrijToegankelijk": false, "gemeenteBeperking": null, "openingstijden": null, "latitude": 53.2144105, "longitude": 5.827199, "bronId": "255937"}}, {"type": "Feature", "geometry": {"type": "Point", "coordinates": [5.7769588, 53.2145295]}, "properties": {"type": "inleverpunt", "locatieNaam": "L.A.C. Frisia 1883", "straatNaam": "Magere Weide", "straatNr": "9", "postcode": "8915 AV", "plaats": "Leeuwarden", "merk": "StatiegeldNederland", "puntType": "automaat", "materialen": ["pet-groot", "pet-klein", "blik"], "uitbetaling": ["donatie", "tikkie"], "vrijToegankelijk": true, "gemeenteBeperking": null, "openingstijden": {"ma": "08:00–21:00", "di": "08:00–21:00", "wo": "08:00–21:00", "do": "08:00–21:00", "vr": "08:00–21:00", "za": "10:00–18:00", "zo": "10:00–18:00"}, "latitude": 53.2145295, "longitude": 5.7769588, "bronId": "255993"}}, {"type": "Feature", "geometry": {"type": "Point", "coordinates": [5.7738485, 53.1902142]}, "properties": {"type": "inleverpunt", "locatieNaam": "Leeuwarder Korfbalver. Pallas08", "straatNaam": "Middelzeelaan", "straatNr": "22", "postcode": "8931 AK", "plaats": "Leeuwarden", "merk": "StatiegeldNederland", "puntType": "balie", "materialen": ["pet-groot", "pet-klein", "blik"], "uitbetaling": [], "vrijToegankelijk": false, "gemeenteBeperking": null, "openingstijden": null, "latitude": 53.1902142, "longitude": 5.7738485, "bronId": "256030"}}, {"type": "Feature", "geometry": {"type": "Point", "coordinates": [5.7760609, 53.1924735]}, "properties": {"type": "inleverpunt", "locatieNaam": "Leeuwarder Voetbalver. Friesland", "straatNaam": "Middelzeelaan", "straatNr": "6", "postcode": "8931 AK", "plaats": "Leeuwarden", "merk": "StatiegeldNederland", "puntType": "balie", "materialen": ["pet-groot", "pet-klein", "blik"], "uitbetaling": [], "vrijToegankelijk": false, "gemeenteBeperking": null, "openingstijden": {"ma": "24 uur geopend", "di": "24 uur geopend", "wo": "24 uur geopend", "do": "24 uur geopend", "vr": "Gesloten", "za": "Gesloten", "zo": "Gesloten"}, "latitude": 53.1924735, "longitude": 5.7760609, "bronId": "256032"}}, {"type": "Feature", "geometry": {"type": "Point", "coordinates": [5.81437, 53.21294]}, "properties": {"type": "inleverpunt", "locatieNaam": "Lidl", "straatNaam": "Elzenstraat", "straatNr": "1", "postcode": "8924 JN", "plaats": "Leeuwarden", "merk": "StatiegeldNederland", "puntType": "automaat", "materialen": ["pet-groot", "pet-klein", "blik", "glas", "krat"], "uitbetaling": ["bonnetje", "donatie"], "vrijToegankelijk": true, "gemeenteBeperking": null, "openingstijden": {"ma": "07:00–22:00", "di": "07:00–22:00", "wo": "07:00–22:00", "do": "07:00–22:00", "vr": "07:00–22:00", "za": "07:00–22:00", "zo": "09:00–18:00"}, "latitude": 53.21294, "longitude": 5.81437, "bronId": "256144"}}, {"type": "Feature", "geometry": {"type": "Point", "coordinates": [5.83238, 53.0945]}, "properties": {"type": "inleverpunt", "locatieNaam": "Lidl", "straatNaam": "J.W. de Visserwei", "straatNr": "1", "postcode": "9001 ZE", "plaats": "Grou", "merk": "StatiegeldNederland", "puntType": "automaat", "materialen": ["pet-groot", "pet-klein", "blik", "glas", "krat"], "uitbetaling": ["bonnetje", "donatie"], "vrijToegankelijk": true, "gemeenteBeperking": null, "openingstijden": {"ma": "08:00–21:00", "di": "08:00–21:00", "wo": "08:00–21:00", "do": "08:00–21:00", "vr": "08:00–21:00", "za": "08:00–21:00", "zo": "10:00–18:00"}, "latitude": 53.0945, "longitude": 5.83238, "bronId": "256213"}}, {"type": "Feature", "geometry": {"type": "Point", "coordinates": [5.7930987, 53.1721988]}, "properties": {"type": "inleverpunt", "locatieNaam": "Lidl", "straatNaam": "Molkenkelder", "straatNr": "55", "postcode": "8941 AG", "plaats": "Leeuwarden", "merk": "StatiegeldNederland", "puntType": "automaat", "materialen": ["pet-groot", "pet-klein", "blik", "glas", "krat"], "uitbetaling": ["bonnetje", "donatie"], "vrijToegankelijk": true, "gemeenteBeperking": null, "openingstijden": {"ma": "07:00–22:00", "di": "07:00–22:00", "wo": "07:00–22:00", "do": "07:00–22:00", "vr": "07:00–22:00", "za": "07:00–22:00", "zo": "09:00–18:00"}, "latitude": 53.1721988, "longitude": 5.7930987, "bronId": "256292"}}, {"type": "Feature", "geometry": {"type": "Point", "coordinates": [5.75857, 53.25841]}, "properties": {"type": "inleverpunt", "locatieNaam": "Lidl", "straatNaam": "Uniawei", "straatNr": "2", "postcode": "9051 BC", "plaats": "Stiens", "merk": "StatiegeldNederland", "puntType": "automaat", "materialen": ["pet-groot", "pet-klein", "blik", "glas", "krat"], "uitbetaling": ["bonnetje", "donatie"], "vrijToegankelijk": true, "gemeenteBeperking": null, "openingstijden": {"ma": "08:00–20:00", "di": "08:00–20:00", "wo": "08:00–20:00", "do": "08:00–21:00", "vr": "08:00–21:00", "za": "08:00–21:00", "zo": "10:00–18:00"}, "latitude": 53.25841, "longitude": 5.75857, "bronId": "256421"}}, {"type": "Feature", "geometry": {"type": "Point", "coordinates": [5.78991, 53.18522]}, "properties": {"type": "inleverpunt", "locatieNaam": "Lidl", "straatNaam": "Willem Alexanderplein", "straatNr": "1", "postcode": "8921 RG", "plaats": "Leeuwarden", "merk": "StatiegeldNederland", "puntType": "automaat", "materialen": ["pet-groot", "pet-klein", "blik", "glas", "krat"], "uitbetaling": ["bonnetje"], "vrijToegankelijk": true, "gemeenteBeperking": null, "openingstijden": {"ma": "08:00–20:00", "di": "08:00–20:00", "wo": "08:00–20:00", "do": "08:00–21:00", "vr": "08:00–21:00", "za": "08:00–20:00", "zo": "10:00–18:00"}, "latitude": 53.18522, "longitude": 5.78991, "bronId": "256469"}}, {"type": "Feature", "geometry": {"type": "Point", "coordinates": [5.7825136, 53.2089729]}, "properties": {"type": "inleverpunt", "locatieNaam": "Lkc Sonnenborgh", "straatNaam": "Bachstraat", "straatNr": "16", "postcode": "8916 ET", "plaats": "Leeuwarden", "merk": "StatiegeldNederland", "puntType": "balie", "materialen": ["pet-groot", "pet-klein", "blik"], "uitbetaling": [], "vrijToegankelijk": false, "gemeenteBeperking": null, "openingstijden": null, "latitude": 53.2089729, "longitude": 5.7825136, "bronId": "256492"}}, {"type": "Feature", "geometry": {"type": "Point", "coordinates": [5.8565382, 53.1961109]}, "properties": {"type": "inleverpunt", "locatieNaam": "Makro", "straatNaam": "Hidalgoweg", "straatNr": "2", "postcode": "8938 BA", "plaats": "Leeuwarden", "merk": "StatiegeldNederland", "puntType": "automaat", "materialen": ["pet-groot", "pet-klein", "blik", "krat"], "uitbetaling": ["tikkie"], "vrijToegankelijk": true, "gemeenteBeperking": null, "openingstijden": {"ma": "09:00–18:00", "di": "09:00–18:00", "wo": "09:00–21:00", "do": "09:00–21:00", "vr": "09:00–21:00", "za": "09:00–18:00", "zo": "12:00–17:00"}, "latitude": 53.1961109, "longitude": 5.8565382, "bronId": "256529"}}, {"type": "Feature", "geometry": {"type": "Point", "coordinates": [5.7971493, 53.2103451]}, "properties": {"type": "inleverpunt", "locatieNaam": "NHL Stenden Hogeschool", "straatNaam": "Rengerslaan", "straatNr": "8", "postcode": "8917 DD", "plaats": "Leeuwarden", "merk": "StatiegeldNederland", "puntType": "automaat", "materialen": ["pet-groot", "pet-klein", "blik"], "uitbetaling": ["bonnetje", "donatie", "tikkie"], "vrijToegankelijk": true, "gemeenteBeperking": null, "openingstijden": null, "latitude": 53.2103451, "longitude": 5.7971493, "bronId": "256931"}}, {"type": "Feature", "geometry": {"type": "Point", "coordinates": [5.7980072, 53.192789]}, "properties": {"type": "inleverpunt", "locatieNaam": "Odin Leeuwarden", "straatNaam": "Verlengde Schrans", "straatNr": "14", "postcode": "8932 NN", "plaats": "Leeuwarden", "merk": "StatiegeldNederland", "puntType": "balie", "materialen": ["pet-groot", "pet-klein", "blik"], "uitbetaling": [], "vrijToegankelijk": true, "gemeenteBeperking": null, "openingstijden": {"ma": "08:00–18:00", "di": "08:00–18:00", "wo": "08:00–18:00", "do": "08:00–18:00", "vr": "08:00–18:00", "za": "08:30–17:30", "zo": "Gesloten"}, "latitude": 53.192789, "longitude": 5.7980072, "bronId": "256976"}}, {"type": "Feature", "geometry": {"type": "Point", "coordinates": [5.7915767, 53.1998941]}, "properties": {"type": "inleverpunt", "locatieNaam": "Pathe Leeuwarden", "straatNaam": "Ruiterskwartier", "straatNr": "6a", "postcode": "8911 BH", "plaats": "Leeuwarden", "merk": "StatiegeldNederland", "puntType": "automaat", "materialen": ["pet-groot", "pet-klein", "blik"], "uitbetaling": ["donatie", "tikkie"], "vrijToegankelijk": false, "gemeenteBeperking": null, "openingstijden": null, "latitude": 53.1998941, "longitude": 5.7915767, "bronId": "257142"}}, {"type": "Feature", "geometry": {"type": "Point", "coordinates": [5.7188889, 53.1302778]}, "properties": {"type": "inleverpunt", "locatieNaam": "Poiesz", "straatNaam": "De Dobbe", "straatNr": "1", "postcode": "9022 BE", "plaats": "Mantgum", "merk": "StatiegeldNederland", "puntType": "automaat", "materialen": ["pet-groot", "pet-klein", "blik", "glas", "krat"], "uitbetaling": ["bonnetje", "donatie"], "vrijToegankelijk": true, "gemeenteBeperking": null, "openingstijden": {"ma": "08:00–20:00", "di": "08:00–20:00", "wo": "08:00–20:00", "do": "08:00–21:00", "vr": "08:00–21:00", "za": "08:00–20:00", "zo": "10:00–18:00"}, "latitude": 53.1302778, "longitude": 5.7188889, "bronId": "257623"}}, {"type": "Feature", "geometry": {"type": "Point", "coordinates": [5.8399465, 53.2109017]}, "properties": {"type": "inleverpunt", "locatieNaam": "Poiesz", "straatNaam": "Lieuwenburg", "straatNr": "165", "postcode": "8925 CJ", "plaats": "Leeuwarden", "merk": "StatiegeldNederland", "puntType": "automaat", "materialen": ["pet-groot", "pet-klein", "blik", "glas", "krat"], "uitbetaling": ["bonnetje", "donatie"], "vrijToegankelijk": true, "gemeenteBeperking": null, "openingstijden": {"ma": "08:00–21:00", "di": "08:00–21:00", "wo": "08:00–21:00", "do": "08:00–21:00", "vr": "08:00–21:00", "za": "08:00–21:00", "zo": "10:00–18:00"}, "latitude": 53.2109017, "longitude": 5.8399465, "bronId": "257663"}}, {"type": "Feature", "geometry": {"type": "Point", "coordinates": [5.8048816, 53.2053159]}, "properties": {"type": "inleverpunt", "locatieNaam": "Poiesz", "straatNaam": "Oostersingel", "straatNr": "78", "postcode": "8921 GB", "plaats": "Leeuwarden (Centrum)", "merk": "StatiegeldNederland", "puntType": "automaat", "materialen": ["pet-groot", "pet-klein", "blik", "glas", "krat"], "uitbetaling": ["bonnetje", "donatie"], "vrijToegankelijk": true, "gemeenteBeperking": null, "openingstijden": {"ma": "08:00–21:00", "di": "08:00–21:00", "wo": "08:00–21:00", "do": "08:00–21:00", "vr": "08:00–21:00", "za": "08:00–21:00", "zo": "10:00–18:00"}, "latitude": 53.2053159, "longitude": 5.8048816, "bronId": "257672"}}, {"type": "Feature", "geometry": {"type": "Point", "coordinates": [5.8399056, 53.0951605]}, "properties": {"type": "inleverpunt", "locatieNaam": "Poiesz", "straatNaam": "Parkstraat", "straatNr": "3", "postcode": "9001 AS", "plaats": "Grou", "merk": "StatiegeldNederland", "puntType": "automaat", "materialen": ["pet-groot", "pet-klein", "blik", "glas", "krat"], "uitbetaling": ["bonnetje", "donatie"], "vrijToegankelijk": true, "gemeenteBeperking": null, "openingstijden": {"ma": "08:00–21:00", "di": "08:00–21:00", "wo": "08:00–21:00", "do": "08:00–21:00", "vr": "08:00–21:00", "za": "08:00–21:00", "zo": "10:00–18:00"}, "latitude": 53.0951605, "longitude": 5.8399056, "bronId": "257675"}}, {"type": "Feature", "geometry": {"type": "Point", "coordinates": [5.7675458, 53.2078657]}, "properties": {"type": "inleverpunt", "locatieNaam": "Poiesz", "straatNaam": "Pieter Sipmawei", "straatNr": "9", "postcode": "8915 DZ", "plaats": "Leeuwarden", "merk": "StatiegeldNederland", "puntType": "automaat", "materialen": ["pet-groot", "pet-klein", "blik", "glas", "krat"], "uitbetaling": ["bonnetje", "donatie"], "vrijToegankelijk": true, "gemeenteBeperking": null, "openingstijden": {"ma": "08:00–21:00", "di": "08:00–21:00", "wo": "08:00–21:00", "do": "08:00–21:00", "vr": "08:00–21:00", "za": "08:00–21:00", "zo": "10:00–18:00"}, "latitude": 53.2078657, "longitude": 5.7675458, "bronId": "257678"}}, {"type": "Feature", "geometry": {"type": "Point", "coordinates": [5.7595143, 53.2584915]}, "properties": {"type": "inleverpunt", "locatieNaam": "Poiesz", "straatNaam": "Uniawei", "straatNr": "4", "postcode": "9051 BC", "plaats": "Stiens", "merk": "StatiegeldNederland", "puntType": "automaat", "materialen": ["pet-groot", "pet-klein", "blik", "glas", "krat"], "uitbetaling": ["bonnetje", "donatie"], "vrijToegankelijk": true, "gemeenteBeperking": null, "openingstijden": {"ma": "08:00–21:00", "di": "08:00–21:00", "wo": "08:00–21:00", "do": "08:00–21:00", "vr": "08:00–21:00", "za": "08:00–21:00", "zo": "10:00–18:00"}, "latitude": 53.2584915, "longitude": 5.7595143, "bronId": "257691"}}, {"type": "Feature", "geometry": {"type": "Point", "coordinates": [5.8199796, 53.2083403]}, "properties": {"type": "inleverpunt", "locatieNaam": "Poiesz", "straatNaam": "Wilgenstraat", "straatNr": "2", "postcode": "8924 EN", "plaats": "Leeuwarden", "merk": "StatiegeldNederland", "puntType": "automaat", "materialen": ["pet-groot", "pet-klein", "blik", "glas", "krat"], "uitbetaling": ["bonnetje", "donatie"], "vrijToegankelijk": true, "gemeenteBeperking": null, "openingstijden": {"ma": "08:00–21:00", "di": "08:00–21:00", "wo": "08:00–21:00", "do": "08:00–21:00", "vr": "08:00–21:00", "za": "08:00–21:00", "zo": "10:00–18:00"}, "latitude": 53.2083403, "longitude": 5.8199796, "bronId": "257699"}}, {"type": "Feature", "geometry": {"type": "Point", "coordinates": [5.8286111, 53.1888889]}, "properties": {"type": "inleverpunt", "locatieNaam": "Poiesz", "straatNaam": "Zevenblad", "straatNr": "12", "postcode": "8935 RK", "plaats": "Leeuwarden", "merk": "StatiegeldNederland", "puntType": "automaat", "materialen": ["pet-groot", "pet-klein", "blik", "glas", "krat"], "uitbetaling": ["bonnetje", "donatie"], "vrijToegankelijk": true, "gemeenteBeperking": null, "openingstijden": {"ma": "08:00–21:00", "di": "08:00–21:00", "wo": "08:00–21:00", "do": "08:00–21:00", "vr": "08:00–21:00", "za": "08:00–21:00", "zo": "10:00–18:00"}, "latitude": 53.1888889, "longitude": 5.8286111, "bronId": "257712"}}, {"type": "Feature", "geometry": {"type": "Point", "coordinates": [5.812008, 53.213124]}, "properties": {"type": "inleverpunt", "locatieNaam": "Shell", "straatNaam": "Prof Mr P S Gerbrandyweg", "straatNr": "62", "postcode": "8923 EH", "plaats": "Leeuwarden", "merk": "StatiegeldNederland", "puntType": "balie", "materialen": ["pet-groot", "pet-klein", "blik"], "uitbetaling": [], "vrijToegankelijk": true, "gemeenteBeperking": null, "openingstijden": {"ma": "24 uur geopend", "di": "24 uur geopend", "wo": "24 uur geopend", "do": "24 uur geopend", "vr": "24 uur geopend", "za": "24 uur geopend", "zo": "24 uur geopend"}, "latitude": 53.213124, "longitude": 5.812008, "bronId": "258145"}}, {"type": "Feature", "geometry": {"type": "Point", "coordinates": [5.8101227, 53.1171797]}, "properties": {"type": "inleverpunt", "locatieNaam": "Shell", "straatNaam": "RW A32 oz", "straatNr": "", "postcode": "9007 XX", "plaats": "Idaerd", "merk": "StatiegeldNederland", "puntType": "balie", "materialen": ["pet-groot", "pet-klein", "blik"], "uitbetaling": [], "vrijToegankelijk": true, "gemeenteBeperking": null, "openingstijden": null, "latitude": 53.1171797, "longitude": 5.8101227, "bronId": "258217"}}, {"type": "Feature", "geometry": {"type": "Point", "coordinates": [5.8342874, 53.2116605]}, "properties": {"type": "inleverpunt", "locatieNaam": "Shell", "straatNaam": "Wismastate", "straatNr": "1", "postcode": "8926 RA", "plaats": "Leeuwarden", "merk": "StatiegeldNederland", "puntType": "balie", "materialen": ["pet-groot", "pet-klein", "blik"], "uitbetaling": [], "vrijToegankelijk": true, "gemeenteBeperking": null, "openingstijden": {"ma": "07:00–23:00", "di": "07:00–23:00", "wo": "07:00–23:00", "do": "07:00–23:00", "vr": "07:00–23:00", "za": "09:00–23:00", "zo": "09:00–23:00"}, "latitude": 53.2116605, "longitude": 5.8342874, "bronId": "258254"}}, {"type": "Feature", "geometry": {"type": "Point", "coordinates": [5.7970909, 53.2006676]}, "properties": {"type": "inleverpunt", "locatieNaam": "Spar", "straatNaam": "Wirdumerdijk", "straatNr": "7", "postcode": "8911 CB", "plaats": "Leeuwarden", "merk": "StatiegeldNederland", "puntType": "automaat", "materialen": ["pet-groot", "pet-klein", "blik", "glas"], "uitbetaling": ["bonnetje", "donatie"], "vrijToegankelijk": true, "gemeenteBeperking": null, "openingstijden": {"ma": "07:00–22:00", "di": "07:00–22:00", "wo": "07:00–22:00", "do": "07:00–22:00", "vr": "07:00–22:00", "za": "07:00–22:00", "zo": "10:00–18:00"}, "latitude": 53.2006676, "longitude": 5.7970909, "bronId": "258494"}}, {"type": "Feature", "geometry": {"type": "Point", "coordinates": [5.7970909, 53.2006676]}, "properties": {"type": "inleverpunt", "locatieNaam": "Spar City", "straatNaam": "WIRDUMERDIJK", "straatNr": "7", "postcode": "8911 CB", "plaats": "Leeuwarden", "merk": "StatiegeldNederland", "puntType": "balie", "materialen": ["pet-groot", "pet-klein", "blik"], "uitbetaling": [], "vrijToegankelijk": true, "gemeenteBeperking": null, "openingstijden": {"ma": "07:00–22:00", "di": "07:00–22:00", "wo": "07:00–22:00", "do": "07:00–22:00", "vr": "07:00–22:00", "za": "07:00–22:00", "zo": "10:00–18:00"}, "latitude": 53.2006676, "longitude": 5.7970909, "bronId": "258529"}}, {"type": "Feature", "geometry": {"type": "Point", "coordinates": [5.7686033, 53.2614613]}, "properties": {"type": "inleverpunt", "locatieNaam": "Sportclub Stiens", "straatNaam": "Ieleane", "straatNr": "26", "postcode": "9051 LP", "plaats": "Stiens", "merk": "StatiegeldNederland", "puntType": "balie", "materialen": ["pet-groot", "pet-klein", "blik"], "uitbetaling": [], "vrijToegankelijk": false, "gemeenteBeperking": null, "openingstijden": {"ma": "Gesloten", "di": "Gesloten", "wo": "20:00–23:00", "do": "20:30–23:30", "vr": "Gesloten", "za": "08:00–19:00", "zo": "Gesloten"}, "latitude": 53.2614613, "longitude": 5.7686033, "bronId": "258635"}}, {"type": "Feature", "geometry": {"type": "Point", "coordinates": [5.793594, 53.2153644]}, "properties": {"type": "inleverpunt", "locatieNaam": "Statiegeld Retourshop", "straatNaam": "Bilgaardpassage", "straatNr": "77", "postcode": "8918 HT", "plaats": "Leeuwarden", "merk": "StatiegeldNederland", "puntType": "automaat", "materialen": ["pet-groot", "pet-klein", "blik", "krat"], "uitbetaling": ["bonnetje", "donatie", "tikkie", "contant"], "vrijToegankelijk": true, "gemeenteBeperking": null, "openingstijden": {"ma": "08:00–20:00", "di": "08:00–20:00", "wo": "08:00–20:00", "do": "08:00–20:00", "vr": "08:00–20:00", "za": "08:00–20:00", "zo": "09:00–18:00"}, "latitude": 53.2153644, "longitude": 5.793594, "bronId": "258679"}}, {"type": "Feature", "geometry": {"type": "Point", "coordinates": [5.6505718, 53.1355645]}, "properties": {"type": "inleverpunt", "locatieNaam": "ViaTim", "straatNaam": "Baerderdyk", "straatNr": "2", "postcode": "8835 XA", "plaats": "Easterlittens", "merk": "StatiegeldNederland", "puntType": "balie", "materialen": ["pet-groot", "pet-klein", "blik"], "uitbetaling": ["tikkie"], "vrijToegankelijk": true, "gemeenteBeperking": null, "openingstijden": {"ma": "16:00–20:00", "di": "16:00–20:00", "wo": "16:00–20:00", "do": "16:00–21:00", "vr": "13:00–17:30", "za": "08:30–17:00", "zo": "Gesloten"}, "latitude": 53.1355645, "longitude": 5.6505718, "bronId": "259214"}}, {"type": "Feature", "geometry": {"type": "Point", "coordinates": [5.7842671, 53.1187279]}, "properties": {"type": "inleverpunt", "locatieNaam": "ViaTim", "straatNaam": "Master Gorterstrjitte", "straatNr": "9C", "postcode": "9008 TB", "plaats": "Reduzum", "merk": "StatiegeldNederland", "puntType": "balie", "materialen": ["pet-groot", "pet-klein", "blik"], "uitbetaling": ["tikkie"], "vrijToegankelijk": true, "gemeenteBeperking": null, "openingstijden": {"ma": "15:00–21:00", "di": "15:00–21:00", "wo": "15:00–21:00", "do": "15:00–21:00", "vr": "15:00–21:00", "za": "Gesloten", "zo": "Gesloten"}, "latitude": 53.1187279, "longitude": 5.7842671, "bronId": "259401"}}, {"type": "Feature", "geometry": {"type": "Point", "coordinates": [5.8386453, 53.195726]}, "properties": {"type": "inleverpunt", "locatieNaam": "ViaTim", "straatNaam": "Neptunusweg", "straatNr": "12", "postcode": "8938 AA", "plaats": "Leeuwarden", "merk": "StatiegeldNederland", "puntType": "balie", "materialen": ["pet-groot", "pet-klein", "blik"], "uitbetaling": ["tikkie"], "vrijToegankelijk": true, "gemeenteBeperking": null, "openingstijden": null, "latitude": 53.195726, "longitude": 5.8386453, "bronId": "259424"}}, {"type": "Feature", "geometry": {"type": "Point", "coordinates": [5.8388882, 53.0951216]}, "properties": {"type": "inleverpunt", "locatieNaam": "ViaTim", "straatNaam": "Parkstraat", "straatNr": "10", "postcode": "9001 AT", "plaats": "Grou", "merk": "StatiegeldNederland", "puntType": "balie", "materialen": ["pet-groot", "pet-klein", "blik"], "uitbetaling": ["tikkie"], "vrijToegankelijk": true, "gemeenteBeperking": null, "openingstijden": null, "latitude": 53.0951216, "longitude": 5.8388882, "bronId": "259442"}}, {"type": "Feature", "geometry": {"type": "Point", "coordinates": [5.8477142, 53.1475234]}, "properties": {"type": "inleverpunt", "locatieNaam": "Voetbal Vereniging Warga", "straatNaam": "H.J Kooistrawei", "straatNr": "2", "postcode": "9005 RV", "plaats": "Wergea", "merk": "StatiegeldNederland", "puntType": "balie", "materialen": ["pet-groot", "pet-klein", "blik"], "uitbetaling": [], "vrijToegankelijk": false, "gemeenteBeperking": null, "openingstijden": null, "latitude": 53.1475234, "longitude": 5.8477142, "bronId": "259566"}}, {"type": "Feature", "geometry": {"type": "Point", "coordinates": [5.8289784, 53.2071427]}, "properties": {"type": "inleverpunt", "locatieNaam": "Vv Nicator", "straatNaam": "Kalverdijkje", "straatNr": "68-A", "postcode": "8924 JJ", "plaats": "Leeuwarden", "merk": "StatiegeldNederland", "puntType": "balie", "materialen": ["pet-groot", "pet-klein", "blik"], "uitbetaling": [], "vrijToegankelijk": false, "gemeenteBeperking": null, "openingstijden": null, "latitude": 53.2071427, "longitude": 5.8289784, "bronId": "259798"}}, {"type": "Feature", "geometry": {"type": "Point", "coordinates": [5.827785, 53.09257]}, "properties": {"type": "inleverpunt", "locatieNaam": "Hubo Grou", "straatNaam": "Stationsweg", "straatNr": "86", "postcode": "9001 EJ", "plaats": "Grou", "merk": "StichtingOPEN", "puntType": "balie", "materialen": ["batterijen", "lampen", "tl-buizen"], "uitbetaling": [], "vrijToegankelijk": false, "gemeenteBeperking": null, "openingstijden": null, "latitude": 53.09257, "longitude": 5.827785, "bronId": "SP00032397"}}, {"type": "Feature", "geometry": {"type": "Point", "coordinates": [5.831451, 53.093859]}, "properties": {"type": "inleverpunt", "locatieNaam": "Action Leeuwarden", "straatNaam": "Stationsweg", "straatNr": "38c", "postcode": "9001 EH", "plaats": "Grou", "merk": "StichtingOPEN", "puntType": "balie", "materialen": ["batterijen", "elektro-klein", "lampen"], "uitbetaling": [], "vrijToegankelijk": false, "gemeenteBeperking": null, "openingstijden": null, "latitude": 53.093859, "longitude": 5.831451, "bronId": "SP00032494"}}, {"type": "Feature", "geometry": {"type": "Point", "coordinates": [5.83165, 53.09385]}, "properties": {"type": "inleverpunt", "locatieNaam": "Kruidvat Grou", "straatNaam": "Stationsweg", "straatNr": "38c", "postcode": "9001 EH", "plaats": "Grou", "merk": "StichtingOPEN", "puntType": "balie", "materialen": ["batterijen", "lampen"], "uitbetaling": [], "vrijToegankelijk": false, "gemeenteBeperking": null, "openingstijden": null, "latitude": 53.09385, "longitude": 5.83165, "bronId": "SP00029575"}}, {"type": "Feature", "geometry": {"type": "Point", "coordinates": [5.831264, 53.094183]}, "properties": {"type": "inleverpunt", "locatieNaam": "Jumbo Grou", "straatNaam": "Stationsweg", "straatNr": "38f", "postcode": "9001 EH", "plaats": "Grou", "merk": "StichtingOPEN", "puntType": "balie", "materialen": ["batterijen", "lampen"], "uitbetaling": [], "vrijToegankelijk": false, "gemeenteBeperking": null, "openingstijden": null, "latitude": 53.094183, "longitude": 5.831264, "bronId": "SP00025383"}}, {"type": "Feature", "geometry": {"type": "Point", "coordinates": [5.832581, 53.094367]}, "properties": {"type": "inleverpunt", "locatieNaam": "Lidl Grou", "straatNaam": "J.W. de Visserwei", "straatNr": "1", "postcode": "9001 ZE", "plaats": "Grou", "merk": "StichtingOPEN", "puntType": "balie", "materialen": ["batterijen", "lampen"], "uitbetaling": [], "vrijToegankelijk": false, "gemeenteBeperking": null, "openingstijden": null, "latitude": 53.094367, "longitude": 5.832581, "bronId": "SP00029995"}}, {"type": "Feature", "geometry": {"type": "Point", "coordinates": [5.839905, 53.09516]}, "properties": {"type": "inleverpunt", "locatieNaam": "Poiesz Grou", "straatNaam": "Parkstraat", "straatNr": "3", "postcode": "9001 AS", "plaats": "Grou", "merk": "StichtingOPEN", "puntType": "balie", "materialen": ["batterijen", "lampen"], "uitbetaling": [], "vrijToegankelijk": false, "gemeenteBeperking": null, "openingstijden": null, "latitude": 53.09516, "longitude": 5.839905, "bronId": "SP00023827"}}, {"type": "Feature", "geometry": {"type": "Point", "coordinates": [5.718685, 53.13032]}, "properties": {"type": "inleverpunt", "locatieNaam": "Poiesz Mantgum", "straatNaam": "De Dobbe", "straatNr": "1", "postcode": "9022 BE", "plaats": "Mantgum", "merk": "StichtingOPEN", "puntType": "balie", "materialen": ["batterijen", "lampen"], "uitbetaling": [], "vrijToegankelijk": false, "gemeenteBeperking": null, "openingstijden": null, "latitude": 53.13032, "longitude": 5.718685, "bronId": "SP00023800"}}, {"type": "Feature", "geometry": {"type": "Point", "coordinates": [5.84549, 53.152124]}, "properties": {"type": "inleverpunt", "locatieNaam": "Attent Wergea", "straatNaam": "Kerkbuurt", "straatNr": "19", "postcode": "9005 PA", "plaats": "Wergea", "merk": "StichtingOPEN", "puntType": "balie", "materialen": ["batterijen", "lampen"], "uitbetaling": [], "vrijToegankelijk": false, "gemeenteBeperking": null, "openingstijden": null, "latitude": 53.152124, "longitude": 5.84549, "bronId": "SP00025826"}}, {"type": "Feature", "geometry": {"type": "Point", "coordinates": [5.793937, 53.171587]}, "properties": {"type": "inleverpunt", "locatieNaam": "Lidl Leeuwarden", "straatNaam": "Molkenkelder", "straatNr": "55", "postcode": "8941 AG", "plaats": "Leeuwarden", "merk": "StichtingOPEN", "puntType": "balie", "materialen": ["batterijen", "lampen"], "uitbetaling": [], "vrijToegankelijk": false, "gemeenteBeperking": null, "openingstijden": null, "latitude": 53.171587, "longitude": 5.793937, "bronId": "SP00025669"}}, {"type": "Feature", "geometry": {"type": "Point", "coordinates": [5.789707, 53.185105]}, "properties": {"type": "inleverpunt", "locatieNaam": "Aldi Leeuwarden", "straatNaam": "W. Alexanderplein", "straatNr": "24", "postcode": "8931 DX", "plaats": "Leeuwarden", "merk": "StichtingOPEN", "puntType": "balie", "materialen": ["batterijen", "elektro-klein", "lampen"], "uitbetaling": [], "vrijToegankelijk": false, "gemeenteBeperking": null, "openingstijden": null, "latitude": 53.185105, "longitude": 5.789707, "bronId": "SP00026908"}}, {"type": "Feature", "geometry": {"type": "Point", "coordinates": [5.824305, 53.179347]}, "properties": {"type": "inleverpunt", "locatieNaam": "Jumbo Leeuwarden", "straatNaam": "Kruisdobbe", "straatNr": "4", "postcode": "8939 BB", "plaats": "Leeuwarden", "merk": "StichtingOPEN", "puntType": "balie", "materialen": ["batterijen", "lampen"], "uitbetaling": [], "vrijToegankelijk": false, "gemeenteBeperking": null, "openingstijden": null, "latitude": 53.179347, "longitude": 5.824305, "bronId": "SP00025402"}}, {"type": "Feature", "geometry": {"type": "Point", "coordinates": [5.767401, 53.195749]}, "properties": {"type": "inleverpunt", "locatieNaam": "GAMMA Leeuwarden-West", "straatNaam": "Slauerhoffweg", "straatNr": "2", "postcode": "8912 BH", "plaats": "Leeuwarden", "merk": "StichtingOPEN", "puntType": "balie", "materialen": ["batterijen", "elektro-middel", "lampen", "tl-buizen"], "uitbetaling": [], "vrijToegankelijk": false, "gemeenteBeperking": null, "openingstijden": null, "latitude": 53.195749, "longitude": 5.767401, "bronId": "SP00003033"}}, {"type": "Feature", "geometry": {"type": "Point", "coordinates": [5.792913, 53.192505]}, "properties": {"type": "inleverpunt", "locatieNaam": "Doe-het-zelf Woudstra", "straatNaam": "Hobbemastraat", "straatNr": "5", "postcode": "8932 KZ", "plaats": "Leeuwarden", "merk": "StichtingOPEN", "puntType": "balie", "materialen": ["batterijen", "lampen"], "uitbetaling": [], "vrijToegankelijk": false, "gemeenteBeperking": null, "openingstijden": null, "latitude": 53.192505, "longitude": 5.792913, "bronId": "SP00020613"}}, {"type": "Feature", "geometry": {"type": "Point", "coordinates": [5.783964, 53.194117]}, "properties": {"type": "inleverpunt", "locatieNaam": "Jumbo Leeuwarden", "straatNaam": "van Loonstraat", "straatNr": "112", "postcode": "8932 AV", "plaats": "Leeuwarden", "merk": "StichtingOPEN", "puntType": "balie", "materialen": ["batterijen", "lampen"], "uitbetaling": [], "vrijToegankelijk": false, "gemeenteBeperking": null, "openingstijden": null, "latitude": 53.194117, "longitude": 5.783964, "bronId": "SP00025405"}}, {"type": "Feature", "geometry": {"type": "Point", "coordinates": [5.772351, 53.1961]}, "properties": {"type": "inleverpunt", "locatieNaam": "Estafette Leeuwarden", "straatNaam": "Voltastraat", "straatNr": "11", "postcode": "8912 AE", "plaats": "Leeuwarden", "merk": "StichtingOPEN", "puntType": "balie", "materialen": ["elektro-klein", "elektro-middel", "lampen"], "uitbetaling": [], "vrijToegankelijk": false, "gemeenteBeperking": null, "openingstijden": null, "latitude": 53.1961, "longitude": 5.772351, "bronId": "SP00021182"}}, {"type": "Feature", "geometry": {"type": "Point", "coordinates": [5.798167, 53.193516]}, "properties": {"type": "inleverpunt", "locatieNaam": "Expert Tromp", "straatNaam": "Schrans", "straatNr": "104", "postcode": "8932 NH", "plaats": "Leeuwarden", "merk": "StichtingOPEN", "puntType": "balie", "materialen": ["elektro-middel", "lampen"], "uitbetaling": [], "vrijToegankelijk": false, "gemeenteBeperking": null, "openingstijden": null, "latitude": 53.193516, "longitude": 5.798167, "bronId": "SP00002658"}}, {"type": "Feature", "geometry": {"type": "Point", "coordinates": [5.829556, 53.188543]}, "properties": {"type": "inleverpunt", "locatieNaam": "Aldi Leeuwarden", "straatNaam": "Stinzenflora", "straatNr": "161", "postcode": "8935 LG", "plaats": "Leeuwarden", "merk": "StichtingOPEN", "puntType": "balie", "materialen": ["batterijen", "elektro-klein", "lampen"], "uitbetaling": [], "vrijToegankelijk": false, "gemeenteBeperking": null, "openingstijden": null, "latitude": 53.188543, "longitude": 5.829556, "bronId": "SP00026909"}}, {"type": "Feature", "geometry": {"type": "Point", "coordinates": [5.78311, 53.19676]}, "properties": {"type": "inleverpunt", "locatieNaam": "Aldi Leeuwarden", "straatNaam": "Snekertrekweg", "straatNr": "27", "postcode": "8912 AA", "plaats": "Leeuwarden", "merk": "StichtingOPEN", "puntType": "balie", "materialen": ["batterijen", "elektro-klein", "lampen"], "uitbetaling": [], "vrijToegankelijk": false, "gemeenteBeperking": null, "openingstijden": null, "latitude": 53.19676, "longitude": 5.78311, "bronId": "SP00026906"}}, {"type": "Feature", "geometry": {"type": "Point", "coordinates": [5.784148, 53.196656]}, "properties": {"type": "inleverpunt", "locatieNaam": "JUMBO Leeuwarden", "straatNaam": "Snekertrekweg", "straatNr": "23", "postcode": "8912 AA", "plaats": "Leeuwarden", "merk": "StichtingOPEN", "puntType": "balie", "materialen": ["batterijen", "lampen"], "uitbetaling": [], "vrijToegankelijk": false, "gemeenteBeperking": null, "openingstijden": null, "latitude": 53.196656, "longitude": 5.784148, "bronId": "SP00025406"}}, {"type": "Feature", "geometry": {"type": "Point", "coordinates": [5.799051, 53.194226]}, "properties": {"type": "inleverpunt", "locatieNaam": "1608 Albert Heijn Leeuwarden", "straatNaam": "Schrans", "straatNr": "121", "postcode": "8932 ND", "plaats": "Leeuwarden", "merk": "StichtingOPEN", "puntType": "balie", "materialen": ["batterijen", "elektro-klein", "lampen"], "uitbetaling": [], "vrijToegankelijk": false, "gemeenteBeperking": null, "openingstijden": null, "latitude": 53.194226, "longitude": 5.799051, "bronId": "SP00023189"}}, {"type": "Feature", "geometry": {"type": "Point", "coordinates": [5.828423, 53.189138]}, "properties": {"type": "inleverpunt", "locatieNaam": "Poiesz Leeuwarden", "straatNaam": "Zevenblad", "straatNr": "12", "postcode": "8935 RK", "plaats": "Leeuwarden", "merk": "StichtingOPEN", "puntType": "balie", "materialen": ["batterijen", "lampen"], "uitbetaling": [], "vrijToegankelijk": false, "gemeenteBeperking": null, "openingstijden": null, "latitude": 53.189138, "longitude": 5.828423, "bronId": "SP00023808"}}, {"type": "Feature", "geometry": {"type": "Point", "coordinates": [5.78419, 53.19678]}, "properties": {"type": "inleverpunt", "locatieNaam": "Kruidvat Leeuwarden", "straatNaam": "Snekertrekweg", "straatNr": "23g", "postcode": "8912 AA", "plaats": "Leeuwarden", "merk": "StichtingOPEN", "puntType": "balie", "materialen": ["batterijen", "lampen"], "uitbetaling": [], "vrijToegankelijk": false, "gemeenteBeperking": null, "openingstijden": null, "latitude": 53.19678, "longitude": 5.78419, "bronId": "SP00029624"}}, {"type": "Feature", "geometry": {"type": "Point", "coordinates": [5.81279, 53.192285]}, "properties": {"type": "inleverpunt", "locatieNaam": "Intratuin Leeuwarden", "straatNaam": "Tijnjedijk", "straatNr": "5", "postcode": "8934 BT", "plaats": "Leeuwarden", "merk": "StichtingOPEN", "puntType": "balie", "materialen": ["elektro-middel", "lampen"], "uitbetaling": [], "vrijToegankelijk": false, "gemeenteBeperking": null, "openingstijden": null, "latitude": 53.192285, "longitude": 5.81279, "bronId": "SP00005555"}}, {"type": "Feature", "geometry": {"type": "Point", "coordinates": [5.817002, 53.191745]}, "properties": {"type": "inleverpunt", "locatieNaam": "1513 Albert Heijn XL Leeuwarden", "straatNaam": "Tijnjedijk", "straatNr": "76", "postcode": "8936 AD", "plaats": "Leeuwarden", "merk": "StichtingOPEN", "puntType": "balie", "materialen": ["batterijen", "elektro-klein", "lampen"], "uitbetaling": [], "vrijToegankelijk": false, "gemeenteBeperking": null, "openingstijden": null, "latitude": 53.191745, "longitude": 5.817002, "bronId": "SP00023188"}}, {"type": "Feature", "geometry": {"type": "Point", "coordinates": [5.798843, 53.194918]}, "properties": {"type": "inleverpunt", "locatieNaam": "Action Leeuwarden", "straatNaam": "Schrans", "straatNr": "93", "postcode": "8932 NH", "plaats": "Leeuwarden", "merk": "StichtingOPEN", "puntType": "balie", "materialen": ["batterijen", "lampen"], "uitbetaling": [], "vrijToegankelijk": false, "gemeenteBeperking": null, "openingstijden": null, "latitude": 53.194918, "longitude": 5.798843, "bronId": "SP00025558"}}, {"type": "Feature", "geometry": {"type": "Point", "coordinates": [5.798842, 53.195126]}, "properties": {"type": "inleverpunt", "locatieNaam": "Kruidvat Leeuwarden", "straatNaam": "Schrans", "straatNr": "83", "postcode": "8932 NB", "plaats": "Leeuwarden", "merk": "StichtingOPEN", "puntType": "balie", "materialen": ["batterijen", "lampen"], "uitbetaling": [], "vrijToegankelijk": false, "gemeenteBeperking": null, "openingstijden": null, "latitude": 53.195126, "longitude": 5.798842, "bronId": "SP00024826"}}, {"type": "Feature", "geometry": {"type": "Point", "coordinates": [5.762549, 53.201396]}, "properties": {"type": "inleverpunt", "locatieNaam": "Koelmans van der Lep", "straatNaam": "Foeke Sjoerdswei", "straatNr": "4", "postcode": "8914 BH", "plaats": "Leeuwarden", "merk": "StichtingOPEN", "puntType": "balie", "materialen": ["lampen"], "uitbetaling": [], "vrijToegankelijk": false, "gemeenteBeperking": null, "openingstijden": null, "latitude": 53.201396, "longitude": 5.762549, "bronId": "SP00033884"}}, {"type": "Feature", "geometry": {"type": "Point", "coordinates": [5.761147, 53.201616]}, "properties": {"type": "inleverpunt", "locatieNaam": "Oosterberg B.V. Leeuwarden", "straatNaam": "Simon Vestdijkwei", "straatNr": "11", "postcode": "8914 AX", "plaats": "Leeuwarden", "merk": "StichtingOPEN", "puntType": "balie", "materialen": ["lampen", "tl-buizen"], "uitbetaling": [], "vrijToegankelijk": false, "gemeenteBeperking": null, "openingstijden": null, "latitude": 53.201616, "longitude": 5.761147, "bronId": "SP00001049"}}, {"type": "Feature", "geometry": {"type": "Point", "coordinates": [5.764448, 53.202308]}, "properties": {"type": "inleverpunt", "locatieNaam": "33- Bouwmaat Leeuwarden", "straatNaam": "Simon Vestdijkwei", "straatNr": "1", "postcode": "8914 AX", "plaats": "Leeuwarden", "merk": "StichtingOPEN", "puntType": "balie", "materialen": ["lampen", "tl-buizen"], "uitbetaling": [], "vrijToegankelijk": false, "gemeenteBeperking": null, "openingstijden": null, "latitude": 53.202308, "longitude": 5.764448, "bronId": "SP00032954"}}, {"type": "Feature", "geometry": {"type": "Point", "coordinates": [5.792199, 53.199352]}, "properties": {"type": "inleverpunt", "locatieNaam": "1237 Albert Heijn Leeuwarden", "straatNaam": "Prins Hendrikstraat", "straatNr": "2a", "postcode": "8911 BK", "plaats": "Leeuwarden", "merk": "StichtingOPEN", "puntType": "balie", "materialen": ["batterijen", "elektro-klein", "lampen"], "uitbetaling": [], "vrijToegankelijk": false, "gemeenteBeperking": null, "openingstijden": null, "latitude": 53.199352, "longitude": 5.792199, "bronId": "SP00023241"}}, {"type": "Feature", "geometry": {"type": "Point", "coordinates": [5.797496, 53.199878]}, "properties": {"type": "inleverpunt", "locatieNaam": "Kruidvat Leeuwarden", "straatNaam": "Ayttasteeg", "straatNr": "810", "postcode": "8911 CD", "plaats": "Leeuwarden", "merk": "StichtingOPEN", "puntType": "balie", "materialen": ["batterijen", "lampen"], "uitbetaling": [], "vrijToegankelijk": false, "gemeenteBeperking": null, "openingstijden": null, "latitude": 53.199878, "longitude": 5.797496, "bronId": "SP00024845"}}, {"type": "Feature", "geometry": {"type": "Point", "coordinates": [5.840937, 53.192839]}, "properties": {"type": "inleverpunt", "locatieNaam": "Praxis Leeuwarden MEGA & TUIN - 2317", "straatNaam": "Avondsterweg", "straatNr": "2a", "postcode": "8938 AK", "plaats": "Leeuwarden", "merk": "StichtingOPEN", "puntType": "balie", "materialen": ["elektro-middel", "lampen", "tl-buizen"], "uitbetaling": [], "vrijToegankelijk": false, "gemeenteBeperking": null, "openingstijden": null, "latitude": 53.192839, "longitude": 5.840937, "bronId": "SP00004525"}}, {"type": "Feature", "geometry": {"type": "Point", "coordinates": [5.797101, 53.200652]}, "properties": {"type": "inleverpunt", "locatieNaam": "Spar Leeuwarden", "straatNaam": "Wirdumerdijk", "straatNr": "7", "postcode": "8911 CB", "plaats": "Leeuwarden", "merk": "StichtingOPEN", "puntType": "balie", "materialen": ["batterijen", "lampen"], "uitbetaling": [], "vrijToegankelijk": false, "gemeenteBeperking": null, "openingstijden": null, "latitude": 53.200652, "longitude": 5.797101, "bronId": "SP00031434"}}, {"type": "Feature", "geometry": {"type": "Point", "coordinates": [5.799913, 53.201233]}, "properties": {"type": "inleverpunt", "locatieNaam": "Jumbo Leeuwarden", "straatNaam": "Johannes Kolfplein", "straatNr": "1", "postcode": "8923 CX", "plaats": "Leeuwarden", "merk": "StichtingOPEN", "puntType": "balie", "materialen": ["batterijen", "lampen"], "uitbetaling": [], "vrijToegankelijk": false, "gemeenteBeperking": null, "openingstijden": null, "latitude": 53.201233, "longitude": 5.799913, "bronId": "SP00025408"}}, {"type": "Feature", "geometry": {"type": "Point", "coordinates": [5.815824, 53.199948]}, "properties": {"type": "inleverpunt", "locatieNaam": "1618 Albert Heijn Leeuwarden", "straatNaam": "Emmakade", "straatNr": "168", "postcode": "8933 AX", "plaats": "Leeuwarden", "merk": "StichtingOPEN", "puntType": "balie", "materialen": ["batterijen", "elektro-klein", "lampen"], "uitbetaling": [], "vrijToegankelijk": false, "gemeenteBeperking": null, "openingstijden": null, "latitude": 53.199948, "longitude": 5.815824, "bronId": "SP00023281"}}, {"type": "Feature", "geometry": {"type": "Point", "coordinates": [5.767534, 53.208028]}, "properties": {"type": "inleverpunt", "locatieNaam": "Poiesz Leeuwarden", "straatNaam": "Pieter Sipmawei", "straatNr": "9", "postcode": "8915 DZ", "plaats": "Leeuwarden", "merk": "StichtingOPEN", "puntType": "balie", "materialen": ["batterijen", "lampen"], "uitbetaling": [], "vrijToegankelijk": false, "gemeenteBeperking": null, "openingstijden": null, "latitude": 53.208028, "longitude": 5.767534, "bronId": "SP00023813"}}, {"type": "Feature", "geometry": {"type": "Point", "coordinates": [5.841095, 53.196123]}, "properties": {"type": "inleverpunt", "locatieNaam": "Gamma Leeuwarden - De Hemrik", "straatNaam": "Jupiterweg", "straatNr": "17", "postcode": "8938 AD", "plaats": "Leeuwarden", "merk": "StichtingOPEN", "puntType": "balie", "materialen": ["batterijen", "elektro-klein", "elektro-middel", "lampen", "tl-buizen"], "uitbetaling": [], "vrijToegankelijk": false, "gemeenteBeperking": null, "openingstijden": null, "latitude": 53.196123, "longitude": 5.841095, "bronId": "SP00020641"}}, {"type": "Feature", "geometry": {"type": "Point", "coordinates": [5.800762, 53.203362]}, "properties": {"type": "inleverpunt", "locatieNaam": "TDC", "straatNaam": "Voorstreek", "straatNr": "54", "postcode": "8911 JR", "plaats": "Leeuwarden", "merk": "StichtingOPEN", "puntType": "balie", "materialen": ["elektro-middel", "lampen"], "uitbetaling": [], "vrijToegankelijk": false, "gemeenteBeperking": null, "openingstijden": null, "latitude": 53.203362, "longitude": 5.800762, "bronId": "SP00002727"}}, {"type": "Feature", "geometry": {"type": "Point", "coordinates": [5.781622, 53.206823]}, "properties": {"type": "inleverpunt", "locatieNaam": "Jumbo Leeuwarden", "straatNaam": "Eksterstraat", "straatNr": "32", "postcode": "8916 BV", "plaats": "Leeuwarden", "merk": "StichtingOPEN", "puntType": "balie", "materialen": ["batterijen", "lampen"], "uitbetaling": [], "vrijToegankelijk": false, "gemeenteBeperking": null, "openingstijden": null, "latitude": 53.206823, "longitude": 5.781622, "bronId": "SP00025411"}}, {"type": "Feature", "geometry": {"type": "Point", "coordinates": [5.819512, 53.201396]}, "properties": {"type": "inleverpunt", "locatieNaam": "Media Markt Leeuwarden", "straatNaam": "De Centrale", "straatNr": "12", "postcode": "8924 CZ", "plaats": "Leeuwarden", "merk": "StichtingOPEN", "puntType": "balie", "materialen": ["elektro-klein", "elektro-middel", "lampen"], "uitbetaling": [], "vrijToegankelijk": false, "gemeenteBeperking": null, "openingstijden": null, "latitude": 53.201396, "longitude": 5.819512, "bronId": "SP00003286"}}, {"type": "Feature", "geometry": {"type": "Point", "coordinates": [5.820987, 53.201565]}, "properties": {"type": "inleverpunt", "locatieNaam": "Action Leeuwarden 1188", "straatNaam": "De Centrale", "straatNr": "34", "postcode": "8924 CZ", "plaats": "Leeuwarden", "merk": "StichtingOPEN", "puntType": "balie", "materialen": ["batterijen", "lampen"], "uitbetaling": [], "vrijToegankelijk": false, "gemeenteBeperking": null, "openingstijden": null, "latitude": 53.201565, "longitude": 5.820987, "bronId": "SP00007767"}}, {"type": "Feature", "geometry": {"type": "Point", "coordinates": [5.821693, 53.201802]}, "properties": {"type": "inleverpunt", "locatieNaam": "Praxis Leeuwarden Oost - 2083", "straatNaam": "De Centrale", "straatNr": "33", "postcode": "8924 CZ", "plaats": "Leeuwarden", "merk": "StichtingOPEN", "puntType": "balie", "materialen": ["elektro-middel", "lampen", "tl-buizen"], "uitbetaling": [], "vrijToegankelijk": false, "gemeenteBeperking": null, "openingstijden": null, "latitude": 53.201802, "longitude": 5.821693, "bronId": "SP00004523"}}, {"type": "Feature", "geometry": {"type": "Point", "coordinates": [5.821281, 53.202265]}, "properties": {"type": "inleverpunt", "locatieNaam": "Decathlon Leeuwarden", "straatNaam": "De Centrale", "straatNr": "35", "postcode": "8924 CZ", "plaats": "Leeuwarden", "merk": "StichtingOPEN", "puntType": "balie", "materialen": ["batterijen", "elektro-klein"], "uitbetaling": [], "vrijToegankelijk": false, "gemeenteBeperking": null, "openingstijden": null, "latitude": 53.202265, "longitude": 5.821281, "bronId": "SP00033930"}}, {"type": "Feature", "geometry": {"type": "Point", "coordinates": [5.801727, 53.205722]}, "properties": {"type": "inleverpunt", "locatieNaam": "Jumbo Leeuwarden", "straatNaam": "Hoeksterpad", "straatNr": "1", "postcode": "8911 JV", "plaats": "Leeuwarden", "merk": "StichtingOPEN", "puntType": "balie", "materialen": ["batterijen", "elektro-klein", "lampen"], "uitbetaling": [], "vrijToegankelijk": false, "gemeenteBeperking": null, "openingstijden": null, "latitude": 53.205722, "longitude": 5.801727, "bronId": "SP00025410"}}, {"type": "Feature", "geometry": {"type": "Point", "coordinates": [5.804881, 53.205315]}, "properties": {"type": "inleverpunt", "locatieNaam": "Poiesz Leeuwarden", "straatNaam": "Oostersingel", "straatNr": "78", "postcode": "8921 GB", "plaats": "Leeuwarden", "merk": "StichtingOPEN", "puntType": "balie", "materialen": ["batterijen", "lampen"], "uitbetaling": [], "vrijToegankelijk": false, "gemeenteBeperking": null, "openingstijden": null, "latitude": 53.205315, "longitude": 5.804881, "bronId": "SP00023812"}}, {"type": "Feature", "geometry": {"type": "Point", "coordinates": [5.813424, 53.205052]}, "properties": {"type": "inleverpunt", "locatieNaam": "Jumbo Leeuwarden", "straatNaam": "Cambuurplein", "straatNr": "66", "postcode": "8921 RG", "plaats": "Leeuwarden", "merk": "StichtingOPEN", "puntType": "balie", "materialen": ["batterijen", "lampen"], "uitbetaling": [], "vrijToegankelijk": false, "gemeenteBeperking": null, "openingstijden": null, "latitude": 53.205052, "longitude": 5.813424, "bronId": "SP00025409"}}, {"type": "Feature", "geometry": {"type": "Point", "coordinates": [5.81979, 53.20818]}, "properties": {"type": "inleverpunt", "locatieNaam": "Poiesz Leeuwarden", "straatNaam": "Wilgenstraat", "straatNr": "2", "postcode": "8924 EN", "plaats": "Leeuwarden", "merk": "StichtingOPEN", "puntType": "balie", "materialen": ["batterijen", "lampen"], "uitbetaling": [], "vrijToegankelijk": false, "gemeenteBeperking": null, "openingstijden": null, "latitude": 53.20818, "longitude": 5.81979, "bronId": "SP00030148"}}, {"type": "Feature", "geometry": {"type": "Point", "coordinates": [5.779578, 53.21569]}, "properties": {"type": "inleverpunt", "locatieNaam": "KARWEI (Leeuwarden B022)", "straatNaam": "Mr. P.J. Troelstraweg", "straatNr": "149A", "postcode": "8919 AA", "plaats": "Leeuwarden", "merk": "StichtingOPEN", "puntType": "balie", "materialen": ["elektro-middel", "lampen", "tl-buizen"], "uitbetaling": [], "vrijToegankelijk": false, "gemeenteBeperking": null, "openingstijden": null, "latitude": 53.21569, "longitude": 5.779578, "bronId": "SP00003636"}}, {"type": "Feature", "geometry": {"type": "Point", "coordinates": [5.794571, 53.215381]}, "properties": {"type": "inleverpunt", "locatieNaam": "Action Leeuwarden 1337", "straatNaam": "Bilgaardpassage", "straatNr": "71", "postcode": "8918 HT", "plaats": "Leeuwarden", "merk": "StichtingOPEN", "puntType": "balie", "materialen": ["batterijen", "lampen"], "uitbetaling": [], "vrijToegankelijk": false, "gemeenteBeperking": null, "openingstijden": null, "latitude": 53.215381, "longitude": 5.794571, "bronId": "SP00007902"}}, {"type": "Feature", "geometry": {"type": "Point", "coordinates": [5.83954, 53.2107]}, "properties": {"type": "inleverpunt", "locatieNaam": "Kruidvat Leeuwarden", "straatNaam": "Lieuwenburg", "straatNr": "180-184", "postcode": "8925 CL", "plaats": "Leeuwarden", "merk": "StichtingOPEN", "puntType": "balie", "materialen": ["batterijen", "lampen"], "uitbetaling": [], "vrijToegankelijk": false, "gemeenteBeperking": null, "openingstijden": null, "latitude": 53.2107, "longitude": 5.83954, "bronId": "SP00029694"}}, {"type": "Feature", "geometry": {"type": "Point", "coordinates": [5.838615, 53.21099]}, "properties": {"type": "inleverpunt", "locatieNaam": "1486 Albert Heijn Leeuwarden", "straatNaam": "Lieuwenburg", "straatNr": "116", "postcode": "8925 CL", "plaats": "Leeuwarden", "merk": "StichtingOPEN", "puntType": "balie", "materialen": ["batterijen", "elektro-klein", "lampen"], "uitbetaling": [], "vrijToegankelijk": false, "gemeenteBeperking": null, "openingstijden": null, "latitude": 53.21099, "longitude": 5.838615, "bronId": "SP00023192"}}, {"type": "Feature", "geometry": {"type": "Point", "coordinates": [5.840069, 53.211199]}, "properties": {"type": "inleverpunt", "locatieNaam": "Jumbo Leeuwarden", "straatNaam": "Lieuwenburg", "straatNr": "165", "postcode": "8925 CJ", "plaats": "Leeuwarden", "merk": "StichtingOPEN", "puntType": "balie", "materialen": ["batterijen", "lampen"], "uitbetaling": [], "vrijToegankelijk": false, "gemeenteBeperking": null, "openingstijden": null, "latitude": 53.211199, "longitude": 5.840069, "bronId": "SP00025412"}}, {"type": "Feature", "geometry": {"type": "Point", "coordinates": [5.764817, 53.25664]}, "properties": {"type": "inleverpunt", "locatieNaam": "8663 Albert Heijn Stiens", "straatNaam": "Wythústerwei", "straatNr": "12", "postcode": "9051 EJ", "plaats": "Stiens", "merk": "StichtingOPEN", "puntType": "balie", "materialen": ["batterijen", "elektro-klein", "lampen"], "uitbetaling": [], "vrijToegankelijk": false, "gemeenteBeperking": null, "openingstijden": null, "latitude": 53.25664, "longitude": 5.764817, "bronId": "SP00023208"}}, {"type": "Feature", "geometry": {"type": "Point", "coordinates": [5.759528, 53.258516]}, "properties": {"type": "inleverpunt", "locatieNaam": "Poiesz Stiens", "straatNaam": "Uniawei", "straatNr": "4", "postcode": "9051 BC", "plaats": "Stiens", "merk": "StichtingOPEN", "puntType": "balie", "materialen": ["batterijen", "lampen"], "uitbetaling": [], "vrijToegankelijk": false, "gemeenteBeperking": null, "openingstijden": null, "latitude": 53.258516, "longitude": 5.759528, "bronId": "SP00023819"}}, {"type": "Feature", "geometry": {"type": "Point", "coordinates": [5.758631, 53.261379]}, "properties": {"type": "inleverpunt", "locatieNaam": "Kruidvat Stiens", "straatNaam": "Langebuorren", "straatNr": "19", "postcode": "9051 BD", "plaats": "Stiens", "merk": "StichtingOPEN", "puntType": "balie", "materialen": ["batterijen", "lampen"], "uitbetaling": [], "vrijToegankelijk": false, "gemeenteBeperking": null, "openingstijden": null, "latitude": 53.261379, "longitude": 5.758631, "bronId": "SP00024833"}}, {"type": "Feature", "geometry": {"type": "Point", "coordinates": [5.758945, 53.262495]}, "properties": {"type": "inleverpunt", "locatieNaam": "Aldi Stiens", "straatNaam": "Buterhoek", "straatNr": "6", "postcode": "9051 BW", "plaats": "Stiens", "merk": "StichtingOPEN", "puntType": "balie", "materialen": ["batterijen", "elektro-klein", "lampen"], "uitbetaling": [], "vrijToegankelijk": false, "gemeenteBeperking": null, "openingstijden": null, "latitude": 53.262495, "longitude": 5.758945, "bronId": "SP00026921"}}, {"type": "Feature", "geometry": {"type": "Point", "coordinates": [5.758307, 53.262958]}, "properties": {"type": "inleverpunt", "locatieNaam": "Jumbo Stiens", "straatNaam": "Pyter Jurjensstrjitte", "straatNr": "35", "postcode": "9051 BT", "plaats": "Stiens", "merk": "StichtingOPEN", "puntType": "balie", "materialen": ["batterijen", "lampen"], "uitbetaling": [], "vrijToegankelijk": false, "gemeenteBeperking": null, "openingstijden": null, "latitude": 53.262958, "longitude": 5.758307, "bronId": "SP00025416"}}, {"type": "Feature", "geometry": {"type": "Point", "coordinates": [5.749915, 53.265761]}, "properties": {"type": "inleverpunt", "locatieNaam": "Praxis Stiens - 2443", "straatNaam": "Seerob", "straatNr": "3", "postcode": "9051 VA", "plaats": "Stiens", "merk": "StichtingOPEN", "puntType": "balie", "materialen": ["elektro-middel", "lampen", "tl-buizen"], "uitbetaling": [], "vrijToegankelijk": false, "gemeenteBeperking": null, "openingstijden": null, "latitude": 53.265761, "longitude": 5.749915, "bronId": "SP00004874"}}, {"type": "Feature", "geometry": {"type": "Point", "coordinates": [5.829259, 53.196178]}, "properties": {"type": "inleverpunt", "locatieNaam": "Milieustraat Leeuwarden / OMRIN", "straatNaam": "Greunsweg", "straatNr": "86", "postcode": "8937 AN", "plaats": "Leeuwarden", "merk": "StichtingOPEN", "puntType": "milieustraat", "materialen": ["batterijen", "elektro-groot", "elektro-klein", "elektro-middel", "lampen", "tl-buizen"], "uitbetaling": [], "vrijToegankelijk": false, "gemeenteBeperking": ["Leeuwarden"], "openingstijden": null, "latitude": 53.196178, "longitude": 5.829259, "bronId": "SP00002390"}}, {"type": "Feature", "geometry": {"type": "Point", "coordinates": [5.828971, 53.09367]}, "properties": {"type": "inleverpunt", "locatieNaam": "Milieustraat Grou", "straatNaam": "Oedsmawei", "straatNr": "9", "postcode": "9001 ZJ", "plaats": "Grou", "merk": "StichtingOPEN", "puntType": "milieustraat", "materialen": ["batterijen", "elektro-groot", "elektro-klein", "elektro-middel", "lampen", "tl-buizen"], "uitbetaling": [], "vrijToegankelijk": false, "gemeenteBeperking": ["Leeuwarden"], "openingstijden": null, "latitude": 53.09367, "longitude": 5.828971, "bronId": "SP00004143"}}, {"type": "Feature", "geometry": {"type": "Point", "coordinates": [5.749022, 53.267763]}, "properties": {"type": "inleverpunt", "locatieNaam": "Afvalbrengpunt Stiens", "straatNaam": "Seerob", "straatNr": "23", "postcode": "9051 VA", "plaats": "Stiens", "merk": "StichtingOPEN", "puntType": "milieustraat", "materialen": ["batterijen", "elektro-groot", "elektro-klein", "elektro-middel", "lampen", "tl-buizen"], "uitbetaling": [], "vrijToegankelijk": false, "gemeenteBeperking": ["Leeuwarden", "Waadhoeke"], "openingstijden": null, "latitude": 53.267763, "longitude": 5.749022, "bronId": "SP00000504"}}, {"type": "Feature", "geometry": {"type": "Point", "coordinates": [5.8019649, 53.0712568]}, "properties": {"type": "inleverpunt", "locatieNaam": "RFU Jachtspecialist", "straatNaam": "It String", "straatNr": "9", "postcode": "9011 TA", "plaats": "JIRNSUM", "merk": "Stibat", "puntType": "inzamelbak", "materialen": ["batterijen"], "uitbetaling": [], "vrijToegankelijk": false, "gemeenteBeperking": null, "openingstijden": null, "latitude": 53.0712568, "longitude": 5.8019649, "bronId": "L034514"}}, {"type": "Feature", "geometry": {"type": "Point", "coordinates": [5.827785, 53.0925702]}, "properties": {"type": "inleverpunt", "locatieNaam": "Hubo", "straatNaam": "Stationsweg", "straatNr": "86", "postcode": "9001 EJ", "plaats": "GROU", "merk": "Stibat", "puntType": "inzamelbak", "materialen": ["batterijen"], "uitbetaling": [], "vrijToegankelijk": false, "gemeenteBeperking": null, "openingstijden": null, "latitude": 53.0925702, "longitude": 5.827785, "bronId": "L043290"}}, {"type": "Feature", "geometry": {"type": "Point", "coordinates": [5.8286389, 53.0934965]}, "properties": {"type": "inleverpunt", "locatieNaam": "Milieustraat Grou", "straatNaam": "Oedsmawei", "straatNr": "9", "postcode": "9001 ZJ", "plaats": "GROU", "merk": "Stibat", "puntType": "inzamelbak", "materialen": ["batterijen"], "uitbetaling": [], "vrijToegankelijk": false, "gemeenteBeperking": null, "openingstijden": null, "latitude": 53.0934965, "longitude": 5.8286389, "bronId": "L035898"}}, {"type": "Feature", "geometry": {"type": "Point", "coordinates": [5.8270949, 53.0938119]}, "properties": {"type": "inleverpunt", "locatieNaam": "Joop Zandberg Rijwielen", "straatNaam": "Oedsmawei", "straatNr": "14", "postcode": "9001 ZJ", "plaats": "GROU", "merk": "Stibat", "puntType": "inzamelbak", "materialen": ["batterijen"], "uitbetaling": [], "vrijToegankelijk": false, "gemeenteBeperking": null, "openingstijden": null, "latitude": 53.0938119, "longitude": 5.8270949, "bronId": "L034187"}}, {"type": "Feature", "geometry": {"type": "Point", "coordinates": [5.8314855, 53.093726]}, "properties": {"type": "inleverpunt", "locatieNaam": "Kruidvat", "straatNaam": "Stationsweg", "straatNr": "38c", "postcode": "9001 EH", "plaats": "GROU", "merk": "Stibat", "puntType": "inzamelbak", "materialen": ["batterijen"], "uitbetaling": [], "vrijToegankelijk": false, "gemeenteBeperking": null, "openingstijden": null, "latitude": 53.093726, "longitude": 5.8314855, "bronId": "L019451"}}, {"type": "Feature", "geometry": {"type": "Point", "coordinates": [5.8312642, 53.0941831]}, "properties": {"type": "inleverpunt", "locatieNaam": "1429 Action", "straatNaam": "Stationsweg", "straatNr": "38", "postcode": "9001 EH", "plaats": "GROU", "merk": "Stibat", "puntType": "inzamelbak", "materialen": ["batterijen"], "uitbetaling": [], "vrijToegankelijk": false, "gemeenteBeperking": null, "openingstijden": null, "latitude": 53.0941831, "longitude": 5.8312642, "bronId": "L044280"}}, {"type": "Feature", "geometry": {"type": "Point", "coordinates": [5.8308796, 53.0943213]}, "properties": {"type": "inleverpunt", "locatieNaam": "Jumbo", "straatNaam": "Stationsweg", "straatNr": "38f", "postcode": "9001 EH", "plaats": "GROU", "merk": "Stibat", "puntType": "inzamelbak", "materialen": ["batterijen"], "uitbetaling": [], "vrijToegankelijk": false, "gemeenteBeperking": null, "openingstijden": null, "latitude": 53.0943213, "longitude": 5.8308796, "bronId": "L032054"}}, {"type": "Feature", "geometry": {"type": "Point", "coordinates": [5.8327881, 53.094366]}, "properties": {"type": "inleverpunt", "locatieNaam": "Lidl", "straatNaam": "J.W. de Visserwei", "straatNr": "1", "postcode": "9001 ZE", "plaats": "GROU", "merk": "Stibat", "puntType": "inzamelbak", "materialen": ["batterijen"], "uitbetaling": [], "vrijToegankelijk": false, "gemeenteBeperking": null, "openingstijden": null, "latitude": 53.094366, "longitude": 5.8327881, "bronId": "L041617"}}, {"type": "Feature", "geometry": {"type": "Point", "coordinates": [5.8398138, 53.0952831]}, "properties": {"type": "inleverpunt", "locatieNaam": "Poiesz", "straatNaam": "Parkstraat", "straatNr": "3", "postcode": "9001 AS", "plaats": "GROU", "merk": "Stibat", "puntType": "inzamelbak", "materialen": ["batterijen"], "uitbetaling": [], "vrijToegankelijk": false, "gemeenteBeperking": null, "openingstijden": null, "latitude": 53.0952831, "longitude": 5.8398138, "bronId": "L005779"}}, {"type": "Feature", "geometry": {"type": "Point", "coordinates": [5.8392203, 53.0956269]}, "properties": {"type": "inleverpunt", "locatieNaam": "HEMA Grou", "straatNaam": "Hoofdstraat", "straatNr": "1", "postcode": "9001 AM", "plaats": "Grou", "merk": "Stibat", "puntType": "inzamelbak", "materialen": ["batterijen"], "uitbetaling": [], "vrijToegankelijk": false, "gemeenteBeperking": null, "openingstijden": null, "latitude": 53.0956269, "longitude": 5.8392203, "bronId": "L046878"}}, {"type": "Feature", "geometry": {"type": "Point", "coordinates": [5.8396195, 53.0958247]}, "properties": {"type": "inleverpunt", "locatieNaam": "Bruna", "straatNaam": "Hoofdstraat", "straatNr": "5", "postcode": "9001 AM", "plaats": "GROU", "merk": "Stibat", "puntType": "inzamelbak", "materialen": ["batterijen"], "uitbetaling": [], "vrijToegankelijk": false, "gemeenteBeperking": null, "openingstijden": null, "latitude": 53.0958247, "longitude": 5.8396195, "bronId": "L045203"}}, {"type": "Feature", "geometry": {"type": "Point", "coordinates": [5.8397091, 53.0963374]}, "properties": {"type": "inleverpunt", "locatieNaam": "EP:", "straatNaam": "It Terpspaad", "straatNr": "19", "postcode": "9001 AP", "plaats": "GROU", "merk": "Stibat", "puntType": "inzamelbak", "materialen": ["batterijen"], "uitbetaling": [], "vrijToegankelijk": false, "gemeenteBeperking": null, "openingstijden": null, "latitude": 53.0963374, "longitude": 5.8397091, "bronId": "L027058"}}, {"type": "Feature", "geometry": {"type": "Point", "coordinates": [5.7189379, 53.1302555]}, "properties": {"type": "inleverpunt", "locatieNaam": "Poiesz", "straatNaam": "De Dobbe", "straatNr": "1", "postcode": "9022 BE", "plaats": "MANTGUM", "merk": "Stibat", "puntType": "inzamelbak", "materialen": ["batterijen"], "uitbetaling": [], "vrijToegankelijk": false, "gemeenteBeperking": null, "openingstijden": null, "latitude": 53.1302555, "longitude": 5.7189379, "bronId": "L028954"}}, {"type": "Feature", "geometry": {"type": "Point", "coordinates": [5.7607738, 53.1490731]}, "properties": {"type": "inleverpunt", "locatieNaam": "Weidumerhout", "straatNaam": "Dekemawei", "straatNr": "9", "postcode": "9024 BE", "plaats": "WEIDUM", "merk": "Stibat", "puntType": "inzamelbak", "materialen": ["batterijen"], "uitbetaling": [], "vrijToegankelijk": false, "gemeenteBeperking": null, "openingstijden": null, "latitude": 53.1490731, "longitude": 5.7607738, "bronId": "L005294"}}, {"type": "Feature", "geometry": {"type": "Point", "coordinates": [5.8031021, 53.1494486]}, "properties": {"type": "inleverpunt", "locatieNaam": "Centerrr", "straatNaam": "Greate Buorren", "straatNr": "9", "postcode": "9088 AD", "plaats": "WIRDUM FR", "merk": "Stibat", "puntType": "inzamelbak", "materialen": ["batterijen"], "uitbetaling": [], "vrijToegankelijk": false, "gemeenteBeperking": null, "openingstijden": null, "latitude": 53.1494486, "longitude": 5.8031021, "bronId": "L043275"}}, {"type": "Feature", "geometry": {"type": "Point", "coordinates": [5.7400712, 53.1683799]}, "properties": {"type": "inleverpunt", "locatieNaam": "Fietsservice de Vries", "straatNaam": "Hegedyk", "straatNr": "33", "postcode": "9026 BA", "plaats": "JELLUM", "merk": "Stibat", "puntType": "inzamelbak", "materialen": ["batterijen"], "uitbetaling": [], "vrijToegankelijk": false, "gemeenteBeperking": null, "openingstijden": null, "latitude": 53.1683799, "longitude": 5.7400712, "bronId": "L049376"}}, {"type": "Feature", "geometry": {"type": "Point", "coordinates": [5.8454901, 53.1521246]}, "properties": {"type": "inleverpunt", "locatieNaam": "Supermarkt Wergea", "straatNaam": "Kerkbuurt", "straatNr": "19", "postcode": "9005 PA", "plaats": "WERGEA", "merk": "Stibat", "puntType": "inzamelbak", "materialen": ["batterijen"], "uitbetaling": [], "vrijToegankelijk": false, "gemeenteBeperking": null, "openingstijden": null, "latitude": 53.1521246, "longitude": 5.8454901, "bronId": "L037355"}}, {"type": "Feature", "geometry": {"type": "Point", "coordinates": [5.8454657, 53.1534673]}, "properties": {"type": "inleverpunt", "locatieNaam": "Postma Tweewielers", "straatNaam": "Fricoweg", "straatNr": "1E", "postcode": "9005 PC", "plaats": "WERGEA", "merk": "Stibat", "puntType": "inzamelbak", "materialen": ["batterijen"], "uitbetaling": [], "vrijToegankelijk": false, "gemeenteBeperking": null, "openingstijden": null, "latitude": 53.1534673, "longitude": 5.8454657, "bronId": "L029226"}}, {"type": "Feature", "geometry": {"type": "Point", "coordinates": [5.7944094, 53.1690933]}, "properties": {"type": "inleverpunt", "locatieNaam": "Lidl", "straatNaam": "Molkenkelder", "straatNr": "55", "postcode": "8941 AG", "plaats": "LEEUWARDEN", "merk": "Stibat", "puntType": "inzamelbak", "materialen": ["batterijen"], "uitbetaling": [], "vrijToegankelijk": false, "gemeenteBeperking": null, "openingstijden": null, "latitude": 53.1690933, "longitude": 5.7944094, "bronId": "L038698"}}, {"type": "Feature", "geometry": {"type": "Point", "coordinates": [5.7945398, 53.1796006]}, "properties": {"type": "inleverpunt", "locatieNaam": "Esso", "straatNaam": "Rijksweg", "straatNr": "A32", "postcode": "9084 AB", "plaats": "GOUTUM", "merk": "Stibat", "puntType": "inzamelbak", "materialen": ["batterijen"], "uitbetaling": [], "vrijToegankelijk": false, "gemeenteBeperking": null, "openingstijden": null, "latitude": 53.1796006, "longitude": 5.7945398, "bronId": "L027485"}}, {"type": "Feature", "geometry": {"type": "Point", "coordinates": [5.7897658, 53.185101]}, "properties": {"type": "inleverpunt", "locatieNaam": "Lidl", "straatNaam": "Willem-Alexanderplein", "straatNr": "1", "postcode": "8931 DW", "plaats": "Leeuwarden", "merk": "Stibat", "puntType": "inzamelbak", "materialen": ["batterijen"], "uitbetaling": [], "vrijToegankelijk": false, "gemeenteBeperking": null, "openingstijden": null, "latitude": 53.185101, "longitude": 5.7897658, "bronId": "L031125"}}, {"type": "Feature", "geometry": {"type": "Point", "coordinates": [5.7899464, 53.1851693]}, "properties": {"type": "inleverpunt", "locatieNaam": "DA", "straatNaam": "Willem Alexanderplein", "straatNr": "9", "postcode": "8931 DW", "plaats": "Leeuwarden", "merk": "Stibat", "puntType": "inzamelbak", "materialen": ["batterijen"], "uitbetaling": [], "vrijToegankelijk": false, "gemeenteBeperking": null, "openingstijden": null, "latitude": 53.1851693, "longitude": 5.7899464, "bronId": "L026852"}}, {"type": "Feature", "geometry": {"type": "Point", "coordinates": [5.8243052, 53.1793474]}, "properties": {"type": "inleverpunt", "locatieNaam": "Jumbo", "straatNaam": "Kruisdobbe", "straatNr": "4", "postcode": "8939 BB", "plaats": "LEEUWARDEN", "merk": "Stibat", "puntType": "inzamelbak", "materialen": ["batterijen"], "uitbetaling": [], "vrijToegankelijk": false, "gemeenteBeperking": null, "openingstijden": null, "latitude": 53.1793474, "longitude": 5.8243052, "bronId": "L032222"}}, {"type": "Feature", "geometry": {"type": "Point", "coordinates": [5.8236412, 53.179729]}, "properties": {"type": "inleverpunt", "locatieNaam": "HEMA Leeuwarden Zuiderburen", "straatNaam": "Het Hop", "straatNr": "2", "postcode": "8939 BA", "plaats": "Leeuwarden", "merk": "Stibat", "puntType": "inzamelbak", "materialen": ["batterijen"], "uitbetaling": [], "vrijToegankelijk": false, "gemeenteBeperking": null, "openingstijden": null, "latitude": 53.179729, "longitude": 5.8236412, "bronId": "L046829"}}, {"type": "Feature", "geometry": {"type": "Point", "coordinates": [5.7714531, 53.1922209]}, "properties": {"type": "inleverpunt", "locatieNaam": "ST.E.F.", "straatNaam": "Edisonstraat", "straatNr": "14", "postcode": "8912 AW", "plaats": "LEEUWARDEN", "merk": "Stibat", "puntType": "inzamelbak", "materialen": ["batterijen"], "uitbetaling": [], "vrijToegankelijk": false, "gemeenteBeperking": null, "openingstijden": null, "latitude": 53.1922209, "longitude": 5.7714531, "bronId": "L030998"}}, {"type": "Feature", "geometry": {"type": "Point", "coordinates": [5.8034477, 53.1872459]}, "properties": {"type": "inleverpunt", "locatieNaam": "Esso", "straatNaam": "Aldlansdyk", "straatNr": "5", "postcode": "8934 AA", "plaats": "LEEUWARDEN", "merk": "Stibat", "puntType": "inzamelbak", "materialen": ["batterijen"], "uitbetaling": [], "vrijToegankelijk": false, "gemeenteBeperking": null, "openingstijden": null, "latitude": 53.1872459, "longitude": 5.8034477, "bronId": "L026983"}}, {"type": "Feature", "geometry": {"type": "Point", "coordinates": [5.7643926, 53.1936794]}, "properties": {"type": "inleverpunt", "locatieNaam": "Würth shop Leeuwarden", "straatNaam": "Celsiusweg", "straatNr": "2e", "postcode": "8912 AN", "plaats": "LEEUWARDEN", "merk": "Stibat", "puntType": "inzamelbak", "materialen": ["batterijen"], "uitbetaling": [], "vrijToegankelijk": false, "gemeenteBeperking": null, "openingstijden": null, "latitude": 53.1936794, "longitude": 5.7643926, "bronId": "L048084"}}, {"type": "Feature", "geometry": {"type": "Point", "coordinates": [5.8037361, 53.1872849]}, "properties": {"type": "inleverpunt", "locatieNaam": "De Haan", "straatNaam": "Aldlânsdyk", "straatNr": "5", "postcode": "8934 AA", "plaats": "Leeuwarden", "merk": "Stibat", "puntType": "inzamelbak", "materialen": ["batterijen"], "uitbetaling": [], "vrijToegankelijk": false, "gemeenteBeperking": null, "openingstijden": null, "latitude": 53.1872849, "longitude": 5.8037361, "bronId": "L044808"}}, {"type": "Feature", "geometry": {"type": "Point", "coordinates": [5.7616945, 53.195253]}, "properties": {"type": "inleverpunt", "locatieNaam": "Sligro", "straatNaam": "Celsiusweg", "straatNr": "35", "postcode": "8912 AM", "plaats": "LEEUWARDEN", "merk": "Stibat", "puntType": "inzamelbak", "materialen": ["batterijen"], "uitbetaling": [], "vrijToegankelijk": false, "gemeenteBeperking": null, "openingstijden": null, "latitude": 53.195253, "longitude": 5.7616945, "bronId": "L026256"}}, {"type": "Feature", "geometry": {"type": "Point", "coordinates": [5.8065749, 53.1889222]}, "properties": {"type": "inleverpunt", "locatieNaam": "7789 Etos", "straatNaam": "Borniastraat", "straatNr": "38", "postcode": "8934 AD", "plaats": "LEEUWARDEN", "merk": "Stibat", "puntType": "inzamelbak", "materialen": ["batterijen"], "uitbetaling": [], "vrijToegankelijk": false, "gemeenteBeperking": null, "openingstijden": null, "latitude": 53.1889222, "longitude": 5.8065749, "bronId": "L025619"}}, {"type": "Feature", "geometry": {"type": "Point", "coordinates": [5.8065749, 53.1889222]}, "properties": {"type": "inleverpunt", "locatieNaam": "Schoonenberg Hoorcomfort", "straatNaam": "Henri Dunantweg", "straatNr": "2", "postcode": "8934 AD", "plaats": "LEEUWARDEN", "merk": "Stibat", "puntType": "inzamelbak", "materialen": ["batterijen"], "uitbetaling": [], "vrijToegankelijk": false, "gemeenteBeperking": null, "openingstijden": null, "latitude": 53.1889222, "longitude": 5.8065749, "bronId": "L030823"}}, {"type": "Feature", "geometry": {"type": "Point", "coordinates": [5.7983726, 53.1906526]}, "properties": {"type": "inleverpunt", "locatieNaam": "Schoonenberg HoorSupport", "straatNaam": "Borniastraat", "straatNr": "4", "postcode": "8932 PE", "plaats": "LEEUWARDEN", "merk": "Stibat", "puntType": "inzamelbak", "materialen": ["batterijen"], "uitbetaling": [], "vrijToegankelijk": false, "gemeenteBeperking": null, "openingstijden": null, "latitude": 53.1906526, "longitude": 5.7983726, "bronId": "L039044"}}, {"type": "Feature", "geometry": {"type": "Point", "coordinates": [5.8045676, 53.1898437]}, "properties": {"type": "inleverpunt", "locatieNaam": "The Read Shop", "straatNaam": "Henri Dunantweg", "straatNr": "2", "postcode": "8934 AD", "plaats": "LEEUWARDEN", "merk": "Stibat", "puntType": "inzamelbak", "materialen": ["batterijen"], "uitbetaling": [], "vrijToegankelijk": false, "gemeenteBeperking": null, "openingstijden": null, "latitude": 53.1898437, "longitude": 5.8045676, "bronId": "L036375"}}, {"type": "Feature", "geometry": {"type": "Point", "coordinates": [5.7670034, 53.1960596]}, "properties": {"type": "inleverpunt", "locatieNaam": "Gamma", "straatNaam": "Slauerhoffweg", "straatNr": "2", "postcode": "8912 BH", "plaats": "LEEUWARDEN", "merk": "Stibat", "puntType": "inzamelbak", "materialen": ["batterijen"], "uitbetaling": [], "vrijToegankelijk": false, "gemeenteBeperking": null, "openingstijden": null, "latitude": 53.1960596, "longitude": 5.7670034, "bronId": "L006141"}}, {"type": "Feature", "geometry": {"type": "Point", "coordinates": [5.7743958, 53.1953183]}, "properties": {"type": "inleverpunt", "locatieNaam": "Hulpmiddelencentrum (Beenhakker)", "straatNaam": "Amperestraat", "straatNr": "14", "postcode": "8912 AD", "plaats": "LEEUWARDEN", "merk": "Stibat", "puntType": "inzamelbak", "materialen": ["batterijen"], "uitbetaling": [], "vrijToegankelijk": false, "gemeenteBeperking": null, "openingstijden": null, "latitude": 53.1953183, "longitude": 5.7743958, "bronId": "L039932"}}, {"type": "Feature", "geometry": {"type": "Point", "coordinates": [5.7837609, 53.1940102]}, "properties": {"type": "inleverpunt", "locatieNaam": "Jumbo", "straatNaam": "Van Loonstraat", "straatNr": "112", "postcode": "8932 AV", "plaats": "LEEUWARDEN", "merk": "Stibat", "puntType": "inzamelbak", "materialen": ["batterijen"], "uitbetaling": [], "vrijToegankelijk": false, "gemeenteBeperking": null, "openingstijden": null, "latitude": 53.1940102, "longitude": 5.7837609, "bronId": "L029958"}}, {"type": "Feature", "geometry": {"type": "Point", "coordinates": [5.792926, 53.1925276]}, "properties": {"type": "inleverpunt", "locatieNaam": "Hubo", "straatNaam": "Hobbemastraat", "straatNr": "5", "postcode": "8932 KZ", "plaats": "LEEUWARDEN", "merk": "Stibat", "puntType": "inzamelbak", "materialen": ["batterijen"], "uitbetaling": [], "vrijToegankelijk": false, "gemeenteBeperking": null, "openingstijden": null, "latitude": 53.1925276, "longitude": 5.792926, "bronId": "L009714"}}, {"type": "Feature", "geometry": {"type": "Point", "coordinates": [5.7723511, 53.1961005]}, "properties": {"type": "inleverpunt", "locatieNaam": "Estafette Kringloop Leeuwarden", "straatNaam": "Voltastraat", "straatNr": "11", "postcode": "8912 AE", "plaats": "LEEUWARDEN", "merk": "Stibat", "puntType": "inzamelbak", "materialen": ["batterijen"], "uitbetaling": [], "vrijToegankelijk": false, "gemeenteBeperking": null, "openingstijden": null, "latitude": 53.1961005, "longitude": 5.7723511, "bronId": "L030903"}}, {"type": "Feature", "geometry": {"type": "Point", "coordinates": [5.7989126, 53.1927228]}, "properties": {"type": "inleverpunt", "locatieNaam": "Audiologisch Centrum Leeuwarden / Pento", "straatNaam": "Verlengde Schrans", "straatNr": "35", "postcode": "8932 NJ", "plaats": "LEEUWARDEN", "merk": "Stibat", "puntType": "inzamelbak", "materialen": ["batterijen"], "uitbetaling": [], "vrijToegankelijk": false, "gemeenteBeperking": null, "openingstijden": null, "latitude": 53.1927228, "longitude": 5.7989126, "bronId": "L031282"}}, {"type": "Feature", "geometry": {"type": "Point", "coordinates": [5.7734375, 53.1971364]}, "properties": {"type": "inleverpunt", "locatieNaam": "Welkoop", "straatNaam": "Snekertrekweg", "straatNr": "71", "postcode": "8912 AB", "plaats": "LEEUWARDEN", "merk": "Stibat", "puntType": "inzamelbak", "materialen": ["batterijen"], "uitbetaling": [], "vrijToegankelijk": false, "gemeenteBeperking": null, "openingstijden": null, "latitude": 53.1971364, "longitude": 5.7734375, "bronId": "L017778"}}, {"type": "Feature", "geometry": {"type": "Point", "coordinates": [5.7981568, 53.1934892]}, "properties": {"type": "inleverpunt", "locatieNaam": "Expert", "straatNaam": "Schrans", "straatNr": "104", "postcode": "8932 NH", "plaats": "LEEUWARDEN", "merk": "Stibat", "puntType": "inzamelbak", "materialen": ["batterijen"], "uitbetaling": [], "vrijToegankelijk": false, "gemeenteBeperking": null, "openingstijden": null, "latitude": 53.1934892, "longitude": 5.7981568, "bronId": "L010571"}}, {"type": "Feature", "geometry": {"type": "Point", "coordinates": [5.7982316, 53.1937653]}, "properties": {"type": "inleverpunt", "locatieNaam": "De Boer", "straatNaam": "Schrans", "straatNr": "94-96", "postcode": "8932 NH", "plaats": "LEEUWARDEN", "merk": "Stibat", "puntType": "inzamelbak", "materialen": ["batterijen"], "uitbetaling": [], "vrijToegankelijk": false, "gemeenteBeperking": null, "openingstijden": null, "latitude": 53.1937653, "longitude": 5.7982316, "bronId": "L038495"}}, {"type": "Feature", "geometry": {"type": "Point", "coordinates": [5.8285736, 53.1885255]}, "properties": {"type": "inleverpunt", "locatieNaam": "petaPC", "straatNaam": "Zevenblad", "straatNr": "4", "postcode": "8935 RK", "plaats": "LEEUWARDEN", "merk": "Stibat", "puntType": "inzamelbak", "materialen": ["batterijen"], "uitbetaling": [], "vrijToegankelijk": false, "gemeenteBeperking": null, "openingstijden": null, "latitude": 53.1885255, "longitude": 5.8285736, "bronId": "L031571"}}, {"type": "Feature", "geometry": {"type": "Point", "coordinates": [5.8284785, 53.1888822]}, "properties": {"type": "inleverpunt", "locatieNaam": "Poiesz", "straatNaam": "Zevenblad", "straatNr": "12", "postcode": "8935 RK", "plaats": "LEEUWARDEN", "merk": "Stibat", "puntType": "inzamelbak", "materialen": ["batterijen"], "uitbetaling": [], "vrijToegankelijk": false, "gemeenteBeperking": null, "openingstijden": null, "latitude": 53.1888822, "longitude": 5.8284785, "bronId": "L007249"}}, {"type": "Feature", "geometry": {"type": "Point", "coordinates": [5.7810579, 53.197078]}, "properties": {"type": "inleverpunt", "locatieNaam": "Westcom v.o.f.", "straatNaam": "Snekertrekweg", "straatNr": "35", "postcode": "8912 AA", "plaats": "LEEUWARDEN", "merk": "Stibat", "puntType": "inzamelbak", "materialen": ["batterijen"], "uitbetaling": [], "vrijToegankelijk": false, "gemeenteBeperking": null, "openingstijden": null, "latitude": 53.197078, "longitude": 5.7810579, "bronId": "L029911"}}, {"type": "Feature", "geometry": {"type": "Point", "coordinates": [5.7988977, 53.1943044]}, "properties": {"type": "inleverpunt", "locatieNaam": "1608 Albert Heijn", "straatNaam": "Schrans", "straatNr": "121", "postcode": "8932 ND", "plaats": "LEEUWARDEN", "merk": "Stibat", "puntType": "inzamelbak", "materialen": ["batterijen"], "uitbetaling": [], "vrijToegankelijk": false, "gemeenteBeperking": null, "openingstijden": null, "latitude": 53.1943044, "longitude": 5.7988977, "bronId": "L006213"}}, {"type": "Feature", "geometry": {"type": "Point", "coordinates": [5.7987854, 53.1944117]}, "properties": {"type": "inleverpunt", "locatieNaam": "Vulpunt Leeuwarden", "straatNaam": "Schrans", "straatNr": "117", "postcode": "8932 ND", "plaats": "LEEUWARDEN", "merk": "Stibat", "puntType": "inzamelbak", "materialen": ["batterijen"], "uitbetaling": [], "vrijToegankelijk": false, "gemeenteBeperking": null, "openingstijden": null, "latitude": 53.1944117, "longitude": 5.7987854, "bronId": "L036800"}}, {"type": "Feature", "geometry": {"type": "Point", "coordinates": [5.7987968, 53.1947001]}, "properties": {"type": "inleverpunt", "locatieNaam": "DA", "straatNaam": "Schrans", "straatNr": "101", "postcode": "8932 NC", "plaats": "Leeuwarden", "merk": "Stibat", "puntType": "inzamelbak", "materialen": ["batterijen"], "uitbetaling": [], "vrijToegankelijk": false, "gemeenteBeperking": null, "openingstijden": null, "latitude": 53.1947001, "longitude": 5.7987968, "bronId": "L026129"}}, {"type": "Feature", "geometry": {"type": "Point", "coordinates": [5.8172208, 53.1915872]}, "properties": {"type": "inleverpunt", "locatieNaam": "Aldi", "straatNaam": "Tijnjedyk", "straatNr": "76F", "postcode": "8936 AD", "plaats": "LEEUWARDEN", "merk": "Stibat", "puntType": "inzamelbak", "materialen": ["batterijen"], "uitbetaling": [], "vrijToegankelijk": false, "gemeenteBeperking": null, "openingstijden": null, "latitude": 53.1915872, "longitude": 5.8172208, "bronId": "L042102"}}, {"type": "Feature", "geometry": {"type": "Point", "coordinates": [5.7988156, 53.1951044]}, "properties": {"type": "inleverpunt", "locatieNaam": "Kruidvat", "straatNaam": "De Schrans", "straatNr": "83", "postcode": "8932 NB", "plaats": "LEEUWARDEN", "merk": "Stibat", "puntType": "inzamelbak", "materialen": ["batterijen"], "uitbetaling": [], "vrijToegankelijk": false, "gemeenteBeperking": null, "openingstijden": null, "latitude": 53.1951044, "longitude": 5.7988156, "bronId": "L016131"}}, {"type": "Feature", "geometry": {"type": "Point", "coordinates": [5.7692247, 53.1999574]}, "properties": {"type": "inleverpunt", "locatieNaam": "1017 Action", "straatNaam": "Stadionplein", "straatNr": "31", "postcode": "8914 BX", "plaats": "Leeuwarden", "merk": "Stibat", "puntType": "inzamelbak", "materialen": ["batterijen"], "uitbetaling": [], "vrijToegankelijk": false, "gemeenteBeperking": null, "openingstijden": null, "latitude": 53.1999574, "longitude": 5.7692247, "bronId": "L016811"}}, {"type": "Feature", "geometry": {"type": "Point", "coordinates": [5.7987841, 53.1952281]}, "properties": {"type": "inleverpunt", "locatieNaam": "KiK Leeuwarden", "straatNaam": "Schrans", "straatNr": "79", "postcode": "8932 NB", "plaats": "LEEUWARDEN", "merk": "Stibat", "puntType": "inzamelbak", "materialen": ["batterijen"], "uitbetaling": [], "vrijToegankelijk": false, "gemeenteBeperking": null, "openingstijden": null, "latitude": 53.1952281, "longitude": 5.7987841, "bronId": "L044896"}}, {"type": "Feature", "geometry": {"type": "Point", "coordinates": [5.7926156, 53.1964083]}, "properties": {"type": "inleverpunt", "locatieNaam": "AKO", "straatNaam": "Stationsplein", "straatNr": "2D", "postcode": "8911 AC", "plaats": "LEEUWARDEN", "merk": "Stibat", "puntType": "inzamelbak", "materialen": ["batterijen"], "uitbetaling": [], "vrijToegankelijk": false, "gemeenteBeperking": null, "openingstijden": null, "latitude": 53.1964083, "longitude": 5.7926156, "bronId": "L037332"}}, {"type": "Feature", "geometry": {"type": "Point", "coordinates": [5.8179381, 53.1921168]}, "properties": {"type": "inleverpunt", "locatieNaam": "Bruna", "straatNaam": "Tijnjedijk", "straatNr": "76B", "postcode": "8936 AD", "plaats": "LEEUWARDEN", "merk": "Stibat", "puntType": "inzamelbak", "materialen": ["batterijen"], "uitbetaling": [], "vrijToegankelijk": false, "gemeenteBeperking": null, "openingstijden": null, "latitude": 53.1921168, "longitude": 5.8179381, "bronId": "L024679"}}, {"type": "Feature", "geometry": {"type": "Point", "coordinates": [5.8179381, 53.1921168]}, "properties": {"type": "inleverpunt", "locatieNaam": "1513 Albert Heijn XL", "straatNaam": "Tijnjedijk", "straatNr": "76", "postcode": "8936 AD", "plaats": "LEEUWARDEN", "merk": "Stibat", "puntType": "inzamelbak", "materialen": ["batterijen"], "uitbetaling": [], "vrijToegankelijk": false, "gemeenteBeperking": null, "openingstijden": null, "latitude": 53.1921168, "longitude": 5.8179381, "bronId": "L005763"}}, {"type": "Feature", "geometry": {"type": "Point", "coordinates": [5.798995, 53.1953754]}, "properties": {"type": "inleverpunt", "locatieNaam": "1127 Action", "straatNaam": "Schrans", "straatNr": "73", "postcode": "8932 NB", "plaats": "LEEUWARDEN", "merk": "Stibat", "puntType": "inzamelbak", "materialen": ["batterijen"], "uitbetaling": [], "vrijToegankelijk": false, "gemeenteBeperking": null, "openingstijden": null, "latitude": 53.1953754, "longitude": 5.798995, "bronId": "L018857"}}, {"type": "Feature", "geometry": {"type": "Point", "coordinates": [5.8131551, 53.1929639]}, "properties": {"type": "inleverpunt", "locatieNaam": "Intratuin", "straatNaam": "Tijnjedijk", "straatNr": "5", "postcode": "8934 BT", "plaats": "LEEUWARDEN", "merk": "Stibat", "puntType": "inzamelbak", "materialen": ["batterijen"], "uitbetaling": [], "vrijToegankelijk": false, "gemeenteBeperking": null, "openingstijden": null, "latitude": 53.1929639, "longitude": 5.8131551, "bronId": "L022685"}}, {"type": "Feature", "geometry": {"type": "Point", "coordinates": [5.7715482, 53.1998563]}, "properties": {"type": "inleverpunt", "locatieNaam": "Westcord WTC Hotel Leeuwarden", "straatNaam": "Heliconweg", "straatNr": "52", "postcode": "8914 AT", "plaats": "LEEUWARDEN", "merk": "Stibat", "puntType": "inzamelbak", "materialen": ["batterijen"], "uitbetaling": [], "vrijToegankelijk": false, "gemeenteBeperking": null, "openingstijden": null, "latitude": 53.1998563, "longitude": 5.7715482, "bronId": "L036518"}}, {"type": "Feature", "geometry": {"type": "Point", "coordinates": [5.8172077, 53.192398]}, "properties": {"type": "inleverpunt", "locatieNaam": "7797 Etos", "straatNaam": "Tijnjedijk", "straatNr": "76 a", "postcode": "8936 AD", "plaats": "LEEUWARDEN", "merk": "Stibat", "puntType": "inzamelbak", "materialen": ["batterijen"], "uitbetaling": [], "vrijToegankelijk": false, "gemeenteBeperking": null, "openingstijden": null, "latitude": 53.192398, "longitude": 5.8172077, "bronId": "L024896"}}, {"type": "Feature", "geometry": {"type": "Point", "coordinates": [5.7823171, 53.1987]}, "properties": {"type": "inleverpunt", "locatieNaam": "2231 Albert Heijn", "straatNaam": "Tesselschadestraat", "straatNr": "23", "postcode": "8913 HA", "plaats": "LEEUWARDEN", "merk": "Stibat", "puntType": "inzamelbak", "materialen": ["batterijen"], "uitbetaling": [], "vrijToegankelijk": false, "gemeenteBeperking": null, "openingstijden": null, "latitude": 53.1987, "longitude": 5.7823171, "bronId": "L044378"}}, {"type": "Feature", "geometry": {"type": "Point", "coordinates": [5.7937922, 53.1971343]}, "properties": {"type": "inleverpunt", "locatieNaam": "Oranje Hotel Leeuwarden (Leonardo)", "straatNaam": "Stationsweg", "straatNr": "4", "postcode": "8911 AG", "plaats": "LEEUWARDEN", "merk": "Stibat", "puntType": "inzamelbak", "materialen": ["batterijen"], "uitbetaling": [], "vrijToegankelijk": false, "gemeenteBeperking": null, "openingstijden": null, "latitude": 53.1971343, "longitude": 5.7937922, "bronId": "L028730"}}, {"type": "Feature", "geometry": {"type": "Point", "coordinates": [5.772543, 53.2006987]}, "properties": {"type": "inleverpunt", "locatieNaam": "Kruidvat", "straatNaam": "Stadionplein", "straatNr": "1", "postcode": "8914 BX", "plaats": "Leeuwarden", "merk": "Stibat", "puntType": "inzamelbak", "materialen": ["batterijen"], "uitbetaling": [], "vrijToegankelijk": false, "gemeenteBeperking": null, "openingstijden": null, "latitude": 53.2006987, "longitude": 5.772543, "bronId": "L044344"}}, {"type": "Feature", "geometry": {"type": "Point", "coordinates": [5.772543, 53.2006987]}, "properties": {"type": "inleverpunt", "locatieNaam": "JUMBO", "straatNaam": "Stadionplein", "straatNr": "3", "postcode": "8914 BX", "plaats": "Leeuwarden", "merk": "Stibat", "puntType": "inzamelbak", "materialen": ["batterijen"], "uitbetaling": [], "vrijToegankelijk": false, "gemeenteBeperking": null, "openingstijden": null, "latitude": 53.2006987, "longitude": 5.772543, "bronId": "L037452"}}, {"type": "Feature", "geometry": {"type": "Point", "coordinates": [5.764448, 53.2023083]}, "properties": {"type": "inleverpunt", "locatieNaam": "Bouwmaat", "straatNaam": "Simon Vestdijkwei", "straatNr": "1", "postcode": "8914 AX", "plaats": "LEEUWARDEN", "merk": "Stibat", "puntType": "inzamelbak", "materialen": ["batterijen"], "uitbetaling": [], "vrijToegankelijk": false, "gemeenteBeperking": null, "openingstijden": null, "latitude": 53.2023083, "longitude": 5.764448, "bronId": "L046492"}}, {"type": "Feature", "geometry": {"type": "Point", "coordinates": [5.771549, 53.201811]}, "properties": {"type": "inleverpunt", "locatieNaam": "Aldi", "straatNaam": "Stadionplein", "straatNr": "5", "postcode": "8914 BX", "plaats": "LEEUWARDEN", "merk": "Stibat", "puntType": "inzamelbak", "materialen": ["batterijen"], "uitbetaling": [], "vrijToegankelijk": false, "gemeenteBeperking": null, "openingstijden": null, "latitude": 53.201811, "longitude": 5.771549, "bronId": "L041564"}}, {"type": "Feature", "geometry": {"type": "Point", "coordinates": [5.7758179, 53.2017586]}, "properties": {"type": "inleverpunt", "locatieNaam": "B.L. Mulder BV", "straatNaam": "Heliconweg", "straatNr": "55", "postcode": "8913 EV", "plaats": "LEEUWARDEN", "merk": "Stibat", "puntType": "inzamelbak", "materialen": ["batterijen"], "uitbetaling": [], "vrijToegankelijk": false, "gemeenteBeperking": null, "openingstijden": null, "latitude": 53.2017586, "longitude": 5.7758179, "bronId": "L026928"}}, {"type": "Feature", "geometry": {"type": "Point", "coordinates": [5.7920438, 53.1991821]}, "properties": {"type": "inleverpunt", "locatieNaam": "1237 Albert Heijn", "straatNaam": "Prins Hendrikstraat", "straatNr": "2a", "postcode": "8911 BK", "plaats": "LEEUWARDEN", "merk": "Stibat", "puntType": "inzamelbak", "materialen": ["batterijen"], "uitbetaling": [], "vrijToegankelijk": false, "gemeenteBeperking": null, "openingstijden": null, "latitude": 53.1991821, "longitude": 5.7920438, "bronId": "L005942"}}, {"type": "Feature", "geometry": {"type": "Point", "coordinates": [5.8215585, 53.1943373]}, "properties": {"type": "inleverpunt", "locatieNaam": "Werkplaats Oudoost", "straatNaam": "Ouddeelstraat", "straatNr": "9", "postcode": "8936 AZ", "plaats": "LEEUWARDEN", "merk": "Stibat", "puntType": "inzamelbak", "materialen": ["batterijen"], "uitbetaling": [], "vrijToegankelijk": false, "gemeenteBeperking": null, "openingstijden": null, "latitude": 53.1943373, "longitude": 5.8215585, "bronId": "L049589"}}, {"type": "Feature", "geometry": {"type": "Point", "coordinates": [5.7959516, 53.199497]}, "properties": {"type": "inleverpunt", "locatieNaam": "Xenos", "straatNaam": "Zaailand", "straatNr": "75", "postcode": "8911 BL", "plaats": "LEEUWARDEN", "merk": "Stibat", "puntType": "inzamelbak", "materialen": ["batterijen"], "uitbetaling": [], "vrijToegankelijk": false, "gemeenteBeperking": null, "openingstijden": null, "latitude": 53.199497, "longitude": 5.7959516, "bronId": "L036912"}}, {"type": "Feature", "geometry": {"type": "Point", "coordinates": [5.7955201, 53.1996559]}, "properties": {"type": "inleverpunt", "locatieNaam": "Primera", "straatNaam": "Ruiterskwartier", "straatNr": "20A", "postcode": "8911 BP", "plaats": "LEEUWARDEN", "merk": "Stibat", "puntType": "inzamelbak", "materialen": ["batterijen"], "uitbetaling": [], "vrijToegankelijk": false, "gemeenteBeperking": null, "openingstijden": null, "latitude": 53.1996559, "longitude": 5.7955201, "bronId": "L039778"}}, {"type": "Feature", "geometry": {"type": "Point", "coordinates": [5.7945198, 53.1998766]}, "properties": {"type": "inleverpunt", "locatieNaam": "Hans Anders", "straatNaam": "Ruiterskwartier", "straatNr": "22", "postcode": "8911 BP", "plaats": "LEEUWARDEN", "merk": "Stibat", "puntType": "inzamelbak", "materialen": ["batterijen"], "uitbetaling": [], "vrijToegankelijk": false, "gemeenteBeperking": null, "openingstijden": null, "latitude": 53.1998766, "longitude": 5.7945198, "bronId": "L041034"}}, {"type": "Feature", "geometry": {"type": "Point", "coordinates": [5.79449, 53.199902]}, "properties": {"type": "inleverpunt", "locatieNaam": "ANWB", "straatNaam": "Ruiterskwartier", "straatNr": "22a", "postcode": "8911 BP", "plaats": "LEEUWARDEN", "merk": "Stibat", "puntType": "inzamelbak", "materialen": ["batterijen"], "uitbetaling": [], "vrijToegankelijk": false, "gemeenteBeperking": null, "openingstijden": null, "latitude": 53.199902, "longitude": 5.79449, "bronId": "L044571"}}, {"type": "Feature", "geometry": {"type": "Point", "coordinates": [5.795141, 53.199988]}, "properties": {"type": "inleverpunt", "locatieNaam": "Prenatal LEEUWARDEN", "straatNaam": "Ruiterskwartier", "straatNr": "151", "postcode": "8911 BS", "plaats": "LEEUWARDEN", "merk": "Stibat", "puntType": "inzamelbak", "materialen": ["batterijen"], "uitbetaling": [], "vrijToegankelijk": false, "gemeenteBeperking": null, "openingstijden": null, "latitude": 53.199988, "longitude": 5.795141, "bronId": "L039595"}}, {"type": "Feature", "geometry": {"type": "Point", "coordinates": [5.7970651, 53.1998638]}, "properties": {"type": "inleverpunt", "locatieNaam": "Belcompany", "straatNaam": "Wirdumerdijk", "straatNr": "31", "postcode": "8911 CC", "plaats": "LEEUWARDEN", "merk": "Stibat", "puntType": "inzamelbak", "materialen": ["batterijen"], "uitbetaling": [], "vrijToegankelijk": false, "gemeenteBeperking": null, "openingstijden": null, "latitude": 53.1998638, "longitude": 5.7970651, "bronId": "L026875"}}, {"type": "Feature", "geometry": {"type": "Point", "coordinates": [5.7948691, 53.2002577]}, "properties": {"type": "inleverpunt", "locatieNaam": "7334 Etos", "straatNaam": "Nieuwstad", "straatNr": "130", "postcode": "8911 DA", "plaats": "LEEUWARDEN", "merk": "Stibat", "puntType": "inzamelbak", "materialen": ["batterijen"], "uitbetaling": [], "vrijToegankelijk": false, "gemeenteBeperking": null, "openingstijden": null, "latitude": 53.2002577, "longitude": 5.7948691, "bronId": "L023512"}}, {"type": "Feature", "geometry": {"type": "Point", "coordinates": [5.7971407, 53.1999444]}, "properties": {"type": "inleverpunt", "locatieNaam": "Phone House", "straatNaam": "Wirdumerdijk", "straatNr": "29", "postcode": "8911 CC", "plaats": "LEEUWARDEN", "merk": "Stibat", "puntType": "inzamelbak", "materialen": ["batterijen"], "uitbetaling": [], "vrijToegankelijk": false, "gemeenteBeperking": null, "openingstijden": null, "latitude": 53.1999444, "longitude": 5.7971407, "bronId": "L022918"}}, {"type": "Feature", "geometry": {"type": "Point", "coordinates": [5.7970813, 53.1999895]}, "properties": {"type": "inleverpunt", "locatieNaam": "KPN winkel", "straatNaam": "Wirdumerdijk", "straatNr": "27", "postcode": "8911 CC", "plaats": "LEEUWARDEN", "merk": "Stibat", "puntType": "inzamelbak", "materialen": ["batterijen"], "uitbetaling": [], "vrijToegankelijk": false, "gemeenteBeperking": null, "openingstijden": null, "latitude": 53.1999895, "longitude": 5.7970813, "bronId": "L007841"}}, {"type": "Feature", "geometry": {"type": "Point", "coordinates": [5.7946977, 53.2004223]}, "properties": {"type": "inleverpunt", "locatieNaam": "HEMA Nieuwestad", "straatNaam": "Nieuwestad", "straatNr": "126", "postcode": "8911 DA", "plaats": "LEEUWARDEN", "merk": "Stibat", "puntType": "inzamelbak", "materialen": ["batterijen"], "uitbetaling": [], "vrijToegankelijk": false, "gemeenteBeperking": null, "openingstijden": null, "latitude": 53.2004223, "longitude": 5.7946977, "bronId": "L008241"}}, {"type": "Feature", "geometry": {"type": "Point", "coordinates": [5.7954113, 53.2003406]}, "properties": {"type": "inleverpunt", "locatieNaam": "DOUGLAS", "straatNaam": "Nieuwestad", "straatNr": "138", "postcode": "8911 DB", "plaats": "LEEUWARDEN", "merk": "Stibat", "puntType": "inzamelbak", "materialen": ["batterijen"], "uitbetaling": [], "vrijToegankelijk": false, "gemeenteBeperking": null, "openingstijden": null, "latitude": 53.2003406, "longitude": 5.7954113, "bronId": "L049219"}}, {"type": "Feature", "geometry": {"type": "Point", "coordinates": [5.7939063, 53.2005933]}, "properties": {"type": "inleverpunt", "locatieNaam": "SoLow", "straatNaam": "Nieuwestad", "straatNr": "110", "postcode": "8911 CZ", "plaats": "LEEUWARDEN", "merk": "Stibat", "puntType": "inzamelbak", "materialen": ["batterijen"], "uitbetaling": [], "vrijToegankelijk": false, "gemeenteBeperking": null, "openingstijden": null, "latitude": 53.2005933, "longitude": 5.7939063, "bronId": "L044376"}}, {"type": "Feature", "geometry": {"type": "Point", "coordinates": [5.7914352, 53.201105]}, "properties": {"type": "inleverpunt", "locatieNaam": "Wibra", "straatNaam": "Nieuwestad", "straatNr": "50", "postcode": "8911 CV", "plaats": "Leeuwarden", "merk": "Stibat", "puntType": "inzamelbak", "materialen": ["batterijen"], "uitbetaling": [], "vrijToegankelijk": false, "gemeenteBeperking": null, "openingstijden": null, "latitude": 53.201105, "longitude": 5.7914352, "bronId": "L022617"}}, {"type": "Feature", "geometry": {"type": "Point", "coordinates": [5.797199, 53.2002172]}, "properties": {"type": "inleverpunt", "locatieNaam": "Intertoys", "straatNaam": "Wirdumerdijk", "straatNr": "21", "postcode": "8911 CB", "plaats": "Leeuwarden", "merk": "Stibat", "puntType": "inzamelbak", "materialen": ["batterijen"], "uitbetaling": [], "vrijToegankelijk": false, "gemeenteBeperking": null, "openingstijden": null, "latitude": 53.2002172, "longitude": 5.797199, "bronId": "L043523"}}, {"type": "Feature", "geometry": {"type": "Point", "coordinates": [5.7967851, 53.200314]}, "properties": {"type": "inleverpunt", "locatieNaam": "Kruidvat", "straatNaam": "Wirdumerdijk", "straatNr": "8-10", "postcode": "8911 CD", "plaats": "LEEUWARDEN", "merk": "Stibat", "puntType": "inzamelbak", "materialen": ["batterijen"], "uitbetaling": [], "vrijToegankelijk": false, "gemeenteBeperking": null, "openingstijden": null, "latitude": 53.200314, "longitude": 5.7967851, "bronId": "L015725"}}, {"type": "Feature", "geometry": {"type": "Point", "coordinates": [5.7962291, 53.2004908]}, "properties": {"type": "inleverpunt", "locatieNaam": "Specsavers", "straatNaam": "Nieuwestad", "straatNr": "156", "postcode": "8911 DB", "plaats": "Leeuwarden", "merk": "Stibat", "puntType": "inzamelbak", "materialen": ["batterijen"], "uitbetaling": [], "vrijToegankelijk": false, "gemeenteBeperking": null, "openingstijden": null, "latitude": 53.2004908, "longitude": 5.7962291, "bronId": "L045053"}}, {"type": "Feature", "geometry": {"type": "Point", "coordinates": [5.7940535, 53.2010512]}, "properties": {"type": "inleverpunt", "locatieNaam": "MacMe/Apple Store", "straatNaam": "Nieuwestad", "straatNr": "93", "postcode": "8911 CL", "plaats": "LEEUWARDEN", "merk": "Stibat", "puntType": "inzamelbak", "materialen": ["batterijen"], "uitbetaling": [], "vrijToegankelijk": false, "gemeenteBeperking": null, "openingstijden": null, "latitude": 53.2010512, "longitude": 5.7940535, "bronId": "L029985"}}, {"type": "Feature", "geometry": {"type": "Point", "coordinates": [5.7970909, 53.2006676]}, "properties": {"type": "inleverpunt", "locatieNaam": "Spar", "straatNaam": "Wirdumerdijk", "straatNr": "7", "postcode": "8911 CB", "plaats": "LEEUWARDEN", "merk": "Stibat", "puntType": "inzamelbak", "materialen": ["batterijen"], "uitbetaling": [], "vrijToegankelijk": false, "gemeenteBeperking": null, "openingstijden": null, "latitude": 53.2006676, "longitude": 5.7970909, "bronId": "L039228"}}, {"type": "Feature", "geometry": {"type": "Point", "coordinates": [5.8411693, 53.1931364]}, "properties": {"type": "inleverpunt", "locatieNaam": "Praxis Mega &amp; Tuin 2317", "straatNaam": "Avondsterweg", "straatNr": "2a", "postcode": "8938 AK", "plaats": "LEEUWARDEN", "merk": "Stibat", "puntType": "inzamelbak", "materialen": ["batterijen"], "uitbetaling": [], "vrijToegankelijk": false, "gemeenteBeperking": null, "openingstijden": null, "latitude": 53.1931364, "longitude": 5.8411693, "bronId": "L015060"}}, {"type": "Feature", "geometry": {"type": "Point", "coordinates": [5.7961037, 53.2010532]}, "properties": {"type": "inleverpunt", "locatieNaam": "Zeeman", "straatNaam": "Nieuwestad", "straatNr": "133", "postcode": "8911 CR", "plaats": "Leeuwarden", "merk": "Stibat", "puntType": "inzamelbak", "materialen": ["batterijen"], "uitbetaling": [], "vrijToegankelijk": false, "gemeenteBeperking": null, "openingstijden": null, "latitude": 53.2010532, "longitude": 5.7961037, "bronId": "L020736"}}, {"type": "Feature", "geometry": {"type": "Point", "coordinates": [5.8293274, 53.1961998]}, "properties": {"type": "inleverpunt", "locatieNaam": "Milieustraat Leeuwarden", "straatNaam": "Greunsweg", "straatNr": "86", "postcode": "8937 AN", "plaats": "LEEUWARDEN", "merk": "Stibat", "puntType": "inzamelbak", "materialen": ["batterijen"], "uitbetaling": [], "vrijToegankelijk": false, "gemeenteBeperking": null, "openingstijden": null, "latitude": 53.1961998, "longitude": 5.8293274, "bronId": "L035897"}}, {"type": "Feature", "geometry": {"type": "Point", "coordinates": [5.8157067, 53.1994264]}, "properties": {"type": "inleverpunt", "locatieNaam": "1618 Albert Heijn", "straatNaam": "Emmakade", "straatNr": "168", "postcode": "8933 AX", "plaats": "LEEUWARDEN", "merk": "Stibat", "puntType": "inzamelbak", "materialen": ["batterijen"], "uitbetaling": [], "vrijToegankelijk": false, "gemeenteBeperking": null, "openingstijden": null, "latitude": 53.1994264, "longitude": 5.8157067, "bronId": "L019901"}}, {"type": "Feature", "geometry": {"type": "Point", "coordinates": [5.7759027, 53.2061973]}, "properties": {"type": "inleverpunt", "locatieNaam": "DA", "straatNaam": "Wagnerstraat", "straatNr": "5", "postcode": "8915 CH", "plaats": "Leeuwarden", "merk": "Stibat", "puntType": "inzamelbak", "materialen": ["batterijen"], "uitbetaling": [], "vrijToegankelijk": false, "gemeenteBeperking": null, "openingstijden": null, "latitude": 53.2061973, "longitude": 5.7759027, "bronId": "L026846"}}, {"type": "Feature", "geometry": {"type": "Point", "coordinates": [5.7675375, 53.2080302]}, "properties": {"type": "inleverpunt", "locatieNaam": "Poiesz", "straatNaam": "Pieter Sipmawei", "straatNr": "9", "postcode": "8915 DZ", "plaats": "LEEUWARDEN", "merk": "Stibat", "puntType": "inzamelbak", "materialen": ["batterijen"], "uitbetaling": [], "vrijToegankelijk": false, "gemeenteBeperking": null, "openingstijden": null, "latitude": 53.2080302, "longitude": 5.7675375, "bronId": "L023827"}}, {"type": "Feature", "geometry": {"type": "Point", "coordinates": [5.8002806, 53.2028001]}, "properties": {"type": "inleverpunt", "locatieNaam": "Europart", "straatNaam": "Voorstreek", "straatNr": "52-54", "postcode": "8911 JR", "plaats": "Leeuwarden", "merk": "Stibat", "puntType": "inzamelbak", "materialen": ["batterijen"], "uitbetaling": [], "vrijToegankelijk": false, "gemeenteBeperking": null, "openingstijden": null, "latitude": 53.2028001, "longitude": 5.8002806, "bronId": "L022003"}}, {"type": "Feature", "geometry": {"type": "Point", "coordinates": [5.7998813, 53.2033046]}, "properties": {"type": "inleverpunt", "locatieNaam": "Bever", "straatNaam": "Voorstreek", "straatNr": "39-47", "postcode": "8911 JJ", "plaats": "LEEUWARDEN", "merk": "Stibat", "puntType": "inzamelbak", "materialen": ["batterijen"], "uitbetaling": [], "vrijToegankelijk": false, "gemeenteBeperking": null, "openingstijden": null, "latitude": 53.2033046, "longitude": 5.7998813, "bronId": "L020543"}}, {"type": "Feature", "geometry": {"type": "Point", "coordinates": [5.8417413, 53.1963152]}, "properties": {"type": "inleverpunt", "locatieNaam": "Gamma", "straatNaam": "Jupiterweg", "straatNr": "17", "postcode": "8938 AD", "plaats": "LEEUWARDEN", "merk": "Stibat", "puntType": "inzamelbak", "materialen": ["batterijen"], "uitbetaling": [], "vrijToegankelijk": false, "gemeenteBeperking": null, "openingstijden": null, "latitude": 53.1963152, "longitude": 5.8417413, "bronId": "L022117"}}, {"type": "Feature", "geometry": {"type": "Point", "coordinates": [5.7816229, 53.2068234]}, "properties": {"type": "inleverpunt", "locatieNaam": "Jumbo", "straatNaam": "Eksterstraat", "straatNr": "32", "postcode": "8916 BV", "plaats": "LEEUWARDEN", "merk": "Stibat", "puntType": "inzamelbak", "materialen": ["batterijen"], "uitbetaling": [], "vrijToegankelijk": false, "gemeenteBeperking": null, "openingstijden": null, "latitude": 53.2068234, "longitude": 5.7816229, "bronId": "L036013"}}, {"type": "Feature", "geometry": {"type": "Point", "coordinates": [5.8004399, 53.2038149]}, "properties": {"type": "inleverpunt", "locatieNaam": "Trekpleister", "straatNaam": "Voorstreek", "straatNr": "61", "postcode": "8911 JK", "plaats": "LEEUWARDEN", "merk": "Stibat", "puntType": "inzamelbak", "materialen": ["batterijen"], "uitbetaling": [], "vrijToegankelijk": false, "gemeenteBeperking": null, "openingstijden": null, "latitude": 53.2038149, "longitude": 5.8004399, "bronId": "L019223"}}, {"type": "Feature", "geometry": {"type": "Point", "coordinates": [5.8364863, 53.1977346]}, "properties": {"type": "inleverpunt", "locatieNaam": "Regts Bouwmarkt", "straatNaam": "Plutoweg", "straatNr": "9", "postcode": "8938 AC", "plaats": "LEEUWARDEN", "merk": "Stibat", "puntType": "inzamelbak", "materialen": ["batterijen"], "uitbetaling": [], "vrijToegankelijk": false, "gemeenteBeperking": null, "openingstijden": null, "latitude": 53.1977346, "longitude": 5.8364863, "bronId": "L035307"}}, {"type": "Feature", "geometry": {"type": "Point", "coordinates": [5.7867101, 53.2063774]}, "properties": {"type": "inleverpunt", "locatieNaam": "Primera", "straatNaam": "Mr.P.J. Troelstraweg", "straatNr": "15", "postcode": "8916 AA", "plaats": "LEEUWARDEN", "merk": "Stibat", "puntType": "inzamelbak", "materialen": ["batterijen"], "uitbetaling": [], "vrijToegankelijk": false, "gemeenteBeperking": null, "openingstijden": null, "latitude": 53.2063774, "longitude": 5.7867101, "bronId": "L023742"}}, {"type": "Feature", "geometry": {"type": "Point", "coordinates": [5.8195318, 53.2011638]}, "properties": {"type": "inleverpunt", "locatieNaam": "ToyChamp XL", "straatNaam": "De Centrale", "straatNr": "16", "postcode": "8924 CZ", "plaats": "LEEUWARDEN", "merk": "Stibat", "puntType": "inzamelbak", "materialen": ["batterijen"], "uitbetaling": [], "vrijToegankelijk": false, "gemeenteBeperking": null, "openingstijden": null, "latitude": 53.2011638, "longitude": 5.8195318, "bronId": "L044439"}}, {"type": "Feature", "geometry": {"type": "Point", "coordinates": [5.8184151, 53.2016633]}, "properties": {"type": "inleverpunt", "locatieNaam": "Kwantum", "straatNaam": "De Centrale", "straatNr": "4", "postcode": "8924 CZ", "plaats": "LEEUWARDEN", "merk": "Stibat", "puntType": "inzamelbak", "materialen": ["batterijen"], "uitbetaling": [], "vrijToegankelijk": false, "gemeenteBeperking": null, "openingstijden": null, "latitude": 53.2016633, "longitude": 5.8184151, "bronId": "L018841"}}, {"type": "Feature", "geometry": {"type": "Point", "coordinates": [5.8192959, 53.2015132]}, "properties": {"type": "inleverpunt", "locatieNaam": "MediaMarkt", "straatNaam": "Plein De Centrale", "straatNr": "12", "postcode": "8924 CZ", "plaats": "LEEUWARDEN", "merk": "Stibat", "puntType": "inzamelbak", "materialen": ["batterijen"], "uitbetaling": [], "vrijToegankelijk": false, "gemeenteBeperking": null, "openingstijden": null, "latitude": 53.2015132, "longitude": 5.8192959, "bronId": "L015136"}}, {"type": "Feature", "geometry": {"type": "Point", "coordinates": [5.8192959, 53.2015132]}, "properties": {"type": "inleverpunt", "locatieNaam": "Toys XL", "straatNaam": "De Centrale", "straatNr": "16", "postcode": "8924 CZ", "plaats": "LEEUWARDEN", "merk": "Stibat", "puntType": "inzamelbak", "materialen": ["batterijen"], "uitbetaling": [], "vrijToegankelijk": false, "gemeenteBeperking": null, "openingstijden": null, "latitude": 53.2015132, "longitude": 5.8192959, "bronId": "L010857"}}, {"type": "Feature", "geometry": {"type": "Point", "coordinates": [5.8209009, 53.2013038]}, "properties": {"type": "inleverpunt", "locatieNaam": "Halfords Superstore", "straatNaam": "De Centrale", "straatNr": "7", "postcode": "8924 CZ", "plaats": "LEEUWARDEN", "merk": "Stibat", "puntType": "inzamelbak", "materialen": ["batterijen"], "uitbetaling": [], "vrijToegankelijk": false, "gemeenteBeperking": null, "openingstijden": null, "latitude": 53.2013038, "longitude": 5.8209009, "bronId": "L013895"}}, {"type": "Feature", "geometry": {"type": "Point", "coordinates": [5.835659, 53.1987621]}, "properties": {"type": "inleverpunt", "locatieNaam": "Raab Karcher", "straatNaam": "Plutoweg", "straatNr": "8", "postcode": "8938 AB", "plaats": "LEEUWARDEN", "merk": "Stibat", "puntType": "inzamelbak", "materialen": ["batterijen"], "uitbetaling": [], "vrijToegankelijk": false, "gemeenteBeperking": null, "openingstijden": null, "latitude": 53.1987621, "longitude": 5.835659, "bronId": "L043778"}}, {"type": "Feature", "geometry": {"type": "Point", "coordinates": [5.8204158, 53.2014817]}, "properties": {"type": "inleverpunt", "locatieNaam": "1188 Action", "straatNaam": "De Centrale", "straatNr": "34", "postcode": "8924 CZ", "plaats": "LEEUWARDEN", "merk": "Stibat", "puntType": "inzamelbak", "materialen": ["batterijen"], "uitbetaling": [], "vrijToegankelijk": false, "gemeenteBeperking": null, "openingstijden": null, "latitude": 53.2014817, "longitude": 5.8204158, "bronId": "L029774"}}, {"type": "Feature", "geometry": {"type": "Point", "coordinates": [5.8185468, 53.202164]}, "properties": {"type": "inleverpunt", "locatieNaam": "Leen Bakker", "straatNaam": "De Centrale", "straatNr": "1", "postcode": "8924 CZ", "plaats": "LEEUWARDEN", "merk": "Stibat", "puntType": "inzamelbak", "materialen": ["batterijen"], "uitbetaling": [], "vrijToegankelijk": false, "gemeenteBeperking": null, "openingstijden": null, "latitude": 53.202164, "longitude": 5.8185468, "bronId": "L016928"}}, {"type": "Feature", "geometry": {"type": "Point", "coordinates": [5.8215517, 53.2021117]}, "properties": {"type": "inleverpunt", "locatieNaam": "Praxis 2083", "straatNaam": "De Centrale", "straatNr": "33", "postcode": "8924 CZ", "plaats": "LEEUWARDEN", "merk": "Stibat", "puntType": "inzamelbak", "materialen": ["batterijen"], "uitbetaling": [], "vrijToegankelijk": false, "gemeenteBeperking": null, "openingstijden": null, "latitude": 53.2021117, "longitude": 5.8215517, "bronId": "L014924"}}, {"type": "Feature", "geometry": {"type": "Point", "coordinates": [5.8212816, 53.2022651]}, "properties": {"type": "inleverpunt", "locatieNaam": "Decathlon", "straatNaam": "De Centrale", "straatNr": "35", "postcode": "8924 CZ", "plaats": "LEEUWARDEN", "merk": "Stibat", "puntType": "inzamelbak", "materialen": ["batterijen"], "uitbetaling": [], "vrijToegankelijk": false, "gemeenteBeperking": null, "openingstijden": null, "latitude": 53.2022651, "longitude": 5.8212816, "bronId": "L036830"}}, {"type": "Feature", "geometry": {"type": "Point", "coordinates": [5.8017172, 53.2057633]}, "properties": {"type": "inleverpunt", "locatieNaam": "Jumbo", "straatNaam": "Hoeksterpad", "straatNr": "1", "postcode": "8911 JV", "plaats": "LEEUWARDEN", "merk": "Stibat", "puntType": "inzamelbak", "materialen": ["batterijen"], "uitbetaling": [], "vrijToegankelijk": false, "gemeenteBeperking": null, "openingstijden": null, "latitude": 53.2057633, "longitude": 5.8017172, "bronId": "L031983"}}, {"type": "Feature", "geometry": {"type": "Point", "coordinates": [5.8565409, 53.196113]}, "properties": {"type": "inleverpunt", "locatieNaam": "Makro", "straatNaam": "Hidalgoweg", "straatNr": "2", "postcode": "8938 BA", "plaats": "LEEUWARDEN", "merk": "Stibat", "puntType": "inzamelbak", "materialen": ["batterijen"], "uitbetaling": [], "vrijToegankelijk": false, "gemeenteBeperking": null, "openingstijden": null, "latitude": 53.196113, "longitude": 5.8565409, "bronId": "L023040"}}, {"type": "Feature", "geometry": {"type": "Point", "coordinates": [5.8048693, 53.2053092]}, "properties": {"type": "inleverpunt", "locatieNaam": "Poiesz", "straatNaam": "Oostersingel", "straatNr": "78", "postcode": "8921 GB", "plaats": "LEEUWARDEN", "merk": "Stibat", "puntType": "inzamelbak", "materialen": ["batterijen"], "uitbetaling": [], "vrijToegankelijk": false, "gemeenteBeperking": null, "openingstijden": null, "latitude": 53.2053092, "longitude": 5.8048693, "bronId": "L005585"}}, {"type": "Feature", "geometry": {"type": "Point", "coordinates": [5.8190163, 53.2032415]}, "properties": {"type": "inleverpunt", "locatieNaam": "Meindert Fietsspecialist", "straatNaam": "Archipelweg", "straatNr": "44", "postcode": "8924 AC", "plaats": "LEEUWARDEN", "merk": "Stibat", "puntType": "inzamelbak", "materialen": ["batterijen"], "uitbetaling": [], "vrijToegankelijk": false, "gemeenteBeperking": null, "openingstijden": null, "latitude": 53.2032415, "longitude": 5.8190163, "bronId": "L034184"}}, {"type": "Feature", "geometry": {"type": "Point", "coordinates": [5.8438345, 53.198994]}, "properties": {"type": "inleverpunt", "locatieNaam": "Lodema Elektrotechniek", "straatNaam": "Uranusweg", "straatNr": "12", "postcode": "8938 AJ", "plaats": "LEEUWARDEN", "merk": "Stibat", "puntType": "inzamelbak", "materialen": ["batterijen"], "uitbetaling": [], "vrijToegankelijk": false, "gemeenteBeperking": null, "openingstijden": null, "latitude": 53.198994, "longitude": 5.8438345, "bronId": "L016197"}}, {"type": "Feature", "geometry": {"type": "Point", "coordinates": [5.8484494, 53.1982643]}, "properties": {"type": "inleverpunt", "locatieNaam": "Bo-rent", "straatNaam": "Saturnusweg", "straatNr": "4", "postcode": "8938 AW", "plaats": "LEEUWARDEN", "merk": "Stibat", "puntType": "inzamelbak", "materialen": ["batterijen"], "uitbetaling": [], "vrijToegankelijk": false, "gemeenteBeperking": null, "openingstijden": null, "latitude": 53.1982643, "longitude": 5.8484494, "bronId": "L030180"}}, {"type": "Feature", "geometry": {"type": "Point", "coordinates": [5.8123025, 53.2049996]}, "properties": {"type": "inleverpunt", "locatieNaam": "6063 Etos", "straatNaam": "Insulindestraat", "straatNr": "1", "postcode": "8921 JW", "plaats": "LEEUWARDEN", "merk": "Stibat", "puntType": "inzamelbak", "materialen": ["batterijen"], "uitbetaling": [], "vrijToegankelijk": false, "gemeenteBeperking": null, "openingstijden": null, "latitude": 53.2049996, "longitude": 5.8123025, "bronId": "L024161"}}, {"type": "Feature", "geometry": {"type": "Point", "coordinates": [5.8125759, 53.2052102]}, "properties": {"type": "inleverpunt", "locatieNaam": "Trekpleister", "straatNaam": "Cambuurplein", "straatNr": "2", "postcode": "8921 RD", "plaats": "LEEUWARDEN", "merk": "Stibat", "puntType": "inzamelbak", "materialen": ["batterijen"], "uitbetaling": [], "vrijToegankelijk": false, "gemeenteBeperking": null, "openingstijden": null, "latitude": 53.2052102, "longitude": 5.8125759, "bronId": "L017464"}}, {"type": "Feature", "geometry": {"type": "Point", "coordinates": [5.8137162, 53.2051373]}, "properties": {"type": "inleverpunt", "locatieNaam": "Jumbo", "straatNaam": "Cambuurplein", "straatNr": "66a", "postcode": "8921 RG", "plaats": "LEEUWARDEN", "merk": "Stibat", "puntType": "inzamelbak", "materialen": ["batterijen"], "uitbetaling": [], "vrijToegankelijk": false, "gemeenteBeperking": null, "openingstijden": null, "latitude": 53.2051373, "longitude": 5.8137162, "bronId": "L036825"}}, {"type": "Feature", "geometry": {"type": "Point", "coordinates": [5.8125601, 53.2053968]}, "properties": {"type": "inleverpunt", "locatieNaam": "Primera", "straatNaam": "Cambuurplein", "straatNr": "3A", "postcode": "8921 RD", "plaats": "LEEUWARDEN", "merk": "Stibat", "puntType": "inzamelbak", "materialen": ["batterijen"], "uitbetaling": [], "vrijToegankelijk": false, "gemeenteBeperking": null, "openingstijden": null, "latitude": 53.2053968, "longitude": 5.8125601, "bronId": "L022707"}}, {"type": "Feature", "geometry": {"type": "Point", "coordinates": [5.8135954, 53.2056717]}, "properties": {"type": "inleverpunt", "locatieNaam": "Zeeman", "straatNaam": "Cambuurplein", "straatNr": "52", "postcode": "8921 RG", "plaats": "LEEUWARDEN", "merk": "Stibat", "puntType": "inzamelbak", "materialen": ["batterijen"], "uitbetaling": [], "vrijToegankelijk": false, "gemeenteBeperking": null, "openingstijden": null, "latitude": 53.2056717, "longitude": 5.8135954, "bronId": "L036784"}}, {"type": "Feature", "geometry": {"type": "Point", "coordinates": [5.812491, 53.2059811]}, "properties": {"type": "inleverpunt", "locatieNaam": "Lidl", "straatNaam": "Cambuurplein", "straatNr": "32", "postcode": "8921 RE", "plaats": "Leeuwarden", "merk": "Stibat", "puntType": "inzamelbak", "materialen": ["batterijen"], "uitbetaling": [], "vrijToegankelijk": false, "gemeenteBeperking": null, "openingstijden": null, "latitude": 53.2059811, "longitude": 5.812491, "bronId": "L018935"}}, {"type": "Feature", "geometry": {"type": "Point", "coordinates": [5.781567, 53.2118847]}, "properties": {"type": "inleverpunt", "locatieNaam": "Karwei", "straatNaam": "Mr. P.J. Troelstraweg", "straatNr": "149 A", "postcode": "8919 AA", "plaats": "LEEUWARDEN", "merk": "Stibat", "puntType": "inzamelbak", "materialen": ["batterijen"], "uitbetaling": [], "vrijToegankelijk": false, "gemeenteBeperking": null, "openingstijden": null, "latitude": 53.2118847, "longitude": 5.781567, "bronId": "L007123"}}, {"type": "Feature", "geometry": {"type": "Point", "coordinates": [5.8197952, 53.2081855]}, "properties": {"type": "inleverpunt", "locatieNaam": "Poiesz", "straatNaam": "Wiligenstraat", "straatNr": "2", "postcode": "8924 EN", "plaats": "LEEUWARDEN", "merk": "Stibat", "puntType": "inzamelbak", "materialen": ["batterijen"], "uitbetaling": [], "vrijToegankelijk": false, "gemeenteBeperking": null, "openingstijden": null, "latitude": 53.2081855, "longitude": 5.8197952, "bronId": "L007773"}}, {"type": "Feature", "geometry": {"type": "Point", "coordinates": [5.7935949, 53.2151565]}, "properties": {"type": "inleverpunt", "locatieNaam": "1577 Albert Heijn", "straatNaam": "Bilgaardpassage", "straatNr": "1", "postcode": "8918 HR", "plaats": "LEEUWARDEN", "merk": "Stibat", "puntType": "inzamelbak", "materialen": ["batterijen"], "uitbetaling": [], "vrijToegankelijk": false, "gemeenteBeperking": null, "openingstijden": null, "latitude": 53.2151565, "longitude": 5.7935949, "bronId": "L020164"}}, {"type": "Feature", "geometry": {"type": "Point", "coordinates": [5.7933483, 53.2152658]}, "properties": {"type": "inleverpunt", "locatieNaam": "Fietsvoordeelshop.nl Leeuwarden", "straatNaam": "Bilgaardpassage", "straatNr": "87", "postcode": "8918 HT", "plaats": "LEEUWARDEN", "merk": "Stibat", "puntType": "inzamelbak", "materialen": ["batterijen"], "uitbetaling": [], "vrijToegankelijk": false, "gemeenteBeperking": null, "openingstijden": null, "latitude": 53.2152658, "longitude": 5.7933483, "bronId": "L049767"}}, {"type": "Feature", "geometry": {"type": "Point", "coordinates": [5.793845, 53.2154269]}, "properties": {"type": "inleverpunt", "locatieNaam": "Beter Horen", "straatNaam": "Bilgaardpassage", "straatNr": "13", "postcode": "8918 HR", "plaats": "LEEUWARDEN", "merk": "Stibat", "puntType": "inzamelbak", "materialen": ["batterijen"], "uitbetaling": [], "vrijToegankelijk": false, "gemeenteBeperking": null, "openingstijden": null, "latitude": 53.2154269, "longitude": 5.793845, "bronId": "L019039"}}, {"type": "Feature", "geometry": {"type": "Point", "coordinates": [5.7945746, 53.2153837]}, "properties": {"type": "inleverpunt", "locatieNaam": "1337 Action", "straatNaam": "Bilgaardpassage", "straatNr": "71", "postcode": "8918 HT", "plaats": "LEEUWARDEN", "merk": "Stibat", "puntType": "inzamelbak", "materialen": ["batterijen"], "uitbetaling": [], "vrijToegankelijk": false, "gemeenteBeperking": null, "openingstijden": null, "latitude": 53.2153837, "longitude": 5.7945746, "bronId": "L036498"}}, {"type": "Feature", "geometry": {"type": "Point", "coordinates": [5.795666, 53.215214]}, "properties": {"type": "inleverpunt", "locatieNaam": "Hans Anders", "straatNaam": "Bilgaardpassage", "straatNr": "56", "postcode": "8918 HT", "plaats": "LEEUWARDEN", "merk": "Stibat", "puntType": "inzamelbak", "materialen": ["batterijen"], "uitbetaling": [], "vrijToegankelijk": false, "gemeenteBeperking": null, "openingstijden": null, "latitude": 53.215214, "longitude": 5.795666, "bronId": "L037859"}}, {"type": "Feature", "geometry": {"type": "Point", "coordinates": [5.795502, 53.21525]}, "properties": {"type": "inleverpunt", "locatieNaam": "Hans Anders", "straatNaam": "Bilgaardpassage", "straatNr": "58", "postcode": "8918 HT", "plaats": "LEEUWARDEN", "merk": "Stibat", "puntType": "inzamelbak", "materialen": ["batterijen"], "uitbetaling": [], "vrijToegankelijk": false, "gemeenteBeperking": null, "openingstijden": null, "latitude": 53.21525, "longitude": 5.795502, "bronId": "L037860"}}, {"type": "Feature", "geometry": {"type": "Point", "coordinates": [5.7947608, 53.2153855]}, "properties": {"type": "inleverpunt", "locatieNaam": "Primera", "straatNaam": "Bilgaardpassage", "straatNr": "29", "postcode": "8918 HR", "plaats": "LEEUWARDEN", "merk": "Stibat", "puntType": "inzamelbak", "materialen": ["batterijen"], "uitbetaling": [], "vrijToegankelijk": false, "gemeenteBeperking": null, "openingstijden": null, "latitude": 53.2153855, "longitude": 5.7947608, "bronId": "L040823"}}, {"type": "Feature", "geometry": {"type": "Point", "coordinates": [5.7953017, 53.2154077]}, "properties": {"type": "inleverpunt", "locatieNaam": "Zeeman", "straatNaam": "Bilgaardpassage", "straatNr": "33", "postcode": "8918 HR", "plaats": "LEEUWARDEN", "merk": "Stibat", "puntType": "inzamelbak", "materialen": ["batterijen"], "uitbetaling": [], "vrijToegankelijk": false, "gemeenteBeperking": null, "openingstijden": null, "latitude": 53.2154077, "longitude": 5.7953017, "bronId": "L019301"}}, {"type": "Feature", "geometry": {"type": "Point", "coordinates": [5.7950244, 53.2154794]}, "properties": {"type": "inleverpunt", "locatieNaam": "Budget Food", "straatNaam": "Bilgaardpassage", "straatNr": "31", "postcode": "8918 HR", "plaats": "Leeuwarden", "merk": "Stibat", "puntType": "inzamelbak", "materialen": ["batterijen"], "uitbetaling": [], "vrijToegankelijk": false, "gemeenteBeperking": null, "openingstijden": null, "latitude": 53.2154794, "longitude": 5.7950244, "bronId": "L045761"}}, {"type": "Feature", "geometry": {"type": "Point", "coordinates": [5.7960529, 53.2154465]}, "properties": {"type": "inleverpunt", "locatieNaam": "HEMA Leeuwarden-Bilgaard", "straatNaam": "Bilgaardpassage", "straatNr": "48", "postcode": "8918 HT", "plaats": "Leeuwarden", "merk": "Stibat", "puntType": "inzamelbak", "materialen": ["batterijen"], "uitbetaling": [], "vrijToegankelijk": false, "gemeenteBeperking": null, "openingstijden": null, "latitude": 53.2154465, "longitude": 5.7960529, "bronId": "L046918"}}, {"type": "Feature", "geometry": {"type": "Point", "coordinates": [5.7968814, 53.2153713]}, "properties": {"type": "inleverpunt", "locatieNaam": "Kruidvat", "straatNaam": "Bilgaardpassage", "straatNr": "42", "postcode": "8918 HT", "plaats": "LEEUWARDEN", "merk": "Stibat", "puntType": "inzamelbak", "materialen": ["batterijen"], "uitbetaling": [], "vrijToegankelijk": false, "gemeenteBeperking": null, "openingstijden": null, "latitude": 53.2153713, "longitude": 5.7968814, "bronId": "L015171"}}, {"type": "Feature", "geometry": {"type": "Point", "coordinates": [5.797144, 53.215472]}, "properties": {"type": "inleverpunt", "locatieNaam": "Aldi", "straatNaam": "Bilgaardpassage", "straatNr": "41", "postcode": "8918 HT", "plaats": "Leeuwarden", "merk": "Stibat", "puntType": "inzamelbak", "materialen": ["batterijen"], "uitbetaling": [], "vrijToegankelijk": false, "gemeenteBeperking": null, "openingstijden": null, "latitude": 53.215472, "longitude": 5.797144, "bronId": "L041565"}}, {"type": "Feature", "geometry": {"type": "Point", "coordinates": [5.8143658, 53.2129254]}, "properties": {"type": "inleverpunt", "locatieNaam": "Lidl", "straatNaam": "Elzenstraat", "straatNr": "1", "postcode": "8924 JN", "plaats": "LEEUWARDEN", "merk": "Stibat", "puntType": "inzamelbak", "materialen": ["batterijen"], "uitbetaling": [], "vrijToegankelijk": false, "gemeenteBeperking": null, "openingstijden": null, "latitude": 53.2129254, "longitude": 5.8143658, "bronId": "L049330"}}, {"type": "Feature", "geometry": {"type": "Point", "coordinates": [5.8137919, 53.2150707]}, "properties": {"type": "inleverpunt", "locatieNaam": "Jumbo", "straatNaam": "Johannes Kolfplein", "straatNr": "1", "postcode": "8923 CX", "plaats": "LEEUWARDEN", "merk": "Stibat", "puntType": "inzamelbak", "materialen": ["batterijen"], "uitbetaling": [], "vrijToegankelijk": false, "gemeenteBeperking": null, "openingstijden": null, "latitude": 53.2150707, "longitude": 5.8137919, "bronId": "L029858"}}, {"type": "Feature", "geometry": {"type": "Point", "coordinates": [5.8385419, 53.2109427]}, "properties": {"type": "inleverpunt", "locatieNaam": "DA", "straatNaam": "Lieuwenburg", "straatNr": "136-138", "postcode": "8925 CL", "plaats": "Leeuwarden", "merk": "Stibat", "puntType": "inzamelbak", "materialen": ["batterijen"], "uitbetaling": [], "vrijToegankelijk": false, "gemeenteBeperking": null, "openingstijden": null, "latitude": 53.2109427, "longitude": 5.8385419, "bronId": "L026199"}}, {"type": "Feature", "geometry": {"type": "Point", "coordinates": [5.8386474, 53.2110097]}, "properties": {"type": "inleverpunt", "locatieNaam": "1486 Albert Heijn", "straatNaam": "Lieuwenburg", "straatNr": "116", "postcode": "8925 CL", "plaats": "LEEUWARDEN", "merk": "Stibat", "puntType": "inzamelbak", "materialen": ["batterijen"], "uitbetaling": [], "vrijToegankelijk": false, "gemeenteBeperking": null, "openingstijden": null, "latitude": 53.2110097, "longitude": 5.8386474, "bronId": "L008234"}}, {"type": "Feature", "geometry": {"type": "Point", "coordinates": [5.8394974, 53.2109323]}, "properties": {"type": "inleverpunt", "locatieNaam": "Kruidvat", "straatNaam": "Lieuwenburg", "straatNr": "180-184", "postcode": "8925 CL", "plaats": "LEEUWARDEN", "merk": "Stibat", "puntType": "inzamelbak", "materialen": ["batterijen"], "uitbetaling": [], "vrijToegankelijk": false, "gemeenteBeperking": null, "openingstijden": null, "latitude": 53.2109323, "longitude": 5.8394974, "bronId": "L034690"}}, {"type": "Feature", "geometry": {"type": "Point", "coordinates": [5.8401509, 53.2110298]}, "properties": {"type": "inleverpunt", "locatieNaam": "Poiesz", "straatNaam": "Lieuwenburg", "straatNr": "165", "postcode": "8925 CJ", "plaats": "LEEUWARDEN", "merk": "Stibat", "puntType": "inzamelbak", "materialen": ["batterijen"], "uitbetaling": [], "vrijToegankelijk": false, "gemeenteBeperking": null, "openingstijden": null, "latitude": 53.2110298, "longitude": 5.8401509, "bronId": "L047339"}}, {"type": "Feature", "geometry": {"type": "Point", "coordinates": [5.8393586, 53.2112442]}, "properties": {"type": "inleverpunt", "locatieNaam": "Primera", "straatNaam": "Lieuwenburg", "straatNr": "93", "postcode": "8925 CJ", "plaats": "LEEUWARDEN", "merk": "Stibat", "puntType": "inzamelbak", "materialen": ["batterijen"], "uitbetaling": [], "vrijToegankelijk": false, "gemeenteBeperking": null, "openingstijden": null, "latitude": 53.2112442, "longitude": 5.8393586, "bronId": "L022042"}}, {"type": "Feature", "geometry": {"type": "Point", "coordinates": [5.8397262, 53.2112893]}, "properties": {"type": "inleverpunt", "locatieNaam": "Wibra", "straatNaam": "Lieuwenburg", "straatNr": "95", "postcode": "8925 CJ", "plaats": "LEEUWARDEN", "merk": "Stibat", "puntType": "inzamelbak", "materialen": ["batterijen"], "uitbetaling": [], "vrijToegankelijk": false, "gemeenteBeperking": null, "openingstijden": null, "latitude": 53.2112893, "longitude": 5.8397262, "bronId": "L022452"}}, {"type": "Feature", "geometry": {"type": "Point", "coordinates": [5.7660274, 53.2563303]}, "properties": {"type": "inleverpunt", "locatieNaam": "8378 Etos", "straatNaam": "Withuisterwei", "straatNr": "14", "postcode": "9051 EJ", "plaats": "STIENS", "merk": "Stibat", "puntType": "inzamelbak", "materialen": ["batterijen"], "uitbetaling": [], "vrijToegankelijk": false, "gemeenteBeperking": null, "openingstijden": null, "latitude": 53.2563303, "longitude": 5.7660274, "bronId": "L026042"}}, {"type": "Feature", "geometry": {"type": "Point", "coordinates": [5.7863801, 53.2534422]}, "properties": {"type": "inleverpunt", "locatieNaam": "Bike Totaal Haijma", "straatNaam": "Lieuwe Jellingastrjitte", "straatNr": "2", "postcode": "9055 MX", "plaats": "BRITSUM", "merk": "Stibat", "puntType": "inzamelbak", "materialen": ["batterijen"], "uitbetaling": [], "vrijToegankelijk": false, "gemeenteBeperking": null, "openingstijden": null, "latitude": 53.2534422, "longitude": 5.7863801, "bronId": "L018818"}}, {"type": "Feature", "geometry": {"type": "Point", "coordinates": [5.7648958, 53.2568294]}, "properties": {"type": "inleverpunt", "locatieNaam": "8663 Albert Heijn", "straatNaam": "Wythusterwei", "straatNr": "12", "postcode": "9051 EJ", "plaats": "STIENS", "merk": "Stibat", "puntType": "inzamelbak", "materialen": ["batterijen"], "uitbetaling": [], "vrijToegankelijk": false, "gemeenteBeperking": null, "openingstijden": null, "latitude": 53.2568294, "longitude": 5.7648958, "bronId": "L007790"}}, {"type": "Feature", "geometry": {"type": "Point", "coordinates": [5.7582611, 53.2583386]}, "properties": {"type": "inleverpunt", "locatieNaam": "Lidl", "straatNaam": "Uniawei", "straatNr": "2", "postcode": "9051 BC", "plaats": "STIENS", "merk": "Stibat", "puntType": "inzamelbak", "materialen": ["batterijen"], "uitbetaling": [], "vrijToegankelijk": false, "gemeenteBeperking": null, "openingstijden": null, "latitude": 53.2583386, "longitude": 5.7582611, "bronId": "L029783"}}, {"type": "Feature", "geometry": {"type": "Point", "coordinates": [5.759809, 53.2585031]}, "properties": {"type": "inleverpunt", "locatieNaam": "Poiesz", "straatNaam": "Uniawei", "straatNr": "4", "postcode": "9051 BC", "plaats": "STIENS", "merk": "Stibat", "puntType": "inzamelbak", "materialen": ["batterijen"], "uitbetaling": [], "vrijToegankelijk": false, "gemeenteBeperking": null, "openingstijden": null, "latitude": 53.2585031, "longitude": 5.759809, "bronId": "L005622"}}, {"type": "Feature", "geometry": {"type": "Point", "coordinates": [5.7595856, 53.2603318]}, "properties": {"type": "inleverpunt", "locatieNaam": "Bike Totaal Haijma", "straatNaam": "Langebuorren", "straatNr": "18", "postcode": "9051 BG", "plaats": "STIENS", "merk": "Stibat", "puntType": "inzamelbak", "materialen": ["batterijen"], "uitbetaling": [], "vrijToegankelijk": false, "gemeenteBeperking": null, "openingstijden": null, "latitude": 53.2603318, "longitude": 5.7595856, "bronId": "L049697"}}, {"type": "Feature", "geometry": {"type": "Point", "coordinates": [5.7596904, 53.2603481]}, "properties": {"type": "inleverpunt", "locatieNaam": "Witgoed Specialist", "straatNaam": "Langebourren", "straatNr": "16", "postcode": "9051 BG", "plaats": "Stiens", "merk": "Stibat", "puntType": "inzamelbak", "materialen": ["batterijen"], "uitbetaling": [], "vrijToegankelijk": false, "gemeenteBeperking": null, "openingstijden": null, "latitude": 53.2603481, "longitude": 5.7596904, "bronId": "L015345"}}, {"type": "Feature", "geometry": {"type": "Point", "coordinates": [5.7581541, 53.2609029]}, "properties": {"type": "inleverpunt", "locatieNaam": "Marskramer", "straatNaam": "Ljipstrjitte", "straatNr": "2b", "postcode": "9051 AS", "plaats": "STIENS", "merk": "Stibat", "puntType": "inzamelbak", "materialen": ["batterijen"], "uitbetaling": [], "vrijToegankelijk": false, "gemeenteBeperking": null, "openingstijden": null, "latitude": 53.2609029, "longitude": 5.7581541, "bronId": "L017128"}}, {"type": "Feature", "geometry": {"type": "Point", "coordinates": [5.7581106, 53.2609407]}, "properties": {"type": "inleverpunt", "locatieNaam": "Zeeman", "straatNaam": "Ljippstrjitte", "straatNr": "2c", "postcode": "9051 AS", "plaats": "Stiens", "merk": "Stibat", "puntType": "inzamelbak", "materialen": ["batterijen"], "uitbetaling": [], "vrijToegankelijk": false, "gemeenteBeperking": null, "openingstijden": null, "latitude": 53.2609407, "longitude": 5.7581106, "bronId": "L020503"}}, {"type": "Feature", "geometry": {"type": "Point", "coordinates": [5.7580234, 53.2610162]}, "properties": {"type": "inleverpunt", "locatieNaam": "Primera", "straatNaam": "Ljipstrjitte", "straatNr": "2E", "postcode": "9051 AS", "plaats": "STIENS", "merk": "Stibat", "puntType": "inzamelbak", "materialen": ["batterijen"], "uitbetaling": [], "vrijToegankelijk": false, "gemeenteBeperking": null, "openingstijden": null, "latitude": 53.2610162, "longitude": 5.7580234, "bronId": "L023682"}}, {"type": "Feature", "geometry": {"type": "Point", "coordinates": [5.7579325, 53.2611449]}, "properties": {"type": "inleverpunt", "locatieNaam": "Schoonenberg Hoorcomfort", "straatNaam": "Ljipstrjitte", "straatNr": "2", "postcode": "9051 AS", "plaats": "STIENS", "merk": "Stibat", "puntType": "inzamelbak", "materialen": ["batterijen"], "uitbetaling": [], "vrijToegankelijk": false, "gemeenteBeperking": null, "openingstijden": null, "latitude": 53.2611449, "longitude": 5.7579325, "bronId": "L042745"}}, {"type": "Feature", "geometry": {"type": "Point", "coordinates": [5.7589812, 53.2612473]}, "properties": {"type": "inleverpunt", "locatieNaam": "HEMA Stiens", "straatNaam": "Langebuorren", "straatNr": "21", "postcode": "9051 BD", "plaats": "Stiens", "merk": "Stibat", "puntType": "inzamelbak", "materialen": ["batterijen"], "uitbetaling": [], "vrijToegankelijk": false, "gemeenteBeperking": null, "openingstijden": null, "latitude": 53.2612473, "longitude": 5.7589812, "bronId": "L046976"}}, {"type": "Feature", "geometry": {"type": "Point", "coordinates": [5.7587246, 53.261314]}, "properties": {"type": "inleverpunt", "locatieNaam": "Kruidvat", "straatNaam": "Lange Buorren", "straatNr": "19", "postcode": "9051 BD", "plaats": "STIENS", "merk": "Stibat", "puntType": "inzamelbak", "materialen": ["batterijen"], "uitbetaling": [], "vrijToegankelijk": false, "gemeenteBeperking": null, "openingstijden": null, "latitude": 53.261314, "longitude": 5.7587246, "bronId": "L016028"}}, {"type": "Feature", "geometry": {"type": "Point", "coordinates": [5.7589452, 53.2624952]}, "properties": {"type": "inleverpunt", "locatieNaam": "Aldi", "straatNaam": "Buterhoek", "straatNr": "6", "postcode": "9051 BW", "plaats": "Stiens", "merk": "Stibat", "puntType": "inzamelbak", "materialen": ["batterijen"], "uitbetaling": [], "vrijToegankelijk": false, "gemeenteBeperking": null, "openingstijden": null, "latitude": 53.2624952, "longitude": 5.7589452, "bronId": "L041569"}}, {"type": "Feature", "geometry": {"type": "Point", "coordinates": [5.7583078, 53.2629588]}, "properties": {"type": "inleverpunt", "locatieNaam": "Jumbo", "straatNaam": "St. Vitusplein", "straatNr": "3-5", "postcode": "9051 BT", "plaats": "STIENS", "merk": "Stibat", "puntType": "inzamelbak", "materialen": ["batterijen"], "uitbetaling": [], "vrijToegankelijk": false, "gemeenteBeperking": null, "openingstijden": null, "latitude": 53.2629588, "longitude": 5.7583078, "bronId": "L035345"}}, {"type": "Feature", "geometry": {"type": "Point", "coordinates": [5.7499153, 53.2657618]}, "properties": {"type": "inleverpunt", "locatieNaam": "Praxis 2443", "straatNaam": "Seerob", "straatNr": "3", "postcode": "9051 VA", "plaats": "STIENS", "merk": "Stibat", "puntType": "inzamelbak", "materialen": ["batterijen"], "uitbetaling": [], "vrijToegankelijk": false, "gemeenteBeperking": null, "openingstijden": null, "latitude": 53.2657618, "longitude": 5.7499153, "bronId": "L040363"}}, {"type": "Feature", "geometry": {"type": "Point", "coordinates": [5.7491571, 53.2680131]}, "properties": {"type": "inleverpunt", "locatieNaam": "Milieustraat Stiens", "straatNaam": "Seerob", "straatNr": "23", "postcode": "9051 VA", "plaats": "STIENS", "merk": "Stibat", "puntType": "inzamelbak", "materialen": ["batterijen"], "uitbetaling": [], "vrijToegankelijk": false, "gemeenteBeperking": null, "openingstijden": null, "latitude": 53.2680131, "longitude": 5.7491571, "bronId": "L035899"}}, {"type": "Feature", "geometry": {"type": "Polygon", "coordinates": [[[5.773912002131077, 53.04592200450511], [5.788370002145566, 53.05468900450933], [5.795898002153089, 53.05853100451118], [5.802150002159351, 53.062480004513056], [5.808243002165468, 53.06658900451502], [5.816213002173527, 53.074044004518726], [5.820737002178045, 53.07647600451986], [5.830162002187398, 53.07959500452125], [5.831024002188208, 53.078375004520595], [5.843045002200078, 53.08040200452133], [5.84468000220166, 53.07956200452084], [5.854442002211333, 53.082414004522114], [5.857175002214017, 53.082433004521995], [5.859831002216605, 53.08167600452156], [5.862735002219486, 53.08261300452199], [5.864910002221626, 53.08278200452196], [5.866077002222794, 53.08355700452237], [5.868165002224858, 53.08398600452251], [5.868370002225068, 53.08427000452268], [5.8709670022276255, 53.08449400452273], [5.873117002229755, 53.08517500452298], [5.874852002231455, 53.08497900452284], [5.877443002234013, 53.085412004523], [5.8778420022344235, 53.08607300452334], [5.883114002239684, 53.08896300452469], [5.8828690022394685, 53.089896004525215], [5.883532002240141, 53.09066100452557], [5.882698002239334, 53.09096500452575], [5.880848002237492, 53.09016700452537], [5.880900002237551, 53.090445004525535], [5.879189002235868, 53.09042600452559], [5.878120002234835, 53.09096600452588], [5.882566002239275, 53.093488004527075], [5.883459002240162, 53.093831004527196], [5.883620002240312, 53.09361300452706], [5.885038002241729, 53.0944630045275], [5.8859850022426565, 53.09443900452745], [5.884229002241093, 53.10000300453042], [5.884827002241719, 53.10136400453109], [5.883494002240464, 53.10320300453206], [5.883488002240515, 53.10517400453307], [5.882006002239109, 53.10693900453405], [5.899288002256121, 53.108562004534406], [5.899715002256537, 53.10855400453438], [5.9003030022570995, 53.10792400453403], [5.904612002261346, 53.108664004534326], [5.910696002267334, 53.109181004534435], [5.9144990022710635, 53.109150004534285], [5.915476002272021, 53.10907500453422], [5.915396002271937, 53.10883900453408], [5.9217020022781295, 53.109094004534], [5.927869002284177, 53.108938004533776], [5.929434002285715, 53.10912200453383], [5.93069700228699, 53.11034400453445], [5.931585002287869, 53.11060800453451], [5.933193002289407, 53.10927300453381], [5.945944002301767, 53.103676004530584], [5.949657002305444, 53.1048920045311], [5.948342002304226, 53.10760300453252], [5.945684002301881, 53.117220004537586], [5.943460002299818, 53.12161400453989], [5.940759002297235, 53.1239720045412], [5.937219002293817, 53.12608600454239], [5.93174800228852, 53.128447004543744], [5.927298002284174, 53.12917500454424], [5.923356002280358, 53.13091000454524], [5.914448002271835, 53.13860000454944], [5.913708002271147, 53.13989200455012], [5.908629002266304, 53.14478000455279], [5.914956002272576, 53.14718400455386], [5.918962002276558, 53.149173004554754], [5.930610002288259, 53.15954700455972], [5.932024002289697, 53.161338004560584], [5.933746002291588, 53.168868004564395], [5.932721002290626, 53.1703650045652], [5.927712002285673, 53.168682004564495], [5.921942002280009, 53.16834600456448], [5.892847002251533, 53.16972900456595], [5.892948002251625, 53.169549004565894], [5.8644610022237496, 53.17109700456749], [5.861937002221286, 53.17151900456775], [5.857781002217445, 53.179512004571905], [5.8535910022136175, 53.18909300457692], [5.852486002212579, 53.1906080045777], [5.850956002211112, 53.191713004578325], [5.857441002217502, 53.192997004578835], [5.858807002218837, 53.19286600457867], [5.862061002222045, 53.19356500457897], [5.857465002217776, 53.201600004583156], [5.856986002217346, 53.202917004583846], [5.8576630022180245, 53.20339600458404], [5.8577280022181055, 53.20406300458439], [5.897892002257574, 53.20869700458566], [5.902258002261874, 53.20960000458597], [5.907100002266655, 53.21105400458658], [5.905004002264644, 53.212476004587344], [5.904993002264674, 53.21397700458809], [5.905932002265622, 53.21501400458861], [5.897864002257715, 53.214658004588635], [5.897900002257771, 53.21538800458903], [5.893821002253779, 53.2155180045892], [5.894209002254224, 53.21777300459036], [5.889016002249137, 53.21768200459044], [5.888953002249167, 53.220952004592114], [5.8971170022571595, 53.22097000459186], [5.896927002257029, 53.222962004592915], [5.889170002249433, 53.22281600459305], [5.889442002249746, 53.224473004593825], [5.88999700225029, 53.224531004593885], [5.8899920022503, 53.22499900459411], [5.8806560022411585, 53.22497600459431], [5.879885002240644, 53.23334100459857], [5.87787400223867, 53.233210004598575], [5.876230002237032, 53.232310004598176], [5.8701110022310345, 53.23198900459818], [5.8686210022295615, 53.23146000459795], [5.860256002221367, 53.23121200459803], [5.860282002221375, 53.230598004597745], [5.852554002213804, 53.23047700459787], [5.854060002215357, 53.23316900459918], [5.856979002218429, 53.24060600460285], [5.858114002219568, 53.24153200460331], [5.859241002220723, 53.243293004604155], [5.832160002194204, 53.242857004604666], [5.83102000219314, 53.2447230046056], [5.83200000219415, 53.246380004606436], [5.8331270021952735, 53.24704500460674], [5.833166002195332, 53.24774500460708], [5.829903002192362, 53.255351004611], [5.829701002192229, 53.25758200461211], [5.832063002194622, 53.260339004613435], [5.8325300021953215, 53.268547004617524], [5.834983002197778, 53.270526004618446], [5.838649002201494, 53.274949004620574], [5.817694002181037, 53.276269004621774], [5.816878002180243, 53.27640200462184], [5.815519002178942, 53.277393004622354], [5.814255002177715, 53.27769100462258], [5.812280002175755, 53.27678800462215], [5.811412002174902, 53.276730004622166], [5.810538002174071, 53.27742400462249], [5.813229002176755, 53.27923800462336], [5.810471002174078, 53.27987300462374], [5.811046002174669, 53.2808080046242], [5.800478002164371, 53.282155004625174], [5.79857300216253, 53.28295100462558], [5.797837002161836, 53.28377300462603], [5.794331002158417, 53.284119004626284], [5.769365002134248, 53.292427004631065], [5.768464002133389, 53.293030004631376], [5.763284002128365, 53.29449100463225], [5.760754002125881, 53.29412500463211], [5.7527570021180505, 53.29392200463218], [5.735384002101081, 53.29472100463299], [5.735234002100921, 53.29437100463283], [5.730914002096705, 53.29457500463303], [5.727950002093712, 53.29165000463167], [5.726970002092675, 53.28916500463044], [5.727616002093302, 53.28895300463033], [5.725493002091226, 53.28913200463047], [5.724849002090554, 53.28773300462979], [5.726350002092018, 53.28760700462969], [5.723850002089473, 53.284493004628224], [5.721444002086953, 53.279282004625664], [5.720846002086361, 53.279074004625556], [5.721577002087043, 53.27810200462503], [5.721618002087047, 53.2769580046245], [5.7214120020868195, 53.27608800462406], [5.720121002085523, 53.274996004623546], [5.721922002087185, 53.271974004621995], [5.723334002088529, 53.2706740046213], [5.727336002092372, 53.268320004620044], [5.735387002100139, 53.26471400461805], [5.729836002094595, 53.261236004616414], [5.735830002100178, 53.25232500461183], [5.7360720021003, 53.248673004610005], [5.7336200020978945, 53.24851400460996], [5.743916002107744, 53.24109800460599], [5.7417300021055695, 53.240013004605494], [5.7414290021052805, 53.24022600460556], [5.736012002099886, 53.23743500460431], [5.734954002098872, 53.23805400460468], [5.729769002093702, 53.235254004603384], [5.738148002101784, 53.23128300460119], [5.733625002097343, 53.23089500460111], [5.73372200209743, 53.230677004601006], [5.732552002096272, 53.2303230046008], [5.733395002096965, 53.22619700459871], [5.734152002097384, 53.215893004593504], [5.745612002108612, 53.21587600459325], [5.745369002108363, 53.215521004593064], [5.747107002110055, 53.21514400459282], [5.743943002106873, 53.2125530045916], [5.744248002107169, 53.21243900459151], [5.743905002106799, 53.211379004591], [5.740754002103716, 53.21156900459116], [5.734741002097812, 53.21122000459114], [5.7360900020989725, 53.20608500458852], [5.73740000210026, 53.2062170045885], [5.7395040021022155, 53.20285000458676], [5.744575002107027, 53.19782100458411], [5.739972002102306, 53.19123300458087], [5.742389002104685, 53.19141100458092], [5.741254002103507, 53.18948900457994], [5.740342002102485, 53.185372004577914], [5.74540900210745, 53.18523100457765], [5.742151002104129, 53.18121600457569], [5.74146800210345, 53.1809740045756], [5.741988002103955, 53.18083100457555], [5.737545002099353, 53.17307000457168], [5.738026002099822, 53.17297200457163], [5.737786002099571, 53.172547004571406], [5.737051002098843, 53.17233600457132], [5.736892002098694, 53.17256900457141], [5.73477400209658, 53.171451004570926], [5.733307002095078, 53.16945800456992], [5.73230000209409, 53.16937800456989], [5.73142200209327, 53.17073900457064], [5.731304002093136, 53.17021900457037], [5.728217002090094, 53.16978500457021], [5.7287520020905776, 53.16851400456957], [5.7283340020901505, 53.16792500456925], [5.726264002088096, 53.16718200456894], [5.724925002086747, 53.166079004568395], [5.723191002085139, 53.16900500456994], [5.723792002085762, 53.170070004570476], [5.720127002082181, 53.1705270045708], [5.719519002081559, 53.16964600457036], [5.718444002080491, 53.16921500457017], [5.717826002079912, 53.17010500457063], [5.718385002080466, 53.17032400457073], [5.715460002077677, 53.172767004572044], [5.713244002075581, 53.17523000457333], [5.71125600207362, 53.174929004573244], [5.710955002073316, 53.17457100457304], [5.709483002071862, 53.17435600457299], [5.709100002071498, 53.17465300457316], [5.70769500207011, 53.174389004573015], [5.706099002068512, 53.17338300457258], [5.699149002061704, 53.17374400457294], [5.697901002060504, 53.17447900457331], [5.697856002060538, 53.17694100457459], [5.697299002060016, 53.17771700457499], [5.692742002055618, 53.17992200457622], [5.690193002053127, 53.18021000457643], [5.687096002050083, 53.180039004576415], [5.6858100020488855, 53.181922004577395], [5.684418002047511, 53.18173600457732], [5.679398002042502, 53.17913300457611], [5.677291002040343, 53.17639300457479], [5.675967002039064, 53.1769540045751], [5.675079002038221, 53.17780700457555], [5.674586002037735, 53.177808004575546], [5.672352002035474, 53.17575800457457], [5.672836002035936, 53.17532600457433], [5.669006002032112, 53.17333300457339], [5.667913002031065, 53.17404400457376], [5.668240002031415, 53.17502700457427], [5.665960002029194, 53.175470004574535], [5.664655002027866, 53.17407500457385], [5.663593002026822, 53.17397100457384], [5.662020002025217, 53.172152004572936], [5.662650002025824, 53.17185200457278], [5.661965002025133, 53.171240004572475], [5.66253900202568, 53.17073900457222], [5.661261002024392, 53.16975800457172], [5.660680002023832, 53.17006700457192], [5.65870000202183, 53.16831600457103], [5.658165002021312, 53.16850200457116], [5.656394002019557, 53.168000004570935], [5.652840002016009, 53.166259004570136], [5.65514000201823, 53.16514200456948], [5.656124002019213, 53.16566600456977], [5.660676002023634, 53.164223004568925], [5.660174002023111, 53.163380004568474], [5.6609850020238985, 53.16311300456833], [5.659673002022545, 53.16114000456736], [5.65982200202268, 53.16075700456713], [5.65750200202033, 53.158615004566116], [5.658050002020874, 53.158761004566195], [5.659453002022213, 53.15762700456555], [5.657421002020199, 53.15710700456537], [5.656659002019395, 53.15543400456453], [5.656853002019554, 53.154485004564016], [5.657571002020265, 53.154631004564074], [5.657737002020417, 53.1542580045639], [5.659199002021865, 53.154733004564065], [5.6619350020245625, 53.15495000456412], [5.661564002024132, 53.15312200456321], [5.6628140020253355, 53.15232400456281], [5.661961002024476, 53.15171300456248], [5.661824002024324, 53.15112700456217], [5.663320002025746, 53.14982100456152], [5.660302002022767, 53.14923900456128], [5.658473002020977, 53.1494440045614], [5.6573510020198405, 53.148365004560866], [5.656538002019038, 53.148310004560855], [5.6554800020179785, 53.147730004560586], [5.652908002015491, 53.14883300456121], [5.652051002014647, 53.148701004561104], [5.65213200201471, 53.148274004560946], [5.649909002012511, 53.14780500456075], [5.649344002011934, 53.14712800456042], [5.64906700201167, 53.14732500456054], [5.648532002011135, 53.14707500456038], [5.652128002014582, 53.144614004559045], [5.6541820020164995, 53.14158300455742], [5.647076002009398, 53.137989004555756], [5.644615002006973, 53.13777100455571], [5.639308002001708, 53.136183004555], [5.638214002000645, 53.136564004555204], [5.63199300199441, 53.133020004553586], [5.636183001998449, 53.13064600455223], [5.635197001997443, 53.129593004551715], [5.637318001999475, 53.128044004550866], [5.638371002000507, 53.127969004550785], [5.638317002000427, 53.12717000455038], [5.637484001999608, 53.127144004550374], [5.637348001999372, 53.12414900454884], [5.6380590020000545, 53.12369200454859], [5.643103002004986, 53.12287700454809], [5.6438080020056525, 53.122143004547695], [5.646413002008014, 53.116350004544636], [5.647562002009144, 53.11626000454461], [5.656514002017807, 53.11236400454236], [5.659484002020848, 53.11598500454415], [5.6627410020241, 53.1175120045449], [5.662256002023642, 53.11810000454519], [5.664940002026305, 53.11884300454551], [5.664584002025981, 53.11967300454596], [5.667680002029092, 53.12168900454693], [5.6684920020298675, 53.120978004546565], [5.671856002033235, 53.122951004547495], [5.671378002032774, 53.1231620045476], [5.671999002033396, 53.12351700454779], [5.671685002033095, 53.123728004547864], [5.674340002035751, 53.12517900454862], [5.673386002034819, 53.125341004548666], [5.680037002041458, 53.12857500455023], [5.68077000204217, 53.12833600455006], [5.684881002046206, 53.12826700454995], [5.685974002047335, 53.12986700455074], [5.68794400204924, 53.12903300455027], [5.689234002050526, 53.129546004550505], [5.692233002053448, 53.12884800455004], [5.691539002052716, 53.127256004549274], [5.695617002056706, 53.126826004548946], [5.69328800205429, 53.12295600454702], [5.695433002056401, 53.123009004546994], [5.695062002056025, 53.122694004546844], [5.6954160020563736, 53.12272000454682], [5.696312002057134, 53.11912200454496], [5.697091002057904, 53.11920100454498], [5.698245002059019, 53.11866600454468], [5.697768002058522, 53.11775400454425], [5.700613002061252, 53.11577500454318], [5.7034050020640485, 53.11741200454393], [5.703003002063658, 53.117632004544056], [5.7042440020649074, 53.11851100454443], [5.705202002065829, 53.11789700454414], [5.7076160020682405, 53.1191180045447], [5.707939002068578, 53.11969900454502], [5.711601002072172, 53.1196350045449], [5.71794800207844, 53.12068600454527], [5.718393002078846, 53.119729004544766], [5.720151002080616, 53.12107900454542], [5.721108002081537, 53.12048900454508], [5.724450002084914, 53.12344000454655], [5.7251240020855825, 53.12359500454661], [5.727842002088214, 53.12250700454596], [5.729073002089383, 53.12121600454527], [5.7294200020897295, 53.121311004545305], [5.729668002089938, 53.12030400454479], [5.732495002092739, 53.12100400454511], [5.7332810020934835, 53.120146004544615], [5.737154002097311, 53.12083600454491], [5.736179002096386, 53.12190200454546], [5.740260002100423, 53.122905004545906], [5.739887002100079, 53.123543004546214], [5.7439400021040745, 53.12394100454633], [5.744952002105102, 53.1251380045469], [5.746623002106773, 53.12605800454736], [5.751508002111585, 53.12651600454749], [5.751509002111553, 53.12553400454697], [5.754563002114524, 53.12466300454645], [5.756244002116054, 53.12083700454442], [5.757045002116722, 53.11700500454245], [5.756590002116237, 53.11578100454185], [5.757449002116984, 53.112716004540204], [5.761404002120898, 53.11367900454062], [5.762665002122073, 53.111583004539526], [5.760813002120241, 53.11119500453938], [5.76262800212195, 53.108817004538075], [5.764411002123724, 53.10959100453846], [5.765364002124623, 53.10836400453777], [5.767374002126575, 53.10768100453737], [5.768728002127877, 53.106713004536836], [5.770537002129637, 53.106195004536545], [5.767779002126892, 53.10506400453602], [5.769533002128558, 53.103263004535044], [5.77022900212925, 53.10350700453517], [5.770580002129571, 53.102656004534715], [5.773944002132909, 53.103795004535186], [5.777873002136748, 53.10318500453482], [5.781122002139889, 53.10155700453389], [5.7846150021432425, 53.09903000453245], [5.787380002145943, 53.09849700453215], [5.788229002146718, 53.09659400453113], [5.787254002145745, 53.09606900453089], [5.786264002144771, 53.0960200045309], [5.785593002144121, 53.09634300453106], [5.784711002143226, 53.095457004530616], [5.782048002140581, 53.09454000453024], [5.782287002140801, 53.094026004529944], [5.7781340021366825, 53.092736004529385], [5.771384002129936, 53.08910600452762], [5.772042002130559, 53.088380004527274], [5.771203002129725, 53.08796100452709], [5.771288002129797, 53.08765100452693], [5.77281000213129, 53.08761400452686], [5.7734930021319375, 53.08678500452639], [5.7745050021329165, 53.086314004526145], [5.773997002132411, 53.08606500452604], [5.774446002132837, 53.08561300452576], [5.7726110021309145, 53.08180700452386], [5.771004002129313, 53.081076004523524], [5.764283002122683, 53.08027600452326], [5.773564002131612, 53.074109004519826], [5.775054002132844, 53.06664400451589], [5.775749002133529, 53.0666750045159], [5.773233002131031, 53.06587900451555], [5.771596002129376, 53.06449400451485], [5.769286002127072, 53.06340500451437], [5.7672110021250145, 53.0628410045141], [5.766084002123863, 53.06138800451339], [5.7618600021196915, 53.06082900451321], [5.763117002120848, 53.05821500451181], [5.763119002120795, 53.056627004510915], [5.763998002121647, 53.05610200451067], [5.766813002124239, 53.050545004507654], [5.769469002126821, 53.04963300450715], [5.771412002128657, 53.047197004505875], [5.770459002127707, 53.04675500450562], [5.77049800212773, 53.04624900450538], [5.769847002127077, 53.04584900450518], [5.773912002131077, 53.04592200450511]]]}, "properties": {"type": "boundary", "gemeente": "Leeuwarden"}}]}