{"type": "FeatureCollection", "metadata": {"gemeente": "Meierijstad", "slug": "meierijstad", "generated_at": "2026-08-08T19:45:12.276026Z", "total_points": 171, "merken": ["StatiegeldNederland", "Stibat", "StichtingOPEN"], "bounds": [5.4028557, 51.5545028, 5.6148072, 51.6364036]}, "features": [{"type": "Feature", "geometry": {"type": "Point", "coordinates": [5.6073827, 51.6010407]}, "properties": {"type": "inleverpunt", "locatieNaam": "Albert Heijn", "straatNaam": "Cruijgenstraat", "straatNr": "3", "postcode": "5469 BS", "plaats": "Erp", "merk": "StatiegeldNederland", "puntType": "automaat", "materialen": ["pet-groot", "pet-klein", "blik", "glas", "krat"], "uitbetaling": ["bonnetje", "donatie"], "vrijToegankelijk": true, "gemeenteBeperking": null, "openingstijden": {"ma": "07:00–22:00", "di": "07:00–22:00", "wo": "07:00–22:00", "do": "07:00–22:00", "vr": "07:00–22:00", "za": "07:00–22:00", "zo": "08:00–21:00"}, "latitude": 51.6010407, "longitude": 5.6073827, "bronId": "268325"}}, {"type": "Feature", "geometry": {"type": "Point", "coordinates": [5.5466444, 51.6090162]}, "properties": {"type": "inleverpunt", "locatieNaam": "Albert Heijn", "straatNaam": "De Boekt", "straatNr": "20", "postcode": "5463 HT", "plaats": "Veghel", "merk": "StatiegeldNederland", "puntType": "automaat", "materialen": ["pet-groot", "pet-klein", "blik", "glas", "krat"], "uitbetaling": ["bonnetje", "donatie"], "vrijToegankelijk": true, "gemeenteBeperking": null, "openingstijden": {"ma": "08:00–21:00", "di": "08:00–21:00", "wo": "08:00–21:00", "do": "08:00–21:00", "vr": "08:00–21:00", "za": "08:00–20:00", "zo": "09:00–19:00"}, "latitude": 51.6090162, "longitude": 5.5466444, "bronId": "268334"}}, {"type": "Feature", "geometry": {"type": "Point", "coordinates": [5.46018, 51.5643788]}, "properties": {"type": "inleverpunt", "locatieNaam": "Albert Heijn", "straatNaam": "Markt", "straatNr": "18", "postcode": "5492 AB", "plaats": "Sint Oedenrode", "merk": "StatiegeldNederland", "puntType": "automaat", "materialen": ["pet-groot", "pet-klein", "blik", "glas", "krat"], "uitbetaling": ["bonnetje"], "vrijToegankelijk": true, "gemeenteBeperking": null, "openingstijden": {"ma": "08:00–21:00", "di": "08:00–21:00", "wo": "08:00–21:00", "do": "08:00–21:00", "vr": "08:00–21:00", "za": "08:00–21:00", "zo": "10:00–20:00"}, "latitude": 51.5643788, "longitude": 5.46018, "bronId": "268724"}}, {"type": "Feature", "geometry": {"type": "Point", "coordinates": [5.4433768, 51.6161217]}, "properties": {"type": "inleverpunt", "locatieNaam": "Albert Heijn", "straatNaam": "Molenstraat", "straatNr": "20", "postcode": "5482 GB", "plaats": "Schijndel", "merk": "StatiegeldNederland", "puntType": "automaat", "materialen": ["pet-groot", "pet-klein", "blik", "glas", "krat"], "uitbetaling": ["bonnetje", "donatie"], "vrijToegankelijk": true, "gemeenteBeperking": null, "openingstijden": {"ma": "08:00–21:00", "di": "08:00–21:00", "wo": "08:00–21:00", "do": "08:00–21:00", "vr": "08:00–21:00", "za": "08:00–21:00", "zo": "09:00–20:00"}, "latitude": 51.6161217, "longitude": 5.4433768, "bronId": "268765"}}, {"type": "Feature", "geometry": {"type": "Point", "coordinates": [5.5479671, 51.6149506]}, "properties": {"type": "inleverpunt", "locatieNaam": "Albert Heijn", "straatNaam": "Stadhuisplein", "straatNr": "6", "postcode": "5461 KS", "plaats": "Veghel", "merk": "StatiegeldNederland", "puntType": "automaat", "materialen": ["pet-groot", "pet-klein", "blik", "glas", "krat"], "uitbetaling": ["bonnetje", "donatie"], "vrijToegankelijk": true, "gemeenteBeperking": null, "openingstijden": {"ma": "08:00–22:00", "di": "08:00–22:00", "wo": "08:00–22:00", "do": "08:00–22:00", "vr": "08:00–22:00", "za": "08:00–22:00", "zo": "09:00–21:00"}, "latitude": 51.6149506, "longitude": 5.5479671, "bronId": "268977"}}, {"type": "Feature", "geometry": {"type": "Point", "coordinates": [5.4368571, 51.6178302]}, "properties": {"type": "inleverpunt", "locatieNaam": "Aldi", "straatNaam": "Hoofdstraat", "straatNr": "154", "postcode": "5481 AJ", "plaats": "Schijndel", "merk": "StatiegeldNederland", "puntType": "automaat", "materialen": ["pet-groot", "pet-klein", "blik", "glas", "krat"], "uitbetaling": ["bonnetje"], "vrijToegankelijk": true, "gemeenteBeperking": null, "openingstijden": {"ma": "08:00–20:00", "di": "08:00–20:00", "wo": "08:00–20:00", "do": "08:00–20:00", "vr": "08:00–20:00", "za": "08:00–20:00", "zo": "09:00–18:00"}, "latitude": 51.6178302, "longitude": 5.4368571, "bronId": "269387"}}, {"type": "Feature", "geometry": {"type": "Point", "coordinates": [5.4637872, 51.5650802]}, "properties": {"type": "inleverpunt", "locatieNaam": "Aldi", "straatNaam": "Sluisplein", "straatNr": "2", "postcode": "5492 AM", "plaats": "Sint Oedenrode", "merk": "StatiegeldNederland", "puntType": "automaat", "materialen": ["pet-groot", "pet-klein", "blik", "glas", "krat"], "uitbetaling": ["bonnetje"], "vrijToegankelijk": true, "gemeenteBeperking": null, "openingstijden": {"ma": "08:00–20:00", "di": "08:00–20:00", "wo": "08:00–20:00", "do": "08:00–20:00", "vr": "08:00–20:00", "za": "08:00–19:00", "zo": "10:00–18:00"}, "latitude": 51.5650802, "longitude": 5.4637872, "bronId": "269585"}}, {"type": "Feature", "geometry": {"type": "Point", "coordinates": [5.5449661, 51.6149421]}, "properties": {"type": "inleverpunt", "locatieNaam": "Aldi", "straatNaam": "Vlas En Graan", "straatNr": "101", "postcode": "5461 KL", "plaats": "Veghel", "merk": "StatiegeldNederland", "puntType": "automaat", "materialen": ["pet-groot", "pet-klein", "blik", "glas", "krat"], "uitbetaling": ["bonnetje"], "vrijToegankelijk": true, "gemeenteBeperking": null, "openingstijden": {"ma": "08:00–20:00", "di": "08:00–20:00", "wo": "08:00–20:00", "do": "08:00–20:00", "vr": "08:00–20:00", "za": "08:00–20:00", "zo": "09:00–18:00"}, "latitude": 51.6149421, "longitude": 5.5449661, "bronId": "269639"}}, {"type": "Feature", "geometry": {"type": "Point", "coordinates": [5.4585724, 51.6129053]}, "properties": {"type": "inleverpunt", "locatieNaam": "Boxss SCHIJNDEL", "straatNaam": "Nieuwe Eerdsebaan", "straatNr": "2", "postcode": "5482 VS", "plaats": "Schijndel", "merk": "StatiegeldNederland", "puntType": "automaat", "materialen": ["pet-groot", "pet-klein", "blik", "krat"], "uitbetaling": ["donatie", "tikkie"], "vrijToegankelijk": true, "gemeenteBeperking": null, "openingstijden": {"ma": "08:00–18:00", "di": "08:00–18:00", "wo": "08:00–18:00", "do": "08:00–18:00", "vr": "08:00–18:00", "za": "08:00–18:00", "zo": "09:00–18:00"}, "latitude": 51.6129053, "longitude": 5.4585724, "bronId": "270113"}}, {"type": "Feature", "geometry": {"type": "Point", "coordinates": [5.4585724, 51.6129053]}, "properties": {"type": "inleverpunt", "locatieNaam": "Carwash Schijndel", "straatNaam": "Nieuwe Eerdsebaan", "straatNr": "2", "postcode": "5482 VS", "plaats": "Schijndel", "merk": "StatiegeldNederland", "puntType": "automaat", "materialen": ["pet-groot", "pet-klein", "blik"], "uitbetaling": ["bonnetje", "donatie", "tikkie"], "vrijToegankelijk": true, "gemeenteBeperking": null, "openingstijden": null, "latitude": 51.6129053, "longitude": 5.4585724, "bronId": "270213"}}, {"type": "Feature", "geometry": {"type": "Point", "coordinates": [5.516521, 51.59947]}, "properties": {"type": "inleverpunt", "locatieNaam": "Circlek Servauto - Poort V Veghel", "straatNaam": "Poort van Veghel", "straatNr": "4900", "postcode": "5466 SB", "plaats": "Veghel", "merk": "StatiegeldNederland", "puntType": "balie", "materialen": ["pet-groot", "pet-klein", "blik"], "uitbetaling": [], "vrijToegankelijk": true, "gemeenteBeperking": null, "openingstijden": {"ma": "06:00–22:00", "di": "06:00–22:00", "wo": "06:00–22:00", "do": "06:00–22:00", "vr": "06:00–22:00", "za": "08:00–21:00", "zo": "09:00–21:00"}, "latitude": 51.59947, "longitude": 5.516521, "bronId": "270586"}}, {"type": "Feature", "geometry": {"type": "Point", "coordinates": [5.5623614, 51.6214791]}, "properties": {"type": "inleverpunt", "locatieNaam": "Fioretti College Praktijk onderwijs", "straatNaam": "Muntelaar", "straatNr": "4", "postcode": "5464 HA", "plaats": "Veghel", "merk": "StatiegeldNederland", "puntType": "automaat", "materialen": ["pet-klein", "blik"], "uitbetaling": [], "vrijToegankelijk": false, "gemeenteBeperking": null, "openingstijden": null, "latitude": 51.6214791, "longitude": 5.5623614, "bronId": "271214"}}, {"type": "Feature", "geometry": {"type": "Point", "coordinates": [5.5616762, 51.6215316]}, "properties": {"type": "inleverpunt", "locatieNaam": "Fioretti College", "straatNaam": "Muntelaar", "straatNr": "4", "postcode": "5467 HA", "plaats": "Veghel", "merk": "StatiegeldNederland", "puntType": "automaat", "materialen": ["pet-klein", "blik"], "uitbetaling": ["donatie", "tikkie"], "vrijToegankelijk": true, "gemeenteBeperking": null, "openingstijden": null, "latitude": 51.6215316, "longitude": 5.5616762, "bronId": "271215"}}, {"type": "Feature", "geometry": {"type": "Point", "coordinates": [5.5232319, 51.596087]}, "properties": {"type": "inleverpunt", "locatieNaam": "Hoofdkantoor Ekoplaza", "straatNaam": "Kempkens", "straatNr": "1000", "postcode": "5465 PR", "plaats": "Veghel", "merk": "StatiegeldNederland", "puntType": "automaat", "materialen": ["pet-groot", "pet-klein", "blik"], "uitbetaling": ["bonnetje", "donatie", "tikkie"], "vrijToegankelijk": true, "gemeenteBeperking": null, "openingstijden": {"ma": "24 uur geopend", "di": "24 uur geopend", "wo": "24 uur geopend", "do": "24 uur geopend", "vr": "24 uur geopend", "za": "24 uur geopend", "zo": "24 uur geopend"}, "latitude": 51.596087, "longitude": 5.5232319, "bronId": "271545"}}, {"type": "Feature", "geometry": {"type": "Point", "coordinates": [5.558496, 51.623732]}, "properties": {"type": "inleverpunt", "locatieNaam": "Jumbo", "straatNaam": "De Bunders", "straatNr": "68", "postcode": "5467 JZ", "plaats": "Veghel", "merk": "StatiegeldNederland", "puntType": "automaat", "materialen": ["pet-groot", "pet-klein", "blik", "glas", "krat"], "uitbetaling": ["bonnetje", "donatie"], "vrijToegankelijk": true, "gemeenteBeperking": null, "openingstijden": {"ma": "08:00–21:00", "di": "08:00–21:00", "wo": "08:00–21:00", "do": "08:00–21:00", "vr": "08:00–21:00", "za": "08:00–21:00", "zo": "09:00–19:00"}, "latitude": 51.623732, "longitude": 5.558496, "bronId": "271726"}}, {"type": "Feature", "geometry": {"type": "Point", "coordinates": [5.460663, 51.561974]}, "properties": {"type": "inleverpunt", "locatieNaam": "Jumbo", "straatNaam": "Hertog Hendrikstraat", "straatNr": "1", "postcode": "5492 BA", "plaats": "Sint-Oedenrode", "merk": "StatiegeldNederland", "puntType": "automaat", "materialen": ["pet-groot", "pet-klein", "blik", "glas", "krat"], "uitbetaling": ["bonnetje", "donatie"], "vrijToegankelijk": true, "gemeenteBeperking": null, "openingstijden": {"ma": "08:00–21:00", "di": "08:00–21:00", "wo": "08:00–21:00", "do": "08:00–21:00", "vr": "08:00–21:00", "za": "08:00–20:00", "zo": "09:00–20:00"}, "latitude": 51.561974, "longitude": 5.460663, "bronId": "271856"}}, {"type": "Feature", "geometry": {"type": "Point", "coordinates": [5.456683, 51.571694]}, "properties": {"type": "inleverpunt", "locatieNaam": "Jumbo", "straatNaam": "Pieter Christiaanstraat", "straatNr": "11", "postcode": "5491 JN", "plaats": "Sint-Oedenrode", "merk": "StatiegeldNederland", "puntType": "automaat", "materialen": ["pet-groot", "pet-klein", "blik", "glas", "krat"], "uitbetaling": ["bonnetje", "donatie"], "vrijToegankelijk": true, "gemeenteBeperking": null, "openingstijden": {"ma": "08:00–20:00", "di": "08:00–20:00", "wo": "08:00–20:00", "do": "08:00–20:00", "vr": "08:00–21:00", "za": "08:00–20:00", "zo": "10:00–18:00"}, "latitude": 51.571694, "longitude": 5.456683, "bronId": "272112"}}, {"type": "Feature", "geometry": {"type": "Point", "coordinates": [5.5476361, 51.622516]}, "properties": {"type": "inleverpunt", "locatieNaam": "Jumbo", "straatNaam": "Populierlaan", "straatNr": "58", "postcode": "5461 CP", "plaats": "Veghel", "merk": "StatiegeldNederland", "puntType": "balie", "materialen": ["pet-groot", "pet-klein", "blik"], "uitbetaling": [], "vrijToegankelijk": false, "gemeenteBeperking": null, "openingstijden": {"ma": "08:00–21:00", "di": "08:00–21:00", "wo": "08:00–21:00", "do": "08:00–21:00", "vr": "08:00–21:00", "za": "08:00–21:00", "zo": "09:00–20:00"}, "latitude": 51.622516, "longitude": 5.5476361, "bronId": "272129"}}, {"type": "Feature", "geometry": {"type": "Point", "coordinates": [5.446227, 51.605829]}, "properties": {"type": "inleverpunt", "locatieNaam": "Jumbo", "straatNaam": "Rooiseheide", "straatNr": "5", "postcode": "5481 SG", "plaats": "Schijndel", "merk": "StatiegeldNederland", "puntType": "automaat", "materialen": ["pet-groot", "pet-klein", "blik", "glas", "krat"], "uitbetaling": ["bonnetje", "donatie"], "vrijToegankelijk": true, "gemeenteBeperking": null, "openingstijden": {"ma": "08:00–21:00", "di": "08:00–21:00", "wo": "08:00–21:00", "do": "08:00–21:00", "vr": "08:00–21:00", "za": "08:00–21:00", "zo": "09:00–20:00"}, "latitude": 51.605829, "longitude": 5.446227, "bronId": "272162"}}, {"type": "Feature", "geometry": {"type": "Point", "coordinates": [5.432339, 51.619075]}, "properties": {"type": "inleverpunt", "locatieNaam": "Jumbo", "straatNaam": "St. Jorisplein", "straatNr": "4", "postcode": "5481 AS", "plaats": "Schijndel", "merk": "StatiegeldNederland", "puntType": "automaat", "materialen": ["pet-groot", "pet-klein", "blik", "glas", "krat"], "uitbetaling": ["bonnetje", "donatie"], "vrijToegankelijk": true, "gemeenteBeperking": null, "openingstijden": {"ma": "08:00–21:00", "di": "08:00–21:00", "wo": "08:00–21:00", "do": "08:00–21:00", "vr": "08:00–21:00", "za": "08:00–21:00", "zo": "09:00–20:00"}, "latitude": 51.619075, "longitude": 5.432339, "bronId": "272201"}}, {"type": "Feature", "geometry": {"type": "Point", "coordinates": [5.546931, 51.6186015]}, "properties": {"type": "inleverpunt", "locatieNaam": "Jumbo", "straatNaam": "Stationsstraat", "straatNr": "11", "postcode": "5461 JS", "plaats": "Veghel", "merk": "StatiegeldNederland", "puntType": "automaat", "materialen": ["pet-groot", "pet-klein", "blik", "glas", "krat"], "uitbetaling": ["bonnetje", "donatie"], "vrijToegankelijk": true, "gemeenteBeperking": null, "openingstijden": {"ma": "08:00–21:00", "di": "08:00–21:00", "wo": "08:00–21:00", "do": "08:00–21:00", "vr": "08:00–21:00", "za": "08:00–21:00", "zo": "09:00–20:00"}, "latitude": 51.6186015, "longitude": 5.546931, "bronId": "272213"}}, {"type": "Feature", "geometry": {"type": "Point", "coordinates": [5.5287734, 51.6159638]}, "properties": {"type": "inleverpunt", "locatieNaam": "Jumbo", "straatNaam": "Verlengde Noordkade", "straatNr": "14", "postcode": "5462 EH", "plaats": "Veghel", "merk": "StatiegeldNederland", "puntType": "automaat", "materialen": ["pet-groot", "pet-klein", "blik", "glas", "krat"], "uitbetaling": ["bonnetje", "donatie"], "vrijToegankelijk": true, "gemeenteBeperking": null, "openingstijden": {"ma": "08:00–21:00", "di": "08:00–21:00", "wo": "08:00–21:00", "do": "08:00–21:00", "vr": "08:00–21:00", "za": "08:00–21:00", "zo": "09:00–20:00"}, "latitude": 51.6159638, "longitude": 5.5287734, "bronId": "272259"}}, {"type": "Feature", "geometry": {"type": "Point", "coordinates": [5.5635226, 51.6215598]}, "properties": {"type": "inleverpunt", "locatieNaam": "Koning Willem 1 College", "straatNaam": "Muntelaar", "straatNr": "10", "postcode": "5467 HA", "plaats": "Veghel", "merk": "StatiegeldNederland", "puntType": "automaat", "materialen": ["pet-klein", "blik"], "uitbetaling": [], "vrijToegankelijk": false, "gemeenteBeperking": null, "openingstijden": {"ma": "08:00–18:00", "di": "08:00–18:00", "wo": "08:00–18:00", "do": "08:00–18:00", "vr": "08:00–18:00", "za": "Gesloten", "zo": "Gesloten"}, "latitude": 51.6215598, "longitude": 5.5635226, "bronId": "272355"}}, {"type": "Feature", "geometry": {"type": "Point", "coordinates": [5.4476391, 51.6038064]}, "properties": {"type": "inleverpunt", "locatieNaam": "Kvs17", "straatNaam": "Rooiseheide", "straatNr": "14", "postcode": "5481 SG", "plaats": "Schijndel", "merk": "StatiegeldNederland", "puntType": "balie", "materialen": ["pet-groot", "pet-klein", "blik"], "uitbetaling": [], "vrijToegankelijk": false, "gemeenteBeperking": null, "openingstijden": null, "latitude": 51.6038064, "longitude": 5.4476391, "bronId": "272427"}}, {"type": "Feature", "geometry": {"type": "Point", "coordinates": [5.5269948, 51.6036736]}, "properties": {"type": "inleverpunt", "locatieNaam": "Lets Wash Veghel - Doornhoek", "straatNaam": "Doornhoek", "straatNr": "3910", "postcode": "5465 TC", "plaats": "Veghel", "merk": "StatiegeldNederland", "puntType": "automaat", "materialen": ["pet-groot", "pet-klein", "blik"], "uitbetaling": ["bonnetje", "donatie", "tikkie"], "vrijToegankelijk": true, "gemeenteBeperking": null, "openingstijden": null, "latitude": 51.6036736, "longitude": 5.5269948, "bronId": "272484"}}, {"type": "Feature", "geometry": {"type": "Point", "coordinates": [5.45056, 51.55884]}, "properties": {"type": "inleverpunt", "locatieNaam": "Lidl", "straatNaam": "Boskantseweg", "straatNr": "43", "postcode": "5492 BV", "plaats": "Sint Oedenrode", "merk": "StatiegeldNederland", "puntType": "automaat", "materialen": ["pet-groot", "pet-klein", "blik", "glas", "krat"], "uitbetaling": ["bonnetje", "donatie"], "vrijToegankelijk": true, "gemeenteBeperking": null, "openingstijden": {"ma": "08:00–21:00", "di": "08:00–21:00", "wo": "08:00–21:00", "do": "08:00–21:00", "vr": "08:00–21:00", "za": "08:00–20:00", "zo": "09:00–18:00"}, "latitude": 51.55884, "longitude": 5.45056, "bronId": "272524"}}, {"type": "Feature", "geometry": {"type": "Point", "coordinates": [5.5473961, 51.6169583]}, "properties": {"type": "inleverpunt", "locatieNaam": "Lidl", "straatNaam": "De Kempen", "straatNr": "60", "postcode": "5461 HL", "plaats": "Veghel", "merk": "StatiegeldNederland", "puntType": "automaat", "materialen": ["pet-groot", "pet-klein", "blik", "glas", "krat"], "uitbetaling": ["bonnetje", "donatie"], "vrijToegankelijk": true, "gemeenteBeperking": null, "openingstijden": {"ma": "08:00–21:00", "di": "08:00–21:00", "wo": "08:00–21:00", "do": "08:00–21:00", "vr": "08:00–21:00", "za": "08:00–21:00", "zo": "09:00–18:00"}, "latitude": 51.6169583, "longitude": 5.5473961, "bronId": "272553"}}, {"type": "Feature", "geometry": {"type": "Point", "coordinates": [5.5635226, 51.6215598]}, "properties": {"type": "inleverpunt", "locatieNaam": "Markies 600015 Kw1 College M", "straatNaam": "Muntelaar", "straatNr": "10", "postcode": "5467 HA", "plaats": "Veghel", "merk": "StatiegeldNederland", "puntType": "balie", "materialen": ["pet-groot", "pet-klein", "blik"], "uitbetaling": [], "vrijToegankelijk": true, "gemeenteBeperking": null, "openingstijden": {"ma": "08:00–18:00", "di": "08:00–18:00", "wo": "08:00–18:00", "do": "08:00–18:00", "vr": "08:00–18:00", "za": "Gesloten", "zo": "Gesloten"}, "latitude": 51.6215598, "longitude": 5.5635226, "bronId": "273117"}}, {"type": "Feature", "geometry": {"type": "Point", "coordinates": [5.4504603, 51.5786916]}, "properties": {"type": "inleverpunt", "locatieNaam": "Mhc Sint-oedenrode", "straatNaam": "Bremhorst", "straatNr": "2", "postcode": "5491 LR", "plaats": "Sint-oedenrode", "merk": "StatiegeldNederland", "puntType": "balie", "materialen": ["pet-groot", "pet-klein", "blik"], "uitbetaling": [], "vrijToegankelijk": false, "gemeenteBeperking": null, "openingstijden": {"ma": "16:00–22:00", "di": "16:00–22:00", "wo": "16:00–22:00", "do": "16:00–22:00", "vr": "16:00–22:00", "za": "08:15–18:00", "zo": "09:00–18:00"}, "latitude": 51.5786916, "longitude": 5.4504603, "bronId": "273224"}}, {"type": "Feature", "geometry": {"type": "Point", "coordinates": [5.43684, 51.61733]}, "properties": {"type": "inleverpunt", "locatieNaam": "Plus", "straatNaam": "Hoofdstraat", "straatNr": "121", "postcode": "5481 AC", "plaats": "Schijndel", "merk": "StatiegeldNederland", "puntType": "automaat", "materialen": ["pet-groot", "pet-klein", "blik", "glas", "krat"], "uitbetaling": ["bonnetje", "donatie"], "vrijToegankelijk": true, "gemeenteBeperking": null, "openingstijden": {"ma": "07:00–21:00", "di": "07:00–21:00", "wo": "07:00–21:00", "do": "07:00–21:00", "vr": "07:00–21:00", "za": "07:00–21:00", "zo": "09:00–20:00"}, "latitude": 51.61733, "longitude": 5.43684, "bronId": "273812"}}, {"type": "Feature", "geometry": {"type": "Point", "coordinates": [5.4560125, 51.5650897]}, "properties": {"type": "inleverpunt", "locatieNaam": "Rksv Rhode", "straatNaam": "Dommelpark", "straatNr": "3", "postcode": "5492 DD", "plaats": "Sint-oedenrode", "merk": "StatiegeldNederland", "puntType": "balie", "materialen": ["pet-groot", "pet-klein", "blik"], "uitbetaling": [], "vrijToegankelijk": false, "gemeenteBeperking": null, "openingstijden": null, "latitude": 51.5650897, "longitude": 5.4560125, "bronId": "274271"}}, {"type": "Feature", "geometry": {"type": "Point", "coordinates": [5.4450425, 51.6028253]}, "properties": {"type": "inleverpunt", "locatieNaam": "Rksv Schijndel - De Wit", "straatNaam": "Rooiseheide", "straatNr": "20", "postcode": "5481 SG", "plaats": "Schijndel", "merk": "StatiegeldNederland", "puntType": "balie", "materialen": ["pet-groot", "pet-klein", "blik"], "uitbetaling": [], "vrijToegankelijk": false, "gemeenteBeperking": null, "openingstijden": null, "latitude": 51.6028253, "longitude": 5.4450425, "bronId": "274272"}}, {"type": "Feature", "geometry": {"type": "Point", "coordinates": [5.5892743, 51.5847512]}, "properties": {"type": "inleverpunt", "locatieNaam": "Rkvv Keldonk", "straatNaam": "Kampweg", "straatNr": "13", "postcode": "5469 EX", "plaats": "Erp", "merk": "StatiegeldNederland", "puntType": "balie", "materialen": ["pet-groot", "pet-klein", "blik"], "uitbetaling": [], "vrijToegankelijk": false, "gemeenteBeperking": null, "openingstijden": null, "latitude": 51.5847512, "longitude": 5.5892743, "bronId": "274284"}}, {"type": "Feature", "geometry": {"type": "Point", "coordinates": [5.4028557, 51.5827159]}, "properties": {"type": "inleverpunt", "locatieNaam": "S.v. Olland", "straatNaam": "Den Ekker", "straatNr": "1a", "postcode": "5491 ZK", "plaats": "Sint Oedenrode", "merk": "StatiegeldNederland", "puntType": "balie", "materialen": ["pet-groot", "pet-klein", "blik"], "uitbetaling": [], "vrijToegankelijk": false, "gemeenteBeperking": null, "openingstijden": null, "latitude": 51.5827159, "longitude": 5.4028557, "bronId": "274389"}}, {"type": "Feature", "geometry": {"type": "Point", "coordinates": [5.524797, 51.605068]}, "properties": {"type": "inleverpunt", "locatieNaam": "Shell", "straatNaam": "Kennedylaan", "straatNr": "2", "postcode": "5466 AA", "plaats": "Veghel", "merk": "StatiegeldNederland", "puntType": "balie", "materialen": ["pet-groot", "pet-klein", "blik"], "uitbetaling": [], "vrijToegankelijk": true, "gemeenteBeperking": null, "openingstijden": {"ma": "24 uur geopend", "di": "24 uur geopend", "wo": "24 uur geopend", "do": "24 uur geopend", "vr": "24 uur geopend", "za": "24 uur geopend", "zo": "24 uur geopend"}, "latitude": 51.605068, "longitude": 5.524797, "bronId": "274555"}}, {"type": "Feature", "geometry": {"type": "Point", "coordinates": [5.5207436, 51.6163901]}, "properties": {"type": "inleverpunt", "locatieNaam": "Shell", "straatNaam": "N.C.B.-Laan", "straatNr": "117", "postcode": "5462 GC", "plaats": "Veghel", "merk": "StatiegeldNederland", "puntType": "balie", "materialen": ["pet-groot", "pet-klein", "blik"], "uitbetaling": [], "vrijToegankelijk": true, "gemeenteBeperking": null, "openingstijden": {"ma": "24 uur geopend", "di": "24 uur geopend", "wo": "24 uur geopend", "do": "24 uur geopend", "vr": "24 uur geopend", "za": "24 uur geopend", "zo": "24 uur geopend"}, "latitude": 51.6163901, "longitude": 5.5207436, "bronId": "274586"}}, {"type": "Feature", "geometry": {"type": "Point", "coordinates": [5.4440308, 51.6040869]}, "properties": {"type": "inleverpunt", "locatieNaam": "Smhc De Hopbel", "straatNaam": "Rooiseheide", "straatNr": "18", "postcode": "5481 SG", "plaats": "Schijndel", "merk": "StatiegeldNederland", "puntType": "balie", "materialen": ["pet-groot", "pet-klein", "blik"], "uitbetaling": [], "vrijToegankelijk": false, "gemeenteBeperking": null, "openingstijden": null, "latitude": 51.6040869, "longitude": 5.4440308, "bronId": "274750"}}, {"type": "Feature", "geometry": {"type": "Point", "coordinates": [5.4227716, 51.628729]}, "properties": {"type": "inleverpunt", "locatieNaam": "Spar", "straatNaam": "Papavertraat", "straatNr": "32", "postcode": "5482 MD", "plaats": "Schijndel", "merk": "StatiegeldNederland", "puntType": "automaat", "materialen": ["pet-groot", "pet-klein", "blik", "glas", "krat"], "uitbetaling": ["bonnetje", "donatie"], "vrijToegankelijk": true, "gemeenteBeperking": null, "openingstijden": {"ma": "08:00–20:00", "di": "08:00–20:00", "wo": "08:00–20:00", "do": "08:00–20:00", "vr": "08:00–20:00", "za": "08:00–20:00", "zo": "09:00–20:00"}, "latitude": 51.628729, "longitude": 5.4227716, "bronId": "274907"}}, {"type": "Feature", "geometry": {"type": "Point", "coordinates": [5.5838266, 51.6364036]}, "properties": {"type": "inleverpunt", "locatieNaam": "Tennis En Padel De Krekel", "straatNaam": "Pastoor van Haarenstraat", "straatNr": "81", "postcode": "5464 VE", "plaats": "Veghel", "merk": "StatiegeldNederland", "puntType": "balie", "materialen": ["pet-groot", "pet-klein", "blik"], "uitbetaling": [], "vrijToegankelijk": false, "gemeenteBeperking": null, "openingstijden": {"ma": "07:00–23:00", "di": "07:00–23:00", "wo": "07:00–23:00", "do": "07:00–23:00", "vr": "07:00–23:00", "za": "07:00–21:00", "zo": "07:00–21:00"}, "latitude": 51.6364036, "longitude": 5.5838266, "bronId": "275376"}}, {"type": "Feature", "geometry": {"type": "Point", "coordinates": [5.5374975, 51.6281079]}, "properties": {"type": "inleverpunt", "locatieNaam": "Tennisvereniging Frisselstein", "straatNaam": "Prins Willem Alexander Sportpark", "straatNr": "20", "postcode": "5461 XL", "plaats": "Veghel", "merk": "StatiegeldNederland", "puntType": "balie", "materialen": ["pet-groot", "pet-klein", "blik"], "uitbetaling": [], "vrijToegankelijk": false, "gemeenteBeperking": null, "openingstijden": {"ma": "09:00–23:00", "di": "09:00–23:00", "wo": "09:00–23:00", "do": "09:00–23:00", "vr": "09:00–23:00", "za": "09:00–20:00", "zo": "09:00–20:00"}, "latitude": 51.6281079, "longitude": 5.5374975, "bronId": "275412"}}, {"type": "Feature", "geometry": {"type": "Point", "coordinates": [5.4853461, 51.5545028]}, "properties": {"type": "inleverpunt", "locatieNaam": "Tennisvereniging Nijnsel", "straatNaam": "Eimbert", "straatNr": "9", "postcode": "5492 NH", "plaats": "Sint- Oedenrode", "merk": "StatiegeldNederland", "puntType": "balie", "materialen": ["pet-groot", "pet-klein", "blik"], "uitbetaling": [], "vrijToegankelijk": false, "gemeenteBeperking": null, "openingstijden": {"ma": "24 uur geopend", "di": "24 uur geopend", "wo": "24 uur geopend", "do": "24 uur geopend", "vr": "24 uur geopend", "za": "24 uur geopend", "zo": "24 uur geopend"}, "latitude": 51.5545028, "longitude": 5.4853461, "bronId": "275417"}}, {"type": "Feature", "geometry": {"type": "Point", "coordinates": [5.456509, 51.5764043]}, "properties": {"type": "inleverpunt", "locatieNaam": "ViaTim", "straatNaam": "Dille", "straatNr": "11", "postcode": "5491 KW", "plaats": "Sint-oedenrode", "merk": "StatiegeldNederland", "puntType": "balie", "materialen": ["pet-groot", "pet-klein", "blik"], "uitbetaling": ["tikkie"], "vrijToegankelijk": true, "gemeenteBeperking": null, "openingstijden": {"ma": "16:00–21:00", "di": "16:00–21:00", "wo": "16:00–21:00", "do": "16:00–21:00", "vr": "16:00–21:00", "za": "Gesloten", "zo": "Gesloten"}, "latitude": 51.5764043, "longitude": 5.456509, "bronId": "275756"}}, {"type": "Feature", "geometry": {"type": "Point", "coordinates": [5.4594199, 51.5617676]}, "properties": {"type": "inleverpunt", "locatieNaam": "ViaTim", "straatNaam": "Hertog Hendrikstraat", "straatNr": "8", "postcode": "5492 BB", "plaats": "Sint-oedenrode", "merk": "StatiegeldNederland", "puntType": "balie", "materialen": ["pet-groot", "pet-klein", "blik"], "uitbetaling": ["tikkie"], "vrijToegankelijk": true, "gemeenteBeperking": null, "openingstijden": {"ma": "08:30–20:30", "di": "08:30–20:30", "wo": "08:30–20:30", "do": "08:30–20:30", "vr": "08:30–20:30", "za": "08:30–20:30", "zo": "Gesloten"}, "latitude": 51.5617676, "longitude": 5.4594199, "bronId": "275801"}}, {"type": "Feature", "geometry": {"type": "Point", "coordinates": [5.555372, 51.622802]}, "properties": {"type": "inleverpunt", "locatieNaam": "ViaTim", "straatNaam": "Uiverdonk", "straatNr": "20", "postcode": "5467 DZ", "plaats": "Veghel", "merk": "StatiegeldNederland", "puntType": "balie", "materialen": ["pet-groot", "pet-klein", "blik"], "uitbetaling": ["tikkie"], "vrijToegankelijk": true, "gemeenteBeperking": null, "openingstijden": null, "latitude": 51.622802, "longitude": 5.555372, "bronId": "275988"}}, {"type": "Feature", "geometry": {"type": "Point", "coordinates": [5.5372167, 51.592404]}, "properties": {"type": "inleverpunt", "locatieNaam": "Voetbalvereniging Oranje Wit", "straatNaam": "De Bresser", "straatNr": "27-29", "postcode": "5465 PX", "plaats": "Zijtaart", "merk": "StatiegeldNederland", "puntType": "balie", "materialen": ["pet-groot", "pet-klein", "blik"], "uitbetaling": [], "vrijToegankelijk": false, "gemeenteBeperking": null, "openingstijden": null, "latitude": 51.592404, "longitude": 5.5372167, "bronId": "276087"}}, {"type": "Feature", "geometry": {"type": "Point", "coordinates": [5.5404698, 51.6266598]}, "properties": {"type": "inleverpunt", "locatieNaam": "Zwijsen College", "straatNaam": "Prins Willem Alexander Sportpark", "straatNr": "15", "postcode": "5461 XL", "plaats": "Veghel", "merk": "StatiegeldNederland", "puntType": "automaat", "materialen": ["pet-klein", "blik"], "uitbetaling": ["donatie", "tikkie"], "vrijToegankelijk": true, "gemeenteBeperking": null, "openingstijden": null, "latitude": 51.6266598, "longitude": 5.5404698, "bronId": "276402"}}, {"type": "Feature", "geometry": {"type": "Point", "coordinates": [5.418241, 51.633219]}, "properties": {"type": "inleverpunt", "locatieNaam": "M van Heertum vof", "straatNaam": "Heidebloemstraat", "straatNr": "29", "postcode": "5482 ZA", "plaats": "Schijndel", "merk": "StichtingOPEN", "puntType": "balie", "materialen": ["elektro-klein", "elektro-middel"], "uitbetaling": [], "vrijToegankelijk": false, "gemeenteBeperking": null, "openingstijden": null, "latitude": 51.633219, "longitude": 5.418241, "bronId": "SP00000674"}}, {"type": "Feature", "geometry": {"type": "Point", "coordinates": [5.422802, 51.628732]}, "properties": {"type": "inleverpunt", "locatieNaam": "Spar Schijndel", "straatNaam": "Papaverstraat", "straatNr": "32", "postcode": "5482 MD", "plaats": "Schijndel", "merk": "StichtingOPEN", "puntType": "balie", "materialen": ["batterijen", "lampen"], "uitbetaling": [], "vrijToegankelijk": false, "gemeenteBeperking": null, "openingstijden": null, "latitude": 51.628732, "longitude": 5.422802, "bronId": "SP00022382"}}, {"type": "Feature", "geometry": {"type": "Point", "coordinates": [5.4212993, 51.6272773]}, "properties": {"type": "inleverpunt", "locatieNaam": "Action Schijndel", "straatNaam": "Boschweg", "straatNr": "62a", "postcode": "5481 EC", "plaats": "Schijndel", "merk": "StichtingOPEN", "puntType": "balie", "materialen": ["batterijen", "lampen"], "uitbetaling": [], "vrijToegankelijk": false, "gemeenteBeperking": null, "openingstijden": null, "latitude": 51.6272773, "longitude": 5.4212993, "bronId": "SP00025504"}}, {"type": "Feature", "geometry": {"type": "Point", "coordinates": [5.4235246, 51.6249748]}, "properties": {"type": "inleverpunt", "locatieNaam": "Action Schijndel 1261", "straatNaam": "Boschweg", "straatNr": "62a", "postcode": "5481 EH", "plaats": "Schijndel", "merk": "StichtingOPEN", "puntType": "balie", "materialen": ["lampen"], "uitbetaling": [], "vrijToegankelijk": false, "gemeenteBeperking": null, "openingstijden": null, "latitude": 51.6249748, "longitude": 5.4235246, "bronId": "SP00007835"}}, {"type": "Feature", "geometry": {"type": "Point", "coordinates": [5.431517, 51.620757]}, "properties": {"type": "inleverpunt", "locatieNaam": "Electro World Schijndel de Laat Electro", "straatNaam": "Hoofdstraat", "straatNr": "60", "postcode": "5481 AH", "plaats": "Schijndel", "merk": "StichtingOPEN", "puntType": "balie", "materialen": ["lampen"], "uitbetaling": [], "vrijToegankelijk": false, "gemeenteBeperking": null, "openingstijden": null, "latitude": 51.620757, "longitude": 5.431517, "bronId": "SP00003131"}}, {"type": "Feature", "geometry": {"type": "Point", "coordinates": [5.43228, 51.619115]}, "properties": {"type": "inleverpunt", "locatieNaam": "Jumbo Schijndel", "straatNaam": "Sint Jorisplein", "straatNr": "4", "postcode": "5481 AS", "plaats": "Schijndel", "merk": "StichtingOPEN", "puntType": "balie", "materialen": ["batterijen", "lampen"], "uitbetaling": [], "vrijToegankelijk": false, "gemeenteBeperking": null, "openingstijden": null, "latitude": 51.619115, "longitude": 5.43228, "bronId": "SP00025053"}}, {"type": "Feature", "geometry": {"type": "Point", "coordinates": [5.43497, 51.61818]}, "properties": {"type": "inleverpunt", "locatieNaam": "Kruidvat Schijndel", "straatNaam": "Hoofdstraat", "straatNr": "994", "postcode": "5481 AC", "plaats": "Schijndel", "merk": "StichtingOPEN", "puntType": "balie", "materialen": ["batterijen", "lampen"], "uitbetaling": [], "vrijToegankelijk": false, "gemeenteBeperking": null, "openingstijden": null, "latitude": 51.61818, "longitude": 5.43497, "bronId": "SP00029493"}}, {"type": "Feature", "geometry": {"type": "Point", "coordinates": [5.436597, 51.61769]}, "properties": {"type": "inleverpunt", "locatieNaam": "Aldi Schijndel", "straatNaam": "Hoofdstraat", "straatNr": "154", "postcode": "5481 AJ", "plaats": "Schijndel", "merk": "StichtingOPEN", "puntType": "balie", "materialen": ["batterijen", "elektro-klein", "lampen"], "uitbetaling": [], "vrijToegankelijk": false, "gemeenteBeperking": null, "openingstijden": null, "latitude": 51.61769, "longitude": 5.436597, "bronId": "SP00026795"}}, {"type": "Feature", "geometry": {"type": "Point", "coordinates": [5.436687, 51.617215]}, "properties": {"type": "inleverpunt", "locatieNaam": "PLUS Schijndel", "straatNaam": "Hoofdstraat", "straatNr": "121", "postcode": "5481 AD", "plaats": "Schijndel", "merk": "StichtingOPEN", "puntType": "balie", "materialen": ["batterijen", "lampen"], "uitbetaling": [], "vrijToegankelijk": false, "gemeenteBeperking": null, "openingstijden": null, "latitude": 51.617215, "longitude": 5.436687, "bronId": "SP00024074"}}, {"type": "Feature", "geometry": {"type": "Point", "coordinates": [5.443425, 51.61614]}, "properties": {"type": "inleverpunt", "locatieNaam": "1634 Albert Heijn Schijndel", "straatNaam": "Molenstraat", "straatNr": "20", "postcode": "5482 GB", "plaats": "Schijndel", "merk": "StichtingOPEN", "puntType": "balie", "materialen": ["batterijen", "elektro-klein", "lampen"], "uitbetaling": [], "vrijToegankelijk": false, "gemeenteBeperking": null, "openingstijden": null, "latitude": 51.61614, "longitude": 5.443425, "bronId": "SP00022623"}}, {"type": "Feature", "geometry": {"type": "Point", "coordinates": [5.476648, 51.61117]}, "properties": {"type": "inleverpunt", "locatieNaam": "KARWEI (Schijndel B065)", "straatNaam": "Galvaniweg", "straatNr": "26", "postcode": "5482 TN", "plaats": "Schijndel", "merk": "StichtingOPEN", "puntType": "balie", "materialen": ["elektro-middel", "lampen", "tl-buizen"], "uitbetaling": [], "vrijToegankelijk": false, "gemeenteBeperking": null, "openingstijden": null, "latitude": 51.61117, "longitude": 5.476648, "bronId": "SP00000657"}}, {"type": "Feature", "geometry": {"type": "Point", "coordinates": [5.443507, 51.605948]}, "properties": {"type": "inleverpunt", "locatieNaam": "Het Goed Schijndel", "straatNaam": "Ambachtstraat", "straatNr": "19", "postcode": "5481 SM", "plaats": "Schijndel", "merk": "StichtingOPEN", "puntType": "balie", "materialen": ["elektro-klein", "elektro-middel"], "uitbetaling": [], "vrijToegankelijk": false, "gemeenteBeperking": null, "openingstijden": null, "latitude": 51.605948, "longitude": 5.443507, "bronId": "SP00027505"}}, {"type": "Feature", "geometry": {"type": "Point", "coordinates": [5.446235, 51.605948]}, "properties": {"type": "inleverpunt", "locatieNaam": "Jumbo Schijndel", "straatNaam": "Rooiseheide", "straatNr": "5", "postcode": "5481 SG", "plaats": "Schijndel", "merk": "StichtingOPEN", "puntType": "balie", "materialen": ["batterijen", "lampen"], "uitbetaling": [], "vrijToegankelijk": false, "gemeenteBeperking": null, "openingstijden": null, "latitude": 51.605948, "longitude": 5.446235, "bronId": "SP00025049"}}, {"type": "Feature", "geometry": {"type": "Point", "coordinates": [5.558468, 51.623537]}, "properties": {"type": "inleverpunt", "locatieNaam": "Jumbo Veghel", "straatNaam": "De Bunders", "straatNr": "68", "postcode": "5467 JZ", "plaats": "Veghel", "merk": "StichtingOPEN", "puntType": "balie", "materialen": ["batterijen", "lampen"], "uitbetaling": [], "vrijToegankelijk": false, "gemeenteBeperking": null, "openingstijden": null, "latitude": 51.623537, "longitude": 5.558468, "bronId": "SP00025054"}}, {"type": "Feature", "geometry": {"type": "Point", "coordinates": [5.557742, 51.623379]}, "properties": {"type": "inleverpunt", "locatieNaam": "Kruidvat Veghel", "straatNaam": "De Bunders", "straatNr": "6266", "postcode": "5467 JZ", "plaats": "Veghel", "merk": "StichtingOPEN", "puntType": "balie", "materialen": ["batterijen", "lampen"], "uitbetaling": [], "vrijToegankelijk": false, "gemeenteBeperking": null, "openingstijden": null, "latitude": 51.623379, "longitude": 5.557742, "bronId": "SP00024524"}}, {"type": "Feature", "geometry": {"type": "Point", "coordinates": [5.528811, 51.615572]}, "properties": {"type": "inleverpunt", "locatieNaam": "Jumbo Veghel", "straatNaam": "Verlengde Noordkade", "straatNr": "14", "postcode": "5462 EH", "plaats": "Veghel", "merk": "StichtingOPEN", "puntType": "balie", "materialen": ["batterijen", "lampen"], "uitbetaling": [], "vrijToegankelijk": false, "gemeenteBeperking": null, "openingstijden": null, "latitude": 51.615572, "longitude": 5.528811, "bronId": "SP00025482"}}, {"type": "Feature", "geometry": {"type": "Point", "coordinates": [5.54585, 51.61852]}, "properties": {"type": "inleverpunt", "locatieNaam": "Jumbo Groenlo", "straatNaam": "Stationsstraat", "straatNr": "11", "postcode": "5461 JS", "plaats": "Veghel", "merk": "StichtingOPEN", "puntType": "balie", "materialen": ["batterijen", "lampen"], "uitbetaling": [], "vrijToegankelijk": false, "gemeenteBeperking": null, "openingstijden": null, "latitude": 51.61852, "longitude": 5.54585, "bronId": "SP00030226"}}, {"type": "Feature", "geometry": {"type": "Point", "coordinates": [5.543693, 51.616821]}, "properties": {"type": "inleverpunt", "locatieNaam": "Kruidvat Veghel", "straatNaam": "Molenwieken", "straatNr": "58", "postcode": "5461 KH", "plaats": "Veghel", "merk": "StichtingOPEN", "puntType": "balie", "materialen": ["batterijen", "lampen"], "uitbetaling": [], "vrijToegankelijk": false, "gemeenteBeperking": null, "openingstijden": null, "latitude": 51.616821, "longitude": 5.543693, "bronId": "SP00024523"}}, {"type": "Feature", "geometry": {"type": "Point", "coordinates": [5.54731, 51.617146]}, "properties": {"type": "inleverpunt", "locatieNaam": "Action Veghel 1107", "straatNaam": "De Kempen", "straatNr": "62", "postcode": "5461 HL", "plaats": "Veghel", "merk": "StichtingOPEN", "puntType": "balie", "materialen": ["batterijen", "lampen"], "uitbetaling": [], "vrijToegankelijk": false, "gemeenteBeperking": null, "openingstijden": null, "latitude": 51.617146, "longitude": 5.54731, "bronId": "SP00007702"}}, {"type": "Feature", "geometry": {"type": "Point", "coordinates": [5.54607, 51.616729]}, "properties": {"type": "inleverpunt", "locatieNaam": "v Aalst elektronica", "straatNaam": "Wiekslag", "straatNr": "15", "postcode": "5461 KC", "plaats": "Veghel", "merk": "StichtingOPEN", "puntType": "balie", "materialen": ["lampen", "tl-buizen"], "uitbetaling": [], "vrijToegankelijk": false, "gemeenteBeperking": null, "openingstijden": null, "latitude": 51.616729, "longitude": 5.54607, "bronId": "SP00003281"}}, {"type": "Feature", "geometry": {"type": "Point", "coordinates": [5.545428, 51.615799]}, "properties": {"type": "inleverpunt", "locatieNaam": "Aldi Veghel", "straatNaam": "Vlas en Graan", "straatNr": "126", "postcode": "5461 KL", "plaats": "Veghel", "merk": "StichtingOPEN", "puntType": "balie", "materialen": ["batterijen", "elektro-klein", "lampen"], "uitbetaling": [], "vrijToegankelijk": false, "gemeenteBeperking": null, "openingstijden": null, "latitude": 51.615799, "longitude": 5.545428, "bronId": "SP00026808"}}, {"type": "Feature", "geometry": {"type": "Point", "coordinates": [5.547609, 51.614902]}, "properties": {"type": "inleverpunt", "locatieNaam": "1165 Albert Heijn Veghel", "straatNaam": "Stadhuisplein", "straatNr": "6", "postcode": "5461 KS", "plaats": "Veghel", "merk": "StichtingOPEN", "puntType": "balie", "materialen": ["batterijen", "elektro-klein", "lampen"], "uitbetaling": [], "vrijToegankelijk": false, "gemeenteBeperking": null, "openingstijden": null, "latitude": 51.614902, "longitude": 5.547609, "bronId": "SP00022622"}}, {"type": "Feature", "geometry": {"type": "Point", "coordinates": [5.559146, 51.611499]}, "properties": {"type": "inleverpunt", "locatieNaam": "Intratuin Veghel", "straatNaam": "Heuvel", "straatNr": "11", "postcode": "5463 XB", "plaats": "Veghel", "merk": "StichtingOPEN", "puntType": "balie", "materialen": ["batterijen", "elektro-klein", "elektro-middel", "lampen", "tl-buizen"], "uitbetaling": [], "vrijToegankelijk": false, "gemeenteBeperking": null, "openingstijden": null, "latitude": 51.611499, "longitude": 5.559146, "bronId": "SP00005570"}}, {"type": "Feature", "geometry": {"type": "Point", "coordinates": [5.546757, 51.609016]}, "properties": {"type": "inleverpunt", "locatieNaam": "Jumbo Veghel", "straatNaam": "De Boekt", "straatNr": "20", "postcode": "5463 HT", "plaats": "Veghel", "merk": "StichtingOPEN", "puntType": "balie", "materialen": ["batterijen", "lampen"], "uitbetaling": [], "vrijToegankelijk": false, "gemeenteBeperking": null, "openingstijden": null, "latitude": 51.609016, "longitude": 5.546757, "bronId": "SP00025051"}}, {"type": "Feature", "geometry": {"type": "Point", "coordinates": [5.515208, 51.599243]}, "properties": {"type": "inleverpunt", "locatieNaam": "Jumbo Coevorden", "straatNaam": "Ing Arjen Vonkweg", "straatNr": "68", "postcode": "7741 KA", "plaats": "Coevorden", "merk": "StichtingOPEN", "puntType": "balie", "materialen": ["batterijen", "lampen"], "uitbetaling": [], "vrijToegankelijk": false, "gemeenteBeperking": null, "openingstijden": null, "latitude": 51.599243, "longitude": 5.515208, "bronId": "SP00025046"}}, {"type": "Feature", "geometry": {"type": "Point", "coordinates": [5.514667, 51.598664]}, "properties": {"type": "inleverpunt", "locatieNaam": "Praxis Veghel - 2248", "straatNaam": "Poort van Veghel", "straatNr": "4924", "postcode": "5466 SB", "plaats": "Veghel", "merk": "StichtingOPEN", "puntType": "balie", "materialen": ["elektro-middel", "lampen", "tl-buizen"], "uitbetaling": [], "vrijToegankelijk": false, "gemeenteBeperking": null, "openingstijden": null, "latitude": 51.598664, "longitude": 5.514667, "bronId": "SP00004512"}}, {"type": "Feature", "geometry": {"type": "Point", "coordinates": [5.515348, 51.598259]}, "properties": {"type": "inleverpunt", "locatieNaam": "GAMMA Veghel-Poort", "straatNaam": "Poort van Veghel", "straatNr": "4920", "postcode": "5466 SB", "plaats": "Veghel", "merk": "StichtingOPEN", "puntType": "balie", "materialen": ["batterijen", "elektro-middel", "lampen", "tl-buizen"], "uitbetaling": [], "vrijToegankelijk": false, "gemeenteBeperking": null, "openingstijden": null, "latitude": 51.598259, "longitude": 5.515348, "bronId": "SP00000728"}}, {"type": "Feature", "geometry": {"type": "Point", "coordinates": [5.61061, 51.610502]}, "properties": {"type": "inleverpunt", "locatieNaam": "Akker Elektro vd", "straatNaam": "Morschehoef", "straatNr": "12", "postcode": "5469 SM", "plaats": "Erp", "merk": "StichtingOPEN", "puntType": "balie", "materialen": ["elektro-klein", "elektro-middel", "lampen"], "uitbetaling": [], "vrijToegankelijk": false, "gemeenteBeperking": null, "openingstijden": null, "latitude": 51.610502, "longitude": 5.61061, "bronId": "SP00002443"}}, {"type": "Feature", "geometry": {"type": "Point", "coordinates": [5.607809, 51.601124]}, "properties": {"type": "inleverpunt", "locatieNaam": "8618 Albert Heijn Erp", "straatNaam": "Cruijgenstraat", "straatNr": "3", "postcode": "5469 BS", "plaats": "Erp", "merk": "StichtingOPEN", "puntType": "balie", "materialen": ["batterijen", "elektro-klein", "lampen"], "uitbetaling": [], "vrijToegankelijk": false, "gemeenteBeperking": null, "openingstijden": null, "latitude": 51.601124, "longitude": 5.607809, "bronId": "SP00022617"}}, {"type": "Feature", "geometry": {"type": "Point", "coordinates": [5.456687, 51.571682]}, "properties": {"type": "inleverpunt", "locatieNaam": "Jumbo Sint-Oedenrode", "straatNaam": "Pieter Christiaanstraat", "straatNr": "11", "postcode": "5491 JN", "plaats": "Sint-Oedenrode", "merk": "StichtingOPEN", "puntType": "balie", "materialen": ["batterijen", "lampen"], "uitbetaling": [], "vrijToegankelijk": false, "gemeenteBeperking": null, "openingstijden": null, "latitude": 51.571682, "longitude": 5.456687, "bronId": "SP00025031"}}, {"type": "Feature", "geometry": {"type": "Point", "coordinates": [5.463701, 51.565098]}, "properties": {"type": "inleverpunt", "locatieNaam": "Aldi St. Oedenrode", "straatNaam": "Sluisplein", "straatNr": "2", "postcode": "5492 AM", "plaats": "St. Oedenrode", "merk": "StichtingOPEN", "puntType": "balie", "materialen": ["batterijen", "elektro-klein", "lampen"], "uitbetaling": [], "vrijToegankelijk": false, "gemeenteBeperking": null, "openingstijden": null, "latitude": 51.565098, "longitude": 5.463701, "bronId": "SP00026798"}}, {"type": "Feature", "geometry": {"type": "Point", "coordinates": [5.469, 51.565655]}, "properties": {"type": "inleverpunt", "locatieNaam": "Hubo Sint Oedenrode", "straatNaam": "Eerschotsestraat", "straatNr": "44", "postcode": "5491 AD", "plaats": "Sint-Oedenrode", "merk": "StichtingOPEN", "puntType": "balie", "materialen": ["elektro-middel", "lampen", "tl-buizen"], "uitbetaling": [], "vrijToegankelijk": false, "gemeenteBeperking": null, "openingstijden": null, "latitude": 51.565655, "longitude": 5.469, "bronId": "SP00003724"}}, {"type": "Feature", "geometry": {"type": "Point", "coordinates": [5.460133, 51.564348]}, "properties": {"type": "inleverpunt", "locatieNaam": "8627 Albert Heijn Sint-Oedenrode", "straatNaam": "Markt", "straatNr": "18", "postcode": "5492 AB", "plaats": "Sint-Oedenrode", "merk": "StichtingOPEN", "puntType": "balie", "materialen": ["batterijen", "elektro-klein", "lampen"], "uitbetaling": [], "vrijToegankelijk": false, "gemeenteBeperking": null, "openingstijden": null, "latitude": 51.564348, "longitude": 5.460133, "bronId": "SP00022595"}}, {"type": "Feature", "geometry": {"type": "Point", "coordinates": [5.460028, 51.564101]}, "properties": {"type": "inleverpunt", "locatieNaam": "Kruidvat Sint-Oedenrode", "straatNaam": "Markt", "straatNr": "2426", "postcode": "5492 AB", "plaats": "Sint-Oedenrode", "merk": "StichtingOPEN", "puntType": "balie", "materialen": ["batterijen", "lampen"], "uitbetaling": [], "vrijToegankelijk": false, "gemeenteBeperking": null, "openingstijden": null, "latitude": 51.564101, "longitude": 5.460028, "bronId": "SP00024508"}}, {"type": "Feature", "geometry": {"type": "Point", "coordinates": [5.46091, 51.56216]}, "properties": {"type": "inleverpunt", "locatieNaam": "Jumbo Sint-Oedenrode", "straatNaam": "Hertog Hendrikstraat", "straatNr": "1", "postcode": "5492 BA", "plaats": "Sint-Oedenrode", "merk": "StichtingOPEN", "puntType": "balie", "materialen": ["batterijen", "elektro-klein", "lampen"], "uitbetaling": [], "vrijToegankelijk": false, "gemeenteBeperking": null, "openingstijden": null, "latitude": 51.56216, "longitude": 5.46091, "bronId": "SP00029878"}}, {"type": "Feature", "geometry": {"type": "Point", "coordinates": [5.460097, 51.561309]}, "properties": {"type": "inleverpunt", "locatieNaam": "Action Sint Oedenrode 1128", "straatNaam": "Hertog Hendrikstraat", "straatNr": "16", "postcode": "5492 BB", "plaats": "Sint-Oedenrode", "merk": "StichtingOPEN", "puntType": "balie", "materialen": ["batterijen", "lampen"], "uitbetaling": [], "vrijToegankelijk": false, "gemeenteBeperking": null, "openingstijden": null, "latitude": 51.561309, "longitude": 5.460097, "bronId": "SP00007718"}}, {"type": "Feature", "geometry": {"type": "Point", "coordinates": [5.4505, 51.55903]}, "properties": {"type": "inleverpunt", "locatieNaam": "Lidl Sint-Oedenrode", "straatNaam": "Boskantseweg", "straatNr": "43", "postcode": "5492 BV", "plaats": "Sint-Oedenrode", "merk": "StichtingOPEN", "puntType": "balie", "materialen": ["batterijen", "lampen"], "uitbetaling": [], "vrijToegankelijk": false, "gemeenteBeperking": null, "openingstijden": null, "latitude": 51.55903, "longitude": 5.4505, "bronId": "SP00029991"}}, {"type": "Feature", "geometry": {"type": "Point", "coordinates": [5.4228195, 51.6287351]}, "properties": {"type": "inleverpunt", "locatieNaam": "Spar", "straatNaam": "Papaverstraat", "straatNr": "32", "postcode": "5482 MD", "plaats": "Schijndel", "merk": "Stibat", "puntType": "inzamelbak", "materialen": ["batterijen"], "uitbetaling": [], "vrijToegankelijk": false, "gemeenteBeperking": null, "openingstijden": null, "latitude": 51.6287351, "longitude": 5.4228195, "bronId": "L008947"}}, {"type": "Feature", "geometry": {"type": "Point", "coordinates": [5.4416085, 51.6280807]}, "properties": {"type": "inleverpunt", "locatieNaam": "Gemeentewerf Schijndel", "straatNaam": "Bogaard", "straatNr": "2", "postcode": "5482 WL", "plaats": "Schijndel", "merk": "Stibat", "puntType": "inzamelbak", "materialen": ["batterijen"], "uitbetaling": [], "vrijToegankelijk": false, "gemeenteBeperking": null, "openingstijden": null, "latitude": 51.6280807, "longitude": 5.4416085, "bronId": "L035766"}}, {"type": "Feature", "geometry": {"type": "Point", "coordinates": [5.4234211, 51.6248215]}, "properties": {"type": "inleverpunt", "locatieNaam": "1261 Action", "straatNaam": "Boschweg", "straatNr": "62a", "postcode": "5481 EC", "plaats": "Schijndel", "merk": "Stibat", "puntType": "inzamelbak", "materialen": ["batterijen"], "uitbetaling": [], "vrijToegankelijk": false, "gemeenteBeperking": null, "openingstijden": null, "latitude": 51.6248215, "longitude": 5.4234211, "bronId": "L030885"}}, {"type": "Feature", "geometry": {"type": "Point", "coordinates": [5.4323249, 51.6191299]}, "properties": {"type": "inleverpunt", "locatieNaam": "Jumbo", "straatNaam": "Sint Jorisplein", "straatNr": "4", "postcode": "5481 AS", "plaats": "Schijndel", "merk": "Stibat", "puntType": "inzamelbak", "materialen": ["batterijen"], "uitbetaling": [], "vrijToegankelijk": false, "gemeenteBeperking": null, "openingstijden": null, "latitude": 51.6191299, "longitude": 5.4323249, "bronId": "L034571"}}, {"type": "Feature", "geometry": {"type": "Point", "coordinates": [5.4331722, 51.6190988]}, "properties": {"type": "inleverpunt", "locatieNaam": "Electro World", "straatNaam": "Hoofdstraat", "straatNr": "71A", "postcode": "5481 AB", "plaats": "Schijndel", "merk": "Stibat", "puntType": "inzamelbak", "materialen": ["batterijen"], "uitbetaling": [], "vrijToegankelijk": false, "gemeenteBeperking": null, "openingstijden": null, "latitude": 51.6190988, "longitude": 5.4331722, "bronId": "L015926"}}, {"type": "Feature", "geometry": {"type": "Point", "coordinates": [5.4335403, 51.6189248]}, "properties": {"type": "inleverpunt", "locatieNaam": "BelCompany", "straatNaam": "Hoofdstraat", "straatNr": "77", "postcode": "5481 AB", "plaats": "Schijndel", "merk": "Stibat", "puntType": "inzamelbak", "materialen": ["batterijen"], "uitbetaling": [], "vrijToegankelijk": false, "gemeenteBeperking": null, "openingstijden": null, "latitude": 51.6189248, "longitude": 5.4335403, "bronId": "L022412"}}, {"type": "Feature", "geometry": {"type": "Point", "coordinates": [5.4337711, 51.6187539]}, "properties": {"type": "inleverpunt", "locatieNaam": "Kruidvat", "straatNaam": "Hoofdstraat", "straatNr": "99 A", "postcode": "5481 AC", "plaats": "Schijndel", "merk": "Stibat", "puntType": "inzamelbak", "materialen": ["batterijen"], "uitbetaling": [], "vrijToegankelijk": false, "gemeenteBeperking": null, "openingstijden": null, "latitude": 51.6187539, "longitude": 5.4337711, "bronId": "L015710"}}, {"type": "Feature", "geometry": {"type": "Point", "coordinates": [5.4339155, 51.6187179]}, "properties": {"type": "inleverpunt", "locatieNaam": "Zeeman", "straatNaam": "Hoofdstraat", "straatNr": "83", "postcode": "5481 AC", "plaats": "Schijndel", "merk": "Stibat", "puntType": "inzamelbak", "materialen": ["batterijen"], "uitbetaling": [], "vrijToegankelijk": false, "gemeenteBeperking": null, "openingstijden": null, "latitude": 51.6187179, "longitude": 5.4339155, "bronId": "L021165"}}, {"type": "Feature", "geometry": {"type": "Point", "coordinates": [5.434518, 51.6184084]}, "properties": {"type": "inleverpunt", "locatieNaam": "HEMA Hoofdstraat", "straatNaam": "Hoofdstraat", "straatNr": "93", "postcode": "5481 AC", "plaats": "Schijndel", "merk": "Stibat", "puntType": "inzamelbak", "materialen": ["batterijen"], "uitbetaling": [], "vrijToegankelijk": false, "gemeenteBeperking": null, "openingstijden": null, "latitude": 51.6184084, "longitude": 5.434518, "bronId": "L007029"}}, {"type": "Feature", "geometry": {"type": "Point", "coordinates": [5.4346629, 51.6183075]}, "properties": {"type": "inleverpunt", "locatieNaam": "Compaenen Tabaktief Jan van Roesel", "straatNaam": "Hoofdstraat", "straatNr": "95", "postcode": "5481 AC", "plaats": "Schijndel", "merk": "Stibat", "puntType": "inzamelbak", "materialen": ["batterijen"], "uitbetaling": [], "vrijToegankelijk": false, "gemeenteBeperking": null, "openingstijden": null, "latitude": 51.6183075, "longitude": 5.4346629, "bronId": "L038852"}}, {"type": "Feature", "geometry": {"type": "Point", "coordinates": [5.4351569, 51.6183579]}, "properties": {"type": "inleverpunt", "locatieNaam": "6290 Etos", "straatNaam": "Hoofdstraat", "straatNr": "136", "postcode": "5481 AJ", "plaats": "Schijndel", "merk": "Stibat", "puntType": "inzamelbak", "materialen": ["batterijen"], "uitbetaling": [], "vrijToegankelijk": false, "gemeenteBeperking": null, "openingstijden": null, "latitude": 51.6183579, "longitude": 5.4351569, "bronId": "L025327"}}, {"type": "Feature", "geometry": {"type": "Point", "coordinates": [5.4356475, 51.618106]}, "properties": {"type": "inleverpunt", "locatieNaam": "Bruna", "straatNaam": "Hoofdstraat", "straatNr": "142", "postcode": "5481 AJ", "plaats": "Schijndel", "merk": "Stibat", "puntType": "inzamelbak", "materialen": ["batterijen"], "uitbetaling": [], "vrijToegankelijk": false, "gemeenteBeperking": null, "openingstijden": null, "latitude": 51.618106, "longitude": 5.4356475, "bronId": "L023910"}}, {"type": "Feature", "geometry": {"type": "Point", "coordinates": [5.4369636, 51.6180145]}, "properties": {"type": "inleverpunt", "locatieNaam": "Aldi", "straatNaam": "Catharinaplein", "straatNr": "19", "postcode": "5482 HT", "plaats": "Schijndel", "merk": "Stibat", "puntType": "inzamelbak", "materialen": ["batterijen"], "uitbetaling": [], "vrijToegankelijk": false, "gemeenteBeperking": null, "openingstijden": null, "latitude": 51.6180145, "longitude": 5.4369636, "bronId": "L041346"}}, {"type": "Feature", "geometry": {"type": "Point", "coordinates": [5.4365974, 51.61769]}, "properties": {"type": "inleverpunt", "locatieNaam": "Aldi", "straatNaam": "Hoofdstraat", "straatNr": "154", "postcode": "5481 AJ", "plaats": "Schijndel", "merk": "Stibat", "puntType": "inzamelbak", "materialen": ["batterijen"], "uitbetaling": [], "vrijToegankelijk": false, "gemeenteBeperking": null, "openingstijden": null, "latitude": 51.61769, "longitude": 5.4365974, "bronId": "L047954"}}, {"type": "Feature", "geometry": {"type": "Point", "coordinates": [5.4356757, 51.6173959]}, "properties": {"type": "inleverpunt", "locatieNaam": "Cyclestar", "straatNaam": "Kloosterstraat", "straatNr": "7", "postcode": "5481 BE", "plaats": "Schijndel", "merk": "Stibat", "puntType": "inzamelbak", "materialen": ["batterijen"], "uitbetaling": [], "vrijToegankelijk": false, "gemeenteBeperking": null, "openingstijden": null, "latitude": 51.6173959, "longitude": 5.4356757, "bronId": "L025309"}}, {"type": "Feature", "geometry": {"type": "Point", "coordinates": [5.4367702, 51.6172135]}, "properties": {"type": "inleverpunt", "locatieNaam": "PLUS", "straatNaam": "Hoofdstraat", "straatNr": "121", "postcode": "5481 AD", "plaats": "Schijndel", "merk": "Stibat", "puntType": "inzamelbak", "materialen": ["batterijen"], "uitbetaling": [], "vrijToegankelijk": false, "gemeenteBeperking": null, "openingstijden": null, "latitude": 51.6172135, "longitude": 5.4367702, "bronId": "L011064"}}, {"type": "Feature", "geometry": {"type": "Point", "coordinates": [5.437781, 51.617132]}, "properties": {"type": "inleverpunt", "locatieNaam": "Hans Anders", "straatNaam": "Hoofdstraat", "straatNr": "170", "postcode": "5481 AK", "plaats": "Schijndel", "merk": "Stibat", "puntType": "inzamelbak", "materialen": ["batterijen"], "uitbetaling": [], "vrijToegankelijk": false, "gemeenteBeperking": null, "openingstijden": null, "latitude": 51.617132, "longitude": 5.437781, "bronId": "L037922"}}, {"type": "Feature", "geometry": {"type": "Point", "coordinates": [5.4390246, 51.6166484]}, "properties": {"type": "inleverpunt", "locatieNaam": "Jac.Kemps Tweewielers BV", "straatNaam": "Hoofdstraat", "straatNr": "188", "postcode": "5481 AK", "plaats": "Schijndel", "merk": "Stibat", "puntType": "inzamelbak", "materialen": ["batterijen"], "uitbetaling": [], "vrijToegankelijk": false, "gemeenteBeperking": null, "openingstijden": null, "latitude": 51.6166484, "longitude": 5.4390246, "bronId": "L033568"}}, {"type": "Feature", "geometry": {"type": "Point", "coordinates": [5.4387474, 51.6164576]}, "properties": {"type": "inleverpunt", "locatieNaam": "Beter Horen", "straatNaam": "Hoofdstraat", "straatNr": "155", "postcode": "5481 AJ", "plaats": "Schijndel", "merk": "Stibat", "puntType": "inzamelbak", "materialen": ["batterijen"], "uitbetaling": [], "vrijToegankelijk": false, "gemeenteBeperking": null, "openingstijden": null, "latitude": 51.6164576, "longitude": 5.4387474, "bronId": "L020451"}}, {"type": "Feature", "geometry": {"type": "Point", "coordinates": [5.4435146, 51.6162957]}, "properties": {"type": "inleverpunt", "locatieNaam": "Drogisterij De Vlinder", "straatNaam": "Molenstraat", "straatNr": "24", "postcode": "5482 GB", "plaats": "Schijndel", "merk": "Stibat", "puntType": "inzamelbak", "materialen": ["batterijen"], "uitbetaling": [], "vrijToegankelijk": false, "gemeenteBeperking": null, "openingstijden": null, "latitude": 51.6162957, "longitude": 5.4435146, "bronId": "L029261"}}, {"type": "Feature", "geometry": {"type": "Point", "coordinates": [5.4434278, 51.616143]}, "properties": {"type": "inleverpunt", "locatieNaam": "1634 Albert Heijn", "straatNaam": "Molenstraat", "straatNr": "20", "postcode": "5482 GB", "plaats": "Schijndel", "merk": "Stibat", "puntType": "inzamelbak", "materialen": ["batterijen"], "uitbetaling": [], "vrijToegankelijk": false, "gemeenteBeperking": null, "openingstijden": null, "latitude": 51.616143, "longitude": 5.4434278, "bronId": "L021876"}}, {"type": "Feature", "geometry": {"type": "Point", "coordinates": [5.4431813, 51.6152712]}, "properties": {"type": "inleverpunt", "locatieNaam": "Foto Keetels", "straatNaam": "Molenstraat", "straatNr": "1", "postcode": "5482 GA", "plaats": "Schijndel", "merk": "Stibat", "puntType": "inzamelbak", "materialen": ["batterijen"], "uitbetaling": [], "vrijToegankelijk": false, "gemeenteBeperking": null, "openingstijden": null, "latitude": 51.6152712, "longitude": 5.4431813, "bronId": "L009397"}}, {"type": "Feature", "geometry": {"type": "Point", "coordinates": [5.5106176, 51.6220468]}, "properties": {"type": "inleverpunt", "locatieNaam": "Jumbo", "straatNaam": "De Amert", "straatNr": "409", "postcode": "5462 GH", "plaats": "Veghel", "merk": "Stibat", "puntType": "inzamelbak", "materialen": ["batterijen"], "uitbetaling": [], "vrijToegankelijk": false, "gemeenteBeperking": null, "openingstijden": null, "latitude": 51.6220468, "longitude": 5.5106176, "bronId": "L037096"}}, {"type": "Feature", "geometry": {"type": "Point", "coordinates": [5.459837, 51.6115498]}, "properties": {"type": "inleverpunt", "locatieNaam": "Van Cranenbroek DHZ", "straatNaam": "Duinweg", "straatNr": "24", "postcode": "5482 VR", "plaats": "Schijndel", "merk": "Stibat", "puntType": "inzamelbak", "materialen": ["batterijen"], "uitbetaling": [], "vrijToegankelijk": false, "gemeenteBeperking": null, "openingstijden": null, "latitude": 51.6115498, "longitude": 5.459837, "bronId": "L026131"}}, {"type": "Feature", "geometry": {"type": "Point", "coordinates": [5.5437294, 51.6248536]}, "properties": {"type": "inleverpunt", "locatieNaam": "Theiner ICT", "straatNaam": "Spoorlaan", "straatNr": "23", "postcode": "5461 JX", "plaats": "Veghel", "merk": "Stibat", "puntType": "inzamelbak", "materialen": ["batterijen"], "uitbetaling": [], "vrijToegankelijk": false, "gemeenteBeperking": null, "openingstijden": null, "latitude": 51.6248536, "longitude": 5.5437294, "bronId": "L028270"}}, {"type": "Feature", "geometry": {"type": "Point", "coordinates": [5.5398505, 51.6238825]}, "properties": {"type": "inleverpunt", "locatieNaam": "AART TWEEWIELERS", "straatNaam": "Gasthuisstraat", "straatNr": "43", "postcode": "5461 BA", "plaats": "Veghel", "merk": "Stibat", "puntType": "inzamelbak", "materialen": ["batterijen"], "uitbetaling": [], "vrijToegankelijk": false, "gemeenteBeperking": null, "openingstijden": null, "latitude": 51.6238825, "longitude": 5.5398505, "bronId": "L033558"}}, {"type": "Feature", "geometry": {"type": "Point", "coordinates": [5.4761791, 51.6112328]}, "properties": {"type": "inleverpunt", "locatieNaam": "Karwei", "straatNaam": "Galvaniweg", "straatNr": "26", "postcode": "5482 TN", "plaats": "Schijndel", "merk": "Stibat", "puntType": "inzamelbak", "materialen": ["batterijen"], "uitbetaling": [], "vrijToegankelijk": false, "gemeenteBeperking": null, "openingstijden": null, "latitude": 51.6112328, "longitude": 5.4761791, "bronId": "L008134"}}, {"type": "Feature", "geometry": {"type": "Point", "coordinates": [5.4434267, 51.605813]}, "properties": {"type": "inleverpunt", "locatieNaam": "Kringloopwarenhuis Het Goed", "straatNaam": "Ambachtstraat", "straatNr": "19", "postcode": "5481 SM", "plaats": "Schyndel", "merk": "Stibat", "puntType": "inzamelbak", "materialen": ["batterijen"], "uitbetaling": [], "vrijToegankelijk": false, "gemeenteBeperking": null, "openingstijden": null, "latitude": 51.605813, "longitude": 5.4434267, "bronId": "L038474"}}, {"type": "Feature", "geometry": {"type": "Point", "coordinates": [5.5582547, 51.6237952]}, "properties": {"type": "inleverpunt", "locatieNaam": "De Vaan Tweewielers", "straatNaam": "De Bunders", "straatNr": "78", "postcode": "5467 JZ", "plaats": "Veghel", "merk": "Stibat", "puntType": "inzamelbak", "materialen": ["batterijen"], "uitbetaling": [], "vrijToegankelijk": false, "gemeenteBeperking": null, "openingstijden": null, "latitude": 51.6237952, "longitude": 5.5582547, "bronId": "L046583"}}, {"type": "Feature", "geometry": {"type": "Point", "coordinates": [5.5584995, 51.6237346]}, "properties": {"type": "inleverpunt", "locatieNaam": "Jumbo", "straatNaam": "De Bunders", "straatNr": "68", "postcode": "5467 JZ", "plaats": "Veghel", "merk": "Stibat", "puntType": "inzamelbak", "materialen": ["batterijen"], "uitbetaling": [], "vrijToegankelijk": false, "gemeenteBeperking": null, "openingstijden": null, "latitude": 51.6237346, "longitude": 5.5584995, "bronId": "L027887"}}, {"type": "Feature", "geometry": {"type": "Point", "coordinates": [5.4658357, 51.6082102]}, "properties": {"type": "inleverpunt", "locatieNaam": "Van Walraven Schijndel", "straatNaam": "Madame Curieweg", "straatNr": "9", "postcode": "5482 TL", "plaats": "Schijndel", "merk": "Stibat", "puntType": "inzamelbak", "materialen": ["batterijen"], "uitbetaling": [], "vrijToegankelijk": false, "gemeenteBeperking": null, "openingstijden": null, "latitude": 51.6082102, "longitude": 5.4658357, "bronId": "L046220"}}, {"type": "Feature", "geometry": {"type": "Point", "coordinates": [5.4462298, 51.6058317]}, "properties": {"type": "inleverpunt", "locatieNaam": "Jumbo", "straatNaam": "Rooiseheide", "straatNr": "5", "postcode": "5481 SG", "plaats": "Schijndel", "merk": "Stibat", "puntType": "inzamelbak", "materialen": ["batterijen"], "uitbetaling": [], "vrijToegankelijk": false, "gemeenteBeperking": null, "openingstijden": null, "latitude": 51.6058317, "longitude": 5.4462298, "bronId": "L021203"}}, {"type": "Feature", "geometry": {"type": "Point", "coordinates": [5.5577624, 51.6234274]}, "properties": {"type": "inleverpunt", "locatieNaam": "Kruidvat", "straatNaam": "De Bunders", "straatNr": "62-66", "postcode": "5467 JZ", "plaats": "Veghel", "merk": "Stibat", "puntType": "inzamelbak", "materialen": ["batterijen"], "uitbetaling": [], "vrijToegankelijk": false, "gemeenteBeperking": null, "openingstijden": null, "latitude": 51.6234274, "longitude": 5.5577624, "bronId": "L021446"}}, {"type": "Feature", "geometry": {"type": "Point", "coordinates": [5.5296492, 51.6159256]}, "properties": {"type": "inleverpunt", "locatieNaam": "Jumbo", "straatNaam": "Verlengde Noordkade", "straatNr": "14", "postcode": "5462 EH", "plaats": "Veghel", "merk": "Stibat", "puntType": "inzamelbak", "materialen": ["batterijen"], "uitbetaling": [], "vrijToegankelijk": false, "gemeenteBeperking": null, "openingstijden": null, "latitude": 51.6159256, "longitude": 5.5296492, "bronId": "L037218"}}, {"type": "Feature", "geometry": {"type": "Point", "coordinates": [5.5463325, 51.6186363]}, "properties": {"type": "inleverpunt", "locatieNaam": "Jumbo", "straatNaam": "Stationsstraat", "straatNr": "11", "postcode": "5461 JS", "plaats": "Veghel", "merk": "Stibat", "puntType": "inzamelbak", "materialen": ["batterijen"], "uitbetaling": [], "vrijToegankelijk": false, "gemeenteBeperking": null, "openingstijden": null, "latitude": 51.6186363, "longitude": 5.5463325, "bronId": "L040393"}}, {"type": "Feature", "geometry": {"type": "Point", "coordinates": [5.5453706, 51.6180898]}, "properties": {"type": "inleverpunt", "locatieNaam": "CombiFoto", "straatNaam": "Molenstraat", "straatNr": "40", "postcode": "5461 JR", "plaats": "Veghel", "merk": "Stibat", "puntType": "inzamelbak", "materialen": ["batterijen"], "uitbetaling": [], "vrijToegankelijk": false, "gemeenteBeperking": null, "openingstijden": null, "latitude": 51.6180898, "longitude": 5.5453706, "bronId": "L009575"}}, {"type": "Feature", "geometry": {"type": "Point", "coordinates": [5.5426465, 51.6167209]}, "properties": {"type": "inleverpunt", "locatieNaam": "Europart", "straatNaam": "Kalverstraat", "straatNr": "6", "postcode": "5461 JL", "plaats": "Veghel", "merk": "Stibat", "puntType": "inzamelbak", "materialen": ["batterijen"], "uitbetaling": [], "vrijToegankelijk": false, "gemeenteBeperking": null, "openingstijden": null, "latitude": 51.6167209, "longitude": 5.5426465, "bronId": "L021982"}}, {"type": "Feature", "geometry": {"type": "Point", "coordinates": [5.5424023, 51.6166562]}, "properties": {"type": "inleverpunt", "locatieNaam": "Primera", "straatNaam": "Kalverstraat", "straatNr": "2", "postcode": "5461 JL", "plaats": "Veghel", "merk": "Stibat", "puntType": "inzamelbak", "materialen": ["batterijen"], "uitbetaling": [], "vrijToegankelijk": false, "gemeenteBeperking": null, "openingstijden": null, "latitude": 51.6166562, "longitude": 5.5424023, "bronId": "L023886"}}, {"type": "Feature", "geometry": {"type": "Point", "coordinates": [5.542809, 51.616725]}, "properties": {"type": "inleverpunt", "locatieNaam": "Hans Anders", "straatNaam": "Kalverstraat", "straatNr": "10", "postcode": "5461 JL", "plaats": "Veghel", "merk": "Stibat", "puntType": "inzamelbak", "materialen": ["batterijen"], "uitbetaling": [], "vrijToegankelijk": false, "gemeenteBeperking": null, "openingstijden": null, "latitude": 51.616725, "longitude": 5.542809, "bronId": "L037949"}}, {"type": "Feature", "geometry": {"type": "Point", "coordinates": [5.5428767, 51.6167319]}, "properties": {"type": "inleverpunt", "locatieNaam": "Telecombinatie", "straatNaam": "Kalverstraat", "straatNr": "12", "postcode": "5461 JL", "plaats": "Veghel", "merk": "Stibat", "puntType": "inzamelbak", "materialen": ["batterijen"], "uitbetaling": [], "vrijToegankelijk": false, "gemeenteBeperking": null, "openingstijden": null, "latitude": 51.6167319, "longitude": 5.5428767, "bronId": "L046549"}}, {"type": "Feature", "geometry": {"type": "Point", "coordinates": [5.5445083, 51.6169841]}, "properties": {"type": "inleverpunt", "locatieNaam": "Intertoys", "straatNaam": "Molenwieken", "straatNr": "23", "postcode": "5461 KE", "plaats": "Veghel", "merk": "Stibat", "puntType": "inzamelbak", "materialen": ["batterijen"], "uitbetaling": [], "vrijToegankelijk": false, "gemeenteBeperking": null, "openingstijden": null, "latitude": 51.6169841, "longitude": 5.5445083, "bronId": "L006530"}}, {"type": "Feature", "geometry": {"type": "Point", "coordinates": [5.5439655, 51.6167884]}, "properties": {"type": "inleverpunt", "locatieNaam": "Kruidvat", "straatNaam": "Molenwieken", "straatNr": "58", "postcode": "5461 KH", "plaats": "Veghel", "merk": "Stibat", "puntType": "inzamelbak", "materialen": ["batterijen"], "uitbetaling": [], "vrijToegankelijk": false, "gemeenteBeperking": null, "openingstijden": null, "latitude": 51.6167884, "longitude": 5.5439655, "bronId": "L015723"}}, {"type": "Feature", "geometry": {"type": "Point", "coordinates": [5.5467452, 51.6172632]}, "properties": {"type": "inleverpunt", "locatieNaam": "1107 Action", "straatNaam": "Bolkenplein", "straatNr": "14", "postcode": "5461 HH", "plaats": "Veghel", "merk": "Stibat", "puntType": "inzamelbak", "materialen": ["batterijen"], "uitbetaling": [], "vrijToegankelijk": false, "gemeenteBeperking": null, "openingstijden": null, "latitude": 51.6172632, "longitude": 5.5467452, "bronId": "L018584"}}, {"type": "Feature", "geometry": {"type": "Point", "coordinates": [5.5449188, 51.616886]}, "properties": {"type": "inleverpunt", "locatieNaam": "6057 Etos", "straatNaam": "Wiekslag", "straatNr": "14", "postcode": "5461 KD", "plaats": "Veghel", "merk": "Stibat", "puntType": "inzamelbak", "materialen": ["batterijen"], "uitbetaling": [], "vrijToegankelijk": false, "gemeenteBeperking": null, "openingstijden": null, "latitude": 51.616886, "longitude": 5.5449188, "bronId": "L022997"}}, {"type": "Feature", "geometry": {"type": "Point", "coordinates": [5.5450099, 51.6167839]}, "properties": {"type": "inleverpunt", "locatieNaam": "Van Aalst Elektronica", "straatNaam": "De Wiekslag", "straatNr": "15", "postcode": "5461 KC", "plaats": "Veghel", "merk": "Stibat", "puntType": "inzamelbak", "materialen": ["batterijen"], "uitbetaling": [], "vrijToegankelijk": false, "gemeenteBeperking": null, "openingstijden": null, "latitude": 51.6167839, "longitude": 5.5450099, "bronId": "L015258"}}, {"type": "Feature", "geometry": {"type": "Point", "coordinates": [5.5441966, 51.6165585]}, "properties": {"type": "inleverpunt", "locatieNaam": "Telefoon Combinatie", "straatNaam": "Molenwieken", "straatNr": "8", "postcode": "5461 KG", "plaats": "Veghel", "merk": "Stibat", "puntType": "inzamelbak", "materialen": ["batterijen"], "uitbetaling": [], "vrijToegankelijk": false, "gemeenteBeperking": null, "openingstijden": null, "latitude": 51.6165585, "longitude": 5.5441966, "bronId": "L042418"}}, {"type": "Feature", "geometry": {"type": "Point", "coordinates": [5.5409471, 51.6157507]}, "properties": {"type": "inleverpunt", "locatieNaam": "Kuyper Fietsen", "straatNaam": "Hoogstraat", "straatNr": "6", "postcode": "5462 CX", "plaats": "Veghel", "merk": "Stibat", "puntType": "inzamelbak", "materialen": ["batterijen"], "uitbetaling": [], "vrijToegankelijk": false, "gemeenteBeperking": null, "openingstijden": null, "latitude": 51.6157507, "longitude": 5.5409471, "bronId": "L033559"}}, {"type": "Feature", "geometry": {"type": "Point", "coordinates": [5.5473979, 51.6169632]}, "properties": {"type": "inleverpunt", "locatieNaam": "Lidl", "straatNaam": "De Kempen", "straatNr": "60", "postcode": "5461 HL", "plaats": "Veghel", "merk": "Stibat", "puntType": "inzamelbak", "materialen": ["batterijen"], "uitbetaling": [], "vrijToegankelijk": false, "gemeenteBeperking": null, "openingstijden": null, "latitude": 51.6169632, "longitude": 5.5473979, "bronId": "L019076"}}, {"type": "Feature", "geometry": {"type": "Point", "coordinates": [5.5392077, 51.6153813]}, "properties": {"type": "inleverpunt", "locatieNaam": "Hubo", "straatNaam": "Hoogstraat", "straatNr": "14", "postcode": "5462 CX", "plaats": "Veghel", "merk": "Stibat", "puntType": "inzamelbak", "materialen": ["batterijen"], "uitbetaling": [], "vrijToegankelijk": false, "gemeenteBeperking": null, "openingstijden": null, "latitude": 51.6153813, "longitude": 5.5392077, "bronId": "L038122"}}, {"type": "Feature", "geometry": {"type": "Point", "coordinates": [5.5458563, 51.6165971]}, "properties": {"type": "inleverpunt", "locatieNaam": "Beter Horen", "straatNaam": "Hoofdstraat", "straatNr": "40-42", "postcode": "5461 JG", "plaats": "Veghel", "merk": "Stibat", "puntType": "inzamelbak", "materialen": ["batterijen"], "uitbetaling": [], "vrijToegankelijk": false, "gemeenteBeperking": null, "openingstijden": null, "latitude": 51.6165971, "longitude": 5.5458563, "bronId": "L017291"}}, {"type": "Feature", "geometry": {"type": "Point", "coordinates": [5.5455528, 51.6165346]}, "properties": {"type": "inleverpunt", "locatieNaam": "HEMA Hoofdstraat", "straatNaam": "Hoofdstraat", "straatNr": "36", "postcode": "5461 JG", "plaats": "Veghel", "merk": "Stibat", "puntType": "inzamelbak", "materialen": ["batterijen"], "uitbetaling": [], "vrijToegankelijk": false, "gemeenteBeperking": null, "openingstijden": null, "latitude": 51.6165346, "longitude": 5.5455528, "bronId": "L006484"}}, {"type": "Feature", "geometry": {"type": "Point", "coordinates": [5.5451484, 51.6164535]}, "properties": {"type": "inleverpunt", "locatieNaam": "Van Boxtel hoorwinkel", "straatNaam": "Hoofdstraat", "straatNr": "32", "postcode": "5461 JG", "plaats": "Veghel", "merk": "Stibat", "puntType": "inzamelbak", "materialen": ["batterijen"], "uitbetaling": [], "vrijToegankelijk": false, "gemeenteBeperking": null, "openingstijden": null, "latitude": 51.6164535, "longitude": 5.5451484, "bronId": "L030595"}}, {"type": "Feature", "geometry": {"type": "Point", "coordinates": [5.5250355, 51.6125947]}, "properties": {"type": "inleverpunt", "locatieNaam": "Jumbo Hoofdkantoor", "straatNaam": "Rijksweg", "straatNr": "15", "postcode": "5462 CE", "plaats": "Veghel", "merk": "Stibat", "puntType": "inzamelbak", "materialen": ["batterijen"], "uitbetaling": [], "vrijToegankelijk": false, "gemeenteBeperking": null, "openingstijden": null, "latitude": 51.6125947, "longitude": 5.5250355, "bronId": "L035078"}}, {"type": "Feature", "geometry": {"type": "Point", "coordinates": [5.5459533, 51.6154554]}, "properties": {"type": "inleverpunt", "locatieNaam": "Wibra", "straatNaam": "Stadhuisplein", "straatNr": "123-125", "postcode": "5461 KR", "plaats": "Veghel", "merk": "Stibat", "puntType": "inzamelbak", "materialen": ["batterijen"], "uitbetaling": [], "vrijToegankelijk": false, "gemeenteBeperking": null, "openingstijden": null, "latitude": 51.6154554, "longitude": 5.5459533, "bronId": "L022663"}}, {"type": "Feature", "geometry": {"type": "Point", "coordinates": [5.5449661, 51.6149421]}, "properties": {"type": "inleverpunt", "locatieNaam": "Aldi", "straatNaam": "Vlas en Graan", "straatNr": "101", "postcode": "5461 KL", "plaats": "Veghel", "merk": "Stibat", "puntType": "inzamelbak", "materialen": ["batterijen"], "uitbetaling": [], "vrijToegankelijk": false, "gemeenteBeperking": null, "openingstijden": null, "latitude": 51.6149421, "longitude": 5.5449661, "bronId": "L041345"}}, {"type": "Feature", "geometry": {"type": "Point", "coordinates": [5.5476118, 51.6149048]}, "properties": {"type": "inleverpunt", "locatieNaam": "1165 Albert Heijn", "straatNaam": "Stadhuisplein", "straatNr": "6", "postcode": "5461 KS", "plaats": "Veghel", "merk": "Stibat", "puntType": "inzamelbak", "materialen": ["batterijen"], "uitbetaling": [], "vrijToegankelijk": false, "gemeenteBeperking": null, "openingstijden": null, "latitude": 51.6149048, "longitude": 5.5476118, "bronId": "L007140"}}, {"type": "Feature", "geometry": {"type": "Point", "coordinates": [5.4523551, 51.5990601]}, "properties": {"type": "inleverpunt", "locatieNaam": "Camping Sport de Wit", "straatNaam": "Rooiseweg", "straatNr": "22", "postcode": "5481 SJ", "plaats": "Schijndel", "merk": "Stibat", "puntType": "inzamelbak", "materialen": ["batterijen"], "uitbetaling": [], "vrijToegankelijk": false, "gemeenteBeperking": null, "openingstijden": null, "latitude": 51.5990601, "longitude": 5.4523551, "bronId": "L025231"}}, {"type": "Feature", "geometry": {"type": "Point", "coordinates": [5.5197531, 51.608304]}, "properties": {"type": "inleverpunt", "locatieNaam": "Sligro", "straatNaam": "Kennedylaan", "straatNr": "11", "postcode": "5466 AA", "plaats": "Veghel", "merk": "Stibat", "puntType": "inzamelbak", "materialen": ["batterijen"], "uitbetaling": [], "vrijToegankelijk": false, "gemeenteBeperking": null, "openingstijden": null, "latitude": 51.608304, "longitude": 5.5197531, "bronId": "L038180"}}, {"type": "Feature", "geometry": {"type": "Point", "coordinates": [5.5398156, 51.6107356]}, "properties": {"type": "inleverpunt", "locatieNaam": "Total", "straatNaam": "De Leest", "straatNr": "2", "postcode": "5463 JB", "plaats": "Veghel", "merk": "Stibat", "puntType": "inzamelbak", "materialen": ["batterijen"], "uitbetaling": [], "vrijToegankelijk": false, "gemeenteBeperking": null, "openingstijden": null, "latitude": 51.6107356, "longitude": 5.5398156, "bronId": "L021277"}}, {"type": "Feature", "geometry": {"type": "Point", "coordinates": [5.5177224, 51.6049715]}, "properties": {"type": "inleverpunt", "locatieNaam": "Holtgrefe", "straatNaam": "Eisenhowerweg", "straatNr": "9", "postcode": "5466 AB", "plaats": "Veghel", "merk": "Stibat", "puntType": "inzamelbak", "materialen": ["batterijen"], "uitbetaling": [], "vrijToegankelijk": false, "gemeenteBeperking": null, "openingstijden": null, "latitude": 51.6049715, "longitude": 5.5177224, "bronId": "L045159"}}, {"type": "Feature", "geometry": {"type": "Point", "coordinates": [5.5270129, 51.6062388]}, "properties": {"type": "inleverpunt", "locatieNaam": "Hoofdkantoor Sligro", "straatNaam": "Corridor", "straatNr": "11", "postcode": "5466 RB", "plaats": "Veghel", "merk": "Stibat", "puntType": "inzamelbak", "materialen": ["batterijen"], "uitbetaling": [], "vrijToegankelijk": false, "gemeenteBeperking": null, "openingstijden": null, "latitude": 51.6062388, "longitude": 5.5270129, "bronId": "L025960"}}, {"type": "Feature", "geometry": {"type": "Point", "coordinates": [5.5317405, 51.6063977]}, "properties": {"type": "inleverpunt", "locatieNaam": "Milieustraat Veghel", "straatNaam": "Doornhoek", "straatNr": "3736", "postcode": "5465 TA", "plaats": "Veghel", "merk": "Stibat", "puntType": "inzamelbak", "materialen": ["batterijen"], "uitbetaling": [], "vrijToegankelijk": false, "gemeenteBeperking": null, "openingstijden": null, "latitude": 51.6063977, "longitude": 5.5317405, "bronId": "L035764"}}, {"type": "Feature", "geometry": {"type": "Point", "coordinates": [5.559108, 51.6114894]}, "properties": {"type": "inleverpunt", "locatieNaam": "Intratuin", "straatNaam": "Heuvel", "straatNr": "11", "postcode": "5463 XB", "plaats": "Veghel", "merk": "Stibat", "puntType": "inzamelbak", "materialen": ["batterijen"], "uitbetaling": [], "vrijToegankelijk": false, "gemeenteBeperking": null, "openingstijden": null, "latitude": 51.6114894, "longitude": 5.559108, "bronId": "L021054"}}, {"type": "Feature", "geometry": {"type": "Point", "coordinates": [5.546757, 51.6090162]}, "properties": {"type": "inleverpunt", "locatieNaam": "4155 Albert Heijn", "straatNaam": "De Boekt", "straatNr": "20", "postcode": "5463 HT", "plaats": "Veghel", "merk": "Stibat", "puntType": "inzamelbak", "materialen": ["batterijen"], "uitbetaling": [], "vrijToegankelijk": false, "gemeenteBeperking": null, "openingstijden": null, "latitude": 51.6090162, "longitude": 5.546757, "bronId": "L047330"}}, {"type": "Feature", "geometry": {"type": "Point", "coordinates": [5.5151445, 51.5998069]}, "properties": {"type": "inleverpunt", "locatieNaam": "Boerenbond", "straatNaam": "Poort van Veghel", "straatNr": "4992", "postcode": "5466 SB", "plaats": "Veghel", "merk": "Stibat", "puntType": "inzamelbak", "materialen": ["batterijen"], "uitbetaling": [], "vrijToegankelijk": false, "gemeenteBeperking": null, "openingstijden": null, "latitude": 51.5998069, "longitude": 5.5151445, "bronId": "L017911"}}, {"type": "Feature", "geometry": {"type": "Point", "coordinates": [5.5152933, 51.5997211]}, "properties": {"type": "inleverpunt", "locatieNaam": "Speelgoed van der Doelen", "straatNaam": "Poort van Veghel", "straatNr": "4994", "postcode": "5466 SB", "plaats": "Veghel", "merk": "Stibat", "puntType": "inzamelbak", "materialen": ["batterijen"], "uitbetaling": [], "vrijToegankelijk": false, "gemeenteBeperking": null, "openingstijden": null, "latitude": 51.5997211, "longitude": 5.5152933, "bronId": "L029183"}}, {"type": "Feature", "geometry": {"type": "Point", "coordinates": [5.5165747, 51.5991347]}, "properties": {"type": "inleverpunt", "locatieNaam": "Total", "straatNaam": "Poort van Veghel", "straatNr": "4900", "postcode": "5466 SB", "plaats": "Veghel", "merk": "Stibat", "puntType": "inzamelbak", "materialen": ["batterijen"], "uitbetaling": [], "vrijToegankelijk": false, "gemeenteBeperking": null, "openingstijden": null, "latitude": 51.5991347, "longitude": 5.5165747, "bronId": "L020459"}}, {"type": "Feature", "geometry": {"type": "Point", "coordinates": [5.5151573, 51.5987594]}, "properties": {"type": "inleverpunt", "locatieNaam": "Praxis 2248", "straatNaam": "Poort van Veghel", "straatNr": "4924", "postcode": "5466 SB", "plaats": "Veghel", "merk": "Stibat", "puntType": "inzamelbak", "materialen": ["batterijen"], "uitbetaling": [], "vrijToegankelijk": false, "gemeenteBeperking": null, "openingstijden": null, "latitude": 51.5987594, "longitude": 5.5151573, "bronId": "L021480"}}, {"type": "Feature", "geometry": {"type": "Point", "coordinates": [5.5156733, 51.5984673]}, "properties": {"type": "inleverpunt", "locatieNaam": "Gamma", "straatNaam": "Poort van Veghel", "straatNr": "4920", "postcode": "5466 SB", "plaats": "Veghel", "merk": "Stibat", "puntType": "inzamelbak", "materialen": ["batterijen"], "uitbetaling": [], "vrijToegankelijk": false, "gemeenteBeperking": null, "openingstijden": null, "latitude": 51.5984673, "longitude": 5.5156733, "bronId": "L022721"}}, {"type": "Feature", "geometry": {"type": "Point", "coordinates": [5.5438781, 51.5915306]}, "properties": {"type": "inleverpunt", "locatieNaam": "De Fietsenwinkel Zijtaart", "straatNaam": "Ceciliastraat", "straatNr": "1", "postcode": "5465 RZ", "plaats": "Veghel", "merk": "Stibat", "puntType": "inzamelbak", "materialen": ["batterijen"], "uitbetaling": [], "vrijToegankelijk": false, "gemeenteBeperking": null, "openingstijden": null, "latitude": 51.5915306, "longitude": 5.5438781, "bronId": "L033561"}}, {"type": "Feature", "geometry": {"type": "Point", "coordinates": [5.6077933, 51.6011353]}, "properties": {"type": "inleverpunt", "locatieNaam": "8618 Albert Heijn", "straatNaam": "Cruygenstraat", "straatNr": "3", "postcode": "5469 BS", "plaats": "Erp", "merk": "Stibat", "puntType": "inzamelbak", "materialen": ["batterijen"], "uitbetaling": [], "vrijToegankelijk": false, "gemeenteBeperking": null, "openingstijden": null, "latitude": 51.6011353, "longitude": 5.6077933, "bronId": "L007131"}}, {"type": "Feature", "geometry": {"type": "Point", "coordinates": [5.608674, 51.6008098]}, "properties": {"type": "inleverpunt", "locatieNaam": "DHZ van Grunsven", "straatNaam": "Cruijgenstraat", "straatNr": "14", "postcode": "5469 BT", "plaats": "Erp", "merk": "Stibat", "puntType": "inzamelbak", "materialen": ["batterijen"], "uitbetaling": [], "vrijToegankelijk": false, "gemeenteBeperking": null, "openingstijden": null, "latitude": 51.6008098, "longitude": 5.608674, "bronId": "L027283"}}, {"type": "Feature", "geometry": {"type": "Point", "coordinates": [5.474117, 51.5748756]}, "properties": {"type": "inleverpunt", "locatieNaam": "Avia", "straatNaam": "Alfred Nobelstraat", "straatNr": "20", "postcode": "5491 DB", "plaats": "St Oedenrode", "merk": "Stibat", "puntType": "inzamelbak", "materialen": ["batterijen"], "uitbetaling": [], "vrijToegankelijk": false, "gemeenteBeperking": null, "openingstijden": null, "latitude": 51.5748756, "longitude": 5.474117, "bronId": "L030177"}}, {"type": "Feature", "geometry": {"type": "Point", "coordinates": [5.4566863, 51.5716963]}, "properties": {"type": "inleverpunt", "locatieNaam": "Jumbo", "straatNaam": "Pieter Christiaanstraat", "straatNr": "11", "postcode": "5491 JN", "plaats": "Sint Oedenrode", "merk": "Stibat", "puntType": "inzamelbak", "materialen": ["batterijen"], "uitbetaling": [], "vrijToegankelijk": false, "gemeenteBeperking": null, "openingstijden": null, "latitude": 51.5716963, "longitude": 5.4566863, "bronId": "L006392"}}, {"type": "Feature", "geometry": {"type": "Point", "coordinates": [5.4845048, 51.5723904]}, "properties": {"type": "inleverpunt", "locatieNaam": "Milieustraat Van Kaathoven Groep", "straatNaam": "Eversestraat", "straatNr": "11", "postcode": "5491 SR", "plaats": "Sint-Oedenrode", "merk": "Stibat", "puntType": "inzamelbak", "materialen": ["batterijen"], "uitbetaling": [], "vrijToegankelijk": false, "gemeenteBeperking": null, "openingstijden": null, "latitude": 51.5723904, "longitude": 5.4845048, "bronId": "L035767"}}, {"type": "Feature", "geometry": {"type": "Point", "coordinates": [5.6148072, 51.5949715]}, "properties": {"type": "inleverpunt", "locatieNaam": "BJC Tools (technische groothandel)", "straatNaam": "Hoogstraat", "straatNr": "11", "postcode": "5469 EL", "plaats": "Erp", "merk": "Stibat", "puntType": "inzamelbak", "materialen": ["batterijen"], "uitbetaling": [], "vrijToegankelijk": false, "gemeenteBeperking": null, "openingstijden": null, "latitude": 51.5949715, "longitude": 5.6148072, "bronId": "L042866"}}, {"type": "Feature", "geometry": {"type": "Point", "coordinates": [5.4624022, 51.5653558]}, "properties": {"type": "inleverpunt", "locatieNaam": "Tricomp Telefonie/Computers", "straatNaam": "Borchmolendijk", "straatNr": "20", "postcode": "5492 AK", "plaats": "St Oedenrode", "merk": "Stibat", "puntType": "inzamelbak", "materialen": ["batterijen"], "uitbetaling": [], "vrijToegankelijk": false, "gemeenteBeperking": null, "openingstijden": null, "latitude": 51.5653558, "longitude": 5.4624022, "bronId": "L018604"}}, {"type": "Feature", "geometry": {"type": "Point", "coordinates": [5.4613343, 51.564934]}, "properties": {"type": "inleverpunt", "locatieNaam": "'t Paperas", "straatNaam": "Markt", "straatNr": "25", "postcode": "5492 AB", "plaats": "St Oedenrode", "merk": "Stibat", "puntType": "inzamelbak", "materialen": ["batterijen"], "uitbetaling": [], "vrijToegankelijk": false, "gemeenteBeperking": null, "openingstijden": null, "latitude": 51.564934, "longitude": 5.4613343, "bronId": "L025284"}}, {"type": "Feature", "geometry": {"type": "Point", "coordinates": [5.4637014, 51.5650985]}, "properties": {"type": "inleverpunt", "locatieNaam": "Aldi", "straatNaam": "Sluisplein", "straatNr": "2", "postcode": "5492 AM", "plaats": "St. Oedenrode", "merk": "Stibat", "puntType": "inzamelbak", "materialen": ["batterijen"], "uitbetaling": [], "vrijToegankelijk": false, "gemeenteBeperking": null, "openingstijden": null, "latitude": 51.5650985, "longitude": 5.4637014, "bronId": "L041347"}}, {"type": "Feature", "geometry": {"type": "Point", "coordinates": [5.4690006, 51.5656552]}, "properties": {"type": "inleverpunt", "locatieNaam": "Hubo", "straatNaam": "Eerschotsestraat", "straatNr": "44", "postcode": "5491 AD", "plaats": "St Oedenrode", "merk": "Stibat", "puntType": "inzamelbak", "materialen": ["batterijen"], "uitbetaling": [], "vrijToegankelijk": false, "gemeenteBeperking": null, "openingstijden": null, "latitude": 51.5656552, "longitude": 5.4690006, "bronId": "L041060"}}, {"type": "Feature", "geometry": {"type": "Point", "coordinates": [5.4601363, 51.5643505]}, "properties": {"type": "inleverpunt", "locatieNaam": "8627 Albert Heijn", "straatNaam": "Markt", "straatNr": "18", "postcode": "5492 AB", "plaats": "Sint Oedenrode", "merk": "Stibat", "puntType": "inzamelbak", "materialen": ["batterijen"], "uitbetaling": [], "vrijToegankelijk": false, "gemeenteBeperking": null, "openingstijden": null, "latitude": 51.5643505, "longitude": 5.4601363, "bronId": "L005761"}}, {"type": "Feature", "geometry": {"type": "Point", "coordinates": [5.4600323, 51.5641147]}, "properties": {"type": "inleverpunt", "locatieNaam": "Kruidvat", "straatNaam": "Markt", "straatNr": "24-26", "postcode": "5492 AB", "plaats": "Sint Oedenrode", "merk": "Stibat", "puntType": "inzamelbak", "materialen": ["batterijen"], "uitbetaling": [], "vrijToegankelijk": false, "gemeenteBeperking": null, "openingstijden": null, "latitude": 51.5641147, "longitude": 5.4600323, "bronId": "L014648"}}, {"type": "Feature", "geometry": {"type": "Point", "coordinates": [5.4602424, 51.5629155]}, "properties": {"type": "inleverpunt", "locatieNaam": "HEMA St. Oedenrode", "straatNaam": "Borchgrave", "straatNr": "37", "postcode": "5492 AT", "plaats": "St. Oedenrode", "merk": "Stibat", "puntType": "inzamelbak", "materialen": ["batterijen"], "uitbetaling": [], "vrijToegankelijk": false, "gemeenteBeperking": null, "openingstijden": null, "latitude": 51.5629155, "longitude": 5.4602424, "bronId": "L046808"}}, {"type": "Feature", "geometry": {"type": "Point", "coordinates": [5.4607475, 51.5624743]}, "properties": {"type": "inleverpunt", "locatieNaam": "Primera", "straatNaam": "Borchgrave", "straatNr": "41", "postcode": "5492 AT", "plaats": "St Oedenrode", "merk": "Stibat", "puntType": "inzamelbak", "materialen": ["batterijen"], "uitbetaling": [], "vrijToegankelijk": false, "gemeenteBeperking": null, "openingstijden": null, "latitude": 51.5624743, "longitude": 5.4607475, "bronId": "L026330"}}, {"type": "Feature", "geometry": {"type": "Point", "coordinates": [5.4606307, 51.561944]}, "properties": {"type": "inleverpunt", "locatieNaam": "Jumbo", "straatNaam": "Hertog Hendrikstraat", "straatNr": "1", "postcode": "5492 BA", "plaats": "St Oedenrode", "merk": "Stibat", "puntType": "inzamelbak", "materialen": ["batterijen"], "uitbetaling": [], "vrijToegankelijk": false, "gemeenteBeperking": null, "openingstijden": null, "latitude": 51.561944, "longitude": 5.4606307, "bronId": "L040168"}}, {"type": "Feature", "geometry": {"type": "Point", "coordinates": [5.4602879, 51.5616697]}, "properties": {"type": "inleverpunt", "locatieNaam": "Van Brunschot Tweewielers", "straatNaam": "Hertog Hendrikstraat", "straatNr": "1A", "postcode": "5492 BA", "plaats": "St Oedenrode", "merk": "Stibat", "puntType": "inzamelbak", "materialen": ["batterijen"], "uitbetaling": [], "vrijToegankelijk": false, "gemeenteBeperking": null, "openingstijden": null, "latitude": 51.5616697, "longitude": 5.4602879, "bronId": "L033571"}}, {"type": "Feature", "geometry": {"type": "Point", "coordinates": [5.4599998, 51.5614696]}, "properties": {"type": "inleverpunt", "locatieNaam": "1128 Action", "straatNaam": "Hertog Hendrikstraat", "straatNr": "16", "postcode": "5492 BB", "plaats": "Sint Oedenrode", "merk": "Stibat", "puntType": "inzamelbak", "materialen": ["batterijen"], "uitbetaling": [], "vrijToegankelijk": false, "gemeenteBeperking": null, "openingstijden": null, "latitude": 51.5614696, "longitude": 5.4599998, "bronId": "L018827"}}, {"type": "Feature", "geometry": {"type": "Point", "coordinates": [5.450377, 51.5591227]}, "properties": {"type": "inleverpunt", "locatieNaam": "Lidl", "straatNaam": "Boskantseweg", "straatNr": "43", "postcode": "5492 BV", "plaats": "Sint-Oedenrode", "merk": "Stibat", "puntType": "inzamelbak", "materialen": ["batterijen"], "uitbetaling": [], "vrijToegankelijk": false, "gemeenteBeperking": null, "openingstijden": null, "latitude": 51.5591227, "longitude": 5.450377, "bronId": "L040446"}}, {"type": "Feature", "geometry": {"type": "Polygon", "coordinates": [[[5.494254001799066, 51.52720600360531], [5.4964530018012825, 51.52704900360514], [5.498272001803176, 51.5285300036061], [5.501987001806888, 51.52741200360528], [5.501577001806453, 51.52680600360491], [5.502572001807475, 51.527293003605216], [5.503662001808551, 51.52656200360471], [5.503753001808627, 51.526184003604456], [5.503117001807967, 51.52570600360415], [5.499938001804739, 51.525287003603914], [5.500259001805014, 51.523999003603066], [5.499826001804533, 51.522856003602314], [5.5002320018048865, 51.52133900360129], [5.503060001807742, 51.52129600360119], [5.505453001810176, 51.52166700360143], [5.505322001810058, 51.52204800360164], [5.506659001811422, 51.522455003601934], [5.506528001811314, 51.52302000360234], [5.508341001813173, 51.52382800360283], [5.508931001813727, 51.52268700360205], [5.511051001815891, 51.52325200360239], [5.513015001817917, 51.52431100360303], [5.514551001819426, 51.523249003602324], [5.518952001823839, 51.522269003601615], [5.521138001826071, 51.52286300360199], [5.5216030018265245, 51.52244900360168], [5.522614001827584, 51.52343100360234], [5.525048001829986, 51.52186900360129], [5.5263120018313, 51.52294000360193], [5.5308640018359805, 51.52504900360326], [5.547283001853033, 51.53758200361128], [5.5430160018488115, 51.54001400361301], [5.545207001851087, 51.54168700361406], [5.533083001839438, 51.55780400362492], [5.55345400186003, 51.558305003624916], [5.584340001891384, 51.56273100362731], [5.608276001915437, 51.55957900362476], [5.613358001920428, 51.55571700362215], [5.612902001919966, 51.5556650036221], [5.614225001921266, 51.55460500362136], [5.618192001925315, 51.555842003622125], [5.619234001926299, 51.55399600362083], [5.620764001927854, 51.55427300362101], [5.621713001928775, 51.553238003620315], [5.62349200193062, 51.554558003621175], [5.627315001934507, 51.555333003621605], [5.630982001938337, 51.55884700362386], [5.63293500194034, 51.55979400362443], [5.6335820019410265, 51.560655003624994], [5.637549001945095, 51.56246200362612], [5.640124001947762, 51.564344003627326], [5.643364001951077, 51.56566900362812], [5.6451070019528435, 51.56580700362818], [5.646852001954659, 51.56735800362916], [5.651391001959302, 51.569082003630214], [5.6534610019614355, 51.57024600363098], [5.6552130019632685, 51.572113003632126], [5.656517001964681, 51.574795003633874], [5.6540950019622915, 51.57638100363499], [5.651807001960109, 51.57994400363743], [5.650376001958835, 51.58469800364058], [5.650684001959233, 51.587176003642185], [5.649502001958111, 51.58921700364357], [5.648522001957283, 51.59363800364648], [5.642928001952085, 51.60620900365484], [5.63367400194308, 51.61542500366109], [5.63044300193995, 51.61913800366358], [5.630003001939508, 51.619201003663626], [5.628621001938191, 51.62130200366506], [5.625018001934694, 51.62519300366763], [5.623392001933106, 51.626660003668675], [5.616216001925998, 51.63020000367114], [5.610774001920573, 51.63201000367239], [5.607471001917303, 51.633778003673626], [5.602274001911905, 51.62941400367087], [5.598743001908439, 51.63215900367273], [5.595069001904805, 51.63414900367411], [5.593406001903089, 51.63299800367338], [5.5930360019027425, 51.63378700367386], [5.5894360018991724, 51.63543300367509], [5.590148001899916, 51.63613000367549], [5.586826001896634, 51.6380390036768], [5.5874080018972405, 51.63859800367717], [5.585778001895632, 51.6395330036778], [5.587527001897452, 51.6411050036788], [5.5883200018983095, 51.64271600367985], [5.584000001894016, 51.644461003681045], [5.58394200189397, 51.64477400368126], [5.580012001890044, 51.645781003681954], [5.572767001882911, 51.65061300368529], [5.570300001880451, 51.651434003685864], [5.56796500187806, 51.65044200368526], [5.565359001875357, 51.64837000368394], [5.542012001851508, 51.640311003679095], [5.54171700185117, 51.63920800367838], [5.543146001852606, 51.639100003678266], [5.542237001851523, 51.63453700367531], [5.533663001842909, 51.63551300367612], [5.531062001840187, 51.63293500367444], [5.526473001835547, 51.632653003674335], [5.524397001833368, 51.63043900367295], [5.516880001825833, 51.63182200367395], [5.5048590018138635, 51.636078003676936], [5.504783001813719, 51.634197003675695], [5.505629001814535, 51.63325400367507], [5.503598001812466, 51.63276300367475], [5.502778001811576, 51.63110000367369], [5.497202001805784, 51.62668600367087], [5.467781001776678, 51.6422800036816], [5.422503001731435, 51.65401400368995], [5.422230001731144, 51.65359400368966], [5.421452001730376, 51.65405500368998], [5.4146440017235715, 51.65570300369118], [5.415096001723964, 51.65407900369011], [5.411426001720273, 51.65445800369039], [5.411265001720092, 51.65397000369008], [5.413475001722314, 51.653746003689896], [5.412570001721378, 51.653087003689464], [5.412636001721431, 51.652780003689294], [5.411081001719859, 51.65269200368928], [5.411056001719783, 51.651375003688386], [5.412564001721289, 51.65098500368807], [5.412297001720992, 51.65030300368768], [5.410883001719573, 51.650482003687785], [5.405884001714519, 51.6502050036877], [5.405960001714521, 51.648312003686435], [5.402282001710786, 51.64775900368615], [5.402118001710631, 51.648014003686335], [5.40004200170848, 51.64656700368539], [5.396155001704508, 51.64532100368464], [5.395589001703971, 51.64622400368524], [5.390535001698848, 51.6455960036849], [5.38575200169404, 51.646153003685335], [5.385250001693545, 51.646482003685584], [5.384192001692455, 51.645906003685184], [5.380797001689044, 51.64626900368546], [5.3799440016881865, 51.64637500368553], [5.379138001687412, 51.64736700368622], [5.37808600168632, 51.64664500368575], [5.379899001688114, 51.64570600368511], [5.379070001687272, 51.645551003685064], [5.379592001687743, 51.6441520036841], [5.377169001685275, 51.64353900368375], [5.376242001684383, 51.64463000368445], [5.375439001683564, 51.644450003684355], [5.3759630016840445, 51.64323500368352], [5.371868001679861, 51.64193100368276], [5.374934001682885, 51.64010300368152], [5.377892001685846, 51.63949500368105], [5.379454001687442, 51.63995000368135], [5.380089001688051, 51.63918800368088], [5.383262001691231, 51.638589003680394], [5.383071001691025, 51.63823900368015], [5.3786870016866155, 51.63867100368052], [5.376537001684435, 51.638383003680346], [5.37302000168083, 51.63698700367948], [5.371361001679164, 51.63722600367967], [5.371573001679268, 51.63441300367781], [5.371065001678699, 51.63296300367688], [5.374998001682696, 51.63369300367729], [5.379904001687612, 51.63266800367658], [5.383285001690983, 51.631604003675825], [5.383211001690784, 51.62848600367378], [5.384078001691656, 51.62838800367373], [5.3833760016909205, 51.62772200367331], [5.387467001694977, 51.62574800367192], [5.384455001691923, 51.625467003671794], [5.383853001691261, 51.6240860036709], [5.3858590016932695, 51.62363600367058], [5.384509001691895, 51.62336000367041], [5.385917001693221, 51.6209060036688], [5.388947001696298, 51.621343003669026], [5.389221001696517, 51.619877003668066], [5.388420001695629, 51.61784600366675], [5.391088001698271, 51.61650400366581], [5.390523001697615, 51.614329003664395], [5.3909590016980244, 51.61351200366386], [5.392415001699449, 51.612361003663075], [5.390716001697711, 51.611780003662716], [5.394857001701664, 51.60584200365875], [5.389495001696227, 51.60533900365851], [5.38558200169222, 51.603936003657616], [5.380529001687078, 51.60290200365702], [5.386212001692739, 51.6008690036556], [5.38456900169103, 51.599628003654786], [5.383149001689509, 51.597450003653385], [5.383972001690324, 51.597071003653134], [5.381443001687738, 51.596204003652595], [5.384460001690686, 51.593677003650896], [5.386157001692283, 51.59061400364884], [5.387226001693384, 51.59119100364922], [5.38742600169356, 51.59049800364873], [5.389591001695713, 51.58967100364818], [5.3890560016951525, 51.58911800364784], [5.386624001692693, 51.589088003647824], [5.385260001691336, 51.589587003648205], [5.381443001687402, 51.58760200364694], [5.382750001688712, 51.58735800364675], [5.385690001691634, 51.586096003645885], [5.38966700169555, 51.583484003644124], [5.389159001695002, 51.582680003643546], [5.387826001693648, 51.58245400364345], [5.388949001694722, 51.58082700364235], [5.3896560016954345, 51.58084200364237], [5.389140001694935, 51.581334003642695], [5.389868001695683, 51.58170500364291], [5.392617001698399, 51.58014100364184], [5.393682001699468, 51.57994500364172], [5.391570001697176, 51.57591100363908], [5.392811001698411, 51.575400003638755], [5.395552001701229, 51.576575003639476], [5.3963040017019885, 51.57661700363949], [5.400345001706029, 51.57564200363878], [5.4020920017078105, 51.57601900363901], [5.403866001709597, 51.57586800363888], [5.402015001707646, 51.57384200363754], [5.402499001708055, 51.57171400363614], [5.401029001706575, 51.57182700363627], [5.399801001705354, 51.57235400363662], [5.399344001704886, 51.572195003636516], [5.398932001704438, 51.571295003635896], [5.39961900170504, 51.56899700363439], [5.398682001704046, 51.567757003633574], [5.399476001704782, 51.56609800363246], [5.39781000170309, 51.56589400363238], [5.399126001704319, 51.56328300363063], [5.4000840017052525, 51.56240300363002], [5.401606001706773, 51.561915003629714], [5.405201001710409, 51.5620280036297], [5.402810001707827, 51.55777800362689], [5.404247001709152, 51.55443100362468], [5.404535001709331, 51.55157000362281], [5.404392001709132, 51.55014600362188], [5.404018001708751, 51.55011800362187], [5.4042330017088975, 51.54829200362066], [5.405360001710039, 51.548353003620655], [5.410936001715441, 51.54226900361654], [5.412045001716575, 51.54270000361684], [5.414485001718966, 51.540672003615406], [5.416496001720984, 51.54033200361518], [5.4198960017243625, 51.53882200361413], [5.4214970017259345, 51.53766700361332], [5.423201001727531, 51.53439700361116], [5.422630001726946, 51.53422100361105], [5.423034001727344, 51.53389500361085], [5.429835001734258, 51.534970003611434], [5.431573001735952, 51.53334700361033], [5.434597001739048, 51.53441000361098], [5.4356200017400695, 51.53405200361077], [5.437412001741879, 51.53397300361061], [5.4659030017708945, 51.53982400361413], [5.468284001773331, 51.54064700361466], [5.487146001792435, 51.54184800361516], [5.487945001793222, 51.54136300361475], [5.488243001793487, 51.5403280036141], [5.488001001793192, 51.538979003613186], [5.488815001793797, 51.53328500360943], [5.493449001798235, 51.52668600360497], [5.494254001799066, 51.52720600360531]]]}, "properties": {"type": "boundary", "gemeente": "Meierijstad"}}]}