{"type": "FeatureCollection", "metadata": {"gemeente": "'s-Gravenhage", "slug": "s-gravenhage", "generated_at": "2026-07-28T19:03:25.026558Z", "total_points": 717, "merken": ["Droppie", "StatiegeldNederland", "Stibat", "StichtingOPEN"], "bounds": [4.2115634, 52.0160939, 4.4050128, 52.1146234]}, "features": [{"type": "Feature", "geometry": {"type": "Point", "coordinates": [4.2653922, 52.034722]}, "properties": {"type": "inleverpunt", "locatieNaam": "Albert Heijn", "straatNaam": "Ambachtsgaarde", "straatNr": "162", "postcode": "2542 EJ", "plaats": "Den Haag", "merk": "StatiegeldNederland", "puntType": "automaat", "materialen": ["pet-groot", "pet-klein", "blik", "glas", "krat"], "uitbetaling": ["bonnetje", "donatie"], "vrijToegankelijk": true, "gemeenteBeperking": null, "openingstijden": {"ma": "08:00–21:00", "di": "08:00–21:00", "wo": "08:00–21:00", "do": "08:00–21:00", "vr": "08:00–21:00", "za": "08:00–21:00", "zo": "09:00–21:00"}, "latitude": 52.034722, "longitude": 4.2653922, "bronId": "251969"}}, {"type": "Feature", "geometry": {"type": "Point", "coordinates": [4.2876455, 52.1117539]}, "properties": {"type": "inleverpunt", "locatieNaam": "Albert Heijn", "straatNaam": "Amsterdamsestraat", "straatNr": "9", "postcode": "2587 CN", "plaats": "‘s-Gravenhage / Schevenin", "merk": "StatiegeldNederland", "puntType": "automaat", "materialen": ["pet-groot", "pet-klein", "blik", "glas", "krat"], "uitbetaling": ["bonnetje", "donatie"], "vrijToegankelijk": true, "gemeenteBeperking": null, "openingstijden": {"ma": "08:00–22:00", "di": "08:00–22:00", "wo": "08:00–22:00", "do": "08:00–22:00", "vr": "08:00–22:00", "za": "08:00–22:00", "zo": "08:00–22:00"}, "latitude": 52.1117539, "longitude": 4.2876455, "bronId": "251975"}}, {"type": "Feature", "geometry": {"type": "Point", "coordinates": [4.281564, 52.0659618]}, "properties": {"type": "inleverpunt", "locatieNaam": "Albert Heijn", "straatNaam": "Apeldoornselaan", "straatNr": "266", "postcode": "2573 LW", "plaats": "Den Haag", "merk": "StatiegeldNederland", "puntType": "automaat", "materialen": ["pet-groot", "pet-klein", "blik", "glas", "krat"], "uitbetaling": ["bonnetje", "donatie"], "vrijToegankelijk": true, "gemeenteBeperking": null, "openingstijden": {"ma": "08:00–22:00", "di": "08:00–22:00", "wo": "08:00–22:00", "do": "08:00–22:00", "vr": "08:00–22:00", "za": "08:00–22:00", "zo": "08:00–22:00"}, "latitude": 52.0659618, "longitude": 4.281564, "bronId": "251988"}}, {"type": "Feature", "geometry": {"type": "Point", "coordinates": [4.2910555, 52.0489184]}, "properties": {"type": "inleverpunt", "locatieNaam": "Albert Heijn", "straatNaam": "Betje Wolffstraat", "straatNr": "134", "postcode": "2533 HT", "plaats": "Den Haag", "merk": "StatiegeldNederland", "puntType": "automaat", "materialen": ["pet-groot", "pet-klein", "blik", "glas", "krat"], "uitbetaling": ["bonnetje", "donatie"], "vrijToegankelijk": true, "gemeenteBeperking": null, "openingstijden": {"ma": "08:00–22:00", "di": "08:00–22:00", "wo": "08:00–22:00", "do": "08:00–22:00", "vr": "08:00–22:00", "za": "08:00–22:00", "zo": "09:00–22:00"}, "latitude": 52.0489184, "longitude": 4.2910555, "bronId": "252014"}}, {"type": "Feature", "geometry": {"type": "Point", "coordinates": [4.3378384, 52.0679665]}, "properties": {"type": "inleverpunt", "locatieNaam": "Albert Heijn", "straatNaam": "Binkhorstlaan", "straatNr": "135", "postcode": "2526 BA", "plaats": "Den Haag", "merk": "StatiegeldNederland", "puntType": "automaat", "materialen": ["pet-groot", "pet-klein", "blik", "glas", "krat"], "uitbetaling": ["bonnetje", "donatie"], "vrijToegankelijk": true, "gemeenteBeperking": null, "openingstijden": {"ma": "09:00–21:00", "di": "09:00–21:00", "wo": "09:00–21:00", "do": "09:00–21:00", "vr": "09:00–21:00", "za": "09:00–21:00", "zo": "10:00–20:00"}, "latitude": 52.0679665, "longitude": 4.3378384, "bronId": "252023"}}, {"type": "Feature", "geometry": {"type": "Point", "coordinates": [4.2847284, 52.0805246]}, "properties": {"type": "inleverpunt", "locatieNaam": "Albert Heijn", "straatNaam": "Conradkade", "straatNr": "67", "postcode": "2517 AM", "plaats": "Den Haag", "merk": "StatiegeldNederland", "puntType": "automaat", "materialen": ["pet-groot", "pet-klein", "blik", "glas", "krat"], "uitbetaling": ["bonnetje", "donatie"], "vrijToegankelijk": true, "gemeenteBeperking": null, "openingstijden": {"ma": "08:00–22:00", "di": "08:00–22:00", "wo": "08:00–22:00", "do": "08:00–22:00", "vr": "08:00–22:00", "za": "08:00–22:00", "zo": "09:00–21:00"}, "latitude": 52.0805246, "longitude": 4.2847284, "bronId": "252100"}}, {"type": "Feature", "geometry": {"type": "Point", "coordinates": [4.2450521, 52.0667218]}, "properties": {"type": "inleverpunt", "locatieNaam": "Albert Heijn", "straatNaam": "De Savornin Lohmanplein", "straatNr": "20", "postcode": "2566 AC", "plaats": "Den Haag", "merk": "StatiegeldNederland", "puntType": "automaat", "materialen": ["pet-groot", "pet-klein", "blik", "glas", "krat"], "uitbetaling": ["bonnetje", "donatie"], "vrijToegankelijk": true, "gemeenteBeperking": null, "openingstijden": {"ma": "07:00–22:00", "di": "07:00–22:00", "wo": "07:00–22:00", "do": "07:00–22:00", "vr": "07:00–22:00", "za": "07:00–22:00", "zo": "08:00–22:00"}, "latitude": 52.0667218, "longitude": 4.2450521, "bronId": "252146"}}, {"type": "Feature", "geometry": {"type": "Point", "coordinates": [4.2611411, 52.0429515]}, "properties": {"type": "inleverpunt", "locatieNaam": "Albert Heijn", "straatNaam": "De Stede", "straatNr": "10", "postcode": "2543 BG", "plaats": "Den Haag", "merk": "StatiegeldNederland", "puntType": "automaat", "materialen": ["pet-groot", "pet-klein", "blik", "glas", "krat"], "uitbetaling": ["bonnetje", "donatie"], "vrijToegankelijk": true, "gemeenteBeperking": null, "openingstijden": {"ma": "08:00–22:00", "di": "08:00–22:00", "wo": "08:00–22:00", "do": "08:00–22:00", "vr": "08:00–22:00", "za": "08:00–22:00", "zo": "09:00–22:00"}, "latitude": 52.0429515, "longitude": 4.2611411, "bronId": "252148"}}, {"type": "Feature", "geometry": {"type": "Point", "coordinates": [4.2959729, 52.0799895]}, "properties": {"type": "inleverpunt", "locatieNaam": "Albert Heijn", "straatNaam": "Elandstraat", "straatNr": "160", "postcode": "2513 GW", "plaats": "Den Haag", "merk": "StatiegeldNederland", "puntType": "automaat", "materialen": ["pet-groot", "pet-klein", "blik", "glas", "krat"], "uitbetaling": ["bonnetje", "donatie"], "vrijToegankelijk": true, "gemeenteBeperking": null, "openingstijden": {"ma": "07:00–23:00", "di": "07:00–23:00", "wo": "07:00–23:00", "do": "07:00–23:00", "vr": "07:00–23:00", "za": "07:00–23:00", "zo": "07:00–23:00"}, "latitude": 52.0799895, "longitude": 4.2959729, "bronId": "252206"}}, {"type": "Feature", "geometry": {"type": "Point", "coordinates": [4.2700642, 52.0621634]}, "properties": {"type": "inleverpunt", "locatieNaam": "Albert Heijn", "straatNaam": "Escamplaan", "straatNr": "281", "postcode": "2547 EA", "plaats": "Den Haag", "merk": "StatiegeldNederland", "puntType": "automaat", "materialen": ["pet-groot", "pet-klein", "blik", "glas", "krat"], "uitbetaling": ["bonnetje", "donatie"], "vrijToegankelijk": true, "gemeenteBeperking": null, "openingstijden": {"ma": "08:00–22:00", "di": "08:00–22:00", "wo": "08:00–22:00", "do": "08:00–22:00", "vr": "08:00–22:00", "za": "08:00–22:00", "zo": "09:00–22:00"}, "latitude": 52.0621634, "longitude": 4.2700642, "bronId": "252211"}}, {"type": "Feature", "geometry": {"type": "Point", "coordinates": [4.2678909, 52.0804435]}, "properties": {"type": "inleverpunt", "locatieNaam": "Albert Heijn", "straatNaam": "Fahrenheitstraat", "straatNr": "709", "postcode": "2565 DE", "plaats": "Den Haag", "merk": "StatiegeldNederland", "puntType": "automaat", "materialen": ["pet-groot", "pet-klein", "blik", "glas", "krat"], "uitbetaling": ["bonnetje", "donatie"], "vrijToegankelijk": true, "gemeenteBeperking": null, "openingstijden": {"ma": "08:00–22:00", "di": "08:00–22:00", "wo": "08:00–22:00", "do": "08:00–22:00", "vr": "08:00–22:00", "za": "08:00–22:00", "zo": "08:00–22:00"}, "latitude": 52.0804435, "longitude": 4.2678909, "bronId": "252220"}}, {"type": "Feature", "geometry": {"type": "Point", "coordinates": [4.2772796, 52.0942134]}, "properties": {"type": "inleverpunt", "locatieNaam": "Albert Heijn", "straatNaam": "Fred. Hendriklaan", "straatNr": "80", "postcode": "2582 BE", "plaats": "Den Haag", "merk": "StatiegeldNederland", "puntType": "automaat", "materialen": ["pet-groot", "pet-klein", "blik", "glas", "krat"], "uitbetaling": ["bonnetje", "donatie"], "vrijToegankelijk": true, "gemeenteBeperking": null, "openingstijden": {"ma": "08:00–22:00", "di": "08:00–22:00", "wo": "08:00–22:00", "do": "08:00–22:00", "vr": "08:00–22:00", "za": "08:00–22:00", "zo": "08:00–22:00"}, "latitude": 52.0942134, "longitude": 4.2772796, "bronId": "252226"}}, {"type": "Feature", "geometry": {"type": "Point", "coordinates": [4.3146663, 52.055583]}, "properties": {"type": "inleverpunt", "locatieNaam": "Albert Heijn", "straatNaam": "Goeverneurplein", "straatNr": "20", "postcode": "2523 EC", "plaats": "Den Haag", "merk": "StatiegeldNederland", "puntType": "automaat", "materialen": ["pet-groot", "pet-klein", "blik", "glas", "krat"], "uitbetaling": ["bonnetje", "donatie"], "vrijToegankelijk": true, "gemeenteBeperking": null, "openingstijden": {"ma": "08:00–22:00", "di": "08:00–22:00", "wo": "08:00–22:00", "do": "08:00–22:00", "vr": "08:00–22:00", "za": "08:00–22:00", "zo": "10:00–22:00"}, "latitude": 52.055583, "longitude": 4.3146663, "bronId": "252249"}}, {"type": "Feature", "geometry": {"type": "Point", "coordinates": [4.309813, 52.0755494]}, "properties": {"type": "inleverpunt", "locatieNaam": "Albert Heijn", "straatNaam": "Grote Markt", "straatNr": "5-7", "postcode": "2511 BH", "plaats": "Den Haag", "merk": "StatiegeldNederland", "puntType": "automaat", "materialen": ["pet-groot", "pet-klein", "blik", "glas", "krat"], "uitbetaling": ["bonnetje", "donatie"], "vrijToegankelijk": true, "gemeenteBeperking": null, "openingstijden": {"ma": "08:00–22:00", "di": "08:00–22:00", "wo": "08:00–22:00", "do": "08:00–22:00", "vr": "08:00–22:00", "za": "08:00–22:00", "zo": "09:00–22:00"}, "latitude": 52.0755494, "longitude": 4.309813, "bronId": "252269"}}, {"type": "Feature", "geometry": {"type": "Point", "coordinates": [4.3128137, 52.0765992]}, "properties": {"type": "inleverpunt", "locatieNaam": "Albert Heijn", "straatNaam": "Grote Marktstraat", "straatNr": "55A", "postcode": "2511 BH", "plaats": "Den Haag", "merk": "StatiegeldNederland", "puntType": "automaat", "materialen": ["pet-groot", "pet-klein", "blik", "glas", "krat"], "uitbetaling": ["bonnetje", "donatie"], "vrijToegankelijk": true, "gemeenteBeperking": null, "openingstijden": {"ma": "08:00–22:00", "di": "08:00–22:00", "wo": "08:00–22:00", "do": "08:00–22:00", "vr": "08:00–22:00", "za": "08:00–22:00", "zo": "08:00–21:00"}, "latitude": 52.0765992, "longitude": 4.3128137, "bronId": "252270"}}, {"type": "Feature", "geometry": {"type": "Point", "coordinates": [4.2505552, 52.0548606]}, "properties": {"type": "inleverpunt", "locatieNaam": "Albert Heijn", "straatNaam": "Hildo Kroplaan", "straatNr": "20", "postcode": "2552 XS", "plaats": "Den Haag", "merk": "StatiegeldNederland", "puntType": "automaat", "materialen": ["pet-groot", "pet-klein", "blik", "glas", "krat"], "uitbetaling": ["bonnetje", "donatie"], "vrijToegankelijk": true, "gemeenteBeperking": null, "openingstijden": {"ma": "08:00–22:00", "di": "08:00–22:00", "wo": "08:00–22:00", "do": "08:00–22:00", "vr": "08:00–22:00", "za": "08:00–21:00", "zo": "09:00–22:00"}, "latitude": 52.0548606, "longitude": 4.2505552, "bronId": "252310"}}, {"type": "Feature", "geometry": {"type": "Point", "coordinates": [4.3010352, 52.0683939]}, "properties": {"type": "inleverpunt", "locatieNaam": "Albert Heijn", "straatNaam": "Hobbemastraat", "straatNr": "173", "postcode": "2526 JJ", "plaats": "Den Haag", "merk": "StatiegeldNederland", "puntType": "automaat", "materialen": ["pet-groot", "pet-klein", "blik", "glas", "krat"], "uitbetaling": ["bonnetje"], "vrijToegankelijk": true, "gemeenteBeperking": null, "openingstijden": {"ma": "08:00–20:55", "di": "08:00–20:55", "wo": "08:00–20:55", "do": "08:00–20:55", "vr": "08:00–20:55", "za": "08:00–20:55", "zo": "10:00–18:55"}, "latitude": 52.0683939, "longitude": 4.3010352, "bronId": "252312"}}, {"type": "Feature", "geometry": {"type": "Point", "coordinates": [4.3125472, 52.0782878]}, "properties": {"type": "inleverpunt", "locatieNaam": "Albert Heijn", "straatNaam": "Hofweg", "straatNr": "11", "postcode": "2511 AA", "plaats": "Den Haag", "merk": "StatiegeldNederland", "puntType": "automaat", "materialen": ["pet-groot", "pet-klein", "blik"], "uitbetaling": ["bonnetje", "donatie"], "vrijToegankelijk": true, "gemeenteBeperking": null, "openingstijden": {"ma": "08:00–22:00", "di": "08:00–22:00", "wo": "08:00–22:00", "do": "08:00–22:00", "vr": "08:00–22:00", "za": "08:00–22:00", "zo": "10:00–21:00"}, "latitude": 52.0782878, "longitude": 4.3125472, "bronId": "252319"}}, {"type": "Feature", "geometry": {"type": "Point", "coordinates": [4.2762216, 52.1042248]}, "properties": {"type": "inleverpunt", "locatieNaam": "Albert Heijn", "straatNaam": "Keizerstraat", "straatNr": "342", "postcode": "2584 BP", "plaats": "Den Haag", "merk": "StatiegeldNederland", "puntType": "automaat", "materialen": ["pet-groot", "pet-klein", "blik", "glas", "krat"], "uitbetaling": ["bonnetje", "donatie"], "vrijToegankelijk": true, "gemeenteBeperking": null, "openingstijden": {"ma": "08:00–22:00", "di": "08:00–22:00", "wo": "08:00–22:00", "do": "08:00–22:00", "vr": "08:00–22:00", "za": "08:00–22:00", "zo": "09:00–22:00"}, "latitude": 52.1042248, "longitude": 4.2762216, "bronId": "252385"}}, {"type": "Feature", "geometry": {"type": "Point", "coordinates": [4.3567889, 52.0918087]}, "properties": {"type": "inleverpunt", "locatieNaam": "Albert Heijn", "straatNaam": "Klein Loo", "straatNr": "342", "postcode": "2592 CK", "plaats": "Den Haag", "merk": "StatiegeldNederland", "puntType": "automaat", "materialen": ["pet-groot", "pet-klein", "blik", "glas", "krat"], "uitbetaling": ["bonnetje", "donatie"], "vrijToegankelijk": true, "gemeenteBeperking": null, "openingstijden": {"ma": "08:00–22:00", "di": "08:00–22:00", "wo": "08:00–22:00", "do": "08:00–22:00", "vr": "08:00–22:00", "za": "08:00–22:00", "zo": "09:00–21:00"}, "latitude": 52.0918087, "longitude": 4.3567889, "bronId": "252411"}}, {"type": "Feature", "geometry": {"type": "Point", "coordinates": [4.3244036, 52.0821515]}, "properties": {"type": "inleverpunt", "locatieNaam": "Albert Heijn", "straatNaam": "Koningin Julianaplein", "straatNr": "104-106", "postcode": "2595 AA", "plaats": "Den Haag", "merk": "StatiegeldNederland", "puntType": "automaat", "materialen": ["pet-groot", "pet-klein", "blik", "glas", "krat"], "uitbetaling": ["bonnetje", "donatie"], "vrijToegankelijk": true, "gemeenteBeperking": null, "openingstijden": {"ma": "08:00–21:00", "di": "08:00–21:00", "wo": "08:00–21:00", "do": "08:00–21:00", "vr": "08:00–21:00", "za": "08:00–21:00", "zo": "10:00–21:00"}, "latitude": 52.0821515, "longitude": 4.3244036, "bronId": "252421"}}, {"type": "Feature", "geometry": {"type": "Point", "coordinates": [4.2965676, 52.0852594]}, "properties": {"type": "inleverpunt", "locatieNaam": "Albert Heijn", "straatNaam": "Laan Van Meerdervoort", "straatNr": "52", "postcode": "2517 AM", "plaats": "Den Haag", "merk": "StatiegeldNederland", "puntType": "automaat", "materialen": ["pet-groot", "pet-klein", "blik", "glas", "krat"], "uitbetaling": ["bonnetje", "donatie"], "vrijToegankelijk": true, "gemeenteBeperking": null, "openingstijden": {"ma": "08:00–22:00", "di": "08:00–22:00", "wo": "08:00–22:00", "do": "08:00–22:00", "vr": "08:00–22:00", "za": "08:00–22:00", "zo": "10:00–21:00"}, "latitude": 52.0852594, "longitude": 4.2965676, "bronId": "252444"}}, {"type": "Feature", "geometry": {"type": "Point", "coordinates": [4.2881314, 52.0305076]}, "properties": {"type": "inleverpunt", "locatieNaam": "Albert Heijn", "straatNaam": "Laan Van Wateringse Veld", "straatNr": "688", "postcode": "2548 CM", "plaats": "Den Haag", "merk": "StatiegeldNederland", "puntType": "automaat", "materialen": ["pet-groot", "pet-klein", "blik", "glas", "krat"], "uitbetaling": ["bonnetje", "donatie"], "vrijToegankelijk": true, "gemeenteBeperking": null, "openingstijden": {"ma": "08:00–22:00", "di": "08:00–22:00", "wo": "08:00–22:00", "do": "08:00–22:00", "vr": "08:00–22:00", "za": "08:00–22:00", "zo": "09:00–21:00"}, "latitude": 52.0305076, "longitude": 4.2881314, "bronId": "252447"}}, {"type": "Feature", "geometry": {"type": "Point", "coordinates": [4.2343057, 52.0528516]}, "properties": {"type": "inleverpunt", "locatieNaam": "Albert Heijn", "straatNaam": "Loosduinse Hoofdplein", "straatNr": "260", "postcode": "2553 CT", "plaats": "Den Haag", "merk": "StatiegeldNederland", "puntType": "automaat", "materialen": ["pet-groot", "pet-klein", "blik", "glas", "krat"], "uitbetaling": ["bonnetje", "donatie"], "vrijToegankelijk": true, "gemeenteBeperking": null, "openingstijden": {"ma": "08:00–21:00", "di": "08:00–21:00", "wo": "08:00–21:00", "do": "08:00–21:00", "vr": "08:00–21:00", "za": "08:00–21:00", "zo": "09:00–21:00"}, "latitude": 52.0528516, "longitude": 4.2343057, "bronId": "252485"}}, {"type": "Feature", "geometry": {"type": "Point", "coordinates": [4.3285237, 52.0609359]}, "properties": {"type": "inleverpunt", "locatieNaam": "Albert Heijn", "straatNaam": "Lorentzplein", "straatNr": "76", "postcode": "2522 EH", "plaats": "Den Haag", "merk": "StatiegeldNederland", "puntType": "automaat", "materialen": ["pet-groot", "pet-klein", "blik", "glas", "krat"], "uitbetaling": ["bonnetje", "donatie"], "vrijToegankelijk": true, "gemeenteBeperking": null, "openingstijden": {"ma": "08:00–22:00", "di": "08:00–22:00", "wo": "08:00–22:00", "do": "08:00–22:00", "vr": "08:00–22:00", "za": "08:00–22:00", "zo": "08:00–22:00"}, "latitude": 52.0609359, "longitude": 4.3285237, "bronId": "252486"}}, {"type": "Feature", "geometry": {"type": "Point", "coordinates": [4.2973347, 52.0196195]}, "properties": {"type": "inleverpunt", "locatieNaam": "Albert Heijn", "straatNaam": "Parijsplein", "straatNr": "19", "postcode": "2548 VL", "plaats": "‘s-Gravenhage/Wateringsev", "merk": "StatiegeldNederland", "puntType": "automaat", "materialen": ["pet-groot", "pet-klein", "blik", "glas", "krat"], "uitbetaling": ["bonnetje", "donatie"], "vrijToegankelijk": true, "gemeenteBeperking": null, "openingstijden": {"ma": "08:00–21:00", "di": "08:00–21:00", "wo": "08:00–21:00", "do": "08:00–21:00", "vr": "08:00–21:00", "za": "08:00–21:00", "zo": "09:00–21:00"}, "latitude": 52.0196195, "longitude": 4.2973347, "bronId": "252613"}}, {"type": "Feature", "geometry": {"type": "Point", "coordinates": [4.4023429, 52.0645543]}, "properties": {"type": "inleverpunt", "locatieNaam": "Albert Heijn", "straatNaam": "Simon Carmiggelthof", "straatNr": "55", "postcode": "2492 JR", "plaats": "Den Haag", "merk": "StatiegeldNederland", "puntType": "automaat", "materialen": ["pet-groot", "pet-klein", "blik", "glas", "krat"], "uitbetaling": ["bonnetje", "donatie"], "vrijToegankelijk": true, "gemeenteBeperking": null, "openingstijden": {"ma": "08:00–22:00", "di": "08:00–22:00", "wo": "08:00–22:00", "do": "08:00–22:00", "vr": "08:00–22:00", "za": "08:00–22:00", "zo": "09:00–22:00"}, "latitude": 52.0645543, "longitude": 4.4023429, "bronId": "252727"}}, {"type": "Feature", "geometry": {"type": "Point", "coordinates": [4.3221504, 52.0706176]}, "properties": {"type": "inleverpunt", "locatieNaam": "Albert Heijn", "straatNaam": "Stationsplein", "straatNr": "75", "postcode": "2515 BX", "plaats": "Den Haag", "merk": "StatiegeldNederland", "puntType": "automaat", "materialen": ["pet-groot", "pet-klein", "blik", "glas", "krat"], "uitbetaling": ["bonnetje"], "vrijToegankelijk": true, "gemeenteBeperking": null, "openingstijden": {"ma": "08:00–22:00", "di": "08:00–22:00", "wo": "08:00–22:00", "do": "08:00–22:00", "vr": "08:00–22:00", "za": "08:00–22:00", "zo": "08:00–22:00"}, "latitude": 52.0706176, "longitude": 4.3221504, "bronId": "252768"}}, {"type": "Feature", "geometry": {"type": "Point", "coordinates": [4.3184519, 52.073699]}, "properties": {"type": "inleverpunt", "locatieNaam": "Albert Heijn", "straatNaam": "Stationsweg", "straatNr": "16-30", "postcode": "2515 BN", "plaats": "Den Haag", "merk": "StatiegeldNederland", "puntType": "automaat", "materialen": ["pet-groot", "pet-klein", "blik", "glas", "krat"], "uitbetaling": ["bonnetje"], "vrijToegankelijk": true, "gemeenteBeperking": null, "openingstijden": {"ma": "08:00–22:00", "di": "08:00–22:00", "wo": "08:00–22:00", "do": "08:00–22:00", "vr": "08:00–22:00", "za": "08:00–22:00", "zo": "09:00–22:00"}, "latitude": 52.073699, "longitude": 4.3184519, "bronId": "252772"}}, {"type": "Feature", "geometry": {"type": "Point", "coordinates": [4.2896994, 52.0683106]}, "properties": {"type": "inleverpunt", "locatieNaam": "Albert Heijn", "straatNaam": "Steijnlaan", "straatNr": "106", "postcode": "2571 RH", "plaats": "Den Haag", "merk": "StatiegeldNederland", "puntType": "automaat", "materialen": ["pet-groot", "pet-klein", "blik", "glas", "krat"], "uitbetaling": ["bonnetje", "donatie"], "vrijToegankelijk": true, "gemeenteBeperking": null, "openingstijden": {"ma": "08:00–21:00", "di": "08:00–21:00", "wo": "08:00–21:00", "do": "08:00–21:00", "vr": "08:00–21:00", "za": "08:00–21:00", "zo": "09:00–21:00"}, "latitude": 52.0683106, "longitude": 4.2896994, "bronId": "252776"}}, {"type": "Feature", "geometry": {"type": "Point", "coordinates": [4.3043408, 52.0919481]}, "properties": {"type": "inleverpunt", "locatieNaam": "Albert Heijn", "straatNaam": "Sumatrastraat", "straatNr": "2", "postcode": "2585 CS", "plaats": "Den Haag", "merk": "StatiegeldNederland", "puntType": "automaat", "materialen": ["pet-groot", "pet-klein", "blik", "glas", "krat"], "uitbetaling": ["bonnetje", "donatie"], "vrijToegankelijk": true, "gemeenteBeperking": null, "openingstijden": {"ma": "08:00–22:00", "di": "08:00–22:00", "wo": "08:00–22:00", "do": "08:00–22:00", "vr": "08:00–22:00", "za": "08:00–22:00", "zo": "09:00–22:00"}, "latitude": 52.0919481, "longitude": 4.3043408, "bronId": "252789"}}, {"type": "Feature", "geometry": {"type": "Point", "coordinates": [4.3237347, 52.1047532]}, "properties": {"type": "inleverpunt", "locatieNaam": "Albert Heijn", "straatNaam": "T.M. Bouwmeesterlaan", "straatNr": "9", "postcode": "2597 GS", "plaats": "Den Haag", "merk": "StatiegeldNederland", "puntType": "automaat", "materialen": ["pet-groot", "pet-klein", "blik", "glas", "krat"], "uitbetaling": ["bonnetje", "donatie"], "vrijToegankelijk": true, "gemeenteBeperking": null, "openingstijden": {"ma": "08:00–22:00", "di": "08:00–22:00", "wo": "08:00–22:00", "do": "08:00–22:00", "vr": "08:00–22:00", "za": "08:00–22:00", "zo": "09:00–21:00"}, "latitude": 52.1047532, "longitude": 4.3237347, "bronId": "252794"}}, {"type": "Feature", "geometry": {"type": "Point", "coordinates": [4.3322707, 52.0839211]}, "properties": {"type": "inleverpunt", "locatieNaam": "Albert Heijn", "straatNaam": "Theresiastraat", "straatNr": "75-87", "postcode": "2593 AR", "plaats": "Den Haag", "merk": "StatiegeldNederland", "puntType": "automaat", "materialen": ["pet-groot", "pet-klein", "blik", "glas", "krat"], "uitbetaling": ["bonnetje", "donatie"], "vrijToegankelijk": true, "gemeenteBeperking": null, "openingstijden": {"ma": "08:00–22:00", "di": "08:00–22:00", "wo": "08:00–22:00", "do": "08:00–22:00", "vr": "08:00–22:00", "za": "08:00–22:00", "zo": "09:00–22:00"}, "latitude": 52.0839211, "longitude": 4.3322707, "bronId": "252805"}}, {"type": "Feature", "geometry": {"type": "Point", "coordinates": [4.336349, 52.0860619]}, "properties": {"type": "inleverpunt", "locatieNaam": "Albert Heijn", "straatNaam": "Theresiastraat", "straatNr": "182", "postcode": "2593 AV", "plaats": "Den Haag", "merk": "StatiegeldNederland", "puntType": "automaat", "materialen": ["pet-groot", "pet-klein", "blik", "glas", "krat"], "uitbetaling": ["bonnetje", "donatie"], "vrijToegankelijk": true, "gemeenteBeperking": null, "openingstijden": {"ma": "08:00–22:00", "di": "08:00–22:00", "wo": "08:00–22:00", "do": "08:00–22:00", "vr": "08:00–22:00", "za": "08:00–22:00", "zo": "09:00–22:00"}, "latitude": 52.0860619, "longitude": 4.336349, "bronId": "252806"}}, {"type": "Feature", "geometry": {"type": "Point", "coordinates": [4.2339407, 52.0401381]}, "properties": {"type": "inleverpunt", "locatieNaam": "Albert Heijn", "straatNaam": "Thomas Mannsingel", "straatNr": "24", "postcode": "2553 DA", "plaats": "Den Haag", "merk": "StatiegeldNederland", "puntType": "automaat", "materialen": ["pet-groot", "pet-klein", "blik", "glas", "krat"], "uitbetaling": ["bonnetje", "donatie"], "vrijToegankelijk": true, "gemeenteBeperking": null, "openingstijden": {"ma": "08:00–21:00", "di": "08:00–21:00", "wo": "08:00–21:00", "do": "08:00–21:00", "vr": "08:00–21:00", "za": "08:00–21:00", "zo": "09:00–20:00"}, "latitude": 52.0401381, "longitude": 4.2339407, "bronId": "252809"}}, {"type": "Feature", "geometry": {"type": "Point", "coordinates": [4.3057383, 52.0778239]}, "properties": {"type": "inleverpunt", "locatieNaam": "Albert Heijn", "straatNaam": "Torenstraat", "straatNr": "27", "postcode": "2513 BN", "plaats": "Den Haag", "merk": "StatiegeldNederland", "puntType": "automaat", "materialen": ["pet-groot", "pet-klein", "blik", "glas", "krat"], "uitbetaling": ["bonnetje", "donatie"], "vrijToegankelijk": true, "gemeenteBeperking": null, "openingstijden": {"ma": "08:00–22:00", "di": "08:00–22:00", "wo": "08:00–22:00", "do": "08:00–22:00", "vr": "08:00–22:00", "za": "08:00–22:00", "zo": "09:00–22:00"}, "latitude": 52.0778239, "longitude": 4.3057383, "bronId": "252816"}}, {"type": "Feature", "geometry": {"type": "Point", "coordinates": [4.3207033, 52.0788627]}, "properties": {"type": "inleverpunt", "locatieNaam": "Albert Heijn", "straatNaam": "Turfmarkt", "straatNr": "103", "postcode": "2511 DP", "plaats": "Den Haag", "merk": "StatiegeldNederland", "puntType": "automaat", "materialen": ["pet-groot", "pet-klein", "blik", "glas", "krat"], "uitbetaling": ["bonnetje", "donatie"], "vrijToegankelijk": true, "gemeenteBeperking": null, "openingstijden": {"ma": "08:00–22:00", "di": "08:00–22:00", "wo": "08:00–22:00", "do": "08:00–22:00", "vr": "08:00–22:00", "za": "08:00–22:00", "zo": "09:00–21:00"}, "latitude": 52.0788627, "longitude": 4.3207033, "bronId": "252821"}}, {"type": "Feature", "geometry": {"type": "Point", "coordinates": [4.2752263, 52.072534]}, "properties": {"type": "inleverpunt", "locatieNaam": "Albert Heijn", "straatNaam": "Valkenboslaan", "straatNr": "173E", "postcode": "2563 CK", "plaats": "Den Haag", "merk": "StatiegeldNederland", "puntType": "automaat", "materialen": ["pet-groot", "pet-klein", "blik", "glas", "krat"], "uitbetaling": ["bonnetje", "donatie"], "vrijToegankelijk": true, "gemeenteBeperking": null, "openingstijden": {"ma": "08:00–22:00", "di": "08:00–22:00", "wo": "08:00–22:00", "do": "08:00–22:00", "vr": "08:00–22:00", "za": "08:00–22:00", "zo": "08:00–22:00"}, "latitude": 52.072534, "longitude": 4.2752263, "bronId": "252829"}}, {"type": "Feature", "geometry": {"type": "Point", "coordinates": [4.323784, 52.0936989]}, "properties": {"type": "inleverpunt", "locatieNaam": "Albert Heijn", "straatNaam": "WASSENAARSEWEG", "straatNr": "101", "postcode": "2596 CM", "plaats": "Den Haag", "merk": "StatiegeldNederland", "puntType": "balie", "materialen": ["pet-groot", "pet-klein", "blik"], "uitbetaling": [], "vrijToegankelijk": true, "gemeenteBeperking": null, "openingstijden": {"ma": "08:00–21:00", "di": "08:00–21:00", "wo": "08:00–21:00", "do": "08:00–21:00", "vr": "08:00–21:00", "za": "08:00–21:00", "zo": "09:00–21:00"}, "latitude": 52.0936989, "longitude": 4.323784, "bronId": "252896"}}, {"type": "Feature", "geometry": {"type": "Point", "coordinates": [4.3205556, 52.0902778]}, "properties": {"type": "inleverpunt", "locatieNaam": "Albert Heijn", "straatNaam": "Weissenbruchstraat", "straatNr": "116", "postcode": "2596 GK", "plaats": "Den Haag", "merk": "StatiegeldNederland", "puntType": "automaat", "materialen": ["pet-groot", "pet-klein", "blik", "glas", "krat"], "uitbetaling": ["bonnetje", "donatie"], "vrijToegankelijk": true, "gemeenteBeperking": null, "openingstijden": {"ma": "08:00–21:00", "di": "08:00–21:00", "wo": "08:00–21:00", "do": "08:00–21:00", "vr": "08:00–21:00", "za": "08:00–21:00", "zo": "09:00–20:00"}, "latitude": 52.0902778, "longitude": 4.3205556, "bronId": "252901"}}, {"type": "Feature", "geometry": {"type": "Point", "coordinates": [4.2738108, 52.0909622]}, "properties": {"type": "inleverpunt", "locatieNaam": "Albert Heijn", "straatNaam": "Willem de Zwijgerlaan", "straatNr": "51-57", "postcode": "2582 EG", "plaats": "Den Haag", "merk": "StatiegeldNederland", "puntType": "automaat", "materialen": ["pet-groot", "pet-klein", "blik", "glas", "krat"], "uitbetaling": ["bonnetje", "donatie"], "vrijToegankelijk": true, "gemeenteBeperking": null, "openingstijden": {"ma": "08:00–22:00", "di": "08:00–22:00", "wo": "08:00–22:00", "do": "08:00–22:00", "vr": "08:00–22:00", "za": "08:00–22:00", "zo": "09:00–21:00"}, "latitude": 52.0909622, "longitude": 4.2738108, "bronId": "252933"}}, {"type": "Feature", "geometry": {"type": "Point", "coordinates": [4.3435146, 52.0803954]}, "properties": {"type": "inleverpunt", "locatieNaam": "Albert Heijn To Go", "straatNaam": "LAAN VAN NIEUW OOST INDIE", "straatNr": "285", "postcode": "2593 BS", "plaats": "Den Haag", "merk": "StatiegeldNederland", "puntType": "balie", "materialen": ["pet-groot", "pet-klein", "blik"], "uitbetaling": [], "vrijToegankelijk": true, "gemeenteBeperking": null, "openingstijden": {"ma": "24 uur geopend", "di": "24 uur geopend", "wo": "24 uur geopend", "do": "24 uur geopend", "vr": "24 uur geopend", "za": "24 uur geopend", "zo": "24 uur geopend"}, "latitude": 52.0803954, "longitude": 4.3435146, "bronId": "252968"}}, {"type": "Feature", "geometry": {"type": "Point", "coordinates": [4.2912709, 52.0484084]}, "properties": {"type": "inleverpunt", "locatieNaam": "Aldi", "straatNaam": "Betje Wolffstraat", "straatNr": "257", "postcode": "2533 HM", "plaats": "Den Haag", "merk": "StatiegeldNederland", "puntType": "automaat", "materialen": ["pet-groot", "pet-klein", "blik", "glas", "krat"], "uitbetaling": ["bonnetje"], "vrijToegankelijk": true, "gemeenteBeperking": null, "openingstijden": {"ma": "08:00–20:00", "di": "08:00–20:00", "wo": "08:00–20:00", "do": "08:00–20:00", "vr": "08:00–20:00", "za": "08:00–20:00", "zo": "10:00–20:00"}, "latitude": 52.0484084, "longitude": 4.2912709, "bronId": "253016"}}, {"type": "Feature", "geometry": {"type": "Point", "coordinates": [4.2461295, 52.0662985]}, "properties": {"type": "inleverpunt", "locatieNaam": "Aldi", "straatNaam": "De Savornin Lohmanplein", "straatNr": "26", "postcode": "2566 AD", "plaats": "Den Haag", "merk": "StatiegeldNederland", "puntType": "automaat", "materialen": ["pet-groot", "pet-klein", "blik", "glas", "krat"], "uitbetaling": ["bonnetje"], "vrijToegankelijk": true, "gemeenteBeperking": null, "openingstijden": {"ma": "08:00–20:00", "di": "08:00–20:00", "wo": "08:00–20:00", "do": "08:00–20:00", "vr": "08:00–20:00", "za": "08:00–20:00", "zo": "10:00–18:00"}, "latitude": 52.0662985, "longitude": 4.2461295, "bronId": "253065"}}, {"type": "Feature", "geometry": {"type": "Point", "coordinates": [4.330034, 52.0674]}, "properties": {"type": "inleverpunt", "locatieNaam": "Aldi", "straatNaam": "Laakweg", "straatNr": "126", "postcode": "2521 SC", "plaats": "Den Haag", "merk": "StatiegeldNederland", "puntType": "automaat", "materialen": ["pet-groot", "pet-klein", "blik", "glas", "krat"], "uitbetaling": ["bonnetje"], "vrijToegankelijk": true, "gemeenteBeperking": null, "openingstijden": {"ma": "08:00–21:00", "di": "08:00–21:00", "wo": "08:00–21:00", "do": "08:00–21:00", "vr": "08:00–21:00", "za": "08:00–21:00", "zo": "10:00–20:00"}, "latitude": 52.0674, "longitude": 4.330034, "bronId": "253218"}}, {"type": "Feature", "geometry": {"type": "Point", "coordinates": [4.2632774, 52.041339]}, "properties": {"type": "inleverpunt", "locatieNaam": "Aldi", "straatNaam": "Lange Stede", "straatNr": "4-6", "postcode": "2543 VG", "plaats": "Den Haag", "merk": "StatiegeldNederland", "puntType": "automaat", "materialen": ["pet-groot", "pet-klein", "blik", "glas", "krat"], "uitbetaling": ["bonnetje"], "vrijToegankelijk": true, "gemeenteBeperking": null, "openingstijden": {"ma": "08:00–20:00", "di": "08:00–20:00", "wo": "08:00–20:00", "do": "08:00–20:00", "vr": "08:00–20:00", "za": "08:00–20:00", "zo": "10:00–18:00"}, "latitude": 52.041339, "longitude": 4.2632774, "bronId": "253223"}}, {"type": "Feature", "geometry": {"type": "Point", "coordinates": [4.2755519, 52.049464]}, "properties": {"type": "inleverpunt", "locatieNaam": "Aldi", "straatNaam": "Leyweg", "straatNr": "920A", "postcode": "2545 GV", "plaats": "Den Haag", "merk": "StatiegeldNederland", "puntType": "automaat", "materialen": ["pet-groot", "pet-klein", "blik", "glas", "krat"], "uitbetaling": ["bonnetje"], "vrijToegankelijk": true, "gemeenteBeperking": null, "openingstijden": {"ma": "08:00–20:00", "di": "08:00–20:00", "wo": "08:00–20:00", "do": "08:00–20:00", "vr": "08:00–20:00", "za": "08:00–20:00", "zo": "10:00–19:00"}, "latitude": 52.049464, "longitude": 4.2755519, "bronId": "253231"}}, {"type": "Feature", "geometry": {"type": "Point", "coordinates": [4.2356344, 52.0533891]}, "properties": {"type": "inleverpunt", "locatieNaam": "Aldi", "straatNaam": "Loosduinsehoofdstr.", "straatNr": "282", "postcode": "2552 AN", "plaats": "Den Haag", "merk": "StatiegeldNederland", "puntType": "automaat", "materialen": ["pet-groot", "pet-klein", "blik", "glas", "krat"], "uitbetaling": ["bonnetje"], "vrijToegankelijk": true, "gemeenteBeperking": null, "openingstijden": {"ma": "08:00–20:00", "di": "08:00–20:00", "wo": "08:00–20:00", "do": "08:00–20:00", "vr": "08:00–20:00", "za": "08:00–20:00", "zo": "10:00–18:00"}, "latitude": 52.0533891, "longitude": 4.2356344, "bronId": "253236"}}, {"type": "Feature", "geometry": {"type": "Point", "coordinates": [4.4023739, 52.0651874]}, "properties": {"type": "inleverpunt", "locatieNaam": "Aldi", "straatNaam": "Simon Carmiggelthof", "straatNr": "108-112", "postcode": "2492 JM", "plaats": "Den Haag", "merk": "StatiegeldNederland", "puntType": "automaat", "materialen": ["pet-groot", "pet-klein", "blik", "glas", "krat"], "uitbetaling": ["bonnetje"], "vrijToegankelijk": true, "gemeenteBeperking": null, "openingstijden": {"ma": "08:00–19:00", "di": "08:00–19:00", "wo": "08:00–19:00", "do": "08:00–20:00", "vr": "08:00–20:00", "za": "08:00–19:00", "zo": "12:00–18:00"}, "latitude": 52.0651874, "longitude": 4.4023739, "bronId": "253361"}}, {"type": "Feature", "geometry": {"type": "Point", "coordinates": [4.317721, 52.065679]}, "properties": {"type": "inleverpunt", "locatieNaam": "Aldi", "straatNaam": "Van Der Kunstraat 75 (Megastores)", "straatNr": "", "postcode": "2521 BA", "plaats": "Den Haag", "merk": "StatiegeldNederland", "puntType": "automaat", "materialen": ["pet-groot", "pet-klein", "blik", "glas", "krat"], "uitbetaling": ["bonnetje"], "vrijToegankelijk": true, "gemeenteBeperking": null, "openingstijden": {"ma": "08:00–20:00", "di": "08:00–20:00", "wo": "08:00–20:00", "do": "08:00–20:00", "vr": "08:00–20:00", "za": "08:00–20:00", "zo": "10:00–18:00"}, "latitude": 52.065679, "longitude": 4.317721, "bronId": "253401"}}, {"type": "Feature", "geometry": {"type": "Point", "coordinates": [4.2737429, 52.1004285]}, "properties": {"type": "inleverpunt", "locatieNaam": "Aldi", "straatNaam": "Westduinweg", "straatNr": "1245", "postcode": "2583 AV", "plaats": "Den Haag", "merk": "StatiegeldNederland", "puntType": "automaat", "materialen": ["pet-groot", "pet-klein", "blik", "glas", "krat"], "uitbetaling": ["bonnetje"], "vrijToegankelijk": true, "gemeenteBeperking": null, "openingstijden": {"ma": "08:00–21:00", "di": "08:00–21:00", "wo": "08:00–21:00", "do": "08:00–21:00", "vr": "08:00–21:00", "za": "08:00–21:00", "zo": "10:00–21:00"}, "latitude": 52.1004285, "longitude": 4.2737429, "bronId": "253435"}}, {"type": "Feature", "geometry": {"type": "Point", "coordinates": [4.3178426, 52.077222]}, "properties": {"type": "inleverpunt", "locatieNaam": "Amare", "straatNaam": "Spuiplein", "straatNr": "150", "postcode": "2511 DG", "plaats": "Den Haag", "merk": "StatiegeldNederland", "puntType": "automaat", "materialen": ["pet-groot", "pet-klein", "blik"], "uitbetaling": ["bonnetje", "donatie", "tikkie"], "vrijToegankelijk": true, "gemeenteBeperking": null, "openingstijden": null, "latitude": 52.077222, "longitude": 4.3178426, "bronId": "253491"}}, {"type": "Feature", "geometry": {"type": "Point", "coordinates": [4.3296269, 52.0836142]}, "properties": {"type": "inleverpunt", "locatieNaam": "Appel - 7065 - Inholland", "straatNaam": "Theresiastraat", "straatNr": "8", "postcode": "2593 AN", "plaats": "S-gravenhage", "merk": "StatiegeldNederland", "puntType": "balie", "materialen": ["pet-groot", "pet-klein", "blik"], "uitbetaling": [], "vrijToegankelijk": true, "gemeenteBeperking": null, "openingstijden": {"ma": "07:30–18:30", "di": "07:30–22:30", "wo": "07:30–18:30", "do": "07:30–22:30", "vr": "07:30–18:00", "za": "Gesloten", "zo": "Gesloten"}, "latitude": 52.0836142, "longitude": 4.3296269, "bronId": "253520"}}, {"type": "Feature", "geometry": {"type": "Point", "coordinates": [4.3296269, 52.0836142]}, "properties": {"type": "inleverpunt", "locatieNaam": "Appel - 7065 - Inholland -hui", "straatNaam": "Theresiastraat", "straatNr": "8", "postcode": "2593 AN", "plaats": "S-gravenhage", "merk": "StatiegeldNederland", "puntType": "balie", "materialen": ["pet-groot", "pet-klein", "blik"], "uitbetaling": [], "vrijToegankelijk": true, "gemeenteBeperking": null, "openingstijden": {"ma": "07:30–18:30", "di": "07:30–22:30", "wo": "07:30–18:30", "do": "07:30–22:30", "vr": "07:30–18:00", "za": "Gesloten", "zo": "Gesloten"}, "latitude": 52.0836142, "longitude": 4.3296269, "bronId": "253522"}}, {"type": "Feature", "geometry": {"type": "Point", "coordinates": [4.3076925, 52.0962534]}, "properties": {"type": "inleverpunt", "locatieNaam": "Appel 2586 - Kosovo", "straatNaam": "Raamweg", "straatNr": "47", "postcode": "2596 HN", "plaats": "Den-haag", "merk": "StatiegeldNederland", "puntType": "balie", "materialen": ["pet-groot", "pet-klein", "blik"], "uitbetaling": [], "vrijToegankelijk": true, "gemeenteBeperking": null, "openingstijden": null, "latitude": 52.0962534, "longitude": 4.3076925, "bronId": "253585"}}, {"type": "Feature", "geometry": {"type": "Point", "coordinates": [4.3315361, 52.0856745]}, "properties": {"type": "inleverpunt", "locatieNaam": "Appel 2689 -ombudsman", "straatNaam": "Bezuidenhoutseweg", "straatNr": "151", "postcode": "2594 AG", "plaats": "S-gravenhage", "merk": "StatiegeldNederland", "puntType": "balie", "materialen": ["pet-groot", "pet-klein", "blik"], "uitbetaling": [], "vrijToegankelijk": true, "gemeenteBeperking": null, "openingstijden": {"ma": "09:00–17:00", "di": "09:00–17:00", "wo": "09:00–17:00", "do": "09:00–17:00", "vr": "09:00–17:00", "za": "Gesloten", "zo": "Gesloten"}, "latitude": 52.0856745, "longitude": 4.3315361, "bronId": "253634"}}, {"type": "Feature", "geometry": {"type": "Point", "coordinates": [4.3317037, 52.0862542]}, "properties": {"type": "inleverpunt", "locatieNaam": "Appel 2699 - Oxfam Novib", "straatNaam": "Mauritskade", "straatNr": "9", "postcode": "2514 HD", "plaats": "Den Haag", "merk": "StatiegeldNederland", "puntType": "balie", "materialen": ["pet-groot", "pet-klein", "blik"], "uitbetaling": [], "vrijToegankelijk": true, "gemeenteBeperking": null, "openingstijden": {"ma": "09:00–17:00", "di": "09:00–17:00", "wo": "09:00–17:00", "do": "09:00–17:00", "vr": "09:00–17:00", "za": "Gesloten", "zo": "Gesloten"}, "latitude": 52.0862542, "longitude": 4.3317037, "bronId": "253637"}}, {"type": "Feature", "geometry": {"type": "Point", "coordinates": [4.3105644, 52.0806605]}, "properties": {"type": "inleverpunt", "locatieNaam": "Appel 2763 Alg.rekenkamer", "straatNaam": "Lange Voorhout", "straatNr": "8", "postcode": "2514 ED", "plaats": "Den Haag", "merk": "StatiegeldNederland", "puntType": "balie", "materialen": ["pet-groot", "pet-klein", "blik"], "uitbetaling": [], "vrijToegankelijk": true, "gemeenteBeperking": null, "openingstijden": {"ma": "08:00–17:00", "di": "08:00–17:00", "wo": "08:00–17:00", "do": "08:00–17:00", "vr": "08:00–17:00", "za": "Gesloten", "zo": "Gesloten"}, "latitude": 52.0806605, "longitude": 4.3105644, "bronId": "253663"}}, {"type": "Feature", "geometry": {"type": "Point", "coordinates": [4.297623, 52.0650642]}, "properties": {"type": "inleverpunt", "locatieNaam": "Aps services", "straatNaam": "Boerenstraat", "straatNr": "2e", "postcode": "2572 HW", "plaats": "Den Haag", "merk": "StatiegeldNederland", "puntType": "automaat", "materialen": ["pet-groot", "pet-klein", "blik"], "uitbetaling": ["bonnetje", "donatie", "tikkie"], "vrijToegankelijk": true, "gemeenteBeperking": null, "openingstijden": null, "latitude": 52.0650642, "longitude": 4.297623, "bronId": "253743"}}, {"type": "Feature", "geometry": {"type": "Point", "coordinates": [4.2910113, 52.0686096]}, "properties": {"type": "inleverpunt", "locatieNaam": "Basis E Markt Den Haag", "straatNaam": "Paul Krugerlaan", "straatNr": "184", "postcode": "2571 HP", "plaats": "Den Haag", "merk": "StatiegeldNederland", "puntType": "automaat", "materialen": ["pet-groot", "pet-klein", "blik"], "uitbetaling": ["bonnetje", "donatie", "tikkie"], "vrijToegankelijk": true, "gemeenteBeperking": null, "openingstijden": null, "latitude": 52.0686096, "longitude": 4.2910113, "bronId": "253809"}}, {"type": "Feature", "geometry": {"type": "Point", "coordinates": [4.2931048, 52.070374]}, "properties": {"type": "inleverpunt", "locatieNaam": "Basis Groothandel", "straatNaam": "Uitenhagestraat", "straatNr": "90", "postcode": "2571 PW", "plaats": "Den Haag", "merk": "StatiegeldNederland", "puntType": "automaat", "materialen": ["pet-groot", "pet-klein", "blik"], "uitbetaling": [], "vrijToegankelijk": true, "gemeenteBeperking": null, "openingstijden": {"ma": "24 uur geopend", "di": "24 uur geopend", "wo": "24 uur geopend", "do": "24 uur geopend", "vr": "24 uur geopend", "za": "24 uur geopend", "zo": "24 uur geopend"}, "latitude": 52.070374, "longitude": 4.2931048, "bronId": "253816"}}, {"type": "Feature", "geometry": {"type": "Point", "coordinates": [4.3080299, 52.0758885]}, "properties": {"type": "inleverpunt", "locatieNaam": "Biesieklette Grote Markt", "straatNaam": "Laan T/o", "straatNr": "9", "postcode": "2512 GM", "plaats": "Den Haag", "merk": "StatiegeldNederland", "puntType": "automaat", "materialen": ["pet-klein", "blik"], "uitbetaling": [], "vrijToegankelijk": true, "gemeenteBeperking": null, "openingstijden": null, "latitude": 52.0758885, "longitude": 4.3080299, "bronId": "253828"}}, {"type": "Feature", "geometry": {"type": "Point", "coordinates": [4.3076058, 52.0784159]}, "properties": {"type": "inleverpunt", "locatieNaam": "Biesieklette Nobelstraat", "straatNaam": "Nobelstraat", "straatNr": "2-d", "postcode": "2513 BB", "plaats": "Den Haag", "merk": "StatiegeldNederland", "puntType": "automaat", "materialen": ["pet-klein", "blik"], "uitbetaling": [], "vrijToegankelijk": true, "gemeenteBeperking": null, "openingstijden": {"ma": "07:00–20:00", "di": "07:00–20:00", "wo": "07:00–20:00", "do": "07:00–20:00", "vr": "07:00–20:00", "za": "07:00–20:00", "zo": "07:00–20:00"}, "latitude": 52.0784159, "longitude": 4.3076058, "bronId": "253831"}}, {"type": "Feature", "geometry": {"type": "Point", "coordinates": [4.2370121, 52.0540552]}, "properties": {"type": "inleverpunt", "locatieNaam": "Biowinkel Van Leeuwen", "straatNaam": "Loosduinse Hoofdstraat", "straatNr": "257", "postcode": "2552 AD", "plaats": "Den Haag", "merk": "StatiegeldNederland", "puntType": "balie", "materialen": ["pet-groot", "pet-klein", "blik"], "uitbetaling": [], "vrijToegankelijk": true, "gemeenteBeperking": null, "openingstijden": {"ma": "11:00–18:00", "di": "09:00–18:00", "wo": "09:00–18:00", "do": "09:00–18:00", "vr": "09:00–18:00", "za": "09:00–17:00", "zo": "Gesloten"}, "latitude": 52.0540552, "longitude": 4.2370121, "bronId": "253837"}}, {"type": "Feature", "geometry": {"type": "Point", "coordinates": [4.323974, 52.0670747]}, "properties": {"type": "inleverpunt", "locatieNaam": "Cg 1137 Hhs Salad & Sandwich", "straatNaam": "Johanna Westerdijkplein", "straatNr": "75", "postcode": "2521 EN", "plaats": "Den Haag", "merk": "StatiegeldNederland", "puntType": "balie", "materialen": ["pet-groot", "pet-klein", "blik"], "uitbetaling": [], "vrijToegankelijk": true, "gemeenteBeperking": null, "openingstijden": {"ma": "08:00–23:00", "di": "08:00–23:00", "wo": "08:00–23:00", "do": "08:00–23:00", "vr": "08:00–19:00", "za": "Gesloten", "zo": "Gesloten"}, "latitude": 52.0670747, "longitude": 4.323974, "bronId": "254016"}}, {"type": "Feature", "geometry": {"type": "Point", "coordinates": [4.323974, 52.0670747]}, "properties": {"type": "inleverpunt", "locatieNaam": "Cg 1138 Hhs", "straatNaam": "Johanna Westerdijkplein", "straatNr": "75", "postcode": "2521 EN", "plaats": "Den Haag", "merk": "StatiegeldNederland", "puntType": "balie", "materialen": ["pet-groot", "pet-klein", "blik"], "uitbetaling": [], "vrijToegankelijk": true, "gemeenteBeperking": null, "openingstijden": {"ma": "08:00–23:00", "di": "08:00–23:00", "wo": "08:00–23:00", "do": "08:00–23:00", "vr": "08:00–19:00", "za": "Gesloten", "zo": "Gesloten"}, "latitude": 52.0670747, "longitude": 4.323974, "bronId": "254017"}}, {"type": "Feature", "geometry": {"type": "Point", "coordinates": [4.323974, 52.0670747]}, "properties": {"type": "inleverpunt", "locatieNaam": "Cg 1139 Hhs The Colour Kitchen", "straatNaam": "Johanna Westerdijkplein", "straatNr": "75", "postcode": "2521 EN", "plaats": "Den Haag", "merk": "StatiegeldNederland", "puntType": "balie", "materialen": ["pet-groot", "pet-klein", "blik"], "uitbetaling": [], "vrijToegankelijk": true, "gemeenteBeperking": null, "openingstijden": {"ma": "08:00–23:00", "di": "08:00–23:00", "wo": "08:00–23:00", "do": "08:00–23:00", "vr": "08:00–19:00", "za": "Gesloten", "zo": "Gesloten"}, "latitude": 52.0670747, "longitude": 4.323974, "bronId": "254018"}}, {"type": "Feature", "geometry": {"type": "Point", "coordinates": [4.323974, 52.0670747]}, "properties": {"type": "inleverpunt", "locatieNaam": "Cg 1140 Hhs Foodcourt", "straatNaam": "Johanna Westerdijkplein", "straatNr": "75", "postcode": "2521 EN", "plaats": "Den Haag", "merk": "StatiegeldNederland", "puntType": "balie", "materialen": ["pet-groot", "pet-klein", "blik"], "uitbetaling": [], "vrijToegankelijk": true, "gemeenteBeperking": null, "openingstijden": {"ma": "08:00–23:00", "di": "08:00–23:00", "wo": "08:00–23:00", "do": "08:00–23:00", "vr": "08:00–19:00", "za": "Gesloten", "zo": "Gesloten"}, "latitude": 52.0670747, "longitude": 4.323974, "bronId": "254019"}}, {"type": "Feature", "geometry": {"type": "Point", "coordinates": [4.323974, 52.0670747]}, "properties": {"type": "inleverpunt", "locatieNaam": "Cg 1144 Hhs The Bridge", "straatNaam": "Johanna Westerdijkplein", "straatNr": "75", "postcode": "2521 EN", "plaats": "Den Haag", "merk": "StatiegeldNederland", "puntType": "balie", "materialen": ["pet-groot", "pet-klein", "blik"], "uitbetaling": [], "vrijToegankelijk": true, "gemeenteBeperking": null, "openingstijden": {"ma": "08:00–23:00", "di": "08:00–23:00", "wo": "08:00–23:00", "do": "08:00–23:00", "vr": "08:00–19:00", "za": "Gesloten", "zo": "Gesloten"}, "latitude": 52.0670747, "longitude": 4.323974, "bronId": "254021"}}, {"type": "Feature", "geometry": {"type": "Point", "coordinates": [4.3828172, 52.0749639]}, "properties": {"type": "inleverpunt", "locatieNaam": "Cg 1316 Ns Nedtrain", "straatNaam": "Westvlietweg", "straatNr": "4", "postcode": "2491 EA", "plaats": "Den Haag", "merk": "StatiegeldNederland", "puntType": "balie", "materialen": ["pet-groot", "pet-klein", "blik"], "uitbetaling": [], "vrijToegankelijk": true, "gemeenteBeperking": null, "openingstijden": {"ma": "24 uur geopend", "di": "24 uur geopend", "wo": "24 uur geopend", "do": "24 uur geopend", "vr": "24 uur geopend", "za": "24 uur geopend", "zo": "24 uur geopend"}, "latitude": 52.0749639, "longitude": 4.3828172, "bronId": "254034"}}, {"type": "Feature", "geometry": {"type": "Point", "coordinates": [4.3076692, 52.0871752]}, "properties": {"type": "inleverpunt", "locatieNaam": "Cg 1500 Vereniging V Ned Gem", "straatNaam": "Nassaulaan", "straatNr": "12", "postcode": "2514 JS", "plaats": "Den Haag", "merk": "StatiegeldNederland", "puntType": "balie", "materialen": ["pet-groot", "pet-klein", "blik"], "uitbetaling": [], "vrijToegankelijk": true, "gemeenteBeperking": null, "openingstijden": {"ma": "09:00–17:00", "di": "09:00–17:00", "wo": "09:00–17:00", "do": "09:00–17:00", "vr": "09:00–17:00", "za": "Gesloten", "zo": "Gesloten"}, "latitude": 52.0871752, "longitude": 4.3076692, "bronId": "254050"}}, {"type": "Feature", "geometry": {"type": "Point", "coordinates": [4.3988493, 52.0528242]}, "properties": {"type": "inleverpunt", "locatieNaam": "Circle K Stationsweg Den Haag", "straatNaam": "Ypenburgse Stationsweg", "straatNr": "199", "postcode": "2496 ZW", "plaats": "Den Haag", "merk": "StatiegeldNederland", "puntType": "automaat", "materialen": ["pet-groot", "pet-klein", "blik"], "uitbetaling": ["bonnetje", "donatie", "tikkie"], "vrijToegankelijk": true, "gemeenteBeperking": null, "openingstijden": null, "latitude": 52.0528242, "longitude": 4.3988493, "bronId": "254171"}}, {"type": "Feature", "geometry": {"type": "Point", "coordinates": [4.2934661, 52.0818194]}, "properties": {"type": "inleverpunt", "locatieNaam": "Coop z.o. 1206", "straatNaam": "Prins Hendrikstraat", "straatNr": "46", "postcode": "2518 HT", "plaats": "Den Haag", "merk": "StatiegeldNederland", "puntType": "automaat", "materialen": ["pet-groot", "pet-klein", "blik", "glas", "krat"], "uitbetaling": ["bonnetje", "donatie"], "vrijToegankelijk": true, "gemeenteBeperking": null, "openingstijden": {"ma": "08:00–21:00", "di": "08:00–21:00", "wo": "08:00–21:00", "do": "08:00–21:00", "vr": "08:00–21:00", "za": "08:00–21:00", "zo": "10:00–20:00"}, "latitude": 52.0818194, "longitude": 4.2934661, "bronId": "254196"}}, {"type": "Feature", "geometry": {"type": "Point", "coordinates": [4.4004201, 52.0659259]}, "properties": {"type": "inleverpunt", "locatieNaam": "Verpact", "straatNaam": "Henri Faasdreef", "straatNr": "312", "postcode": "2492 JP", "plaats": "Den Haag", "merk": "StatiegeldNederland", "puntType": "automaat", "materialen": ["pet-groot", "pet-klein", "blik", "krat"], "uitbetaling": ["bonnetje", "donatie", "tikkie", "retourpinnen"], "vrijToegankelijk": false, "gemeenteBeperking": null, "openingstijden": null, "latitude": 52.0659259, "longitude": 4.4004201, "bronId": "259192"}}, {"type": "Feature", "geometry": {"type": "Point", "coordinates": [4.402729, 52.0650494]}, "properties": {"type": "inleverpunt", "locatieNaam": "Dirk", "straatNaam": "Simon Carmiggelthof", "straatNr": "258", "postcode": "2492 JN", "plaats": "Leidschenveen", "merk": "StatiegeldNederland", "puntType": "automaat", "materialen": ["pet-groot", "pet-klein", "blik", "glas", "krat"], "uitbetaling": ["bonnetje", "donatie"], "vrijToegankelijk": true, "gemeenteBeperking": null, "openingstijden": {"ma": "07:00–20:00", "di": "07:00–20:00", "wo": "07:00–20:00", "do": "07:00–21:00", "vr": "07:00–21:00", "za": "07:00–20:00", "zo": "10:00–20:00"}, "latitude": 52.0650494, "longitude": 4.402729, "bronId": "254543"}}, {"type": "Feature", "geometry": {"type": "Point", "coordinates": [4.3049451, 52.0779641]}, "properties": {"type": "inleverpunt", "locatieNaam": "Dirk", "straatNaam": "Torenstraat", "straatNr": "132a", "postcode": "2513 BW", "plaats": "Den Haag", "merk": "StatiegeldNederland", "puntType": "automaat", "materialen": ["pet-groot", "pet-klein", "blik", "glas", "krat"], "uitbetaling": ["bonnetje", "donatie"], "vrijToegankelijk": true, "gemeenteBeperking": null, "openingstijden": {"ma": "08:00–21:00", "di": "08:00–21:00", "wo": "08:00–21:00", "do": "08:00–21:00", "vr": "08:00–21:00", "za": "08:00–21:00", "zo": "10:00–20:00"}, "latitude": 52.0779641, "longitude": 4.3049451, "bronId": "254553"}}, {"type": "Feature", "geometry": {"type": "Point", "coordinates": [4.2460136, 52.0664441]}, "properties": {"type": "inleverpunt", "locatieNaam": "Droppie Recyclewinkel", "straatNaam": "De Savornin Lohmanplein", "straatNr": "24", "postcode": "2566 AD", "plaats": "Den Haag", "merk": "StatiegeldNederland", "puntType": "automaat", "materialen": ["pet-groot", "pet-klein", "blik", "krat"], "uitbetaling": ["tikkie", "droppie"], "vrijToegankelijk": true, "gemeenteBeperking": null, "openingstijden": {"ma": "10:00–19:00", "di": "10:00–19:00", "wo": "10:00–19:00", "do": "10:00–19:00", "vr": "10:00–19:00", "za": "10:00–17:00", "zo": "Gesloten"}, "latitude": 52.0664441, "longitude": 4.2460136, "bronId": "254593"}}, {"type": "Feature", "geometry": {"type": "Point", "coordinates": [4.2705805, 52.077169]}, "properties": {"type": "inleverpunt", "locatieNaam": "Droppie Recyclewinkel", "straatNaam": "Fahrenheitstraat", "straatNr": "436", "postcode": "2561 DG", "plaats": "Den Haag", "merk": "StatiegeldNederland", "puntType": "automaat", "materialen": ["pet-groot", "pet-klein", "blik", "krat"], "uitbetaling": ["tikkie", "droppie"], "vrijToegankelijk": true, "gemeenteBeperking": null, "openingstijden": {"ma": "10:00–19:00", "di": "10:00–19:00", "wo": "10:00–19:00", "do": "10:00–19:00", "vr": "10:00–19:00", "za": "10:00–17:00", "zo": "Gesloten"}, "latitude": 52.077169, "longitude": 4.2705805, "bronId": "254595"}}, {"type": "Feature", "geometry": {"type": "Point", "coordinates": [4.3379887, 52.0863886]}, "properties": {"type": "inleverpunt", "locatieNaam": "Droppie Recyclewinkel", "straatNaam": "Theresiastraat", "straatNr": "147", "postcode": "2593 AG", "plaats": "Den Haag", "merk": "StatiegeldNederland", "puntType": "automaat", "materialen": ["pet-groot", "pet-klein", "blik", "krat"], "uitbetaling": ["tikkie", "droppie"], "vrijToegankelijk": true, "gemeenteBeperking": null, "openingstijden": {"ma": "10:00–19:00", "di": "10:00–19:00", "wo": "10:00–19:00", "do": "10:00–19:00", "vr": "10:00–19:00", "za": "10:00–17:00", "zo": "Gesloten"}, "latitude": 52.0863886, "longitude": 4.3379887, "bronId": "254599"}}, {"type": "Feature", "geometry": {"type": "Point", "coordinates": [4.2701133, 52.0968539]}, "properties": {"type": "inleverpunt", "locatieNaam": "Droppie Recyclewinkel", "straatNaam": "Van Bergenstraat", "straatNr": "39", "postcode": "2583 CS", "plaats": "Den Haag", "merk": "StatiegeldNederland", "puntType": "automaat", "materialen": ["pet-groot", "pet-klein", "blik", "krat"], "uitbetaling": ["tikkie", "droppie"], "vrijToegankelijk": true, "gemeenteBeperking": null, "openingstijden": {"ma": "10:00–19:00", "di": "10:00–19:00", "wo": "10:00–19:00", "do": "10:00–19:00", "vr": "10:00–19:00", "za": "10:00–17:00", "zo": "Gesloten"}, "latitude": 52.0968539, "longitude": 4.2701133, "bronId": "254601"}}, {"type": "Feature", "geometry": {"type": "Point", "coordinates": [4.2765244, 52.0938787]}, "properties": {"type": "inleverpunt", "locatieNaam": "Ekoplaza", "straatNaam": "Frederik Hendriklaan", "straatNr": "87", "postcode": "2582 BW", "plaats": "Den Haag", "merk": "StatiegeldNederland", "puntType": "balie", "materialen": ["pet-groot", "pet-klein", "blik"], "uitbetaling": [], "vrijToegankelijk": true, "gemeenteBeperking": null, "openingstijden": {"ma": "08:00–21:00", "di": "08:00–21:00", "wo": "08:00–21:00", "do": "08:00–21:00", "vr": "08:00–21:00", "za": "08:00–21:00", "zo": "10:00–19:00"}, "latitude": 52.0938787, "longitude": 4.2765244, "bronId": "254640"}}, {"type": "Feature", "geometry": {"type": "Point", "coordinates": [4.306428, 52.077839]}, "properties": {"type": "inleverpunt", "locatieNaam": "Ekoplaza", "straatNaam": "KERKPLEIN", "straatNr": "6A", "postcode": "2513 AZ", "plaats": "Den Haag", "merk": "StatiegeldNederland", "puntType": "balie", "materialen": ["pet-groot", "pet-klein", "blik"], "uitbetaling": [], "vrijToegankelijk": true, "gemeenteBeperking": null, "openingstijden": {"ma": "08:30–20:00", "di": "08:30–20:00", "wo": "08:30–20:00", "do": "08:30–20:00", "vr": "08:30–20:00", "za": "08:30–20:00", "zo": "10:00–19:00"}, "latitude": 52.077839, "longitude": 4.306428, "bronId": "254657"}}, {"type": "Feature", "geometry": {"type": "Point", "coordinates": [4.2806304, 52.0756947]}, "properties": {"type": "inleverpunt", "locatieNaam": "Ekoplaza", "straatNaam": "Weimarstraat", "straatNr": "153-155", "postcode": "2562 GV", "plaats": "Den Haag", "merk": "StatiegeldNederland", "puntType": "automaat", "materialen": ["pet-groot", "pet-klein", "blik"], "uitbetaling": ["bonnetje", "donatie"], "vrijToegankelijk": true, "gemeenteBeperking": null, "openingstijden": null, "latitude": 52.0756947, "longitude": 4.2806304, "bronId": "254711"}}, {"type": "Feature", "geometry": {"type": "Point", "coordinates": [4.2768765, 52.0579514]}, "properties": {"type": "inleverpunt", "locatieNaam": "Esso", "straatNaam": "Vreeswijkstraat", "straatNr": "60", "postcode": "2546 CA", "plaats": "Den Haag", "merk": "StatiegeldNederland", "puntType": "automaat", "materialen": ["pet-groot", "pet-klein", "blik"], "uitbetaling": ["bonnetje", "donatie", "tikkie"], "vrijToegankelijk": true, "gemeenteBeperking": null, "openingstijden": {"ma": "09:00–20:00", "di": "09:00–20:00", "wo": "09:00–20:00", "do": "09:00–20:00", "vr": "09:00–20:00", "za": "09:00–18:00", "zo": "Gesloten"}, "latitude": 52.0579514, "longitude": 4.2768765, "bronId": "254740"}}, {"type": "Feature", "geometry": {"type": "Point", "coordinates": [4.2994295, 52.1117317]}, "properties": {"type": "inleverpunt", "locatieNaam": "Esso", "straatNaam": "Zwolsestraat", "straatNr": "443", "postcode": "2587 VH", "plaats": "Den Haag", "merk": "StatiegeldNederland", "puntType": "automaat", "materialen": ["pet-groot", "pet-klein", "blik", "krat"], "uitbetaling": ["bonnetje", "donatie", "tikkie"], "vrijToegankelijk": true, "gemeenteBeperking": null, "openingstijden": {"ma": "06:00–00:00", "di": "06:00–00:00", "wo": "06:00–00:00", "do": "06:00–00:00", "vr": "06:00–00:00", "za": "07:00–00:00", "zo": "08:00–00:00"}, "latitude": 52.1117317, "longitude": 4.2994295, "bronId": "254741"}}, {"type": "Feature", "geometry": {"type": "Point", "coordinates": [4.3239859, 52.0670822]}, "properties": {"type": "inleverpunt", "locatieNaam": "Eurest FS", "straatNaam": "Johanna Westerdijkplein", "straatNr": "75", "postcode": "2521 EN", "plaats": "Den Haag", "merk": "StatiegeldNederland", "puntType": "automaat", "materialen": ["pet-groot", "pet-klein", "blik"], "uitbetaling": ["bonnetje"], "vrijToegankelijk": false, "gemeenteBeperking": null, "openingstijden": {"ma": "08:30–20:00", "di": "08:30–20:00", "wo": "08:30–20:00", "do": "08:30–20:00", "vr": "08:30–20:00", "za": "08:30–20:00", "zo": "11:00–18:00"}, "latitude": 52.0670822, "longitude": 4.3239859, "bronId": "254742"}}, {"type": "Feature", "geometry": {"type": "Point", "coordinates": [4.2370663, 52.0686133]}, "properties": {"type": "inleverpunt", "locatieNaam": "Evergreen Supermarkt", "straatNaam": "Arabislaan", "straatNr": "38-44", "postcode": "2555 DL", "plaats": "Den Haag", "merk": "StatiegeldNederland", "puntType": "balie", "materialen": ["pet-groot", "pet-klein", "blik"], "uitbetaling": [], "vrijToegankelijk": true, "gemeenteBeperking": null, "openingstijden": {"ma": "08:30–18:00", "di": "08:30–18:00", "wo": "08:30–18:00", "do": "08:30–18:00", "vr": "08:30–18:00", "za": "08:30–18:00", "zo": "10:00–16:00"}, "latitude": 52.0686133, "longitude": 4.2370663, "bronId": "254747"}}, {"type": "Feature", "geometry": {"type": "Point", "coordinates": [4.3481915, 52.0562619]}, "properties": {"type": "inleverpunt", "locatieNaam": "Familiepark Drievliet", "straatNaam": "Jan Thijssenweg", "straatNr": "16", "postcode": "2495 AH", "plaats": "Den Haag", "merk": "StatiegeldNederland", "puntType": "automaat", "materialen": ["pet-groot", "pet-klein", "blik"], "uitbetaling": ["bonnetje", "donatie", "tikkie"], "vrijToegankelijk": true, "gemeenteBeperking": null, "openingstijden": null, "latitude": 52.0562619, "longitude": 4.3481915, "bronId": "254753"}}, {"type": "Feature", "geometry": {"type": "Point", "coordinates": [4.2957737, 52.0160939]}, "properties": {"type": "inleverpunt", "locatieNaam": "Football Club Skillz", "straatNaam": "Guido de Moorstraat", "straatNr": "35", "postcode": "2548 ZS", "plaats": "Den Haag", "merk": "StatiegeldNederland", "puntType": "balie", "materialen": ["pet-groot", "pet-klein", "blik"], "uitbetaling": [], "vrijToegankelijk": false, "gemeenteBeperking": null, "openingstijden": null, "latitude": 52.0160939, "longitude": 4.2957737, "bronId": "254801"}}, {"type": "Feature", "geometry": {"type": "Point", "coordinates": [4.3548672, 52.0917834]}, "properties": {"type": "inleverpunt", "locatieNaam": "Francois Vatel vmbo - Den Haag", "straatNaam": "Granaathorst", "straatNr": "20", "postcode": "2592 TD", "plaats": "Den Haag", "merk": "StatiegeldNederland", "puntType": "automaat", "materialen": ["pet-klein", "blik"], "uitbetaling": ["donatie", "tikkie"], "vrijToegankelijk": false, "gemeenteBeperking": null, "openingstijden": {"ma": "08:00–20:00", "di": "08:00–20:00", "wo": "08:00–20:00", "do": "08:00–20:00", "vr": "08:00–20:00", "za": "08:00–20:00", "zo": "10:00–17:00"}, "latitude": 52.0917834, "longitude": 4.3548672, "bronId": "254807"}}, {"type": "Feature", "geometry": {"type": "Point", "coordinates": [4.3940041, 52.0575672]}, "properties": {"type": "inleverpunt", "locatieNaam": "Groenrijk de Wilskracht", "straatNaam": "Donau", "straatNr": "119", "postcode": "2491 BB", "plaats": "Den Haag", "merk": "StatiegeldNederland", "puntType": "automaat", "materialen": ["pet-groot", "pet-klein", "blik"], "uitbetaling": ["bonnetje"], "vrijToegankelijk": true, "gemeenteBeperking": null, "openingstijden": null, "latitude": 52.0575672, "longitude": 4.3940041, "bronId": "254890"}}, {"type": "Feature", "geometry": {"type": "Point", "coordinates": [4.3168805, 52.0888018]}, "properties": {"type": "inleverpunt", "locatieNaam": "Haags Montessori Lyceum", "straatNaam": "Nassau Bredastraat", "straatNr": "5", "postcode": "2596 AK", "plaats": "Den Haag", "merk": "StatiegeldNederland", "puntType": "automaat", "materialen": ["pet-klein", "blik"], "uitbetaling": ["donatie", "tikkie"], "vrijToegankelijk": false, "gemeenteBeperking": null, "openingstijden": null, "latitude": 52.0888018, "longitude": 4.3168805, "bronId": "254924"}}, {"type": "Feature", "geometry": {"type": "Point", "coordinates": [4.260196, 52.0693413]}, "properties": {"type": "inleverpunt", "locatieNaam": "Hkv Achilles", "straatNaam": "Pomonaplein", "straatNr": "71", "postcode": "2564 XT", "plaats": "Den Haag", "merk": "StatiegeldNederland", "puntType": "balie", "materialen": ["pet-groot", "pet-klein", "blik"], "uitbetaling": [], "vrijToegankelijk": false, "gemeenteBeperking": null, "openingstijden": {"ma": "Gesloten", "di": "Gesloten", "wo": "Gesloten", "do": "Gesloten", "vr": "Gesloten", "za": "24 uur geopend", "zo": "Gesloten"}, "latitude": 52.0693413, "longitude": 4.260196, "bronId": "254982"}}, {"type": "Feature", "geometry": {"type": "Point", "coordinates": [4.284905, 52.0449449]}, "properties": {"type": "inleverpunt", "locatieNaam": "Hkv/ons Eibernest", "straatNaam": "Steenwijklaan", "straatNr": "16", "postcode": "2541 RL", "plaats": "Den Haag", "merk": "StatiegeldNederland", "puntType": "balie", "materialen": ["pet-groot", "pet-klein", "blik"], "uitbetaling": [], "vrijToegankelijk": false, "gemeenteBeperking": null, "openingstijden": null, "latitude": 52.0449449, "longitude": 4.284905, "bronId": "254984"}}, {"type": "Feature", "geometry": {"type": "Point", "coordinates": [4.3288033, 52.10674]}, "properties": {"type": "inleverpunt", "locatieNaam": "Hltc De Aeonauten", "straatNaam": "Theo Mannbouwmeesterlaan", "straatNr": "201", "postcode": "2597 GV", "plaats": "Den Haag", "merk": "StatiegeldNederland", "puntType": "balie", "materialen": ["pet-groot", "pet-klein", "blik"], "uitbetaling": [], "vrijToegankelijk": false, "gemeenteBeperking": null, "openingstijden": {"ma": "09:00–23:00", "di": "09:00–23:00", "wo": "09:00–23:00", "do": "09:00–23:00", "vr": "09:00–23:00", "za": "09:00–19:00", "zo": "09:00–19:00"}, "latitude": 52.10674, "longitude": 4.3288033, "bronId": "254985"}}, {"type": "Feature", "geometry": {"type": "Point", "coordinates": [4.287837, 52.03957]}, "properties": {"type": "inleverpunt", "locatieNaam": "Hockeyclub Wateringseveld", "straatNaam": "Leyweg", "straatNr": "1630", "postcode": "2548 AE", "plaats": "Den Haag", "merk": "StatiegeldNederland", "puntType": "balie", "materialen": ["pet-groot", "pet-klein", "blik"], "uitbetaling": [], "vrijToegankelijk": false, "gemeenteBeperking": null, "openingstijden": {"ma": "16:00–22:00", "di": "16:00–22:00", "wo": "16:00–23:00", "do": "16:00–22:00", "vr": "16:00–22:00", "za": "09:00–18:00", "zo": "10:00–17:00"}, "latitude": 52.03957, "longitude": 4.287837, "bronId": "255002"}}, {"type": "Feature", "geometry": {"type": "Point", "coordinates": [4.2206086, 52.0633613]}, "properties": {"type": "inleverpunt", "locatieNaam": "Honk En Softbalvereniging Storks", "straatNaam": "Schapenatjesduin", "straatNr": "9", "postcode": "2554 BW", "plaats": "Den Haag", "merk": "StatiegeldNederland", "puntType": "balie", "materialen": ["pet-groot", "pet-klein", "blik"], "uitbetaling": [], "vrijToegankelijk": false, "gemeenteBeperking": null, "openingstijden": {"ma": "16:30–21:00", "di": "16:30–21:00", "wo": "16:30–21:00", "do": "16:30–21:00", "vr": "16:30–21:00", "za": "08:00–18:00", "zo": "08:00–18:00"}, "latitude": 52.0633613, "longitude": 4.2206086, "bronId": "255025"}}, {"type": "Feature", "geometry": {"type": "Point", "coordinates": [4.358842, 52.092486]}, "properties": {"type": "inleverpunt", "locatieNaam": "Hoogvliet", "straatNaam": "‘t Kleine Loo", "straatNr": "270", "postcode": "2592 CK", "plaats": "Den Haag", "merk": "StatiegeldNederland", "puntType": "automaat", "materialen": ["pet-groot", "pet-klein", "blik", "glas", "krat"], "uitbetaling": ["bonnetje", "donatie"], "vrijToegankelijk": true, "gemeenteBeperking": null, "openingstijden": {"ma": "08:00–21:00", "di": "08:00–21:00", "wo": "08:00–21:00", "do": "08:00–21:00", "vr": "08:00–21:00", "za": "08:00–21:00", "zo": "09:00–20:00"}, "latitude": 52.092486, "longitude": 4.358842, "bronId": "255031"}}, {"type": "Feature", "geometry": {"type": "Point", "coordinates": [4.2784428, 52.102789]}, "properties": {"type": "inleverpunt", "locatieNaam": "Hoogvliet", "straatNaam": "Badhuisstraat", "straatNr": "401", "postcode": "2584 HJ", "plaats": "Den Haag", "merk": "StatiegeldNederland", "puntType": "automaat", "materialen": ["pet-groot", "pet-klein", "blik", "glas", "krat"], "uitbetaling": ["bonnetje", "donatie"], "vrijToegankelijk": true, "gemeenteBeperking": null, "openingstijden": {"ma": "08:00–21:00", "di": "08:00–21:00", "wo": "08:00–21:00", "do": "08:00–21:00", "vr": "08:00–21:00", "za": "08:00–21:00", "zo": "09:00–21:00"}, "latitude": 52.102789, "longitude": 4.2784428, "bronId": "255035"}}, {"type": "Feature", "geometry": {"type": "Point", "coordinates": [4.2364867, 52.0481284]}, "properties": {"type": "inleverpunt", "locatieNaam": "Hoogvliet", "straatNaam": "Forellendaal", "straatNr": "318", "postcode": "2553 LM", "plaats": "Den Haag", "merk": "StatiegeldNederland", "puntType": "automaat", "materialen": ["pet-groot", "pet-klein", "blik", "glas", "krat"], "uitbetaling": ["bonnetje", "donatie"], "vrijToegankelijk": true, "gemeenteBeperking": null, "openingstijden": {"ma": "08:00–20:00", "di": "08:00–20:00", "wo": "08:00–20:00", "do": "08:00–21:00", "vr": "08:00–21:00", "za": "08:00–20:00", "zo": "09:00–20:00"}, "latitude": 52.0481284, "longitude": 4.2364867, "bronId": "255050"}}, {"type": "Feature", "geometry": {"type": "Point", "coordinates": [4.2776959, 52.0470793]}, "properties": {"type": "inleverpunt", "locatieNaam": "Hoogvliet", "straatNaam": "Leyweg", "straatNr": "709", "postcode": "2545 GM", "plaats": "Den Haag", "merk": "StatiegeldNederland", "puntType": "automaat", "materialen": ["pet-groot", "pet-klein", "blik", "glas", "krat"], "uitbetaling": ["bonnetje", "donatie"], "vrijToegankelijk": true, "gemeenteBeperking": null, "openingstijden": {"ma": "08:00–20:00", "di": "08:00–20:00", "wo": "08:00–20:00", "do": "08:00–20:00", "vr": "08:00–20:00", "za": "08:00–20:00", "zo": "10:00–19:00"}, "latitude": 52.0470793, "longitude": 4.2776959, "bronId": "255071"}}, {"type": "Feature", "geometry": {"type": "Point", "coordinates": [4.3694444, 52.0413889]}, "properties": {"type": "inleverpunt", "locatieNaam": "Hoogvliet", "straatNaam": "Oude Kustlijn", "straatNr": "82", "postcode": "2496 SE", "plaats": "Den Haag", "merk": "StatiegeldNederland", "puntType": "automaat", "materialen": ["pet-groot", "pet-klein", "blik", "glas", "krat"], "uitbetaling": ["bonnetje", "donatie"], "vrijToegankelijk": true, "gemeenteBeperking": null, "openingstijden": {"ma": "08:00–20:00", "di": "08:00–20:00", "wo": "08:00–20:00", "do": "08:00–20:00", "vr": "08:00–20:00", "za": "08:00–20:00", "zo": "10:00–19:00"}, "latitude": 52.0413889, "longitude": 4.3694444, "bronId": "255082"}}, {"type": "Feature", "geometry": {"type": "Point", "coordinates": [4.2576771, 52.0898282]}, "properties": {"type": "inleverpunt", "locatieNaam": "Hoogvliet", "straatNaam": "Tesselseplein", "straatNr": "37", "postcode": "2583 HR", "plaats": "Den Haag", "merk": "StatiegeldNederland", "puntType": "automaat", "materialen": ["pet-groot", "pet-klein", "blik", "glas", "krat"], "uitbetaling": ["bonnetje", "donatie"], "vrijToegankelijk": true, "gemeenteBeperking": null, "openingstijden": {"ma": "08:00–20:00", "di": "08:00–20:00", "wo": "08:00–20:00", "do": "08:00–20:00", "vr": "08:00–20:00", "za": "08:00–20:00", "zo": "10:00–20:00"}, "latitude": 52.0898282, "longitude": 4.2576771, "bronId": "255101"}}, {"type": "Feature", "geometry": {"type": "Point", "coordinates": [4.3380307, 52.0863144]}, "properties": {"type": "inleverpunt", "locatieNaam": "Hoogvliet", "straatNaam": "Theresiastraat", "straatNr": "145", "postcode": "2593 AG", "plaats": "´S-Gravenhage", "merk": "StatiegeldNederland", "puntType": "automaat", "materialen": ["pet-groot", "pet-klein", "blik", "glas", "krat"], "uitbetaling": ["bonnetje", "donatie"], "vrijToegankelijk": true, "gemeenteBeperking": null, "openingstijden": {"ma": "08:00–22:00", "di": "08:00–22:00", "wo": "08:00–22:00", "do": "08:00–22:00", "vr": "08:00–22:00", "za": "08:00–22:00", "zo": "09:00–21:00"}, "latitude": 52.0863144, "longitude": 4.3380307, "bronId": "255102"}}, {"type": "Feature", "geometry": {"type": "Point", "coordinates": [4.2840728, 52.1142168]}, "properties": {"type": "inleverpunt", "locatieNaam": "Idave B.v.", "straatNaam": "GEVERS DEYNOOTWEG", "straatNr": "980-8", "postcode": "2586 BW", "plaats": "S-gravenhage", "merk": "StatiegeldNederland", "puntType": "balie", "materialen": ["pet-groot", "pet-klein", "blik"], "uitbetaling": [], "vrijToegankelijk": true, "gemeenteBeperking": null, "openingstijden": {"ma": "09:00–22:00", "di": "09:00–22:00", "wo": "09:00–22:00", "do": "09:00–22:00", "vr": "09:00–22:00", "za": "09:00–22:00", "zo": "09:00–22:00"}, "latitude": 52.1142168, "longitude": 4.2840728, "bronId": "255158"}}, {"type": "Feature", "geometry": {"type": "Point", "coordinates": [4.2413915, 52.0388013]}, "properties": {"type": "inleverpunt", "locatieNaam": "Ijshockeyvereniging Hijs Hokij", "straatNaam": "Jaap Edenweg", "straatNr": "10", "postcode": "2544 NL", "plaats": "Den Haag", "merk": "StatiegeldNederland", "puntType": "balie", "materialen": ["pet-groot", "pet-klein", "blik"], "uitbetaling": [], "vrijToegankelijk": false, "gemeenteBeperking": null, "openingstijden": null, "latitude": 52.0388013, "longitude": 4.2413915, "bronId": "255160"}}, {"type": "Feature", "geometry": {"type": "Point", "coordinates": [4.3292964, 52.0838138]}, "properties": {"type": "inleverpunt", "locatieNaam": "Inholland Den Haag", "straatNaam": "Theresiastraat", "straatNr": "8", "postcode": "2593 AN", "plaats": "Den Haag", "merk": "StatiegeldNederland", "puntType": "automaat", "materialen": ["pet-klein", "blik"], "uitbetaling": ["donatie", "tikkie"], "vrijToegankelijk": true, "gemeenteBeperking": null, "openingstijden": null, "latitude": 52.0838138, "longitude": 4.3292964, "bronId": "255165"}}, {"type": "Feature", "geometry": {"type": "Point", "coordinates": [4.231047, 52.05962]}, "properties": {"type": "inleverpunt", "locatieNaam": "Jumbo", "straatNaam": "A. Diepenbrockhof", "straatNr": "6", "postcode": "2551 KE", "plaats": "Den Haag", "merk": "StatiegeldNederland", "puntType": "automaat", "materialen": ["pet-groot", "pet-klein", "blik", "glas", "krat"], "uitbetaling": ["bonnetje"], "vrijToegankelijk": true, "gemeenteBeperking": null, "openingstijden": {"ma": "08:00–20:00", "di": "08:00–20:00", "wo": "08:00–20:00", "do": "08:00–21:00", "vr": "08:00–21:00", "za": "08:00–20:00", "zo": "10:00–18:00"}, "latitude": 52.05962, "longitude": 4.231047, "bronId": "255201"}}, {"type": "Feature", "geometry": {"type": "Point", "coordinates": [4.259622, 52.076272]}, "properties": {"type": "inleverpunt", "locatieNaam": "Jumbo", "straatNaam": "Anemoonstraat", "straatNr": "4", "postcode": "2565 DD", "plaats": "Den Haag", "merk": "StatiegeldNederland", "puntType": "automaat", "materialen": ["pet-groot", "pet-klein", "blik", "glas", "krat"], "uitbetaling": ["bonnetje", "donatie"], "vrijToegankelijk": true, "gemeenteBeperking": null, "openingstijden": {"ma": "08:00–22:00", "di": "08:00–22:00", "wo": "08:00–22:00", "do": "08:00–22:00", "vr": "08:00–22:00", "za": "08:00–22:00", "zo": "08:00–22:00"}, "latitude": 52.076272, "longitude": 4.259622, "bronId": "255213"}}, {"type": "Feature", "geometry": {"type": "Point", "coordinates": [4.259757, 52.043748]}, "properties": {"type": "inleverpunt", "locatieNaam": "Jumbo", "straatNaam": "De Stede", "straatNr": "21", "postcode": "2543 BG", "plaats": "Den Haag", "merk": "StatiegeldNederland", "puntType": "automaat", "materialen": ["pet-groot", "pet-klein", "blik", "glas", "krat"], "uitbetaling": ["bonnetje", "donatie"], "vrijToegankelijk": true, "gemeenteBeperking": null, "openingstijden": {"ma": "08:00–22:00", "di": "08:00–22:00", "wo": "08:00–22:00", "do": "08:00–22:00", "vr": "08:00–22:00", "za": "08:00–22:00", "zo": "09:00–22:00"}, "latitude": 52.043748, "longitude": 4.259757, "bronId": "255305"}}, {"type": "Feature", "geometry": {"type": "Point", "coordinates": [4.310929, 52.076304]}, "properties": {"type": "inleverpunt", "locatieNaam": "Jumbo", "straatNaam": "Grote Marktstraat", "straatNr": "24-30", "postcode": "2511 BJ", "plaats": "Den Haag", "merk": "StatiegeldNederland", "puntType": "automaat", "materialen": ["pet-groot", "pet-klein", "blik", "glas", "krat"], "uitbetaling": ["bonnetje", "donatie"], "vrijToegankelijk": true, "gemeenteBeperking": null, "openingstijden": {"ma": "07:30–22:00", "di": "07:30–22:00", "wo": "07:30–22:00", "do": "07:30–22:00", "vr": "07:30–22:00", "za": "07:30–22:00", "zo": "10:00–22:00"}, "latitude": 52.076304, "longitude": 4.310929, "bronId": "255391"}}, {"type": "Feature", "geometry": {"type": "Point", "coordinates": [4.329947, 52.067176]}, "properties": {"type": "inleverpunt", "locatieNaam": "Jumbo", "straatNaam": "Laakweg", "straatNr": "126", "postcode": "2521 SC", "plaats": "Den Haag", "merk": "StatiegeldNederland", "puntType": "automaat", "materialen": ["pet-groot", "pet-klein", "blik", "glas", "krat"], "uitbetaling": ["bonnetje", "donatie"], "vrijToegankelijk": true, "gemeenteBeperking": null, "openingstijden": {"ma": "08:00–22:00", "di": "08:00–22:00", "wo": "08:00–22:00", "do": "08:00–22:00", "vr": "08:00–22:00", "za": "08:00–22:00", "zo": "08:00–22:00"}, "latitude": 52.067176, "longitude": 4.329947, "bronId": "255516"}}, {"type": "Feature", "geometry": {"type": "Point", "coordinates": [4.27502, 52.05038]}, "properties": {"type": "inleverpunt", "locatieNaam": "Jumbo", "straatNaam": "Leyweg 922k W.C.", "straatNr": "", "postcode": "2545 JT", "plaats": "Den Haag", "merk": "StatiegeldNederland", "puntType": "automaat", "materialen": ["pet-groot", "pet-klein", "blik", "glas", "krat"], "uitbetaling": ["bonnetje", "donatie"], "vrijToegankelijk": true, "gemeenteBeperking": null, "openingstijden": {"ma": "08:00–21:00", "di": "08:00–21:00", "wo": "08:00–21:00", "do": "08:00–21:00", "vr": "08:00–21:00", "za": "08:00–21:00", "zo": "10:00–20:00"}, "latitude": 52.05038, "longitude": 4.27502, "bronId": "255538"}}, {"type": "Feature", "geometry": {"type": "Point", "coordinates": [4.3692456, 52.041111]}, "properties": {"type": "inleverpunt", "locatieNaam": "Jumbo", "straatNaam": "Oude Kustlijn", "straatNr": "6", "postcode": "2496 SE", "plaats": "Den Haag", "merk": "StatiegeldNederland", "puntType": "automaat", "materialen": ["pet-groot", "pet-klein", "blik", "glas", "krat"], "uitbetaling": ["bonnetje"], "vrijToegankelijk": true, "gemeenteBeperking": null, "openingstijden": {"ma": "08:00–20:30", "di": "08:00–20:30", "wo": "08:00–20:30", "do": "08:00–20:30", "vr": "08:00–20:30", "za": "08:00–20:30", "zo": "09:30–19:00"}, "latitude": 52.041111, "longitude": 4.3692456, "bronId": "255646"}}, {"type": "Feature", "geometry": {"type": "Point", "coordinates": [4.321272, 52.070513]}, "properties": {"type": "inleverpunt", "locatieNaam": "Jumbo", "straatNaam": "Stationplein", "straatNr": "1", "postcode": "2515 BT", "plaats": "Den Haag", "merk": "StatiegeldNederland", "puntType": "automaat", "materialen": ["pet-groot", "pet-klein", "blik", "glas", "krat"], "uitbetaling": ["bonnetje", "donatie"], "vrijToegankelijk": true, "gemeenteBeperking": null, "openingstijden": {"ma": "07:00–23:00", "di": "07:00–23:00", "wo": "07:00–23:00", "do": "07:00–23:00", "vr": "07:00–23:00", "za": "08:00–23:00", "zo": "08:00–23:00"}, "latitude": 52.070513, "longitude": 4.321272, "bronId": "255769"}}, {"type": "Feature", "geometry": {"type": "Point", "coordinates": [4.2695297, 52.0971717]}, "properties": {"type": "inleverpunt", "locatieNaam": "Jumbo", "straatNaam": "Van Bergenstraat", "straatNr": "7", "postcode": "2583 CS", "plaats": "Den Haag", "merk": "StatiegeldNederland", "puntType": "automaat", "materialen": ["pet-groot", "pet-klein", "blik", "glas", "krat"], "uitbetaling": ["bonnetje"], "vrijToegankelijk": true, "gemeenteBeperking": null, "openingstijden": {"ma": "07:00–22:00", "di": "07:00–22:00", "wo": "07:00–22:00", "do": "07:00–22:00", "vr": "07:00–22:00", "za": "07:00–22:00", "zo": "08:00–21:00"}, "latitude": 52.0971717, "longitude": 4.2695297, "bronId": "255805"}}, {"type": "Feature", "geometry": {"type": "Point", "coordinates": [4.269073, 52.062237]}, "properties": {"type": "inleverpunt", "locatieNaam": "Jumbo", "straatNaam": "Volendamlaan", "straatNr": "670", "postcode": "2547 CK", "plaats": "Den Haag", "merk": "StatiegeldNederland", "puntType": "automaat", "materialen": ["pet-groot", "pet-klein", "blik", "glas", "krat"], "uitbetaling": ["bonnetje", "donatie"], "vrijToegankelijk": true, "gemeenteBeperking": null, "openingstijden": {"ma": "07:00–21:00", "di": "07:00–21:00", "wo": "07:00–21:00", "do": "07:00–21:00", "vr": "07:00–21:00", "za": "07:00–21:00", "zo": "08:00–20:00"}, "latitude": 52.062237, "longitude": 4.269073, "bronId": "255831"}}, {"type": "Feature", "geometry": {"type": "Point", "coordinates": [4.2799341, 52.0751105]}, "properties": {"type": "inleverpunt", "locatieNaam": "Jumbo", "straatNaam": "Weimarstraat", "straatNr": "180-184", "postcode": "2562 HP", "plaats": "Den Haag", "merk": "StatiegeldNederland", "puntType": "automaat", "materialen": ["pet-groot", "pet-klein", "blik", "glas", "krat"], "uitbetaling": ["bonnetje", "donatie"], "vrijToegankelijk": true, "gemeenteBeperking": null, "openingstijden": {"ma": "08:00–22:00", "di": "08:00–22:00", "wo": "08:00–22:00", "do": "08:00–22:00", "vr": "08:00–22:00", "za": "08:00–22:00", "zo": "08:00–22:00"}, "latitude": 52.0751105, "longitude": 4.2799341, "bronId": "255852"}}, {"type": "Feature", "geometry": {"type": "Point", "coordinates": [4.2544035, 52.0497054]}, "properties": {"type": "inleverpunt", "locatieNaam": "Klim En Boulderhal De Campus B.v", "straatNaam": "Kerketuinenweg", "straatNr": "55", "postcode": "2544 CV", "plaats": "Den Haag", "merk": "StatiegeldNederland", "puntType": "balie", "materialen": ["pet-groot", "pet-klein", "blik"], "uitbetaling": [], "vrijToegankelijk": false, "gemeenteBeperking": null, "openingstijden": {"ma": "12:00–23:30", "di": "12:00–23:30", "wo": "09:00–23:30", "do": "12:00–23:30", "vr": "09:00–23:30", "za": "09:00–23:00", "zo": "09:00–23:00"}, "latitude": 52.0497054, "longitude": 4.2544035, "bronId": "255908"}}, {"type": "Feature", "geometry": {"type": "Point", "coordinates": [4.23029, 52.05926]}, "properties": {"type": "inleverpunt", "locatieNaam": "Lidl", "straatNaam": "A. Diepenbrockhof", "straatNr": "48", "postcode": "2551 KH", "plaats": "Den Haag", "merk": "StatiegeldNederland", "puntType": "automaat", "materialen": ["pet-groot", "pet-klein", "blik", "glas", "krat"], "uitbetaling": ["bonnetje", "donatie"], "vrijToegankelijk": true, "gemeenteBeperking": null, "openingstijden": {"ma": "08:00–21:00", "di": "08:00–21:00", "wo": "08:00–21:00", "do": "08:00–21:00", "vr": "08:00–21:00", "za": "08:00–21:00", "zo": "10:00–20:00"}, "latitude": 52.05926, "longitude": 4.23029, "bronId": "256048"}}, {"type": "Feature", "geometry": {"type": "Point", "coordinates": [4.2754188, 52.0553791]}, "properties": {"type": "inleverpunt", "locatieNaam": "Lidl", "straatNaam": "Almeloplein", "straatNr": "73", "postcode": "2533 AD", "plaats": "Den Haag", "merk": "StatiegeldNederland", "puntType": "automaat", "materialen": ["pet-groot", "pet-klein", "blik", "glas", "krat"], "uitbetaling": ["bonnetje", "donatie"], "vrijToegankelijk": true, "gemeenteBeperking": null, "openingstijden": {"ma": "07:00–22:00", "di": "07:00–22:00", "wo": "07:00–22:00", "do": "07:00–22:00", "vr": "07:00–22:00", "za": "07:00–21:00", "zo": "10:00–21:00"}, "latitude": 52.0553791, "longitude": 4.2754188, "bronId": "256055"}}, {"type": "Feature", "geometry": {"type": "Point", "coordinates": [4.2594281, 52.0439752]}, "properties": {"type": "inleverpunt", "locatieNaam": "Lidl", "straatNaam": "De Stede", "straatNr": "23", "postcode": "2543 BK", "plaats": "Den Haag", "merk": "StatiegeldNederland", "puntType": "automaat", "materialen": ["pet-groot", "pet-klein", "blik", "glas", "krat"], "uitbetaling": ["bonnetje", "donatie"], "vrijToegankelijk": true, "gemeenteBeperking": null, "openingstijden": {"ma": "07:00–22:00", "di": "07:00–22:00", "wo": "07:00–22:00", "do": "07:00–22:00", "vr": "07:00–22:00", "za": "07:00–22:00", "zo": "10:00–21:00"}, "latitude": 52.0439752, "longitude": 4.2594281, "bronId": "256121"}}, {"type": "Feature", "geometry": {"type": "Point", "coordinates": [4.25001, 52.05444]}, "properties": {"type": "inleverpunt", "locatieNaam": "Lidl", "straatNaam": "Hildo Kroplaan", "straatNr": "145", "postcode": "2552 XR", "plaats": "Den Haag", "merk": "StatiegeldNederland", "puntType": "automaat", "materialen": ["pet-groot", "pet-klein", "blik", "glas", "krat"], "uitbetaling": ["bonnetje", "donatie"], "vrijToegankelijk": true, "gemeenteBeperking": null, "openingstijden": {"ma": "08:00–21:00", "di": "08:00–21:00", "wo": "08:00–21:00", "do": "08:00–21:00", "vr": "08:00–21:00", "za": "08:00–21:00", "zo": "10:00–19:00"}, "latitude": 52.05444, "longitude": 4.25001, "bronId": "256193"}}, {"type": "Feature", "geometry": {"type": "Point", "coordinates": [4.28726, 52.03131]}, "properties": {"type": "inleverpunt", "locatieNaam": "Lidl", "straatNaam": "Laan Van Wateringseveld", "straatNr": "484", "postcode": "2548 CL", "plaats": "Den Haag", "merk": "StatiegeldNederland", "puntType": "automaat", "materialen": ["pet-groot", "pet-klein", "blik", "glas", "krat"], "uitbetaling": ["bonnetje", "donatie"], "vrijToegankelijk": true, "gemeenteBeperking": null, "openingstijden": {"ma": "08:00–21:00", "di": "08:00–21:00", "wo": "08:00–21:00", "do": "08:00–21:00", "vr": "08:00–21:00", "za": "08:00–21:00", "zo": "10:00–20:00"}, "latitude": 52.03131, "longitude": 4.28726, "bronId": "256248"}}, {"type": "Feature", "geometry": {"type": "Point", "coordinates": [4.27785, 52.04627]}, "properties": {"type": "inleverpunt", "locatieNaam": "Lidl", "straatNaam": "Leyweg", "straatNr": "709R", "postcode": "2545 GM", "plaats": "Den Haag", "merk": "StatiegeldNederland", "puntType": "automaat", "materialen": ["pet-groot", "pet-klein", "blik", "glas", "krat"], "uitbetaling": ["bonnetje", "donatie"], "vrijToegankelijk": true, "gemeenteBeperking": null, "openingstijden": {"ma": "08:00–20:00", "di": "08:00–20:00", "wo": "08:00–20:00", "do": "08:00–20:00", "vr": "08:00–20:00", "za": "08:00–20:00", "zo": "10:00–19:00"}, "latitude": 52.04627, "longitude": 4.27785, "bronId": "256258"}}, {"type": "Feature", "geometry": {"type": "Point", "coordinates": [4.29676, 52.01956]}, "properties": {"type": "inleverpunt", "locatieNaam": "Lidl", "straatNaam": "Parijsplein", "straatNr": "3", "postcode": "2548 VL", "plaats": "Den Haag", "merk": "StatiegeldNederland", "puntType": "automaat", "materialen": ["pet-groot", "pet-klein", "blik", "glas", "krat"], "uitbetaling": ["bonnetje", "donatie"], "vrijToegankelijk": true, "gemeenteBeperking": null, "openingstijden": {"ma": "08:00–21:00", "di": "08:00–21:00", "wo": "08:00–21:00", "do": "08:00–21:00", "vr": "08:00–21:00", "za": "08:00–21:00", "zo": "10:00–19:00"}, "latitude": 52.01956, "longitude": 4.29676, "bronId": "256331"}}, {"type": "Feature", "geometry": {"type": "Point", "coordinates": [4.29983, 52.06235]}, "properties": {"type": "inleverpunt", "locatieNaam": "Lidl", "straatNaam": "Wesselstraat", "straatNr": "500", "postcode": "2572 WC", "plaats": "Den Haag", "merk": "StatiegeldNederland", "puntType": "automaat", "materialen": ["pet-groot", "pet-klein", "blik", "glas", "krat"], "uitbetaling": ["bonnetje", "donatie"], "vrijToegankelijk": true, "gemeenteBeperking": null, "openingstijden": {"ma": "07:00–22:00", "di": "07:00–22:00", "wo": "07:00–22:00", "do": "07:00–22:00", "vr": "07:00–22:00", "za": "07:00–22:00", "zo": "10:00–21:00"}, "latitude": 52.06235, "longitude": 4.29983, "bronId": "256454"}}, {"type": "Feature", "geometry": {"type": "Point", "coordinates": [4.2975317, 52.0990656]}, "properties": {"type": "inleverpunt", "locatieNaam": "Madurodam B.V.", "straatNaam": "George Maduroplein", "straatNr": "1", "postcode": "2584 RZ", "plaats": "Den Haag", "merk": "StatiegeldNederland", "puntType": "automaat", "materialen": ["pet-groot", "pet-klein", "blik"], "uitbetaling": ["bonnetje", "donatie", "tikkie"], "vrijToegankelijk": true, "gemeenteBeperking": null, "openingstijden": null, "latitude": 52.0990656, "longitude": 4.2975317, "bronId": "256523"}}, {"type": "Feature", "geometry": {"type": "Point", "coordinates": [4.3218964, 52.0920863]}, "properties": {"type": "inleverpunt", "locatieNaam": "Markies 6504 Maerlant Lyceum", "straatNaam": "Joh. Bilderstraat", "straatNr": "11", "postcode": "2596 ED", "plaats": "Den Haag", "merk": "StatiegeldNederland", "puntType": "balie", "materialen": ["pet-groot", "pet-klein", "blik"], "uitbetaling": [], "vrijToegankelijk": true, "gemeenteBeperking": null, "openingstijden": {"ma": "08:00–18:00", "di": "08:00–18:00", "wo": "08:00–18:00", "do": "08:00–18:00", "vr": "08:00–18:00", "za": "Gesloten", "zo": "Gesloten"}, "latitude": 52.0920863, "longitude": 4.3218964, "bronId": "256577"}}, {"type": "Feature", "geometry": {"type": "Point", "coordinates": [4.2205356, 52.0598316]}, "properties": {"type": "inleverpunt", "locatieNaam": "Markies 60115 Ish The Hague", "straatNaam": "Wijndaelerweg", "straatNr": "11", "postcode": "2554 BX", "plaats": "Den Haag", "merk": "StatiegeldNederland", "puntType": "balie", "materialen": ["pet-groot", "pet-klein", "blik"], "uitbetaling": [], "vrijToegankelijk": true, "gemeenteBeperking": null, "openingstijden": {"ma": "07:00–17:30", "di": "07:00–17:30", "wo": "07:00–17:30", "do": "07:00–17:30", "vr": "07:00–17:30", "za": "Gesloten", "zo": "Gesloten"}, "latitude": 52.0598316, "longitude": 4.2205356, "bronId": "256659"}}, {"type": "Feature", "geometry": {"type": "Point", "coordinates": [4.3345381, 52.084917]}, "properties": {"type": "inleverpunt", "locatieNaam": "Marqt", "straatNaam": "THERESIASTRAAT", "straatNr": "97-99", "postcode": "2593 AC", "plaats": "Den Haag", "merk": "StatiegeldNederland", "puntType": "balie", "materialen": ["pet-groot", "pet-klein", "blik"], "uitbetaling": [], "vrijToegankelijk": true, "gemeenteBeperking": null, "openingstijden": {"ma": "08:30–20:00", "di": "08:30–20:00", "wo": "08:30–20:00", "do": "08:30–20:00", "vr": "08:30–20:00", "za": "08:30–20:00", "zo": "10:00–18:00"}, "latitude": 52.084917, "longitude": 4.3345381, "bronId": "256687"}}, {"type": "Feature", "geometry": {"type": "Point", "coordinates": [4.3243123, 52.0820754]}, "properties": {"type": "inleverpunt", "locatieNaam": "NS Station DEN HAAG", "straatNaam": "Kon Julianaplein", "straatNr": "95", "postcode": "2264 BJ", "plaats": "Den Haag", "merk": "StatiegeldNederland", "puntType": "automaat", "materialen": ["pet-groot", "pet-klein", "blik"], "uitbetaling": ["bonnetje", "donatie", "tikkie"], "vrijToegankelijk": true, "gemeenteBeperking": null, "openingstijden": null, "latitude": 52.0820754, "longitude": 4.3243123, "bronId": "256937"}}, {"type": "Feature", "geometry": {"type": "Point", "coordinates": [4.2771191, 52.0878429]}, "properties": {"type": "inleverpunt", "locatieNaam": "Odin Den Haag Avdg", "straatNaam": "Aert van der Goesstraat", "straatNr": "35-37", "postcode": "2582 AJ", "plaats": "Den Haag", "merk": "StatiegeldNederland", "puntType": "balie", "materialen": ["pet-groot", "pet-klein", "blik"], "uitbetaling": [], "vrijToegankelijk": true, "gemeenteBeperking": null, "openingstijden": {"ma": "08:00–19:00", "di": "08:00–19:00", "wo": "08:00–19:00", "do": "08:00–19:00", "vr": "08:00–19:00", "za": "08:00–19:00", "zo": "11:00–18:00"}, "latitude": 52.0878429, "longitude": 4.2771191, "bronId": "256964"}}, {"type": "Feature", "geometry": {"type": "Point", "coordinates": [4.3044843, 52.0912052]}, "properties": {"type": "inleverpunt", "locatieNaam": "Odin Den Haag Bankastraat", "straatNaam": "Bankastraat", "straatNr": "16-18", "postcode": "2585 EN", "plaats": "Den Haag", "merk": "StatiegeldNederland", "puntType": "balie", "materialen": ["pet-groot", "pet-klein", "blik"], "uitbetaling": [], "vrijToegankelijk": true, "gemeenteBeperking": null, "openingstijden": {"ma": "08:30–19:00", "di": "08:30–19:00", "wo": "08:30–19:00", "do": "08:30–19:00", "vr": "08:30–19:00", "za": "08:30–18:00", "zo": "12:00–17:00"}, "latitude": 52.0912052, "longitude": 4.3044843, "bronId": "256965"}}, {"type": "Feature", "geometry": {"type": "Point", "coordinates": [4.2675755, 52.0802269]}, "properties": {"type": "inleverpunt", "locatieNaam": "Odin Den Haag Fahrenheitstraat", "straatNaam": "Fahrenheitstraat", "straatNr": "656", "postcode": "2561 DL", "plaats": "Den Haag", "merk": "StatiegeldNederland", "puntType": "balie", "materialen": ["pet-groot", "pet-klein", "blik"], "uitbetaling": [], "vrijToegankelijk": true, "gemeenteBeperking": null, "openingstijden": {"ma": "08:30–19:00", "di": "08:30–19:00", "wo": "08:30–19:00", "do": "08:30–19:00", "vr": "08:30–19:00", "za": "08:30–18:00", "zo": "11:00–17:00"}, "latitude": 52.0802269, "longitude": 4.2675755, "bronId": "256966"}}, {"type": "Feature", "geometry": {"type": "Point", "coordinates": [4.3143325, 52.0771566]}, "properties": {"type": "inleverpunt", "locatieNaam": "Oriental Den Haag B.v.", "straatNaam": "Grote Marktstraat", "straatNr": "113", "postcode": "2511 BJ", "plaats": "Den Haag", "merk": "StatiegeldNederland", "puntType": "balie", "materialen": ["pet-groot", "pet-klein", "blik"], "uitbetaling": [], "vrijToegankelijk": true, "gemeenteBeperking": null, "openingstijden": {"ma": "09:00–19:00", "di": "09:00–19:00", "wo": "09:00–19:00", "do": "09:00–20:00", "vr": "09:00–19:00", "za": "09:00–19:00", "zo": "11:00–18:00"}, "latitude": 52.0771566, "longitude": 4.3143325, "bronId": "257096"}}, {"type": "Feature", "geometry": {"type": "Point", "coordinates": [4.3062789, 52.0777354]}, "properties": {"type": "inleverpunt", "locatieNaam": "Oriental Denhaag Kerkplei", "straatNaam": "Kerkplein", "straatNr": "6", "postcode": "2513 AZ", "plaats": "Den Haag", "merk": "StatiegeldNederland", "puntType": "balie", "materialen": ["pet-groot", "pet-klein", "blik"], "uitbetaling": [], "vrijToegankelijk": true, "gemeenteBeperking": null, "openingstijden": {"ma": "10:00–19:00", "di": "10:00–19:00", "wo": "10:00–19:00", "do": "10:00–20:00", "vr": "10:00–19:00", "za": "10:00–19:00", "zo": "11:00–18:00"}, "latitude": 52.0777354, "longitude": 4.3062789, "bronId": "257097"}}, {"type": "Feature", "geometry": {"type": "Point", "coordinates": [4.3099837, 52.107012]}, "properties": {"type": "inleverpunt", "locatieNaam": "Padel Club Klein Zwitserland", "straatNaam": "Klatteweg", "straatNr": "125", "postcode": "2597 KA", "plaats": "Den Haag", "merk": "StatiegeldNederland", "puntType": "balie", "materialen": ["pet-groot", "pet-klein", "blik"], "uitbetaling": [], "vrijToegankelijk": false, "gemeenteBeperking": null, "openingstijden": {"ma": "08:30–23:00", "di": "08:30–23:00", "wo": "08:30–23:00", "do": "08:30–23:00", "vr": "08:30–23:00", "za": "08:30–23:00", "zo": "08:30–23:00"}, "latitude": 52.107012, "longitude": 4.3099837, "bronId": "257113"}}, {"type": "Feature", "geometry": {"type": "Point", "coordinates": [4.386851, 52.0563873]}, "properties": {"type": "inleverpunt", "locatieNaam": "Pathe Den Haag Ypenburg", "straatNaam": "Guldenlaan", "straatNr": "3", "postcode": "2496 ZZ", "plaats": "Den Haag", "merk": "StatiegeldNederland", "puntType": "automaat", "materialen": ["pet-groot", "pet-klein", "blik"], "uitbetaling": ["bonnetje", "donatie", "tikkie"], "vrijToegankelijk": false, "gemeenteBeperking": null, "openingstijden": null, "latitude": 52.0563873, "longitude": 4.386851, "bronId": "257136"}}, {"type": "Feature", "geometry": {"type": "Point", "coordinates": [4.2837352, 52.1124096]}, "properties": {"type": "inleverpunt", "locatieNaam": "Pathé Scheveningen", "straatNaam": "Kurhausweg", "straatNr": "2a", "postcode": "2587 RT", "plaats": "Den Haag", "merk": "StatiegeldNederland", "puntType": "automaat", "materialen": ["pet-groot", "pet-klein", "blik"], "uitbetaling": ["donatie", "tikkie"], "vrijToegankelijk": false, "gemeenteBeperking": null, "openingstijden": null, "latitude": 52.1124096, "longitude": 4.2837352, "bronId": "257145"}}, {"type": "Feature", "geometry": {"type": "Point", "coordinates": [4.3145299, 52.0768453]}, "properties": {"type": "inleverpunt", "locatieNaam": "Pathé Spuimarkt", "straatNaam": "Spui", "straatNr": "65", "postcode": "2511 BL", "plaats": "Den Haag", "merk": "StatiegeldNederland", "puntType": "automaat", "materialen": ["pet-groot", "pet-klein", "blik"], "uitbetaling": ["bonnetje", "donatie", "tikkie"], "vrijToegankelijk": false, "gemeenteBeperking": null, "openingstijden": null, "latitude": 52.0768453, "longitude": 4.3145299, "bronId": "257148"}}, {"type": "Feature", "geometry": {"type": "Point", "coordinates": [4.2212137, 52.0684652]}, "properties": {"type": "inleverpunt", "locatieNaam": "Plus", "straatNaam": "Deltaplein", "straatNr": "300", "postcode": "2554 GW", "plaats": "Den Haag", "merk": "StatiegeldNederland", "puntType": "automaat", "materialen": ["pet-groot", "pet-klein", "blik", "glas", "krat"], "uitbetaling": ["bonnetje"], "vrijToegankelijk": true, "gemeenteBeperking": null, "openingstijden": {"ma": "08:00–20:00", "di": "08:00–20:00", "wo": "08:00–20:00", "do": "08:00–21:00", "vr": "08:00–21:00", "za": "08:00–21:00", "zo": "09:00–20:00"}, "latitude": 52.0684652, "longitude": 4.2212137, "bronId": "257256"}}, {"type": "Feature", "geometry": {"type": "Point", "coordinates": [4.2706828, 52.0769595]}, "properties": {"type": "inleverpunt", "locatieNaam": "Plus", "straatNaam": "Fahrenheitstraat", "straatNr": "436", "postcode": "2561 DG", "plaats": "Den Haag", "merk": "StatiegeldNederland", "puntType": "automaat", "materialen": ["pet-groot", "pet-klein", "blik", "glas", "krat"], "uitbetaling": ["bonnetje"], "vrijToegankelijk": true, "gemeenteBeperking": null, "openingstijden": {"ma": "07:00–22:00", "di": "07:00–22:00", "wo": "07:00–22:00", "do": "07:00–22:00", "vr": "07:00–22:00", "za": "07:00–22:00", "zo": "08:00–21:00"}, "latitude": 52.0769595, "longitude": 4.2706828, "bronId": "257305"}}, {"type": "Feature", "geometry": {"type": "Point", "coordinates": [4.3047335, 52.0514322]}, "properties": {"type": "inleverpunt", "locatieNaam": "Plus", "straatNaam": "Heeswijkplein", "straatNr": "200", "postcode": "2531 HV", "plaats": "Den Haag", "merk": "StatiegeldNederland", "puntType": "automaat", "materialen": ["pet-groot", "pet-klein", "blik", "glas", "krat"], "uitbetaling": ["bonnetje"], "vrijToegankelijk": true, "gemeenteBeperking": null, "openingstijden": {"ma": "08:00–20:00", "di": "08:00–20:00", "wo": "08:00–20:00", "do": "08:00–20:00", "vr": "08:00–20:00", "za": "08:00–20:00", "zo": "10:00–18:00"}, "latitude": 52.0514322, "longitude": 4.3047335, "bronId": "257333"}}, {"type": "Feature", "geometry": {"type": "Point", "coordinates": [4.363057, 52.0966653]}, "properties": {"type": "inleverpunt", "locatieNaam": "Plus", "straatNaam": "Ursulaland", "straatNr": "70-84", "postcode": "2591 HA", "plaats": "Den Haag", "merk": "StatiegeldNederland", "puntType": "automaat", "materialen": ["pet-groot", "pet-klein", "blik", "glas", "krat"], "uitbetaling": ["bonnetje"], "vrijToegankelijk": true, "gemeenteBeperking": null, "openingstijden": {"ma": "08:00–20:00", "di": "08:00–20:00", "wo": "08:00–20:00", "do": "08:00–20:00", "vr": "08:00–20:00", "za": "08:00–20:00", "zo": "10:00–18:00"}, "latitude": 52.0966653, "longitude": 4.363057, "bronId": "257551"}}, {"type": "Feature", "geometry": {"type": "Point", "coordinates": [4.3124905, 52.0738023]}, "properties": {"type": "inleverpunt", "locatieNaam": "Reshare", "straatNaam": "Paviljoensgracht", "straatNr": "35", "postcode": "2512 BL", "plaats": "Den Haag", "merk": "StatiegeldNederland", "puntType": "automaat", "materialen": ["pet-groot", "pet-klein", "blik", "krat"], "uitbetaling": ["tikkie"], "vrijToegankelijk": true, "gemeenteBeperking": null, "openingstijden": {"ma": "12:00–18:00", "di": "10:00–18:00", "wo": "10:00–18:00", "do": "10:00–18:00", "vr": "10:00–18:00", "za": "10:00–17:00", "zo": "Gesloten"}, "latitude": 52.0738023, "longitude": 4.3124905, "bronId": "257782"}}, {"type": "Feature", "geometry": {"type": "Point", "coordinates": [4.4002544, 52.0636048]}, "properties": {"type": "inleverpunt", "locatieNaam": "ROC", "straatNaam": "Aspasialaan", "straatNr": "19", "postcode": "2493 WN", "plaats": "Den Haag", "merk": "StatiegeldNederland", "puntType": "automaat", "materialen": ["pet-klein", "blik"], "uitbetaling": ["donatie", "tikkie"], "vrijToegankelijk": true, "gemeenteBeperking": null, "openingstijden": {"ma": "09:00–18:00", "di": "09:00–18:00", "wo": "09:00–20:00", "do": "09:00–20:00", "vr": "09:00–20:00", "za": "09:00–18:00", "zo": "Gesloten"}, "latitude": 52.0636048, "longitude": 4.4002544, "bronId": "257835"}}, {"type": "Feature", "geometry": {"type": "Point", "coordinates": [4.3340112, 52.0863513]}, "properties": {"type": "inleverpunt", "locatieNaam": "ROC", "straatNaam": "Helenastraat 10, Den Haag", "straatNr": "", "postcode": "2595 HA", "plaats": "Den Haag", "merk": "StatiegeldNederland", "puntType": "automaat", "materialen": ["pet-klein", "blik"], "uitbetaling": ["donatie", "tikkie"], "vrijToegankelijk": true, "gemeenteBeperking": null, "openingstijden": {"ma": "09:00–18:00", "di": "09:00–18:00", "wo": "09:00–18:00", "do": "09:00–18:00", "vr": "09:00–20:00", "za": "09:00–17:00", "zo": "12:00–17:00"}, "latitude": 52.0863513, "longitude": 4.3340112, "bronId": "257850"}}, {"type": "Feature", "geometry": {"type": "Point", "coordinates": [4.3343642, 52.0858061]}, "properties": {"type": "inleverpunt", "locatieNaam": "ROC", "straatNaam": "Helenastraat 11, Den Haag", "straatNr": "", "postcode": "2595 HA", "plaats": "Den Haag", "merk": "StatiegeldNederland", "puntType": "automaat", "materialen": ["pet-klein", "blik"], "uitbetaling": ["donatie", "tikkie"], "vrijToegankelijk": true, "gemeenteBeperking": null, "openingstijden": null, "latitude": 52.0858061, "longitude": 4.3343642, "bronId": "257851"}}, {"type": "Feature", "geometry": {"type": "Point", "coordinates": [4.334701, 52.0863331]}, "properties": {"type": "inleverpunt", "locatieNaam": "ROC", "straatNaam": "Helenastraat 15, Den Haag", "straatNr": "", "postcode": "2595 HA", "plaats": "Den Haag", "merk": "StatiegeldNederland", "puntType": "automaat", "materialen": ["pet-klein", "blik"], "uitbetaling": ["donatie", "tikkie"], "vrijToegankelijk": true, "gemeenteBeperking": null, "openingstijden": null, "latitude": 52.0863331, "longitude": 4.334701, "bronId": "257852"}}, {"type": "Feature", "geometry": {"type": "Point", "coordinates": [4.3328524, 52.0851386]}, "properties": {"type": "inleverpunt", "locatieNaam": "ROC", "straatNaam": "Koningin Marialaan", "straatNr": "9", "postcode": "2595 GA", "plaats": "Den Haag", "merk": "StatiegeldNederland", "puntType": "automaat", "materialen": ["pet-klein", "blik"], "uitbetaling": ["donatie", "tikkie"], "vrijToegankelijk": true, "gemeenteBeperking": null, "openingstijden": null, "latitude": 52.0851386, "longitude": 4.3328524, "bronId": "257855"}}, {"type": "Feature", "geometry": {"type": "Point", "coordinates": [4.319719, 52.0675634]}, "properties": {"type": "inleverpunt", "locatieNaam": "ROC", "straatNaam": "Leeghwaterplein", "straatNr": "72", "postcode": "2521 DB", "plaats": "Den Haag", "merk": "StatiegeldNederland", "puntType": "automaat", "materialen": ["pet-klein", "blik"], "uitbetaling": ["donatie", "tikkie"], "vrijToegankelijk": true, "gemeenteBeperking": null, "openingstijden": {"ma": "08:00–16:00", "di": "08:00–16:00", "wo": "08:00–16:00", "do": "08:00–16:00", "vr": "08:00–16:00", "za": "Gesloten", "zo": "Gesloten"}, "latitude": 52.0675634, "longitude": 4.319719, "bronId": "257858"}}, {"type": "Feature", "geometry": {"type": "Point", "coordinates": [4.268881, 52.053072]}, "properties": {"type": "inleverpunt", "locatieNaam": "ROC", "straatNaam": "Meppelweg", "straatNr": "339", "postcode": "2544 AH", "plaats": "Den Haag", "merk": "StatiegeldNederland", "puntType": "automaat", "materialen": ["pet-klein", "blik"], "uitbetaling": ["donatie", "tikkie"], "vrijToegankelijk": true, "gemeenteBeperking": null, "openingstijden": null, "latitude": 52.053072, "longitude": 4.268881, "bronId": "257864"}}, {"type": "Feature", "geometry": {"type": "Point", "coordinates": [4.2495882, 52.0443636]}, "properties": {"type": "inleverpunt", "locatieNaam": "ROC", "straatNaam": "Tinwerf", "straatNr": "10", "postcode": "2544 ED", "plaats": "Den Haag", "merk": "StatiegeldNederland", "puntType": "automaat", "materialen": ["pet-klein", "blik"], "uitbetaling": ["donatie", "tikkie"], "vrijToegankelijk": true, "gemeenteBeperking": null, "openingstijden": {"ma": "09:00–18:00", "di": "09:00–18:00", "wo": "09:00–18:00", "do": "09:00–20:30", "vr": "09:00–18:00", "za": "09:00–17:00", "zo": "12:00–17:00"}, "latitude": 52.0443636, "longitude": 4.2495882, "bronId": "257870"}}, {"type": "Feature", "geometry": {"type": "Point", "coordinates": [4.2507085, 52.0440813]}, "properties": {"type": "inleverpunt", "locatieNaam": "ROC", "straatNaam": "Tinwerf", "straatNr": "24", "postcode": "2544 ED", "plaats": "Den Haag", "merk": "StatiegeldNederland", "puntType": "automaat", "materialen": ["pet-klein", "blik"], "uitbetaling": ["donatie", "tikkie"], "vrijToegankelijk": true, "gemeenteBeperking": null, "openingstijden": null, "latitude": 52.0440813, "longitude": 4.2507085, "bronId": "257871"}}, {"type": "Feature", "geometry": {"type": "Point", "coordinates": [4.3983663, 52.0675031]}, "properties": {"type": "inleverpunt", "locatieNaam": "ROC", "straatNaam": "Vaz Diasdreef", "straatNr": "5", "postcode": "2492 JV", "plaats": "Den Haag", "merk": "StatiegeldNederland", "puntType": "automaat", "materialen": ["pet-klein", "blik"], "uitbetaling": ["donatie", "tikkie"], "vrijToegankelijk": true, "gemeenteBeperking": null, "openingstijden": null, "latitude": 52.0675031, "longitude": 4.3983663, "bronId": "257872"}}, {"type": "Feature", "geometry": {"type": "Point", "coordinates": [4.3197557, 52.0675452]}, "properties": {"type": "inleverpunt", "locatieNaam": "ROC", "straatNaam": "Waldorpstraat", "straatNr": "41", "postcode": "2521 BC", "plaats": "Den Haag", "merk": "StatiegeldNederland", "puntType": "automaat", "materialen": ["pet-groot", "pet-klein", "blik"], "uitbetaling": ["bonnetje", "donatie", "tikkie"], "vrijToegankelijk": true, "gemeenteBeperking": null, "openingstijden": null, "latitude": 52.0675452, "longitude": 4.3197557, "bronId": "257876"}}, {"type": "Feature", "geometry": {"type": "Point", "coordinates": [4.2915896, 52.0513267]}, "properties": {"type": "inleverpunt", "locatieNaam": "Roemer Visscher College", "straatNaam": "Roemer Visscherstraat", "straatNr": "106", "postcode": "2533 VG", "plaats": "Den Haag", "merk": "StatiegeldNederland", "puntType": "automaat", "materialen": ["pet-klein", "blik"], "uitbetaling": ["donatie", "tikkie"], "vrijToegankelijk": true, "gemeenteBeperking": null, "openingstijden": null, "latitude": 52.0513267, "longitude": 4.2915896, "bronId": "257879"}}, {"type": "Feature", "geometry": {"type": "Point", "coordinates": [4.3994083, 52.0666951]}, "properties": {"type": "inleverpunt", "locatieNaam": "S Gravend. C. Den Haag", "straatNaam": "Klaas Voskuildreef", "straatNr": "135", "postcode": "2492 JJ", "plaats": "Den Haag", "merk": "StatiegeldNederland", "puntType": "automaat", "materialen": ["pet-klein", "blik"], "uitbetaling": ["donatie", "tikkie"], "vrijToegankelijk": false, "gemeenteBeperking": null, "openingstijden": {"ma": "24 uur geopend", "di": "24 uur geopend", "wo": "24 uur geopend", "do": "24 uur geopend", "vr": "24 uur geopend", "za": "24 uur geopend", "zo": "24 uur geopend"}, "latitude": 52.0666951, "longitude": 4.3994083, "bronId": "257905"}}, {"type": "Feature", "geometry": {"type": "Point", "coordinates": [4.3978303, 52.0671279]}, "properties": {"type": "inleverpunt", "locatieNaam": "S Gravend. C. op de hoek DH", "straatNaam": "Henri Faasdreef", "straatNr": "200", "postcode": "2492 JP", "plaats": "Den Haag", "merk": "StatiegeldNederland", "puntType": "automaat", "materialen": ["pet-klein", "blik"], "uitbetaling": ["donatie", "tikkie"], "vrijToegankelijk": false, "gemeenteBeperking": null, "openingstijden": {"ma": "09:00–17:00", "di": "09:00–17:00", "wo": "09:00–17:00", "do": "09:00–17:00", "vr": "09:00–17:00", "za": "Gesloten", "zo": "Gesloten"}, "latitude": 52.0671279, "longitude": 4.3978303, "bronId": "257939"}}, {"type": "Feature", "geometry": {"type": "Point", "coordinates": [4.2206986, 52.0519308]}, "properties": {"type": "inleverpunt", "locatieNaam": "Scouting De Rimboejagers", "straatNaam": "Monsterseweg", "straatNr": "8B", "postcode": "2553 RL", "plaats": "Den Haag", "merk": "StatiegeldNederland", "puntType": "balie", "materialen": ["pet-groot", "pet-klein", "blik"], "uitbetaling": [], "vrijToegankelijk": false, "gemeenteBeperking": null, "openingstijden": null, "latitude": 52.0519308, "longitude": 4.2206986, "bronId": "257987"}}, {"type": "Feature", "geometry": {"type": "Point", "coordinates": [4.2444418, 52.0681093]}, "properties": {"type": "inleverpunt", "locatieNaam": "Shell", "straatNaam": "De Savornin Lohmanplein", "straatNr": "5", "postcode": "2566 AA", "plaats": "Den Haag", "merk": "StatiegeldNederland", "puntType": "balie", "materialen": ["pet-groot", "pet-klein", "blik"], "uitbetaling": [], "vrijToegankelijk": true, "gemeenteBeperking": null, "openingstijden": {"ma": "24 uur geopend", "di": "24 uur geopend", "wo": "24 uur geopend", "do": "24 uur geopend", "vr": "24 uur geopend", "za": "24 uur geopend", "zo": "24 uur geopend"}, "latitude": 52.0681093, "longitude": 4.2444418, "bronId": "258051"}}, {"type": "Feature", "geometry": {"type": "Point", "coordinates": [4.256312, 52.032318]}, "properties": {"type": "inleverpunt", "locatieNaam": "Shell", "straatNaam": "Lozerlaan", "straatNr": "1555", "postcode": "2544 LT", "plaats": "Den Haag", "merk": "StatiegeldNederland", "puntType": "balie", "materialen": ["pet-groot", "pet-klein", "blik"], "uitbetaling": [], "vrijToegankelijk": true, "gemeenteBeperking": null, "openingstijden": {"ma": "24 uur geopend", "di": "24 uur geopend", "wo": "24 uur geopend", "do": "24 uur geopend", "vr": "24 uur geopend", "za": "24 uur geopend", "zo": "24 uur geopend"}, "latitude": 52.032318, "longitude": 4.256312, "bronId": "258116"}}, {"type": "Feature", "geometry": {"type": "Point", "coordinates": [4.286694, 52.0964477]}, "properties": {"type": "inleverpunt", "locatieNaam": "Shell", "straatNaam": "Professor B.M.Teldersweg", "straatNr": "4", "postcode": "2585 JZ", "plaats": "Den Haag", "merk": "StatiegeldNederland", "puntType": "balie", "materialen": ["pet-groot", "pet-klein", "blik"], "uitbetaling": [], "vrijToegankelijk": true, "gemeenteBeperking": null, "openingstijden": {"ma": "24 uur geopend", "di": "24 uur geopend", "wo": "24 uur geopend", "do": "24 uur geopend", "vr": "24 uur geopend", "za": "24 uur geopend", "zo": "24 uur geopend"}, "latitude": 52.0964477, "longitude": 4.286694, "bronId": "258146"}}, {"type": "Feature", "geometry": {"type": "Point", "coordinates": [4.272007, 52.085294]}, "properties": {"type": "inleverpunt", "locatieNaam": "Shell", "straatNaam": "Sportlaan", "straatNr": "1", "postcode": "2566 GK", "plaats": "Den Haag", "merk": "StatiegeldNederland", "puntType": "balie", "materialen": ["pet-groot", "pet-klein", "blik"], "uitbetaling": [], "vrijToegankelijk": true, "gemeenteBeperking": null, "openingstijden": {"ma": "07:00–19:00", "di": "07:00–19:00", "wo": "07:00–19:00", "do": "07:00–19:00", "vr": "07:00–19:00", "za": "09:00–20:00", "zo": "10:00–20:00"}, "latitude": 52.085294, "longitude": 4.272007, "bronId": "258227"}}, {"type": "Feature", "geometry": {"type": "Point", "coordinates": [4.321338, 52.093489]}, "properties": {"type": "inleverpunt", "locatieNaam": "Shell", "straatNaam": "Wassenaarseweg", "straatNr": "82", "postcode": "2596 CZ", "plaats": "Den Haag", "merk": "StatiegeldNederland", "puntType": "balie", "materialen": ["pet-groot", "pet-klein", "blik"], "uitbetaling": [], "vrijToegankelijk": true, "gemeenteBeperking": null, "openingstijden": {"ma": "24 uur geopend", "di": "24 uur geopend", "wo": "24 uur geopend", "do": "24 uur geopend", "vr": "24 uur geopend", "za": "24 uur geopend", "zo": "24 uur geopend"}, "latitude": 52.093489, "longitude": 4.321338, "bronId": "258246"}}, {"type": "Feature", "geometry": {"type": "Point", "coordinates": [4.2759237, 52.0458313]}, "properties": {"type": "inleverpunt", "locatieNaam": "Sos Kwieksport", "straatNaam": "Vreeswijkstraat", "straatNr": "394", "postcode": "2546 CJ", "plaats": "Den Haag", "merk": "StatiegeldNederland", "puntType": "balie", "materialen": ["pet-groot", "pet-klein", "blik"], "uitbetaling": [], "vrijToegankelijk": false, "gemeenteBeperking": null, "openingstijden": null, "latitude": 52.0458313, "longitude": 4.2759237, "bronId": "258289"}}, {"type": "Feature", "geometry": {"type": "Point", "coordinates": [4.321513, 52.0816694]}, "properties": {"type": "inleverpunt", "locatieNaam": "Spar", "straatNaam": "BEZUIDENHOUTSEWEG", "straatNr": "33", "postcode": "2594 AC", "plaats": "Den Haag", "merk": "StatiegeldNederland", "puntType": "balie", "materialen": ["pet-groot", "pet-klein", "blik"], "uitbetaling": [], "vrijToegankelijk": true, "gemeenteBeperking": null, "openingstijden": {"ma": "07:00–21:00", "di": "07:00–21:00", "wo": "07:00–21:00", "do": "07:00–21:00", "vr": "07:00–21:00", "za": "09:00–21:00", "zo": "10:00–21:00"}, "latitude": 52.0816694, "longitude": 4.321513, "bronId": "258303"}}, {"type": "Feature", "geometry": {"type": "Point", "coordinates": [4.2937948, 52.0652956]}, "properties": {"type": "inleverpunt", "locatieNaam": "Spar", "straatNaam": "KEMPSTRAAT", "straatNr": "122", "postcode": "2572 GK", "plaats": "Den Haag", "merk": "StatiegeldNederland", "puntType": "balie", "materialen": ["pet-groot", "pet-klein", "blik"], "uitbetaling": [], "vrijToegankelijk": true, "gemeenteBeperking": null, "openingstijden": {"ma": "07:00–22:00", "di": "07:00–22:00", "wo": "07:00–22:00", "do": "07:00–22:00", "vr": "07:00–22:00", "za": "08:00–22:00", "zo": "10:00–20:00"}, "latitude": 52.0652956, "longitude": 4.2937948, "bronId": "258390"}}, {"type": "Feature", "geometry": {"type": "Point", "coordinates": [4.32604, 52.0578642]}, "properties": {"type": "inleverpunt", "locatieNaam": "Spar", "straatNaam": "LINNAEUSSTRAAT", "straatNr": "175", "postcode": "2522 GK", "plaats": "Den Haag", "merk": "StatiegeldNederland", "puntType": "balie", "materialen": ["pet-groot", "pet-klein", "blik"], "uitbetaling": [], "vrijToegankelijk": true, "gemeenteBeperking": null, "openingstijden": {"ma": "07:00–21:00", "di": "07:00–21:00", "wo": "07:00–21:00", "do": "07:00–21:00", "vr": "07:00–21:00", "za": "09:00–21:00", "zo": "10:00–21:00"}, "latitude": 52.0578642, "longitude": 4.32604, "bronId": "258411"}}, {"type": "Feature", "geometry": {"type": "Point", "coordinates": [4.342797, 52.084817]}, "properties": {"type": "inleverpunt", "locatieNaam": "Spar", "straatNaam": "Stuyvesantplein", "straatNr": "59", "postcode": "2593 EM", "plaats": "Den Haag", "merk": "StatiegeldNederland", "puntType": "automaat", "materialen": ["pet-groot", "pet-klein", "blik", "glas"], "uitbetaling": ["bonnetje", "donatie"], "vrijToegankelijk": true, "gemeenteBeperking": null, "openingstijden": {"ma": "07:00–21:00", "di": "07:00–21:00", "wo": "07:00–21:00", "do": "07:00–21:00", "vr": "07:00–21:00", "za": "08:00–21:00", "zo": "10:00–21:00"}, "latitude": 52.084817, "longitude": 4.342797, "bronId": "258472"}}, {"type": "Feature", "geometry": {"type": "Point", "coordinates": [4.3171689, 52.079783]}, "properties": {"type": "inleverpunt", "locatieNaam": "Spar City", "straatNaam": "KORTE POTEN", "straatNr": "9", "postcode": "2511 EB", "plaats": "Den Haag", "merk": "StatiegeldNederland", "puntType": "balie", "materialen": ["pet-groot", "pet-klein", "blik"], "uitbetaling": [], "vrijToegankelijk": true, "gemeenteBeperking": null, "openingstijden": {"ma": "07:00–22:00", "di": "07:00–22:00", "wo": "07:00–22:00", "do": "07:00–22:00", "vr": "07:00–22:00", "za": "08:00–22:00", "zo": "10:00–20:00"}, "latitude": 52.079783, "longitude": 4.3171689, "bronId": "258513"}}, {"type": "Feature", "geometry": {"type": "Point", "coordinates": [4.3059363, 52.0820026]}, "properties": {"type": "inleverpunt", "locatieNaam": "Spar City", "straatNaam": "NOORDEINDE", "straatNr": "128", "postcode": "2514 GN", "plaats": "Den Haag", "merk": "StatiegeldNederland", "puntType": "balie", "materialen": ["pet-groot", "pet-klein", "blik"], "uitbetaling": [], "vrijToegankelijk": true, "gemeenteBeperking": null, "openingstijden": null, "latitude": 52.0820026, "longitude": 4.3059363, "bronId": "258514"}}, {"type": "Feature", "geometry": {"type": "Point", "coordinates": [4.3626437, 52.0280279]}, "properties": {"type": "inleverpunt", "locatieNaam": "Spar Express", "straatNaam": "BRASSERSKADE", "straatNr": "225", "postcode": "2497 NX", "plaats": "Den Haag", "merk": "StatiegeldNederland", "puntType": "balie", "materialen": ["pet-groot", "pet-klein", "blik"], "uitbetaling": [], "vrijToegankelijk": true, "gemeenteBeperking": null, "openingstijden": {"ma": "06:00–21:00", "di": "06:00–21:00", "wo": "06:00–21:00", "do": "06:00–21:00", "vr": "06:00–21:00", "za": "06:00–21:00", "zo": "08:00–21:00"}, "latitude": 52.0280279, "longitude": 4.3626437, "bronId": "258537"}}, {"type": "Feature", "geometry": {"type": "Point", "coordinates": [4.2899577, 52.0277894]}, "properties": {"type": "inleverpunt", "locatieNaam": "Spar Express", "straatNaam": "OOSTEINDE", "straatNr": "70B", "postcode": "2548 AM", "plaats": "Wateringen", "merk": "StatiegeldNederland", "puntType": "balie", "materialen": ["pet-groot", "pet-klein", "blik"], "uitbetaling": [], "vrijToegankelijk": true, "gemeenteBeperking": null, "openingstijden": {"ma": "06:00–21:00", "di": "06:00–21:00", "wo": "06:00–21:00", "do": "06:00–21:00", "vr": "06:00–21:00", "za": "07:00–21:00", "zo": "08:00–21:00"}, "latitude": 52.0277894, "longitude": 4.2899577, "bronId": "258554"}}, {"type": "Feature", "geometry": {"type": "Point", "coordinates": [4.2960407, 52.0799432]}, "properties": {"type": "inleverpunt", "locatieNaam": "Statiegeld Retourshop", "straatNaam": "Elandstraat", "straatNr": "160", "postcode": "2513 GW", "plaats": "Den Haag", "merk": "StatiegeldNederland", "puntType": "automaat", "materialen": ["pet-groot", "pet-klein", "blik", "krat"], "uitbetaling": ["bonnetje", "donatie", "tikkie", "contant"], "vrijToegankelijk": true, "gemeenteBeperking": null, "openingstijden": {"ma": "07:00–20:00", "di": "07:00–20:00", "wo": "07:00–20:00", "do": "07:00–20:00", "vr": "07:00–20:00", "za": "07:00–20:00", "zo": "07:00–20:00"}, "latitude": 52.0799432, "longitude": 4.2960407, "bronId": "258686"}}, {"type": "Feature", "geometry": {"type": "Point", "coordinates": [4.2775684, 52.0478675]}, "properties": {"type": "inleverpunt", "locatieNaam": "Statiegeld Retourshop", "straatNaam": "Leyweg", "straatNr": "940", "postcode": "2545 GV", "plaats": "Den Haag", "merk": "StatiegeldNederland", "puntType": "automaat", "materialen": ["pet-groot", "pet-klein", "blik", "krat"], "uitbetaling": ["donatie", "tikkie", "droppie", "retourpinnen", "contant"], "vrijToegankelijk": true, "gemeenteBeperking": null, "openingstijden": {"ma": "10:00–20:00", "di": "10:00–20:00", "wo": "10:00–20:00", "do": "10:00–20:00", "vr": "10:00–20:00", "za": "10:00–20:00", "zo": "11:30–19:00"}, "latitude": 52.0478675, "longitude": 4.2775684, "bronId": "258707"}}, {"type": "Feature", "geometry": {"type": "Point", "coordinates": [4.2680677, 52.0858198]}, "properties": {"type": "inleverpunt", "locatieNaam": "Sticht. Beheer Tennispark Houtrust", "straatNaam": "Laan van Poot", "straatNr": "38", "postcode": "2566 EC", "plaats": "Den Haag", "merk": "StatiegeldNederland", "puntType": "balie", "materialen": ["pet-groot", "pet-klein", "blik"], "uitbetaling": [], "vrijToegankelijk": false, "gemeenteBeperking": null, "openingstijden": {"ma": "09:00–23:00", "di": "09:00–23:00", "wo": "09:00–23:00", "do": "09:00–23:00", "vr": "09:00–23:00", "za": "09:00–19:00", "zo": "09:00–19:00"}, "latitude": 52.0858198, "longitude": 4.2680677, "bronId": "258708"}}, {"type": "Feature", "geometry": {"type": "Point", "coordinates": [4.2977676, 52.0609746]}, "properties": {"type": "inleverpunt", "locatieNaam": "Supermarkt Lazo", "straatNaam": "Kaapseplein", "straatNr": "75", "postcode": "2575 NG", "plaats": "Den Haag", "merk": "StatiegeldNederland", "puntType": "balie", "materialen": ["pet-groot", "pet-klein", "blik"], "uitbetaling": [], "vrijToegankelijk": true, "gemeenteBeperking": null, "openingstijden": {"ma": "10:00–22:00", "di": "10:00–22:00", "wo": "10:00–22:00", "do": "10:00–22:00", "vr": "10:00–00:00", "za": "10:00–00:00", "zo": "10:00–22:00"}, "latitude": 52.0609746, "longitude": 4.2977676, "bronId": "258776"}}, {"type": "Feature", "geometry": {"type": "Point", "coordinates": [4.255162, 52.074274]}, "properties": {"type": "inleverpunt", "locatieNaam": "Sv Dunas", "straatNaam": "Zonnebloemstraat", "straatNr": "159C", "postcode": "2565 RT", "plaats": "Den Haag", "merk": "StatiegeldNederland", "puntType": "balie", "materialen": ["pet-groot", "pet-klein", "blik"], "uitbetaling": [], "vrijToegankelijk": false, "gemeenteBeperking": null, "openingstijden": null, "latitude": 52.074274, "longitude": 4.255162, "bronId": "258811"}}, {"type": "Feature", "geometry": {"type": "Point", "coordinates": [4.4050128, 52.0544971]}, "properties": {"type": "inleverpunt", "locatieNaam": "Sv Leidschenveen", "straatNaam": "Poelpolderstraat", "straatNr": "25", "postcode": "2493 VE", "plaats": "Den Haag", "merk": "StatiegeldNederland", "puntType": "balie", "materialen": ["pet-groot", "pet-klein", "blik"], "uitbetaling": [], "vrijToegankelijk": false, "gemeenteBeperking": null, "openingstijden": {"ma": "24 uur geopend", "di": "24 uur geopend", "wo": "24 uur geopend", "do": "24 uur geopend", "vr": "24 uur geopend", "za": "24 uur geopend", "zo": "24 uur geopend"}, "latitude": 52.0544971, "longitude": 4.4050128, "bronId": "258822"}}, {"type": "Feature", "geometry": {"type": "Point", "coordinates": [4.2675246, 52.0855443]}, "properties": {"type": "inleverpunt", "locatieNaam": "Svvscheveningen", "straatNaam": "Laan van poot", "straatNr": "38c", "postcode": "2566 EC", "plaats": "Den Haag", "merk": "StatiegeldNederland", "puntType": "balie", "materialen": ["pet-groot", "pet-klein", "blik"], "uitbetaling": [], "vrijToegankelijk": false, "gemeenteBeperking": null, "openingstijden": {"ma": "09:00–18:00", "di": "09:00–18:00", "wo": "09:00–18:00", "do": "09:00–18:00", "vr": "09:00–18:00", "za": "09:00–18:00", "zo": "Gesloten"}, "latitude": 52.0855443, "longitude": 4.2675246, "bronId": "258854"}}, {"type": "Feature", "geometry": {"type": "Point", "coordinates": [4.2981426, 52.0971421]}, "properties": {"type": "inleverpunt", "locatieNaam": "Tennis Pub De Bataaf", "straatNaam": "Verhuellweg", "straatNr": "2", "postcode": "2585 JC", "plaats": "Den Haag", "merk": "StatiegeldNederland", "puntType": "balie", "materialen": ["pet-groot", "pet-klein", "blik"], "uitbetaling": [], "vrijToegankelijk": false, "gemeenteBeperking": null, "openingstijden": {"ma": "08:30–23:00", "di": "08:30–23:00", "wo": "08:30–23:00", "do": "08:30–23:00", "vr": "08:30–23:00", "za": "08:30–19:00", "zo": "08:30–19:00"}, "latitude": 52.0971421, "longitude": 4.2981426, "bronId": "258907"}}, {"type": "Feature", "geometry": {"type": "Point", "coordinates": [4.3204234, 52.0782763]}, "properties": {"type": "inleverpunt", "locatieNaam": "Universiteit Leiden Turfmarkt DH", "straatNaam": "Turfmarkt", "straatNr": "99", "postcode": "2511 DP", "plaats": "Den Haag", "merk": "StatiegeldNederland", "puntType": "automaat", "materialen": ["pet-groot", "pet-klein", "blik"], "uitbetaling": ["bonnetje", "donatie", "tikkie"], "vrijToegankelijk": true, "gemeenteBeperking": null, "openingstijden": null, "latitude": 52.0782763, "longitude": 4.3204234, "bronId": "259091"}}, {"type": "Feature", "geometry": {"type": "Point", "coordinates": [4.2115634, 52.0564262]}, "properties": {"type": "inleverpunt", "locatieNaam": "Vakantiepark Kijkduin", "straatNaam": "Machiel Vrijenhoeklaan", "straatNr": "450", "postcode": "2555 NW", "plaats": "Den Haag", "merk": "StatiegeldNederland", "puntType": "automaat", "materialen": ["pet-groot", "pet-klein", "blik"], "uitbetaling": ["bonnetje", "donatie"], "vrijToegankelijk": true, "gemeenteBeperking": null, "openingstijden": null, "latitude": 52.0564262, "longitude": 4.2115634, "bronId": "259155"}}, {"type": "Feature", "geometry": {"type": "Point", "coordinates": [4.2957708, 52.0693419]}, "properties": {"type": "inleverpunt", "locatieNaam": "ViaTim", "straatNaam": "Delftselaan", "straatNr": "123", "postcode": "2512 RC", "plaats": "S-gravenhage", "merk": "StatiegeldNederland", "puntType": "balie", "materialen": ["pet-groot", "pet-klein", "blik"], "uitbetaling": ["tikkie"], "vrijToegankelijk": true, "gemeenteBeperking": null, "openingstijden": null, "latitude": 52.0693419, "longitude": 4.2957708, "bronId": "259263"}}, {"type": "Feature", "geometry": {"type": "Point", "coordinates": [4.2865475, 52.0707006]}, "properties": {"type": "inleverpunt", "locatieNaam": "ViaTim", "straatNaam": "Joubertstraat", "straatNr": "179", "postcode": "2571 XS", "plaats": "Den Haag", "merk": "StatiegeldNederland", "puntType": "balie", "materialen": ["pet-groot", "pet-klein", "blik"], "uitbetaling": ["tikkie"], "vrijToegankelijk": true, "gemeenteBeperking": null, "openingstijden": null, "latitude": 52.0707006, "longitude": 4.2865475, "bronId": "259358"}}, {"type": "Feature", "geometry": {"type": "Point", "coordinates": [4.3034284, 52.0560847]}, "properties": {"type": "inleverpunt", "locatieNaam": "ViaTim", "straatNaam": "Troelstrakade", "straatNr": "597", "postcode": "2531 AP", "plaats": "Den Haag", "merk": "StatiegeldNederland", "puntType": "balie", "materialen": ["pet-groot", "pet-klein", "blik"], "uitbetaling": ["tikkie"], "vrijToegankelijk": true, "gemeenteBeperking": null, "openingstijden": null, "latitude": 52.0560847, "longitude": 4.3034284, "bronId": "259498"}}, {"type": "Feature", "geometry": {"type": "Point", "coordinates": [4.3242403, 52.1043622]}, "properties": {"type": "inleverpunt", "locatieNaam": "ViaTim Duinzicht", "straatNaam": "Willem Royaardsplein", "straatNr": "11", "postcode": "2597 GV", "plaats": "Den Haag", "merk": "StatiegeldNederland", "puntType": "automaat", "materialen": ["pet-groot", "pet-klein", "blik", "krat"], "uitbetaling": ["bonnetje", "donatie", "tikkie", "contant"], "vrijToegankelijk": true, "gemeenteBeperking": null, "openingstijden": null, "latitude": 52.1043622, "longitude": 4.3242403, "bronId": "259546"}}, {"type": "Feature", "geometry": {"type": "Point", "coordinates": [4.2174212, 52.0576835]}, "properties": {"type": "inleverpunt", "locatieNaam": "Vv Pgs Vogel", "straatNaam": "Wijndaelerweg", "straatNr": "9", "postcode": "2554 BZ", "plaats": "Den Haag", "merk": "StatiegeldNederland", "puntType": "balie", "materialen": ["pet-groot", "pet-klein", "blik"], "uitbetaling": [], "vrijToegankelijk": false, "gemeenteBeperking": null, "openingstijden": {"ma": "09:00–16:30", "di": "09:00–16:30", "wo": "09:00–16:30", "do": "09:00–16:30", "vr": "09:00–16:30", "za": "Gesloten", "zo": "Gesloten"}, "latitude": 52.0576835, "longitude": 4.2174212, "bronId": "259804"}}, {"type": "Feature", "geometry": {"type": "Point", "coordinates": [4.3716785, 52.0665428]}, "properties": {"type": "inleverpunt", "locatieNaam": "Vv Wilhelmus", "straatNaam": "Groene Zoom", "straatNr": "2", "postcode": "2491 EH", "plaats": "Den Haag", "merk": "StatiegeldNederland", "puntType": "balie", "materialen": ["pet-groot", "pet-klein", "blik"], "uitbetaling": [], "vrijToegankelijk": false, "gemeenteBeperking": null, "openingstijden": {"ma": "09:00–18:00", "di": "09:00–18:00", "wo": "09:00–18:00", "do": "09:00–18:00", "vr": "09:00–18:00", "za": "Gesloten", "zo": "Gesloten"}, "latitude": 52.0665428, "longitude": 4.3716785, "bronId": "259823"}}, {"type": "Feature", "geometry": {"type": "Point", "coordinates": [4.3487466, 52.0660877]}, "properties": {"type": "inleverpunt", "locatieNaam": "Watersportv. De Vlietstreek", "straatNaam": "Melkwegstraat", "straatNr": "69", "postcode": "2516 AJ", "plaats": "Den Haag", "merk": "StatiegeldNederland", "puntType": "balie", "materialen": ["pet-groot", "pet-klein", "blik"], "uitbetaling": [], "vrijToegankelijk": false, "gemeenteBeperking": null, "openingstijden": {"ma": "08:00–21:00", "di": "08:00–21:00", "wo": "08:00–21:00", "do": "08:00–21:00", "vr": "08:00–21:00", "za": "08:00–21:00", "zo": "08:00–21:00"}, "latitude": 52.0660877, "longitude": 4.3487466, "bronId": "259855"}}, {"type": "Feature", "geometry": {"type": "Point", "coordinates": [4.402213, 52.074739]}, "properties": {"type": "inleverpunt", "locatieNaam": "Kiwi Electronics", "straatNaam": "Oude Middenweg", "straatNr": "227", "postcode": "2491 AG", "plaats": "'s-Gravenhage", "merk": "StichtingOPEN", "puntType": "balie", "materialen": ["batterijen", "elektro-klein"], "uitbetaling": [], "vrijToegankelijk": false, "gemeenteBeperking": null, "openingstijden": null, "latitude": 52.074739, "longitude": 4.402213, "bronId": "SP00032851"}}, {"type": "Feature", "geometry": {"type": "Point", "coordinates": [4.4023858, 52.0649522]}, "properties": {"type": "inleverpunt", "locatieNaam": "Dirk 's-Gravenhage", "straatNaam": "Simon Carmiggelthof", "straatNr": "258", "postcode": "2492 JN", "plaats": "'s-Gravenhage", "merk": "StichtingOPEN", "puntType": "balie", "materialen": ["batterijen", "lampen"], "uitbetaling": [], "vrijToegankelijk": false, "gemeenteBeperking": null, "openingstijden": null, "latitude": 52.0649522, "longitude": 4.4023858, "bronId": "SP00023440"}}, {"type": "Feature", "geometry": {"type": "Point", "coordinates": [4.4020184, 52.0647165]}, "properties": {"type": "inleverpunt", "locatieNaam": "1332 Albert Heijn 's-Gravenhage", "straatNaam": "Simon Carmiggelthof", "straatNr": "55", "postcode": "2492 JR", "plaats": "'s-Gravenhage", "merk": "StichtingOPEN", "puntType": "balie", "materialen": ["batterijen", "elektro-klein", "lampen"], "uitbetaling": [], "vrijToegankelijk": false, "gemeenteBeperking": null, "openingstijden": null, "latitude": 52.0647165, "longitude": 4.4020184, "bronId": "SP00022841"}}, {"type": "Feature", "geometry": {"type": "Point", "coordinates": [4.400659, 52.073773]}, "properties": {"type": "inleverpunt", "locatieNaam": "GAMMA Den Haag-Leidschenveen", "straatNaam": "Oude Middenweg", "straatNr": "185", "postcode": "2491 AE", "plaats": "'s-Gravenhage", "merk": "StichtingOPEN", "puntType": "balie", "materialen": ["batterijen", "elektro-klein", "elektro-middel", "lampen", "tl-buizen"], "uitbetaling": [], "vrijToegankelijk": false, "gemeenteBeperking": null, "openingstijden": null, "latitude": 52.073773, "longitude": 4.400659, "bronId": "SP00003010"}}, {"type": "Feature", "geometry": {"type": "Point", "coordinates": [4.398415, 52.062442]}, "properties": {"type": "inleverpunt", "locatieNaam": "Stadsboerderij Landzigt", "straatNaam": "Aristoteleslaan", "straatNr": "143", "postcode": "2493 ZN", "plaats": "'s-Gravenhage", "merk": "StichtingOPEN", "puntType": "balie", "materialen": ["elektro-klein"], "uitbetaling": [], "vrijToegankelijk": false, "gemeenteBeperking": null, "openingstijden": null, "latitude": 52.062442, "longitude": 4.398415, "bronId": "SP00001161"}}, {"type": "Feature", "geometry": {"type": "Point", "coordinates": [4.393911, 52.057944]}, "properties": {"type": "inleverpunt", "locatieNaam": "GroenRijk de wilskracht", "straatNaam": "Donau", "straatNr": "119", "postcode": "2491 BB", "plaats": "'s-Gravenhage", "merk": "StichtingOPEN", "puntType": "balie", "materialen": ["batterijen", "elektro-klein", "elektro-middel", "lampen", "tl-buizen"], "uitbetaling": [], "vrijToegankelijk": false, "gemeenteBeperking": null, "openingstijden": null, "latitude": 52.057944, "longitude": 4.393911, "bronId": "SP00005600"}}, {"type": "Feature", "geometry": {"type": "Point", "coordinates": [4.37034, 52.04187]}, "properties": {"type": "inleverpunt", "locatieNaam": "Kruidvat 's-Gravenhage", "straatNaam": "Oude Kustlijn", "straatNr": "104", "postcode": "2496 SJ", "plaats": "'s-Gravenhage", "merk": "StichtingOPEN", "puntType": "balie", "materialen": ["batterijen", "lampen"], "uitbetaling": [], "vrijToegankelijk": false, "gemeenteBeperking": null, "openingstijden": null, "latitude": 52.04187, "longitude": 4.37034, "bronId": "SP00029533"}}, {"type": "Feature", "geometry": {"type": "Point", "coordinates": [4.369334, 52.041336]}, "properties": {"type": "inleverpunt", "locatieNaam": "Jumbo 's-Gravenhage", "straatNaam": "Oude Kustlijn", "straatNr": "6", "postcode": "2496 SE", "plaats": "'s-Gravenhage", "merk": "StichtingOPEN", "puntType": "balie", "materialen": ["batterijen", "lampen"], "uitbetaling": [], "vrijToegankelijk": false, "gemeenteBeperking": null, "openingstijden": null, "latitude": 52.041336, "longitude": 4.369334, "bronId": "SP00025204"}}, {"type": "Feature", "geometry": {"type": "Point", "coordinates": [4.36932, 52.041336]}, "properties": {"type": "inleverpunt", "locatieNaam": "570 Hoogvliet 's-Gravenhage", "straatNaam": "Oude Kustlijn", "straatNr": "82", "postcode": "2496 SE", "plaats": "'s-Gravenhage", "merk": "StichtingOPEN", "puntType": "balie", "materialen": ["batterijen", "lampen"], "uitbetaling": [], "vrijToegankelijk": false, "gemeenteBeperking": null, "openingstijden": null, "latitude": 52.041336, "longitude": 4.36932, "bronId": "SP00023947"}}, {"type": "Feature", "geometry": {"type": "Point", "coordinates": [4.358883, 52.092768]}, "properties": {"type": "inleverpunt", "locatieNaam": "160 Hoogvliet 's-Gravenhage", "straatNaam": "Het Kleine Loo", "straatNr": "270", "postcode": "2592 CK", "plaats": "'s-Gravenhage", "merk": "StichtingOPEN", "puntType": "balie", "materialen": ["batterijen", "lampen"], "uitbetaling": [], "vrijToegankelijk": false, "gemeenteBeperking": null, "openingstijden": null, "latitude": 52.092768, "longitude": 4.358883, "bronId": "SP00023913"}}, {"type": "Feature", "geometry": {"type": "Point", "coordinates": [4.35881, 52.09241]}, "properties": {"type": "inleverpunt", "locatieNaam": "Kruidvat 's-Gravenhage", "straatNaam": "Het Kleine Loo", "straatNr": "416", "postcode": "2592 CK", "plaats": "'s-Gravenhage", "merk": "StichtingOPEN", "puntType": "balie", "materialen": ["batterijen", "lampen"], "uitbetaling": [], "vrijToegankelijk": false, "gemeenteBeperking": null, "openingstijden": null, "latitude": 52.09241, "longitude": 4.35881, "bronId": "SP00029628"}}, {"type": "Feature", "geometry": {"type": "Point", "coordinates": [4.35874, 52.086915]}, "properties": {"type": "inleverpunt", "locatieNaam": "Stadsboerderij Reigershof", "straatNaam": "Reigersbergenweg", "straatNr": "280", "postcode": "2592 EZ", "plaats": "'s-Gravenhage", "merk": "StichtingOPEN", "puntType": "balie", "materialen": ["elektro-klein"], "uitbetaling": [], "vrijToegankelijk": false, "gemeenteBeperking": null, "openingstijden": null, "latitude": 52.086915, "longitude": 4.35874, "bronId": "SP00003061"}}, {"type": "Feature", "geometry": {"type": "Point", "coordinates": [4.35774, 52.0917]}, "properties": {"type": "inleverpunt", "locatieNaam": "Action 's-Gravenhage", "straatNaam": "Het Kleine Loo", "straatNr": "240", "postcode": "2592 CK", "plaats": "'s-Gravenhage", "merk": "StichtingOPEN", "puntType": "balie", "materialen": ["batterijen", "lampen"], "uitbetaling": [], "vrijToegankelijk": false, "gemeenteBeperking": null, "openingstijden": null, "latitude": 52.0917, "longitude": 4.35774, "bronId": "SP00025521"}}, {"type": "Feature", "geometry": {"type": "Point", "coordinates": [4.357526, 52.092118]}, "properties": {"type": "inleverpunt", "locatieNaam": "Action Den Haag 1345", "straatNaam": "Het Kleine Loo", "straatNr": "320a", "postcode": "2592 CK", "plaats": "'s-Gravenhage", "merk": "StichtingOPEN", "puntType": "balie", "materialen": ["lampen"], "uitbetaling": [], "vrijToegankelijk": false, "gemeenteBeperking": null, "openingstijden": null, "latitude": 52.092118, "longitude": 4.357526, "bronId": "SP00007909"}}, {"type": "Feature", "geometry": {"type": "Point", "coordinates": [4.35675, 52.091773]}, "properties": {"type": "inleverpunt", "locatieNaam": "1216 Albert Heijn 's-Gravenhage", "straatNaam": "Het Kleine Loo", "straatNr": "342", "postcode": "2592 CK", "plaats": "'s-Gravenhage", "merk": "StichtingOPEN", "puntType": "balie", "materialen": ["batterijen", "elektro-klein", "lampen"], "uitbetaling": [], "vrijToegankelijk": false, "gemeenteBeperking": null, "openingstijden": null, "latitude": 52.091773, "longitude": 4.35675, "bronId": "SP00022875"}}, {"type": "Feature", "geometry": {"type": "Point", "coordinates": [4.360773, 52.041999]}, "properties": {"type": "inleverpunt", "locatieNaam": "Installatiebalie.nl Tiel", "straatNaam": "Laan van Waalhaven", "straatNr": "43", "postcode": "2497 GN", "plaats": "'s-Gravenhage", "merk": "StichtingOPEN", "puntType": "balie", "materialen": ["batterijen", "lampen", "tl-buizen"], "uitbetaling": [], "vrijToegankelijk": false, "gemeenteBeperking": null, "openingstijden": null, "latitude": 52.041999, "longitude": 4.360773, "bronId": "SP00037340"}}, {"type": "Feature", "geometry": {"type": "Point", "coordinates": [4.35628, 52.049925]}, "properties": {"type": "inleverpunt", "locatieNaam": "Praxis Den Haag Hoornwijck - 2234", "straatNaam": "Laan van 's-Gravenmade", "straatNr": "81", "postcode": "2495 BD", "plaats": "'s-Gravenhage", "merk": "StichtingOPEN", "puntType": "balie", "materialen": ["elektro-middel", "lampen", "tl-buizen"], "uitbetaling": [], "vrijToegankelijk": false, "gemeenteBeperking": null, "openingstijden": null, "latitude": 52.049925, "longitude": 4.35628, "bronId": "SP00004582"}}, {"type": "Feature", "geometry": {"type": "Point", "coordinates": [4.359394, 52.028994]}, "properties": {"type": "inleverpunt", "locatieNaam": "Hornbach Den Haag", "straatNaam": "Singel", "straatNr": "115", "postcode": "2497 GS", "plaats": "'s-Gravenhage", "merk": "StichtingOPEN", "puntType": "balie", "materialen": ["elektro-groot", "elektro-middel", "lampen", "tl-buizen"], "uitbetaling": [], "vrijToegankelijk": false, "gemeenteBeperking": null, "openingstijden": null, "latitude": 52.028994, "longitude": 4.359394, "bronId": "SP00008655"}}, {"type": "Feature", "geometry": {"type": "Point", "coordinates": [4.356665, 52.039299]}, "properties": {"type": "inleverpunt", "locatieNaam": "Rataplan Den Haag", "straatNaam": "Laan van Waalhaven", "straatNr": "213A", "postcode": "2497 GL", "plaats": "'s-Gravenhage", "merk": "StichtingOPEN", "puntType": "balie", "materialen": ["batterijen", "elektro-klein", "elektro-middel", "lampen", "tl-buizen"], "uitbetaling": [], "vrijToegankelijk": false, "gemeenteBeperking": null, "openingstijden": null, "latitude": 52.039299, "longitude": 4.356665, "bronId": "SP00041094"}}, {"type": "Feature", "geometry": {"type": "Point", "coordinates": [4.342797, 52.084825]}, "properties": {"type": "inleverpunt", "locatieNaam": "Spar 's-Gravenhage", "straatNaam": "Stuyvesantplein", "straatNr": "59", "postcode": "2593 EM", "plaats": "'s-Gravenhage", "merk": "StichtingOPEN", "puntType": "balie", "materialen": ["batterijen", "elektro-klein", "lampen"], "uitbetaling": [], "vrijToegankelijk": false, "gemeenteBeperking": null, "openingstijden": null, "latitude": 52.084825, "longitude": 4.342797, "bronId": "SP00031508"}}, {"type": "Feature", "geometry": {"type": "Point", "coordinates": [4.33803, 52.086314]}, "properties": {"type": "inleverpunt", "locatieNaam": "Hoogvliet 's-Gravenhage", "straatNaam": "Theresiastraat", "straatNr": "145", "postcode": "2593 AG", "plaats": "'s-Gravenhage", "merk": "StichtingOPEN", "puntType": "balie", "materialen": ["batterijen", "lampen"], "uitbetaling": [], "vrijToegankelijk": false, "gemeenteBeperking": null, "openingstijden": null, "latitude": 52.086314, "longitude": 4.33803, "bronId": "SP00023969"}}, {"type": "Feature", "geometry": {"type": "Point", "coordinates": [4.337988, 52.086388]}, "properties": {"type": "inleverpunt", "locatieNaam": "Cleancycle - Droppie Theresia", "straatNaam": "Theresiastraat", "straatNr": "147", "postcode": "2593 AG", "plaats": "'s-Gravenhage", "merk": "StichtingOPEN", "puntType": "balie", "materialen": ["batterijen", "elektro-groot", "lampen"], "uitbetaling": [], "vrijToegankelijk": false, "gemeenteBeperking": null, "openingstijden": null, "latitude": 52.086388, "longitude": 4.337988, "bronId": "SP00040145"}}, {"type": "Feature", "geometry": {"type": "Point", "coordinates": [4.336124, 52.070852]}, "properties": {"type": "inleverpunt", "locatieNaam": "212 Isero Den Haag - Binckhorst", "straatNaam": "Binckhorstlaan", "straatNr": "124", "postcode": "2516 BE", "plaats": "'s-Gravenhage", "merk": "StichtingOPEN", "puntType": "balie", "materialen": ["elektro-klein", "lampen", "tl-buizen"], "uitbetaling": [], "vrijToegankelijk": false, "gemeenteBeperking": null, "openingstijden": null, "latitude": 52.070852, "longitude": 4.336124, "bronId": "SP00032497"}}, {"type": "Feature", "geometry": {"type": "Point", "coordinates": [4.332273, 52.083919]}, "properties": {"type": "inleverpunt", "locatieNaam": "1343 Albert Heijn 's-Gravenhage", "straatNaam": "Emmastraat", "straatNr": "75", "postcode": "2593 AB", "plaats": "'s-Gravenhage", "merk": "StichtingOPEN", "puntType": "balie", "materialen": ["batterijen", "lampen"], "uitbetaling": [], "vrijToegankelijk": false, "gemeenteBeperking": null, "openingstijden": null, "latitude": 52.083919, "longitude": 4.332273, "bronId": "SP00022864"}}, {"type": "Feature", "geometry": {"type": "Point", "coordinates": [4.33375, 52.064385]}, "properties": {"type": "inleverpunt", "locatieNaam": "Stadsboerderij Molenweide", "straatNaam": "Stuwstraat", "straatNr": "31", "postcode": "2516 TA", "plaats": "'s-Gravenhage", "merk": "StichtingOPEN", "puntType": "balie", "materialen": ["elektro-middel"], "uitbetaling": [], "vrijToegankelijk": false, "gemeenteBeperking": null, "openingstijden": null, "latitude": 52.064385, "longitude": 4.33375, "bronId": "SP00003243"}}, {"type": "Feature", "geometry": {"type": "Point", "coordinates": [4.3316851, 52.0678999]}, "properties": {"type": "inleverpunt", "locatieNaam": "Aldi Den Haag", "straatNaam": "Laakweg", "straatNr": "126e", "postcode": "2521 SC", "plaats": "Den Haag", "merk": "StichtingOPEN", "puntType": "balie", "materialen": ["batterijen", "elektro-klein", "lampen"], "uitbetaling": [], "vrijToegankelijk": false, "gemeenteBeperking": null, "openingstijden": null, "latitude": 52.0678999, "longitude": 4.3316851, "bronId": "SP00027215"}}, {"type": "Feature", "geometry": {"type": "Point", "coordinates": [4.3315285, 52.0679462]}, "properties": {"type": "inleverpunt", "locatieNaam": "Action Den Haag 1223", "straatNaam": "Laakweg", "straatNr": "126d", "postcode": "2521 SC", "plaats": "'s-Gravenhage", "merk": "StichtingOPEN", "puntType": "balie", "materialen": ["batterijen", "lampen"], "uitbetaling": [], "vrijToegankelijk": false, "gemeenteBeperking": null, "openingstijden": null, "latitude": 52.0679462, "longitude": 4.3315285, "bronId": "SP00007800"}}, {"type": "Feature", "geometry": {"type": "Point", "coordinates": [4.330044, 52.067227]}, "properties": {"type": "inleverpunt", "locatieNaam": "Jumbo 's-Gravenhage", "straatNaam": "Laakweg", "straatNr": "126", "postcode": "2521 SC", "plaats": "'s-Gravenhage", "merk": "StichtingOPEN", "puntType": "balie", "materialen": ["batterijen", "lampen"], "uitbetaling": [], "vrijToegankelijk": false, "gemeenteBeperking": null, "openingstijden": null, "latitude": 52.067227, "longitude": 4.330044, "bronId": "SP00025215"}}, {"type": "Feature", "geometry": {"type": "Point", "coordinates": [4.328104, 52.060908]}, "properties": {"type": "inleverpunt", "locatieNaam": "1089 Albert Heijn 's-Gravenhage", "straatNaam": "Lorentzplein", "straatNr": "76", "postcode": "2522 EH", "plaats": "'s-Gravenhage", "merk": "StichtingOPEN", "puntType": "balie", "materialen": ["batterijen", "elektro-klein", "lampen"], "uitbetaling": [], "vrijToegankelijk": false, "gemeenteBeperking": null, "openingstijden": null, "latitude": 52.060908, "longitude": 4.328104, "bronId": "SP00022836"}}, {"type": "Feature", "geometry": {"type": "Point", "coordinates": [4.321468, 52.081622]}, "properties": {"type": "inleverpunt", "locatieNaam": "Spar Den Haag Bezuidenhoutseweg", "straatNaam": "Bezuidenhoutseweg", "straatNr": "33", "postcode": "2594 AC", "plaats": "'s-Gravenhage", "merk": "StichtingOPEN", "puntType": "balie", "materialen": ["batterijen", "lampen"], "uitbetaling": [], "vrijToegankelijk": false, "gemeenteBeperking": null, "openingstijden": null, "latitude": 52.081622, "longitude": 4.321468, "bronId": "SP00031291"}}, {"type": "Feature", "geometry": {"type": "Point", "coordinates": [4.321197, 52.078744]}, "properties": {"type": "inleverpunt", "locatieNaam": "Action Den Haag 1265", "straatNaam": "Turfmarkt", "straatNr": "133", "postcode": "2511 DP", "plaats": "'s-Gravenhage", "merk": "StichtingOPEN", "puntType": "balie", "materialen": ["batterijen", "lampen"], "uitbetaling": [], "vrijToegankelijk": false, "gemeenteBeperking": null, "openingstijden": null, "latitude": 52.078744, "longitude": 4.321197, "bronId": "SP00007839"}}, {"type": "Feature", "geometry": {"type": "Point", "coordinates": [4.320463, 52.090309]}, "properties": {"type": "inleverpunt", "locatieNaam": "1298 Albert Heijn 's-Gravenhage", "straatNaam": "Weissenbruchstraat", "straatNr": "116", "postcode": "2596 GK", "plaats": "'s-Gravenhage", "merk": "StichtingOPEN", "puntType": "balie", "materialen": ["batterijen", "lampen"], "uitbetaling": [], "vrijToegankelijk": false, "gemeenteBeperking": null, "openingstijden": null, "latitude": 52.090309, "longitude": 4.320463, "bronId": "SP00022873"}}, {"type": "Feature", "geometry": {"type": "Point", "coordinates": [4.320488, 52.079103]}, "properties": {"type": "inleverpunt", "locatieNaam": "1051 Albert Heijn 's-Gravenhage", "straatNaam": "Turfmarkt", "straatNr": "103", "postcode": "2511 DH", "plaats": "'s-Gravenhage", "merk": "StichtingOPEN", "puntType": "balie", "materialen": ["batterijen", "elektro-klein", "lampen"], "uitbetaling": [], "vrijToegankelijk": false, "gemeenteBeperking": null, "openingstijden": null, "latitude": 52.079103, "longitude": 4.320488, "bronId": "SP00022855"}}, {"type": "Feature", "geometry": {"type": "Point", "coordinates": [4.317194, 52.079755]}, "properties": {"type": "inleverpunt", "locatieNaam": "Spar Korte Poten", "straatNaam": "Korte Poten", "straatNr": "9", "postcode": "2511 ED", "plaats": "'s-Gravenhage", "merk": "StichtingOPEN", "puntType": "balie", "materialen": ["batterijen", "lampen"], "uitbetaling": [], "vrijToegankelijk": false, "gemeenteBeperking": null, "openingstijden": null, "latitude": 52.079755, "longitude": 4.317194, "bronId": "SP00031408"}}, {"type": "Feature", "geometry": {"type": "Point", "coordinates": [4.317823, 52.065697]}, "properties": {"type": "inleverpunt", "locatieNaam": "Aldi Den Haag", "straatNaam": "Van der Kunstraat", "straatNr": "75", "postcode": "2521 BA", "plaats": "Den Haag", "merk": "StichtingOPEN", "puntType": "balie", "materialen": ["batterijen", "elektro-klein", "lampen"], "uitbetaling": [], "vrijToegankelijk": false, "gemeenteBeperking": null, "openingstijden": null, "latitude": 52.065697, "longitude": 4.317823, "bronId": "SP00027212"}}, {"type": "Feature", "geometry": {"type": "Point", "coordinates": [4.317768, 52.06558]}, "properties": {"type": "inleverpunt", "locatieNaam": "Kruidvat 's-Gravenhage", "straatNaam": "Van der Kunstraat", "straatNr": "79", "postcode": "2521 BR", "plaats": "'s-Gravenhage", "merk": "StichtingOPEN", "puntType": "balie", "materialen": ["batterijen", "lampen"], "uitbetaling": [], "vrijToegankelijk": false, "gemeenteBeperking": null, "openingstijden": null, "latitude": 52.06558, "longitude": 4.317768, "bronId": "SP00024646"}}, {"type": "Feature", "geometry": {"type": "Point", "coordinates": [4.316818, 52.063044]}, "properties": {"type": "inleverpunt", "locatieNaam": "Praxis Den Haag MEGA - 2314", "straatNaam": "Verheeskade 287", "straatNr": "287", "postcode": "2521 DE", "plaats": "'s-Gravenhage", "merk": "StichtingOPEN", "puntType": "balie", "materialen": ["elektro-middel", "lampen", "tl-buizen"], "uitbetaling": [], "vrijToegankelijk": false, "gemeenteBeperking": null, "openingstijden": null, "latitude": 52.063044, "longitude": 4.316818, "bronId": "SP00004581"}}, {"type": "Feature", "geometry": {"type": "Point", "coordinates": [4.31512, 52.0789]}, "properties": {"type": "inleverpunt", "locatieNaam": "Kruidvat 's-Gravenhage", "straatNaam": "Lange Poten", "straatNr": "31", "postcode": "2511 CM", "plaats": "'s-Gravenhage", "merk": "StichtingOPEN", "puntType": "balie", "materialen": ["batterijen", "elektro-klein", "lampen"], "uitbetaling": [], "vrijToegankelijk": false, "gemeenteBeperking": null, "openingstijden": null, "latitude": 52.0789, "longitude": 4.31512, "bronId": "SP00029608"}}, {"type": "Feature", "geometry": {"type": "Point", "coordinates": [4.315229, 52.062995]}, "properties": {"type": "inleverpunt", "locatieNaam": "GAMMA Den Haag-MegaStores", "straatNaam": "Van der Kunstraat", "straatNr": "130", "postcode": "2521 AW", "plaats": "'s-Gravenhage", "merk": "StichtingOPEN", "puntType": "balie", "materialen": ["batterijen", "elektro-middel", "lampen", "tl-buizen"], "uitbetaling": [], "vrijToegankelijk": false, "gemeenteBeperking": null, "openingstijden": null, "latitude": 52.062995, "longitude": 4.315229, "bronId": "SP00003012"}}, {"type": "Feature", "geometry": {"type": "Point", "coordinates": [4.313772, 52.077317]}, "properties": {"type": "inleverpunt", "locatieNaam": "Decathlon Den Haag", "straatNaam": "Grote Marktstraat", "straatNr": "54", "postcode": "2511 BH", "plaats": "'s-Gravenhage", "merk": "StichtingOPEN", "puntType": "balie", "materialen": ["batterijen", "elektro-klein"], "uitbetaling": [], "vrijToegankelijk": false, "gemeenteBeperking": null, "openingstijden": null, "latitude": 52.077317, "longitude": 4.313772, "bronId": "SP00033937"}}, {"type": "Feature", "geometry": {"type": "Point", "coordinates": [4.312811, 52.076599]}, "properties": {"type": "inleverpunt", "locatieNaam": "1473 Albert Heijn 's-Gravenhage", "straatNaam": "Grote Marktstraat", "straatNr": "55a", "postcode": "2511 BH", "plaats": "'s-Gravenhage", "merk": "StichtingOPEN", "puntType": "balie", "materialen": ["batterijen", "elektro-klein", "lampen"], "uitbetaling": [], "vrijToegankelijk": false, "gemeenteBeperking": null, "openingstijden": null, "latitude": 52.076599, "longitude": 4.312811, "bronId": "SP00023265"}}, {"type": "Feature", "geometry": {"type": "Point", "coordinates": [4.31176, 52.07743]}, "properties": {"type": "inleverpunt", "locatieNaam": "Xenos 's-Gravenhage", "straatNaam": "1e Haagpoort", "straatNr": "31a", "postcode": "2511 BC", "plaats": "'s-Gravenhage", "merk": "StichtingOPEN", "puntType": "balie", "materialen": ["batterijen", "lampen"], "uitbetaling": [], "vrijToegankelijk": false, "gemeenteBeperking": null, "openingstijden": null, "latitude": 52.07743, "longitude": 4.31176, "bronId": "SP00029940"}}, {"type": "Feature", "geometry": {"type": "Point", "coordinates": [4.311045, 52.07619]}, "properties": {"type": "inleverpunt", "locatieNaam": "Kruidvat 's-Gravenhage", "straatNaam": "Grote Marktstraat", "straatNr": "38", "postcode": "2511 BJ", "plaats": "'s-Gravenhage", "merk": "StichtingOPEN", "puntType": "balie", "materialen": ["batterijen", "lampen"], "uitbetaling": [], "vrijToegankelijk": false, "gemeenteBeperking": null, "openingstijden": null, "latitude": 52.07619, "longitude": 4.311045, "bronId": "SP00024651"}}, {"type": "Feature", "geometry": {"type": "Point", "coordinates": [4.310474, 52.075888]}, "properties": {"type": "inleverpunt", "locatieNaam": "Media Markt Den Haag B.V.", "straatNaam": "Grote Marktstraat", "straatNr": "17-37", "postcode": "2511 BH", "plaats": "'s-Gravenhage", "merk": "StichtingOPEN", "puntType": "balie", "materialen": ["elektro-klein", "elektro-middel", "tl-buizen"], "uitbetaling": [], "vrijToegankelijk": false, "gemeenteBeperking": null, "openingstijden": null, "latitude": 52.075888, "longitude": 4.310474, "bronId": "SP00003295"}}, {"type": "Feature", "geometry": {"type": "Point", "coordinates": [4.309813, 52.075549]}, "properties": {"type": "inleverpunt", "locatieNaam": "1503 Albert Heijn 's-Gravenhage", "straatNaam": "Grote Marktstraat", "straatNr": "5", "postcode": "2511 BH", "plaats": "'s-Gravenhage", "merk": "StichtingOPEN", "puntType": "balie", "materialen": ["batterijen", "elektro-klein", "lampen"], "uitbetaling": [], "vrijToegankelijk": false, "gemeenteBeperking": null, "openingstijden": null, "latitude": 52.075549, "longitude": 4.309813, "bronId": "SP00022849"}}, {"type": "Feature", "geometry": {"type": "Point", "coordinates": [4.306518, 52.077894]}, "properties": {"type": "inleverpunt", "locatieNaam": "1495 Albert Heijn 's-Gravenhage", "straatNaam": "Torenstraat", "straatNr": "27", "postcode": "2513 BN", "plaats": "'s-Gravenhage", "merk": "StichtingOPEN", "puntType": "balie", "materialen": ["batterijen", "elektro-klein", "lampen"], "uitbetaling": [], "vrijToegankelijk": false, "gemeenteBeperking": null, "openingstijden": null, "latitude": 52.077894, "longitude": 4.306518, "bronId": "SP00022853"}}, {"type": "Feature", "geometry": {"type": "Point", "coordinates": [4.30604, 52.081904]}, "properties": {"type": "inleverpunt", "locatieNaam": "Corefix Den Haag", "straatNaam": "Noordeinde", "straatNr": "124", "postcode": "2514 GN", "plaats": "'s-Gravenhage", "merk": "StichtingOPEN", "puntType": "balie", "materialen": ["elektro-klein"], "uitbetaling": [], "vrijToegankelijk": false, "gemeenteBeperking": null, "openingstijden": null, "latitude": 52.081904, "longitude": 4.30604, "bronId": "SP00033681"}}, {"type": "Feature", "geometry": {"type": "Point", "coordinates": [4.305936, 52.082002]}, "properties": {"type": "inleverpunt", "locatieNaam": "Spar City Noordeinde", "straatNaam": "Noordeinde", "straatNr": "128", "postcode": "2514 GN", "plaats": "'s-Gravenhage", "merk": "StichtingOPEN", "puntType": "balie", "materialen": ["batterijen", "lampen"], "uitbetaling": [], "vrijToegankelijk": false, "gemeenteBeperking": null, "openingstijden": null, "latitude": 52.082002, "longitude": 4.305936, "bronId": "SP00031433"}}, {"type": "Feature", "geometry": {"type": "Point", "coordinates": [4.305845, 52.068851]}, "properties": {"type": "inleverpunt", "locatieNaam": "Stadsboerderij Schildershoeve", "straatNaam": "Teniersplantsoen", "straatNr": "83", "postcode": "2526 MS", "plaats": "'s-Gravenhage", "merk": "StichtingOPEN", "puntType": "balie", "materialen": ["elektro-middel"], "uitbetaling": [], "vrijToegankelijk": false, "gemeenteBeperking": null, "openingstijden": null, "latitude": 52.068851, "longitude": 4.305845, "bronId": "SP00004196"}}, {"type": "Feature", "geometry": {"type": "Point", "coordinates": [4.304769, 52.082906]}, "properties": {"type": "inleverpunt", "locatieNaam": "Hifi Klubben", "straatNaam": "Noordeinde", "straatNr": "160", "postcode": "2514 GR", "plaats": "'s-Gravenhage", "merk": "StichtingOPEN", "puntType": "balie", "materialen": ["elektro-middel"], "uitbetaling": [], "vrijToegankelijk": false, "gemeenteBeperking": null, "openingstijden": null, "latitude": 52.082906, "longitude": 4.304769, "bronId": "SP00026056"}}, {"type": "Feature", "geometry": {"type": "Point", "coordinates": [4.304945, 52.077963]}, "properties": {"type": "inleverpunt", "locatieNaam": "Dirk - Den Haag", "straatNaam": "Torenstraat", "straatNr": "132A", "postcode": "2513 BW", "plaats": "'s-Gravenhage", "merk": "StichtingOPEN", "puntType": "balie", "materialen": ["batterijen", "elektro-klein", "lampen"], "uitbetaling": [], "vrijToegankelijk": false, "gemeenteBeperking": null, "openingstijden": null, "latitude": 52.077963, "longitude": 4.304945, "bronId": "SP00035582"}}, {"type": "Feature", "geometry": {"type": "Point", "coordinates": [4.30415, 52.091929]}, "properties": {"type": "inleverpunt", "locatieNaam": "1393 Albert Heijn 's-Gravenhage", "straatNaam": "Sumatrastraat", "straatNr": "2", "postcode": "2585 CS", "plaats": "'s-Gravenhage", "merk": "StichtingOPEN", "puntType": "balie", "materialen": ["batterijen", "elektro-klein", "lampen"], "uitbetaling": [], "vrijToegankelijk": false, "gemeenteBeperking": null, "openingstijden": null, "latitude": 52.091929, "longitude": 4.30415, "bronId": "SP00022876"}}, {"type": "Feature", "geometry": {"type": "Point", "coordinates": [4.302117, 52.079082]}, "properties": {"type": "inleverpunt", "locatieNaam": "Artifac", "straatNaam": "Noordwal", "straatNr": "17", "postcode": "2513 EB", "plaats": "'s-Gravenhage", "merk": "StichtingOPEN", "puntType": "balie", "materialen": ["elektro-klein", "elektro-middel", "lampen"], "uitbetaling": [], "vrijToegankelijk": false, "gemeenteBeperking": null, "openingstijden": null, "latitude": 52.079082, "longitude": 4.302117, "bronId": "SP00034052"}}, {"type": "Feature", "geometry": {"type": "Point", "coordinates": [4.304738, 52.051444]}, "properties": {"type": "inleverpunt", "locatieNaam": "PLUS Heeswijkplein", "straatNaam": "Heeswijkplein", "straatNr": "200", "postcode": "2531 HV", "plaats": "'s-Gravenhage", "merk": "StichtingOPEN", "puntType": "balie", "materialen": ["batterijen", "elektro-klein", "lampen"], "uitbetaling": [], "vrijToegankelijk": false, "gemeenteBeperking": null, "openingstijden": null, "latitude": 52.051444, "longitude": 4.304738, "bronId": "SP00039306"}}, {"type": "Feature", "geometry": {"type": "Point", "coordinates": [4.299273, 52.079293]}, "properties": {"type": "inleverpunt", "locatieNaam": "Kinderboerderij 't Beestenspul", "straatNaam": "Westerbaenstraat", "straatNr": "34", "postcode": "2513 GJ", "plaats": "'s-Gravenhage", "merk": "StichtingOPEN", "puntType": "balie", "materialen": ["elektro-middel"], "uitbetaling": [], "vrijToegankelijk": false, "gemeenteBeperking": null, "openingstijden": null, "latitude": 52.079293, "longitude": 4.299273, "bronId": "SP00005915"}}, {"type": "Feature", "geometry": {"type": "Point", "coordinates": [4.300274, 52.062453]}, "properties": {"type": "inleverpunt", "locatieNaam": "Lidl 's-Gravenhage", "straatNaam": "Wesselsstraat", "straatNr": "500", "postcode": "2572 WC", "plaats": "'s-Gravenhage", "merk": "StichtingOPEN", "puntType": "balie", "materialen": ["batterijen", "lampen"], "uitbetaling": [], "vrijToegankelijk": false, "gemeenteBeperking": null, "openingstijden": null, "latitude": 52.062453, "longitude": 4.300274, "bronId": "SP00025691"}}, {"type": "Feature", "geometry": {"type": "Point", "coordinates": [4.296677, 52.08523]}, "properties": {"type": "inleverpunt", "locatieNaam": "1487 Albert Heijn 's-Gravenhage", "straatNaam": "Laan van Meerdervoort", "straatNr": "52", "postcode": "2517 AM", "plaats": "'s-Gravenhage", "merk": "StichtingOPEN", "puntType": "balie", "materialen": ["batterijen", "elektro-klein", "lampen"], "uitbetaling": [], "vrijToegankelijk": false, "gemeenteBeperking": null, "openingstijden": null, "latitude": 52.08523, "longitude": 4.296677, "bronId": "SP00022866"}}, {"type": "Feature", "geometry": {"type": "Point", "coordinates": [4.296232, 52.079425]}, "properties": {"type": "inleverpunt", "locatieNaam": "1624 Albert Heijn 's-Gravenhage", "straatNaam": "Elandstraat", "straatNr": "160", "postcode": "2513 GW", "plaats": "'s-Gravenhage", "merk": "StichtingOPEN", "puntType": "balie", "materialen": ["batterijen"], "uitbetaling": [], "vrijToegankelijk": false, "gemeenteBeperking": null, "openingstijden": null, "latitude": 52.079425, "longitude": 4.296232, "bronId": "SP00022857"}}, {"type": "Feature", "geometry": {"type": "Point", "coordinates": [4.296009, 52.067332]}, "properties": {"type": "inleverpunt", "locatieNaam": "Kinderboerderij Woelige Stal", "straatNaam": "Herman Costerstraat", "straatNr": "80", "postcode": "2571 PB", "plaats": "'s-Gravenhage", "merk": "StichtingOPEN", "puntType": "balie", "materialen": ["elektro-klein"], "uitbetaling": [], "vrijToegankelijk": false, "gemeenteBeperking": null, "openingstijden": null, "latitude": 52.067332, "longitude": 4.296009, "bronId": "SP00004080"}}, {"type": "Feature", "geometry": {"type": "Point", "coordinates": [4.293495, 52.081842]}, "properties": {"type": "inleverpunt", "locatieNaam": "Coop 's-Gravenhage", "straatNaam": "Prins Hendrikstraat", "straatNr": "46", "postcode": "2518 HT", "plaats": "'s-Gravenhage", "merk": "StichtingOPEN", "puntType": "balie", "materialen": ["batterijen", "lampen"], "uitbetaling": [], "vrijToegankelijk": false, "gemeenteBeperking": null, "openingstijden": null, "latitude": 52.081842, "longitude": 4.293495, "bronId": "SP00024320"}}, {"type": "Feature", "geometry": {"type": "Point", "coordinates": [4.293867, 52.069468]}, "properties": {"type": "inleverpunt", "locatieNaam": "KARWEI (Den Haag B003)", "straatNaam": "Uitenhagestraat", "straatNr": "87", "postcode": "2571 PV", "plaats": "'s-Gravenhage", "merk": "StichtingOPEN", "puntType": "balie", "materialen": ["batterijen", "elektro-klein", "elektro-middel", "lampen", "tl-buizen"], "uitbetaling": [], "vrijToegankelijk": false, "gemeenteBeperking": null, "openingstijden": null, "latitude": 52.069468, "longitude": 4.293867, "bronId": "SP00003664"}}, {"type": "Feature", "geometry": {"type": "Point", "coordinates": [4.29964, 52.026733]}, "properties": {"type": "inleverpunt", "locatieNaam": "Stadsboerderij Op den Dijk", "straatNaam": "Bovendijk", "straatNr": "141-143", "postcode": "2548 AX", "plaats": "'s-Gravenhage", "merk": "StichtingOPEN", "puntType": "balie", "materialen": ["elektro-klein"], "uitbetaling": [], "vrijToegankelijk": false, "gemeenteBeperking": null, "openingstijden": null, "latitude": 52.026733, "longitude": 4.29964, "bronId": "SP00001220"}}, {"type": "Feature", "geometry": {"type": "Point", "coordinates": [4.290913, 52.068877]}, "properties": {"type": "inleverpunt", "locatieNaam": "1841 Albert Heijn 's-Gravenhage", "straatNaam": "Steijnlaan", "straatNr": "106", "postcode": "2571 RH", "plaats": "'s-Gravenhage", "merk": "StichtingOPEN", "puntType": "balie", "materialen": ["batterijen", "elektro-klein", "lampen"], "uitbetaling": [], "vrijToegankelijk": false, "gemeenteBeperking": null, "openingstijden": null, "latitude": 52.068877, "longitude": 4.290913, "bronId": "SP00022845"}}, {"type": "Feature", "geometry": {"type": "Point", "coordinates": [4.297302, 52.019757]}, "properties": {"type": "inleverpunt", "locatieNaam": "1427 Albert Heijn 's-Gravenhage", "straatNaam": "Parijsplein", "straatNr": "19", "postcode": "2548 VL", "plaats": "'s-Gravenhage", "merk": "StichtingOPEN", "puntType": "balie", "materialen": ["batterijen", "elektro-klein", "lampen"], "uitbetaling": [], "vrijToegankelijk": false, "gemeenteBeperking": null, "openingstijden": null, "latitude": 52.019757, "longitude": 4.297302, "bronId": "SP00022807"}}, {"type": "Feature", "geometry": {"type": "Point", "coordinates": [4.291879, 52.048226]}, "properties": {"type": "inleverpunt", "locatieNaam": "1802 Albert Heijn 's-Gravenhage", "straatNaam": "Betje Wolffstraat", "straatNr": "134", "postcode": "2533 HT", "plaats": "'s-Gravenhage", "merk": "StichtingOPEN", "puntType": "balie", "materialen": ["batterijen", "elektro-klein", "lampen"], "uitbetaling": [], "vrijToegankelijk": false, "gemeenteBeperking": null, "openingstijden": null, "latitude": 52.048226, "longitude": 4.291879, "bronId": "SP00022826"}}, {"type": "Feature", "geometry": {"type": "Point", "coordinates": [4.287656, 52.111772]}, "properties": {"type": "inleverpunt", "locatieNaam": "1584 Albert Heijn 's-Gravenhage", "straatNaam": "Amsterdamsestraat", "straatNr": "9", "postcode": "2587 CN", "plaats": "'s-Gravenhage", "merk": "StichtingOPEN", "puntType": "balie", "materialen": ["batterijen", "elektro-klein", "lampen"], "uitbetaling": [], "vrijToegankelijk": false, "gemeenteBeperking": null, "openingstijden": null, "latitude": 52.111772, "longitude": 4.287656, "bronId": "SP00022891"}}, {"type": "Feature", "geometry": {"type": "Point", "coordinates": [4.296592, 52.01971]}, "properties": {"type": "inleverpunt", "locatieNaam": "Kruidvat 's-Gravenhage", "straatNaam": "Parijsplein", "straatNr": "1", "postcode": "2548 VL", "plaats": "'s-Gravenhage", "merk": "StichtingOPEN", "puntType": "balie", "materialen": ["batterijen", "lampen"], "uitbetaling": [], "vrijToegankelijk": false, "gemeenteBeperking": null, "openingstijden": null, "latitude": 52.01971, "longitude": 4.296592, "bronId": "SP00024620"}}, {"type": "Feature", "geometry": {"type": "Point", "coordinates": [4.284623, 52.080605]}, "properties": {"type": "inleverpunt", "locatieNaam": "1853 Albert Heijn 's-Gravenhage", "straatNaam": "Conradkade", "straatNr": "67", "postcode": "2517 BS", "plaats": "'s-Gravenhage", "merk": "StichtingOPEN", "puntType": "balie", "materialen": ["batterijen", "elektro-klein", "lampen"], "uitbetaling": [], "vrijToegankelijk": false, "gemeenteBeperking": null, "openingstijden": null, "latitude": 52.080605, "longitude": 4.284623, "bronId": "SP00022860"}}, {"type": "Feature", "geometry": {"type": "Point", "coordinates": [4.28256, 52.06597]}, "properties": {"type": "inleverpunt", "locatieNaam": "Kruidvat 's-Gravenhage", "straatNaam": "Dierenselaan", "straatNr": "226-238", "postcode": "2573 KP", "plaats": "'s-Gravenhage", "merk": "StichtingOPEN", "puntType": "balie", "materialen": ["batterijen", "lampen"], "uitbetaling": [], "vrijToegankelijk": false, "gemeenteBeperking": null, "openingstijden": null, "latitude": 52.06597, "longitude": 4.28256, "bronId": "SP00029690"}}, {"type": "Feature", "geometry": {"type": "Point", "coordinates": [4.281619, 52.075933]}, "properties": {"type": "inleverpunt", "locatieNaam": "1149 Albert Heijn 's-Gravenhage", "straatNaam": "Weimarstraat", "straatNr": "118", "postcode": "2562 HC", "plaats": "'s-Gravenhage", "merk": "StichtingOPEN", "puntType": "balie", "materialen": ["batterijen", "elektro-klein", "lampen"], "uitbetaling": [], "vrijToegankelijk": false, "gemeenteBeperking": null, "openingstijden": null, "latitude": 52.075933, "longitude": 4.281619, "bronId": "SP00022851"}}, {"type": "Feature", "geometry": {"type": "Point", "coordinates": [4.28021, 52.106932]}, "properties": {"type": "inleverpunt", "locatieNaam": "Stadsboerderij Waaygat", "straatNaam": "Havenkade", "straatNr": "75", "postcode": "2586 TW", "plaats": "'s-Gravenhage", "merk": "StichtingOPEN", "puntType": "balie", "materialen": ["elektro-klein"], "uitbetaling": [], "vrijToegankelijk": false, "gemeenteBeperking": null, "openingstijden": null, "latitude": 52.106932, "longitude": 4.28021, "bronId": "SP00004170"}}, {"type": "Feature", "geometry": {"type": "Point", "coordinates": [4.281745, 52.066018]}, "properties": {"type": "inleverpunt", "locatieNaam": "1544 Albert Heijn 's-Gravenhage", "straatNaam": "Apeldoornselaan", "straatNr": "266", "postcode": "2573 LW", "plaats": "'s-Gravenhage", "merk": "StichtingOPEN", "puntType": "balie", "materialen": ["batterijen", "elektro-klein", "lampen"], "uitbetaling": [], "vrijToegankelijk": false, "gemeenteBeperking": null, "openingstijden": null, "latitude": 52.066018, "longitude": 4.281745, "bronId": "SP00022842"}}, {"type": "Feature", "geometry": {"type": "Point", "coordinates": [4.279669, 52.085365]}, "properties": {"type": "inleverpunt", "locatieNaam": "NTerra BV", "straatNaam": "Valeriusstraat", "straatNr": "35", "postcode": "2517 HN", "plaats": "'s-Gravenhage", "merk": "StichtingOPEN", "puntType": "balie", "materialen": ["elektro-klein"], "uitbetaling": [], "vrijToegankelijk": false, "gemeenteBeperking": null, "openingstijden": null, "latitude": 52.085365, "longitude": 4.279669, "bronId": "SP00031655"}}, {"type": "Feature", "geometry": {"type": "Point", "coordinates": [4.279029, 52.104767]}, "properties": {"type": "inleverpunt", "locatieNaam": "61320 Hubo Scheveningen", "straatNaam": "Badhuisstraat", "straatNr": "95", "postcode": "2584 HE", "plaats": "'s-Gravenhage", "merk": "StichtingOPEN", "puntType": "balie", "materialen": ["elektro-middel", "lampen", "tl-buizen"], "uitbetaling": [], "vrijToegankelijk": false, "gemeenteBeperking": null, "openingstijden": null, "latitude": 52.104767, "longitude": 4.279029, "bronId": "SP00003501"}}, {"type": "Feature", "geometry": {"type": "Point", "coordinates": [4.27994, 52.07509]}, "properties": {"type": "inleverpunt", "locatieNaam": "Jumbo 's-Gravenhage", "straatNaam": "Weimarstraat", "straatNr": "180", "postcode": "2562 HP", "plaats": "'s-Gravenhage", "merk": "StichtingOPEN", "puntType": "balie", "materialen": ["batterijen", "elektro-klein", "lampen"], "uitbetaling": [], "vrijToegankelijk": false, "gemeenteBeperking": null, "openingstijden": null, "latitude": 52.07509, "longitude": 4.27994, "bronId": "SP00029926"}}, {"type": "Feature", "geometry": {"type": "Point", "coordinates": [4.278264, 52.103021]}, "properties": {"type": "inleverpunt", "locatieNaam": "530 Hoogvliet 's-Gravenhage", "straatNaam": "Badhuisstraat", "straatNr": "401", "postcode": "2584 HJ", "plaats": "'s-Gravenhage", "merk": "StichtingOPEN", "puntType": "balie", "materialen": ["batterijen", "lampen"], "uitbetaling": [], "vrijToegankelijk": false, "gemeenteBeperking": null, "openingstijden": null, "latitude": 52.103021, "longitude": 4.278264, "bronId": "SP00023944"}}, {"type": "Feature", "geometry": {"type": "Point", "coordinates": [4.27731, 52.094271]}, "properties": {"type": "inleverpunt", "locatieNaam": "1287 Albert Heijn 's-Gravenhage", "straatNaam": "Frederik Hendriklaan", "straatNr": "80", "postcode": "2582 BE", "plaats": "'s-Gravenhage", "merk": "StichtingOPEN", "puntType": "balie", "materialen": ["batterijen", "lampen"], "uitbetaling": [], "vrijToegankelijk": false, "gemeenteBeperking": null, "openingstijden": null, "latitude": 52.094271, "longitude": 4.27731, "bronId": "SP00022879"}}, {"type": "Feature", "geometry": {"type": "Point", "coordinates": [4.279568, 52.058709]}, "properties": {"type": "inleverpunt", "locatieNaam": "Stadsboerderij Herweijerhoeve", "straatNaam": "Anna Polakweg", "straatNr": "7", "postcode": "2533 SW", "plaats": "'s-Gravenhage", "merk": "StichtingOPEN", "puntType": "balie", "materialen": ["elektro-klein"], "uitbetaling": [], "vrijToegankelijk": false, "gemeenteBeperking": null, "openingstijden": null, "latitude": 52.058709, "longitude": 4.279568, "bronId": "SP00004165"}}, {"type": "Feature", "geometry": {"type": "Point", "coordinates": [4.276431, 52.103661]}, "properties": {"type": "inleverpunt", "locatieNaam": "Kruidvat 's-Gravenhage", "straatNaam": "Keizerstraat", "straatNr": "331", "postcode": "2584 BG", "plaats": "'s-Gravenhage", "merk": "StichtingOPEN", "puntType": "balie", "materialen": ["batterijen", "lampen"], "uitbetaling": [], "vrijToegankelijk": false, "gemeenteBeperking": null, "openingstijden": null, "latitude": 52.103661, "longitude": 4.276431, "bronId": "SP00024665"}}, {"type": "Feature", "geometry": {"type": "Point", "coordinates": [4.276282, 52.104178]}, "properties": {"type": "inleverpunt", "locatieNaam": "1595 Albert Heijn 's-Gravenhage", "straatNaam": "Keizerstraat", "straatNr": "342", "postcode": "2584 BP", "plaats": "'s-Gravenhage", "merk": "StichtingOPEN", "puntType": "balie", "materialen": ["batterijen", "elektro-klein", "lampen"], "uitbetaling": [], "vrijToegankelijk": false, "gemeenteBeperking": null, "openingstijden": null, "latitude": 52.104178, "longitude": 4.276282, "bronId": "SP00022886"}}, {"type": "Feature", "geometry": {"type": "Point", "coordinates": [4.275095, 52.072529]}, "properties": {"type": "inleverpunt", "locatieNaam": "1801 Albert Heijn 's-Gravenhage", "straatNaam": "Valkenboslaan", "straatNr": "173e", "postcode": "2563 CK", "plaats": "'s-Gravenhage", "merk": "StichtingOPEN", "puntType": "balie", "materialen": ["batterijen", "lampen"], "uitbetaling": [], "vrijToegankelijk": false, "gemeenteBeperking": null, "openingstijden": null, "latitude": 52.072529, "longitude": 4.275095, "bronId": "SP00023287"}}, {"type": "Feature", "geometry": {"type": "Point", "coordinates": [4.273785, 52.100361]}, "properties": {"type": "inleverpunt", "locatieNaam": "Aldi Scheveningen", "straatNaam": "Westduinweg", "straatNr": "1245", "postcode": "2583 AV", "plaats": "Scheveningen", "merk": "StichtingOPEN", "puntType": "balie", "materialen": ["batterijen", "elektro-klein", "lampen"], "uitbetaling": [], "vrijToegankelijk": false, "gemeenteBeperking": null, "openingstijden": null, "latitude": 52.100361, "longitude": 4.273785, "bronId": "SP00027239"}}, {"type": "Feature", "geometry": {"type": "Point", "coordinates": [4.2779, 52.04708]}, "properties": {"type": "inleverpunt", "locatieNaam": "Xenos 's-Gravenhage", "straatNaam": "Leyweg", "straatNr": "709", "postcode": "2545 GM", "plaats": "'s-Gravenhage", "merk": "StichtingOPEN", "puntType": "balie", "materialen": ["batterijen", "lampen"], "uitbetaling": [], "vrijToegankelijk": false, "gemeenteBeperking": null, "openingstijden": null, "latitude": 52.04708, "longitude": 4.2779, "bronId": "SP00029947"}}, {"type": "Feature", "geometry": {"type": "Point", "coordinates": [4.277695, 52.047079]}, "properties": {"type": "inleverpunt", "locatieNaam": "300 Hoogvliet 's-Gravenhage", "straatNaam": "Leyweg", "straatNr": "709r", "postcode": "2545 GM", "plaats": "'s-Gravenhage", "merk": "StichtingOPEN", "puntType": "balie", "materialen": ["batterijen", "lampen"], "uitbetaling": [], "vrijToegankelijk": false, "gemeenteBeperking": null, "openingstijden": null, "latitude": 52.047079, "longitude": 4.277695, "bronId": "SP00023924"}}, {"type": "Feature", "geometry": {"type": "Point", "coordinates": [4.277645, 52.047085]}, "properties": {"type": "inleverpunt", "locatieNaam": "Kruidvat 's-Gravenhage", "straatNaam": "Leyweg", "straatNr": "709m", "postcode": "2545 GM", "plaats": "'s-Gravenhage", "merk": "StichtingOPEN", "puntType": "balie", "materialen": ["batterijen", "elektro-klein", "lampen"], "uitbetaling": [], "vrijToegankelijk": false, "gemeenteBeperking": null, "openingstijden": null, "latitude": 52.047085, "longitude": 4.277645, "bronId": "SP00024889"}}, {"type": "Feature", "geometry": {"type": "Point", "coordinates": [4.277243, 52.046409]}, "properties": {"type": "inleverpunt", "locatieNaam": "Action Den Haag 1305", "straatNaam": "Leyweg", "straatNr": "707m", "postcode": "2545 GM", "plaats": "'s-Gravenhage", "merk": "StichtingOPEN", "puntType": "balie", "materialen": ["batterijen", "lampen"], "uitbetaling": [], "vrijToegankelijk": false, "gemeenteBeperking": null, "openingstijden": null, "latitude": 52.046409, "longitude": 4.277243, "bronId": "SP00007872"}}, {"type": "Feature", "geometry": {"type": "Point", "coordinates": [4.277243, 52.046409]}, "properties": {"type": "inleverpunt", "locatieNaam": "Action Den Haag", "straatNaam": "Leyweg", "straatNr": "707M", "postcode": "2545 GM", "plaats": "'s-Gravenhage", "merk": "StichtingOPEN", "puntType": "balie", "materialen": ["batterijen", "elektro-klein", "lampen"], "uitbetaling": [], "vrijToegankelijk": false, "gemeenteBeperking": null, "openingstijden": null, "latitude": 52.046409, "longitude": 4.277243, "bronId": "SP00035117"}}, {"type": "Feature", "geometry": {"type": "Point", "coordinates": [4.276695, 52.04832]}, "properties": {"type": "inleverpunt", "locatieNaam": "Kruidvat 's-Gravenhage", "straatNaam": "Leyweg", "straatNr": "940p", "postcode": "2545 GV", "plaats": "'s-Gravenhage", "merk": "StichtingOPEN", "puntType": "balie", "materialen": ["batterijen", "lampen"], "uitbetaling": [], "vrijToegankelijk": false, "gemeenteBeperking": null, "openingstijden": null, "latitude": 52.04832, "longitude": 4.276695, "bronId": "SP00024641"}}, {"type": "Feature", "geometry": {"type": "Point", "coordinates": [4.275545, 52.055579]}, "properties": {"type": "inleverpunt", "locatieNaam": "Lidl 's-Gravenhage", "straatNaam": "Almeloplein", "straatNr": "7375", "postcode": "2533 AD", "plaats": "'s-Gravenhage", "merk": "StichtingOPEN", "puntType": "balie", "materialen": ["batterijen", "lampen"], "uitbetaling": [], "vrijToegankelijk": false, "gemeenteBeperking": null, "openingstijden": null, "latitude": 52.055579, "longitude": 4.275545, "bronId": "SP00025642"}}, {"type": "Feature", "geometry": {"type": "Point", "coordinates": [4.276419, 52.048666]}, "properties": {"type": "inleverpunt", "locatieNaam": "Droppie - Leyweg", "straatNaam": "Leyweg", "straatNr": "940T", "postcode": "2545 GV", "plaats": "'s-Gravenhage", "merk": "StichtingOPEN", "puntType": "balie", "materialen": ["batterijen", "elektro-groot", "elektro-klein", "elektro-middel", "lampen", "tl-buizen"], "uitbetaling": [], "vrijToegankelijk": false, "gemeenteBeperking": null, "openingstijden": null, "latitude": 52.048666, "longitude": 4.276419, "bronId": "SP00041673"}}, {"type": "Feature", "geometry": {"type": "Point", "coordinates": [4.275328, 52.04955]}, "properties": {"type": "inleverpunt", "locatieNaam": "Jumbo 's-Gravenhage", "straatNaam": "Leyweg", "straatNr": "922k", "postcode": "2545 GV", "plaats": "'s-Gravenhage", "merk": "StichtingOPEN", "puntType": "balie", "materialen": ["batterijen", "lampen"], "uitbetaling": [], "vrijToegankelijk": false, "gemeenteBeperking": null, "openingstijden": null, "latitude": 52.04955, "longitude": 4.275328, "bronId": "SP00025210"}}, {"type": "Feature", "geometry": {"type": "Point", "coordinates": [4.270031, 52.09705]}, "properties": {"type": "inleverpunt", "locatieNaam": "Jumbo 's-Gravenhage", "straatNaam": "Van Bergenstraat", "straatNr": "7", "postcode": "2583 CS", "plaats": "'s-Gravenhage", "merk": "StichtingOPEN", "puntType": "balie", "materialen": ["batterijen", "lampen"], "uitbetaling": [], "vrijToegankelijk": false, "gemeenteBeperking": null, "openingstijden": null, "latitude": 52.09705, "longitude": 4.270031, "bronId": "SP00025480"}}, {"type": "Feature", "geometry": {"type": "Point", "coordinates": [4.270682, 52.076989]}, "properties": {"type": "inleverpunt", "locatieNaam": "PLUS 's-Gravenhage", "straatNaam": "Fahrenheitstraat", "straatNr": "436", "postcode": "2561 DG", "plaats": "'s-Gravenhage", "merk": "StichtingOPEN", "puntType": "balie", "materialen": ["batterijen", "lampen"], "uitbetaling": [], "vrijToegankelijk": false, "gemeenteBeperking": null, "openingstijden": null, "latitude": 52.076989, "longitude": 4.270682, "bronId": "SP00024055"}}, {"type": "Feature", "geometry": {"type": "Point", "coordinates": [4.269742, 52.096725]}, "properties": {"type": "inleverpunt", "locatieNaam": "Action Scheveningen 1336", "straatNaam": "Koppelstokstraat", "straatNr": "18", "postcode": "2583 CE", "plaats": "'s-Gravenhage", "merk": "StichtingOPEN", "puntType": "balie", "materialen": ["batterijen", "lampen"], "uitbetaling": [], "vrijToegankelijk": false, "gemeenteBeperking": null, "openingstijden": null, "latitude": 52.096725, "longitude": 4.269742, "bronId": "SP00007901"}}, {"type": "Feature", "geometry": {"type": "Point", "coordinates": [4.27058, 52.077169]}, "properties": {"type": "inleverpunt", "locatieNaam": "Cleancycle - Droppie Fahrenheitstraat", "straatNaam": "Fahrenheitstraat", "straatNr": "436A", "postcode": "2561 DG", "plaats": "'s-Gravenhage", "merk": "StichtingOPEN", "puntType": "balie", "materialen": ["batterijen", "elektro-klein", "lampen"], "uitbetaling": [], "vrijToegankelijk": false, "gemeenteBeperking": null, "openingstijden": null, "latitude": 52.077169, "longitude": 4.27058, "bronId": "SP00040143"}}, {"type": "Feature", "geometry": {"type": "Point", "coordinates": [4.27036, 52.07746]}, "properties": {"type": "inleverpunt", "locatieNaam": "Kruidvat 's-Gravenhage", "straatNaam": "Fahrenheitstraat", "straatNr": "448", "postcode": "2561 DG", "plaats": "'s-Gravenhage", "merk": "StichtingOPEN", "puntType": "balie", "materialen": ["batterijen", "lampen"], "uitbetaling": [], "vrijToegankelijk": false, "gemeenteBeperking": null, "openingstijden": null, "latitude": 52.07746, "longitude": 4.27036, "bronId": "SP00029601"}}, {"type": "Feature", "geometry": {"type": "Point", "coordinates": [4.270064, 52.062163]}, "properties": {"type": "inleverpunt", "locatieNaam": "1290 Albert Heijn 's-Gravenhage", "straatNaam": "Escamplaan", "straatNr": "281", "postcode": "2547 EA", "plaats": "'s-Gravenhage", "merk": "StichtingOPEN", "puntType": "balie", "materialen": ["batterijen", "elektro-klein", "lampen"], "uitbetaling": [], "vrijToegankelijk": false, "gemeenteBeperking": null, "openingstijden": null, "latitude": 52.062163, "longitude": 4.270064, "bronId": "SP00022838"}}, {"type": "Feature", "geometry": {"type": "Point", "coordinates": [4.268772, 52.069811]}, "properties": {"type": "inleverpunt", "locatieNaam": "Stadsboerderij Gagelhoeve", "straatNaam": "Mient", "straatNr": "210", "postcode": "2564 KR", "plaats": "'s-Gravenhage", "merk": "StichtingOPEN", "puntType": "balie", "materialen": ["elektro-klein"], "uitbetaling": [], "vrijToegankelijk": false, "gemeenteBeperking": null, "openingstijden": null, "latitude": 52.069811, "longitude": 4.268772, "bronId": "SP00004178"}}, {"type": "Feature", "geometry": {"type": "Point", "coordinates": [4.267891, 52.080443]}, "properties": {"type": "inleverpunt", "locatieNaam": "1226 Albert Heijn 's-Gravenhage", "straatNaam": "Fahrenheitstraat", "straatNr": "709", "postcode": "2561 DE", "plaats": "'s-Gravenhage", "merk": "StichtingOPEN", "puntType": "balie", "materialen": ["batterijen", "elektro-klein", "lampen"], "uitbetaling": [], "vrijToegankelijk": false, "gemeenteBeperking": null, "openingstijden": null, "latitude": 52.080443, "longitude": 4.267891, "bronId": "SP00022859"}}, {"type": "Feature", "geometry": {"type": "Point", "coordinates": [4.269251, 52.062356]}, "properties": {"type": "inleverpunt", "locatieNaam": "Jumbo 's-Gravenhage", "straatNaam": "Volendamlaan", "straatNr": "670", "postcode": "2547 CK", "plaats": "'s-Gravenhage", "merk": "StichtingOPEN", "puntType": "balie", "materialen": ["batterijen", "lampen"], "uitbetaling": [], "vrijToegankelijk": false, "gemeenteBeperking": null, "openingstijden": null, "latitude": 52.062356, "longitude": 4.269251, "bronId": "SP00025484"}}, {"type": "Feature", "geometry": {"type": "Point", "coordinates": [4.266362, 52.095069]}, "properties": {"type": "inleverpunt", "locatieNaam": "GAMMA Den Haag-Scheveningen", "straatNaam": "Dr. Lelykade", "straatNr": "220", "postcode": "2583 CP", "plaats": "'s-Gravenhage", "merk": "StichtingOPEN", "puntType": "balie", "materialen": ["batterijen", "elektro-middel", "lampen", "tl-buizen"], "uitbetaling": [], "vrijToegankelijk": false, "gemeenteBeperking": null, "openingstijden": null, "latitude": 52.095069, "longitude": 4.266362, "bronId": "SP00003013"}}, {"type": "Feature", "geometry": {"type": "Point", "coordinates": [4.266683, 52.035667]}, "properties": {"type": "inleverpunt", "locatieNaam": "Action Den Haag 1278", "straatNaam": "Ambachtsgaarde", "straatNr": "6", "postcode": "2542 EE", "plaats": "'s-Gravenhage", "merk": "StichtingOPEN", "puntType": "balie", "materialen": ["batterijen", "lampen"], "uitbetaling": [], "vrijToegankelijk": false, "gemeenteBeperking": null, "openingstijden": null, "latitude": 52.035667, "longitude": 4.266683, "bronId": "SP00007850"}}, {"type": "Feature", "geometry": {"type": "Point", "coordinates": [4.25999, 52.07691]}, "properties": {"type": "inleverpunt", "locatieNaam": "Kruidvat 's-Gravenhage", "straatNaam": "Goudsbloemlaan", "straatNr": "111-115", "postcode": "2565 CR", "plaats": "'s-Gravenhage", "merk": "StichtingOPEN", "puntType": "balie", "materialen": ["batterijen", "lampen"], "uitbetaling": [], "vrijToegankelijk": false, "gemeenteBeperking": null, "openingstijden": null, "latitude": 52.07691, "longitude": 4.25999, "bronId": "SP00029576"}}, {"type": "Feature", "geometry": {"type": "Point", "coordinates": [4.263277, 52.041339]}, "properties": {"type": "inleverpunt", "locatieNaam": "Aldi Den Haag", "straatNaam": "Lange Stede", "straatNr": "4-6", "postcode": "2543 VG", "plaats": "Den Haag", "merk": "StichtingOPEN", "puntType": "balie", "materialen": ["batterijen", "elektro-klein", "lampen"], "uitbetaling": [], "vrijToegankelijk": false, "gemeenteBeperking": null, "openingstijden": null, "latitude": 52.041339, "longitude": 4.263277, "bronId": "SP00027213"}}, {"type": "Feature", "geometry": {"type": "Point", "coordinates": [4.257651, 52.089783]}, "properties": {"type": "inleverpunt", "locatieNaam": "610 Hoogvliet 's-Gravenhage", "straatNaam": "Tesselseplein", "straatNr": "37", "postcode": "2583 HR", "plaats": "'s-Gravenhage", "merk": "StichtingOPEN", "puntType": "balie", "materialen": ["batterijen", "lampen"], "uitbetaling": [], "vrijToegankelijk": false, "gemeenteBeperking": null, "openingstijden": null, "latitude": 52.089783, "longitude": 4.257651, "bronId": "SP00023951"}}, {"type": "Feature", "geometry": {"type": "Point", "coordinates": [4.26103, 52.042977]}, "properties": {"type": "inleverpunt", "locatieNaam": "1028 Albert Heijn 's-Gravenhage", "straatNaam": "De Stede", "straatNr": "10", "postcode": "2543 BG", "plaats": "'s-Gravenhage", "merk": "StichtingOPEN", "puntType": "balie", "materialen": ["batterijen", "elektro-klein", "lampen"], "uitbetaling": [], "vrijToegankelijk": false, "gemeenteBeperking": null, "openingstijden": null, "latitude": 52.042977, "longitude": 4.26103, "bronId": "SP00022820"}}, {"type": "Feature", "geometry": {"type": "Point", "coordinates": [4.258504, 52.054158]}, "properties": {"type": "inleverpunt", "locatieNaam": "Buurtboerderij de Nijkamphoeve", "straatNaam": "Escamplaan", "straatNr": "1750", "postcode": "2547 HG", "plaats": "'s-Gravenhage", "merk": "StichtingOPEN", "puntType": "balie", "materialen": ["elektro-klein"], "uitbetaling": [], "vrijToegankelijk": false, "gemeenteBeperking": null, "openingstijden": null, "latitude": 52.054158, "longitude": 4.258504, "bronId": "SP00005502"}}, {"type": "Feature", "geometry": {"type": "Point", "coordinates": [4.257485, 52.06241]}, "properties": {"type": "inleverpunt", "locatieNaam": "Gamma 's-Gravenhage", "straatNaam": "Oude Haagweg", "straatNr": "503507", "postcode": "2552 GG", "plaats": "'s-Gravenhage", "merk": "StichtingOPEN", "puntType": "balie", "materialen": ["batterijen", "elektro-middel", "lampen"], "uitbetaling": [], "vrijToegankelijk": false, "gemeenteBeperking": null, "openingstijden": null, "latitude": 52.06241, "longitude": 4.257485, "bronId": "SP00025741"}}, {"type": "Feature", "geometry": {"type": "Point", "coordinates": [4.25972, 52.044026]}, "properties": {"type": "inleverpunt", "locatieNaam": "Lidl 's-Gravenhage", "straatNaam": "De Stede", "straatNr": "23", "postcode": "2543 BG", "plaats": "'s-Gravenhage", "merk": "StichtingOPEN", "puntType": "balie", "materialen": ["batterijen", "lampen"], "uitbetaling": [], "vrijToegankelijk": false, "gemeenteBeperking": null, "openingstijden": null, "latitude": 52.044026, "longitude": 4.25972, "bronId": "SP00025649"}}, {"type": "Feature", "geometry": {"type": "Point", "coordinates": [4.254305, 52.060249]}, "properties": {"type": "inleverpunt", "locatieNaam": "GAMMA Den Haag-Loosduinen", "straatNaam": "Oude Haagweg", "straatNr": "503", "postcode": "2552 GG", "plaats": "'s-Gravenhage", "merk": "StichtingOPEN", "puntType": "balie", "materialen": ["elektro-middel", "lampen", "tl-buizen"], "uitbetaling": [], "vrijToegankelijk": false, "gemeenteBeperking": null, "openingstijden": null, "latitude": 52.060249, "longitude": 4.254305, "bronId": "SP00003011"}}, {"type": "Feature", "geometry": {"type": "Point", "coordinates": [4.250536, 52.05488]}, "properties": {"type": "inleverpunt", "locatieNaam": "1300 Albert Heijn 's-Gravenhage", "straatNaam": "Hildo Kroplaan", "straatNr": "20", "postcode": "2552 XS", "plaats": "'s-Gravenhage", "merk": "StichtingOPEN", "puntType": "balie", "materialen": ["batterijen", "lampen"], "uitbetaling": [], "vrijToegankelijk": false, "gemeenteBeperking": null, "openingstijden": null, "latitude": 52.05488, "longitude": 4.250536, "bronId": "SP00022833"}}, {"type": "Feature", "geometry": {"type": "Point", "coordinates": [4.249904, 52.054472]}, "properties": {"type": "inleverpunt", "locatieNaam": "Kruidvat 's-Gravenhage", "straatNaam": "Hildo Kroplaan", "straatNr": "8589", "postcode": "2552 XP", "plaats": "'s-Gravenhage", "merk": "StichtingOPEN", "puntType": "balie", "materialen": ["batterijen", "lampen"], "uitbetaling": [], "vrijToegankelijk": false, "gemeenteBeperking": null, "openingstijden": null, "latitude": 52.054472, "longitude": 4.249904, "bronId": "SP00024645"}}, {"type": "Feature", "geometry": {"type": "Point", "coordinates": [4.246284, 52.066442]}, "properties": {"type": "inleverpunt", "locatieNaam": "Aldi Den Haag", "straatNaam": "De Savornin Lohmanplein", "straatNr": "26-30", "postcode": "2566 AD", "plaats": "Den Haag", "merk": "StichtingOPEN", "puntType": "balie", "materialen": ["batterijen", "elektro-klein", "lampen"], "uitbetaling": [], "vrijToegankelijk": false, "gemeenteBeperking": null, "openingstijden": null, "latitude": 52.066442, "longitude": 4.246284, "bronId": "SP00027214"}}, {"type": "Feature", "geometry": {"type": "Point", "coordinates": [4.246013, 52.066444]}, "properties": {"type": "inleverpunt", "locatieNaam": "Cleancycle - Droppie Savornin", "straatNaam": "De Savornin Lohmanplein", "straatNr": "24", "postcode": "2566 AD", "plaats": "'s-Gravenhage", "merk": "StichtingOPEN", "puntType": "balie", "materialen": ["batterijen", "elektro-klein", "lampen"], "uitbetaling": [], "vrijToegankelijk": false, "gemeenteBeperking": null, "openingstijden": null, "latitude": 52.066444, "longitude": 4.246013, "bronId": "SP00040144"}}, {"type": "Feature", "geometry": {"type": "Point", "coordinates": [4.245622, 52.066557]}, "properties": {"type": "inleverpunt", "locatieNaam": "1113 Albert Heijn 's-Gravenhage", "straatNaam": "De Savornin Lohmanplein", "straatNr": "20", "postcode": "2566 AC", "plaats": "'s-Gravenhage", "merk": "StichtingOPEN", "puntType": "balie", "materialen": ["batterijen", "elektro-klein", "lampen"], "uitbetaling": [], "vrijToegankelijk": false, "gemeenteBeperking": null, "openingstijden": null, "latitude": 52.066557, "longitude": 4.245622, "bronId": "SP00023230"}}, {"type": "Feature", "geometry": {"type": "Point", "coordinates": [4.241946, 52.044648]}, "properties": {"type": "inleverpunt", "locatieNaam": "GAMMA Den Haag-Dekkershoek", "straatNaam": "Dekkershoek", "straatNr": "171", "postcode": "2552 DD", "plaats": "'s-Gravenhage", "merk": "StichtingOPEN", "puntType": "balie", "materialen": ["batterijen", "elektro-middel", "lampen", "tl-buizen"], "uitbetaling": [], "vrijToegankelijk": false, "gemeenteBeperking": null, "openingstijden": null, "latitude": 52.044648, "longitude": 4.241946, "bronId": "SP00003009"}}, {"type": "Feature", "geometry": {"type": "Point", "coordinates": [4.236617, 52.053998]}, "properties": {"type": "inleverpunt", "locatieNaam": "Kruidvat 's-Gravenhage", "straatNaam": "Loosduinse Hoofdstraat", "straatNr": "311", "postcode": "2552 AD", "plaats": "'s-Gravenhage", "merk": "StichtingOPEN", "puntType": "balie", "materialen": ["batterijen", "lampen"], "uitbetaling": [], "vrijToegankelijk": false, "gemeenteBeperking": null, "openingstijden": null, "latitude": 52.053998, "longitude": 4.236617, "bronId": "SP00024644"}}, {"type": "Feature", "geometry": {"type": "Point", "coordinates": [4.236584, 52.048212]}, "properties": {"type": "inleverpunt", "locatieNaam": "550 Hoogvliet 's-Gravenhage", "straatNaam": "Forellendaal", "straatNr": "318", "postcode": "2553 LM", "plaats": "'s-Gravenhage", "merk": "StichtingOPEN", "puntType": "balie", "materialen": ["batterijen", "lampen"], "uitbetaling": [], "vrijToegankelijk": false, "gemeenteBeperking": null, "openingstijden": null, "latitude": 52.048212, "longitude": 4.236584, "bronId": "SP00023945"}}, {"type": "Feature", "geometry": {"type": "Point", "coordinates": [4.235692, 52.053408]}, "properties": {"type": "inleverpunt", "locatieNaam": "Aldi Den Haag", "straatNaam": "Loosduinsehoofdstr.", "straatNr": "280-282", "postcode": "2552 AN", "plaats": "Den Haag", "merk": "StichtingOPEN", "puntType": "balie", "materialen": ["batterijen", "elektro-klein", "lampen"], "uitbetaling": [], "vrijToegankelijk": false, "gemeenteBeperking": null, "openingstijden": null, "latitude": 52.053408, "longitude": 4.235692, "bronId": "SP00027211"}}, {"type": "Feature", "geometry": {"type": "Point", "coordinates": [4.234304, 52.052848]}, "properties": {"type": "inleverpunt", "locatieNaam": "1845 Albert Heijn 's-Gravenhage", "straatNaam": "Loosduinse Hoofdplein", "straatNr": "260", "postcode": "2553 CT", "plaats": "'s-Gravenhage", "merk": "StichtingOPEN", "puntType": "balie", "materialen": ["batterijen", "elektro-klein", "lampen"], "uitbetaling": [], "vrijToegankelijk": false, "gemeenteBeperking": null, "openingstijden": null, "latitude": 52.052848, "longitude": 4.234304, "bronId": "SP00023291"}}, {"type": "Feature", "geometry": {"type": "Point", "coordinates": [4.230565, 52.059293]}, "properties": {"type": "inleverpunt", "locatieNaam": "Action Den Haag 1010", "straatNaam": "Alphons Diepenbrockhof", "straatNr": "49", "postcode": "2551 KH", "plaats": "'s-Gravenhage", "merk": "StichtingOPEN", "puntType": "balie", "materialen": ["batterijen", "lampen"], "uitbetaling": [], "vrijToegankelijk": false, "gemeenteBeperking": null, "openingstijden": null, "latitude": 52.059293, "longitude": 4.230565, "bronId": "SP00007614"}}, {"type": "Feature", "geometry": {"type": "Point", "coordinates": [4.227596, 52.052289]}, "properties": {"type": "inleverpunt", "locatieNaam": "Tuincentrum Ockenburg", "straatNaam": "Loosduinse Hoofdstraat", "straatNr": "875", "postcode": "2552 AH", "plaats": "'s-Gravenhage", "merk": "StichtingOPEN", "puntType": "balie", "materialen": ["batterijen", "elektro-klein", "elektro-middel", "lampen", "tl-buizen"], "uitbetaling": [], "vrijToegankelijk": false, "gemeenteBeperking": null, "openingstijden": null, "latitude": 52.052289, "longitude": 4.227596, "bronId": "SP00037781"}}, {"type": "Feature", "geometry": {"type": "Point", "coordinates": [4.291147, 52.071622]}, "properties": {"type": "inleverpunt", "locatieNaam": "ABS Centrum", "straatNaam": "Uitenhagestraat", "straatNr": "4", "postcode": "2571 VV", "plaats": "'s-Gravenhage", "merk": "StichtingOPEN", "puntType": "milieustraat", "materialen": ["batterijen", "elektro-groot", "elektro-klein", "elektro-middel", "lampen", "tl-buizen"], "uitbetaling": [], "vrijToegankelijk": false, "gemeenteBeperking": ["Den Haag"], "openingstijden": null, "latitude": 52.071622, "longitude": 4.291147, "bronId": "SP00008479"}}, {"type": "Feature", "geometry": {"type": "Point", "coordinates": [4.332426, 52.071983]}, "properties": {"type": "inleverpunt", "locatieNaam": "Haagse Milieu Services (Plutostraat)", "straatNaam": "Plutostraat", "straatNr": "1", "postcode": "2516 AL", "plaats": "'s-Gravenhage", "merk": "StichtingOPEN", "puntType": "milieustraat", "materialen": ["batterijen", "elektro-groot", "elektro-klein", "elektro-middel", "lampen", "tl-buizen"], "uitbetaling": [], "vrijToegankelijk": false, "gemeenteBeperking": ["Den Haag"], "openingstijden": null, "latitude": 52.071983, "longitude": 4.332426, "bronId": "SP00003609"}}, {"type": "Feature", "geometry": {"type": "Point", "coordinates": [4.259071, 52.050264]}, "properties": {"type": "inleverpunt", "locatieNaam": "Schroeder", "straatNaam": "Zilverstraat", "straatNr": "40", "postcode": "2544 ER", "plaats": "'s-Gravenhage", "merk": "StichtingOPEN", "puntType": "milieustraat", "materialen": ["batterijen", "elektro-groot", "elektro-klein", "elektro-middel", "lampen", "tl-buizen"], "uitbetaling": [], "vrijToegankelijk": false, "gemeenteBeperking": ["Den Haag"], "openingstijden": null, "latitude": 52.050264, "longitude": 4.259071, "bronId": "SP00004315"}}, {"type": "Feature", "geometry": {"type": "Point", "coordinates": [4.24635, 52.043598]}, "properties": {"type": "inleverpunt", "locatieNaam": "Haagse Milieu Services (De Werf)", "straatNaam": "De Werf", "straatNr": "11P", "postcode": "2544 EH", "plaats": "'s-Gravenhage", "merk": "StichtingOPEN", "puntType": "milieustraat", "materialen": ["batterijen", "elektro-groot", "elektro-klein", "elektro-middel", "lampen", "tl-buizen"], "uitbetaling": [], "vrijToegankelijk": false, "gemeenteBeperking": ["Den Haag"], "openingstijden": null, "latitude": 52.043598, "longitude": 4.24635, "bronId": "SP00003162"}}, {"type": "Feature", "geometry": {"type": "Point", "coordinates": [4.35489, 52.048855]}, "properties": {"type": "inleverpunt", "locatieNaam": "Milieustraat Rijswijk", "straatNaam": "Laan van 's-Gravenmade", "straatNr": "9", "postcode": "2495 BD", "plaats": "'s-Gravenhage", "merk": "StichtingOPEN", "puntType": "milieustraat", "materialen": ["batterijen", "elektro-groot", "elektro-klein", "elektro-middel", "lampen", "tl-buizen"], "uitbetaling": [], "vrijToegankelijk": false, "gemeenteBeperking": ["Den Haag", "Delft", "Rijswijk", "Wassenaar", "Midden-Delfland", "Leidschendam-Voorburg", "Pijnacker-Nootdorp"], "openingstijden": null, "latitude": 52.048855, "longitude": 4.35489, "bronId": "SP00002755"}}, {"type": "Feature", "geometry": {"type": "Point", "coordinates": [4.402457, 52.0647644]}, "properties": {"type": "inleverpunt", "locatieNaam": "7449 Etos", "straatNaam": "Simon Carmiggelthof", "straatNr": "165", "postcode": "2492 JR", "plaats": "Den Haag", "merk": "Stibat", "puntType": "inzamelbak", "materialen": ["batterijen"], "uitbetaling": [], "vrijToegankelijk": false, "gemeenteBeperking": null, "openingstijden": null, "latitude": 52.0647644, "longitude": 4.402457, "bronId": "L028955"}}, {"type": "Feature", "geometry": {"type": "Point", "coordinates": [4.4023885, 52.0649543]}, "properties": {"type": "inleverpunt", "locatieNaam": "Dirk", "straatNaam": "Simon Carmiggelthof", "straatNr": "258", "postcode": "2492 JN", "plaats": "Den Haag", "merk": "Stibat", "puntType": "inzamelbak", "materialen": ["batterijen"], "uitbetaling": [], "vrijToegankelijk": false, "gemeenteBeperking": null, "openingstijden": null, "latitude": 52.0649543, "longitude": 4.4023885, "bronId": "L013588"}}, {"type": "Feature", "geometry": {"type": "Point", "coordinates": [4.401492, 52.073463]}, "properties": {"type": "inleverpunt", "locatieNaam": "Kwantum", "straatNaam": "Oude Middenweg", "straatNr": "195", "postcode": "2491 AG", "plaats": "Den Haag", "merk": "Stibat", "puntType": "inzamelbak", "materialen": ["batterijen"], "uitbetaling": [], "vrijToegankelijk": false, "gemeenteBeperking": null, "openingstijden": null, "latitude": 52.073463, "longitude": 4.401492, "bronId": "L025389"}}, {"type": "Feature", "geometry": {"type": "Point", "coordinates": [4.402021, 52.0647186]}, "properties": {"type": "inleverpunt", "locatieNaam": "1332 Albert Heijn", "straatNaam": "Simon Carmiggelthof", "straatNr": "55", "postcode": "2492 JR", "plaats": "Den Haag", "merk": "Stibat", "puntType": "inzamelbak", "materialen": ["batterijen"], "uitbetaling": [], "vrijToegankelijk": false, "gemeenteBeperking": null, "openingstijden": null, "latitude": 52.0647186, "longitude": 4.402021, "bronId": "L026589"}}, {"type": "Feature", "geometry": {"type": "Point", "coordinates": [4.4016567, 52.0649319]}, "properties": {"type": "inleverpunt", "locatieNaam": "Zeeman", "straatNaam": "Simon Carmiggelthof", "straatNr": "35", "postcode": "2492 JR", "plaats": "Den Haag", "merk": "Stibat", "puntType": "inzamelbak", "materialen": ["batterijen"], "uitbetaling": [], "vrijToegankelijk": false, "gemeenteBeperking": null, "openingstijden": null, "latitude": 52.0649319, "longitude": 4.4016567, "bronId": "L027878"}}, {"type": "Feature", "geometry": {"type": "Point", "coordinates": [4.4016463, 52.0650187]}, "properties": {"type": "inleverpunt", "locatieNaam": "Bruna", "straatNaam": "Simon Carmiggelthof", "straatNr": "33", "postcode": "2492 JR", "plaats": "Den Haag", "merk": "Stibat", "puntType": "inzamelbak", "materialen": ["batterijen"], "uitbetaling": [], "vrijToegankelijk": false, "gemeenteBeperking": null, "openingstijden": null, "latitude": 52.0650187, "longitude": 4.4016463, "bronId": "L026099"}}, {"type": "Feature", "geometry": {"type": "Point", "coordinates": [4.4006591, 52.0737732]}, "properties": {"type": "inleverpunt", "locatieNaam": "Gamma", "straatNaam": "Oude Middenweg", "straatNr": "185", "postcode": "2491 AE", "plaats": "Den Haag", "merk": "Stibat", "puntType": "inzamelbak", "materialen": ["batterijen"], "uitbetaling": [], "vrijToegankelijk": false, "gemeenteBeperking": null, "openingstijden": null, "latitude": 52.0737732, "longitude": 4.4006591, "bronId": "L014717"}}, {"type": "Feature", "geometry": {"type": "Point", "coordinates": [4.4014872, 52.0649103]}, "properties": {"type": "inleverpunt", "locatieNaam": "HEMA Simon Carmiggelthof", "straatNaam": "Simon Carmiggelthof", "straatNr": "35-37", "postcode": "2492 JR", "plaats": "S Gravenhage", "merk": "Stibat", "puntType": "inzamelbak", "materialen": ["batterijen"], "uitbetaling": [], "vrijToegankelijk": false, "gemeenteBeperking": null, "openingstijden": null, "latitude": 52.0649103, "longitude": 4.4014872, "bronId": "L028304"}}, {"type": "Feature", "geometry": {"type": "Point", "coordinates": [4.3983233, 52.071119]}, "properties": {"type": "inleverpunt", "locatieNaam": "Esso", "straatNaam": "Zoetermeerse Rijweg", "straatNr": "15", "postcode": "2491 AR", "plaats": "Den Haag", "merk": "Stibat", "puntType": "inzamelbak", "materialen": ["batterijen"], "uitbetaling": [], "vrijToegankelijk": false, "gemeenteBeperking": null, "openingstijden": null, "latitude": 52.071119, "longitude": 4.3983233, "bronId": "L024949"}}, {"type": "Feature", "geometry": {"type": "Point", "coordinates": [4.3940872, 52.0573999]}, "properties": {"type": "inleverpunt", "locatieNaam": "GroenRijk", "straatNaam": "Donau", "straatNr": "119", "postcode": "2491 BB", "plaats": "Den Haag", "merk": "Stibat", "puntType": "inzamelbak", "materialen": ["batterijen"], "uitbetaling": [], "vrijToegankelijk": false, "gemeenteBeperking": null, "openingstijden": null, "latitude": 52.0573999, "longitude": 4.3940872, "bronId": "L030199"}}, {"type": "Feature", "geometry": {"type": "Point", "coordinates": [4.3904577, 52.0678047]}, "properties": {"type": "inleverpunt", "locatieNaam": "Sligro", "straatNaam": "Linge", "straatNr": "2", "postcode": "2491 BX", "plaats": "Den Haag", "merk": "Stibat", "puntType": "inzamelbak", "materialen": ["batterijen"], "uitbetaling": [], "vrijToegankelijk": false, "gemeenteBeperking": null, "openingstijden": null, "latitude": 52.0678047, "longitude": 4.3904577, "bronId": "L025586"}}, {"type": "Feature", "geometry": {"type": "Point", "coordinates": [4.370796, 52.0419601]}, "properties": {"type": "inleverpunt", "locatieNaam": "Zeeman", "straatNaam": "Oude Kustlijn", "straatNr": "125-127", "postcode": "2496 SK", "plaats": "Den Haag", "merk": "Stibat", "puntType": "inzamelbak", "materialen": ["batterijen"], "uitbetaling": [], "vrijToegankelijk": false, "gemeenteBeperking": null, "openingstijden": null, "latitude": 52.0419601, "longitude": 4.370796, "bronId": "L021844"}}, {"type": "Feature", "geometry": {"type": "Point", "coordinates": [4.3705167, 52.0418189]}, "properties": {"type": "inleverpunt", "locatieNaam": "Intertoys", "straatNaam": "Oude Kustlijn", "straatNr": "121", "postcode": "2496 SK", "plaats": "Den Haag", "merk": "Stibat", "puntType": "inzamelbak", "materialen": ["batterijen"], "uitbetaling": [], "vrijToegankelijk": false, "gemeenteBeperking": null, "openingstijden": null, "latitude": 52.0418189, "longitude": 4.3705167, "bronId": "L022138"}}, {"type": "Feature", "geometry": {"type": "Point", "coordinates": [4.3703454, 52.0418702]}, "properties": {"type": "inleverpunt", "locatieNaam": "Kruidvat", "straatNaam": "Oude Kustlijn", "straatNr": "104", "postcode": "2496 SJ", "plaats": "Den Haag", "merk": "Stibat", "puntType": "inzamelbak", "materialen": ["batterijen"], "uitbetaling": [], "vrijToegankelijk": false, "gemeenteBeperking": null, "openingstijden": null, "latitude": 52.0418702, "longitude": 4.3703454, "bronId": "L014417"}}, {"type": "Feature", "geometry": {"type": "Point", "coordinates": [4.3698571, 52.0418975]}, "properties": {"type": "inleverpunt", "locatieNaam": "MediaGek", "straatNaam": "Kling", "straatNr": "12", "postcode": "2496 SB", "plaats": "Den Haag", "merk": "Stibat", "puntType": "inzamelbak", "materialen": ["batterijen"], "uitbetaling": [], "vrijToegankelijk": false, "gemeenteBeperking": null, "openingstijden": null, "latitude": 52.0418975, "longitude": 4.3698571, "bronId": "L038788"}}, {"type": "Feature", "geometry": {"type": "Point", "coordinates": [4.3698413, 52.0415618]}, "properties": {"type": "inleverpunt", "locatieNaam": "HEMA Den Haag - Ypenburg", "straatNaam": "Oude Kustlijn", "straatNr": "90", "postcode": "2496 SE", "plaats": "Den Haag", "merk": "Stibat", "puntType": "inzamelbak", "materialen": ["batterijen"], "uitbetaling": [], "vrijToegankelijk": false, "gemeenteBeperking": null, "openingstijden": null, "latitude": 52.0415618, "longitude": 4.3698413, "bronId": "L046839"}}, {"type": "Feature", "geometry": {"type": "Point", "coordinates": [4.3661368, 52.0654522]}, "properties": {"type": "inleverpunt", "locatieNaam": "Sligro", "straatNaam": "Westvlietweg", "straatNr": "62", "postcode": "2491 ED", "plaats": "Den Haag", "merk": "Stibat", "puntType": "inzamelbak", "materialen": ["batterijen"], "uitbetaling": [], "vrijToegankelijk": false, "gemeenteBeperking": null, "openingstijden": null, "latitude": 52.0654522, "longitude": 4.3661368, "bronId": "L026257"}}, {"type": "Feature", "geometry": {"type": "Point", "coordinates": [4.3693404, 52.0413245]}, "properties": {"type": "inleverpunt", "locatieNaam": "570 Hoogvliet", "straatNaam": "Oude Kustlijn", "straatNr": "82", "postcode": "2496 SE", "plaats": "Den Haag", "merk": "Stibat", "puntType": "inzamelbak", "materialen": ["batterijen"], "uitbetaling": [], "vrijToegankelijk": false, "gemeenteBeperking": null, "openingstijden": null, "latitude": 52.0413245, "longitude": 4.3693404, "bronId": "L036532"}}, {"type": "Feature", "geometry": {"type": "Point", "coordinates": [4.3693349, 52.0413362]}, "properties": {"type": "inleverpunt", "locatieNaam": "Jumbo", "straatNaam": "Oude Kustlijn", "straatNr": "6", "postcode": "2496 SE", "plaats": "Den Haag", "merk": "Stibat", "puntType": "inzamelbak", "materialen": ["batterijen"], "uitbetaling": [], "vrijToegankelijk": false, "gemeenteBeperking": null, "openingstijden": null, "latitude": 52.0413362, "longitude": 4.3693349, "bronId": "L032333"}}, {"type": "Feature", "geometry": {"type": "Point", "coordinates": [4.3690545, 52.0408484]}, "properties": {"type": "inleverpunt", "locatieNaam": "Primera", "straatNaam": "Oude Kustlijn", "straatNr": "87", "postcode": "2496 SK", "plaats": "Den Haag", "merk": "Stibat", "puntType": "inzamelbak", "materialen": ["batterijen"], "uitbetaling": [], "vrijToegankelijk": false, "gemeenteBeperking": null, "openingstijden": null, "latitude": 52.0408484, "longitude": 4.3690545, "bronId": "L024054"}}, {"type": "Feature", "geometry": {"type": "Point", "coordinates": [4.3688983, 52.0406255]}, "properties": {"type": "inleverpunt", "locatieNaam": "7701 Etos", "straatNaam": "Oude Kustlijn", "straatNr": "89", "postcode": "2496 SK", "plaats": "Den Haag", "merk": "Stibat", "puntType": "inzamelbak", "materialen": ["batterijen"], "uitbetaling": [], "vrijToegankelijk": false, "gemeenteBeperking": null, "openingstijden": null, "latitude": 52.0406255, "longitude": 4.3688983, "bronId": "L024538"}}, {"type": "Feature", "geometry": {"type": "Point", "coordinates": [4.3627386, 52.0970987]}, "properties": {"type": "inleverpunt", "locatieNaam": "Melzen2wielers", "straatNaam": "Ursulaland", "straatNr": "62", "postcode": "2591 HA", "plaats": "Den Haag", "merk": "Stibat", "puntType": "inzamelbak", "materialen": ["batterijen"], "uitbetaling": [], "vrijToegankelijk": false, "gemeenteBeperking": null, "openingstijden": null, "latitude": 52.0970987, "longitude": 4.3627386, "bronId": "L032996"}}, {"type": "Feature", "geometry": {"type": "Point", "coordinates": [4.3626605, 52.0971084]}, "properties": {"type": "inleverpunt", "locatieNaam": "Plus", "straatNaam": "Ursulaland", "straatNr": "70 - 84", "postcode": "2591 HA", "plaats": "Den Haag", "merk": "Stibat", "puntType": "inzamelbak", "materialen": ["batterijen"], "uitbetaling": [], "vrijToegankelijk": false, "gemeenteBeperking": null, "openingstijden": null, "latitude": 52.0971084, "longitude": 4.3626605, "bronId": "L013263"}}, {"type": "Feature", "geometry": {"type": "Point", "coordinates": [4.3589028, 52.0927611]}, "properties": {"type": "inleverpunt", "locatieNaam": "160 Hoogvliet", "straatNaam": "'t Kleine Loo", "straatNr": "270", "postcode": "2592 CK", "plaats": "Den Haag", "merk": "Stibat", "puntType": "inzamelbak", "materialen": ["batterijen"], "uitbetaling": [], "vrijToegankelijk": false, "gemeenteBeperking": null, "openingstijden": null, "latitude": 52.0927611, "longitude": 4.3589028, "bronId": "L010181"}}, {"type": "Feature", "geometry": {"type": "Point", "coordinates": [4.3588157, 52.092408]}, "properties": {"type": "inleverpunt", "locatieNaam": "Kruidvat", "straatNaam": "Het Kleine Loo", "straatNr": "416", "postcode": "2592 CK", "plaats": "Den Haag", "merk": "Stibat", "puntType": "inzamelbak", "materialen": ["batterijen"], "uitbetaling": [], "vrijToegankelijk": false, "gemeenteBeperking": null, "openingstijden": null, "latitude": 52.092408, "longitude": 4.3588157, "bronId": "L020579"}}, {"type": "Feature", "geometry": {"type": "Point", "coordinates": [4.3576468, 52.0916688]}, "properties": {"type": "inleverpunt", "locatieNaam": "1345 Action", "straatNaam": "Het Kleine Loo", "straatNr": "240", "postcode": "2592 CK", "plaats": "Den Haag", "merk": "Stibat", "puntType": "inzamelbak", "materialen": ["batterijen"], "uitbetaling": [], "vrijToegankelijk": false, "gemeenteBeperking": null, "openingstijden": null, "latitude": 52.0916688, "longitude": 4.3576468, "bronId": "L037207"}}, {"type": "Feature", "geometry": {"type": "Point", "coordinates": [4.3575037, 52.092241]}, "properties": {"type": "inleverpunt", "locatieNaam": "Wibra", "straatNaam": "Het Kleine Loo", "straatNr": "318", "postcode": "2592 CK", "plaats": "Den Haag", "merk": "Stibat", "puntType": "inzamelbak", "materialen": ["batterijen"], "uitbetaling": [], "vrijToegankelijk": false, "gemeenteBeperking": null, "openingstijden": null, "latitude": 52.092241, "longitude": 4.3575037, "bronId": "L023387"}}, {"type": "Feature", "geometry": {"type": "Point", "coordinates": [4.3572215, 52.092044]}, "properties": {"type": "inleverpunt", "locatieNaam": "Hans Anders", "straatNaam": "Het Kleine Loo", "straatNr": "324", "postcode": "2592 CK", "plaats": "Den Haag", "merk": "Stibat", "puntType": "inzamelbak", "materialen": ["batterijen"], "uitbetaling": [], "vrijToegankelijk": false, "gemeenteBeperking": null, "openingstijden": null, "latitude": 52.092044, "longitude": 4.3572215, "bronId": "L040992"}}, {"type": "Feature", "geometry": {"type": "Point", "coordinates": [4.3567534, 52.0917755]}, "properties": {"type": "inleverpunt", "locatieNaam": "1216 Albert Heijn", "straatNaam": "Het Kleine Loo", "straatNr": "342", "postcode": "2592 CK", "plaats": "Den Haag", "merk": "Stibat", "puntType": "inzamelbak", "materialen": ["batterijen"], "uitbetaling": [], "vrijToegankelijk": false, "gemeenteBeperking": null, "openingstijden": null, "latitude": 52.0917755, "longitude": 4.3567534, "bronId": "L006942"}}, {"type": "Feature", "geometry": {"type": "Point", "coordinates": [4.3595572, 52.0415733]}, "properties": {"type": "inleverpunt", "locatieNaam": "Rataplan", "straatNaam": "Laan van Waalhaven", "straatNr": "213a", "postcode": "2497 GL", "plaats": "Den Haag", "merk": "Stibat", "puntType": "inzamelbak", "materialen": ["batterijen"], "uitbetaling": [], "vrijToegankelijk": false, "gemeenteBeperking": null, "openingstijden": null, "latitude": 52.0415733, "longitude": 4.3595572, "bronId": "L045836"}}, {"type": "Feature", "geometry": {"type": "Point", "coordinates": [4.3575247, 52.0439601]}, "properties": {"type": "inleverpunt", "locatieNaam": "Picnic", "straatNaam": "Laan van Ypenburg", "straatNr": "124", "postcode": "2497 GC", "plaats": "Den Haag", "merk": "Stibat", "puntType": "inzamelbak", "materialen": ["batterijen"], "uitbetaling": [], "vrijToegankelijk": false, "gemeenteBeperking": null, "openingstijden": null, "latitude": 52.0439601, "longitude": 4.3575247, "bronId": "L043737"}}, {"type": "Feature", "geometry": {"type": "Point", "coordinates": [4.3562494, 52.0496665]}, "properties": {"type": "inleverpunt", "locatieNaam": "Praxis 2234", "straatNaam": "Laan van 's-Gravenmade", "straatNr": "81", "postcode": "2495 BD", "plaats": "Den Haag", "merk": "Stibat", "puntType": "inzamelbak", "materialen": ["batterijen"], "uitbetaling": [], "vrijToegankelijk": false, "gemeenteBeperking": null, "openingstijden": null, "latitude": 52.0496665, "longitude": 4.3562494, "bronId": "L014783"}}, {"type": "Feature", "geometry": {"type": "Point", "coordinates": [4.3591233, 52.0307172]}, "properties": {"type": "inleverpunt", "locatieNaam": "Hornbach", "straatNaam": "Singel", "straatNr": "115", "postcode": "2497 GS", "plaats": "Den Haag", "merk": "Stibat", "puntType": "inzamelbak", "materialen": ["batterijen"], "uitbetaling": [], "vrijToegankelijk": false, "gemeenteBeperking": null, "openingstijden": null, "latitude": 52.0307172, "longitude": 4.3591233, "bronId": "L039191"}}, {"type": "Feature", "geometry": {"type": "Point", "coordinates": [4.3574558, 52.0384319]}, "properties": {"type": "inleverpunt", "locatieNaam": "Breur IJzerhandel", "straatNaam": "Singel", "straatNr": "81", "postcode": "2497 GS", "plaats": "Den Haag", "merk": "Stibat", "puntType": "inzamelbak", "materialen": ["batterijen"], "uitbetaling": [], "vrijToegankelijk": false, "gemeenteBeperking": null, "openingstijden": null, "latitude": 52.0384319, "longitude": 4.3574558, "bronId": "L034556"}}, {"type": "Feature", "geometry": {"type": "Point", "coordinates": [4.3550564, 52.0487643]}, "properties": {"type": "inleverpunt", "locatieNaam": "Brengstation Rijswijk", "straatNaam": "Laan van 's-Gravenmade", "straatNr": "9", "postcode": "2495 BD", "plaats": "Den Haag", "merk": "Stibat", "puntType": "inzamelbak", "materialen": ["batterijen"], "uitbetaling": [], "vrijToegankelijk": false, "gemeenteBeperking": null, "openingstijden": null, "latitude": 52.0487643, "longitude": 4.3550564, "bronId": "L012478"}}, {"type": "Feature", "geometry": {"type": "Point", "coordinates": [4.3516779, 52.0670214]}, "properties": {"type": "inleverpunt", "locatieNaam": "KPN winkel", "straatNaam": "Maanplein", "straatNr": "138", "postcode": "2516 CK", "plaats": "Den Haag", "merk": "Stibat", "puntType": "inzamelbak", "materialen": ["batterijen"], "uitbetaling": [], "vrijToegankelijk": false, "gemeenteBeperking": null, "openingstijden": null, "latitude": 52.0670214, "longitude": 4.3516779, "bronId": "L031305"}}, {"type": "Feature", "geometry": {"type": "Point", "coordinates": [4.3492529, 52.068974]}, "properties": {"type": "inleverpunt", "locatieNaam": "Fixsupport", "straatNaam": "Regulusweg", "straatNr": "5", "postcode": "2516 AC", "plaats": "Den Haag", "merk": "Stibat", "puntType": "inzamelbak", "materialen": ["batterijen"], "uitbetaling": [], "vrijToegankelijk": false, "gemeenteBeperking": null, "openingstijden": null, "latitude": 52.068974, "longitude": 4.3492529, "bronId": "L041903"}}, {"type": "Feature", "geometry": {"type": "Point", "coordinates": [4.3427971, 52.084825]}, "properties": {"type": "inleverpunt", "locatieNaam": "Spar", "straatNaam": "Stuyvesantplein", "straatNr": "59", "postcode": "2593 EM", "plaats": "Den Haag", "merk": "Stibat", "puntType": "inzamelbak", "materialen": ["batterijen"], "uitbetaling": [], "vrijToegankelijk": false, "gemeenteBeperking": null, "openingstijden": null, "latitude": 52.084825, "longitude": 4.3427971, "bronId": "L024026"}}, {"type": "Feature", "geometry": {"type": "Point", "coordinates": [4.3419482, 52.0842846]}, "properties": {"type": "inleverpunt", "locatieNaam": "Kamera Express", "straatNaam": "Juliana van Stolberglaan", "straatNr": "177", "postcode": "2595 CD", "plaats": "Den Haag", "merk": "Stibat", "puntType": "inzamelbak", "materialen": ["batterijen"], "uitbetaling": [], "vrijToegankelijk": false, "gemeenteBeperking": null, "openingstijden": null, "latitude": 52.0842846, "longitude": 4.3419482, "bronId": "L022451"}}, {"type": "Feature", "geometry": {"type": "Point", "coordinates": [4.3398814, 52.0876277]}, "properties": {"type": "inleverpunt", "locatieNaam": "Van Woerden Tweewielers B.V.", "straatNaam": "Theresiastraat", "straatNr": "304", "postcode": "2593 AX", "plaats": "Den Haag", "merk": "Stibat", "puntType": "inzamelbak", "materialen": ["batterijen"], "uitbetaling": [], "vrijToegankelijk": false, "gemeenteBeperking": null, "openingstijden": null, "latitude": 52.0876277, "longitude": 4.3398814, "bronId": "L032998"}}, {"type": "Feature", "geometry": {"type": "Point", "coordinates": [4.3417527, 52.0633114]}, "properties": {"type": "inleverpunt", "locatieNaam": "Mastermate", "straatNaam": "Jupiterkade", "straatNr": "10", "postcode": "2516 BS", "plaats": "Den Haag", "merk": "Stibat", "puntType": "inzamelbak", "materialen": ["batterijen"], "uitbetaling": [], "vrijToegankelijk": false, "gemeenteBeperking": null, "openingstijden": null, "latitude": 52.0633114, "longitude": 4.3417527, "bronId": "L031203"}}, {"type": "Feature", "geometry": {"type": "Point", "coordinates": [4.3407937, 52.0654048]}, "properties": {"type": "inleverpunt", "locatieNaam": "Gerritse", "straatNaam": "Binckhorstlaan", "straatNr": "255", "postcode": "2516 BB", "plaats": "Den Haag", "merk": "Stibat", "puntType": "inzamelbak", "materialen": ["batterijen"], "uitbetaling": [], "vrijToegankelijk": false, "gemeenteBeperking": null, "openingstijden": null, "latitude": 52.0654048, "longitude": 4.3407937, "bronId": "L027653"}}, {"type": "Feature", "geometry": {"type": "Point", "coordinates": [4.3385401, 52.0867931]}, "properties": {"type": "inleverpunt", "locatieNaam": "Praalder B.V.", "straatNaam": "Theresiastraat", "straatNr": "159-161", "postcode": "2593 AG", "plaats": "'s-Gravenhage", "merk": "Stibat", "puntType": "inzamelbak", "materialen": ["batterijen"], "uitbetaling": [], "vrijToegankelijk": false, "gemeenteBeperking": null, "openingstijden": null, "latitude": 52.0867931, "longitude": 4.3385401, "bronId": "L046629"}}, {"type": "Feature", "geometry": {"type": "Point", "coordinates": [4.3384434, 52.0853266]}, "properties": {"type": "inleverpunt", "locatieNaam": "Fietsvoordeelshop Den Haag", "straatNaam": "Ln van Nieuw-Oost-Indie", "straatNr": "108", "postcode": "2593 BZ", "plaats": "Den Haag", "merk": "Stibat", "puntType": "inzamelbak", "materialen": ["batterijen"], "uitbetaling": [], "vrijToegankelijk": false, "gemeenteBeperking": null, "openingstijden": null, "latitude": 52.0853266, "longitude": 4.3384434, "bronId": "L032999"}}, {"type": "Feature", "geometry": {"type": "Point", "coordinates": [4.3379887, 52.0863886]}, "properties": {"type": "inleverpunt", "locatieNaam": "Droppie", "straatNaam": "Theresiastraat", "straatNr": "147", "postcode": "2593 AG", "plaats": "'s-Gravenhage", "merk": "Stibat", "puntType": "inzamelbak", "materialen": ["batterijen"], "uitbetaling": [], "vrijToegankelijk": false, "gemeenteBeperking": null, "openingstijden": null, "latitude": 52.0863886, "longitude": 4.3379887, "bronId": "L048574"}}, {"type": "Feature", "geometry": {"type": "Point", "coordinates": [4.3378852, 52.0864712]}, "properties": {"type": "inleverpunt", "locatieNaam": "910 Hoogvliet", "straatNaam": "Theresiastraat", "straatNr": "145", "postcode": "2593 AG", "plaats": "Den Haag", "merk": "Stibat", "puntType": "inzamelbak", "materialen": ["batterijen"], "uitbetaling": [], "vrijToegankelijk": false, "gemeenteBeperking": null, "openingstijden": null, "latitude": 52.0864712, "longitude": 4.3378852, "bronId": "L038216"}}, {"type": "Feature", "geometry": {"type": "Point", "coordinates": [4.336632, 52.0861709]}, "properties": {"type": "inleverpunt", "locatieNaam": "1850 Albert Heijn", "straatNaam": "Theresiastraat", "straatNr": "182", "postcode": "2593 AV", "plaats": "Den Haag", "merk": "Stibat", "puntType": "inzamelbak", "materialen": ["batterijen"], "uitbetaling": [], "vrijToegankelijk": false, "gemeenteBeperking": null, "openingstijden": null, "latitude": 52.0861709, "longitude": 4.336632, "bronId": "L026959"}}, {"type": "Feature", "geometry": {"type": "Point", "coordinates": [4.337771, 52.0679725]}, "properties": {"type": "inleverpunt", "locatieNaam": "2312 Albert Heijn", "straatNaam": "Binckhorstlaan", "straatNr": "137", "postcode": "2516 BA", "plaats": "'s-Gravenhage", "merk": "Stibat", "puntType": "inzamelbak", "materialen": ["batterijen"], "uitbetaling": [], "vrijToegankelijk": false, "gemeenteBeperking": null, "openingstijden": null, "latitude": 52.0679725, "longitude": 4.337771, "bronId": "L048225"}}, {"type": "Feature", "geometry": {"type": "Point", "coordinates": [4.3369385, 52.0701992]}, "properties": {"type": "inleverpunt", "locatieNaam": "Toolstation", "straatNaam": "Binckhorstlaan", "straatNr": "168", "postcode": "2516 BG", "plaats": "Den Haag", "merk": "Stibat", "puntType": "inzamelbak", "materialen": ["batterijen"], "uitbetaling": [], "vrijToegankelijk": false, "gemeenteBeperking": null, "openingstijden": null, "latitude": 52.0701992, "longitude": 4.3369385, "bronId": "L042524"}}, {"type": "Feature", "geometry": {"type": "Point", "coordinates": [4.3356122, 52.0715759]}, "properties": {"type": "inleverpunt", "locatieNaam": "Shell", "straatNaam": "Binckhorstlaan", "straatNr": "100", "postcode": "2516 BE", "plaats": "Den Haag", "merk": "Stibat", "puntType": "inzamelbak", "materialen": ["batterijen"], "uitbetaling": [], "vrijToegankelijk": false, "gemeenteBeperking": null, "openingstijden": null, "latitude": 52.0715759, "longitude": 4.3356122, "bronId": "L032052"}}, {"type": "Feature", "geometry": {"type": "Point", "coordinates": [4.3332919, 52.0723762]}, "properties": {"type": "inleverpunt", "locatieNaam": "Afvalbrengstation Binckhorst", "straatNaam": "Plutostraat", "straatNr": "1", "postcode": "2516 AL", "plaats": "Den Haag", "merk": "Stibat", "puntType": "inzamelbak", "materialen": ["batterijen"], "uitbetaling": [], "vrijToegankelijk": false, "gemeenteBeperking": null, "openingstijden": null, "latitude": 52.0723762, "longitude": 4.3332919, "bronId": "L035628"}}, {"type": "Feature", "geometry": {"type": "Point", "coordinates": [4.3324116, 52.0843315]}, "properties": {"type": "inleverpunt", "locatieNaam": "Nebo Foto-Video-Digitaal", "straatNaam": "Theresiastraat", "straatNr": "28", "postcode": "2593 AP", "plaats": "Den Haag", "merk": "Stibat", "puntType": "inzamelbak", "materialen": ["batterijen"], "uitbetaling": [], "vrijToegankelijk": false, "gemeenteBeperking": null, "openingstijden": null, "latitude": 52.0843315, "longitude": 4.3324116, "bronId": "L011474"}}, {"type": "Feature", "geometry": {"type": "Point", "coordinates": [4.3322251, 52.0839396]}, "properties": {"type": "inleverpunt", "locatieNaam": "1343 Albert Heijn", "straatNaam": "Theresiastraat", "straatNr": "75", "postcode": "2593 AB", "plaats": "Den Haag", "merk": "Stibat", "puntType": "inzamelbak", "materialen": ["batterijen"], "uitbetaling": [], "vrijToegankelijk": false, "gemeenteBeperking": null, "openingstijden": null, "latitude": 52.0839396, "longitude": 4.3322251, "bronId": "L006507"}}, {"type": "Feature", "geometry": {"type": "Point", "coordinates": [4.3322049, 52.0842611]}, "properties": {"type": "inleverpunt", "locatieNaam": "Trekpleister", "straatNaam": "Theresiastraat", "straatNr": "24-26", "postcode": "2593 AN", "plaats": "Den Haag", "merk": "Stibat", "puntType": "inzamelbak", "materialen": ["batterijen"], "uitbetaling": [], "vrijToegankelijk": false, "gemeenteBeperking": null, "openingstijden": null, "latitude": 52.0842611, "longitude": 4.3322049, "bronId": "L016522"}}, {"type": "Feature", "geometry": {"type": "Point", "coordinates": [4.3314309, 52.0835911]}, "properties": {"type": "inleverpunt", "locatieNaam": "Primera", "straatNaam": "Theresiastraat", "straatNr": "55", "postcode": "2593 AA", "plaats": "Den Haag", "merk": "Stibat", "puntType": "inzamelbak", "materialen": ["batterijen"], "uitbetaling": [], "vrijToegankelijk": false, "gemeenteBeperking": null, "openingstijden": null, "latitude": 52.0835911, "longitude": 4.3314309, "bronId": "L024111"}}, {"type": "Feature", "geometry": {"type": "Point", "coordinates": [4.3313164, 52.0681589]}, "properties": {"type": "inleverpunt", "locatieNaam": "1223 Action", "straatNaam": "Laakweg", "straatNr": "126d", "postcode": "2521 SC", "plaats": "Den Haag", "merk": "Stibat", "puntType": "inzamelbak", "materialen": ["batterijen"], "uitbetaling": [], "vrijToegankelijk": false, "gemeenteBeperking": null, "openingstijden": null, "latitude": 52.0681589, "longitude": 4.3313164, "bronId": "L030165"}}, {"type": "Feature", "geometry": {"type": "Point", "coordinates": [4.3300998, 52.0750658]}, "properties": {"type": "inleverpunt", "locatieNaam": "Isero Den Haag De Binckhorst", "straatNaam": "Binckhorstlaan", "straatNr": "124", "postcode": "2516 BE", "plaats": "Den Haag", "merk": "Stibat", "puntType": "inzamelbak", "materialen": ["batterijen"], "uitbetaling": [], "vrijToegankelijk": false, "gemeenteBeperking": null, "openingstijden": null, "latitude": 52.0750658, "longitude": 4.3300998, "bronId": "L042049"}}, {"type": "Feature", "geometry": {"type": "Point", "coordinates": [4.3303669, 52.0674737]}, "properties": {"type": "inleverpunt", "locatieNaam": "Aldi", "straatNaam": "Laakweg", "straatNr": "126e", "postcode": "2521 SC", "plaats": "Den Haag", "merk": "Stibat", "puntType": "inzamelbak", "materialen": ["batterijen"], "uitbetaling": [], "vrijToegankelijk": false, "gemeenteBeperking": null, "openingstijden": null, "latitude": 52.0674737, "longitude": 4.3303669, "bronId": "L041185"}}, {"type": "Feature", "geometry": {"type": "Point", "coordinates": [4.3299501, 52.0671786]}, "properties": {"type": "inleverpunt", "locatieNaam": "Jumbo", "straatNaam": "Laakweg", "straatNr": "126", "postcode": "2521 SC", "plaats": "Den Haag", "merk": "Stibat", "puntType": "inzamelbak", "materialen": ["batterijen"], "uitbetaling": [], "vrijToegankelijk": false, "gemeenteBeperking": null, "openingstijden": null, "latitude": 52.0671786, "longitude": 4.3299501, "bronId": "L005707"}}, {"type": "Feature", "geometry": {"type": "Point", "coordinates": [4.3273491, 52.0931933]}, "properties": {"type": "inleverpunt", "locatieNaam": "Energie", "straatNaam": "Sadeestraat", "straatNr": "31", "postcode": "2596 XB", "plaats": "Den Haag", "merk": "Stibat", "puntType": "inzamelbak", "materialen": ["batterijen"], "uitbetaling": [], "vrijToegankelijk": false, "gemeenteBeperking": null, "openingstijden": null, "latitude": 52.0931933, "longitude": 4.3273491, "bronId": "L033000"}}, {"type": "Feature", "geometry": {"type": "Point", "coordinates": [4.3290274, 52.0607737]}, "properties": {"type": "inleverpunt", "locatieNaam": "D.I.O.", "straatNaam": "Jan van der Heijdenstraat", "straatNr": "141-143", "postcode": "2522 EN", "plaats": "Den Haag", "merk": "Stibat", "puntType": "inzamelbak", "materialen": ["batterijen"], "uitbetaling": [], "vrijToegankelijk": false, "gemeenteBeperking": null, "openingstijden": null, "latitude": 52.0607737, "longitude": 4.3290274, "bronId": "L025015"}}, {"type": "Feature", "geometry": {"type": "Point", "coordinates": [4.3286166, 52.0608626]}, "properties": {"type": "inleverpunt", "locatieNaam": "1089 Albert Heijn", "straatNaam": "Lorentzplein", "straatNr": "76", "postcode": "2522 EH", "plaats": "Den Haag", "merk": "Stibat", "puntType": "inzamelbak", "materialen": ["batterijen"], "uitbetaling": [], "vrijToegankelijk": false, "gemeenteBeperking": null, "openingstijden": null, "latitude": 52.0608626, "longitude": 4.3286166, "bronId": "L006241"}}, {"type": "Feature", "geometry": {"type": "Point", "coordinates": [4.3256079, 52.0928785]}, "properties": {"type": "inleverpunt", "locatieNaam": "Foto Video Audio CAMEE", "straatNaam": "Breitnerlaan", "straatNr": "8", "postcode": "2596 HC", "plaats": "Den Haag", "merk": "Stibat", "puntType": "inzamelbak", "materialen": ["batterijen"], "uitbetaling": [], "vrijToegankelijk": false, "gemeenteBeperking": null, "openingstijden": null, "latitude": 52.0928785, "longitude": 4.3256079, "bronId": "L008922"}}, {"type": "Feature", "geometry": {"type": "Point", "coordinates": [4.3253614, 52.0820359]}, "properties": {"type": "inleverpunt", "locatieNaam": "Coolblue", "straatNaam": "Anna van Buerenplein", "straatNr": "7", "postcode": "2595 DA", "plaats": "Den Haag", "merk": "Stibat", "puntType": "inzamelbak", "materialen": ["batterijen"], "uitbetaling": [], "vrijToegankelijk": false, "gemeenteBeperking": null, "openingstijden": null, "latitude": 52.0820359, "longitude": 4.3253614, "bronId": "L039706"}}, {"type": "Feature", "geometry": {"type": "Point", "coordinates": [4.325215, 52.0824721]}, "properties": {"type": "inleverpunt", "locatieNaam": "Coolblue", "straatNaam": "Prinses Irenestraat", "straatNr": "25", "postcode": "2595 BD", "plaats": "Den Haag", "merk": "Stibat", "puntType": "inzamelbak", "materialen": ["batterijen"], "uitbetaling": [], "vrijToegankelijk": false, "gemeenteBeperking": null, "openingstijden": null, "latitude": 52.0824721, "longitude": 4.325215, "bronId": "L039547"}}, {"type": "Feature", "geometry": {"type": "Point", "coordinates": [4.3247523, 52.0926639]}, "properties": {"type": "inleverpunt", "locatieNaam": "Beter Horen", "straatNaam": "Van Hoytemastraat", "straatNr": "50", "postcode": "2596 ES", "plaats": "Den Haag", "merk": "Stibat", "puntType": "inzamelbak", "materialen": ["batterijen"], "uitbetaling": [], "vrijToegankelijk": false, "gemeenteBeperking": null, "openingstijden": null, "latitude": 52.0926639, "longitude": 4.3247523, "bronId": "L016844"}}, {"type": "Feature", "geometry": {"type": "Point", "coordinates": [4.3245209, 52.092996]}, "properties": {"type": "inleverpunt", "locatieNaam": "Fa F Beumer En Zn", "straatNaam": "Van Hoytemastraat", "straatNr": "72", "postcode": "2596 ES", "plaats": "Den Haag", "merk": "Stibat", "puntType": "inzamelbak", "materialen": ["batterijen"], "uitbetaling": [], "vrijToegankelijk": false, "gemeenteBeperking": null, "openingstijden": null, "latitude": 52.092996, "longitude": 4.3245209, "bronId": "L021430"}}, {"type": "Feature", "geometry": {"type": "Point", "coordinates": [4.3243556, 52.1044262]}, "properties": {"type": "inleverpunt", "locatieNaam": "6298 Etos", "straatNaam": "Willem Royaardsplein", "straatNr": "15", "postcode": "2597 GS", "plaats": "Den Haag", "merk": "Stibat", "puntType": "inzamelbak", "materialen": ["batterijen"], "uitbetaling": [], "vrijToegankelijk": false, "gemeenteBeperking": null, "openingstijden": null, "latitude": 52.1044262, "longitude": 4.3243556, "bronId": "L036856"}}, {"type": "Feature", "geometry": {"type": "Point", "coordinates": [4.3242862, 52.0932197]}, "properties": {"type": "inleverpunt", "locatieNaam": "Oorwerk Audiciens", "straatNaam": "Van Hoytemastraat", "straatNr": "94", "postcode": "2596 ET", "plaats": "Den Haag", "merk": "Stibat", "puntType": "inzamelbak", "materialen": ["batterijen"], "uitbetaling": [], "vrijToegankelijk": false, "gemeenteBeperking": null, "openingstijden": null, "latitude": 52.0932197, "longitude": 4.3242862, "bronId": "L031373"}}, {"type": "Feature", "geometry": {"type": "Point", "coordinates": [4.3253475, 52.0705181]}, "properties": {"type": "inleverpunt", "locatieNaam": "Bever", "straatNaam": "Waldorpstraat", "straatNr": "15 G", "postcode": "2521 CA", "plaats": "Den Haag", "merk": "Stibat", "puntType": "inzamelbak", "materialen": ["batterijen"], "uitbetaling": [], "vrijToegankelijk": false, "gemeenteBeperking": null, "openingstijden": null, "latitude": 52.0705181, "longitude": 4.3253475, "bronId": "L019897"}}, {"type": "Feature", "geometry": {"type": "Point", "coordinates": [4.3238095, 52.0936418]}, "properties": {"type": "inleverpunt", "locatieNaam": "2222 Albert Heijn", "straatNaam": "Wassenaarseweg", "straatNr": "101", "postcode": "2596 CM", "plaats": "Den Haag", "merk": "Stibat", "puntType": "inzamelbak", "materialen": ["batterijen"], "uitbetaling": [], "vrijToegankelijk": false, "gemeenteBeperking": null, "openingstijden": null, "latitude": 52.0936418, "longitude": 4.3238095, "bronId": "L045408"}}, {"type": "Feature", "geometry": {"type": "Point", "coordinates": [4.3234521, 52.1049753]}, "properties": {"type": "inleverpunt", "locatieNaam": "1144 Albert Heijn", "straatNaam": "Theo Mann Bouwmeesterlaan", "straatNr": "9", "postcode": "2597 GV", "plaats": "Den Haag", "merk": "Stibat", "puntType": "inzamelbak", "materialen": ["batterijen"], "uitbetaling": [], "vrijToegankelijk": false, "gemeenteBeperking": null, "openingstijden": null, "latitude": 52.1049753, "longitude": 4.3234521, "bronId": "L006009"}}, {"type": "Feature", "geometry": {"type": "Point", "coordinates": [4.3240155, 52.0825792]}, "properties": {"type": "inleverpunt", "locatieNaam": "Eden Babylon Hotel", "straatNaam": "Bezuidenhoutseweg", "straatNr": "53", "postcode": "2594 AC", "plaats": "Den Haag", "merk": "Stibat", "puntType": "inzamelbak", "materialen": ["batterijen"], "uitbetaling": [], "vrijToegankelijk": false, "gemeenteBeperking": null, "openingstijden": null, "latitude": 52.0825792, "longitude": 4.3240155, "bronId": "L028022"}}, {"type": "Feature", "geometry": {"type": "Point", "coordinates": [4.3237515, 52.0815278]}, "properties": {"type": "inleverpunt", "locatieNaam": "7576 Etos", "straatNaam": "Koningin Julianaplein", "straatNr": "10-49", "postcode": "2595 AA", "plaats": "Den Haag", "merk": "Stibat", "puntType": "inzamelbak", "materialen": ["batterijen"], "uitbetaling": [], "vrijToegankelijk": false, "gemeenteBeperking": null, "openingstijden": null, "latitude": 52.0815278, "longitude": 4.3237515, "bronId": "L023202"}}, {"type": "Feature", "geometry": {"type": "Point", "coordinates": [4.3236005, 52.0815611]}, "properties": {"type": "inleverpunt", "locatieNaam": "Relay", "straatNaam": "Koningin Julianaplein", "straatNr": "10", "postcode": "2595 AA", "plaats": "Den Haag", "merk": "Stibat", "puntType": "inzamelbak", "materialen": ["batterijen"], "uitbetaling": [], "vrijToegankelijk": false, "gemeenteBeperking": null, "openingstijden": null, "latitude": 52.0815611, "longitude": 4.3236005, "bronId": "L044040"}}, {"type": "Feature", "geometry": {"type": "Point", "coordinates": [4.3235924, 52.0815674]}, "properties": {"type": "inleverpunt", "locatieNaam": "HEMA CS Den Haag", "straatNaam": "Koningin Julianaplein", "straatNr": "10", "postcode": "2595 AA", "plaats": "Den Haag", "merk": "Stibat", "puntType": "inzamelbak", "materialen": ["batterijen"], "uitbetaling": [], "vrijToegankelijk": false, "gemeenteBeperking": null, "openingstijden": null, "latitude": 52.0815674, "longitude": 4.3235924, "bronId": "L047016"}}, {"type": "Feature", "geometry": {"type": "Point", "coordinates": [4.3243458, 52.0694233]}, "properties": {"type": "inleverpunt", "locatieNaam": "Hans Struijk Fietsen", "straatNaam": "Waldorpstraat", "straatNr": "15F", "postcode": "2521 GA", "plaats": "Den Haag", "merk": "Stibat", "puntType": "inzamelbak", "materialen": ["batterijen"], "uitbetaling": [], "vrijToegankelijk": false, "gemeenteBeperking": null, "openingstijden": null, "latitude": 52.0694233, "longitude": 4.3243458, "bronId": "L032983"}}, {"type": "Feature", "geometry": {"type": "Point", "coordinates": [4.3236269, 52.0694293]}, "properties": {"type": "inleverpunt", "locatieNaam": "Struijk Fietsen", "straatNaam": "Waldorpstraat", "straatNr": "15f", "postcode": "2521 CA", "plaats": "Den Haag", "merk": "Stibat", "puntType": "inzamelbak", "materialen": ["batterijen"], "uitbetaling": [], "vrijToegankelijk": false, "gemeenteBeperking": null, "openingstijden": null, "latitude": 52.0694293, "longitude": 4.3236269, "bronId": "L021828"}}, {"type": "Feature", "geometry": {"type": "Point", "coordinates": [4.3234006, 52.0687382]}, "properties": {"type": "inleverpunt", "locatieNaam": "Toys XL", "straatNaam": "Waldorpstraat", "straatNr": "164", "postcode": "2521 CD", "plaats": "Den Haag", "merk": "Stibat", "puntType": "inzamelbak", "materialen": ["batterijen"], "uitbetaling": [], "vrijToegankelijk": false, "gemeenteBeperking": null, "openingstijden": null, "latitude": 52.0687382, "longitude": 4.3234006, "bronId": "L010679"}}, {"type": "Feature", "geometry": {"type": "Point", "coordinates": [4.3226317, 52.0702312]}, "properties": {"type": "inleverpunt", "locatieNaam": "AKO", "straatNaam": "Stationsplein", "straatNr": "49", "postcode": "2515 BW", "plaats": "Den Haag", "merk": "Stibat", "puntType": "inzamelbak", "materialen": ["batterijen"], "uitbetaling": [], "vrijToegankelijk": false, "gemeenteBeperking": null, "openingstijden": null, "latitude": 52.0702312, "longitude": 4.3226317, "bronId": "L023537"}}, {"type": "Feature", "geometry": {"type": "Point", "coordinates": [4.3221251, 52.0706085]}, "properties": {"type": "inleverpunt", "locatieNaam": "1671 Albert Heijn", "straatNaam": "Stationsplein", "straatNr": "75", "postcode": "2515 BX", "plaats": "Den Haag", "merk": "Stibat", "puntType": "inzamelbak", "materialen": ["batterijen"], "uitbetaling": [], "vrijToegankelijk": false, "gemeenteBeperking": null, "openingstijden": null, "latitude": 52.0706085, "longitude": 4.3221251, "bronId": "L035129"}}, {"type": "Feature", "geometry": {"type": "Point", "coordinates": [4.321046, 52.0790741]}, "properties": {"type": "inleverpunt", "locatieNaam": "1265 Action", "straatNaam": "Turfmarkt", "straatNr": "133", "postcode": "2511 DP", "plaats": "Den Haag", "merk": "Stibat", "puntType": "inzamelbak", "materialen": ["batterijen"], "uitbetaling": [], "vrijToegankelijk": false, "gemeenteBeperking": null, "openingstijden": null, "latitude": 52.0790741, "longitude": 4.321046, "bronId": "L031080"}}, {"type": "Feature", "geometry": {"type": "Point", "coordinates": [4.3204302, 52.0903055]}, "properties": {"type": "inleverpunt", "locatieNaam": "1298 Albert Heijn", "straatNaam": "Weissenbruchstraat", "straatNr": "116", "postcode": "2596 GK", "plaats": "Den Haag", "merk": "Stibat", "puntType": "inzamelbak", "materialen": ["batterijen"], "uitbetaling": [], "vrijToegankelijk": false, "gemeenteBeperking": null, "openingstijden": null, "latitude": 52.0903055, "longitude": 4.3204302, "bronId": "L006604"}}, {"type": "Feature", "geometry": {"type": "Point", "coordinates": [4.3212817, 52.0696742]}, "properties": {"type": "inleverpunt", "locatieNaam": "Rijwielshop Hollands Spoor", "straatNaam": "Stationsplein", "straatNr": "29", "postcode": "2515 BV", "plaats": "Den Haag", "merk": "Stibat", "puntType": "inzamelbak", "materialen": ["batterijen"], "uitbetaling": [], "vrijToegankelijk": false, "gemeenteBeperking": null, "openingstijden": null, "latitude": 52.0696742, "longitude": 4.3212817, "bronId": "L028848"}}, {"type": "Feature", "geometry": {"type": "Point", "coordinates": [4.3212611, 52.0696138]}, "properties": {"type": "inleverpunt", "locatieNaam": "7582 Etos", "straatNaam": "Stationsplein", "straatNr": "34 -36", "postcode": "2515 BV", "plaats": "Den Haag", "merk": "Stibat", "puntType": "inzamelbak", "materialen": ["batterijen"], "uitbetaling": [], "vrijToegankelijk": false, "gemeenteBeperking": null, "openingstijden": null, "latitude": 52.0696138, "longitude": 4.3212611, "bronId": "L024296"}}, {"type": "Feature", "geometry": {"type": "Point", "coordinates": [4.3195428, 52.0877843]}, "properties": {"type": "inleverpunt", "locatieNaam": "Esso", "straatNaam": "Zuid-Hollandlaan", "straatNr": "6", "postcode": "2596 AL", "plaats": "Den Haag", "merk": "Stibat", "puntType": "inzamelbak", "materialen": ["batterijen"], "uitbetaling": [], "vrijToegankelijk": false, "gemeenteBeperking": null, "openingstijden": null, "latitude": 52.0877843, "longitude": 4.3195428, "bronId": "L027042"}}, {"type": "Feature", "geometry": {"type": "Point", "coordinates": [4.3199614, 52.0789329]}, "properties": {"type": "inleverpunt", "locatieNaam": "1051 Albert Heijn", "straatNaam": "Turfmarkt", "straatNr": "103", "postcode": "2511 DH", "plaats": "Den Haag", "merk": "Stibat", "puntType": "inzamelbak", "materialen": ["batterijen"], "uitbetaling": [], "vrijToegankelijk": false, "gemeenteBeperking": null, "openingstijden": null, "latitude": 52.0789329, "longitude": 4.3199614, "bronId": "L006050"}}, {"type": "Feature", "geometry": {"type": "Point", "coordinates": [4.3211275, 52.0586085]}, "properties": {"type": "inleverpunt", "locatieNaam": "Laakbike", "straatNaam": "Jonckbloetplein", "straatNr": "36", "postcode": "2523 AS", "plaats": "'s-Gravenhage", "merk": "Stibat", "puntType": "inzamelbak", "materialen": ["batterijen"], "uitbetaling": [], "vrijToegankelijk": false, "gemeenteBeperking": null, "openingstijden": null, "latitude": 52.0586085, "longitude": 4.3211275, "bronId": "L048855"}}, {"type": "Feature", "geometry": {"type": "Point", "coordinates": [4.3192651, 52.0775436]}, "properties": {"type": "inleverpunt", "locatieNaam": "Spar City", "straatNaam": "Turfmarkt", "straatNr": "73-75", "postcode": "2511 DP", "plaats": "Den Haag", "merk": "Stibat", "puntType": "inzamelbak", "materialen": ["batterijen"], "uitbetaling": [], "vrijToegankelijk": false, "gemeenteBeperking": null, "openingstijden": null, "latitude": 52.0775436, "longitude": 4.3192651, "bronId": "L045850"}}, {"type": "Feature", "geometry": {"type": "Point", "coordinates": [4.3210429, 52.0587215]}, "properties": {"type": "inleverpunt", "locatieNaam": "Primaphoto", "straatNaam": "Jonckbloetplein", "straatNr": "29", "postcode": "2523 AS", "plaats": "Den Haag", "merk": "Stibat", "puntType": "inzamelbak", "materialen": ["batterijen"], "uitbetaling": [], "vrijToegankelijk": false, "gemeenteBeperking": null, "openingstijden": null, "latitude": 52.0587215, "longitude": 4.3210429, "bronId": "L013598"}}, {"type": "Feature", "geometry": {"type": "Point", "coordinates": [4.3184519, 52.073699]}, "properties": {"type": "inleverpunt", "locatieNaam": "2214 Albert Heijn", "straatNaam": "Stationsweg", "straatNr": "16-30", "postcode": "2515 BN", "plaats": "Den Haag", "merk": "Stibat", "puntType": "inzamelbak", "materialen": ["batterijen"], "uitbetaling": [], "vrijToegankelijk": false, "gemeenteBeperking": null, "openingstijden": null, "latitude": 52.073699, "longitude": 4.3184519, "bronId": "L043907"}}, {"type": "Feature", "geometry": {"type": "Point", "coordinates": [4.3180288, 52.0780266]}, "properties": {"type": "inleverpunt", "locatieNaam": "Primera", "straatNaam": "Turfmarkt", "straatNr": "18", "postcode": "2511 CA", "plaats": "Den Haag", "merk": "Stibat", "puntType": "inzamelbak", "materialen": ["batterijen"], "uitbetaling": [], "vrijToegankelijk": false, "gemeenteBeperking": null, "openingstijden": null, "latitude": 52.0780266, "longitude": 4.3180288, "bronId": "L024419"}}, {"type": "Feature", "geometry": {"type": "Point", "coordinates": [4.3188899, 52.0660628]}, "properties": {"type": "inleverpunt", "locatieNaam": "Kruidvat", "straatNaam": "Van der Kunstraat", "straatNr": "79", "postcode": "2521 BR", "plaats": "Den Haag", "merk": "Stibat", "puntType": "inzamelbak", "materialen": ["batterijen"], "uitbetaling": [], "vrijToegankelijk": false, "gemeenteBeperking": null, "openingstijden": null, "latitude": 52.0660628, "longitude": 4.3188899, "bronId": "L014520"}}, {"type": "Feature", "geometry": {"type": "Point", "coordinates": [4.318526, 52.066655]}, "properties": {"type": "inleverpunt", "locatieNaam": "Intertoys", "straatNaam": "Waldorpstraat", "straatNr": "166", "postcode": "2521 CD", "plaats": "Den Haag", "merk": "Stibat", "puntType": "inzamelbak", "materialen": ["batterijen"], "uitbetaling": [], "vrijToegankelijk": false, "gemeenteBeperking": null, "openingstijden": null, "latitude": 52.066655, "longitude": 4.318526, "bronId": "L038218"}}, {"type": "Feature", "geometry": {"type": "Point", "coordinates": [4.3172435, 52.0797037]}, "properties": {"type": "inleverpunt", "locatieNaam": "Spar", "straatNaam": "Korte Poten", "straatNr": "9", "postcode": "2511 EB", "plaats": "Den Haag", "merk": "Stibat", "puntType": "inzamelbak", "materialen": ["batterijen"], "uitbetaling": [], "vrijToegankelijk": false, "gemeenteBeperking": null, "openingstijden": null, "latitude": 52.0797037, "longitude": 4.3172435, "bronId": "L037086"}}, {"type": "Feature", "geometry": {"type": "Point", "coordinates": [4.317043, 52.0798481]}, "properties": {"type": "inleverpunt", "locatieNaam": "Nebo Foto-Video-Digitaal", "straatNaam": "Korte Poten", "straatNr": "8", "postcode": "2511 ED", "plaats": "Den Haag", "merk": "Stibat", "puntType": "inzamelbak", "materialen": ["batterijen"], "uitbetaling": [], "vrijToegankelijk": false, "gemeenteBeperking": null, "openingstijden": null, "latitude": 52.0798481, "longitude": 4.317043, "bronId": "L013057"}}, {"type": "Feature", "geometry": {"type": "Point", "coordinates": [4.3181162, 52.0662397]}, "properties": {"type": "inleverpunt", "locatieNaam": "Xenos", "straatNaam": "Waldorpstraat", "straatNr": "188", "postcode": "2521 CD", "plaats": "Den Haag", "merk": "Stibat", "puntType": "inzamelbak", "materialen": ["batterijen"], "uitbetaling": [], "vrijToegankelijk": false, "gemeenteBeperking": null, "openingstijden": null, "latitude": 52.0662397, "longitude": 4.3181162, "bronId": "L036924"}}, {"type": "Feature", "geometry": {"type": "Point", "coordinates": [4.3169451, 52.0792267]}, "properties": {"type": "inleverpunt", "locatieNaam": "Spaeck", "straatNaam": "Korte Houtstraat", "straatNr": "9", "postcode": "2511 CC", "plaats": "'s-Gravenhage", "merk": "Stibat", "puntType": "inzamelbak", "materialen": ["batterijen"], "uitbetaling": [], "vrijToegankelijk": false, "gemeenteBeperking": null, "openingstijden": null, "latitude": 52.0792267, "longitude": 4.3169451, "bronId": "L049373"}}, {"type": "Feature", "geometry": {"type": "Point", "coordinates": [4.3178373, 52.0663777]}, "properties": {"type": "inleverpunt", "locatieNaam": "Leen Bakker", "straatNaam": "Waldorpstraat", "straatNr": "182", "postcode": "2521 CD", "plaats": "Den Haag", "merk": "Stibat", "puntType": "inzamelbak", "materialen": ["batterijen"], "uitbetaling": [], "vrijToegankelijk": false, "gemeenteBeperking": null, "openingstijden": null, "latitude": 52.0663777, "longitude": 4.3178373, "bronId": "L017008"}}, {"type": "Feature", "geometry": {"type": "Point", "coordinates": [4.317823, 52.0656979]}, "properties": {"type": "inleverpunt", "locatieNaam": "Aldi", "straatNaam": "Van der Kunstraat", "straatNr": "75", "postcode": "2521 BA", "plaats": "Den Haag", "merk": "Stibat", "puntType": "inzamelbak", "materialen": ["batterijen"], "uitbetaling": [], "vrijToegankelijk": false, "gemeenteBeperking": null, "openingstijden": null, "latitude": 52.0656979, "longitude": 4.317823, "bronId": "L041184"}}, {"type": "Feature", "geometry": {"type": "Point", "coordinates": [4.317421, 52.066194]}, "properties": {"type": "inleverpunt", "locatieNaam": "HEMA Den Haag megastores", "straatNaam": "Waldorpstraat", "straatNr": "190", "postcode": "2521 CD", "plaats": "Den Haag", "merk": "Stibat", "puntType": "inzamelbak", "materialen": ["batterijen"], "uitbetaling": [], "vrijToegankelijk": false, "gemeenteBeperking": null, "openingstijden": null, "latitude": 52.066194, "longitude": 4.317421, "bronId": "L046822"}}, {"type": "Feature", "geometry": {"type": "Point", "coordinates": [4.3177543, 52.063019]}, "properties": {"type": "inleverpunt", "locatieNaam": "Praxis Mega 2314", "straatNaam": "Verheeskade", "straatNr": "287", "postcode": "2521 DE", "plaats": "Den Haag", "merk": "Stibat", "puntType": "inzamelbak", "materialen": ["batterijen"], "uitbetaling": [], "vrijToegankelijk": false, "gemeenteBeperking": null, "openingstijden": null, "latitude": 52.063019, "longitude": 4.3177543, "bronId": "L014435"}}, {"type": "Feature", "geometry": {"type": "Point", "coordinates": [4.3157017, 52.07916]}, "properties": {"type": "inleverpunt", "locatieNaam": "Phone House", "straatNaam": "Plein", "straatNr": "3a", "postcode": "2511 CR", "plaats": "Den Haag", "merk": "Stibat", "puntType": "inzamelbak", "materialen": ["batterijen"], "uitbetaling": [], "vrijToegankelijk": false, "gemeenteBeperking": null, "openingstijden": null, "latitude": 52.07916, "longitude": 4.3157017, "bronId": "L023168"}}, {"type": "Feature", "geometry": {"type": "Point", "coordinates": [4.3156207, 52.0790354]}, "properties": {"type": "inleverpunt", "locatieNaam": "Specsavers", "straatNaam": "Lange Poten", "straatNr": "43", "postcode": "2511 CM", "plaats": "Den Haag", "merk": "Stibat", "puntType": "inzamelbak", "materialen": ["batterijen"], "uitbetaling": [], "vrijToegankelijk": false, "gemeenteBeperking": null, "openingstijden": null, "latitude": 52.0790354, "longitude": 4.3156207, "bronId": "L045030"}}, {"type": "Feature", "geometry": {"type": "Point", "coordinates": [4.3151233, 52.0789057]}, "properties": {"type": "inleverpunt", "locatieNaam": "Kruidvat", "straatNaam": "Lange Poten", "straatNr": "31", "postcode": "2511 CM", "plaats": "Den Haag", "merk": "Stibat", "puntType": "inzamelbak", "materialen": ["batterijen"], "uitbetaling": [], "vrijToegankelijk": false, "gemeenteBeperking": null, "openingstijden": null, "latitude": 52.0789057, "longitude": 4.3151233, "bronId": "L013729"}}, {"type": "Feature", "geometry": {"type": "Point", "coordinates": [4.3149961, 52.0788486]}, "properties": {"type": "inleverpunt", "locatieNaam": "KPN winkel", "straatNaam": "Lange Poten", "straatNr": "25", "postcode": "2511 CM", "plaats": "Den Haag", "merk": "Stibat", "puntType": "inzamelbak", "materialen": ["batterijen"], "uitbetaling": [], "vrijToegankelijk": false, "gemeenteBeperking": null, "openingstijden": null, "latitude": 52.0788486, "longitude": 4.3149961, "bronId": "L011378"}}, {"type": "Feature", "geometry": {"type": "Point", "coordinates": [4.3159851, 52.0608838]}, "properties": {"type": "inleverpunt", "locatieNaam": "De Haan", "straatNaam": "Neherkade", "straatNr": "2980", "postcode": "2521 VX", "plaats": "Den Haag", "merk": "Stibat", "puntType": "inzamelbak", "materialen": ["batterijen"], "uitbetaling": [], "vrijToegankelijk": false, "gemeenteBeperking": null, "openingstijden": null, "latitude": 52.0608838, "longitude": 4.3159851, "bronId": "L044796"}}, {"type": "Feature", "geometry": {"type": "Point", "coordinates": [4.3143306, 52.0775311]}, "properties": {"type": "inleverpunt", "locatieNaam": "Xenos", "straatNaam": "Grote Marktstraat", "straatNr": "64", "postcode": "2511 BJ", "plaats": "Den Haag", "merk": "Stibat", "puntType": "inzamelbak", "materialen": ["batterijen"], "uitbetaling": [], "vrijToegankelijk": false, "gemeenteBeperking": null, "openingstijden": null, "latitude": 52.0775311, "longitude": 4.3143306, "bronId": "L036972"}}, {"type": "Feature", "geometry": {"type": "Point", "coordinates": [4.314202, 52.078496]}, "properties": {"type": "inleverpunt", "locatieNaam": "CIGO", "straatNaam": "Lange Poten", "straatNr": "5A", "postcode": "2511 CL", "plaats": "Den Haag", "merk": "Stibat", "puntType": "inzamelbak", "materialen": ["batterijen"], "uitbetaling": [], "vrijToegankelijk": false, "gemeenteBeperking": null, "openingstijden": null, "latitude": 52.078496, "longitude": 4.314202, "bronId": "L039185"}}, {"type": "Feature", "geometry": {"type": "Point", "coordinates": [4.3141965, 52.0770425]}, "properties": {"type": "inleverpunt", "locatieNaam": "Bershka", "straatNaam": "Grote Marktstraat", "straatNr": "109", "postcode": "2511 BJ", "plaats": "Den Haag", "merk": "Stibat", "puntType": "inzamelbak", "materialen": ["batterijen"], "uitbetaling": [], "vrijToegankelijk": false, "gemeenteBeperking": null, "openingstijden": null, "latitude": 52.0770425, "longitude": 4.3141965, "bronId": "L045672"}}, {"type": "Feature", "geometry": {"type": "Point", "coordinates": [4.313999, 52.077384]}, "properties": {"type": "inleverpunt", "locatieNaam": "Hans Anders", "straatNaam": "Grote Marktstraat", "straatNr": "58a", "postcode": "2511 BJ", "plaats": "Den Haag", "merk": "Stibat", "puntType": "inzamelbak", "materialen": ["batterijen"], "uitbetaling": [], "vrijToegankelijk": false, "gemeenteBeperking": null, "openingstijden": null, "latitude": 52.077384, "longitude": 4.313999, "bronId": "L037778"}}, {"type": "Feature", "geometry": {"type": "Point", "coordinates": [4.3137961, 52.077295]}, "properties": {"type": "inleverpunt", "locatieNaam": "Stradivarius", "straatNaam": "Grote Marktstraat", "straatNr": "52", "postcode": "2511 BJ", "plaats": "Den Haag", "merk": "Stibat", "puntType": "inzamelbak", "materialen": ["batterijen"], "uitbetaling": [], "vrijToegankelijk": false, "gemeenteBeperking": null, "openingstijden": null, "latitude": 52.077295, "longitude": 4.3137961, "bronId": "L045726"}}, {"type": "Feature", "geometry": {"type": "Point", "coordinates": [4.3152013, 52.0617548]}, "properties": {"type": "inleverpunt", "locatieNaam": "Total", "straatNaam": "Calandstraat", "straatNr": "301", "postcode": "2521 BZ", "plaats": "Den Haag", "merk": "Stibat", "puntType": "inzamelbak", "materialen": ["batterijen"], "uitbetaling": [], "vrijToegankelijk": false, "gemeenteBeperking": null, "openingstijden": null, "latitude": 52.0617548, "longitude": 4.3152013, "bronId": "L019981"}}, {"type": "Feature", "geometry": {"type": "Point", "coordinates": [4.3149108, 52.0629626]}, "properties": {"type": "inleverpunt", "locatieNaam": "Gamma", "straatNaam": "Van der Kunstraat", "straatNr": "130", "postcode": "2521 AW", "plaats": "Den Haag", "merk": "Stibat", "puntType": "inzamelbak", "materialen": ["batterijen"], "uitbetaling": [], "vrijToegankelijk": false, "gemeenteBeperking": null, "openingstijden": null, "latitude": 52.0629626, "longitude": 4.3149108, "bronId": "L005739"}}, {"type": "Feature", "geometry": {"type": "Point", "coordinates": [4.3135772, 52.0772822]}, "properties": {"type": "inleverpunt", "locatieNaam": "MediaMarkt", "straatNaam": "Grote Marktstraat", "straatNr": "48a", "postcode": "2511 BJ", "plaats": "Den Haag", "merk": "Stibat", "puntType": "inzamelbak", "materialen": ["batterijen"], "uitbetaling": [], "vrijToegankelijk": false, "gemeenteBeperking": null, "openingstijden": null, "latitude": 52.0772822, "longitude": 4.3135772, "bronId": "L014339"}}, {"type": "Feature", "geometry": {"type": "Point", "coordinates": [4.3136857, 52.0752925]}, "properties": {"type": "inleverpunt", "locatieNaam": "De Bijenkorf", "straatNaam": "Wagenstraat", "straatNr": "32", "postcode": "2512 AX", "plaats": "Den Haag", "merk": "Stibat", "puntType": "inzamelbak", "materialen": ["batterijen"], "uitbetaling": [], "vrijToegankelijk": false, "gemeenteBeperking": null, "openingstijden": null, "latitude": 52.0752925, "longitude": 4.3136857, "bronId": "L043183"}}, {"type": "Feature", "geometry": {"type": "Point", "coordinates": [4.3154781, 52.0561364]}, "properties": {"type": "inleverpunt", "locatieNaam": "Primera", "straatNaam": "Goeverneurlaan", "straatNr": "664", "postcode": "2523 CS", "plaats": "Den Haag", "merk": "Stibat", "puntType": "inzamelbak", "materialen": ["batterijen"], "uitbetaling": [], "vrijToegankelijk": false, "gemeenteBeperking": null, "openingstijden": null, "latitude": 52.0561364, "longitude": 4.3154781, "bronId": "L020949"}}, {"type": "Feature", "geometry": {"type": "Point", "coordinates": [4.3132633, 52.0774995]}, "properties": {"type": "inleverpunt", "locatieNaam": "Decathlon", "straatNaam": "Grote Marktstraat", "straatNr": "54", "postcode": "2511 BH", "plaats": "Den Haag", "merk": "Stibat", "puntType": "inzamelbak", "materialen": ["batterijen"], "uitbetaling": [], "vrijToegankelijk": false, "gemeenteBeperking": null, "openingstijden": null, "latitude": 52.0774995, "longitude": 4.3132633, "bronId": "L039378"}}, {"type": "Feature", "geometry": {"type": "Point", "coordinates": [4.3143642, 52.0641613]}, "properties": {"type": "inleverpunt", "locatieNaam": "Kwantum", "straatNaam": "Waldorpstraat", "straatNr": "274", "postcode": "2521 CE", "plaats": "Den Haag", "merk": "Stibat", "puntType": "inzamelbak", "materialen": ["batterijen"], "uitbetaling": [], "vrijToegankelijk": false, "gemeenteBeperking": null, "openingstijden": null, "latitude": 52.0641613, "longitude": 4.3143642, "bronId": "L031721"}}, {"type": "Feature", "geometry": {"type": "Point", "coordinates": [4.3126908, 52.0850666]}, "properties": {"type": "inleverpunt", "locatieNaam": "Het Sleutelhuis", "straatNaam": "Denneweg", "straatNr": "17a", "postcode": "2514 CB", "plaats": "Den Haag", "merk": "Stibat", "puntType": "inzamelbak", "materialen": ["batterijen"], "uitbetaling": [], "vrijToegankelijk": false, "gemeenteBeperking": null, "openingstijden": null, "latitude": 52.0850666, "longitude": 4.3126908, "bronId": "L039913"}}, {"type": "Feature", "geometry": {"type": "Point", "coordinates": [4.3152564, 52.0563953]}, "properties": {"type": "inleverpunt", "locatieNaam": "Zeeman", "straatNaam": "Goeverneurlaan", "straatNr": "615", "postcode": "2523 CH", "plaats": "Den Haag", "merk": "Stibat", "puntType": "inzamelbak", "materialen": ["batterijen"], "uitbetaling": [], "vrijToegankelijk": false, "gemeenteBeperking": null, "openingstijden": null, "latitude": 52.0563953, "longitude": 4.3152564, "bronId": "L020478"}}, {"type": "Feature", "geometry": {"type": "Point", "coordinates": [4.314307, 52.0641141]}, "properties": {"type": "inleverpunt", "locatieNaam": "Woonexpress", "straatNaam": "Waldorpstraat", "straatNr": "278", "postcode": "2521 CG", "plaats": "Den Haag", "merk": "Stibat", "puntType": "inzamelbak", "materialen": ["batterijen"], "uitbetaling": [], "vrijToegankelijk": false, "gemeenteBeperking": null, "openingstijden": null, "latitude": 52.0641141, "longitude": 4.314307, "bronId": "L029849"}}, {"type": "Feature", "geometry": {"type": "Point", "coordinates": [4.3129253, 52.0756437]}, "properties": {"type": "inleverpunt", "locatieNaam": "Hafo Bv", "straatNaam": "Wagenstraat", "straatNr": "67", "postcode": "2512 AR", "plaats": "Den Haag", "merk": "Stibat", "puntType": "inzamelbak", "materialen": ["batterijen"], "uitbetaling": [], "vrijToegankelijk": false, "gemeenteBeperking": null, "openingstijden": null, "latitude": 52.0756437, "longitude": 4.3129253, "bronId": "L009026"}}, {"type": "Feature", "geometry": {"type": "Point", "coordinates": [4.3127949, 52.0767146]}, "properties": {"type": "inleverpunt", "locatieNaam": "1473 Albert Heijn", "straatNaam": "Grote Marktstraat", "straatNr": "55a", "postcode": "2511 BH", "plaats": "Den Haag", "merk": "Stibat", "puntType": "inzamelbak", "materialen": ["batterijen"], "uitbetaling": [], "vrijToegankelijk": false, "gemeenteBeperking": null, "openingstijden": null, "latitude": 52.0767146, "longitude": 4.3127949, "bronId": "L006138"}}, {"type": "Feature", "geometry": {"type": "Point", "coordinates": [4.3125472, 52.0782878]}, "properties": {"type": "inleverpunt", "locatieNaam": "2207 Albert Heijn", "straatNaam": "Hofweg", "straatNr": "11", "postcode": "2511 AA", "plaats": "Den Haag", "merk": "Stibat", "puntType": "inzamelbak", "materialen": ["batterijen"], "uitbetaling": [], "vrijToegankelijk": false, "gemeenteBeperking": null, "openingstijden": null, "latitude": 52.0782878, "longitude": 4.3125472, "bronId": "L042068"}}, {"type": "Feature", "geometry": {"type": "Point", "coordinates": [4.3125552, 52.0772579]}, "properties": {"type": "inleverpunt", "locatieNaam": "DOUGLAS", "straatNaam": "Passage", "straatNr": "62C", "postcode": "2511 AE", "plaats": "Den Haag", "merk": "Stibat", "puntType": "inzamelbak", "materialen": ["batterijen"], "uitbetaling": [], "vrijToegankelijk": false, "gemeenteBeperking": null, "openingstijden": null, "latitude": 52.0772579, "longitude": 4.3125552, "bronId": "L049202"}}, {"type": "Feature", "geometry": {"type": "Point", "coordinates": [4.3124512, 52.0766719]}, "properties": {"type": "inleverpunt", "locatieNaam": "Bever", "straatNaam": "Grote Marktstraat", "straatNr": "41", "postcode": "2511 BH", "plaats": "Den Haag", "merk": "Stibat", "puntType": "inzamelbak", "materialen": ["batterijen"], "uitbetaling": [], "vrijToegankelijk": false, "gemeenteBeperking": null, "openingstijden": null, "latitude": 52.0766719, "longitude": 4.3124512, "bronId": "L031978"}}, {"type": "Feature", "geometry": {"type": "Point", "coordinates": [4.3142454, 52.0555598]}, "properties": {"type": "inleverpunt", "locatieNaam": "1842 Albert Heijn", "straatNaam": "Goeverneurplein", "straatNr": "20", "postcode": "2523 EC", "plaats": "Den Haag", "merk": "Stibat", "puntType": "inzamelbak", "materialen": ["batterijen"], "uitbetaling": [], "vrijToegankelijk": false, "gemeenteBeperking": null, "openingstijden": null, "latitude": 52.0555598, "longitude": 4.3142454, "bronId": "L022697"}}, {"type": "Feature", "geometry": {"type": "Point", "coordinates": [4.3113838, 52.0862851]}, "properties": {"type": "inleverpunt", "locatieNaam": "The Phone Lab", "straatNaam": "Denneweg", "straatNr": "186", "postcode": "2514 CM", "plaats": "'s-Gravenhage", "merk": "Stibat", "puntType": "inzamelbak", "materialen": ["batterijen"], "uitbetaling": [], "vrijToegankelijk": false, "gemeenteBeperking": null, "openingstijden": null, "latitude": 52.0862851, "longitude": 4.3113838, "bronId": "L046728"}}, {"type": "Feature", "geometry": {"type": "Point", "coordinates": [4.3117816, 52.0774315]}, "properties": {"type": "inleverpunt", "locatieNaam": "Intertoys", "straatNaam": "Spuistraat", "straatNr": "31-B", "postcode": "2511 BC", "plaats": "Den Haag", "merk": "Stibat", "puntType": "inzamelbak", "materialen": ["batterijen"], "uitbetaling": [], "vrijToegankelijk": false, "gemeenteBeperking": null, "openingstijden": null, "latitude": 52.0774315, "longitude": 4.3117816, "bronId": "L006947"}}, {"type": "Feature", "geometry": {"type": "Point", "coordinates": [4.3117231, 52.0773724]}, "properties": {"type": "inleverpunt", "locatieNaam": "SoLow", "straatNaam": "Spuistraat", "straatNr": "21", "postcode": "2511 BC", "plaats": "Den Haag", "merk": "Stibat", "puntType": "inzamelbak", "materialen": ["batterijen"], "uitbetaling": [], "vrijToegankelijk": false, "gemeenteBeperking": null, "openingstijden": null, "latitude": 52.0773724, "longitude": 4.3117231, "bronId": "L042167"}}, {"type": "Feature", "geometry": {"type": "Point", "coordinates": [4.311685, 52.0764423]}, "properties": {"type": "inleverpunt", "locatieNaam": "Kruidvat", "straatNaam": "Grote Marktstraat", "straatNr": "38", "postcode": "2511 BJ", "plaats": "Den Haag", "merk": "Stibat", "puntType": "inzamelbak", "materialen": ["batterijen"], "uitbetaling": [], "vrijToegankelijk": false, "gemeenteBeperking": null, "openingstijden": null, "latitude": 52.0764423, "longitude": 4.311685, "bronId": "L015455"}}, {"type": "Feature", "geometry": {"type": "Point", "coordinates": [4.311562, 52.0761845]}, "properties": {"type": "inleverpunt", "locatieNaam": "Pull&amp;Bear", "straatNaam": "Grote Marktstraat", "straatNr": "53", "postcode": "2511 BH", "plaats": "Den Haag", "merk": "Stibat", "puntType": "inzamelbak", "materialen": ["batterijen"], "uitbetaling": [], "vrijToegankelijk": false, "gemeenteBeperking": null, "openingstijden": null, "latitude": 52.0761845, "longitude": 4.311562, "bronId": "L045694"}}, {"type": "Feature", "geometry": {"type": "Point", "coordinates": [4.3113298, 52.0779531]}, "properties": {"type": "inleverpunt", "locatieNaam": "Apple Store", "straatNaam": "Passage", "straatNr": "39", "postcode": "2511 AB", "plaats": "Den Haag", "merk": "Stibat", "puntType": "inzamelbak", "materialen": ["batterijen"], "uitbetaling": [], "vrijToegankelijk": false, "gemeenteBeperking": null, "openingstijden": null, "latitude": 52.0779531, "longitude": 4.3113298, "bronId": "L039429"}}, {"type": "Feature", "geometry": {"type": "Point", "coordinates": [4.31123, 52.0760376]}, "properties": {"type": "inleverpunt", "locatieNaam": "ANWB", "straatNaam": "Grote Marktstraat", "straatNr": "39", "postcode": "2511 BH", "plaats": "Den Haag", "merk": "Stibat", "puntType": "inzamelbak", "materialen": ["batterijen"], "uitbetaling": [], "vrijToegankelijk": false, "gemeenteBeperking": null, "openingstijden": null, "latitude": 52.0760376, "longitude": 4.31123, "bronId": "L044612"}}, {"type": "Feature", "geometry": {"type": "Point", "coordinates": [4.3110821, 52.0767284]}, "properties": {"type": "inleverpunt", "locatieNaam": "Amac", "straatNaam": "Wagenstraat", "straatNr": "10", "postcode": "2512 AX", "plaats": "Den Haag", "merk": "Stibat", "puntType": "inzamelbak", "materialen": ["batterijen"], "uitbetaling": [], "vrijToegankelijk": false, "gemeenteBeperking": null, "openingstijden": null, "latitude": 52.0767284, "longitude": 4.3110821, "bronId": "L035324"}}, {"type": "Feature", "geometry": {"type": "Point", "coordinates": [4.3103068, 52.0885817]}, "properties": {"type": "inleverpunt", "locatieNaam": "Van Boxtel hoorwinkel", "straatNaam": "Frederikstraat", "straatNr": "959", "postcode": "2514 LJ", "plaats": "Den Haag", "merk": "Stibat", "puntType": "inzamelbak", "materialen": ["batterijen"], "uitbetaling": [], "vrijToegankelijk": false, "gemeenteBeperking": null, "openingstijden": null, "latitude": 52.0885817, "longitude": 4.3103068, "bronId": "L031581"}}, {"type": "Feature", "geometry": {"type": "Point", "coordinates": [4.3109346, 52.0766494]}, "properties": {"type": "inleverpunt", "locatieNaam": "Zara", "straatNaam": "Wagenstraat", "straatNr": "9", "postcode": "2512 AP", "plaats": "Den Haag", "merk": "Stibat", "puntType": "inzamelbak", "materialen": ["batterijen"], "uitbetaling": [], "vrijToegankelijk": false, "gemeenteBeperking": null, "openingstijden": null, "latitude": 52.0766494, "longitude": 4.3109346, "bronId": "L045709"}}, {"type": "Feature", "geometry": {"type": "Point", "coordinates": [4.3107751, 52.0761503]}, "properties": {"type": "inleverpunt", "locatieNaam": "Jumbo", "straatNaam": "Grote Marktstraat", "straatNr": "24", "postcode": "2511 BJ", "plaats": "Den Haag", "merk": "Stibat", "puntType": "inzamelbak", "materialen": ["batterijen"], "uitbetaling": [], "vrijToegankelijk": false, "gemeenteBeperking": null, "openingstijden": null, "latitude": 52.0761503, "longitude": 4.3107751, "bronId": "L042050"}}, {"type": "Feature", "geometry": {"type": "Point", "coordinates": [4.3105997, 52.0769781]}, "properties": {"type": "inleverpunt", "locatieNaam": "7289 Etos", "straatNaam": "Spuistraat", "straatNr": "2- 2A", "postcode": "2511 BD", "plaats": "Den Haag", "merk": "Stibat", "puntType": "inzamelbak", "materialen": ["batterijen"], "uitbetaling": [], "vrijToegankelijk": false, "gemeenteBeperking": null, "openingstijden": null, "latitude": 52.0769781, "longitude": 4.3105997, "bronId": "L022849"}}, {"type": "Feature", "geometry": {"type": "Point", "coordinates": [4.310155, 52.0772619]}, "properties": {"type": "inleverpunt", "locatieNaam": "DOUGLAS", "straatNaam": "Venestraat", "straatNr": "44", "postcode": "2511 AS", "plaats": "Den Haag", "merk": "Stibat", "puntType": "inzamelbak", "materialen": ["batterijen"], "uitbetaling": [], "vrijToegankelijk": false, "gemeenteBeperking": null, "openingstijden": null, "latitude": 52.0772619, "longitude": 4.310155, "bronId": "L049190"}}, {"type": "Feature", "geometry": {"type": "Point", "coordinates": [4.3100992, 52.0767436]}, "properties": {"type": "inleverpunt", "locatieNaam": "BelCompany", "straatNaam": "Vlamingstraat", "straatNr": "9", "postcode": "2511 AZ", "plaats": "Den Haag", "merk": "Stibat", "puntType": "inzamelbak", "materialen": ["batterijen"], "uitbetaling": [], "vrijToegankelijk": false, "gemeenteBeperking": null, "openingstijden": null, "latitude": 52.0767436, "longitude": 4.3100992, "bronId": "L014512"}}, {"type": "Feature", "geometry": {"type": "Point", "coordinates": [4.3097988, 52.0766384]}, "properties": {"type": "inleverpunt", "locatieNaam": "Rookwinkel Den Haag", "straatNaam": "Vlamingstraat", "straatNr": "19", "postcode": "2511 AZ", "plaats": "'s-Gravenhage", "merk": "Stibat", "puntType": "inzamelbak", "materialen": ["batterijen"], "uitbetaling": [], "vrijToegankelijk": false, "gemeenteBeperking": null, "openingstijden": null, "latitude": 52.0766384, "longitude": 4.3097988, "bronId": "L047437"}}, {"type": "Feature", "geometry": {"type": "Point", "coordinates": [4.3097617, 52.0765789]}, "properties": {"type": "inleverpunt", "locatieNaam": "KPN winkel", "straatNaam": "Vlamingstraat", "straatNr": "21", "postcode": "2511 AZ", "plaats": "Den Haag", "merk": "Stibat", "puntType": "inzamelbak", "materialen": ["batterijen"], "uitbetaling": [], "vrijToegankelijk": false, "gemeenteBeperking": null, "openingstijden": null, "latitude": 52.0765789, "longitude": 4.3097617, "bronId": "L031088"}}, {"type": "Feature", "geometry": {"type": "Point", "coordinates": [4.309813, 52.0755494]}, "properties": {"type": "inleverpunt", "locatieNaam": "1503 Albert Heijn", "straatNaam": "Grote Marktstraat", "straatNr": "5", "postcode": "2511 BH", "plaats": "Den Haag", "merk": "Stibat", "puntType": "inzamelbak", "materialen": ["batterijen"], "uitbetaling": [], "vrijToegankelijk": false, "gemeenteBeperking": null, "openingstijden": null, "latitude": 52.0755494, "longitude": 4.309813, "bronId": "L029912"}}, {"type": "Feature", "geometry": {"type": "Point", "coordinates": [4.3098303, 52.0749022]}, "properties": {"type": "inleverpunt", "locatieNaam": "LJS/Apple Store", "straatNaam": "Lutherse Burgwal", "straatNr": "11", "postcode": "2512 CB", "plaats": "Den Haag", "merk": "Stibat", "puntType": "inzamelbak", "materialen": ["batterijen"], "uitbetaling": [], "vrijToegankelijk": false, "gemeenteBeperking": null, "openingstijden": null, "latitude": 52.0749022, "longitude": 4.3098303, "bronId": "L029346"}}, {"type": "Feature", "geometry": {"type": "Point", "coordinates": [4.3097146, 52.0755107]}, "properties": {"type": "inleverpunt", "locatieNaam": "HEMA Grote Marktstraat", "straatNaam": "Grote Marktstraat", "straatNr": "57", "postcode": "2511 BH", "plaats": "Den Haag", "merk": "Stibat", "puntType": "inzamelbak", "materialen": ["batterijen"], "uitbetaling": [], "vrijToegankelijk": false, "gemeenteBeperking": null, "openingstijden": null, "latitude": 52.0755107, "longitude": 4.3097146, "bronId": "L006812"}}, {"type": "Feature", "geometry": {"type": "Point", "coordinates": [4.3096589, 52.0757263]}, "properties": {"type": "inleverpunt", "locatieNaam": "Sammy's Outlet", "straatNaam": "Grote Marktstraat", "straatNr": "177", "postcode": "2511 BJ", "plaats": "Den Haag", "merk": "Stibat", "puntType": "inzamelbak", "materialen": ["batterijen"], "uitbetaling": [], "vrijToegankelijk": false, "gemeenteBeperking": null, "openingstijden": null, "latitude": 52.0757263, "longitude": 4.3096589, "bronId": "L010921"}}, {"type": "Feature", "geometry": {"type": "Point", "coordinates": [4.3095891, 52.0763991]}, "properties": {"type": "inleverpunt", "locatieNaam": "Zeeman", "straatNaam": "Vlamingstraat", "straatNr": "24", "postcode": "2511 BB", "plaats": "Den Haag", "merk": "Stibat", "puntType": "inzamelbak", "materialen": ["batterijen"], "uitbetaling": [], "vrijToegankelijk": false, "gemeenteBeperking": null, "openingstijden": null, "latitude": 52.0763991, "longitude": 4.3095891, "bronId": "L021560"}}, {"type": "Feature", "geometry": {"type": "Point", "coordinates": [4.3095877, 52.0763911]}, "properties": {"type": "inleverpunt", "locatieNaam": "Kruidvat", "straatNaam": "Vlamingstraat", "straatNr": "24-1", "postcode": "2511 BB", "plaats": "Den Haag", "merk": "Stibat", "puntType": "inzamelbak", "materialen": ["batterijen"], "uitbetaling": [], "vrijToegankelijk": false, "gemeenteBeperking": null, "openingstijden": null, "latitude": 52.0763911, "longitude": 4.3095877, "bronId": "L014074"}}, {"type": "Feature", "geometry": {"type": "Point", "coordinates": [4.309182, 52.078698]}, "properties": {"type": "inleverpunt", "locatieNaam": "Prenatal DEN HAAG", "straatNaam": "Hoogstraat", "straatNr": "11", "postcode": "2513 AN", "plaats": "Den Haag", "merk": "Stibat", "puntType": "inzamelbak", "materialen": ["batterijen"], "uitbetaling": [], "vrijToegankelijk": false, "gemeenteBeperking": null, "openingstijden": null, "latitude": 52.078698, "longitude": 4.309182, "bronId": "L039580"}}, {"type": "Feature", "geometry": {"type": "Point", "coordinates": [4.3086807, 52.0777042]}, "properties": {"type": "inleverpunt", "locatieNaam": "Tiger Stores Nederland B.V.", "straatNaam": "Dagelijkse Groenmarkt", "straatNr": "29", "postcode": "2513 AL", "plaats": "Den Haag", "merk": "Stibat", "puntType": "inzamelbak", "materialen": ["batterijen"], "uitbetaling": [], "vrijToegankelijk": false, "gemeenteBeperking": null, "openingstijden": null, "latitude": 52.0777042, "longitude": 4.3086807, "bronId": "L032297"}}, {"type": "Feature", "geometry": {"type": "Point", "coordinates": [4.3085391, 52.0783712]}, "properties": {"type": "inleverpunt", "locatieNaam": "Massimo Dutti", "straatNaam": "Hoogstraat", "straatNr": "6", "postcode": "2513 AR", "plaats": "Den Haag", "merk": "Stibat", "puntType": "inzamelbak", "materialen": ["batterijen"], "uitbetaling": [], "vrijToegankelijk": false, "gemeenteBeperking": null, "openingstijden": null, "latitude": 52.0783712, "longitude": 4.3085391, "bronId": "L045680"}}, {"type": "Feature", "geometry": {"type": "Point", "coordinates": [4.308265, 52.0796422]}, "properties": {"type": "inleverpunt", "locatieNaam": "Zara Home", "straatNaam": "Noordeinde", "straatNr": "10", "postcode": "2514 GH", "plaats": "Den Haag", "merk": "Stibat", "puntType": "inzamelbak", "materialen": ["batterijen"], "uitbetaling": [], "vrijToegankelijk": false, "gemeenteBeperking": null, "openingstijden": null, "latitude": 52.0796422, "longitude": 4.308265, "bronId": "L045732"}}, {"type": "Feature", "geometry": {"type": "Point", "coordinates": [4.308438, 52.0763814]}, "properties": {"type": "inleverpunt", "locatieNaam": "Wibra", "straatNaam": "Schoolstraat", "straatNr": "24", "postcode": "2511 AX", "plaats": "Den Haag", "merk": "Stibat", "puntType": "inzamelbak", "materialen": ["batterijen"], "uitbetaling": [], "vrijToegankelijk": false, "gemeenteBeperking": null, "openingstijden": null, "latitude": 52.0763814, "longitude": 4.308438, "bronId": "L023122"}}, {"type": "Feature", "geometry": {"type": "Point", "coordinates": [4.3082512, 52.0764304]}, "properties": {"type": "inleverpunt", "locatieNaam": "MegaGadgets (Promo Artic)", "straatNaam": "Schoolstraat", "straatNr": "29", "postcode": "2511 AW", "plaats": "Den Haag", "merk": "Stibat", "puntType": "inzamelbak", "materialen": ["batterijen"], "uitbetaling": [], "vrijToegankelijk": false, "gemeenteBeperking": null, "openingstijden": null, "latitude": 52.0764304, "longitude": 4.3082512, "bronId": "L020641"}}, {"type": "Feature", "geometry": {"type": "Point", "coordinates": [4.3078281, 52.0755571]}, "properties": {"type": "inleverpunt", "locatieNaam": "Europa Telecom", "straatNaam": "Jan Hendrikstraat", "straatNr": "60", "postcode": "2512 GL", "plaats": "Den Haag", "merk": "Stibat", "puntType": "inzamelbak", "materialen": ["batterijen"], "uitbetaling": [], "vrijToegankelijk": false, "gemeenteBeperking": null, "openingstijden": null, "latitude": 52.0755571, "longitude": 4.3078281, "bronId": "L032146"}}, {"type": "Feature", "geometry": {"type": "Point", "coordinates": [4.307373, 52.0779856]}, "properties": {"type": "inleverpunt", "locatieNaam": "Berlage Kantoorvakhandel", "straatNaam": "Prinsestraat", "straatNr": "1", "postcode": "2513 CA", "plaats": "Den Haag", "merk": "Stibat", "puntType": "inzamelbak", "materialen": ["batterijen"], "uitbetaling": [], "vrijToegankelijk": false, "gemeenteBeperking": null, "openingstijden": null, "latitude": 52.0779856, "longitude": 4.307373, "bronId": "L027298"}}, {"type": "Feature", "geometry": {"type": "Point", "coordinates": [4.3060265, 52.0818956]}, "properties": {"type": "inleverpunt", "locatieNaam": "Fixers", "straatNaam": "Noordeinde", "straatNr": "124H", "postcode": "2514 GN", "plaats": "Den Haag", "merk": "Stibat", "puntType": "inzamelbak", "materialen": ["batterijen"], "uitbetaling": [], "vrijToegankelijk": false, "gemeenteBeperking": null, "openingstijden": null, "latitude": 52.0818956, "longitude": 4.3060265, "bronId": "L045140"}}, {"type": "Feature", "geometry": {"type": "Point", "coordinates": [4.3059798, 52.077713]}, "properties": {"type": "inleverpunt", "locatieNaam": "1495 Albert Heijn", "straatNaam": "Torenstraat", "straatNr": "27", "postcode": "2513 BN", "plaats": "Den Haag", "merk": "Stibat", "puntType": "inzamelbak", "materialen": ["batterijen"], "uitbetaling": [], "vrijToegankelijk": false, "gemeenteBeperking": null, "openingstijden": null, "latitude": 52.077713, "longitude": 4.3059798, "bronId": "L005886"}}, {"type": "Feature", "geometry": {"type": "Point", "coordinates": [4.3053097, 52.0795479]}, "properties": {"type": "inleverpunt", "locatieNaam": "Parkhotel", "straatNaam": "Molenstraat", "straatNr": "53", "postcode": "2513 BJ", "plaats": "Den Haag", "merk": "Stibat", "puntType": "inzamelbak", "materialen": ["batterijen"], "uitbetaling": [], "vrijToegankelijk": false, "gemeenteBeperking": null, "openingstijden": null, "latitude": 52.0795479, "longitude": 4.3053097, "bronId": "L027416"}}, {"type": "Feature", "geometry": {"type": "Point", "coordinates": [4.3046993, 52.0914977]}, "properties": {"type": "inleverpunt", "locatieNaam": "Primera", "straatNaam": "Bankastraat", "straatNr": "3A", "postcode": "2585 EE", "plaats": "Den Haag", "merk": "Stibat", "puntType": "inzamelbak", "materialen": ["batterijen"], "uitbetaling": [], "vrijToegankelijk": false, "gemeenteBeperking": null, "openingstijden": null, "latitude": 52.0914977, "longitude": 4.3046993, "bronId": "L024053"}}, {"type": "Feature", "geometry": {"type": "Point", "coordinates": [4.3049451, 52.0779637]}, "properties": {"type": "inleverpunt", "locatieNaam": "Dirk van den Broek", "straatNaam": "Torenstraat", "straatNr": "132 A", "postcode": "2513 BW", "plaats": "'s-Gravenhage", "merk": "Stibat", "puntType": "inzamelbak", "materialen": ["batterijen"], "uitbetaling": [], "vrijToegankelijk": false, "gemeenteBeperking": null, "openingstijden": null, "latitude": 52.0779637, "longitude": 4.3049451, "bronId": "L047518"}}, {"type": "Feature", "geometry": {"type": "Point", "coordinates": [4.3042048, 52.09191]}, "properties": {"type": "inleverpunt", "locatieNaam": "1393 Albert Heijn", "straatNaam": "Sumatrastraat", "straatNr": "2", "postcode": "2585 CS", "plaats": "Den Haag", "merk": "Stibat", "puntType": "inzamelbak", "materialen": ["batterijen"], "uitbetaling": [], "vrijToegankelijk": false, "gemeenteBeperking": null, "openingstijden": null, "latitude": 52.09191, "longitude": 4.3042048, "bronId": "L006028"}}, {"type": "Feature", "geometry": {"type": "Point", "coordinates": [4.3035685, 52.0922359]}, "properties": {"type": "inleverpunt", "locatieNaam": "Nebo Foto-Video-Digitaal", "straatNaam": "Bankastraat", "straatNr": "62", "postcode": "2585 EP", "plaats": "Den Haag", "merk": "Stibat", "puntType": "inzamelbak", "materialen": ["batterijen"], "uitbetaling": [], "vrijToegankelijk": false, "gemeenteBeperking": null, "openingstijden": null, "latitude": 52.0922359, "longitude": 4.3035685, "bronId": "L011778"}}, {"type": "Feature", "geometry": {"type": "Point", "coordinates": [4.3041066, 52.0800645]}, "properties": {"type": "inleverpunt", "locatieNaam": "Van der Toorn en Stolp", "straatNaam": "Prinsestraat", "straatNr": "107", "postcode": "2513 CC", "plaats": "Den Haag", "merk": "Stibat", "puntType": "inzamelbak", "materialen": ["batterijen"], "uitbetaling": [], "vrijToegankelijk": false, "gemeenteBeperking": null, "openingstijden": null, "latitude": 52.0800645, "longitude": 4.3041066, "bronId": "L043828"}}, {"type": "Feature", "geometry": {"type": "Point", "coordinates": [4.3037865, 52.0843294]}, "properties": {"type": "inleverpunt", "locatieNaam": "Hilton Den Haag", "straatNaam": "Zeestraat", "straatNr": "35", "postcode": "2518 AA", "plaats": "Den Haag", "merk": "Stibat", "puntType": "inzamelbak", "materialen": ["batterijen"], "uitbetaling": [], "vrijToegankelijk": false, "gemeenteBeperking": null, "openingstijden": null, "latitude": 52.0843294, "longitude": 4.3037865, "bronId": "L031718"}}, {"type": "Feature", "geometry": {"type": "Point", "coordinates": [4.3069697, 52.0494818]}, "properties": {"type": "inleverpunt", "locatieNaam": "Twickeltje", "straatNaam": "Twickelstraat", "straatNr": "120", "postcode": "2531 RB", "plaats": "Den Haag", "merk": "Stibat", "puntType": "inzamelbak", "materialen": ["batterijen"], "uitbetaling": [], "vrijToegankelijk": false, "gemeenteBeperking": null, "openingstijden": null, "latitude": 52.0494818, "longitude": 4.3069697, "bronId": "L032434"}}, {"type": "Feature", "geometry": {"type": "Point", "coordinates": [4.3045006, 52.0515086]}, "properties": {"type": "inleverpunt", "locatieNaam": "Coop", "straatNaam": "Heeswijkplein", "straatNr": "200", "postcode": "2531 HV", "plaats": "Den Haag", "merk": "Stibat", "puntType": "inzamelbak", "materialen": ["batterijen"], "uitbetaling": [], "vrijToegankelijk": false, "gemeenteBeperking": null, "openingstijden": null, "latitude": 52.0515086, "longitude": 4.3045006, "bronId": "L034924"}}, {"type": "Feature", "geometry": {"type": "Point", "coordinates": [4.3013683, 52.0754506]}, "properties": {"type": "inleverpunt", "locatieNaam": "Radio Fortuin", "straatNaam": "Westeinde", "straatNr": "193a", "postcode": "2512 GX", "plaats": "Den Haag", "merk": "Stibat", "puntType": "inzamelbak", "materialen": ["batterijen"], "uitbetaling": [], "vrijToegankelijk": false, "gemeenteBeperking": null, "openingstijden": null, "latitude": 52.0754506, "longitude": 4.3013683, "bronId": "L025666"}}, {"type": "Feature", "geometry": {"type": "Point", "coordinates": [4.2990455, 52.099099]}, "properties": {"type": "inleverpunt", "locatieNaam": "Madurodam Souvenierwinkel", "straatNaam": "George Maduroplein", "straatNr": "1", "postcode": "2584 RZ", "plaats": "Den Haag", "merk": "Stibat", "puntType": "inzamelbak", "materialen": ["batterijen"], "uitbetaling": [], "vrijToegankelijk": false, "gemeenteBeperking": null, "openingstijden": null, "latitude": 52.099099, "longitude": 4.2990455, "bronId": "L028357"}}, {"type": "Feature", "geometry": {"type": "Point", "coordinates": [4.2998281, 52.0623659]}, "properties": {"type": "inleverpunt", "locatieNaam": "Lidl", "straatNaam": "Wesselsstraat", "straatNr": "500", "postcode": "2572 WC", "plaats": "Den Haag", "merk": "Stibat", "puntType": "inzamelbak", "materialen": ["batterijen"], "uitbetaling": [], "vrijToegankelijk": false, "gemeenteBeperking": null, "openingstijden": null, "latitude": 52.0623659, "longitude": 4.2998281, "bronId": "L016796"}}, {"type": "Feature", "geometry": {"type": "Point", "coordinates": [4.2969902, 52.0807899]}, "properties": {"type": "inleverpunt", "locatieNaam": "Top Bikes", "straatNaam": "Elandstraat", "straatNr": "89", "postcode": "2513 GM", "plaats": "Den Haag", "merk": "Stibat", "puntType": "inzamelbak", "materialen": ["batterijen"], "uitbetaling": [], "vrijToegankelijk": false, "gemeenteBeperking": null, "openingstijden": null, "latitude": 52.0807899, "longitude": 4.2969902, "bronId": "L032978"}}, {"type": "Feature", "geometry": {"type": "Point", "coordinates": [4.2965722, 52.0853579]}, "properties": {"type": "inleverpunt", "locatieNaam": "1487 Albert Heijn", "straatNaam": "Laan van Meerdervoort", "straatNr": "52", "postcode": "2517 AM", "plaats": "Den Haag", "merk": "Stibat", "puntType": "inzamelbak", "materialen": ["batterijen"], "uitbetaling": [], "vrijToegankelijk": false, "gemeenteBeperking": null, "openingstijden": null, "latitude": 52.0853579, "longitude": 4.2965722, "bronId": "L028169"}}, {"type": "Feature", "geometry": {"type": "Point", "coordinates": [4.2960433, 52.0799453]}, "properties": {"type": "inleverpunt", "locatieNaam": "7482 Etos", "straatNaam": "Elandstraat", "straatNr": "160", "postcode": "2513 GW", "plaats": "Den Haag", "merk": "Stibat", "puntType": "inzamelbak", "materialen": ["batterijen"], "uitbetaling": [], "vrijToegankelijk": false, "gemeenteBeperking": null, "openingstijden": null, "latitude": 52.0799453, "longitude": 4.2960433, "bronId": "L023617"}}, {"type": "Feature", "geometry": {"type": "Point", "coordinates": [4.2960433, 52.0799453]}, "properties": {"type": "inleverpunt", "locatieNaam": "1624 Albert Heijn", "straatNaam": "Elandstraat", "straatNr": "160", "postcode": "2513 GW", "plaats": "Den Haag", "merk": "Stibat", "puntType": "inzamelbak", "materialen": ["batterijen"], "uitbetaling": [], "vrijToegankelijk": false, "gemeenteBeperking": null, "openingstijden": null, "latitude": 52.0799453, "longitude": 4.2960433, "bronId": "L017359"}}, {"type": "Feature", "geometry": {"type": "Point", "coordinates": [4.2975544, 52.0613398]}, "properties": {"type": "inleverpunt", "locatieNaam": "Esso", "straatNaam": "Kaapseplein", "straatNr": "100", "postcode": "2572 NH", "plaats": "Den Haag", "merk": "Stibat", "puntType": "inzamelbak", "materialen": ["batterijen"], "uitbetaling": [], "vrijToegankelijk": false, "gemeenteBeperking": null, "openingstijden": null, "latitude": 52.0613398, "longitude": 4.2975544, "bronId": "L024368"}}, {"type": "Feature", "geometry": {"type": "Point", "coordinates": [4.2934553, 52.0818484]}, "properties": {"type": "inleverpunt", "locatieNaam": "Coop", "straatNaam": "Prins Hendrikstraat", "straatNr": "46", "postcode": "2518 HT", "plaats": "Den Haag", "merk": "Stibat", "puntType": "inzamelbak", "materialen": ["batterijen"], "uitbetaling": [], "vrijToegankelijk": false, "gemeenteBeperking": null, "openingstijden": null, "latitude": 52.0818484, "longitude": 4.2934553, "bronId": "L021739"}}, {"type": "Feature", "geometry": {"type": "Point", "coordinates": [4.2935425, 52.0789969]}, "properties": {"type": "inleverpunt", "locatieNaam": "Isero Den Haag Elandstraat", "straatNaam": "Elandstraat", "straatNr": "194a-196", "postcode": "2513 GX", "plaats": "Den Haag", "merk": "Stibat", "puntType": "inzamelbak", "materialen": ["batterijen"], "uitbetaling": [], "vrijToegankelijk": false, "gemeenteBeperking": null, "openingstijden": null, "latitude": 52.0789969, "longitude": 4.2935425, "bronId": "L027834"}}, {"type": "Feature", "geometry": {"type": "Point", "coordinates": [4.2936578, 52.0684186]}, "properties": {"type": "inleverpunt", "locatieNaam": "Foto en Sigaar", "straatNaam": "Paul Krugerlaan", "straatNr": "282", "postcode": "2571 HS", "plaats": "Den Haag", "merk": "Stibat", "puntType": "inzamelbak", "materialen": ["batterijen"], "uitbetaling": [], "vrijToegankelijk": false, "gemeenteBeperking": null, "openingstijden": null, "latitude": 52.0684186, "longitude": 4.2936578, "bronId": "L028819"}}, {"type": "Feature", "geometry": {"type": "Point", "coordinates": [4.2934529, 52.06955]}, "properties": {"type": "inleverpunt", "locatieNaam": "Karwei", "straatNaam": "Uitenhagestraat", "straatNr": "87", "postcode": "2571 PV", "plaats": "Den Haag", "merk": "Stibat", "puntType": "inzamelbak", "materialen": ["batterijen"], "uitbetaling": [], "vrijToegankelijk": false, "gemeenteBeperking": null, "openingstijden": null, "latitude": 52.06955, "longitude": 4.2934529, "bronId": "L009890"}}, {"type": "Feature", "geometry": {"type": "Point", "coordinates": [4.2920582, 52.0731729]}, "properties": {"type": "inleverpunt", "locatieNaam": "Prijssnijder B.V.", "straatNaam": "Loosduinseweg", "straatNr": "223", "postcode": "2571 AB", "plaats": "Den Haag", "merk": "Stibat", "puntType": "inzamelbak", "materialen": ["batterijen"], "uitbetaling": [], "vrijToegankelijk": false, "gemeenteBeperking": null, "openingstijden": null, "latitude": 52.0731729, "longitude": 4.2920582, "bronId": "L043577"}}, {"type": "Feature", "geometry": {"type": "Point", "coordinates": [4.2911348, 52.0832118]}, "properties": {"type": "inleverpunt", "locatieNaam": "Hampshire Hotel - 108 Meerdervoort", "straatNaam": "Laan van Meerdervoort", "straatNr": "108", "postcode": "2517 AS", "plaats": "Den Haag", "merk": "Stibat", "puntType": "inzamelbak", "materialen": ["batterijen"], "uitbetaling": [], "vrijToegankelijk": false, "gemeenteBeperking": null, "openingstijden": null, "latitude": 52.0832118, "longitude": 4.2911348, "bronId": "L028269"}}, {"type": "Feature", "geometry": {"type": "Point", "coordinates": [4.2904514, 52.1106954]}, "properties": {"type": "inleverpunt", "locatieNaam": "Primera", "straatNaam": "Gentsestraat", "straatNr": "56a", "postcode": "2587 HV", "plaats": "Den Haag", "merk": "Stibat", "puntType": "inzamelbak", "materialen": ["batterijen"], "uitbetaling": [], "vrijToegankelijk": false, "gemeenteBeperking": null, "openingstijden": null, "latitude": 52.1106954, "longitude": 4.2904514, "bronId": "L030420"}}, {"type": "Feature", "geometry": {"type": "Point", "coordinates": [4.2912931, 52.0712214]}, "properties": {"type": "inleverpunt", "locatieNaam": "Picnic", "straatNaam": "Uitenhagestraat", "straatNr": "6", "postcode": "2571 VV", "plaats": "Den Haag", "merk": "Stibat", "puntType": "inzamelbak", "materialen": ["batterijen"], "uitbetaling": [], "vrijToegankelijk": false, "gemeenteBeperking": null, "openingstijden": null, "latitude": 52.0712214, "longitude": 4.2912931, "bronId": "L043708"}}, {"type": "Feature", "geometry": {"type": "Point", "coordinates": [4.2901534, 52.0802639]}, "properties": {"type": "inleverpunt", "locatieNaam": "KEMPER FIETSEN", "straatNaam": "Waldeck Pyrmontkade", "straatNr": "454", "postcode": "2518 KG", "plaats": "Den Haag", "merk": "Stibat", "puntType": "inzamelbak", "materialen": ["batterijen"], "uitbetaling": [], "vrijToegankelijk": false, "gemeenteBeperking": null, "openingstijden": null, "latitude": 52.0802639, "longitude": 4.2901534, "bronId": "L032982"}}, {"type": "Feature", "geometry": {"type": "Point", "coordinates": [4.2884685, 52.1116294]}, "properties": {"type": "inleverpunt", "locatieNaam": "Fotomaatje", "straatNaam": "Gentsestraat", "straatNr": "3", "postcode": "2587 HK", "plaats": "Den Haag", "merk": "Stibat", "puntType": "inzamelbak", "materialen": ["batterijen"], "uitbetaling": [], "vrijToegankelijk": false, "gemeenteBeperking": null, "openingstijden": null, "latitude": 52.1116294, "longitude": 4.2884685, "bronId": "L011141"}}, {"type": "Feature", "geometry": {"type": "Point", "coordinates": [4.2898001, 52.0683353]}, "properties": {"type": "inleverpunt", "locatieNaam": "1841 Albert Heijn", "straatNaam": "Steijnlaan", "straatNr": "106", "postcode": "2571 RH", "plaats": "Den Haag", "merk": "Stibat", "puntType": "inzamelbak", "materialen": ["batterijen"], "uitbetaling": [], "vrijToegankelijk": false, "gemeenteBeperking": null, "openingstijden": null, "latitude": 52.0683353, "longitude": 4.2898001, "bronId": "L022598"}}, {"type": "Feature", "geometry": {"type": "Point", "coordinates": [4.2973049, 52.0197599]}, "properties": {"type": "inleverpunt", "locatieNaam": "1427 Albert Heijn", "straatNaam": "Parijsplein", "straatNr": "19", "postcode": "2548 VL", "plaats": "Den Haag", "merk": "Stibat", "puntType": "inzamelbak", "materialen": ["batterijen"], "uitbetaling": [], "vrijToegankelijk": false, "gemeenteBeperking": null, "openingstijden": null, "latitude": 52.0197599, "longitude": 4.2973049, "bronId": "L006795"}}, {"type": "Feature", "geometry": {"type": "Point", "coordinates": [4.2919498, 52.0479455]}, "properties": {"type": "inleverpunt", "locatieNaam": "Wibra", "straatNaam": "Betje Wolffstraat", "straatNr": "257-265", "postcode": "2533 HM", "plaats": "Den Haag", "merk": "Stibat", "puntType": "inzamelbak", "materialen": ["batterijen"], "uitbetaling": [], "vrijToegankelijk": false, "gemeenteBeperking": null, "openingstijden": null, "latitude": 52.0479455, "longitude": 4.2919498, "bronId": "L022227"}}, {"type": "Feature", "geometry": {"type": "Point", "coordinates": [4.2918446, 52.0479578]}, "properties": {"type": "inleverpunt", "locatieNaam": "Aldi", "straatNaam": "Betje Wolffstraat", "straatNr": "257", "postcode": "2533 HK", "plaats": "'s-Gravenhage", "merk": "Stibat", "puntType": "inzamelbak", "materialen": ["batterijen"], "uitbetaling": [], "vrijToegankelijk": false, "gemeenteBeperking": null, "openingstijden": null, "latitude": 52.0479578, "longitude": 4.2918446, "bronId": "L047906"}}, {"type": "Feature", "geometry": {"type": "Point", "coordinates": [4.2970594, 52.0197951]}, "properties": {"type": "inleverpunt", "locatieNaam": "Kruidvat", "straatNaam": "Parijsplein", "straatNr": "1", "postcode": "2548 VL", "plaats": "Den Haag", "merk": "Stibat", "puntType": "inzamelbak", "materialen": ["batterijen"], "uitbetaling": [], "vrijToegankelijk": false, "gemeenteBeperking": null, "openingstijden": null, "latitude": 52.0197951, "longitude": 4.2970594, "bronId": "L014143"}}, {"type": "Feature", "geometry": {"type": "Point", "coordinates": [4.2877027, 52.111796]}, "properties": {"type": "inleverpunt", "locatieNaam": "1584 Albert Heijn", "straatNaam": "Amsterdamsestraat", "straatNr": "9", "postcode": "2587 CN", "plaats": "Den Haag", "merk": "Stibat", "puntType": "inzamelbak", "materialen": ["batterijen"], "uitbetaling": [], "vrijToegankelijk": false, "gemeenteBeperking": null, "openingstijden": null, "latitude": 52.111796, "longitude": 4.2877027, "bronId": "L005900"}}, {"type": "Feature", "geometry": {"type": "Point", "coordinates": [4.2970233, 52.0196821]}, "properties": {"type": "inleverpunt", "locatieNaam": "Lidl", "straatNaam": "Parijsplein", "straatNr": "3", "postcode": "2548 VL", "plaats": "Den Haag", "merk": "Stibat", "puntType": "inzamelbak", "materialen": ["batterijen"], "uitbetaling": [], "vrijToegankelijk": false, "gemeenteBeperking": null, "openingstijden": null, "latitude": 52.0196821, "longitude": 4.2970233, "bronId": "L016487"}}, {"type": "Feature", "geometry": {"type": "Point", "coordinates": [4.288879, 52.0723736]}, "properties": {"type": "inleverpunt", "locatieNaam": "Snoeck Electro Centraal", "straatNaam": "Loosduinseweg", "straatNr": "495e", "postcode": "2571 AG", "plaats": "Den Haag", "merk": "Stibat", "puntType": "inzamelbak", "materialen": ["batterijen"], "uitbetaling": [], "vrijToegankelijk": false, "gemeenteBeperking": null, "openingstijden": null, "latitude": 52.0723736, "longitude": 4.288879, "bronId": "L031278"}}, {"type": "Feature", "geometry": {"type": "Point", "coordinates": [4.2911724, 52.048878]}, "properties": {"type": "inleverpunt", "locatieNaam": "8372 Etos", "straatNaam": "Betje Wolffstraat", "straatNr": "136", "postcode": "2533 HT", "plaats": "Den Haag", "merk": "Stibat", "puntType": "inzamelbak", "materialen": ["batterijen"], "uitbetaling": [], "vrijToegankelijk": false, "gemeenteBeperking": null, "openingstijden": null, "latitude": 52.048878, "longitude": 4.2911724, "bronId": "L025300"}}, {"type": "Feature", "geometry": {"type": "Point", "coordinates": [4.2911016, 52.0489291]}, "properties": {"type": "inleverpunt", "locatieNaam": "1802 Albert Heijn", "straatNaam": "Betje Wolffstraat", "straatNr": "134", "postcode": "2533 HT", "plaats": "Den Haag", "merk": "Stibat", "puntType": "inzamelbak", "materialen": ["batterijen"], "uitbetaling": [], "vrijToegankelijk": false, "gemeenteBeperking": null, "openingstijden": null, "latitude": 52.0489291, "longitude": 4.2911016, "bronId": "L022141"}}, {"type": "Feature", "geometry": {"type": "Point", "coordinates": [4.2909852, 52.049209]}, "properties": {"type": "inleverpunt", "locatieNaam": "Primera", "straatNaam": "Betje Wolffstraat", "straatNr": "132", "postcode": "2533 HT", "plaats": "Den Haag", "merk": "Stibat", "puntType": "inzamelbak", "materialen": ["batterijen"], "uitbetaling": [], "vrijToegankelijk": false, "gemeenteBeperking": null, "openingstijden": null, "latitude": 52.049209, "longitude": 4.2909852, "bronId": "L022800"}}, {"type": "Feature", "geometry": {"type": "Point", "coordinates": [4.286959, 52.1142823]}, "properties": {"type": "inleverpunt", "locatieNaam": "Allesbijje.nl", "straatNaam": "Zwolsestraat", "straatNr": "62", "postcode": "2587 VJ", "plaats": "Den Haag", "merk": "Stibat", "puntType": "inzamelbak", "materialen": ["batterijen"], "uitbetaling": [], "vrijToegankelijk": false, "gemeenteBeperking": null, "openingstijden": null, "latitude": 52.1142823, "longitude": 4.286959, "bronId": "L026827"}}, {"type": "Feature", "geometry": {"type": "Point", "coordinates": [4.2856336, 52.0784088]}, "properties": {"type": "inleverpunt", "locatieNaam": "Matrix Computers", "straatNaam": "Weimarstraat", "straatNr": "21", "postcode": "2562 GN", "plaats": "Den Haag", "merk": "Stibat", "puntType": "inzamelbak", "materialen": ["batterijen"], "uitbetaling": [], "vrijToegankelijk": false, "gemeenteBeperking": null, "openingstijden": null, "latitude": 52.0784088, "longitude": 4.2856336, "bronId": "L046487"}}, {"type": "Feature", "geometry": {"type": "Point", "coordinates": [4.2852013, 52.0780942]}, "properties": {"type": "inleverpunt", "locatieNaam": "Beer Fietsen", "straatNaam": "Weimarstraat", "straatNr": "31", "postcode": "2562 GP", "plaats": "Den Haag", "merk": "Stibat", "puntType": "inzamelbak", "materialen": ["batterijen"], "uitbetaling": [], "vrijToegankelijk": false, "gemeenteBeperking": null, "openingstijden": null, "latitude": 52.0780942, "longitude": 4.2852013, "bronId": "L032988"}}, {"type": "Feature", "geometry": {"type": "Point", "coordinates": [4.2850319, 52.0801196]}, "properties": {"type": "inleverpunt", "locatieNaam": "1853 Albert Heijn", "straatNaam": "Conradkade", "straatNr": "67", "postcode": "2517 BS", "plaats": "Den Haag", "merk": "Stibat", "puntType": "inzamelbak", "materialen": ["batterijen"], "uitbetaling": [], "vrijToegankelijk": false, "gemeenteBeperking": null, "openingstijden": null, "latitude": 52.0801196, "longitude": 4.2850319, "bronId": "L026837"}}, {"type": "Feature", "geometry": {"type": "Point", "coordinates": [4.2842775, 52.1146234]}, "properties": {"type": "inleverpunt", "locatieNaam": "HEMA Scheveningen Palace Promenade", "straatNaam": "Gevers Deynootweg", "straatNr": "990-79", "postcode": "2586 BZ", "plaats": "Den Haag", "merk": "Stibat", "puntType": "inzamelbak", "materialen": ["batterijen"], "uitbetaling": [], "vrijToegankelijk": false, "gemeenteBeperking": null, "openingstijden": null, "latitude": 52.1146234, "longitude": 4.2842775, "bronId": "L046830"}}, {"type": "Feature", "geometry": {"type": "Point", "coordinates": [4.2841442, 52.1143309]}, "properties": {"type": "inleverpunt", "locatieNaam": "Attent", "straatNaam": "Gevers Deynootweg", "straatNr": "980-6", "postcode": "2586 BW", "plaats": "Den Haag", "merk": "Stibat", "puntType": "inzamelbak", "materialen": ["batterijen"], "uitbetaling": [], "vrijToegankelijk": false, "gemeenteBeperking": null, "openingstijden": null, "latitude": 52.1143309, "longitude": 4.2841442, "bronId": "L036101"}}, {"type": "Feature", "geometry": {"type": "Point", "coordinates": [4.2849178, 52.0779739]}, "properties": {"type": "inleverpunt", "locatieNaam": "Borca online computer service", "straatNaam": "Weimarstraat", "straatNr": "39", "postcode": "2562 GP", "plaats": "Den Haag", "merk": "Stibat", "puntType": "inzamelbak", "materialen": ["batterijen"], "uitbetaling": [], "vrijToegankelijk": false, "gemeenteBeperking": null, "openingstijden": null, "latitude": 52.0779739, "longitude": 4.2849178, "bronId": "L038942"}}, {"type": "Feature", "geometry": {"type": "Point", "coordinates": [4.2840577, 52.1144455]}, "properties": {"type": "inleverpunt", "locatieNaam": "Kruidvat", "straatNaam": "Gevers Deynootweg", "straatNr": "990-86", "postcode": "2586 BZ", "plaats": "Scheveningen", "merk": "Stibat", "puntType": "inzamelbak", "materialen": ["batterijen"], "uitbetaling": [], "vrijToegankelijk": false, "gemeenteBeperking": null, "openingstijden": null, "latitude": 52.1144455, "longitude": 4.2840577, "bronId": "L015479"}}, {"type": "Feature", "geometry": {"type": "Point", "coordinates": [4.2883499, 52.0451373]}, "properties": {"type": "inleverpunt", "locatieNaam": "De Haan", "straatNaam": "Loevesteinlaan", "straatNr": "887", "postcode": "2533 BW", "plaats": "Den Haag", "merk": "Stibat", "puntType": "inzamelbak", "materialen": ["batterijen"], "uitbetaling": [], "vrijToegankelijk": false, "gemeenteBeperking": null, "openingstijden": null, "latitude": 52.0451373, "longitude": 4.2883499, "bronId": "L044758"}}, {"type": "Feature", "geometry": {"type": "Point", "coordinates": [4.285095, 52.0668968]}, "properties": {"type": "inleverpunt", "locatieNaam": "Zeeman", "straatNaam": "Dierenselaan", "straatNr": "85", "postcode": "2573 KC", "plaats": "Den Haag", "merk": "Stibat", "puntType": "inzamelbak", "materialen": ["batterijen"], "uitbetaling": [], "vrijToegankelijk": false, "gemeenteBeperking": null, "openingstijden": null, "latitude": 52.0668968, "longitude": 4.285095, "bronId": "L020411"}}, {"type": "Feature", "geometry": {"type": "Point", "coordinates": [4.2841303, 52.0772741]}, "properties": {"type": "inleverpunt", "locatieNaam": "Intertoys", "straatNaam": "Weimarstraat", "straatNr": "66-68a", "postcode": "2562 HA", "plaats": "Den Haag", "merk": "Stibat", "puntType": "inzamelbak", "materialen": ["batterijen"], "uitbetaling": [], "vrijToegankelijk": false, "gemeenteBeperking": null, "openingstijden": null, "latitude": 52.0772741, "longitude": 4.2841303, "bronId": "L038219"}}, {"type": "Feature", "geometry": {"type": "Point", "coordinates": [4.2832131, 52.1145868]}, "properties": {"type": "inleverpunt", "locatieNaam": "Intertoys", "straatNaam": "Strandweg", "straatNr": "61", "postcode": "2586 JL", "plaats": "Den Haag", "merk": "Stibat", "puntType": "inzamelbak", "materialen": ["batterijen"], "uitbetaling": [], "vrijToegankelijk": false, "gemeenteBeperking": null, "openingstijden": null, "latitude": 52.1145868, "longitude": 4.2832131, "bronId": "L043512"}}, {"type": "Feature", "geometry": {"type": "Point", "coordinates": [4.2846132, 52.066744]}, "properties": {"type": "inleverpunt", "locatieNaam": "Primera", "straatNaam": "Dierenselaan", "straatNr": "97", "postcode": "2573 KD", "plaats": "Den Haag", "merk": "Stibat", "puntType": "inzamelbak", "materialen": ["batterijen"], "uitbetaling": [], "vrijToegankelijk": false, "gemeenteBeperking": null, "openingstijden": null, "latitude": 52.066744, "longitude": 4.2846132, "bronId": "L029341"}}, {"type": "Feature", "geometry": {"type": "Point", "coordinates": [4.2835635, 52.0769502]}, "properties": {"type": "inleverpunt", "locatieNaam": "Hobbytel Mobile", "straatNaam": "Weimarstraat", "straatNr": "86A", "postcode": "2562 HA", "plaats": "Den Haag", "merk": "Stibat", "puntType": "inzamelbak", "materialen": ["batterijen"], "uitbetaling": [], "vrijToegankelijk": false, "gemeenteBeperking": null, "openingstijden": null, "latitude": 52.0769502, "longitude": 4.2835635, "bronId": "L040760"}}, {"type": "Feature", "geometry": {"type": "Point", "coordinates": [4.2831452, 52.0820789]}, "properties": {"type": "inleverpunt", "locatieNaam": "Uw Eigen Drogist", "straatNaam": "Reinkenstraat", "straatNr": "83", "postcode": "2517 CS", "plaats": "Den Haag", "merk": "Stibat", "puntType": "inzamelbak", "materialen": ["batterijen"], "uitbetaling": [], "vrijToegankelijk": false, "gemeenteBeperking": null, "openingstijden": null, "latitude": 52.0820789, "longitude": 4.2831452, "bronId": "L014194"}}, {"type": "Feature", "geometry": {"type": "Point", "coordinates": [4.2830266, 52.0822563]}, "properties": {"type": "inleverpunt", "locatieNaam": "Primera", "straatNaam": "Reinkenstraat", "straatNr": "93", "postcode": "2517 CS", "plaats": "Den Haag", "merk": "Stibat", "puntType": "inzamelbak", "materialen": ["batterijen"], "uitbetaling": [], "vrijToegankelijk": false, "gemeenteBeperking": null, "openingstijden": null, "latitude": 52.0822563, "longitude": 4.2830266, "bronId": "L023191"}}, {"type": "Feature", "geometry": {"type": "Point", "coordinates": [4.2835248, 52.0660701]}, "properties": {"type": "inleverpunt", "locatieNaam": "7213 Etos", "straatNaam": "Dierenselaan", "straatNr": "212", "postcode": "2573 KN", "plaats": "Den Haag", "merk": "Stibat", "puntType": "inzamelbak", "materialen": ["batterijen"], "uitbetaling": [], "vrijToegankelijk": false, "gemeenteBeperking": null, "openingstijden": null, "latitude": 52.0660701, "longitude": 4.2835248, "bronId": "L024218"}}, {"type": "Feature", "geometry": {"type": "Point", "coordinates": [4.2833004, 52.0663277]}, "properties": {"type": "inleverpunt", "locatieNaam": "Wibra", "straatNaam": "Dierenselaan", "straatNr": "175", "postcode": "2573 KG", "plaats": "Den Haag", "merk": "Stibat", "puntType": "inzamelbak", "materialen": ["batterijen"], "uitbetaling": [], "vrijToegankelijk": false, "gemeenteBeperking": null, "openingstijden": null, "latitude": 52.0663277, "longitude": 4.2833004, "bronId": "L023654"}}, {"type": "Feature", "geometry": {"type": "Point", "coordinates": [4.2880402, 52.0308234]}, "properties": {"type": "inleverpunt", "locatieNaam": "HEMA Den Haag-Wateringseveld", "straatNaam": "Laan van wateringseveld", "straatNr": "684", "postcode": "2548 CM", "plaats": "Den Haag", "merk": "Stibat", "puntType": "inzamelbak", "materialen": ["batterijen"], "uitbetaling": [], "vrijToegankelijk": false, "gemeenteBeperking": null, "openingstijden": null, "latitude": 52.0308234, "longitude": 4.2880402, "bronId": "L046849"}}, {"type": "Feature", "geometry": {"type": "Point", "coordinates": [4.2827444, 52.0663678]}, "properties": {"type": "inleverpunt", "locatieNaam": "HEMA Den Haag-Dierenselaan", "straatNaam": "Dierenselaan", "straatNr": "193", "postcode": "2573 KG", "plaats": "Den Haag", "merk": "Stibat", "puntType": "inzamelbak", "materialen": ["batterijen"], "uitbetaling": [], "vrijToegankelijk": false, "gemeenteBeperking": null, "openingstijden": null, "latitude": 52.0663678, "longitude": 4.2827444, "bronId": "L046791"}}, {"type": "Feature", "geometry": {"type": "Point", "coordinates": [4.2879283, 52.0305673]}, "properties": {"type": "inleverpunt", "locatieNaam": "1530 Albert Heijn", "straatNaam": "Laan van Wateringse Veld", "straatNr": "688", "postcode": "2548 CM", "plaats": "Den Haag", "merk": "Stibat", "puntType": "inzamelbak", "materialen": ["batterijen"], "uitbetaling": [], "vrijToegankelijk": false, "gemeenteBeperking": null, "openingstijden": null, "latitude": 52.0305673, "longitude": 4.2879283, "bronId": "L024665"}}, {"type": "Feature", "geometry": {"type": "Point", "coordinates": [4.287815, 52.0309765]}, "properties": {"type": "inleverpunt", "locatieNaam": "Lidl", "straatNaam": "Laan van Wateringse Veld", "straatNr": "484", "postcode": "2548 CL", "plaats": "Den Haag", "merk": "Stibat", "puntType": "inzamelbak", "materialen": ["batterijen"], "uitbetaling": [], "vrijToegankelijk": false, "gemeenteBeperking": null, "openingstijden": null, "latitude": 52.0309765, "longitude": 4.287815, "bronId": "L023503"}}, {"type": "Feature", "geometry": {"type": "Point", "coordinates": [4.2817299, 52.0762682]}, "properties": {"type": "inleverpunt", "locatieNaam": "7280 Etos", "straatNaam": "Weimarstraat", "straatNr": "95", "postcode": "2562 GS", "plaats": "Den Haag", "merk": "Stibat", "puntType": "inzamelbak", "materialen": ["batterijen"], "uitbetaling": [], "vrijToegankelijk": false, "gemeenteBeperking": null, "openingstijden": null, "latitude": 52.0762682, "longitude": 4.2817299, "bronId": "L023911"}}, {"type": "Feature", "geometry": {"type": "Point", "coordinates": [4.2816189, 52.0759329]}, "properties": {"type": "inleverpunt", "locatieNaam": "1149 Albert Heijn", "straatNaam": "Weimarstraat", "straatNr": "118", "postcode": "2562 HC", "plaats": "Den Haag", "merk": "Stibat", "puntType": "inzamelbak", "materialen": ["batterijen"], "uitbetaling": [], "vrijToegankelijk": false, "gemeenteBeperking": null, "openingstijden": null, "latitude": 52.0759329, "longitude": 4.2816189, "bronId": "L007173"}}, {"type": "Feature", "geometry": {"type": "Point", "coordinates": [4.2822405, 52.0679712]}, "properties": {"type": "inleverpunt", "locatieNaam": "Intertoys", "straatNaam": "Apeldoornselaan", "straatNr": "1151", "postcode": "2573 LG", "plaats": "Den Haag", "merk": "Stibat", "puntType": "inzamelbak", "materialen": ["batterijen"], "uitbetaling": [], "vrijToegankelijk": false, "gemeenteBeperking": null, "openingstijden": null, "latitude": 52.0679712, "longitude": 4.2822405, "bronId": "L038220"}}, {"type": "Feature", "geometry": {"type": "Point", "coordinates": [4.2875199, 52.0309045]}, "properties": {"type": "inleverpunt", "locatieNaam": "Primera", "straatNaam": "Laan van Wateringse Veld", "straatNr": "488", "postcode": "2548 CL", "plaats": "Den Haag", "merk": "Stibat", "puntType": "inzamelbak", "materialen": ["batterijen"], "uitbetaling": [], "vrijToegankelijk": false, "gemeenteBeperking": null, "openingstijden": null, "latitude": 52.0309045, "longitude": 4.2875199, "bronId": "L024358"}}, {"type": "Feature", "geometry": {"type": "Point", "coordinates": [4.2822207, 52.0659846]}, "properties": {"type": "inleverpunt", "locatieNaam": "Kruidvat", "straatNaam": "Dierenselaan", "straatNr": "226-238", "postcode": "2573 KP", "plaats": "Den Haag", "merk": "Stibat", "puntType": "inzamelbak", "materialen": ["batterijen"], "uitbetaling": [], "vrijToegankelijk": false, "gemeenteBeperking": null, "openingstijden": null, "latitude": 52.0659846, "longitude": 4.2822207, "bronId": "L018688"}}, {"type": "Feature", "geometry": {"type": "Point", "coordinates": [4.2822154, 52.0660276]}, "properties": {"type": "inleverpunt", "locatieNaam": "The Read Shop", "straatNaam": "Dierenselaan", "straatNr": "248", "postcode": "2573 KP", "plaats": "Den Haag", "merk": "Stibat", "puntType": "inzamelbak", "materialen": ["batterijen"], "uitbetaling": [], "vrijToegankelijk": false, "gemeenteBeperking": null, "openingstijden": null, "latitude": 52.0660276, "longitude": 4.2822154, "bronId": "L030106"}}, {"type": "Feature", "geometry": {"type": "Point", "coordinates": [4.2870786, 52.0308418]}, "properties": {"type": "inleverpunt", "locatieNaam": "Kruidvat", "straatNaam": "Laan van Wateringse Veld", "straatNr": "576-578", "postcode": "2548 CL", "plaats": "Den Haag", "merk": "Stibat", "puntType": "inzamelbak", "materialen": ["batterijen"], "uitbetaling": [], "vrijToegankelijk": false, "gemeenteBeperking": null, "openingstijden": null, "latitude": 52.0308418, "longitude": 4.2870786, "bronId": "L035388"}}, {"type": "Feature", "geometry": {"type": "Point", "coordinates": [4.2817478, 52.0660204]}, "properties": {"type": "inleverpunt", "locatieNaam": "1544 Albert Heijn", "straatNaam": "Apeldoornselaan", "straatNr": "266", "postcode": "2573 LW", "plaats": "Den Haag", "merk": "Stibat", "puntType": "inzamelbak", "materialen": ["batterijen"], "uitbetaling": [], "vrijToegankelijk": false, "gemeenteBeperking": null, "openingstijden": null, "latitude": 52.0660204, "longitude": 4.2817478, "bronId": "L007035"}}, {"type": "Feature", "geometry": {"type": "Point", "coordinates": [4.2806006, 52.0797098]}, "properties": {"type": "inleverpunt", "locatieNaam": "Houtwinkel Zaag", "straatNaam": "Laan van Meerdervoort", "straatNr": "258", "postcode": "2563 AJ", "plaats": "Den Haag", "merk": "Stibat", "puntType": "inzamelbak", "materialen": ["batterijen"], "uitbetaling": [], "vrijToegankelijk": false, "gemeenteBeperking": null, "openingstijden": null, "latitude": 52.0797098, "longitude": 4.2806006, "bronId": "L043868"}}, {"type": "Feature", "geometry": {"type": "Point", "coordinates": [4.2790719, 52.104779]}, "properties": {"type": "inleverpunt", "locatieNaam": "Hubo", "straatNaam": "Badhuisstraat", "straatNr": "95-101", "postcode": "2584 HE", "plaats": "Den Haag", "merk": "Stibat", "puntType": "inzamelbak", "materialen": ["batterijen"], "uitbetaling": [], "vrijToegankelijk": false, "gemeenteBeperking": null, "openingstijden": null, "latitude": 52.104779, "longitude": 4.2790719, "bronId": "L008854"}}, {"type": "Feature", "geometry": {"type": "Point", "coordinates": [4.2790322, 52.1047091]}, "properties": {"type": "inleverpunt", "locatieNaam": "Wittebrug Fietsen", "straatNaam": "Badhuisstraat", "straatNr": "105", "postcode": "2584 HE", "plaats": "Den Haag", "merk": "Stibat", "puntType": "inzamelbak", "materialen": ["batterijen"], "uitbetaling": [], "vrijToegankelijk": false, "gemeenteBeperking": null, "openingstijden": null, "latitude": 52.1047091, "longitude": 4.2790322, "bronId": "L032995"}}, {"type": "Feature", "geometry": {"type": "Point", "coordinates": [4.2799709, 52.0750552]}, "properties": {"type": "inleverpunt", "locatieNaam": "Jumbo", "straatNaam": "Weimarstraat", "straatNr": "180", "postcode": "2562 HP", "plaats": "Den Haag", "merk": "Stibat", "puntType": "inzamelbak", "materialen": ["batterijen"], "uitbetaling": [], "vrijToegankelijk": false, "gemeenteBeperking": null, "openingstijden": null, "latitude": 52.0750552, "longitude": 4.2799709, "bronId": "L040576"}}, {"type": "Feature", "geometry": {"type": "Point", "coordinates": [4.2792227, 52.086114]}, "properties": {"type": "inleverpunt", "locatieNaam": "Snel Fietsen BV", "straatNaam": "Valeriusstraat", "straatNr": "79", "postcode": "2517 HP", "plaats": "Den Haag", "merk": "Stibat", "puntType": "inzamelbak", "materialen": ["batterijen"], "uitbetaling": [], "vrijToegankelijk": false, "gemeenteBeperking": null, "openingstijden": null, "latitude": 52.086114, "longitude": 4.2792227, "bronId": "L038292"}}, {"type": "Feature", "geometry": {"type": "Point", "coordinates": [4.2797829, 52.0760885]}, "properties": {"type": "inleverpunt", "locatieNaam": "De Bruin Electronics", "straatNaam": "Beeklaan", "straatNr": "291", "postcode": "2562 AH", "plaats": "Den Haag", "merk": "Stibat", "puntType": "inzamelbak", "materialen": ["batterijen"], "uitbetaling": [], "vrijToegankelijk": false, "gemeenteBeperking": null, "openingstijden": null, "latitude": 52.0760885, "longitude": 4.2797829, "bronId": "L035083"}}, {"type": "Feature", "geometry": {"type": "Point", "coordinates": [4.2786123, 52.1028893]}, "properties": {"type": "inleverpunt", "locatieNaam": "530 Hoogvliet", "straatNaam": "Badhuisstraat", "straatNr": "401", "postcode": "2584 HJ", "plaats": "Den Haag", "merk": "Stibat", "puntType": "inzamelbak", "materialen": ["batterijen"], "uitbetaling": [], "vrijToegankelijk": false, "gemeenteBeperking": null, "openingstijden": null, "latitude": 52.1028893, "longitude": 4.2786123, "bronId": "L039361"}}, {"type": "Feature", "geometry": {"type": "Point", "coordinates": [4.2792817, 52.076088]}, "properties": {"type": "inleverpunt", "locatieNaam": "Europart", "straatNaam": "Beeklaan", "straatNr": "300", "postcode": "2562 AV", "plaats": "Den Haag", "merk": "Stibat", "puntType": "inzamelbak", "materialen": ["batterijen"], "uitbetaling": [], "vrijToegankelijk": false, "gemeenteBeperking": null, "openingstijden": null, "latitude": 52.076088, "longitude": 4.2792817, "bronId": "L025739"}}, {"type": "Feature", "geometry": {"type": "Point", "coordinates": [4.2774234, 52.0944152]}, "properties": {"type": "inleverpunt", "locatieNaam": "Handyman", "straatNaam": "Frederik Hendriklaan", "straatNr": "78", "postcode": "2582 BD", "plaats": "Den Haag", "merk": "Stibat", "puntType": "inzamelbak", "materialen": ["batterijen"], "uitbetaling": [], "vrijToegankelijk": false, "gemeenteBeperking": null, "openingstijden": null, "latitude": 52.0944152, "longitude": 4.2774234, "bronId": "L016209"}}, {"type": "Feature", "geometry": {"type": "Point", "coordinates": [4.2772789, 52.0942356]}, "properties": {"type": "inleverpunt", "locatieNaam": "1287 Albert Heijn", "straatNaam": "Frederik Hendriklaan", "straatNr": "80", "postcode": "2582 BE", "plaats": "Den Haag", "merk": "Stibat", "puntType": "inzamelbak", "materialen": ["batterijen"], "uitbetaling": [], "vrijToegankelijk": false, "gemeenteBeperking": null, "openingstijden": null, "latitude": 52.0942356, "longitude": 4.2772789, "bronId": "L006072"}}, {"type": "Feature", "geometry": {"type": "Point", "coordinates": [4.2771662, 52.0950553]}, "properties": {"type": "inleverpunt", "locatieNaam": "Beter Horen", "straatNaam": "Prins Mauritsplein", "straatNr": "17", "postcode": "2582 NC", "plaats": "Den Haag", "merk": "Stibat", "puntType": "inzamelbak", "materialen": ["batterijen"], "uitbetaling": [], "vrijToegankelijk": false, "gemeenteBeperking": null, "openingstijden": null, "latitude": 52.0950553, "longitude": 4.2771662, "bronId": "L016719"}}, {"type": "Feature", "geometry": {"type": "Point", "coordinates": [4.2770193, 52.1032547]}, "properties": {"type": "inleverpunt", "locatieNaam": "Zeeman", "straatNaam": "Prins Willemstraat", "straatNr": "13", "postcode": "2584 HR", "plaats": "Scheveningen", "merk": "Stibat", "puntType": "inzamelbak", "materialen": ["batterijen"], "uitbetaling": [], "vrijToegankelijk": false, "gemeenteBeperking": null, "openingstijden": null, "latitude": 52.1032547, "longitude": 4.2770193, "bronId": "L021778"}}, {"type": "Feature", "geometry": {"type": "Point", "coordinates": [4.27701, 52.0879373]}, "properties": {"type": "inleverpunt", "locatieNaam": "Oorwerk", "straatNaam": "Aert van der Goesstraat", "straatNr": "29", "postcode": "2582 AJ", "plaats": "Den Haag", "merk": "Stibat", "puntType": "inzamelbak", "materialen": ["batterijen"], "uitbetaling": [], "vrijToegankelijk": false, "gemeenteBeperking": null, "openingstijden": null, "latitude": 52.0879373, "longitude": 4.27701, "bronId": "L031416"}}, {"type": "Feature", "geometry": {"type": "Point", "coordinates": [4.2767632, 52.0935412]}, "properties": {"type": "inleverpunt", "locatieNaam": "Intertoys", "straatNaam": "Frederik Hendriklaan", "straatNr": "114", "postcode": "2582 BG", "plaats": "Den Haag", "merk": "Stibat", "puntType": "inzamelbak", "materialen": ["batterijen"], "uitbetaling": [], "vrijToegankelijk": false, "gemeenteBeperking": null, "openingstijden": null, "latitude": 52.0935412, "longitude": 4.2767632, "bronId": "L043521"}}, {"type": "Feature", "geometry": {"type": "Point", "coordinates": [4.2766022, 52.1035904]}, "properties": {"type": "inleverpunt", "locatieNaam": "Perfect Print", "straatNaam": "Prins Willemstraat", "straatNr": "3a", "postcode": "2584 HR", "plaats": "Den Haag", "merk": "Stibat", "puntType": "inzamelbak", "materialen": ["batterijen"], "uitbetaling": [], "vrijToegankelijk": false, "gemeenteBeperking": null, "openingstijden": null, "latitude": 52.1035904, "longitude": 4.2766022, "bronId": "L029746"}}, {"type": "Feature", "geometry": {"type": "Point", "coordinates": [4.2767338, 52.0940906]}, "properties": {"type": "inleverpunt", "locatieNaam": "7955 Etos", "straatNaam": "Frederik Hendriklaan", "straatNr": "83 a", "postcode": "2582 BV", "plaats": "Den Haag", "merk": "Stibat", "puntType": "inzamelbak", "materialen": ["batterijen"], "uitbetaling": [], "vrijToegankelijk": false, "gemeenteBeperking": null, "openingstijden": null, "latitude": 52.0940906, "longitude": 4.2767338, "bronId": "L029373"}}, {"type": "Feature", "geometry": {"type": "Point", "coordinates": [4.2764378, 52.1036734]}, "properties": {"type": "inleverpunt", "locatieNaam": "Kruidvat", "straatNaam": "Keizerstraat", "straatNr": "331", "postcode": "2584 BG", "plaats": "Den Haag", "merk": "Stibat", "puntType": "inzamelbak", "materialen": ["batterijen"], "uitbetaling": [], "vrijToegankelijk": false, "gemeenteBeperking": null, "openingstijden": null, "latitude": 52.1036734, "longitude": 4.2764378, "bronId": "L019060"}}, {"type": "Feature", "geometry": {"type": "Point", "coordinates": [4.2764642, 52.0932321]}, "properties": {"type": "inleverpunt", "locatieNaam": "KPN winkel", "straatNaam": "Frederik Hendriklaan", "straatNr": "128", "postcode": "2582 BG", "plaats": "Den Haag", "merk": "Stibat", "puntType": "inzamelbak", "materialen": ["batterijen"], "uitbetaling": [], "vrijToegankelijk": false, "gemeenteBeperking": null, "openingstijden": null, "latitude": 52.0932321, "longitude": 4.2764642, "bronId": "L008090"}}, {"type": "Feature", "geometry": {"type": "Point", "coordinates": [4.276344, 52.0930671]}, "properties": {"type": "inleverpunt", "locatieNaam": "The Phone Lab", "straatNaam": "Frederik Hendriklaan", "straatNr": "142A", "postcode": "2582 BH", "plaats": "Den Haag", "merk": "Stibat", "puntType": "inzamelbak", "materialen": ["batterijen"], "uitbetaling": [], "vrijToegankelijk": false, "gemeenteBeperking": null, "openingstijden": null, "latitude": 52.0930671, "longitude": 4.276344, "bronId": "L044316"}}, {"type": "Feature", "geometry": {"type": "Point", "coordinates": [4.2761642, 52.1042247]}, "properties": {"type": "inleverpunt", "locatieNaam": "1595 Albert Heijn", "straatNaam": "Keizerstraat", "straatNr": "342", "postcode": "2584 BP", "plaats": "Den Haag", "merk": "Stibat", "puntType": "inzamelbak", "materialen": ["batterijen"], "uitbetaling": [], "vrijToegankelijk": false, "gemeenteBeperking": null, "openingstijden": null, "latitude": 52.1042247, "longitude": 4.2761642, "bronId": "L008009"}}, {"type": "Feature", "geometry": {"type": "Point", "coordinates": [4.2760263, 52.1041111]}, "properties": {"type": "inleverpunt", "locatieNaam": "7287 Etos", "straatNaam": "Keizerstraat", "straatNr": "289", "postcode": "2584 BG", "plaats": "Scheveningen", "merk": "Stibat", "puntType": "inzamelbak", "materialen": ["batterijen"], "uitbetaling": [], "vrijToegankelijk": false, "gemeenteBeperking": null, "openingstijden": null, "latitude": 52.1041111, "longitude": 4.2760263, "bronId": "L022350"}}, {"type": "Feature", "geometry": {"type": "Point", "coordinates": [4.2761192, 52.0933]}, "properties": {"type": "inleverpunt", "locatieNaam": "Kruidvat", "straatNaam": "Fred. Hendriklaan", "straatNr": "117", "postcode": "2582 BX", "plaats": "Den Haag", "merk": "Stibat", "puntType": "inzamelbak", "materialen": ["batterijen"], "uitbetaling": [], "vrijToegankelijk": false, "gemeenteBeperking": null, "openingstijden": null, "latitude": 52.0933, "longitude": 4.2761192, "bronId": "L016214"}}, {"type": "Feature", "geometry": {"type": "Point", "coordinates": [4.2758728, 52.1013647]}, "properties": {"type": "inleverpunt", "locatieNaam": "De Haan", "straatNaam": "Duinstraat", "straatNr": "16", "postcode": "2584 AZ", "plaats": "Den Haag", "merk": "Stibat", "puntType": "inzamelbak", "materialen": ["batterijen"], "uitbetaling": [], "vrijToegankelijk": false, "gemeenteBeperking": null, "openingstijden": null, "latitude": 52.1013647, "longitude": 4.2758728, "bronId": "L044771"}}, {"type": "Feature", "geometry": {"type": "Point", "coordinates": [4.2755679, 52.1044157]}, "properties": {"type": "inleverpunt", "locatieNaam": "Telecombinatie FRM", "straatNaam": "Keizerstraat", "straatNr": "217", "postcode": "2584 BE", "plaats": "Den Haag", "merk": "Stibat", "puntType": "inzamelbak", "materialen": ["batterijen"], "uitbetaling": [], "vrijToegankelijk": false, "gemeenteBeperking": null, "openingstijden": null, "latitude": 52.1044157, "longitude": 4.2755679, "bronId": "L042683"}}, {"type": "Feature", "geometry": {"type": "Point", "coordinates": [4.2753252, 52.1049847]}, "properties": {"type": "inleverpunt", "locatieNaam": "HEMA Scheveningen", "straatNaam": "Keizerstraat", "straatNr": "144", "postcode": "2584 BM", "plaats": "Den Haag", "merk": "Stibat", "puntType": "inzamelbak", "materialen": ["batterijen"], "uitbetaling": [], "vrijToegankelijk": false, "gemeenteBeperking": null, "openingstijden": null, "latitude": 52.1049847, "longitude": 4.2753252, "bronId": "L047030"}}, {"type": "Feature", "geometry": {"type": "Point", "coordinates": [4.2758272, 52.0784396]}, "properties": {"type": "inleverpunt", "locatieNaam": "Schoonenberg Hoorcomfort", "straatNaam": "Laan van Meerdervoort", "straatNr": "311", "postcode": "2563 AN", "plaats": "Den Haag", "merk": "Stibat", "puntType": "inzamelbak", "materialen": ["batterijen"], "uitbetaling": [], "vrijToegankelijk": false, "gemeenteBeperking": null, "openingstijden": null, "latitude": 52.0784396, "longitude": 4.2758272, "bronId": "L020566"}}, {"type": "Feature", "geometry": {"type": "Point", "coordinates": [4.2750236, 52.0896966]}, "properties": {"type": "inleverpunt", "locatieNaam": "Drogisterij van Mourik", "straatNaam": "Frederik Hendriklaan", "straatNr": "270", "postcode": "2582 BN", "plaats": "Den Haag", "merk": "Stibat", "puntType": "inzamelbak", "materialen": ["batterijen"], "uitbetaling": [], "vrijToegankelijk": false, "gemeenteBeperking": null, "openingstijden": null, "latitude": 52.0896966, "longitude": 4.2750236, "bronId": "L038571"}}, {"type": "Feature", "geometry": {"type": "Point", "coordinates": [4.2749232, 52.0918216]}, "properties": {"type": "inleverpunt", "locatieNaam": "BelCompany", "straatNaam": "Frederik Hendriklaan", "straatNr": "153", "postcode": "2582 BZ", "plaats": "Den Haag", "merk": "Stibat", "puntType": "inzamelbak", "materialen": ["batterijen"], "uitbetaling": [], "vrijToegankelijk": false, "gemeenteBeperking": null, "openingstijden": null, "latitude": 52.0918216, "longitude": 4.2749232, "bronId": "L015391"}}, {"type": "Feature", "geometry": {"type": "Point", "coordinates": [4.2748402, 52.0917851]}, "properties": {"type": "inleverpunt", "locatieNaam": "Specsavers", "straatNaam": "Frederik Hendriklaan", "straatNr": "159", "postcode": "2582 BZ", "plaats": "Den Haag", "merk": "Stibat", "puntType": "inzamelbak", "materialen": ["batterijen"], "uitbetaling": [], "vrijToegankelijk": false, "gemeenteBeperking": null, "openingstijden": null, "latitude": 52.0917851, "longitude": 4.2748402, "bronId": "L045029"}}, {"type": "Feature", "geometry": {"type": "Point", "coordinates": [4.2748222, 52.0917355]}, "properties": {"type": "inleverpunt", "locatieNaam": "Trekpleister", "straatNaam": "Frederik Hendriklaan", "straatNr": "161", "postcode": "2582 CA", "plaats": "Den Haag", "merk": "Stibat", "puntType": "inzamelbak", "materialen": ["batterijen"], "uitbetaling": [], "vrijToegankelijk": false, "gemeenteBeperking": null, "openingstijden": null, "latitude": 52.0917355, "longitude": 4.2748222, "bronId": "L018320"}}, {"type": "Feature", "geometry": {"type": "Point", "coordinates": [4.2744004, 52.0900763]}, "properties": {"type": "inleverpunt", "locatieNaam": "Nebo Foto-Video-Digitaal", "straatNaam": "Frederik Hendriklaan", "straatNr": "243a", "postcode": "2582 CC", "plaats": "Den Haag", "merk": "Stibat", "puntType": "inzamelbak", "materialen": ["batterijen"], "uitbetaling": [], "vrijToegankelijk": false, "gemeenteBeperking": null, "openingstijden": null, "latitude": 52.0900763, "longitude": 4.2744004, "bronId": "L012765"}}, {"type": "Feature", "geometry": {"type": "Point", "coordinates": [4.2742807, 52.091027]}, "properties": {"type": "inleverpunt", "locatieNaam": "Paagman Kantoorboekhandel", "straatNaam": "Frederik Hendriklaan", "straatNr": "217", "postcode": "2582 CB", "plaats": "Den Haag", "merk": "Stibat", "puntType": "inzamelbak", "materialen": ["batterijen"], "uitbetaling": [], "vrijToegankelijk": false, "gemeenteBeperking": null, "openingstijden": null, "latitude": 52.091027, "longitude": 4.2742807, "bronId": "L027910"}}, {"type": "Feature", "geometry": {"type": "Point", "coordinates": [4.2755314, 52.0691049]}, "properties": {"type": "inleverpunt", "locatieNaam": "Esso", "straatNaam": "Valkenboslaan", "straatNr": "333", "postcode": "2563 CZ", "plaats": "Den Haag", "merk": "Stibat", "puntType": "inzamelbak", "materialen": ["batterijen"], "uitbetaling": [], "vrijToegankelijk": false, "gemeenteBeperking": null, "openingstijden": null, "latitude": 52.0691049, "longitude": 4.2755314, "bronId": "L022950"}}, {"type": "Feature", "geometry": {"type": "Point", "coordinates": [4.275091, 52.0737069]}, "properties": {"type": "inleverpunt", "locatieNaam": "1801 Albert Heijn", "straatNaam": "Valkenboslaan", "straatNr": "173 E", "postcode": "2563 CK", "plaats": "Den Haag", "merk": "Stibat", "puntType": "inzamelbak", "materialen": ["batterijen"], "uitbetaling": [], "vrijToegankelijk": false, "gemeenteBeperking": null, "openingstijden": null, "latitude": 52.0737069, "longitude": 4.275091, "bronId": "L024601"}}, {"type": "Feature", "geometry": {"type": "Point", "coordinates": [4.2737429, 52.1004285]}, "properties": {"type": "inleverpunt", "locatieNaam": "Aldi", "straatNaam": "Lindoduin", "straatNr": "1", "postcode": "2583 BG", "plaats": "'s-Gravenhage", "merk": "Stibat", "puntType": "inzamelbak", "materialen": ["batterijen"], "uitbetaling": [], "vrijToegankelijk": false, "gemeenteBeperking": null, "openingstijden": null, "latitude": 52.1004285, "longitude": 4.2737429, "bronId": "L041189"}}, {"type": "Feature", "geometry": {"type": "Point", "coordinates": [4.2738363, 52.0909605]}, "properties": {"type": "inleverpunt", "locatieNaam": "1667 Albert heijn", "straatNaam": "Willem de Zwijgerlaan", "straatNr": "51", "postcode": "2582 EG", "plaats": "Den Haag", "merk": "Stibat", "puntType": "inzamelbak", "materialen": ["batterijen"], "uitbetaling": [], "vrijToegankelijk": false, "gemeenteBeperking": null, "openingstijden": null, "latitude": 52.0909605, "longitude": 4.2738363, "bronId": "L041049"}}, {"type": "Feature", "geometry": {"type": "Point", "coordinates": [4.2776959, 52.0470793]}, "properties": {"type": "inleverpunt", "locatieNaam": "300 Hoogvliet", "straatNaam": "Leyweg", "straatNr": "709/r", "postcode": "2545 GM", "plaats": "Den Haag", "merk": "Stibat", "puntType": "inzamelbak", "materialen": ["batterijen"], "uitbetaling": [], "vrijToegankelijk": false, "gemeenteBeperking": null, "openingstijden": null, "latitude": 52.0470793, "longitude": 4.2776959, "bronId": "L038008"}}, {"type": "Feature", "geometry": {"type": "Point", "coordinates": [4.2777353, 52.0466406]}, "properties": {"type": "inleverpunt", "locatieNaam": "Kruidvat", "straatNaam": "Leyweg", "straatNr": "709M", "postcode": "2545 GM", "plaats": "Den Haag", "merk": "Stibat", "puntType": "inzamelbak", "materialen": ["batterijen"], "uitbetaling": [], "vrijToegankelijk": false, "gemeenteBeperking": null, "openingstijden": null, "latitude": 52.0466406, "longitude": 4.2777353, "bronId": "L015858"}}, {"type": "Feature", "geometry": {"type": "Point", "coordinates": [4.2776667, 52.047079]}, "properties": {"type": "inleverpunt", "locatieNaam": "1305 Action", "straatNaam": "Leyweg", "straatNr": "707m", "postcode": "2545 GM", "plaats": "Den Haag", "merk": "Stibat", "puntType": "inzamelbak", "materialen": ["batterijen"], "uitbetaling": [], "vrijToegankelijk": false, "gemeenteBeperking": null, "openingstijden": null, "latitude": 52.047079, "longitude": 4.2776667, "bronId": "L032380"}}, {"type": "Feature", "geometry": {"type": "Point", "coordinates": [4.2776513, 52.0471148]}, "properties": {"type": "inleverpunt", "locatieNaam": "Wibra", "straatNaam": "Leyweg", "straatNr": "709k", "postcode": "2545 GM", "plaats": "Den Haag", "merk": "Stibat", "puntType": "inzamelbak", "materialen": ["batterijen"], "uitbetaling": [], "vrijToegankelijk": false, "gemeenteBeperking": null, "openingstijden": null, "latitude": 52.0471148, "longitude": 4.2776513, "bronId": "L036253"}}, {"type": "Feature", "geometry": {"type": "Point", "coordinates": [4.2776219, 52.0471236]}, "properties": {"type": "inleverpunt", "locatieNaam": "Xenos", "straatNaam": "Leyweg", "straatNr": "709", "postcode": "2545 GM", "plaats": "Den Haag", "merk": "Stibat", "puntType": "inzamelbak", "materialen": ["batterijen"], "uitbetaling": [], "vrijToegankelijk": false, "gemeenteBeperking": null, "openingstijden": null, "latitude": 52.0471236, "longitude": 4.2776219, "bronId": "L036886"}}, {"type": "Feature", "geometry": {"type": "Point", "coordinates": [4.2774481, 52.0481062]}, "properties": {"type": "inleverpunt", "locatieNaam": "NEBO de fotospecialist", "straatNaam": "Leyweg", "straatNr": "1046", "postcode": "2545 GX", "plaats": "Den Haag", "merk": "Stibat", "puntType": "inzamelbak", "materialen": ["batterijen"], "uitbetaling": [], "vrijToegankelijk": false, "gemeenteBeperking": null, "openingstijden": null, "latitude": 52.0481062, "longitude": 4.2774481, "bronId": "L012829"}}, {"type": "Feature", "geometry": {"type": "Point", "coordinates": [4.2775793, 52.0470782]}, "properties": {"type": "inleverpunt", "locatieNaam": "KiK Den Haag", "straatNaam": "Leyweg", "straatNr": "709A", "postcode": "2545 GM", "plaats": "Den Haag", "merk": "Stibat", "puntType": "inzamelbak", "materialen": ["batterijen"], "uitbetaling": [], "vrijToegankelijk": false, "gemeenteBeperking": null, "openingstijden": null, "latitude": 52.0470782, "longitude": 4.2775793, "bronId": "L037412"}}, {"type": "Feature", "geometry": {"type": "Point", "coordinates": [4.2774328, 52.0475792]}, "properties": {"type": "inleverpunt", "locatieNaam": "Lidl", "straatNaam": "Leyweg", "straatNr": "709s", "postcode": "2545 GM", "plaats": "'s-Gravenhage", "merk": "Stibat", "puntType": "inzamelbak", "materialen": ["batterijen"], "uitbetaling": [], "vrijToegankelijk": false, "gemeenteBeperking": null, "openingstijden": null, "latitude": 52.0475792, "longitude": 4.2774328, "bronId": "L049592"}}, {"type": "Feature", "geometry": {"type": "Point", "coordinates": [4.2773548, 52.0473422]}, "properties": {"type": "inleverpunt", "locatieNaam": "HEMA Leijweg", "straatNaam": "Leijweg", "straatNr": "705", "postcode": "2545 GM", "plaats": "Den Haag", "merk": "Stibat", "puntType": "inzamelbak", "materialen": ["batterijen"], "uitbetaling": [], "vrijToegankelijk": false, "gemeenteBeperking": null, "openingstijden": null, "latitude": 52.0473422, "longitude": 4.2773548, "bronId": "L007628"}}, {"type": "Feature", "geometry": {"type": "Point", "coordinates": [4.2771365, 52.0483764]}, "properties": {"type": "inleverpunt", "locatieNaam": "Specsavers", "straatNaam": "Leyweg", "straatNr": "1032a", "postcode": "2545 GW", "plaats": "Den Haag", "merk": "Stibat", "puntType": "inzamelbak", "materialen": ["batterijen"], "uitbetaling": [], "vrijToegankelijk": false, "gemeenteBeperking": null, "openingstijden": null, "latitude": 52.0483764, "longitude": 4.2771365, "bronId": "L023075"}}, {"type": "Feature", "geometry": {"type": "Point", "coordinates": [4.2771897, 52.047767]}, "properties": {"type": "inleverpunt", "locatieNaam": "Intertoys", "straatNaam": "Leyweg", "straatNr": "657-L", "postcode": "2545 GK", "plaats": "Den Haag", "merk": "Stibat", "puntType": "inzamelbak", "materialen": ["batterijen"], "uitbetaling": [], "vrijToegankelijk": false, "gemeenteBeperking": null, "openingstijden": null, "latitude": 52.047767, "longitude": 4.2771897, "bronId": "L042754"}}, {"type": "Feature", "geometry": {"type": "Point", "coordinates": [4.2770098, 52.0482474]}, "properties": {"type": "inleverpunt", "locatieNaam": "Kruidvat", "straatNaam": "Leyweg", "straatNr": "940P", "postcode": "2545 GV", "plaats": "Den Haag", "merk": "Stibat", "puntType": "inzamelbak", "materialen": ["batterijen"], "uitbetaling": [], "vrijToegankelijk": false, "gemeenteBeperking": null, "openingstijden": null, "latitude": 52.0482474, "longitude": 4.2770098, "bronId": "L014527"}}, {"type": "Feature", "geometry": {"type": "Point", "coordinates": [4.2730212, 52.0909485]}, "properties": {"type": "inleverpunt", "locatieNaam": "HEMA Den Haag - Zwijgerlaan", "straatNaam": "Willem de Zwijgerlaan 61a -", "straatNr": "63a", "postcode": "2582 EH", "plaats": "Den Haag", "merk": "Stibat", "puntType": "inzamelbak", "materialen": ["batterijen"], "uitbetaling": [], "vrijToegankelijk": false, "gemeenteBeperking": null, "openingstijden": null, "latitude": 52.0909485, "longitude": 4.2730212, "bronId": "L046852"}}, {"type": "Feature", "geometry": {"type": "Point", "coordinates": [4.2766072, 52.0485688]}, "properties": {"type": "inleverpunt", "locatieNaam": "Phone House", "straatNaam": "Leyweg", "straatNr": "940k", "postcode": "2545 GV", "plaats": "Den Haag", "merk": "Stibat", "puntType": "inzamelbak", "materialen": ["batterijen"], "uitbetaling": [], "vrijToegankelijk": false, "gemeenteBeperking": null, "openingstijden": null, "latitude": 52.0485688, "longitude": 4.2766072, "bronId": "L024293"}}, {"type": "Feature", "geometry": {"type": "Point", "coordinates": [4.2753409, 52.0556144]}, "properties": {"type": "inleverpunt", "locatieNaam": "Lidl", "straatNaam": "Almeloplein", "straatNr": "75", "postcode": "2533 AD", "plaats": "Den Haag", "merk": "Stibat", "puntType": "inzamelbak", "materialen": ["batterijen"], "uitbetaling": [], "vrijToegankelijk": false, "gemeenteBeperking": null, "openingstijden": null, "latitude": 52.0556144, "longitude": 4.2753409, "bronId": "L039037"}}, {"type": "Feature", "geometry": {"type": "Point", "coordinates": [4.276067, 52.048643]}, "properties": {"type": "inleverpunt", "locatieNaam": "Hans Anders", "straatNaam": "Leyweg", "straatNr": "595k", "postcode": "2545 GH", "plaats": "Den Haag", "merk": "Stibat", "puntType": "inzamelbak", "materialen": ["batterijen"], "uitbetaling": [], "vrijToegankelijk": false, "gemeenteBeperking": null, "openingstijden": null, "latitude": 52.048643, "longitude": 4.276067, "bronId": "L037781"}}, {"type": "Feature", "geometry": {"type": "Point", "coordinates": [4.2759781, 52.0489797]}, "properties": {"type": "inleverpunt", "locatieNaam": "Superfietsen", "straatNaam": "Leyweg", "straatNr": "595C", "postcode": "2545 GH", "plaats": "Den Haag", "merk": "Stibat", "puntType": "inzamelbak", "materialen": ["batterijen"], "uitbetaling": [], "vrijToegankelijk": false, "gemeenteBeperking": null, "openingstijden": null, "latitude": 52.0489797, "longitude": 4.2759781, "bronId": "L045799"}}, {"type": "Feature", "geometry": {"type": "Point", "coordinates": [4.274963, 52.0561502]}, "properties": {"type": "inleverpunt", "locatieNaam": "Enginears (hoorwinkel)", "straatNaam": "Almeloplein", "straatNr": "1", "postcode": "2533 AA", "plaats": "Den Haag", "merk": "Stibat", "puntType": "inzamelbak", "materialen": ["batterijen"], "uitbetaling": [], "vrijToegankelijk": false, "gemeenteBeperking": null, "openingstijden": null, "latitude": 52.0561502, "longitude": 4.274963, "bronId": "L040731"}}, {"type": "Feature", "geometry": {"type": "Point", "coordinates": [4.2754703, 52.0496734]}, "properties": {"type": "inleverpunt", "locatieNaam": "Beter Horen", "straatNaam": "Hengelolaan", "straatNr": "178 N", "postcode": "2545 JT", "plaats": "Den Haag", "merk": "Stibat", "puntType": "inzamelbak", "materialen": ["batterijen"], "uitbetaling": [], "vrijToegankelijk": false, "gemeenteBeperking": null, "openingstijden": null, "latitude": 52.0496734, "longitude": 4.2754703, "bronId": "L018033"}}, {"type": "Feature", "geometry": {"type": "Point", "coordinates": [4.2754146, 52.0497095]}, "properties": {"type": "inleverpunt", "locatieNaam": "Telecombinatie", "straatNaam": "Leyweg", "straatNr": "918-b", "postcode": "2545 GV", "plaats": "Den Haag", "merk": "Stibat", "puntType": "inzamelbak", "materialen": ["batterijen"], "uitbetaling": [], "vrijToegankelijk": false, "gemeenteBeperking": null, "openingstijden": null, "latitude": 52.0497095, "longitude": 4.2754146, "bronId": "L044886"}}, {"type": "Feature", "geometry": {"type": "Point", "coordinates": [4.2753739, 52.0493597]}, "properties": {"type": "inleverpunt", "locatieNaam": "Aldi", "straatNaam": "Leyweg", "straatNr": "920a", "postcode": "2545 GV", "plaats": "Den Haag", "merk": "Stibat", "puntType": "inzamelbak", "materialen": ["batterijen"], "uitbetaling": [], "vrijToegankelijk": false, "gemeenteBeperking": null, "openingstijden": null, "latitude": 52.0493597, "longitude": 4.2753739, "bronId": "L045220"}}, {"type": "Feature", "geometry": {"type": "Point", "coordinates": [4.2753234, 52.0496287]}, "properties": {"type": "inleverpunt", "locatieNaam": "Jumbo", "straatNaam": "Leyweg", "straatNr": "918 c", "postcode": "2545 GV", "plaats": "Den Haag", "merk": "Stibat", "puntType": "inzamelbak", "materialen": ["batterijen"], "uitbetaling": [], "vrijToegankelijk": false, "gemeenteBeperking": null, "openingstijden": null, "latitude": 52.0496287, "longitude": 4.2753234, "bronId": "L010076"}}, {"type": "Feature", "geometry": {"type": "Point", "coordinates": [4.274182, 52.0573614]}, "properties": {"type": "inleverpunt", "locatieNaam": "Primera", "straatNaam": "Driebergenstraat", "straatNr": "321", "postcode": "2546 BJ", "plaats": "Den Haag", "merk": "Stibat", "puntType": "inzamelbak", "materialen": ["batterijen"], "uitbetaling": [], "vrijToegankelijk": false, "gemeenteBeperking": null, "openingstijden": null, "latitude": 52.0573614, "longitude": 4.274182, "bronId": "L024785"}}, {"type": "Feature", "geometry": {"type": "Point", "coordinates": [4.2741683, 52.0570326]}, "properties": {"type": "inleverpunt", "locatieNaam": "Badoux Fietsen", "straatNaam": "Driebergenstraat", "straatNr": "355", "postcode": "2546 BK", "plaats": "Den Haag", "merk": "Stibat", "puntType": "inzamelbak", "materialen": ["batterijen"], "uitbetaling": [], "vrijToegankelijk": false, "gemeenteBeperking": null, "openingstijden": null, "latitude": 52.0570326, "longitude": 4.2741683, "bronId": "L025709"}}, {"type": "Feature", "geometry": {"type": "Point", "coordinates": [4.2749938, 52.0492107]}, "properties": {"type": "inleverpunt", "locatieNaam": "BelCompany", "straatNaam": "Leyweg", "straatNr": "591", "postcode": "2545 GH", "plaats": "Den Haag", "merk": "Stibat", "puntType": "inzamelbak", "materialen": ["batterijen"], "uitbetaling": [], "vrijToegankelijk": false, "gemeenteBeperking": null, "openingstijden": null, "latitude": 52.0492107, "longitude": 4.2749938, "bronId": "L016257"}}, {"type": "Feature", "geometry": {"type": "Point", "coordinates": [4.2747834, 52.050012]}, "properties": {"type": "inleverpunt", "locatieNaam": "Schoonenberg Hoorcomfort", "straatNaam": "Hengelolaan", "straatNr": "178-P", "postcode": "2545 JT", "plaats": "Den Haag", "merk": "Stibat", "puntType": "inzamelbak", "materialen": ["batterijen"], "uitbetaling": [], "vrijToegankelijk": false, "gemeenteBeperking": null, "openingstijden": null, "latitude": 52.050012, "longitude": 4.2747834, "bronId": "L027773"}}, {"type": "Feature", "geometry": {"type": "Point", "coordinates": [4.2746347, 52.0498759]}, "properties": {"type": "inleverpunt", "locatieNaam": "E-Plaza", "straatNaam": "Leyweg", "straatNr": "922 H", "postcode": "2545 GV", "plaats": "Den Haag", "merk": "Stibat", "puntType": "inzamelbak", "materialen": ["batterijen"], "uitbetaling": [], "vrijToegankelijk": false, "gemeenteBeperking": null, "openingstijden": null, "latitude": 52.0498759, "longitude": 4.2746347, "bronId": "L028312"}}, {"type": "Feature", "geometry": {"type": "Point", "coordinates": [4.2744086, 52.0496923]}, "properties": {"type": "inleverpunt", "locatieNaam": "Zeeman", "straatNaam": "Leyweg", "straatNr": "559/561", "postcode": "2545 GH", "plaats": "Den Haag", "merk": "Stibat", "puntType": "inzamelbak", "materialen": ["batterijen"], "uitbetaling": [], "vrijToegankelijk": false, "gemeenteBeperking": null, "openingstijden": null, "latitude": 52.0496923, "longitude": 4.2744086, "bronId": "L021416"}}, {"type": "Feature", "geometry": {"type": "Point", "coordinates": [4.2710644, 52.0771294]}, "properties": {"type": "inleverpunt", "locatieNaam": "Tempofiets Den Haag", "straatNaam": "Fahrenheitstraat", "straatNr": "527", "postcode": "2561 DA", "plaats": "'s-Gravenhage", "merk": "Stibat", "puntType": "inzamelbak", "materialen": ["batterijen"], "uitbetaling": [], "vrijToegankelijk": false, "gemeenteBeperking": null, "openingstijden": null, "latitude": 52.0771294, "longitude": 4.2710644, "bronId": "L048844"}}, {"type": "Feature", "geometry": {"type": "Point", "coordinates": [4.2710584, 52.0770951]}, "properties": {"type": "inleverpunt", "locatieNaam": "Zeeman", "straatNaam": "Fahrenheitstraat", "straatNr": "525", "postcode": "2561 DA", "plaats": "Den Haag", "merk": "Stibat", "puntType": "inzamelbak", "materialen": ["batterijen"], "uitbetaling": [], "vrijToegankelijk": false, "gemeenteBeperking": null, "openingstijden": null, "latitude": 52.0770951, "longitude": 4.2710584, "bronId": "L019350"}}, {"type": "Feature", "geometry": {"type": "Point", "coordinates": [4.2700461, 52.1041175]}, "properties": {"type": "inleverpunt", "locatieNaam": "Afvalbrengstation Scheveningen", "straatNaam": "Vissershavenstraat", "straatNr": "2", "postcode": "2583 DH", "plaats": "Den Haag", "merk": "Stibat", "puntType": "inzamelbak", "materialen": ["batterijen"], "uitbetaling": [], "vrijToegankelijk": false, "gemeenteBeperking": null, "openingstijden": null, "latitude": 52.1041175, "longitude": 4.2700461, "bronId": "L035630"}}, {"type": "Feature", "geometry": {"type": "Point", "coordinates": [4.2701133, 52.0968539]}, "properties": {"type": "inleverpunt", "locatieNaam": "Droppie", "straatNaam": "Van Bergenstraat", "straatNr": "39", "postcode": "2583 CS", "plaats": "'s-Gravenhage", "merk": "Stibat", "puntType": "inzamelbak", "materialen": ["batterijen"], "uitbetaling": [], "vrijToegankelijk": false, "gemeenteBeperking": null, "openingstijden": null, "latitude": 52.0968539, "longitude": 4.2701133, "bronId": "L048572"}}, {"type": "Feature", "geometry": {"type": "Point", "coordinates": [4.271469, 52.0711022]}, "properties": {"type": "inleverpunt", "locatieNaam": "Correct Rijwielen", "straatNaam": "Mient", "straatNr": "28", "postcode": "2564 KN", "plaats": "Den Haag", "merk": "Stibat", "puntType": "inzamelbak", "materialen": ["batterijen"], "uitbetaling": [], "vrijToegankelijk": false, "gemeenteBeperking": null, "openingstijden": null, "latitude": 52.0711022, "longitude": 4.271469, "bronId": "L032990"}}, {"type": "Feature", "geometry": {"type": "Point", "coordinates": [4.2697026, 52.0969025]}, "properties": {"type": "inleverpunt", "locatieNaam": "Kruidvat", "straatNaam": "Koppelstokstraat", "straatNr": "4", "postcode": "2583 CB", "plaats": "Den Haag", "merk": "Stibat", "puntType": "inzamelbak", "materialen": ["batterijen"], "uitbetaling": [], "vrijToegankelijk": false, "gemeenteBeperking": null, "openingstijden": null, "latitude": 52.0969025, "longitude": 4.2697026, "bronId": "L037114"}}, {"type": "Feature", "geometry": {"type": "Point", "coordinates": [4.2697368, 52.0966957]}, "properties": {"type": "inleverpunt", "locatieNaam": "1336 Action", "straatNaam": "Koppelstokstraat", "straatNr": "18", "postcode": "2583 CE", "plaats": "Den Haag", "merk": "Stibat", "puntType": "inzamelbak", "materialen": ["batterijen"], "uitbetaling": [], "vrijToegankelijk": false, "gemeenteBeperking": null, "openingstijden": null, "latitude": 52.0966957, "longitude": 4.2697368, "bronId": "L036805"}}, {"type": "Feature", "geometry": {"type": "Point", "coordinates": [4.2708262, 52.0770088]}, "properties": {"type": "inleverpunt", "locatieNaam": "PLUS", "straatNaam": "Fahrenheitstraat", "straatNr": "436", "postcode": "2561 DG", "plaats": "Den Haag", "merk": "Stibat", "puntType": "inzamelbak", "materialen": ["batterijen"], "uitbetaling": [], "vrijToegankelijk": false, "gemeenteBeperking": null, "openingstijden": null, "latitude": 52.0770088, "longitude": 4.2708262, "bronId": "L021232"}}, {"type": "Feature", "geometry": {"type": "Point", "coordinates": [4.2707987, 52.0773581]}, "properties": {"type": "inleverpunt", "locatieNaam": "Sigarenwinkel van den Brink", "straatNaam": "Fahrenheitstraat", "straatNr": "541", "postcode": "2561 DA", "plaats": "Den Haag", "merk": "Stibat", "puntType": "inzamelbak", "materialen": ["batterijen"], "uitbetaling": [], "vrijToegankelijk": false, "gemeenteBeperking": null, "openingstijden": null, "latitude": 52.0773581, "longitude": 4.2707987, "bronId": "L019777"}}, {"type": "Feature", "geometry": {"type": "Point", "coordinates": [4.2699088, 52.0971003]}, "properties": {"type": "inleverpunt", "locatieNaam": "Jumbo", "straatNaam": "Van Bergenstraat", "straatNr": "7", "postcode": "2583 CS", "plaats": "Den Haag", "merk": "Stibat", "puntType": "inzamelbak", "materialen": ["batterijen"], "uitbetaling": [], "vrijToegankelijk": false, "gemeenteBeperking": null, "openingstijden": null, "latitude": 52.0971003, "longitude": 4.2699088, "bronId": "L021139"}}, {"type": "Feature", "geometry": {"type": "Point", "coordinates": [4.2697421, 52.0967251]}, "properties": {"type": "inleverpunt", "locatieNaam": "Toolstation", "straatNaam": "Koppelstokstraat", "straatNr": "18", "postcode": "2583 CE", "plaats": "Den Haag", "merk": "Stibat", "puntType": "inzamelbak", "materialen": ["batterijen"], "uitbetaling": [], "vrijToegankelijk": false, "gemeenteBeperking": null, "openingstijden": null, "latitude": 52.0967251, "longitude": 4.2697421, "bronId": "L042568"}}, {"type": "Feature", "geometry": {"type": "Point", "coordinates": [4.2696646, 52.1015279]}, "properties": {"type": "inleverpunt", "locatieNaam": "Corvin Rijwielherstel", "straatNaam": "Treilerdwarsweg", "straatNr": "140 A", "postcode": "2583 DA", "plaats": "'s-Gravenhage", "merk": "Stibat", "puntType": "inzamelbak", "materialen": ["batterijen"], "uitbetaling": [], "vrijToegankelijk": false, "gemeenteBeperking": null, "openingstijden": null, "latitude": 52.1015279, "longitude": 4.2696646, "bronId": "L048929"}}, {"type": "Feature", "geometry": {"type": "Point", "coordinates": [4.2705805, 52.077169]}, "properties": {"type": "inleverpunt", "locatieNaam": "Droppie", "straatNaam": "Fahrenheitstraat", "straatNr": "436A", "postcode": "2561 DG", "plaats": "'s-Gravenhage", "merk": "Stibat", "puntType": "inzamelbak", "materialen": ["batterijen"], "uitbetaling": [], "vrijToegankelijk": false, "gemeenteBeperking": null, "openingstijden": null, "latitude": 52.077169, "longitude": 4.2705805, "bronId": "L048569"}}, {"type": "Feature", "geometry": {"type": "Point", "coordinates": [4.270328, 52.077941]}, "properties": {"type": "inleverpunt", "locatieNaam": "Hans Anders", "straatNaam": "Fahrenheitstraat", "straatNr": "579", "postcode": "2561 DB", "plaats": "Den Haag", "merk": "Stibat", "puntType": "inzamelbak", "materialen": ["batterijen"], "uitbetaling": [], "vrijToegankelijk": false, "gemeenteBeperking": null, "openingstijden": null, "latitude": 52.077941, "longitude": 4.270328, "bronId": "L037779"}}, {"type": "Feature", "geometry": {"type": "Point", "coordinates": [4.270359, 52.0774657]}, "properties": {"type": "inleverpunt", "locatieNaam": "Kruidvat", "straatNaam": "Fahrenheitstraat", "straatNr": "448", "postcode": "2561 DG", "plaats": "Den Haag", "merk": "Stibat", "puntType": "inzamelbak", "materialen": ["batterijen"], "uitbetaling": [], "vrijToegankelijk": false, "gemeenteBeperking": null, "openingstijden": null, "latitude": 52.0774657, "longitude": 4.270359, "bronId": "L014289"}}, {"type": "Feature", "geometry": {"type": "Point", "coordinates": [4.2701727, 52.0780761]}, "properties": {"type": "inleverpunt", "locatieNaam": "Intertoys", "straatNaam": "Fahrenheitstraat", "straatNr": "591", "postcode": "2561 DB", "plaats": "Den Haag", "merk": "Stibat", "puntType": "inzamelbak", "materialen": ["batterijen"], "uitbetaling": [], "vrijToegankelijk": false, "gemeenteBeperking": null, "openingstijden": null, "latitude": 52.0780761, "longitude": 4.2701727, "bronId": "L043559"}}, {"type": "Feature", "geometry": {"type": "Point", "coordinates": [4.2700553, 52.0792679]}, "properties": {"type": "inleverpunt", "locatieNaam": "Thomson Tweewielers", "straatNaam": "Thomsonlaan", "straatNr": "55", "postcode": "2565 HX", "plaats": "Den Haag", "merk": "Stibat", "puntType": "inzamelbak", "materialen": ["batterijen"], "uitbetaling": [], "vrijToegankelijk": false, "gemeenteBeperking": null, "openingstijden": null, "latitude": 52.0792679, "longitude": 4.2700553, "bronId": "L032992"}}, {"type": "Feature", "geometry": {"type": "Point", "coordinates": [4.2702139, 52.0763911]}, "properties": {"type": "inleverpunt", "locatieNaam": "PCL Computers", "straatNaam": "Laan van Meerdervoort", "straatNr": "459", "postcode": "2563 AS", "plaats": "Den Haag", "merk": "Stibat", "puntType": "inzamelbak", "materialen": ["batterijen"], "uitbetaling": [], "vrijToegankelijk": false, "gemeenteBeperking": null, "openingstijden": null, "latitude": 52.0763911, "longitude": 4.2702139, "bronId": "L031880"}}, {"type": "Feature", "geometry": {"type": "Point", "coordinates": [4.2697513, 52.0780066]}, "properties": {"type": "inleverpunt", "locatieNaam": "Praxis om de hoek 2352", "straatNaam": "Fahrenheitstraat", "straatNr": "494", "postcode": "2561 DH", "plaats": "Den Haag", "merk": "Stibat", "puntType": "inzamelbak", "materialen": ["batterijen"], "uitbetaling": [], "vrijToegankelijk": false, "gemeenteBeperking": null, "openingstijden": null, "latitude": 52.0780066, "longitude": 4.2697513, "bronId": "L038829"}}, {"type": "Feature", "geometry": {"type": "Point", "coordinates": [4.2691028, 52.0791463]}, "properties": {"type": "inleverpunt", "locatieNaam": "HEMA Den Haag - Fahrenheitstraat", "straatNaam": "Fahrenheitstraat", "straatNr": "649", "postcode": "2561 DC", "plaats": "Den Haag", "merk": "Stibat", "puntType": "inzamelbak", "materialen": ["batterijen"], "uitbetaling": [], "vrijToegankelijk": false, "gemeenteBeperking": null, "openingstijden": null, "latitude": 52.0791463, "longitude": 4.2691028, "bronId": "L046793"}}, {"type": "Feature", "geometry": {"type": "Point", "coordinates": [4.2690014, 52.0785433]}, "properties": {"type": "inleverpunt", "locatieNaam": "Trekpleister", "straatNaam": "Thomsonlaan", "straatNr": "92", "postcode": "2565 JE", "plaats": "Den Haag", "merk": "Stibat", "puntType": "inzamelbak", "materialen": ["batterijen"], "uitbetaling": [], "vrijToegankelijk": false, "gemeenteBeperking": null, "openingstijden": null, "latitude": 52.0785433, "longitude": 4.2690014, "bronId": "L018148"}}, {"type": "Feature", "geometry": {"type": "Point", "coordinates": [4.268972, 52.0786857]}, "properties": {"type": "inleverpunt", "locatieNaam": "Ringfoto Focus", "straatNaam": "Thomsonlaan", "straatNr": "96", "postcode": "2565 JE", "plaats": "Den Haag", "merk": "Stibat", "puntType": "inzamelbak", "materialen": ["batterijen"], "uitbetaling": [], "vrijToegankelijk": false, "gemeenteBeperking": null, "openingstijden": null, "latitude": 52.0786857, "longitude": 4.268972, "bronId": "L031570"}}, {"type": "Feature", "geometry": {"type": "Point", "coordinates": [4.2688785, 52.0789004]}, "properties": {"type": "inleverpunt", "locatieNaam": "Bruna", "straatNaam": "Fahrenheitstraat", "straatNr": "536-546", "postcode": "2561 DJ", "plaats": "Den Haag", "merk": "Stibat", "puntType": "inzamelbak", "materialen": ["batterijen"], "uitbetaling": [], "vrijToegankelijk": false, "gemeenteBeperking": null, "openingstijden": null, "latitude": 52.0789004, "longitude": 4.2688785, "bronId": "L045184"}}, {"type": "Feature", "geometry": {"type": "Point", "coordinates": [4.2686554, 52.0795092]}, "properties": {"type": "inleverpunt", "locatieNaam": "7938 Etos", "straatNaam": "Fahrenheitstraat", "straatNr": "673", "postcode": "2561 DD", "plaats": "Den Haag", "merk": "Stibat", "puntType": "inzamelbak", "materialen": ["batterijen"], "uitbetaling": [], "vrijToegankelijk": false, "gemeenteBeperking": null, "openingstijden": null, "latitude": 52.0795092, "longitude": 4.2686554, "bronId": "L029712"}}, {"type": "Feature", "geometry": {"type": "Point", "coordinates": [4.2700943, 52.0620923]}, "properties": {"type": "inleverpunt", "locatieNaam": "1290 Albert Heijn", "straatNaam": "Escamplaan", "straatNr": "281", "postcode": "2547 EA", "plaats": "Den Haag", "merk": "Stibat", "puntType": "inzamelbak", "materialen": ["batterijen"], "uitbetaling": [], "vrijToegankelijk": false, "gemeenteBeperking": null, "openingstijden": null, "latitude": 52.0620923, "longitude": 4.2700943, "bronId": "L007400"}}, {"type": "Feature", "geometry": {"type": "Point", "coordinates": [4.2682382, 52.0796096]}, "properties": {"type": "inleverpunt", "locatieNaam": "Refill City", "straatNaam": "Fahrenheitstraat", "straatNr": "606", "postcode": "2561 DK", "plaats": "Den Haag", "merk": "Stibat", "puntType": "inzamelbak", "materialen": ["batterijen"], "uitbetaling": [], "vrijToegankelijk": false, "gemeenteBeperking": null, "openingstijden": null, "latitude": 52.0796096, "longitude": 4.2682382, "bronId": "L013774"}}, {"type": "Feature", "geometry": {"type": "Point", "coordinates": [4.2679643, 52.0802019]}, "properties": {"type": "inleverpunt", "locatieNaam": "1226 Albert Heijn", "straatNaam": "Fahrenheitstraat", "straatNr": "709", "postcode": "2561 DE", "plaats": "Den Haag", "merk": "Stibat", "puntType": "inzamelbak", "materialen": ["batterijen"], "uitbetaling": [], "vrijToegankelijk": false, "gemeenteBeperking": null, "openingstijden": null, "latitude": 52.0802019, "longitude": 4.2679643, "bronId": "L006934"}}, {"type": "Feature", "geometry": {"type": "Point", "coordinates": [4.2693632, 52.0624072]}, "properties": {"type": "inleverpunt", "locatieNaam": "Jumbo", "straatNaam": "Volendamlaan", "straatNr": "670", "postcode": "2547 CK", "plaats": "Den Haag", "merk": "Stibat", "puntType": "inzamelbak", "materialen": ["batterijen"], "uitbetaling": [], "vrijToegankelijk": false, "gemeenteBeperking": null, "openingstijden": null, "latitude": 52.0624072, "longitude": 4.2693632, "bronId": "L034719"}}, {"type": "Feature", "geometry": {"type": "Point", "coordinates": [4.2692539, 52.0617142]}, "properties": {"type": "inleverpunt", "locatieNaam": "6341 Etos", "straatNaam": "Escamplaan", "straatNr": "297-301", "postcode": "2547 EA", "plaats": "Den Haag", "merk": "Stibat", "puntType": "inzamelbak", "materialen": ["batterijen"], "uitbetaling": [], "vrijToegankelijk": false, "gemeenteBeperking": null, "openingstijden": null, "latitude": 52.0617142, "longitude": 4.2692539, "bronId": "L045389"}}, {"type": "Feature", "geometry": {"type": "Point", "coordinates": [4.2678854, 52.0756158]}, "properties": {"type": "inleverpunt", "locatieNaam": "Enginears (hoorwinkel)", "straatNaam": "Laan van Meerdervoort", "straatNr": "549A", "postcode": "2563 AW", "plaats": "Den Haag", "merk": "Stibat", "puntType": "inzamelbak", "materialen": ["batterijen"], "uitbetaling": [], "vrijToegankelijk": false, "gemeenteBeperking": null, "openingstijden": null, "latitude": 52.0756158, "longitude": 4.2678854, "bronId": "L040320"}}, {"type": "Feature", "geometry": {"type": "Point", "coordinates": [4.2691537, 52.0616413]}, "properties": {"type": "inleverpunt", "locatieNaam": "Wittebrug van Ruiten Leyenburg", "straatNaam": "Escamplaan", "straatNr": "313", "postcode": "2547 EA", "plaats": "Den Haag", "merk": "Stibat", "puntType": "inzamelbak", "materialen": ["batterijen"], "uitbetaling": [], "vrijToegankelijk": false, "gemeenteBeperking": null, "openingstijden": null, "latitude": 52.0616413, "longitude": 4.2691537, "bronId": "L041907"}}, {"type": "Feature", "geometry": {"type": "Point", "coordinates": [4.2663536, 52.0951466]}, "properties": {"type": "inleverpunt", "locatieNaam": "Gamma", "straatNaam": "Dr. Lelykade", "straatNr": "220", "postcode": "2583 CP", "plaats": "Den Haag", "merk": "Stibat", "puntType": "inzamelbak", "materialen": ["batterijen"], "uitbetaling": [], "vrijToegankelijk": false, "gemeenteBeperking": null, "openingstijden": null, "latitude": 52.0951466, "longitude": 4.2663536, "bronId": "L013555"}}, {"type": "Feature", "geometry": {"type": "Point", "coordinates": [4.2648552, 52.074047]}, "properties": {"type": "inleverpunt", "locatieNaam": "De Haan", "straatNaam": "Lijsterbesplein", "straatNr": "25", "postcode": "2563 KZ", "plaats": "Den Haag", "merk": "Stibat", "puntType": "inzamelbak", "materialen": ["batterijen"], "uitbetaling": [], "vrijToegankelijk": false, "gemeenteBeperking": null, "openingstijden": null, "latitude": 52.074047, "longitude": 4.2648552, "bronId": "L044787"}}, {"type": "Feature", "geometry": {"type": "Point", "coordinates": [4.2633289, 52.0762399]}, "properties": {"type": "inleverpunt", "locatieNaam": "Roos ijzerhandel", "straatNaam": "Goudenregenplein", "straatNr": "50-53", "postcode": "2565 GK", "plaats": "Den Haag", "merk": "Stibat", "puntType": "inzamelbak", "materialen": ["batterijen"], "uitbetaling": [], "vrijToegankelijk": false, "gemeenteBeperking": null, "openingstijden": null, "latitude": 52.0762399, "longitude": 4.2633289, "bronId": "L017558"}}, {"type": "Feature", "geometry": {"type": "Point", "coordinates": [4.2618675, 52.0730237]}, "properties": {"type": "inleverpunt", "locatieNaam": "Garant Tweewielers", "straatNaam": "Laan van Meerdervoort", "straatNr": "612", "postcode": "2564 AK", "plaats": "Den Haag", "merk": "Stibat", "puntType": "inzamelbak", "materialen": ["batterijen"], "uitbetaling": [], "vrijToegankelijk": false, "gemeenteBeperking": null, "openingstijden": null, "latitude": 52.0730237, "longitude": 4.2618675, "bronId": "L037297"}}, {"type": "Feature", "geometry": {"type": "Point", "coordinates": [4.2665972, 52.0357428]}, "properties": {"type": "inleverpunt", "locatieNaam": "1278 Action", "straatNaam": "Ambachtsgaarde", "straatNr": "6", "postcode": "2542 EE", "plaats": "Den Haag", "merk": "Stibat", "puntType": "inzamelbak", "materialen": ["batterijen"], "uitbetaling": [], "vrijToegankelijk": false, "gemeenteBeperking": null, "openingstijden": null, "latitude": 52.0357428, "longitude": 4.2665972, "bronId": "L032003"}}, {"type": "Feature", "geometry": {"type": "Point", "coordinates": [4.2653452, 52.0349607]}, "properties": {"type": "inleverpunt", "locatieNaam": "Kruidvat", "straatNaam": "Ambachtsgaarde", "straatNr": "182", "postcode": "2542 EJ", "plaats": "Den Haag", "merk": "Stibat", "puntType": "inzamelbak", "materialen": ["batterijen"], "uitbetaling": [], "vrijToegankelijk": false, "gemeenteBeperking": null, "openingstijden": null, "latitude": 52.0349607, "longitude": 4.2653452, "bronId": "L019496"}}, {"type": "Feature", "geometry": {"type": "Point", "coordinates": [4.2653242, 52.0346874]}, "properties": {"type": "inleverpunt", "locatieNaam": "1352 Albert Heijn", "straatNaam": "Ambachtsgaarde", "straatNr": "162", "postcode": "2542 EJ", "plaats": "Den Haag", "merk": "Stibat", "puntType": "inzamelbak", "materialen": ["batterijen"], "uitbetaling": [], "vrijToegankelijk": false, "gemeenteBeperking": null, "openingstijden": null, "latitude": 52.0346874, "longitude": 4.2653242, "bronId": "L006959"}}, {"type": "Feature", "geometry": {"type": "Point", "coordinates": [4.2600163, 52.077024]}, "properties": {"type": "inleverpunt", "locatieNaam": "Kruidvat", "straatNaam": "Goudsbloemlaan", "straatNr": "111-115", "postcode": "2565 CR", "plaats": "Den Haag", "merk": "Stibat", "puntType": "inzamelbak", "materialen": ["batterijen"], "uitbetaling": [], "vrijToegankelijk": false, "gemeenteBeperking": null, "openingstijden": null, "latitude": 52.077024, "longitude": 4.2600163, "bronId": "L019675"}}, {"type": "Feature", "geometry": {"type": "Point", "coordinates": [4.265071, 52.0349522]}, "properties": {"type": "inleverpunt", "locatieNaam": "Primera", "straatNaam": "Ambachtsgaarde", "straatNr": "176", "postcode": "2542 EJ", "plaats": "Den Haag", "merk": "Stibat", "puntType": "inzamelbak", "materialen": ["batterijen"], "uitbetaling": [], "vrijToegankelijk": false, "gemeenteBeperking": null, "openingstijden": null, "latitude": 52.0349522, "longitude": 4.265071, "bronId": "L023245"}}, {"type": "Feature", "geometry": {"type": "Point", "coordinates": [4.2596255, 52.0762748]}, "properties": {"type": "inleverpunt", "locatieNaam": "Jumbo", "straatNaam": "Anemoonstraat", "straatNr": "4", "postcode": "2565 DD", "plaats": "Den Haag", "merk": "Stibat", "puntType": "inzamelbak", "materialen": ["batterijen"], "uitbetaling": [], "vrijToegankelijk": false, "gemeenteBeperking": null, "openingstijden": null, "latitude": 52.0762748, "longitude": 4.2596255, "bronId": "L018156"}}, {"type": "Feature", "geometry": {"type": "Point", "coordinates": [4.2632774, 52.041339]}, "properties": {"type": "inleverpunt", "locatieNaam": "Aldi", "straatNaam": "Lange Stede", "straatNr": "4-6", "postcode": "2543 VG", "plaats": "Den Haag", "merk": "Stibat", "puntType": "inzamelbak", "materialen": ["batterijen"], "uitbetaling": [], "vrijToegankelijk": false, "gemeenteBeperking": null, "openingstijden": null, "latitude": 52.041339, "longitude": 4.2632774, "bronId": "L041186"}}, {"type": "Feature", "geometry": {"type": "Point", "coordinates": [4.2576517, 52.0897834]}, "properties": {"type": "inleverpunt", "locatieNaam": "610 Hoogvliet", "straatNaam": "Tesselseplein", "straatNr": "37", "postcode": "2583 HR", "plaats": "Den Haag", "merk": "Stibat", "puntType": "inzamelbak", "materialen": ["batterijen"], "uitbetaling": [], "vrijToegankelijk": false, "gemeenteBeperking": null, "openingstijden": null, "latitude": 52.0897834, "longitude": 4.2576517, "bronId": "L012518"}}, {"type": "Feature", "geometry": {"type": "Point", "coordinates": [4.2616696, 52.0425562]}, "properties": {"type": "inleverpunt", "locatieNaam": "Wibra", "straatNaam": "De Stede", "straatNr": "6", "postcode": "2543 BG", "plaats": "Den Haag", "merk": "Stibat", "puntType": "inzamelbak", "materialen": ["batterijen"], "uitbetaling": [], "vrijToegankelijk": false, "gemeenteBeperking": null, "openingstijden": null, "latitude": 52.0425562, "longitude": 4.2616696, "bronId": "L022175"}}, {"type": "Feature", "geometry": {"type": "Point", "coordinates": [4.2599052, 52.0508391]}, "properties": {"type": "inleverpunt", "locatieNaam": "Stichting Dr. Schroeder van der Kolk Kringloop", "straatNaam": "Zilverstraat", "straatNr": "40", "postcode": "2544 ER", "plaats": "Den Haag", "merk": "Stibat", "puntType": "inzamelbak", "materialen": ["batterijen"], "uitbetaling": [], "vrijToegankelijk": false, "gemeenteBeperking": null, "openingstijden": null, "latitude": 52.0508391, "longitude": 4.2599052, "bronId": "L029038"}}, {"type": "Feature", "geometry": {"type": "Point", "coordinates": [4.2610333, 52.0429799]}, "properties": {"type": "inleverpunt", "locatieNaam": "1028 Albert Heijn", "straatNaam": "De Stede", "straatNr": "10", "postcode": "2543 BG", "plaats": "Den Haag", "merk": "Stibat", "puntType": "inzamelbak", "materialen": ["batterijen"], "uitbetaling": [], "vrijToegankelijk": false, "gemeenteBeperking": null, "openingstijden": null, "latitude": 52.0429799, "longitude": 4.2610333, "bronId": "L006991"}}, {"type": "Feature", "geometry": {"type": "Point", "coordinates": [4.260868, 52.04309]}, "properties": {"type": "inleverpunt", "locatieNaam": "Kruidvat", "straatNaam": "De Stede", "straatNr": "12", "postcode": "2543 BG", "plaats": "Den Haag", "merk": "Stibat", "puntType": "inzamelbak", "materialen": ["batterijen"], "uitbetaling": [], "vrijToegankelijk": false, "gemeenteBeperking": null, "openingstijden": null, "latitude": 52.04309, "longitude": 4.260868, "bronId": "L016266"}}, {"type": "Feature", "geometry": {"type": "Point", "coordinates": [4.2577868, 52.0662101]}, "properties": {"type": "inleverpunt", "locatieNaam": "Claassen", "straatNaam": "Pippelingstraat", "straatNr": "30", "postcode": "2564 RH", "plaats": "Den Haag", "merk": "Stibat", "puntType": "inzamelbak", "materialen": ["batterijen"], "uitbetaling": [], "vrijToegankelijk": false, "gemeenteBeperking": null, "openingstijden": null, "latitude": 52.0662101, "longitude": 4.2577868, "bronId": "L032991"}}, {"type": "Feature", "geometry": {"type": "Point", "coordinates": [4.259861, 52.043706]}, "properties": {"type": "inleverpunt", "locatieNaam": "1418 Action", "straatNaam": "De Stede", "straatNr": "19-21", "postcode": "2543 BG", "plaats": "Den Haag", "merk": "Stibat", "puntType": "inzamelbak", "materialen": ["batterijen"], "uitbetaling": [], "vrijToegankelijk": false, "gemeenteBeperking": null, "openingstijden": null, "latitude": 52.043706, "longitude": 4.259861, "bronId": "L042787"}}, {"type": "Feature", "geometry": {"type": "Point", "coordinates": [4.2594669, 52.0440002]}, "properties": {"type": "inleverpunt", "locatieNaam": "Lidl", "straatNaam": "De Stede", "straatNr": "22", "postcode": "2543 BG", "plaats": "Den Haag", "merk": "Stibat", "puntType": "inzamelbak", "materialen": ["batterijen"], "uitbetaling": [], "vrijToegankelijk": false, "gemeenteBeperking": null, "openingstijden": null, "latitude": 52.0440002, "longitude": 4.2594669, "bronId": "L023589"}}, {"type": "Feature", "geometry": {"type": "Point", "coordinates": [4.259092, 52.0436756]}, "properties": {"type": "inleverpunt", "locatieNaam": "Primera", "straatNaam": "De Stede", "straatNr": "30-31", "postcode": "2543 BG", "plaats": "Den Haag", "merk": "Stibat", "puntType": "inzamelbak", "materialen": ["batterijen"], "uitbetaling": [], "vrijToegankelijk": false, "gemeenteBeperking": null, "openingstijden": null, "latitude": 52.0436756, "longitude": 4.259092, "bronId": "L036427"}}, {"type": "Feature", "geometry": {"type": "Point", "coordinates": [4.2566491, 52.0615759]}, "properties": {"type": "inleverpunt", "locatieNaam": "Gamma", "straatNaam": "Oude Haagweg", "straatNr": "503-507", "postcode": "2552 GG", "plaats": "Den Haag", "merk": "Stibat", "puntType": "inzamelbak", "materialen": ["batterijen"], "uitbetaling": [], "vrijToegankelijk": false, "gemeenteBeperking": null, "openingstijden": null, "latitude": 52.0615759, "longitude": 4.2566491, "bronId": "L005858"}}, {"type": "Feature", "geometry": {"type": "Point", "coordinates": [4.2589251, 52.0439944]}, "properties": {"type": "inleverpunt", "locatieNaam": "Zeeman", "straatNaam": "De Stede", "straatNr": "27", "postcode": "2543 BG", "plaats": "Den Haag", "merk": "Stibat", "puntType": "inzamelbak", "materialen": ["batterijen"], "uitbetaling": [], "vrijToegankelijk": false, "gemeenteBeperking": null, "openingstijden": null, "latitude": 52.0439944, "longitude": 4.2589251, "bronId": "L020327"}}, {"type": "Feature", "geometry": {"type": "Point", "coordinates": [4.2550697, 52.0677593]}, "properties": {"type": "inleverpunt", "locatieNaam": "Jac. Bennebroek DHZ", "straatNaam": "Vlierboomstraat", "straatNr": "507", "postcode": "2564 JE", "plaats": "Den Haag", "merk": "Stibat", "puntType": "inzamelbak", "materialen": ["batterijen"], "uitbetaling": [], "vrijToegankelijk": false, "gemeenteBeperking": null, "openingstijden": null, "latitude": 52.0677593, "longitude": 4.2550697, "bronId": "L017689"}}, {"type": "Feature", "geometry": {"type": "Point", "coordinates": [4.2547887, 52.0673436]}, "properties": {"type": "inleverpunt", "locatieNaam": "D.I.O.", "straatNaam": "Vlierboomstraat", "straatNr": "588", "postcode": "2564 JP", "plaats": "Den Haag", "merk": "Stibat", "puntType": "inzamelbak", "materialen": ["batterijen"], "uitbetaling": [], "vrijToegankelijk": false, "gemeenteBeperking": null, "openingstijden": null, "latitude": 52.0673436, "longitude": 4.2547887, "bronId": "L026536"}}, {"type": "Feature", "geometry": {"type": "Point", "coordinates": [4.2565097, 52.0508801]}, "properties": {"type": "inleverpunt", "locatieNaam": "Sligro", "straatNaam": "Kerketuinenweg", "straatNr": "35", "postcode": "2544 CV", "plaats": "'s-Gravenhage", "merk": "Stibat", "puntType": "inzamelbak", "materialen": ["batterijen"], "uitbetaling": [], "vrijToegankelijk": false, "gemeenteBeperking": null, "openingstijden": null, "latitude": 52.0508801, "longitude": 4.2565097, "bronId": "L026271"}}, {"type": "Feature", "geometry": {"type": "Point", "coordinates": [4.2536554, 52.0652263]}, "properties": {"type": "inleverpunt", "locatieNaam": "Primera", "straatNaam": "Appelstraat", "straatNr": "230", "postcode": "2564 EL", "plaats": "Den Haag", "merk": "Stibat", "puntType": "inzamelbak", "materialen": ["batterijen"], "uitbetaling": [], "vrijToegankelijk": false, "gemeenteBeperking": null, "openingstijden": null, "latitude": 52.0652263, "longitude": 4.2536554, "bronId": "L022797"}}, {"type": "Feature", "geometry": {"type": "Point", "coordinates": [4.2528358, 52.0649695]}, "properties": {"type": "inleverpunt", "locatieNaam": "BikeXtra", "straatNaam": "Appelstraat", "straatNr": "215", "postcode": "2564 EE", "plaats": "Den Haag", "merk": "Stibat", "puntType": "inzamelbak", "materialen": ["batterijen"], "uitbetaling": [], "vrijToegankelijk": false, "gemeenteBeperking": null, "openingstijden": null, "latitude": 52.0649695, "longitude": 4.2528358, "bronId": "L032989"}}, {"type": "Feature", "geometry": {"type": "Point", "coordinates": [4.2543512, 52.0457623]}, "properties": {"type": "inleverpunt", "locatieNaam": "De Haan", "straatNaam": "Meppelweg", "straatNr": "1381", "postcode": "2544 CX", "plaats": "Den Haag", "merk": "Stibat", "puntType": "inzamelbak", "materialen": ["batterijen"], "uitbetaling": [], "vrijToegankelijk": false, "gemeenteBeperking": null, "openingstijden": null, "latitude": 52.0457623, "longitude": 4.2543512, "bronId": "L044800"}}, {"type": "Feature", "geometry": {"type": "Point", "coordinates": [4.2505393, 52.0548825]}, "properties": {"type": "inleverpunt", "locatieNaam": "1300 Albert Heijn", "straatNaam": "Hildo Kroplaan", "straatNr": "20", "postcode": "2552 XS", "plaats": "Den Haag", "merk": "Stibat", "puntType": "inzamelbak", "materialen": ["batterijen"], "uitbetaling": [], "vrijToegankelijk": false, "gemeenteBeperking": null, "openingstijden": null, "latitude": 52.0548825, "longitude": 4.2505393, "bronId": "L006765"}}, {"type": "Feature", "geometry": {"type": "Point", "coordinates": [4.2500427, 52.0543415]}, "properties": {"type": "inleverpunt", "locatieNaam": "Lidl", "straatNaam": "Hildo Kroplaan", "straatNr": "145", "postcode": "2552 XR", "plaats": "Den Haag", "merk": "Stibat", "puntType": "inzamelbak", "materialen": ["batterijen"], "uitbetaling": [], "vrijToegankelijk": false, "gemeenteBeperking": null, "openingstijden": null, "latitude": 52.0543415, "longitude": 4.2500427, "bronId": "L025781"}}, {"type": "Feature", "geometry": {"type": "Point", "coordinates": [4.2498712, 52.0546129]}, "properties": {"type": "inleverpunt", "locatieNaam": "Kruidvat", "straatNaam": "Hildo Kroplaan", "straatNr": "85-89", "postcode": "2552 XP", "plaats": "Den Haag", "merk": "Stibat", "puntType": "inzamelbak", "materialen": ["batterijen"], "uitbetaling": [], "vrijToegankelijk": false, "gemeenteBeperking": null, "openingstijden": null, "latitude": 52.0546129, "longitude": 4.2498712, "bronId": "L030861"}}, {"type": "Feature", "geometry": {"type": "Point", "coordinates": [4.2504304, 52.0466485]}, "properties": {"type": "inleverpunt", "locatieNaam": "Mastermate", "straatNaam": "Koperwerf", "straatNr": "24", "postcode": "2544 EN", "plaats": "'s-Gravenhage", "merk": "Stibat", "puntType": "inzamelbak", "materialen": ["batterijen"], "uitbetaling": [], "vrijToegankelijk": false, "gemeenteBeperking": null, "openingstijden": null, "latitude": 52.0466485, "longitude": 4.2504304, "bronId": "L038092"}}, {"type": "Feature", "geometry": {"type": "Point", "coordinates": [4.246282, 52.0664421]}, "properties": {"type": "inleverpunt", "locatieNaam": "Aldi", "straatNaam": "De Savornin Lohmanplein", "straatNr": "26-30", "postcode": "2566 AE", "plaats": "'s-Gravenhage", "merk": "Stibat", "puntType": "inzamelbak", "materialen": ["batterijen"], "uitbetaling": [], "vrijToegankelijk": false, "gemeenteBeperking": null, "openingstijden": null, "latitude": 52.0664421, "longitude": 4.246282, "bronId": "L041188"}}, {"type": "Feature", "geometry": {"type": "Point", "coordinates": [4.2460136, 52.0664441]}, "properties": {"type": "inleverpunt", "locatieNaam": "Droppie", "straatNaam": "De Savornin Lohmanplein", "straatNr": "24", "postcode": "2566 AD", "plaats": "'s-Gravenhage", "merk": "Stibat", "puntType": "inzamelbak", "materialen": ["batterijen"], "uitbetaling": [], "vrijToegankelijk": false, "gemeenteBeperking": null, "openingstijden": null, "latitude": 52.0664441, "longitude": 4.2460136, "bronId": "L048570"}}, {"type": "Feature", "geometry": {"type": "Point", "coordinates": [4.2459881, 52.0665068]}, "properties": {"type": "inleverpunt", "locatieNaam": "Carla's (Smaakgilde)", "straatNaam": "De Savornin Lohmanplein", "straatNr": "22b", "postcode": "2566 AC", "plaats": "Den Haag", "merk": "Stibat", "puntType": "inzamelbak", "materialen": ["batterijen"], "uitbetaling": [], "vrijToegankelijk": false, "gemeenteBeperking": null, "openingstijden": null, "latitude": 52.0665068, "longitude": 4.2459881, "bronId": "L038760"}}, {"type": "Feature", "geometry": {"type": "Point", "coordinates": [4.2458447, 52.0669818]}, "properties": {"type": "inleverpunt", "locatieNaam": "Zeeman", "straatNaam": "De Savornin Lohmanplein", "straatNr": "34", "postcode": "2566 AC", "plaats": "Den Haag", "merk": "Stibat", "puntType": "inzamelbak", "materialen": ["batterijen"], "uitbetaling": [], "vrijToegankelijk": false, "gemeenteBeperking": null, "openingstijden": null, "latitude": 52.0669818, "longitude": 4.2458447, "bronId": "L045900"}}, {"type": "Feature", "geometry": {"type": "Point", "coordinates": [4.2479419, 52.0457938]}, "properties": {"type": "inleverpunt", "locatieNaam": "Bouwmaat", "straatNaam": "De Werf", "straatNr": "9", "postcode": "2544 EH", "plaats": "Den Haag", "merk": "Stibat", "puntType": "inzamelbak", "materialen": ["batterijen"], "uitbetaling": [], "vrijToegankelijk": false, "gemeenteBeperking": null, "openingstijden": null, "latitude": 52.0457938, "longitude": 4.2479419, "bronId": "L039431"}}, {"type": "Feature", "geometry": {"type": "Point", "coordinates": [4.2464124, 52.0569338]}, "properties": {"type": "inleverpunt", "locatieNaam": "Van Son Tweewielers", "straatNaam": "Oude Haagweg", "straatNr": "275", "postcode": "2552 EP", "plaats": "Den Haag", "merk": "Stibat", "puntType": "inzamelbak", "materialen": ["batterijen"], "uitbetaling": [], "vrijToegankelijk": false, "gemeenteBeperking": null, "openingstijden": null, "latitude": 52.0569338, "longitude": 4.2464124, "bronId": "L032986"}}, {"type": "Feature", "geometry": {"type": "Point", "coordinates": [4.245283, 52.0666977]}, "properties": {"type": "inleverpunt", "locatieNaam": "Hans Anders", "straatNaam": "De Savornin Lohmanplein", "straatNr": "39A", "postcode": "2566 AE", "plaats": "Den Haag", "merk": "Stibat", "puntType": "inzamelbak", "materialen": ["batterijen"], "uitbetaling": [], "vrijToegankelijk": false, "gemeenteBeperking": null, "openingstijden": null, "latitude": 52.0666977, "longitude": 4.245283, "bronId": "L040991"}}, {"type": "Feature", "geometry": {"type": "Point", "coordinates": [4.2452481, 52.0664685]}, "properties": {"type": "inleverpunt", "locatieNaam": "1113 Albert Heijn", "straatNaam": "De Savornin Lohmanplein", "straatNr": "20", "postcode": "2566 AC", "plaats": "Den Haag", "merk": "Stibat", "puntType": "inzamelbak", "materialen": ["batterijen"], "uitbetaling": [], "vrijToegankelijk": false, "gemeenteBeperking": null, "openingstijden": null, "latitude": 52.0664685, "longitude": 4.2452481, "bronId": "L007219"}}, {"type": "Feature", "geometry": {"type": "Point", "coordinates": [4.2450369, 52.0666988]}, "properties": {"type": "inleverpunt", "locatieNaam": "HEMA Den Haag Savornin Lohmanplein", "straatNaam": "De Savornin Lohmanplein", "straatNr": "39b", "postcode": "2566 AE", "plaats": "Den Haag", "merk": "Stibat", "puntType": "inzamelbak", "materialen": ["batterijen"], "uitbetaling": [], "vrijToegankelijk": false, "gemeenteBeperking": null, "openingstijden": null, "latitude": 52.0666988, "longitude": 4.2450369, "bronId": "L046818"}}, {"type": "Feature", "geometry": {"type": "Point", "coordinates": [4.2450223, 52.0663137]}, "properties": {"type": "inleverpunt", "locatieNaam": "7481 Etos", "straatNaam": "De Savornin Lohmanplein", "straatNr": "14", "postcode": "2566 AE", "plaats": "Den Haag", "merk": "Stibat", "puntType": "inzamelbak", "materialen": ["batterijen"], "uitbetaling": [], "vrijToegankelijk": false, "gemeenteBeperking": null, "openingstijden": null, "latitude": 52.0663137, "longitude": 4.2450223, "bronId": "L022564"}}, {"type": "Feature", "geometry": {"type": "Point", "coordinates": [4.2450908, 52.0426983]}, "properties": {"type": "inleverpunt", "locatieNaam": "Afvalbrengstation Zichtenburg", "straatNaam": "De Werf", "straatNr": "13", "postcode": "2544 EH", "plaats": "Den Haag", "merk": "Stibat", "puntType": "inzamelbak", "materialen": ["batterijen"], "uitbetaling": [], "vrijToegankelijk": false, "gemeenteBeperking": null, "openingstijden": null, "latitude": 52.0426983, "longitude": 4.2450908, "bronId": "L035629"}}, {"type": "Feature", "geometry": {"type": "Point", "coordinates": [4.2441789, 52.0410485]}, "properties": {"type": "inleverpunt", "locatieNaam": "Total", "straatNaam": "Lozerlaan", "straatNr": "4", "postcode": "2544 LG", "plaats": "Den Haag", "merk": "Stibat", "puntType": "inzamelbak", "materialen": ["batterijen"], "uitbetaling": [], "vrijToegankelijk": false, "gemeenteBeperking": null, "openingstijden": null, "latitude": 52.0410485, "longitude": 4.2441789, "bronId": "L020396"}}, {"type": "Feature", "geometry": {"type": "Point", "coordinates": [4.2423921, 52.0447923]}, "properties": {"type": "inleverpunt", "locatieNaam": "Gamma", "straatNaam": "Dekkershoek", "straatNr": "171", "postcode": "2552 DD", "plaats": "Den Haag", "merk": "Stibat", "puntType": "inzamelbak", "materialen": ["batterijen"], "uitbetaling": [], "vrijToegankelijk": false, "gemeenteBeperking": null, "openingstijden": null, "latitude": 52.0447923, "longitude": 4.2423921, "bronId": "L008259"}}, {"type": "Feature", "geometry": {"type": "Point", "coordinates": [4.2376581, 52.0540931]}, "properties": {"type": "inleverpunt", "locatieNaam": "Tuincentrum Ockenburgh", "straatNaam": "Loosduinse Hoofdstraat", "straatNr": "875", "postcode": "2552 AH", "plaats": "Den Haag", "merk": "Stibat", "puntType": "inzamelbak", "materialen": ["batterijen"], "uitbetaling": [], "vrijToegankelijk": false, "gemeenteBeperking": null, "openingstijden": null, "latitude": 52.0540931, "longitude": 4.2376581, "bronId": "L039732"}}, {"type": "Feature", "geometry": {"type": "Point", "coordinates": [4.2368948, 52.0537261]}, "properties": {"type": "inleverpunt", "locatieNaam": "GeFixt B.V.", "straatNaam": "Loosduinse Hoofdstraat", "straatNr": "184", "postcode": "2552 AL", "plaats": "Den Haag", "merk": "Stibat", "puntType": "inzamelbak", "materialen": ["batterijen"], "uitbetaling": [], "vrijToegankelijk": false, "gemeenteBeperking": null, "openingstijden": null, "latitude": 52.0537261, "longitude": 4.2368948, "bronId": "L040337"}}, {"type": "Feature", "geometry": {"type": "Point", "coordinates": [4.236679, 52.05391]}, "properties": {"type": "inleverpunt", "locatieNaam": "Kruidvat", "straatNaam": "Loosduinse Hoofdstraat", "straatNr": "311", "postcode": "2552 AD", "plaats": "Den Haag", "merk": "Stibat", "puntType": "inzamelbak", "materialen": ["batterijen"], "uitbetaling": [], "vrijToegankelijk": false, "gemeenteBeperking": null, "openingstijden": null, "latitude": 52.05391, "longitude": 4.236679, "bronId": "L014236"}}, {"type": "Feature", "geometry": {"type": "Point", "coordinates": [4.2364762, 52.0539474]}, "properties": {"type": "inleverpunt", "locatieNaam": "HEMA Den Haag - Loosduinen", "straatNaam": "Loosduinse Hoofdstraat", "straatNr": "313", "postcode": "2552 AD", "plaats": "Den Haag", "merk": "Stibat", "puntType": "inzamelbak", "materialen": ["batterijen"], "uitbetaling": [], "vrijToegankelijk": false, "gemeenteBeperking": null, "openingstijden": null, "latitude": 52.0539474, "longitude": 4.2364762, "bronId": "L046787"}}, {"type": "Feature", "geometry": {"type": "Point", "coordinates": [4.2364178, 52.0481389]}, "properties": {"type": "inleverpunt", "locatieNaam": "550 Hoogvliet", "straatNaam": "Forellendaal", "straatNr": "318", "postcode": "2553 LM", "plaats": "Den Haag", "merk": "Stibat", "puntType": "inzamelbak", "materialen": ["batterijen"], "uitbetaling": [], "vrijToegankelijk": false, "gemeenteBeperking": null, "openingstijden": null, "latitude": 52.0481389, "longitude": 4.2364178, "bronId": "L010767"}}, {"type": "Feature", "geometry": {"type": "Point", "coordinates": [4.2356927, 52.0534088]}, "properties": {"type": "inleverpunt", "locatieNaam": "Aldi", "straatNaam": "Loosduinsehoofdstr.", "straatNr": "280-282", "postcode": "2552 AN", "plaats": "Den Haag", "merk": "Stibat", "puntType": "inzamelbak", "materialen": ["batterijen"], "uitbetaling": [], "vrijToegankelijk": false, "gemeenteBeperking": null, "openingstijden": null, "latitude": 52.0534088, "longitude": 4.2356927, "bronId": "L041187"}}, {"type": "Feature", "geometry": {"type": "Point", "coordinates": [4.2346883, 52.0528554]}, "properties": {"type": "inleverpunt", "locatieNaam": "Wibra", "straatNaam": "Loosduinse Hoofdplein", "straatNr": "225", "postcode": "2553 CR", "plaats": "Den Haag", "merk": "Stibat", "puntType": "inzamelbak", "materialen": ["batterijen"], "uitbetaling": [], "vrijToegankelijk": false, "gemeenteBeperking": null, "openingstijden": null, "latitude": 52.0528554, "longitude": 4.2346883, "bronId": "L024579"}}, {"type": "Feature", "geometry": {"type": "Point", "coordinates": [4.2344895, 52.053536]}, "properties": {"type": "inleverpunt", "locatieNaam": "Bert's wielershop", "straatNaam": "Arnold Spoelstraat", "straatNr": "96-100", "postcode": "2553 CN", "plaats": "Den Haag", "merk": "Stibat", "puntType": "inzamelbak", "materialen": ["batterijen"], "uitbetaling": [], "vrijToegankelijk": false, "gemeenteBeperking": null, "openingstijden": null, "latitude": 52.053536, "longitude": 4.2344895, "bronId": "L032984"}}, {"type": "Feature", "geometry": {"type": "Point", "coordinates": [4.2342619, 52.0537513]}, "properties": {"type": "inleverpunt", "locatieNaam": "Intertoys", "straatNaam": "Arnold Spoelstraat", "straatNr": "106", "postcode": "2553 CN", "plaats": "Den Haag", "merk": "Stibat", "puntType": "inzamelbak", "materialen": ["batterijen"], "uitbetaling": [], "vrijToegankelijk": false, "gemeenteBeperking": null, "openingstijden": null, "latitude": 52.0537513, "longitude": 4.2342619, "bronId": "L043555"}}, {"type": "Feature", "geometry": {"type": "Point", "coordinates": [4.2342749, 52.0534061]}, "properties": {"type": "inleverpunt", "locatieNaam": "Optie1", "straatNaam": "Arnold Spoelstraat", "straatNr": "135", "postcode": "2553 CM", "plaats": "Den Haag", "merk": "Stibat", "puntType": "inzamelbak", "materialen": ["batterijen"], "uitbetaling": [], "vrijToegankelijk": false, "gemeenteBeperking": null, "openingstijden": null, "latitude": 52.0534061, "longitude": 4.2342749, "bronId": "L045959"}}, {"type": "Feature", "geometry": {"type": "Point", "coordinates": [4.2343399, 52.0527214]}, "properties": {"type": "inleverpunt", "locatieNaam": "1845 Albert Heijn", "straatNaam": "Loosduinse Hoofdplein", "straatNr": "260", "postcode": "2553 CT", "plaats": "Den Haag", "merk": "Stibat", "puntType": "inzamelbak", "materialen": ["batterijen"], "uitbetaling": [], "vrijToegankelijk": false, "gemeenteBeperking": null, "openingstijden": null, "latitude": 52.0527214, "longitude": 4.2343399, "bronId": "L026235"}}, {"type": "Feature", "geometry": {"type": "Point", "coordinates": [4.2341628, 52.0531912]}, "properties": {"type": "inleverpunt", "locatieNaam": "Beter Horen", "straatNaam": "Loosduinse Hoofdstraat", "straatNr": "577", "postcode": "2552 AE", "plaats": "'s-Gravenhage", "merk": "Stibat", "puntType": "inzamelbak", "materialen": ["batterijen"], "uitbetaling": [], "vrijToegankelijk": false, "gemeenteBeperking": null, "openingstijden": null, "latitude": 52.0531912, "longitude": 4.2341628, "bronId": "L016742"}}, {"type": "Feature", "geometry": {"type": "Point", "coordinates": [4.2339535, 52.0530052]}, "properties": {"type": "inleverpunt", "locatieNaam": "Primera", "straatNaam": "Loosduinse Hoofdstraat", "straatNr": "300", "postcode": "2552 AN", "plaats": "Den Haag", "merk": "Stibat", "puntType": "inzamelbak", "materialen": ["batterijen"], "uitbetaling": [], "vrijToegankelijk": false, "gemeenteBeperking": null, "openingstijden": null, "latitude": 52.0530052, "longitude": 4.2339535, "bronId": "L042869"}}, {"type": "Feature", "geometry": {"type": "Point", "coordinates": [4.2338564, 52.0531528]}, "properties": {"type": "inleverpunt", "locatieNaam": "6344 Etos", "straatNaam": "Loosduinse Hoofdstraat", "straatNr": "585", "postcode": "2552 AE", "plaats": "Den Haag", "merk": "Stibat", "puntType": "inzamelbak", "materialen": ["batterijen"], "uitbetaling": [], "vrijToegankelijk": false, "gemeenteBeperking": null, "openingstijden": null, "latitude": 52.0531528, "longitude": 4.2338564, "bronId": "L045388"}}, {"type": "Feature", "geometry": {"type": "Point", "coordinates": [4.2337262, 52.0540874]}, "properties": {"type": "inleverpunt", "locatieNaam": "Hubo", "straatNaam": "Arnold Spoelplein", "straatNr": "98-99", "postcode": "2553 CG", "plaats": "Den Haag", "merk": "Stibat", "puntType": "inzamelbak", "materialen": ["batterijen"], "uitbetaling": [], "vrijToegankelijk": false, "gemeenteBeperking": null, "openingstijden": null, "latitude": 52.0540874, "longitude": 4.2337262, "bronId": "L022187"}}, {"type": "Feature", "geometry": {"type": "Point", "coordinates": [4.2332476, 52.0529949]}, "properties": {"type": "inleverpunt", "locatieNaam": "Zeeman", "straatNaam": "Loosduinse Hoofdstraat", "straatNr": "601", "postcode": "2552 AE", "plaats": "Den Haag", "merk": "Stibat", "puntType": "inzamelbak", "materialen": ["batterijen"], "uitbetaling": [], "vrijToegankelijk": false, "gemeenteBeperking": null, "openingstijden": null, "latitude": 52.0529949, "longitude": 4.2332476, "bronId": "L019826"}}, {"type": "Feature", "geometry": {"type": "Point", "coordinates": [4.2312306, 52.0596393]}, "properties": {"type": "inleverpunt", "locatieNaam": "Jumbo", "straatNaam": "Alphons Diepenbrockhof", "straatNr": "6", "postcode": "2551 KE", "plaats": "Den Haag", "merk": "Stibat", "puntType": "inzamelbak", "materialen": ["batterijen"], "uitbetaling": [], "vrijToegankelijk": false, "gemeenteBeperking": null, "openingstijden": null, "latitude": 52.0596393, "longitude": 4.2312306, "bronId": "L034766"}}, {"type": "Feature", "geometry": {"type": "Point", "coordinates": [4.2311163, 52.0587671]}, "properties": {"type": "inleverpunt", "locatieNaam": "Zeeman", "straatNaam": "Diepenbrockhof", "straatNr": "69-71", "postcode": "2551 KJ", "plaats": "Den Haag", "merk": "Stibat", "puntType": "inzamelbak", "materialen": ["batterijen"], "uitbetaling": [], "vrijToegankelijk": false, "gemeenteBeperking": null, "openingstijden": null, "latitude": 52.0587671, "longitude": 4.2311163, "bronId": "L028776"}}, {"type": "Feature", "geometry": {"type": "Point", "coordinates": [4.2310407, 52.0592027]}, "properties": {"type": "inleverpunt", "locatieNaam": "Bruna", "straatNaam": "A. Diepenbrockhof", "straatNr": "90", "postcode": "2551 LD", "plaats": "Den Haag", "merk": "Stibat", "puntType": "inzamelbak", "materialen": ["batterijen"], "uitbetaling": [], "vrijToegankelijk": false, "gemeenteBeperking": null, "openingstijden": null, "latitude": 52.0592027, "longitude": 4.2310407, "bronId": "L023520"}}, {"type": "Feature", "geometry": {"type": "Point", "coordinates": [4.2308871, 52.059067]}, "properties": {"type": "inleverpunt", "locatieNaam": "7928 Etos", "straatNaam": "Alphons Diepenbrockhof", "straatNr": "63-64", "postcode": "2551 KJ", "plaats": "Den Haag", "merk": "Stibat", "puntType": "inzamelbak", "materialen": ["batterijen"], "uitbetaling": [], "vrijToegankelijk": false, "gemeenteBeperking": null, "openingstijden": null, "latitude": 52.059067, "longitude": 4.2308871, "bronId": "L027971"}}, {"type": "Feature", "geometry": {"type": "Point", "coordinates": [4.2307676, 52.0591687]}, "properties": {"type": "inleverpunt", "locatieNaam": "1010 Action", "straatNaam": "Alphons Diepenbrockhof", "straatNr": "49", "postcode": "2551 KH", "plaats": "Den Haag", "merk": "Stibat", "puntType": "inzamelbak", "materialen": ["batterijen"], "uitbetaling": [], "vrijToegankelijk": false, "gemeenteBeperking": null, "openingstijden": null, "latitude": 52.0591687, "longitude": 4.2307676, "bronId": "L021118"}}, {"type": "Feature", "geometry": {"type": "Point", "coordinates": [4.2305652, 52.0592939]}, "properties": {"type": "inleverpunt", "locatieNaam": "Lidl", "straatNaam": "Alphons Diepenbrockhof", "straatNr": "49", "postcode": "2551 KH", "plaats": "Den Haag", "merk": "Stibat", "puntType": "inzamelbak", "materialen": ["batterijen"], "uitbetaling": [], "vrijToegankelijk": false, "gemeenteBeperking": null, "openingstijden": null, "latitude": 52.0592939, "longitude": 4.2305652, "bronId": "L018453"}}, {"type": "Feature", "geometry": {"type": "Point", "coordinates": [4.2302783, 52.0521516]}, "properties": {"type": "inleverpunt", "locatieNaam": "Orie Rijwielen", "straatNaam": "Loosduinse Hoofdstraat", "straatNr": "679", "postcode": "2552 AG", "plaats": "Den Haag", "merk": "Stibat", "puntType": "inzamelbak", "materialen": ["batterijen"], "uitbetaling": [], "vrijToegankelijk": false, "gemeenteBeperking": null, "openingstijden": null, "latitude": 52.0521516, "longitude": 4.2302783, "bronId": "L032985"}}, {"type": "Feature", "geometry": {"type": "Point", "coordinates": [4.2203584, 52.0680331]}, "properties": {"type": "inleverpunt", "locatieNaam": "Plus", "straatNaam": "Deltaplein", "straatNr": "300", "postcode": "2554 GW", "plaats": "Den Haag", "merk": "Stibat", "puntType": "inzamelbak", "materialen": ["batterijen"], "uitbetaling": [], "vrijToegankelijk": false, "gemeenteBeperking": null, "openingstijden": null, "latitude": 52.0680331, "longitude": 4.2203584, "bronId": "L043252"}}, {"type": "Feature", "geometry": {"type": "Point", "coordinates": [4.2119449, 52.0589478]}, "properties": {"type": "inleverpunt", "locatieNaam": "Roompot Kijkduin (Spar)", "straatNaam": "Machiel Vrijenhoeklaan", "straatNr": "450", "postcode": "2555 NW", "plaats": "Den Haag", "merk": "Stibat", "puntType": "inzamelbak", "materialen": ["batterijen"], "uitbetaling": [], "vrijToegankelijk": false, "gemeenteBeperking": null, "openingstijden": null, "latitude": 52.0589478, "longitude": 4.2119449, "bronId": "L003951"}}, {"type": "Feature", "geometry": {"type": "Point", "coordinates": [4.2700911, 52.0968711]}, "properties": {"type": "inleverpunt", "locatieNaam": "Droppie Den Haag | Van Bergenstraat", "straatNaam": "Van Bergenstraat", "straatNr": "39", "postcode": "2583 CS", "plaats": "Den Haag", "merk": "Droppie", "puntType": "automaat", "materialen": ["pet-groot", "pet-klein", "blik"], "uitbetaling": ["droppie"], "vrijToegankelijk": true, "gemeenteBeperking": null, "openingstijden": null, "latitude": 52.0968711, "longitude": 4.2700911, "bronId": "droppie-den-haag-van-bergenstraat"}}, {"type": "Feature", "geometry": {"type": "Point", "coordinates": [4.2706365, 52.0771943]}, "properties": {"type": "inleverpunt", "locatieNaam": "Droppie Den Haag | Fahrenheitstraat", "straatNaam": "Fahrenheitstraat", "straatNr": "436a", "postcode": "2561 DG", "plaats": "Den Haag", "merk": "Droppie", "puntType": "automaat", "materialen": ["pet-groot", "pet-klein", "blik"], "uitbetaling": ["droppie"], "vrijToegankelijk": true, "gemeenteBeperking": null, "openingstijden": null, "latitude": 52.0771943, "longitude": 4.2706365, "bronId": "droppie-den-haag-fahrenheitstraat"}}, {"type": "Feature", "geometry": {"type": "Point", "coordinates": [4.246066, 52.066481]}, "properties": {"type": "inleverpunt", "locatieNaam": "Droppie Den Haag | De Savornin Lohmanplein", "straatNaam": "De Savornin Lohmanplein", "straatNr": "24", "postcode": "2566 AD", "plaats": "Den Haag", "merk": "Droppie", "puntType": "automaat", "materialen": ["pet-groot", "pet-klein", "blik"], "uitbetaling": ["droppie"], "vrijToegankelijk": true, "gemeenteBeperking": null, "openingstijden": null, "latitude": 52.066481, "longitude": 4.246066, "bronId": "droppie-den-haag-de-savornin-lohmanplein"}}, {"type": "Feature", "geometry": {"type": "Point", "coordinates": [4.3379119, 52.0864681]}, "properties": {"type": "inleverpunt", "locatieNaam": "Droppie Den Haag | Theresiastraat", "straatNaam": "Theresiastraat", "straatNr": "147", "postcode": "2593 AX", "plaats": "Den Haag", "merk": "Droppie", "puntType": "automaat", "materialen": ["pet-groot", "pet-klein", "blik"], "uitbetaling": ["droppie"], "vrijToegankelijk": true, "gemeenteBeperking": null, "openingstijden": null, "latitude": 52.0864681, "longitude": 4.3379119, "bronId": "droppie-den-haag-theresiastraat"}}, {"type": "Feature", "geometry": {"type": "Point", "coordinates": [4.2737, 52.0469]}, "properties": {"type": "inleverpunt", "locatieNaam": "Droppie Den Haag | Leyweg", "straatNaam": "Leyweg", "straatNr": "955", "postcode": "2545 GG", "plaats": "Den Haag", "merk": "Droppie", "puntType": "automaat", "materialen": ["pet-groot", "pet-klein", "blik"], "uitbetaling": ["droppie"], "vrijToegankelijk": true, "gemeenteBeperking": null, "openingstijden": null, "latitude": 52.0469, "longitude": 4.2737, "bronId": "droppie-den-haag-leyweg"}}, {"type": "Feature", "geometry": {"type": "Polygon", "coordinates": [[[4.394454000716239, 52.07579000396126], [4.397033000718767, 52.07474600396063], [4.397779000719526, 52.07495600396076], [4.403924000725843, 52.07784500396261], [4.405296000727176, 52.07707500396216], [4.411950000733574, 52.072077003959116], [4.417152000738476, 52.06630600395559], [4.420691000741867, 52.06345500395384], [4.420833000741965, 52.06258000395333], [4.420297000741406, 52.062193003953084], [4.422490000743333, 52.05719400395001], [4.4153950007362335, 52.05744100395009], [4.415231000736044, 52.05701300394985], [4.4220720007426175, 52.05167300394662], [4.404918000725486, 52.05298800394724], [4.401625000722213, 52.05353600394756], [4.398550000719003, 52.05121800394612], [4.394445000715043, 52.05405400394781], [4.393124000713652, 52.05284300394705], [4.39258700071313, 52.05315300394726], [4.391131000711605, 52.051952003946475], [4.3914400007119045, 52.05176100394638], [4.38967600071004, 52.04996100394526], [4.387905000708328, 52.051169003946], [4.372640000692464, 52.041006003939536], [4.379858000699425, 52.035952003936465], [4.386132000705858, 52.03850500393811], [4.386877000706601, 52.03840200393804], [4.387436000707174, 52.03864700393821], [4.393891000713332, 52.032917003934685], [4.3797350006988, 52.02673300393076], [4.373499000692865, 52.03259900393432], [4.359770000678765, 52.026546003930484], [4.3588490006778855, 52.027334003930896], [4.357587000676598, 52.026973003930685], [4.357765000676828, 52.02788100393128], [4.354834000674029, 52.03043800393278], [4.353778000672984, 52.030676003932946], [4.350406000670087, 52.0394730039384], [4.346395000666254, 52.04289200394048], [4.346837000666735, 52.04357300394088], [4.3460630006659855, 52.04401800394116], [4.347549000667588, 52.046109003942476], [4.349421000669512, 52.04690500394299], [4.349526000669632, 52.04723500394315], [4.35231400067248, 52.04815800394382], [4.352157000672356, 52.04877600394414], [4.352639000672855, 52.049095003944394], [4.344519000664992, 52.054047003947346], [4.3468180006673895, 52.05579500394846], [4.346999000667629, 52.05679700394911], [4.344104000664875, 52.05947600395072], [4.340307000661207, 52.0619470039522], [4.328709000649282, 52.05655700394875], [4.327757000648353, 52.056975003948956], [4.327628000648193, 52.05645300394868], [4.325377000645877, 52.055388003947996], [4.324682000645179, 52.055324003947945], [4.324257000644773, 52.05569600394817], [4.321361000641811, 52.05462100394746], [4.322154000642555, 52.053714003946915], [4.321682000642059, 52.05331200394668], [4.321908000642269, 52.05305200394652], [4.319882000640179, 52.05199400394585], [4.315797000636013, 52.05065900394497], [4.313043000633222, 52.05012000394458], [4.309154000629222, 52.04829900394339], [4.308929000629011, 52.04853100394359], [4.304195000624156, 52.04659500394234], [4.303840000623795, 52.04649400394231], [4.303390000623371, 52.047009003942556], [4.298367000618256, 52.045557003941624], [4.298737000618595, 52.04500900394129], [4.2972470006170775, 52.04457000394101], [4.297593000617399, 52.044075003940705], [4.293453000613191, 52.04306300394003], [4.293866000613577, 52.0425400039397], [4.290952000610601, 52.04157300393908], [4.298617000617628, 52.02982100393184], [4.297930000616915, 52.029410003931595], [4.307639000626022, 52.018151003924686], [4.302664000620939, 52.0164880039236], [4.301075000619423, 52.017869003924474], [4.298615000616902, 52.01687700392382], [4.2955120006136776, 52.01484800392249], [4.289736000608042, 52.01764800392418], [4.2943450006127595, 52.01935900392532], [4.286734000605332, 52.02298500392745], [4.288255000606902, 52.02375800392797], [4.285142000603884, 52.02562000392911], [4.2856500006044085, 52.0259140039293], [4.285046000603825, 52.02626800392954], [4.285884000604675, 52.02648100392961], [4.2852500006040914, 52.02742200393022], [4.283475000602272, 52.02670000392976], [4.282800000601647, 52.02762600393032], [4.281711000600544, 52.02743100393022], [4.277874000596983, 52.032498003933306], [4.275896000594946, 52.03155700393268], [4.272663000591949, 52.035917003935374], [4.267737000586864, 52.03325400393365], [4.267149000586274, 52.03323700393364], [4.256199000575019, 52.028269003930426], [4.255069000573893, 52.02837000393047], [4.248217000566845, 52.025226003928445], [4.24502100056383, 52.02856800393046], [4.243694000562546, 52.02936800393095], [4.235015000554411, 52.03929500393702], [4.228326000547445, 52.03464200393401], [4.223232000542327, 52.03439600393385], [4.219227000538275, 52.03373700393336], [4.213781000532707, 52.03178400393205], [4.212292000531153, 52.03071200393139], [4.209585000528608, 52.033655003933184], [4.212434000531486, 52.03403300393346], [4.202185000521969, 52.04711200394144], [4.20026200052012, 52.04845800394225], [4.198854000518802, 52.050002003943185], [4.19973800051973, 52.050817003943706], [4.196329000516598, 52.05567700394667], [4.184998000505583, 52.06145100395009], [4.191226000512097, 52.06624800395316], [4.218679000540674, 52.085151003965144], [4.238717000561589, 52.09998000397452], [4.237588000560708, 52.10430500397719], [4.238825000562078, 52.10660700397859], [4.243143000566628, 52.11062600398114], [4.247868000571449, 52.11221500398216], [4.255258000578882, 52.11278200398264], [4.256907000580577, 52.11358800398312], [4.264639000588641, 52.11927900398666], [4.272343000596644, 52.12439900398995], [4.286909000611695, 52.13271500399517], [4.290063000614983, 52.13503600399663], [4.302506000627075, 52.12861600399284], [4.329885000653358, 52.10851900398081], [4.333060000656383, 52.105731003979116], [4.330317000653558, 52.10434200397826], [4.332264000655436, 52.10304000397742], [4.323282000646224, 52.09921700397504], [4.327484000650231, 52.09556700397283], [4.336004000658904, 52.09808300397443], [4.337253000660193, 52.09877000397488], [4.338573000661441, 52.09743500397407], [4.341362000664286, 52.098342003974665], [4.342318000665194, 52.097482003974136], [4.350046000673134, 52.1010470039764], [4.358489000681853, 52.105761003979396], [4.360982000684256, 52.10406800397837], [4.365076000688133, 52.10003600397595], [4.370029000692878, 52.096098003973545], [4.3704560006933155, 52.096233003973666], [4.372709000695491, 52.094773003972755], [4.371467000694194, 52.09383500397218], [4.373514000696161, 52.092297003971254], [4.347116000669046, 52.0802810039636], [4.347126000669041, 52.08000300396342], [4.346808000668732, 52.08016900396353], [4.345239000667127, 52.07957900396313], [4.345484000667348, 52.0791510039629], [4.335213000656826, 52.07500000396021], [4.340066000661597, 52.073344003959235], [4.34057900066212, 52.073488003959326], [4.34093500066245, 52.07304700395908], [4.355519000676792, 52.06804000395613], [4.342196000663054, 52.0611350039517], [4.344666000665439, 52.05950100395072], [4.34800400066862, 52.05649800394892], [4.352281000673067, 52.05939400395072], [4.353316000674063, 52.0586680039503], [4.353941000674709, 52.05901200395052], [4.357575000678216, 52.05655400394902], [4.357350000677975, 52.056255003948856], [4.358380000679052, 52.057086003949365], [4.359823000680513, 52.057366003949596], [4.359437000680142, 52.057631003949695], [4.3599690006806915, 52.0579280039499], [4.3595770006803125, 52.05819900395008], [4.360826000681581, 52.05846800395026], [4.356011000676925, 52.06156700395213], [4.362535000683618, 52.0643360039539], [4.37999600070169, 52.07474500396047], [4.384583000706372, 52.076234003961446], [4.38865100071027, 52.072974003959466], [4.394454000716239, 52.07579000396126]]]}, "properties": {"type": "boundary", "gemeente": "'s-Gravenhage"}}]}