{"type": "FeatureCollection", "metadata": {"gemeente": "Súdwest-Fryslân", "slug": "sudwest-fryslan", "generated_at": "2026-07-28T19:03:25.026558Z", "total_points": 226, "merken": ["StatiegeldNederland", "Stibat", "StichtingOPEN"], "bounds": [5.2106996, 52.8799302, 5.6933385, 53.129101]}, "features": [{"type": "Feature", "geometry": {"type": "Point", "coordinates": [5.6779538, 53.0390435]}, "properties": {"type": "inleverpunt", "locatieNaam": "Albert Heijn", "straatNaam": "Middelzeelaan", "straatNr": "4", "postcode": "8604 BH", "plaats": "Sneek", "merk": "StatiegeldNederland", "puntType": "automaat", "materialen": ["pet-groot", "pet-klein", "blik", "glas", "krat"], "uitbetaling": ["bonnetje", "donatie"], "vrijToegankelijk": true, "gemeenteBeperking": null, "openingstijden": {"ma": "08:00–22:00", "di": "08:00–22:00", "wo": "08:00–22:00", "do": "08:00–22:00", "vr": "08:00–22:00", "za": "08:00–22:00", "zo": "08:00–22:00"}, "latitude": 53.0390435, "longitude": 5.6779538, "bronId": "252532"}}, {"type": "Feature", "geometry": {"type": "Point", "coordinates": [5.6556053, 53.0337524]}, "properties": {"type": "inleverpunt", "locatieNaam": "Albert Heijn", "straatNaam": "St. Anthoniusplein", "straatNr": "35", "postcode": "8601 HK", "plaats": "Sneek", "merk": "StatiegeldNederland", "puntType": "automaat", "materialen": ["pet-groot", "pet-klein", "blik", "glas", "krat"], "uitbetaling": ["bonnetje", "donatie"], "vrijToegankelijk": true, "gemeenteBeperking": null, "openingstijden": {"ma": "08:00–22:00", "di": "08:00–22:00", "wo": "08:00–22:00", "do": "08:00–22:00", "vr": "08:00–22:00", "za": "08:00–22:00", "zo": "09:00–20:00"}, "latitude": 53.0337524, "longitude": 5.6556053, "bronId": "252752"}}, {"type": "Feature", "geometry": {"type": "Point", "coordinates": [5.6585343, 53.0280784]}, "properties": {"type": "inleverpunt", "locatieNaam": "Aldi", "straatNaam": "Boschplein", "straatNr": "3", "postcode": "8607 CD", "plaats": "Sneek", "merk": "StatiegeldNederland", "puntType": "automaat", "materialen": ["pet-groot", "pet-klein", "blik", "glas", "krat"], "uitbetaling": ["bonnetje"], "vrijToegankelijk": true, "gemeenteBeperking": null, "openingstijden": {"ma": "08:00–20:00", "di": "08:00–20:00", "wo": "08:00–20:00", "do": "08:00–21:00", "vr": "08:00–20:00", "za": "08:00–20:00", "zo": "09:00–18:00"}, "latitude": 53.0280784, "longitude": 5.6585343, "bronId": "253029"}}, {"type": "Feature", "geometry": {"type": "Point", "coordinates": [5.4449378, 52.9771351]}, "properties": {"type": "inleverpunt", "locatieNaam": "Aldi", "straatNaam": "Hearewei", "straatNr": "6", "postcode": "8711 GD", "plaats": "Workum", "merk": "StatiegeldNederland", "puntType": "automaat", "materialen": ["pet-groot", "pet-klein", "blik", "glas", "krat"], "uitbetaling": ["bonnetje"], "vrijToegankelijk": true, "gemeenteBeperking": null, "openingstijden": {"ma": "07:00–21:00", "di": "07:00–21:00", "wo": "07:00–21:00", "do": "07:00–21:00", "vr": "07:00–21:00", "za": "07:00–21:00", "zo": "09:00–18:00"}, "latitude": 52.9771351, "longitude": 5.4449378, "bronId": "253140"}}, {"type": "Feature", "geometry": {"type": "Point", "coordinates": [5.6670766, 53.0416439]}, "properties": {"type": "inleverpunt", "locatieNaam": "Aldi", "straatNaam": "Hugo De Grootstraat", "straatNr": "19", "postcode": "8603 BP", "plaats": "Sneek", "merk": "StatiegeldNederland", "puntType": "automaat", "materialen": ["pet-groot", "pet-klein", "blik", "glas", "krat"], "uitbetaling": ["bonnetje"], "vrijToegankelijk": true, "gemeenteBeperking": null, "openingstijden": {"ma": "08:00–20:00", "di": "08:00–20:00", "wo": "08:00–20:00", "do": "08:00–21:00", "vr": "08:00–20:00", "za": "08:00–20:00", "zo": "09:00–18:00"}, "latitude": 53.0416439, "longitude": 5.6670766, "bronId": "253173"}}, {"type": "Feature", "geometry": {"type": "Point", "coordinates": [5.665368, 53.034929]}, "properties": {"type": "inleverpunt", "locatieNaam": "Aldi", "straatNaam": "Normandiaplein", "straatNr": "6", "postcode": "8603 CS", "plaats": "Sneek", "merk": "StatiegeldNederland", "puntType": "automaat", "materialen": ["pet-groot", "pet-klein", "blik", "glas", "krat"], "uitbetaling": ["bonnetje"], "vrijToegankelijk": true, "gemeenteBeperking": null, "openingstijden": {"ma": "08:00–20:00", "di": "08:00–20:00", "wo": "08:00–20:00", "do": "08:00–21:00", "vr": "08:00–20:00", "za": "08:00–20:00", "zo": "09:00–18:00"}, "latitude": 53.034929, "longitude": 5.665368, "bronId": "253290"}}, {"type": "Feature", "geometry": {"type": "Point", "coordinates": [5.5286082, 53.0618665]}, "properties": {"type": "inleverpunt", "locatieNaam": "Aldi", "straatNaam": "Snekerstraat", "straatNr": "7", "postcode": "8701 XD", "plaats": "Bolsward", "merk": "StatiegeldNederland", "puntType": "automaat", "materialen": ["pet-groot", "pet-klein", "blik", "glas", "krat"], "uitbetaling": ["bonnetje"], "vrijToegankelijk": true, "gemeenteBeperking": null, "openingstijden": {"ma": "08:00–20:00", "di": "08:00–20:00", "wo": "08:00–20:00", "do": "08:00–20:00", "vr": "08:00–21:00", "za": "08:00–20:00", "zo": "09:00–18:00"}, "latitude": 53.0618665, "longitude": 5.5286082, "bronId": "253367"}}, {"type": "Feature", "geometry": {"type": "Point", "coordinates": [5.6483426, 53.0430316]}, "properties": {"type": "inleverpunt", "locatieNaam": "Av Horror", "straatNaam": "Thomas Zandstrastraat", "straatNr": "2", "postcode": "8602 CW", "plaats": "Sneek", "merk": "StatiegeldNederland", "puntType": "balie", "materialen": ["pet-groot", "pet-klein", "blik"], "uitbetaling": [], "vrijToegankelijk": false, "gemeenteBeperking": null, "openingstijden": null, "latitude": 53.0430316, "longitude": 5.6483426, "bronId": "253785"}}, {"type": "Feature", "geometry": {"type": "Point", "coordinates": [5.5438799, 52.9642565]}, "properties": {"type": "inleverpunt", "locatieNaam": "Dagwinkel Gaastmeer", "straatNaam": "Munkedyk", "straatNr": "13", "postcode": "8611 JP", "plaats": "Gaastmeer", "merk": "StatiegeldNederland", "puntType": "balie", "materialen": ["pet-groot", "pet-klein", "blik"], "uitbetaling": [], "vrijToegankelijk": true, "gemeenteBeperking": null, "openingstijden": {"ma": "08:00–18:00", "di": "08:00–18:00", "wo": "08:00–18:00", "do": "08:00–18:00", "vr": "08:00–18:00", "za": "08:00–17:00", "zo": "08:30–12:00"}, "latitude": 52.9642565, "longitude": 5.5438799, "bronId": "254248"}}, {"type": "Feature", "geometry": {"type": "Point", "coordinates": [5.4092478, 52.9357453]}, "properties": {"type": "inleverpunt", "locatieNaam": "Danny’s Levensmiddelen en Meer", "straatNaam": "Westerdijk", "straatNr": "9", "postcode": "8713 JA", "plaats": "Hindeloopen", "merk": "StatiegeldNederland", "puntType": "automaat", "materialen": ["pet-groot", "pet-klein", "blik"], "uitbetaling": ["bonnetje", "donatie"], "vrijToegankelijk": true, "gemeenteBeperking": null, "openingstijden": null, "latitude": 52.9357453, "longitude": 5.4092478, "bronId": "254258"}}, {"type": "Feature", "geometry": {"type": "Point", "coordinates": [5.402998, 53.058663]}, "properties": {"type": "inleverpunt", "locatieNaam": "Jumbo", "straatNaam": "Lieuwkemastraat", "straatNr": "9", "postcode": "8754 BL", "plaats": "Makkum", "merk": "StatiegeldNederland", "puntType": "automaat", "materialen": ["pet-groot", "pet-klein", "blik", "glas", "krat"], "uitbetaling": ["bonnetje", "donatie"], "vrijToegankelijk": true, "gemeenteBeperking": null, "openingstijden": {"ma": "08:00–20:00", "di": "08:00–20:00", "wo": "08:00–20:00", "do": "08:00–20:00", "vr": "08:00–21:00", "za": "08:00–20:00", "zo": "09:00–18:00"}, "latitude": 53.058663, "longitude": 5.402998, "bronId": "255539"}}, {"type": "Feature", "geometry": {"type": "Point", "coordinates": [5.6537097, 53.0186847]}, "properties": {"type": "inleverpunt", "locatieNaam": "Jumbo", "straatNaam": "Molenkrite", "straatNr": "130B", "postcode": "8608 XK", "plaats": "Sneek", "merk": "StatiegeldNederland", "puntType": "automaat", "materialen": ["pet-groot", "pet-klein", "blik", "glas", "krat"], "uitbetaling": ["bonnetje", "donatie"], "vrijToegankelijk": true, "gemeenteBeperking": null, "openingstijden": {"ma": "08:00–21:00", "di": "08:00–21:00", "wo": "08:00–21:00", "do": "08:00–21:00", "vr": "08:00–21:00", "za": "08:00–21:00", "zo": "09:00–20:00"}, "latitude": 53.0186847, "longitude": 5.6537097, "bronId": "255597"}}, {"type": "Feature", "geometry": {"type": "Point", "coordinates": [5.66913, 53.03108]}, "properties": {"type": "inleverpunt", "locatieNaam": "Jumbo", "straatNaam": "Oppenhuizerweg", "straatNr": "68", "postcode": "8606 AS", "plaats": "Sneek", "merk": "StatiegeldNederland", "puntType": "automaat", "materialen": ["pet-groot", "pet-klein", "blik", "glas", "krat"], "uitbetaling": ["bonnetje", "donatie"], "vrijToegankelijk": true, "gemeenteBeperking": null, "openingstijden": {"ma": "07:00–22:00", "di": "07:00–22:00", "wo": "07:00–22:00", "do": "07:00–22:00", "vr": "07:00–22:00", "za": "07:00–22:00", "zo": "08:00–20:00"}, "latitude": 53.03108, "longitude": 5.66913, "bronId": "255641"}}, {"type": "Feature", "geometry": {"type": "Point", "coordinates": [5.527809, 53.061388]}, "properties": {"type": "inleverpunt", "locatieNaam": "Jumbo", "straatNaam": "Snekerstraat", "straatNr": "14", "postcode": "8701 AB", "plaats": "Bolsward", "merk": "StatiegeldNederland", "puntType": "automaat", "materialen": ["pet-groot", "pet-klein", "blik", "glas", "krat"], "uitbetaling": ["bonnetje", "donatie"], "vrijToegankelijk": true, "gemeenteBeperking": null, "openingstijden": {"ma": "08:00–21:00", "di": "08:00–21:00", "wo": "08:00–21:00", "do": "08:00–21:00", "vr": "08:00–21:00", "za": "08:00–21:00", "zo": "09:00–20:00"}, "latitude": 53.061388, "longitude": 5.527809, "bronId": "255753"}}, {"type": "Feature", "geometry": {"type": "Point", "coordinates": [5.588159, 53.108561]}, "properties": {"type": "inleverpunt", "locatieNaam": "Jumbo", "straatNaam": "Terp", "straatNr": "11", "postcode": "8731 AX", "plaats": "Wommels", "merk": "StatiegeldNederland", "puntType": "automaat", "materialen": ["pet-groot", "pet-klein", "blik", "glas", "krat"], "uitbetaling": ["bonnetje", "donatie"], "vrijToegankelijk": true, "gemeenteBeperking": null, "openingstijden": {"ma": "08:00–20:00", "di": "08:00–20:00", "wo": "08:00–20:00", "do": "08:00–20:00", "vr": "08:00–20:00", "za": "08:00–20:00", "zo": "10:00–18:00"}, "latitude": 53.108561, "longitude": 5.588159, "bronId": "255794"}}, {"type": "Feature", "geometry": {"type": "Point", "coordinates": [5.6933385, 53.0533363]}, "properties": {"type": "inleverpunt", "locatieNaam": "Kaatsvereniging De Lege Gean", "straatNaam": "De Clegauwe", "straatNr": "3", "postcode": "8627 SM", "plaats": "Gauw", "merk": "StatiegeldNederland", "puntType": "balie", "materialen": ["pet-groot", "pet-klein", "blik"], "uitbetaling": [], "vrijToegankelijk": false, "gemeenteBeperking": null, "openingstijden": null, "latitude": 53.0533363, "longitude": 5.6933385, "bronId": "255900"}}, {"type": "Feature", "geometry": {"type": "Point", "coordinates": [5.6478933, 53.0435957]}, "properties": {"type": "inleverpunt", "locatieNaam": "Kv De Waterpoort", "straatNaam": "Thomas Zandstrastraat", "straatNr": "2", "postcode": "8602 CW", "plaats": "Sneek", "merk": "StatiegeldNederland", "puntType": "balie", "materialen": ["pet-groot", "pet-klein", "blik"], "uitbetaling": [], "vrijToegankelijk": false, "gemeenteBeperking": null, "openingstijden": null, "latitude": 53.0435957, "longitude": 5.6478933, "bronId": "255968"}}, {"type": "Feature", "geometry": {"type": "Point", "coordinates": [5.6729895, 53.028041]}, "properties": {"type": "inleverpunt", "locatieNaam": "Lidl", "straatNaam": "Oude Oppenhuizerweg", "straatNr": "8", "postcode": "8606 JC", "plaats": "Sneek", "merk": "StatiegeldNederland", "puntType": "automaat", "materialen": ["pet-groot", "pet-klein", "blik", "glas", "krat"], "uitbetaling": ["bonnetje", "donatie"], "vrijToegankelijk": true, "gemeenteBeperking": null, "openingstijden": {"ma": "07:00–22:00", "di": "07:00–22:00", "wo": "07:00–22:00", "do": "07:00–22:00", "vr": "07:00–22:00", "za": "07:00–22:00", "zo": "08:00–20:00"}, "latitude": 53.028041, "longitude": 5.6729895, "bronId": "256321"}}, {"type": "Feature", "geometry": {"type": "Point", "coordinates": [5.6623457, 53.0336458]}, "properties": {"type": "inleverpunt", "locatieNaam": "Medikamente die Grenze", "straatNaam": "Truffelsteeg", "straatNr": "25", "postcode": "8601 CB", "plaats": "Sneek", "merk": "StatiegeldNederland", "puntType": "automaat", "materialen": ["pet-groot", "pet-klein", "blik"], "uitbetaling": ["bonnetje"], "vrijToegankelijk": true, "gemeenteBeperking": null, "openingstijden": null, "latitude": 53.0336458, "longitude": 5.6623457, "bronId": "256742"}}, {"type": "Feature", "geometry": {"type": "Point", "coordinates": [5.6723645, 53.024756]}, "properties": {"type": "inleverpunt", "locatieNaam": "O.n.s. Sneek", "straatNaam": "Alexanderstraat", "straatNr": "2D", "postcode": "8606 VP", "plaats": "Sneek", "merk": "StatiegeldNederland", "puntType": "balie", "materialen": ["pet-groot", "pet-klein", "blik"], "uitbetaling": [], "vrijToegankelijk": false, "gemeenteBeperking": null, "openingstijden": {"ma": "24 uur geopend", "di": "24 uur geopend", "wo": "24 uur geopend", "do": "24 uur geopend", "vr": "24 uur geopend", "za": "24 uur geopend", "zo": "24 uur geopend"}, "latitude": 53.024756, "longitude": 5.6723645, "bronId": "256948"}}, {"type": "Feature", "geometry": {"type": "Point", "coordinates": [5.674348, 53.0351746]}, "properties": {"type": "inleverpunt", "locatieNaam": "Optisport Zwembad It Rak", "straatNaam": "Burgemeester de Hooppark", "straatNr": "4", "postcode": "8605 CR", "plaats": "Sneek", "merk": "StatiegeldNederland", "puntType": "balie", "materialen": ["pet-groot", "pet-klein", "blik"], "uitbetaling": [], "vrijToegankelijk": false, "gemeenteBeperking": null, "openingstijden": {"ma": "07:00–21:00", "di": "07:00–21:30", "wo": "07:00–21:00", "do": "07:00–21:30", "vr": "07:00–18:00", "za": "08:30–14:00", "zo": "10:00–16:00"}, "latitude": 53.0351746, "longitude": 5.674348, "bronId": "257083"}}, {"type": "Feature", "geometry": {"type": "Point", "coordinates": [5.6741825, 53.0229207]}, "properties": {"type": "inleverpunt", "locatieNaam": "Pakketshop Sneek", "straatNaam": "Alexanderstraat", "straatNr": "8a", "postcode": "8606 VP", "plaats": "Sneek", "merk": "StatiegeldNederland", "puntType": "balie", "materialen": ["pet-groot", "pet-klein", "blik"], "uitbetaling": [], "vrijToegankelijk": true, "gemeenteBeperking": null, "openingstijden": {"ma": "08:00–18:00", "di": "08:00–18:00", "wo": "08:00–18:00", "do": "08:00–18:00", "vr": "08:00–18:00", "za": "09:00–17:00", "zo": "12:00–17:00"}, "latitude": 53.0229207, "longitude": 5.6741825, "bronId": "257124"}}, {"type": "Feature", "geometry": {"type": "Point", "coordinates": [5.3621023, 52.8850168]}, "properties": {"type": "inleverpunt", "locatieNaam": "Plus", "straatNaam": "Bleeck", "straatNr": "1", "postcode": "8715 EJ", "plaats": "Stavoren", "merk": "StatiegeldNederland", "puntType": "automaat", "materialen": ["pet-groot", "pet-klein", "blik", "glas", "krat"], "uitbetaling": ["bonnetje", "donatie"], "vrijToegankelijk": true, "gemeenteBeperking": null, "openingstijden": {"ma": "08:00–20:00", "di": "08:00–20:00", "wo": "08:00–20:00", "do": "08:00–20:00", "vr": "08:00–20:00", "za": "08:00–20:00", "zo": "09:00–17:00"}, "latitude": 52.8850168, "longitude": 5.3621023, "bronId": "257206"}}, {"type": "Feature", "geometry": {"type": "Point", "coordinates": [5.60823, 52.96915]}, "properties": {"type": "inleverpunt", "locatieNaam": "Plus", "straatNaam": "Koaldyk", "straatNr": "17", "postcode": "8621 CN", "plaats": "Heeg", "merk": "StatiegeldNederland", "puntType": "automaat", "materialen": ["pet-groot", "pet-klein", "blik", "glas", "krat"], "uitbetaling": ["bonnetje", "donatie"], "vrijToegankelijk": true, "gemeenteBeperking": null, "openingstijden": {"ma": "08:00–20:00", "di": "08:00–20:00", "wo": "08:00–20:00", "do": "08:00–20:00", "vr": "08:00–20:00", "za": "08:00–20:00", "zo": "09:00–18:00"}, "latitude": 52.96915, "longitude": 5.60823, "bronId": "257390"}}, {"type": "Feature", "geometry": {"type": "Point", "coordinates": [5.4709857, 53.1046226]}, "properties": {"type": "inleverpunt", "locatieNaam": "Poiesz", "straatNaam": "Arumerweg", "straatNr": "72", "postcode": "8748 AE", "plaats": "Witmarsum", "merk": "StatiegeldNederland", "puntType": "automaat", "materialen": ["pet-groot", "pet-klein", "blik", "glas", "krat"], "uitbetaling": ["bonnetje", "donatie"], "vrijToegankelijk": true, "gemeenteBeperking": null, "openingstijden": {"ma": "08:00–20:00", "di": "08:00–20:00", "wo": "08:00–20:00", "do": "08:00–21:00", "vr": "08:00–21:00", "za": "08:00–20:00", "zo": "09:00–18:00"}, "latitude": 53.1046226, "longitude": 5.4709857, "bronId": "257616"}}, {"type": "Feature", "geometry": {"type": "Point", "coordinates": [5.6586462, 53.0279413]}, "properties": {"type": "inleverpunt", "locatieNaam": "Poiesz", "straatNaam": "Boschplein", "straatNr": "7", "postcode": "8607 CD", "plaats": "Sneek", "merk": "StatiegeldNederland", "puntType": "automaat", "materialen": ["pet-groot", "pet-klein", "blik", "glas", "krat"], "uitbetaling": ["bonnetje", "donatie"], "vrijToegankelijk": true, "gemeenteBeperking": null, "openingstijden": {"ma": "08:00–21:00", "di": "08:00–21:00", "wo": "08:00–21:00", "do": "08:00–21:00", "vr": "08:00–21:00", "za": "08:00–21:00", "zo": "09:00–20:00"}, "latitude": 53.0279413, "longitude": 5.6586462, "bronId": "257617"}}, {"type": "Feature", "geometry": {"type": "Point", "coordinates": [5.6255111, 53.0112528]}, "properties": {"type": "inleverpunt", "locatieNaam": "Poiesz", "straatNaam": "Dassenboarch", "straatNr": "51", "postcode": "8651 BW", "plaats": "IJlst", "merk": "StatiegeldNederland", "puntType": "automaat", "materialen": ["pet-groot", "pet-klein", "blik", "glas", "krat"], "uitbetaling": ["bonnetje", "donatie"], "vrijToegankelijk": true, "gemeenteBeperking": null, "openingstijden": {"ma": "08:00–20:00", "di": "08:00–20:00", "wo": "08:00–20:00", "do": "08:00–21:00", "vr": "08:00–21:00", "za": "08:00–20:00", "zo": "09:00–18:00"}, "latitude": 53.0112528, "longitude": 5.6255111, "bronId": "257622"}}, {"type": "Feature", "geometry": {"type": "Point", "coordinates": [5.4452948, 52.9775314]}, "properties": {"type": "inleverpunt", "locatieNaam": "Poiesz", "straatNaam": "Hearewei", "straatNr": "2", "postcode": "8711 GD", "plaats": "Workum", "merk": "StatiegeldNederland", "puntType": "automaat", "materialen": ["pet-groot", "pet-klein", "blik", "glas", "krat"], "uitbetaling": ["bonnetje", "donatie"], "vrijToegankelijk": true, "gemeenteBeperking": null, "openingstijden": {"ma": "08:00–21:00", "di": "08:00–21:00", "wo": "08:00–21:00", "do": "08:00–21:00", "vr": "08:00–21:00", "za": "08:00–21:00", "zo": "08:00–20:00"}, "latitude": 52.9775314, "longitude": 5.4452948, "bronId": "257641"}}, {"type": "Feature", "geometry": {"type": "Point", "coordinates": [5.4500398, 52.9154088]}, "properties": {"type": "inleverpunt", "locatieNaam": "Poiesz", "straatNaam": "Hoofdstraat", "straatNr": "6", "postcode": "8723 BH", "plaats": "Koudum", "merk": "StatiegeldNederland", "puntType": "automaat", "materialen": ["pet-groot", "pet-klein", "blik", "glas", "krat"], "uitbetaling": ["bonnetje", "donatie"], "vrijToegankelijk": true, "gemeenteBeperking": null, "openingstijden": {"ma": "08:00–21:00", "di": "08:00–21:00", "wo": "08:00–21:00", "do": "08:00–21:00", "vr": "08:00–21:00", "za": "08:00–20:00", "zo": "09:00–18:00"}, "latitude": 52.9154088, "longitude": 5.4500398, "bronId": "257645"}}, {"type": "Feature", "geometry": {"type": "Point", "coordinates": [5.6565644, 53.0415286]}, "properties": {"type": "inleverpunt", "locatieNaam": "Poiesz", "straatNaam": "Janco Douwamastraat", "straatNr": "29", "postcode": "8602 BK", "plaats": "Sneek", "merk": "StatiegeldNederland", "puntType": "automaat", "materialen": ["pet-groot", "pet-klein", "blik", "glas", "krat"], "uitbetaling": ["bonnetje", "donatie"], "vrijToegankelijk": true, "gemeenteBeperking": null, "openingstijden": {"ma": "08:00–21:00", "di": "08:00–21:00", "wo": "08:00–21:00", "do": "08:00–21:00", "vr": "08:00–21:00", "za": "08:00–21:00", "zo": "09:00–20:00"}, "latitude": 53.0415286, "longitude": 5.6565644, "bronId": "257653"}}, {"type": "Feature", "geometry": {"type": "Point", "coordinates": [5.663038, 53.0181771]}, "properties": {"type": "inleverpunt", "locatieNaam": "Poiesz", "straatNaam": "Keizersmantel", "straatNr": "437", "postcode": "8607 GJ", "plaats": "Sneek", "merk": "StatiegeldNederland", "puntType": "automaat", "materialen": ["pet-groot", "pet-klein", "blik", "glas", "krat"], "uitbetaling": ["bonnetje", "donatie"], "vrijToegankelijk": true, "gemeenteBeperking": null, "openingstijden": {"ma": "08:00–20:00", "di": "08:00–20:00", "wo": "08:00–20:00", "do": "08:00–21:00", "vr": "08:00–21:00", "za": "08:00–20:00", "zo": "09:00–20:00"}, "latitude": 53.0181771, "longitude": 5.663038, "bronId": "257658"}}, {"type": "Feature", "geometry": {"type": "Point", "coordinates": [5.6787109, 53.0589115]}, "properties": {"type": "inleverpunt", "locatieNaam": "Poiesz", "straatNaam": "Legedyk", "straatNr": "30", "postcode": "8629 RN", "plaats": "Scharnegoutum", "merk": "StatiegeldNederland", "puntType": "automaat", "materialen": ["pet-groot", "pet-klein", "blik", "glas", "krat"], "uitbetaling": ["bonnetje", "donatie"], "vrijToegankelijk": true, "gemeenteBeperking": null, "openingstijden": {"ma": "08:00–20:00", "di": "08:00–20:00", "wo": "08:00–20:00", "do": "08:00–21:00", "vr": "08:00–21:00", "za": "08:00–20:00", "zo": "09:00–18:00"}, "latitude": 53.0589115, "longitude": 5.6787109, "bronId": "257662"}}, {"type": "Feature", "geometry": {"type": "Point", "coordinates": [5.5194872, 53.0645704]}, "properties": {"type": "inleverpunt", "locatieNaam": "Poiesz", "straatNaam": "Peter Van Thaborplein", "straatNr": "4", "postcode": "8701 EW", "plaats": "Bolsward", "merk": "StatiegeldNederland", "puntType": "automaat", "materialen": ["pet-groot", "pet-klein", "blik", "glas", "krat"], "uitbetaling": ["bonnetje", "donatie"], "vrijToegankelijk": true, "gemeenteBeperking": null, "openingstijden": {"ma": "08:00–21:00", "di": "08:00–21:00", "wo": "08:00–21:00", "do": "08:00–21:00", "vr": "08:00–21:00", "za": "08:00–21:00", "zo": "09:00–20:00"}, "latitude": 53.0645704, "longitude": 5.5194872, "bronId": "257677"}}, {"type": "Feature", "geometry": {"type": "Point", "coordinates": [5.5316779, 53.0629564]}, "properties": {"type": "inleverpunt", "locatieNaam": "Sc Bolsward", "straatNaam": "Sportpark het Bolwerk Bolwerkplein", "straatNr": "2", "postcode": "8701 XE", "plaats": "Bolsward", "merk": "StatiegeldNederland", "puntType": "balie", "materialen": ["pet-groot", "pet-klein", "blik"], "uitbetaling": [], "vrijToegankelijk": false, "gemeenteBeperking": null, "openingstijden": {"ma": "08:00–00:00", "di": "08:00–00:00", "wo": "08:00–00:00", "do": "08:00–00:00", "vr": "08:00–00:00", "za": "08:00–00:00", "zo": "08:00–00:00"}, "latitude": 53.0629564, "longitude": 5.5316779, "bronId": "257960"}}, {"type": "Feature", "geometry": {"type": "Point", "coordinates": [5.667126, 53.039713]}, "properties": {"type": "inleverpunt", "locatieNaam": "Shell", "straatNaam": "Goeman Borgesiuslaan", "straatNr": "2", "postcode": "8603 BJ", "plaats": "Sneek", "merk": "StatiegeldNederland", "puntType": "balie", "materialen": ["pet-groot", "pet-klein", "blik"], "uitbetaling": [], "vrijToegankelijk": true, "gemeenteBeperking": null, "openingstijden": {"ma": "08:00–22:00", "di": "08:00–22:00", "wo": "08:00–22:00", "do": "08:00–22:00", "vr": "08:00–22:00", "za": "08:00–22:00", "zo": "09:00–22:00"}, "latitude": 53.039713, "longitude": 5.667126, "bronId": "258068"}}, {"type": "Feature", "geometry": {"type": "Point", "coordinates": [5.3839432, 53.0538221]}, "properties": {"type": "inleverpunt", "locatieNaam": "Spar", "straatNaam": "De Holle Poarte", "straatNr": "2", "postcode": "8754 HC", "plaats": "Makkum", "merk": "StatiegeldNederland", "puntType": "automaat", "materialen": ["pet-groot", "pet-klein", "blik", "glas", "krat"], "uitbetaling": ["bonnetje", "donatie"], "vrijToegankelijk": true, "gemeenteBeperking": null, "openingstijden": {"ma": "08:00–20:00", "di": "08:00–20:00", "wo": "08:00–20:00", "do": "08:00–20:00", "vr": "08:00–20:00", "za": "08:00–20:00", "zo": "08:00–20:00"}, "latitude": 53.0538221, "longitude": 5.3839432, "bronId": "258326"}}, {"type": "Feature", "geometry": {"type": "Point", "coordinates": [5.6283068, 52.9440932]}, "properties": {"type": "inleverpunt", "locatieNaam": "Spar", "straatNaam": "Op ‘e Romte", "straatNr": "15", "postcode": "8551 NX", "plaats": "Woudsend", "merk": "StatiegeldNederland", "puntType": "automaat", "materialen": ["pet-groot", "pet-klein", "blik", "glas", "krat"], "uitbetaling": ["bonnetje", "donatie"], "vrijToegankelijk": true, "gemeenteBeperking": null, "openingstijden": {"ma": "08:00–20:00", "di": "08:00–20:00", "wo": "08:00–20:00", "do": "08:00–20:00", "vr": "08:00–20:00", "za": "08:00–20:00", "zo": "08:00–18:00"}, "latitude": 52.9440932, "longitude": 5.6283068, "bronId": "258435"}}, {"type": "Feature", "geometry": {"type": "Point", "coordinates": [5.4017554, 52.9438327]}, "properties": {"type": "inleverpunt", "locatieNaam": "Spar", "straatNaam": "Tuinen", "straatNr": "31", "postcode": "8713 KM", "plaats": "Hindeloopen", "merk": "StatiegeldNederland", "puntType": "automaat", "materialen": ["pet-groot", "pet-klein", "blik", "glas", "krat"], "uitbetaling": ["bonnetje", "donatie"], "vrijToegankelijk": true, "gemeenteBeperking": null, "openingstijden": {"ma": "08:30–20:00", "di": "08:30–20:00", "wo": "08:30–20:00", "do": "08:30–20:00", "vr": "08:30–20:00", "za": "08:30–19:00", "zo": "09:00–18:00"}, "latitude": 52.9438327, "longitude": 5.4017554, "bronId": "258474"}}, {"type": "Feature", "geometry": {"type": "Point", "coordinates": [5.478211, 53.129101]}, "properties": {"type": "inleverpunt", "locatieNaam": "Spar", "straatNaam": "Van Camminghaweg", "straatNr": "22", "postcode": "8822 WD", "plaats": "Arum", "merk": "StatiegeldNederland", "puntType": "automaat", "materialen": ["pet-groot", "pet-klein", "blik", "glas"], "uitbetaling": ["bonnetje"], "vrijToegankelijk": true, "gemeenteBeperking": null, "openingstijden": {"ma": "07:30–20:00", "di": "07:30–20:00", "wo": "07:30–20:00", "do": "07:30–20:00", "vr": "07:30–20:00", "za": "07:30–18:00", "zo": "11:00–18:00"}, "latitude": 53.129101, "longitude": 5.478211, "bronId": "258477"}}, {"type": "Feature", "geometry": {"type": "Point", "coordinates": [5.6786656, 53.0222763]}, "properties": {"type": "inleverpunt", "locatieNaam": "Spar Express", "straatNaam": "LORENTZSTRAAT", "straatNr": "4", "postcode": "8606 JP", "plaats": "Sneek", "merk": "StatiegeldNederland", "puntType": "balie", "materialen": ["pet-groot", "pet-klein", "blik"], "uitbetaling": [], "vrijToegankelijk": true, "gemeenteBeperking": null, "openingstijden": {"ma": "06:00–22:00", "di": "06:00–22:00", "wo": "06:00–22:00", "do": "06:00–22:00", "vr": "06:00–22:00", "za": "07:00–22:00", "zo": "08:00–22:00"}, "latitude": 53.0222763, "longitude": 5.6786656, "bronId": "258550"}}, {"type": "Feature", "geometry": {"type": "Point", "coordinates": [5.4127723, 52.9677226]}, "properties": {"type": "inleverpunt", "locatieNaam": "Supermarkt Camping Workum", "straatNaam": "Suderséleane", "straatNr": "29a", "postcode": "8711 GX", "plaats": "Workum", "merk": "StatiegeldNederland", "puntType": "automaat", "materialen": ["pet-groot", "pet-klein", "blik"], "uitbetaling": ["bonnetje", "donatie"], "vrijToegankelijk": true, "gemeenteBeperking": null, "openingstijden": null, "latitude": 52.9677226, "longitude": 5.4127723, "bronId": "258759"}}, {"type": "Feature", "geometry": {"type": "Point", "coordinates": [5.5523472, 53.0518819]}, "properties": {"type": "inleverpunt", "locatieNaam": "Total Laerd", "straatNaam": "Rijksweg Zuidzijde A7", "straatNr": "", "postcode": "8701 QQ", "plaats": "Bolsward", "merk": "StatiegeldNederland", "puntType": "balie", "materialen": ["pet-groot", "pet-klein", "blik"], "uitbetaling": [], "vrijToegankelijk": true, "gemeenteBeperking": null, "openingstijden": {"ma": "06:00–21:00", "di": "06:00–21:00", "wo": "06:00–21:00", "do": "06:00–21:00", "vr": "06:00–21:00", "za": "07:00–21:00", "zo": "07:00–21:00"}, "latitude": 53.0518819, "longitude": 5.5523472, "bronId": "259016"}}, {"type": "Feature", "geometry": {"type": "Point", "coordinates": [5.4662947, 52.9029698]}, "properties": {"type": "inleverpunt", "locatieNaam": "Vakantiepark de Kuilart", "straatNaam": "De Kuilart", "straatNr": "1", "postcode": "8723 CG", "plaats": "Koudum", "merk": "StatiegeldNederland", "puntType": "automaat", "materialen": ["pet-groot", "pet-klein", "blik"], "uitbetaling": ["retourpinnen"], "vrijToegankelijk": true, "gemeenteBeperking": null, "openingstijden": {"ma": "09:00–19:00", "di": "09:00–19:00", "wo": "09:00–19:00", "do": "09:00–19:00", "vr": "09:00–21:00", "za": "09:00–20:00", "zo": "09:00–19:00"}, "latitude": 52.9029698, "longitude": 5.4662947, "bronId": "259151"}}, {"type": "Feature", "geometry": {"type": "Point", "coordinates": [5.6444527, 53.0375665]}, "properties": {"type": "inleverpunt", "locatieNaam": "Vending@Working", "straatNaam": "Harste", "straatNr": "4-6", "postcode": "8602 JX", "plaats": "Sneek", "merk": "StatiegeldNederland", "puntType": "automaat", "materialen": ["pet-groot", "pet-klein", "blik"], "uitbetaling": ["bonnetje", "donatie", "tikkie"], "vrijToegankelijk": true, "gemeenteBeperking": null, "openingstijden": null, "latitude": 53.0375665, "longitude": 5.6444527, "bronId": "259188"}}, {"type": "Feature", "geometry": {"type": "Point", "coordinates": [5.5299727, 53.069858]}, "properties": {"type": "inleverpunt", "locatieNaam": "ViaTim", "straatNaam": "De Pleatsen", "straatNr": "6", "postcode": "8701 ZD", "plaats": "Bolsward", "merk": "StatiegeldNederland", "puntType": "balie", "materialen": ["pet-groot", "pet-klein", "blik"], "uitbetaling": ["tikkie"], "vrijToegankelijk": true, "gemeenteBeperking": null, "openingstijden": {"ma": "16:00–21:00", "di": "16:00–21:00", "wo": "16:00–21:00", "do": "16:00–21:00", "vr": "16:00–21:00", "za": "Gesloten", "zo": "Gesloten"}, "latitude": 53.069858, "longitude": 5.5299727, "bronId": "259259"}}, {"type": "Feature", "geometry": {"type": "Point", "coordinates": [5.6153126, 53.0961228]}, "properties": {"type": "inleverpunt", "locatieNaam": "ViaTim", "straatNaam": "De Singel", "straatNr": "6", "postcode": "8734 HR", "plaats": "Easterein", "merk": "StatiegeldNederland", "puntType": "balie", "materialen": ["pet-groot", "pet-klein", "blik"], "uitbetaling": ["tikkie"], "vrijToegankelijk": true, "gemeenteBeperking": null, "openingstijden": null, "latitude": 53.0961228, "longitude": 5.6153126, "bronId": "259261"}}, {"type": "Feature", "geometry": {"type": "Point", "coordinates": [5.6444959, 53.0222397]}, "properties": {"type": "inleverpunt", "locatieNaam": "ViaTim", "straatNaam": "Monnikmolen", "straatNr": "7", "postcode": "8608 XX", "plaats": "Sneek", "merk": "StatiegeldNederland", "puntType": "balie", "materialen": ["pet-groot", "pet-klein", "blik"], "uitbetaling": ["tikkie"], "vrijToegankelijk": true, "gemeenteBeperking": null, "openingstijden": {"ma": "16:00–20:00", "di": "16:00–20:00", "wo": "16:00–20:00", "do": "16:00–20:00", "vr": "16:00–20:00", "za": "Gesloten", "zo": "Gesloten"}, "latitude": 53.0222397, "longitude": 5.6444959, "bronId": "259415"}}, {"type": "Feature", "geometry": {"type": "Point", "coordinates": [5.4105645, 53.0161984]}, "properties": {"type": "inleverpunt", "locatieNaam": "ViaTim", "straatNaam": "Sielânsreed", "straatNr": "15", "postcode": "8757 JZ", "plaats": "Gaast", "merk": "StatiegeldNederland", "puntType": "balie", "materialen": ["pet-groot", "pet-klein", "blik"], "uitbetaling": ["tikkie"], "vrijToegankelijk": true, "gemeenteBeperking": null, "openingstijden": {"ma": "16:00–21:00", "di": "16:00–21:00", "wo": "16:00–21:00", "do": "16:00–21:00", "vr": "16:00–21:00", "za": "Gesloten", "zo": "Gesloten"}, "latitude": 53.0161984, "longitude": 5.4105645, "bronId": "259479"}}, {"type": "Feature", "geometry": {"type": "Point", "coordinates": [5.3615853, 52.8799302]}, "properties": {"type": "inleverpunt", "locatieNaam": "ViaTim", "straatNaam": "Sint Odulphusstraat", "straatNr": "6", "postcode": "8715 JJ", "plaats": "Stavoren", "merk": "StatiegeldNederland", "puntType": "balie", "materialen": ["pet-groot", "pet-klein", "blik"], "uitbetaling": ["tikkie"], "vrijToegankelijk": true, "gemeenteBeperking": null, "openingstijden": null, "latitude": 52.8799302, "longitude": 5.3615853, "bronId": "259481"}}, {"type": "Feature", "geometry": {"type": "Point", "coordinates": [5.6908643, 53.0129501]}, "properties": {"type": "inleverpunt", "locatieNaam": "Voetbalvereniging Top63", "straatNaam": "Merkelstrjitte", "straatNr": "31", "postcode": "8625 HX", "plaats": "Oppenhuizen", "merk": "StatiegeldNederland", "puntType": "balie", "materialen": ["pet-groot", "pet-klein", "blik"], "uitbetaling": [], "vrijToegankelijk": false, "gemeenteBeperking": null, "openingstijden": null, "latitude": 53.0129501, "longitude": 5.6908643, "bronId": "259610"}}, {"type": "Feature", "geometry": {"type": "Point", "coordinates": [5.5302968, 53.0208473]}, "properties": {"type": "inleverpunt", "locatieNaam": "Vv Blauwhuis", "straatNaam": "Gerben Rijpmastrjitte", "straatNr": "6", "postcode": "8615 LJ", "plaats": "Blauwhuis", "merk": "StatiegeldNederland", "puntType": "balie", "materialen": ["pet-groot", "pet-klein", "blik"], "uitbetaling": [], "vrijToegankelijk": false, "gemeenteBeperking": null, "openingstijden": null, "latitude": 53.0208473, "longitude": 5.5302968, "bronId": "259757"}}, {"type": "Feature", "geometry": {"type": "Point", "coordinates": [5.450121, 52.915159]}, "properties": {"type": "inleverpunt", "locatieNaam": "Poiesz Koudum", "straatNaam": "Hoofdstraat", "straatNr": "6", "postcode": "8723 BH", "plaats": "Koudum", "merk": "StichtingOPEN", "puntType": "balie", "materialen": ["batterijen", "lampen"], "uitbetaling": [], "vrijToegankelijk": false, "gemeenteBeperking": null, "openingstijden": null, "latitude": 52.915159, "longitude": 5.450121, "bronId": "SP00023770"}}, {"type": "Feature", "geometry": {"type": "Point", "coordinates": [5.445602, 52.915557]}, "properties": {"type": "inleverpunt", "locatieNaam": "Stichting Kringloopwinkel Openij", "straatNaam": "Onderweg", "straatNr": "6", "postcode": "8723 AX", "plaats": "Koudum", "merk": "StichtingOPEN", "puntType": "balie", "materialen": ["elektro-middel", "lampen", "tl-buizen"], "uitbetaling": [], "vrijToegankelijk": false, "gemeenteBeperking": null, "openingstijden": null, "latitude": 52.915557, "longitude": 5.445602, "bronId": "SP00025939"}}, {"type": "Feature", "geometry": {"type": "Point", "coordinates": [5.401755, 52.943832]}, "properties": {"type": "inleverpunt", "locatieNaam": "Spar Hindeloopen", "straatNaam": "Tuinen", "straatNr": "31", "postcode": "8713 KM", "plaats": "Hindeloopen", "merk": "StichtingOPEN", "puntType": "balie", "materialen": ["batterijen", "lampen"], "uitbetaling": [], "vrijToegankelijk": false, "gemeenteBeperking": null, "openingstijden": null, "latitude": 52.943832, "longitude": 5.401755, "bronId": "SP00025885"}}, {"type": "Feature", "geometry": {"type": "Point", "coordinates": [5.633328, 52.94287]}, "properties": {"type": "inleverpunt", "locatieNaam": "Reekers", "straatNaam": "Vosselaan", "straatNr": "16-a", "postcode": "8551 RA", "plaats": "Woudsend", "merk": "StichtingOPEN", "puntType": "balie", "materialen": ["elektro-klein", "elektro-middel"], "uitbetaling": [], "vrijToegankelijk": false, "gemeenteBeperking": null, "openingstijden": null, "latitude": 52.94287, "longitude": 5.633328, "bronId": "SP00002651"}}, {"type": "Feature", "geometry": {"type": "Point", "coordinates": [5.628306, 52.944093]}, "properties": {"type": "inleverpunt", "locatieNaam": "Spar Woudsend", "straatNaam": "Op \"e Romte", "straatNr": "15", "postcode": "8551 NX", "plaats": "Woudsend", "merk": "StichtingOPEN", "puntType": "balie", "materialen": ["batterijen", "lampen"], "uitbetaling": [], "vrijToegankelijk": false, "gemeenteBeperking": null, "openingstijden": null, "latitude": 52.944093, "longitude": 5.628306, "bronId": "SP00022474"}}, {"type": "Feature", "geometry": {"type": "Point", "coordinates": [5.44593, 52.977012]}, "properties": {"type": "inleverpunt", "locatieNaam": "Poiesz Workum", "straatNaam": "Hearewei", "straatNr": "2", "postcode": "8711 GD", "plaats": "Workum", "merk": "StichtingOPEN", "puntType": "balie", "materialen": ["batterijen", "lampen"], "uitbetaling": [], "vrijToegankelijk": false, "gemeenteBeperking": null, "openingstijden": null, "latitude": 52.977012, "longitude": 5.44593, "bronId": "SP00023776"}}, {"type": "Feature", "geometry": {"type": "Point", "coordinates": [5.444937, 52.977135]}, "properties": {"type": "inleverpunt", "locatieNaam": "Aldi Workum", "straatNaam": "Hearewei", "straatNr": "6", "postcode": "8711 GD", "plaats": "Workum", "merk": "StichtingOPEN", "puntType": "balie", "materialen": ["batterijen", "elektro-klein", "lampen"], "uitbetaling": [], "vrijToegankelijk": false, "gemeenteBeperking": null, "openingstijden": null, "latitude": 52.977135, "longitude": 5.444937, "bronId": "SP00026931"}}, {"type": "Feature", "geometry": {"type": "Point", "coordinates": [5.441574, 52.978109]}, "properties": {"type": "inleverpunt", "locatieNaam": "Action Workum 1241", "straatNaam": "Sud", "straatNr": "25", "postcode": "8711 CR", "plaats": "Workum", "merk": "StichtingOPEN", "puntType": "balie", "materialen": ["batterijen", "lampen"], "uitbetaling": [], "vrijToegankelijk": false, "gemeenteBeperking": null, "openingstijden": null, "latitude": 52.978109, "longitude": 5.441574, "bronId": "SP00007817"}}, {"type": "Feature", "geometry": {"type": "Point", "coordinates": [5.441414, 52.978501]}, "properties": {"type": "inleverpunt", "locatieNaam": "Kruidvat Workum", "straatNaam": "Súd", "straatNr": "18", "postcode": "8711 CV", "plaats": "Workum", "merk": "StichtingOPEN", "puntType": "balie", "materialen": ["batterijen", "lampen"], "uitbetaling": [], "vrijToegankelijk": false, "gemeenteBeperking": null, "openingstijden": null, "latitude": 52.978501, "longitude": 5.441414, "bronId": "SP00024815"}}, {"type": "Feature", "geometry": {"type": "Point", "coordinates": [5.604578, 52.967889]}, "properties": {"type": "inleverpunt", "locatieNaam": "Techn. installatiebedrijf Fa. Piso & Zn.", "straatNaam": "Harinxmastrjitte", "straatNr": "22", "postcode": "8621 BL", "plaats": "Heeg", "merk": "StichtingOPEN", "puntType": "balie", "materialen": ["elektro-klein", "elektro-middel"], "uitbetaling": [], "vrijToegankelijk": false, "gemeenteBeperking": null, "openingstijden": null, "latitude": 52.967889, "longitude": 5.604578, "bronId": "SP00005318"}}, {"type": "Feature", "geometry": {"type": "Point", "coordinates": [5.607264, 52.969161]}, "properties": {"type": "inleverpunt", "locatieNaam": "Coop Heeg", "straatNaam": "Koaldyk", "straatNr": "11", "postcode": "8621 CN", "plaats": "Heeg", "merk": "StichtingOPEN", "puntType": "balie", "materialen": ["batterijen", "lampen"], "uitbetaling": [], "vrijToegankelijk": false, "gemeenteBeperking": null, "openingstijden": null, "latitude": 52.969161, "longitude": 5.607264, "bronId": "SP00024399"}}, {"type": "Feature", "geometry": {"type": "Point", "coordinates": [5.648112, 52.977536]}, "properties": {"type": "inleverpunt", "locatieNaam": "Groengoed Menken", "straatNaam": "Hettingawei", "straatNr": "40", "postcode": "8622 XX", "plaats": "Hommerts", "merk": "StichtingOPEN", "puntType": "balie", "materialen": ["elektro-middel", "lampen"], "uitbetaling": [], "vrijToegankelijk": false, "gemeenteBeperking": null, "openingstijden": null, "latitude": 52.977536, "longitude": 5.648112, "bronId": "SP00006064"}}, {"type": "Feature", "geometry": {"type": "Point", "coordinates": [5.52134, 53.019529]}, "properties": {"type": "inleverpunt", "locatieNaam": "Jelle's Keukejnhbedriuw", "straatNaam": "Snakkepôle", "straatNr": "8", "postcode": "8658 LM", "plaats": "Greonterp", "merk": "StichtingOPEN", "puntType": "balie", "materialen": ["elektro-middel"], "uitbetaling": [], "vrijToegankelijk": false, "gemeenteBeperking": null, "openingstijden": null, "latitude": 53.019529, "longitude": 5.52134, "bronId": "SP00022214"}}, {"type": "Feature", "geometry": {"type": "Point", "coordinates": [5.625311, 53.011244]}, "properties": {"type": "inleverpunt", "locatieNaam": "Poiesz IJlst", "straatNaam": "De Dassenboarch", "straatNr": "32", "postcode": "8651 BW", "plaats": "IJlst", "merk": "StichtingOPEN", "puntType": "balie", "materialen": ["batterijen", "lampen"], "uitbetaling": [], "vrijToegankelijk": false, "gemeenteBeperking": null, "openingstijden": null, "latitude": 53.011244, "longitude": 5.625311, "bronId": "SP00023784"}}, {"type": "Feature", "geometry": {"type": "Point", "coordinates": [5.532214, 53.022536]}, "properties": {"type": "inleverpunt", "locatieNaam": "Service Partner Brouwer Elektro", "straatNaam": "Dykslan", "straatNr": "4", "postcode": "8615 LR", "plaats": "Blauwhuis", "merk": "StichtingOPEN", "puntType": "balie", "materialen": ["elektro-middel", "lampen"], "uitbetaling": [], "vrijToegankelijk": false, "gemeenteBeperking": null, "openingstijden": null, "latitude": 53.022536, "longitude": 5.532214, "bronId": "SP00000684"}}, {"type": "Feature", "geometry": {"type": "Point", "coordinates": [5.66332, 53.018351]}, "properties": {"type": "inleverpunt", "locatieNaam": "Poiesz Sneek", "straatNaam": "Keizersmantel", "straatNr": "437", "postcode": "8607 GJ", "plaats": "Sneek", "merk": "StichtingOPEN", "puntType": "balie", "materialen": ["batterijen", "lampen"], "uitbetaling": [], "vrijToegankelijk": false, "gemeenteBeperking": null, "openingstijden": null, "latitude": 53.018351, "longitude": 5.66332, "bronId": "SP00023785"}}, {"type": "Feature", "geometry": {"type": "Point", "coordinates": [5.647419, 53.02122]}, "properties": {"type": "inleverpunt", "locatieNaam": "Jumbo Sneek", "straatNaam": "Molenkrite", "straatNr": "171", "postcode": "8608 WD", "plaats": "Sneek", "merk": "StichtingOPEN", "puntType": "balie", "materialen": ["batterijen", "lampen"], "uitbetaling": [], "vrijToegankelijk": false, "gemeenteBeperking": null, "openingstijden": null, "latitude": 53.02122, "longitude": 5.647419, "bronId": "SP00025376"}}, {"type": "Feature", "geometry": {"type": "Point", "coordinates": [5.665314, 53.021075]}, "properties": {"type": "inleverpunt", "locatieNaam": "Ranzijn Sneek", "straatNaam": "Zonnedauw", "straatNr": "1", "postcode": "8607 DX", "plaats": "Sneek", "merk": "StichtingOPEN", "puntType": "balie", "materialen": ["elektro-middel", "lampen"], "uitbetaling": [], "vrijToegankelijk": false, "gemeenteBeperking": null, "openingstijden": null, "latitude": 53.021075, "longitude": 5.665314, "bronId": "SP00005512"}}, {"type": "Feature", "geometry": {"type": "Point", "coordinates": [5.675087, 53.022886]}, "properties": {"type": "inleverpunt", "locatieNaam": "Welkoop Sneek", "straatNaam": "Alexanderstraat", "straatNr": "10", "postcode": "8606 VP", "plaats": "Sneek", "merk": "StichtingOPEN", "puntType": "balie", "materialen": ["lampen"], "uitbetaling": [], "vrijToegankelijk": false, "gemeenteBeperking": null, "openingstijden": null, "latitude": 53.022886, "longitude": 5.675087, "bronId": "SP00020361"}}, {"type": "Feature", "geometry": {"type": "Point", "coordinates": [5.682405, 53.021863]}, "properties": {"type": "inleverpunt", "locatieNaam": "GAMMA Sneek", "straatNaam": "Einsteinstraat", "straatNr": "6", "postcode": "8606 JE", "plaats": "Sneek", "merk": "StichtingOPEN", "puntType": "balie", "materialen": ["batterijen", "elektro-middel", "lampen", "tl-buizen"], "uitbetaling": [], "vrijToegankelijk": false, "gemeenteBeperking": null, "openingstijden": null, "latitude": 53.021863, "longitude": 5.682405, "bronId": "SP00000717"}}, {"type": "Feature", "geometry": {"type": "Point", "coordinates": [5.658066, 53.028026]}, "properties": {"type": "inleverpunt", "locatieNaam": "Poiesz Sneek", "straatNaam": "Boschplein", "straatNr": "7", "postcode": "8607 CD", "plaats": "Sneek", "merk": "StichtingOPEN", "puntType": "balie", "materialen": ["batterijen", "lampen"], "uitbetaling": [], "vrijToegankelijk": false, "gemeenteBeperking": null, "openingstijden": null, "latitude": 53.028026, "longitude": 5.658066, "bronId": "SP00023786"}}, {"type": "Feature", "geometry": {"type": "Point", "coordinates": [5.658507, 53.0281]}, "properties": {"type": "inleverpunt", "locatieNaam": "Aldi Sneek", "straatNaam": "Boschplein", "straatNr": "3", "postcode": "8607 CD", "plaats": "Sneek", "merk": "StichtingOPEN", "puntType": "balie", "materialen": ["batterijen", "elektro-klein", "lampen"], "uitbetaling": [], "vrijToegankelijk": false, "gemeenteBeperking": null, "openingstijden": null, "latitude": 53.0281, "longitude": 5.658507, "bronId": "SP00026917"}}, {"type": "Feature", "geometry": {"type": "Point", "coordinates": [5.624902, 53.03504]}, "properties": {"type": "inleverpunt", "locatieNaam": "KARWEI Sneek", "straatNaam": "Wolkammersstraat", "straatNr": "1", "postcode": "8601 VB", "plaats": "Sneek", "merk": "StichtingOPEN", "puntType": "balie", "materialen": ["elektro-middel", "lampen", "tl-buizen"], "uitbetaling": [], "vrijToegankelijk": false, "gemeenteBeperking": null, "openingstijden": null, "latitude": 53.03504, "longitude": 5.624902, "bronId": "SP00000733"}}, {"type": "Feature", "geometry": {"type": "Point", "coordinates": [5.626274, 53.035676]}, "properties": {"type": "inleverpunt", "locatieNaam": "Praxis Sneek - 2250", "straatNaam": "Kolenbranderstraat", "straatNr": "1", "postcode": "8601 VC", "plaats": "Sneek", "merk": "StichtingOPEN", "puntType": "balie", "materialen": ["elektro-middel", "lampen", "tl-buizen"], "uitbetaling": [], "vrijToegankelijk": false, "gemeenteBeperking": null, "openingstijden": null, "latitude": 53.035676, "longitude": 5.626274, "bronId": "SP00005370"}}, {"type": "Feature", "geometry": {"type": "Point", "coordinates": [5.661253, 53.031019]}, "properties": {"type": "inleverpunt", "locatieNaam": "Expert Silvius - magazijn", "straatNaam": "Grootzand 34", "straatNr": "34", "postcode": "8601 AX", "plaats": "Sneek", "merk": "StichtingOPEN", "puntType": "balie", "materialen": ["elektro-groot", "elektro-middel", "lampen", "tl-buizen"], "uitbetaling": [], "vrijToegankelijk": false, "gemeenteBeperking": null, "openingstijden": null, "latitude": 53.031019, "longitude": 5.661253, "bronId": "SP00020997"}}, {"type": "Feature", "geometry": {"type": "Point", "coordinates": [5.622326, 53.037498]}, "properties": {"type": "inleverpunt", "locatieNaam": "Installatiebalie - Sneek", "straatNaam": "Wagenmakersstraat", "straatNr": "10", "postcode": "8601 VA", "plaats": "Sneek", "merk": "StichtingOPEN", "puntType": "balie", "materialen": ["batterijen", "elektro-klein", "lampen", "tl-buizen"], "uitbetaling": [], "vrijToegankelijk": false, "gemeenteBeperking": null, "openingstijden": null, "latitude": 53.037498, "longitude": 5.622326, "bronId": "SP00040152"}}, {"type": "Feature", "geometry": {"type": "Point", "coordinates": [5.623339, 53.037495]}, "properties": {"type": "inleverpunt", "locatieNaam": "Wildkamp", "straatNaam": "Leidekkersstraat", "straatNr": "1", "postcode": "8601 VE", "plaats": "Sneek", "merk": "StichtingOPEN", "puntType": "balie", "materialen": ["lampen", "tl-buizen"], "uitbetaling": [], "vrijToegankelijk": false, "gemeenteBeperking": null, "openingstijden": null, "latitude": 53.037495, "longitude": 5.623339, "bronId": "SP00007966"}}, {"type": "Feature", "geometry": {"type": "Point", "coordinates": [5.66112, 53.03285]}, "properties": {"type": "inleverpunt", "locatieNaam": "Kruidvat Sneek", "straatNaam": "Nauwe Burgstraat", "straatNr": "13", "postcode": "8601 CD", "plaats": "Sneek", "merk": "StichtingOPEN", "puntType": "balie", "materialen": ["batterijen", "lampen"], "uitbetaling": [], "vrijToegankelijk": false, "gemeenteBeperking": null, "openingstijden": null, "latitude": 53.03285, "longitude": 5.66112, "bronId": "SP00029502"}}, {"type": "Feature", "geometry": {"type": "Point", "coordinates": [5.655562, 53.033789]}, "properties": {"type": "inleverpunt", "locatieNaam": "1259 Albert Heijn Sneek", "straatNaam": "Sint Antoniusplein", "straatNr": "35", "postcode": "8601 HK", "plaats": "Sneek", "merk": "StichtingOPEN", "puntType": "balie", "materialen": ["batterijen", "elektro-klein", "lampen"], "uitbetaling": [], "vrijToegankelijk": false, "gemeenteBeperking": null, "openingstijden": null, "latitude": 53.033789, "longitude": 5.655562, "bronId": "SP00023174"}}, {"type": "Feature", "geometry": {"type": "Point", "coordinates": [5.405083, 53.058282]}, "properties": {"type": "inleverpunt", "locatieNaam": "Jumbo Makkum", "straatNaam": "Lieuwkemastraat", "straatNr": "9", "postcode": "8754 BL", "plaats": "Makkum", "merk": "StichtingOPEN", "puntType": "balie", "materialen": ["batterijen", "lampen"], "uitbetaling": [], "vrijToegankelijk": false, "gemeenteBeperking": null, "openingstijden": null, "latitude": 53.058282, "longitude": 5.405083, "bronId": "SP00025380"}}, {"type": "Feature", "geometry": {"type": "Point", "coordinates": [5.642109, 53.037638]}, "properties": {"type": "inleverpunt", "locatieNaam": "Nordwincollege", "straatNaam": "Harste", "straatNr": "2", "postcode": "8602 JX", "plaats": "Sneek", "merk": "StichtingOPEN", "puntType": "balie", "materialen": ["elektro-middel", "lampen", "tl-buizen"], "uitbetaling": [], "vrijToegankelijk": false, "gemeenteBeperking": null, "openingstijden": null, "latitude": 53.037638, "longitude": 5.642109, "bronId": "SP00005146"}}, {"type": "Feature", "geometry": {"type": "Point", "coordinates": [5.665768, 53.034807]}, "properties": {"type": "inleverpunt", "locatieNaam": "Action Sneek 1011", "straatNaam": "Normandiaplein", "straatNr": "7", "postcode": "8603 CS", "plaats": "Sneek", "merk": "StichtingOPEN", "puntType": "balie", "materialen": ["batterijen", "lampen"], "uitbetaling": [], "vrijToegankelijk": false, "gemeenteBeperking": null, "openingstijden": null, "latitude": 53.034807, "longitude": 5.665768, "bronId": "SP00007615"}}, {"type": "Feature", "geometry": {"type": "Point", "coordinates": [5.665367, 53.034929]}, "properties": {"type": "inleverpunt", "locatieNaam": "Aldi Sneek", "straatNaam": "Normandiaplein", "straatNr": "6", "postcode": "8603 CS", "plaats": "Sneek", "merk": "StichtingOPEN", "puntType": "balie", "materialen": ["batterijen", "elektro-klein", "lampen"], "uitbetaling": [], "vrijToegankelijk": false, "gemeenteBeperking": null, "openingstijden": null, "latitude": 53.034929, "longitude": 5.665367, "bronId": "SP00026916"}}, {"type": "Feature", "geometry": {"type": "Point", "coordinates": [5.667113, 53.035521]}, "properties": {"type": "inleverpunt", "locatieNaam": "Jumbo Sneek", "straatNaam": "Normandiaplein", "straatNr": "4", "postcode": "8603 CS", "plaats": "Sneek", "merk": "StichtingOPEN", "puntType": "balie", "materialen": ["batterijen", "lampen"], "uitbetaling": [], "vrijToegankelijk": false, "gemeenteBeperking": null, "openingstijden": null, "latitude": 53.035521, "longitude": 5.667113, "bronId": "SP00025378"}}, {"type": "Feature", "geometry": {"type": "Point", "coordinates": [5.657504, 53.041621]}, "properties": {"type": "inleverpunt", "locatieNaam": "Poiesz Sneek", "straatNaam": "Jancko Douwamastraat", "straatNr": "29", "postcode": "8602 BK", "plaats": "Sneek", "merk": "StichtingOPEN", "puntType": "balie", "materialen": ["batterijen", "lampen"], "uitbetaling": [], "vrijToegankelijk": false, "gemeenteBeperking": null, "openingstijden": null, "latitude": 53.041621, "longitude": 5.657504, "bronId": "SP00023787"}}, {"type": "Feature", "geometry": {"type": "Point", "coordinates": [5.678008, 53.039084]}, "properties": {"type": "inleverpunt", "locatieNaam": "8776 Albert Heijn Sneek", "straatNaam": "Middelzeelaan", "straatNr": "4", "postcode": "8604 BH", "plaats": "Sneek", "merk": "StichtingOPEN", "puntType": "balie", "materialen": ["batterijen", "elektro-klein", "lampen"], "uitbetaling": [], "vrijToegankelijk": false, "gemeenteBeperking": null, "openingstijden": null, "latitude": 53.039084, "longitude": 5.678008, "bronId": "SP00023356"}}, {"type": "Feature", "geometry": {"type": "Point", "coordinates": [5.667188, 53.041664]}, "properties": {"type": "inleverpunt", "locatieNaam": "Aldi Sneek", "straatNaam": "Hugo de Grootstraat", "straatNr": "19", "postcode": "8603 BP", "plaats": "Sneek", "merk": "StichtingOPEN", "puntType": "balie", "materialen": ["batterijen", "elektro-klein", "lampen"], "uitbetaling": [], "vrijToegankelijk": false, "gemeenteBeperking": null, "openingstijden": null, "latitude": 53.041664, "longitude": 5.667188, "bronId": "SP00026918"}}, {"type": "Feature", "geometry": {"type": "Point", "coordinates": [5.518813, 53.061081]}, "properties": {"type": "inleverpunt", "locatieNaam": "Electroworld van der Weerd", "straatNaam": "Stoombootkade", "straatNr": "23", "postcode": "8701 KA", "plaats": "Bolsward", "merk": "StichtingOPEN", "puntType": "balie", "materialen": ["lampen"], "uitbetaling": [], "vrijToegankelijk": false, "gemeenteBeperking": null, "openingstijden": null, "latitude": 53.061081, "longitude": 5.518813, "bronId": "SP00000274"}}, {"type": "Feature", "geometry": {"type": "Point", "coordinates": [5.519334, 53.061612]}, "properties": {"type": "inleverpunt", "locatieNaam": "Ep Menodis Bolsward", "straatNaam": "Dijkstraat", "straatNr": "19", "postcode": "8701 KB", "plaats": "Bolsward", "merk": "StichtingOPEN", "puntType": "balie", "materialen": ["elektro-klein", "elektro-middel"], "uitbetaling": [], "vrijToegankelijk": false, "gemeenteBeperking": null, "openingstijden": null, "latitude": 53.061612, "longitude": 5.519334, "bronId": "SP00026156"}}, {"type": "Feature", "geometry": {"type": "Point", "coordinates": [5.528046, 53.061244]}, "properties": {"type": "inleverpunt", "locatieNaam": "Jumbo Bolsward", "straatNaam": "Snekerstraat", "straatNr": "14", "postcode": "8701 XD", "plaats": "Bolsward", "merk": "StichtingOPEN", "puntType": "balie", "materialen": ["batterijen", "lampen"], "uitbetaling": [], "vrijToegankelijk": false, "gemeenteBeperking": null, "openingstijden": null, "latitude": 53.061244, "longitude": 5.528046, "bronId": "SP00025381"}}, {"type": "Feature", "geometry": {"type": "Point", "coordinates": [5.520624, 53.061889]}, "properties": {"type": "inleverpunt", "locatieNaam": "Expert Meijer Bolsward", "straatNaam": "Marktplein", "straatNr": "9", "postcode": "8701 KG", "plaats": "Bolsward", "merk": "StichtingOPEN", "puntType": "balie", "materialen": ["elektro-middel", "lampen"], "uitbetaling": [], "vrijToegankelijk": false, "gemeenteBeperking": null, "openingstijden": null, "latitude": 53.061889, "longitude": 5.520624, "bronId": "SP00003508"}}, {"type": "Feature", "geometry": {"type": "Point", "coordinates": [5.503923, 53.063611]}, "properties": {"type": "inleverpunt", "locatieNaam": "KARWEI Bolsward", "straatNaam": "De Marne", "straatNr": "102", "postcode": "8701 MC", "plaats": "Bolsward", "merk": "StichtingOPEN", "puntType": "balie", "materialen": ["batterijen", "elektro-klein", "elektro-middel", "lampen", "tl-buizen"], "uitbetaling": [], "vrijToegankelijk": false, "gemeenteBeperking": null, "openingstijden": null, "latitude": 53.063611, "longitude": 5.503923, "bronId": "SP00003654"}}, {"type": "Feature", "geometry": {"type": "Point", "coordinates": [5.52863, 53.061922]}, "properties": {"type": "inleverpunt", "locatieNaam": "Aldi Bolsward", "straatNaam": "Snekerstraat", "straatNr": "7", "postcode": "8701 XA", "plaats": "Bolsward", "merk": "StichtingOPEN", "puntType": "balie", "materialen": ["batterijen", "elektro-klein", "lampen"], "uitbetaling": [], "vrijToegankelijk": false, "gemeenteBeperking": null, "openingstijden": null, "latitude": 53.061922, "longitude": 5.52863, "bronId": "SP00026878"}}, {"type": "Feature", "geometry": {"type": "Point", "coordinates": [5.519466, 53.064796]}, "properties": {"type": "inleverpunt", "locatieNaam": "Poiesz Bolsward", "straatNaam": "Peter van Thaborplein", "straatNr": "4", "postcode": "8701 EW", "plaats": "Bolsward", "merk": "StichtingOPEN", "puntType": "balie", "materialen": ["batterijen", "lampen"], "uitbetaling": [], "vrijToegankelijk": false, "gemeenteBeperking": null, "openingstijden": null, "latitude": 53.064796, "longitude": 5.519466, "bronId": "SP00023790"}}, {"type": "Feature", "geometry": {"type": "Point", "coordinates": [5.67876, 53.058671]}, "properties": {"type": "inleverpunt", "locatieNaam": "Poiesz Scharnegoutum", "straatNaam": "Legedyk", "straatNr": "30", "postcode": "8629 RN", "plaats": "Scharnegoutum", "merk": "StichtingOPEN", "puntType": "balie", "materialen": ["batterijen", "lampen"], "uitbetaling": [], "vrijToegankelijk": false, "gemeenteBeperking": null, "openingstijden": null, "latitude": 53.058671, "longitude": 5.67876, "bronId": "SP00023789"}}, {"type": "Feature", "geometry": {"type": "Point", "coordinates": [5.470703, 53.104808]}, "properties": {"type": "inleverpunt", "locatieNaam": "Poiesz Witmarsum", "straatNaam": "Arumerweg", "straatNr": "72", "postcode": "8748 AE", "plaats": "Witmarsum", "merk": "StichtingOPEN", "puntType": "balie", "materialen": ["batterijen", "lampen"], "uitbetaling": [], "vrijToegankelijk": false, "gemeenteBeperking": null, "openingstijden": null, "latitude": 53.104808, "longitude": 5.470703, "bronId": "SP00023795"}}, {"type": "Feature", "geometry": {"type": "Point", "coordinates": [5.588536, 53.108584]}, "properties": {"type": "inleverpunt", "locatieNaam": "Jumbo Wommels", "straatNaam": "Terp", "straatNr": "11", "postcode": "8731 AX", "plaats": "Wommels", "merk": "StichtingOPEN", "puntType": "balie", "materialen": ["batterijen", "lampen"], "uitbetaling": [], "vrijToegankelijk": false, "gemeenteBeperking": null, "openingstijden": null, "latitude": 53.108584, "longitude": 5.588536, "bronId": "SP00025388"}}, {"type": "Feature", "geometry": {"type": "Point", "coordinates": [5.478205, 53.129082]}, "properties": {"type": "inleverpunt", "locatieNaam": "Spar Arum", "straatNaam": "van Camminghaweg", "straatNr": "22", "postcode": "8822 WD", "plaats": "Arum", "merk": "StichtingOPEN", "puntType": "balie", "materialen": ["batterijen", "lampen"], "uitbetaling": [], "vrijToegankelijk": false, "gemeenteBeperking": null, "openingstijden": null, "latitude": 53.129082, "longitude": 5.478205, "bronId": "SP00022479"}}, {"type": "Feature", "geometry": {"type": "Point", "coordinates": [5.506117, 53.061299]}, "properties": {"type": "inleverpunt", "locatieNaam": "Milieustraat Bolsward", "straatNaam": "Exmorraweg", "straatNr": "3", "postcode": "8701 PJ", "plaats": "Bolsward", "merk": "StichtingOPEN", "puntType": "milieustraat", "materialen": ["batterijen", "elektro-groot", "elektro-klein", "elektro-middel", "lampen", "tl-buizen"], "uitbetaling": [], "vrijToegankelijk": false, "gemeenteBeperking": ["Súdwest-Fryslân"], "openingstijden": null, "latitude": 53.061299, "longitude": 5.506117, "bronId": "SP00002391"}}, {"type": "Feature", "geometry": {"type": "Point", "coordinates": [5.443684, 52.915648]}, "properties": {"type": "inleverpunt", "locatieNaam": "Milieustraat Nijefurd", "straatNaam": "Spoarleane", "straatNr": "2", "postcode": "8723 EV", "plaats": "Koudum", "merk": "StichtingOPEN", "puntType": "milieustraat", "materialen": ["batterijen", "elektro-groot", "elektro-klein", "elektro-middel", "lampen", "tl-buizen"], "uitbetaling": [], "vrijToegankelijk": false, "gemeenteBeperking": ["Súdwest-Fryslân", "Waadhoeke"], "openingstijden": null, "latitude": 52.915648, "longitude": 5.443684, "bronId": "SP00004336"}}, {"type": "Feature", "geometry": {"type": "Point", "coordinates": [5.613992, 52.97489]}, "properties": {"type": "inleverpunt", "locatieNaam": "Milieustraat Heeg", "straatNaam": "De Draei", "straatNr": "17", "postcode": "8621 CZ", "plaats": "Heeg", "merk": "StichtingOPEN", "puntType": "milieustraat", "materialen": ["batterijen", "elektro-groot", "elektro-klein", "elektro-middel", "lampen", "tl-buizen"], "uitbetaling": [], "vrijToegankelijk": false, "gemeenteBeperking": ["Súdwest-Fryslân", "Waadhoeke"], "openingstijden": null, "latitude": 52.97489, "longitude": 5.613992, "bronId": "SP00003784"}}, {"type": "Feature", "geometry": {"type": "Point", "coordinates": [5.644379, 53.041519]}, "properties": {"type": "inleverpunt", "locatieNaam": "Milieustraat Wetterskipsdyk", "straatNaam": "Wetterskipsdyk", "straatNr": "4", "postcode": "8602 JZ", "plaats": "Sneek", "merk": "StichtingOPEN", "puntType": "milieustraat", "materialen": ["batterijen", "elektro-groot", "elektro-klein", "elektro-middel", "lampen", "tl-buizen"], "uitbetaling": [], "vrijToegankelijk": false, "gemeenteBeperking": ["Súdwest-Fryslân", "Waadhoeke"], "openingstijden": null, "latitude": 53.041519, "longitude": 5.644379, "bronId": "SP00003788"}}, {"type": "Feature", "geometry": {"type": "Point", "coordinates": [5.3607068, 52.8829456]}, "properties": {"type": "inleverpunt", "locatieNaam": "Plus", "straatNaam": "De Bleeck", "straatNr": "1", "postcode": "8715 EJ", "plaats": "Stavoren", "merk": "Stibat", "puntType": "inzamelbak", "materialen": ["batterijen"], "uitbetaling": [], "vrijToegankelijk": false, "gemeenteBeperking": null, "openingstijden": null, "latitude": 52.8829456, "longitude": 5.3607068, "bronId": "L018463"}}, {"type": "Feature", "geometry": {"type": "Point", "coordinates": [5.3997028, 52.9003137]}, "properties": {"type": "inleverpunt", "locatieNaam": "Zuivelhandel de Koe", "straatNaam": "Stationswei", "straatNr": "2", "postcode": "8722 HB", "plaats": "Molkwerum", "merk": "Stibat", "puntType": "inzamelbak", "materialen": ["batterijen"], "uitbetaling": [], "vrijToegankelijk": false, "gemeenteBeperking": null, "openingstijden": null, "latitude": 52.9003137, "longitude": 5.3997028, "bronId": "L013328"}}, {"type": "Feature", "geometry": {"type": "Point", "coordinates": [5.4495703, 52.9146386]}, "properties": {"type": "inleverpunt", "locatieNaam": "Van der Bij Fietsen", "straatNaam": "Hoofdstraat", "straatNr": "19", "postcode": "8723 BE", "plaats": "Koudum", "merk": "Stibat", "puntType": "inzamelbak", "materialen": ["batterijen"], "uitbetaling": [], "vrijToegankelijk": false, "gemeenteBeperking": null, "openingstijden": null, "latitude": 52.9146386, "longitude": 5.4495703, "bronId": "L036772"}}, {"type": "Feature", "geometry": {"type": "Point", "coordinates": [5.4497832, 52.9149737]}, "properties": {"type": "inleverpunt", "locatieNaam": "Muizelaar Boekhandel/Fotografie", "straatNaam": "Hoofdstraat", "straatNr": "10", "postcode": "8723 BH", "plaats": "Koudum", "merk": "Stibat", "puntType": "inzamelbak", "materialen": ["batterijen"], "uitbetaling": [], "vrijToegankelijk": false, "gemeenteBeperking": null, "openingstijden": null, "latitude": 52.9149737, "longitude": 5.4497832, "bronId": "L021884"}}, {"type": "Feature", "geometry": {"type": "Point", "coordinates": [5.4499665, 52.915211]}, "properties": {"type": "inleverpunt", "locatieNaam": "Poiesz", "straatNaam": "Hoofdstraat", "straatNr": "6", "postcode": "8723 BH", "plaats": "Koudum", "merk": "Stibat", "puntType": "inzamelbak", "materialen": ["batterijen"], "uitbetaling": [], "vrijToegankelijk": false, "gemeenteBeperking": null, "openingstijden": null, "latitude": 52.915211, "longitude": 5.4499665, "bronId": "L020952"}}, {"type": "Feature", "geometry": {"type": "Point", "coordinates": [5.4436541, 52.9156565]}, "properties": {"type": "inleverpunt", "locatieNaam": "Gemeentelijk overslagstation Koudum", "straatNaam": "Spoarleane", "straatNr": "2", "postcode": "8723 EV", "plaats": "Koudum", "merk": "Stibat", "puntType": "inzamelbak", "materialen": ["batterijen"], "uitbetaling": [], "vrijToegankelijk": false, "gemeenteBeperking": null, "openingstijden": null, "latitude": 52.9156565, "longitude": 5.4436541, "bronId": "L035893"}}, {"type": "Feature", "geometry": {"type": "Point", "coordinates": [5.4449871, 52.9162052]}, "properties": {"type": "inleverpunt", "locatieNaam": "Welkoop", "straatNaam": "Onderweg", "straatNr": "1", "postcode": "8723 EL", "plaats": "Koudum", "merk": "Stibat", "puntType": "inzamelbak", "materialen": ["batterijen"], "uitbetaling": [], "vrijToegankelijk": false, "gemeenteBeperking": null, "openingstijden": null, "latitude": 52.9162052, "longitude": 5.4449871, "bronId": "L017714"}}, {"type": "Feature", "geometry": {"type": "Point", "coordinates": [5.4047122, 52.9351066]}, "properties": {"type": "inleverpunt", "locatieNaam": "Danny's minimarkt", "straatNaam": "Westerdijk", "straatNr": "9", "postcode": "8713 JA", "plaats": "Hindeloopen", "merk": "Stibat", "puntType": "inzamelbak", "materialen": ["batterijen"], "uitbetaling": [], "vrijToegankelijk": false, "gemeenteBeperking": null, "openingstijden": null, "latitude": 52.9351066, "longitude": 5.4047122, "bronId": "L039098"}}, {"type": "Feature", "geometry": {"type": "Point", "coordinates": [5.4092478, 52.9357453]}, "properties": {"type": "inleverpunt", "locatieNaam": "Camping Hindeloopen", "straatNaam": "Westerdijk", "straatNr": "9", "postcode": "8713 JA", "plaats": "Hindeloopen", "merk": "Stibat", "puntType": "inzamelbak", "materialen": ["batterijen"], "uitbetaling": [], "vrijToegankelijk": false, "gemeenteBeperking": null, "openingstijden": null, "latitude": 52.9357453, "longitude": 5.4092478, "bronId": "L048868"}}, {"type": "Feature", "geometry": {"type": "Point", "coordinates": [5.4017554, 52.9438327]}, "properties": {"type": "inleverpunt", "locatieNaam": "Spar", "straatNaam": "Tuinen", "straatNr": "31", "postcode": "8713 KM", "plaats": "Hindeloopen", "merk": "Stibat", "puntType": "inzamelbak", "materialen": ["batterijen"], "uitbetaling": [], "vrijToegankelijk": false, "gemeenteBeperking": null, "openingstijden": null, "latitude": 52.9438327, "longitude": 5.4017554, "bronId": "L038856"}}, {"type": "Feature", "geometry": {"type": "Point", "coordinates": [5.6315173, 52.9431093]}, "properties": {"type": "inleverpunt", "locatieNaam": "EP:", "straatNaam": "Vosseleane", "straatNr": "16a", "postcode": "8551 RA", "plaats": "Woudsend", "merk": "Stibat", "puntType": "inzamelbak", "materialen": ["batterijen"], "uitbetaling": [], "vrijToegankelijk": false, "gemeenteBeperking": null, "openingstijden": null, "latitude": 52.9431093, "longitude": 5.6315173, "bronId": "L030164"}}, {"type": "Feature", "geometry": {"type": "Point", "coordinates": [5.6283095, 52.9440954]}, "properties": {"type": "inleverpunt", "locatieNaam": "Spar", "straatNaam": "Op E Romte", "straatNr": "15", "postcode": "8551 NX", "plaats": "Woudsend", "merk": "Stibat", "puntType": "inzamelbak", "materialen": ["batterijen"], "uitbetaling": [], "vrijToegankelijk": false, "gemeenteBeperking": null, "openingstijden": null, "latitude": 52.9440954, "longitude": 5.6283095, "bronId": "L023136"}}, {"type": "Feature", "geometry": {"type": "Point", "coordinates": [5.6281602, 52.9466927]}, "properties": {"type": "inleverpunt", "locatieNaam": "Recreatiecentrum \"De Rakken\"", "straatNaam": "Lijnbaan", "straatNr": "10", "postcode": "8551 NW", "plaats": "Woudsend", "merk": "Stibat", "puntType": "inzamelbak", "materialen": ["batterijen"], "uitbetaling": [], "vrijToegankelijk": false, "gemeenteBeperking": null, "openingstijden": null, "latitude": 52.9466927, "longitude": 5.6281602, "bronId": "L010171"}}, {"type": "Feature", "geometry": {"type": "Point", "coordinates": [5.4203356, 52.9676337]}, "properties": {"type": "inleverpunt", "locatieNaam": "Jachthaven It Soal", "straatNaam": "Suderséleane", "straatNr": "25", "postcode": "8711 GX", "plaats": "Workum", "merk": "Stibat", "puntType": "inzamelbak", "materialen": ["batterijen"], "uitbetaling": [], "vrijToegankelijk": false, "gemeenteBeperking": null, "openingstijden": null, "latitude": 52.9676337, "longitude": 5.4203356, "bronId": "L009527"}}, {"type": "Feature", "geometry": {"type": "Point", "coordinates": [5.4145715, 52.968587]}, "properties": {"type": "inleverpunt", "locatieNaam": "Camping It Soal", "straatNaam": "Zuiderzeelaan", "straatNr": "29", "postcode": "8711 GX", "plaats": "Workum", "merk": "Stibat", "puntType": "inzamelbak", "materialen": ["batterijen"], "uitbetaling": [], "vrijToegankelijk": false, "gemeenteBeperking": null, "openingstijden": null, "latitude": 52.968587, "longitude": 5.4145715, "bronId": "L008269"}}, {"type": "Feature", "geometry": {"type": "Point", "coordinates": [5.414523, 52.9686193]}, "properties": {"type": "inleverpunt", "locatieNaam": "Attent (Camping Workum)", "straatNaam": "Suderseleane", "straatNr": "27", "postcode": "8711 GX", "plaats": "Workum", "merk": "Stibat", "puntType": "inzamelbak", "materialen": ["batterijen"], "uitbetaling": [], "vrijToegankelijk": false, "gemeenteBeperking": null, "openingstijden": null, "latitude": 52.9686193, "longitude": 5.414523, "bronId": "L015295"}}, {"type": "Feature", "geometry": {"type": "Point", "coordinates": [5.5438967, 52.9642733]}, "properties": {"type": "inleverpunt", "locatieNaam": "Dagwinkel Gaastmeer", "straatNaam": "Munkedyk", "straatNr": "13", "postcode": "8611 JP", "plaats": "Gaastmeer", "merk": "Stibat", "puntType": "inzamelbak", "materialen": ["batterijen"], "uitbetaling": [], "vrijToegankelijk": false, "gemeenteBeperking": null, "openingstijden": null, "latitude": 52.9642733, "longitude": 5.5438967, "bronId": "L042773"}}, {"type": "Feature", "geometry": {"type": "Point", "coordinates": [5.4399726, 52.9773467]}, "properties": {"type": "inleverpunt", "locatieNaam": "FYTSMAKKERIJ J.F. SCHELTEMA", "straatNaam": "Sud", "straatNr": "74", "postcode": "8711 CW", "plaats": "Workum", "merk": "Stibat", "puntType": "inzamelbak", "materialen": ["batterijen"], "uitbetaling": [], "vrijToegankelijk": false, "gemeenteBeperking": null, "openingstijden": null, "latitude": 52.9773467, "longitude": 5.4399726, "bronId": "L034159"}}, {"type": "Feature", "geometry": {"type": "Point", "coordinates": [5.4449377, 52.9771351]}, "properties": {"type": "inleverpunt", "locatieNaam": "Aldi", "straatNaam": "Hearewei", "straatNr": "6", "postcode": "8711 GD", "plaats": "Workum", "merk": "Stibat", "puntType": "inzamelbak", "materialen": ["batterijen"], "uitbetaling": [], "vrijToegankelijk": false, "gemeenteBeperking": null, "openingstijden": null, "latitude": 52.9771351, "longitude": 5.4449377, "bronId": "L041562"}}, {"type": "Feature", "geometry": {"type": "Point", "coordinates": [5.4453118, 52.9776014]}, "properties": {"type": "inleverpunt", "locatieNaam": "Poiesz", "straatNaam": "Hearewei", "straatNr": "2", "postcode": "8711 GD", "plaats": "Workum", "merk": "Stibat", "puntType": "inzamelbak", "materialen": ["batterijen"], "uitbetaling": [], "vrijToegankelijk": false, "gemeenteBeperking": null, "openingstijden": null, "latitude": 52.9776014, "longitude": 5.4453118, "bronId": "L007999"}}, {"type": "Feature", "geometry": {"type": "Point", "coordinates": [5.4415808, 52.9780948]}, "properties": {"type": "inleverpunt", "locatieNaam": "1241 Action", "straatNaam": "Sud", "straatNr": "25", "postcode": "8711 CR", "plaats": "Workum", "merk": "Stibat", "puntType": "inzamelbak", "materialen": ["batterijen"], "uitbetaling": [], "vrijToegankelijk": false, "gemeenteBeperking": null, "openingstijden": null, "latitude": 52.9780948, "longitude": 5.4415808, "bronId": "L030514"}}, {"type": "Feature", "geometry": {"type": "Point", "coordinates": [5.4413324, 52.97851]}, "properties": {"type": "inleverpunt", "locatieNaam": "Kruidvat", "straatNaam": "t Sud", "straatNr": "18", "postcode": "8711 CV", "plaats": "Workum", "merk": "Stibat", "puntType": "inzamelbak", "materialen": ["batterijen"], "uitbetaling": [], "vrijToegankelijk": false, "gemeenteBeperking": null, "openingstijden": null, "latitude": 52.97851, "longitude": 5.4413324, "bronId": "L013965"}}, {"type": "Feature", "geometry": {"type": "Point", "coordinates": [5.4435526, 52.9801958]}, "properties": {"type": "inleverpunt", "locatieNaam": "Stumpel", "straatNaam": "Noard", "straatNr": "17", "postcode": "8711 AA", "plaats": "Workum", "merk": "Stibat", "puntType": "inzamelbak", "materialen": ["batterijen"], "uitbetaling": [], "vrijToegankelijk": false, "gemeenteBeperking": null, "openingstijden": null, "latitude": 52.9801958, "longitude": 5.4435526, "bronId": "L045563"}}, {"type": "Feature", "geometry": {"type": "Point", "coordinates": [5.6031519, 52.9677595]}, "properties": {"type": "inleverpunt", "locatieNaam": "Garage en fietswinkel Kooistra en Kuiper", "straatNaam": "Harinxmastrjitte", "straatNr": "6", "postcode": "8621 BL", "plaats": "Heeg", "merk": "Stibat", "puntType": "inzamelbak", "materialen": ["batterijen"], "uitbetaling": [], "vrijToegankelijk": false, "gemeenteBeperking": null, "openingstijden": null, "latitude": 52.9677595, "longitude": 5.6031519, "bronId": "L006900"}}, {"type": "Feature", "geometry": {"type": "Point", "coordinates": [5.6139952, 52.9748925]}, "properties": {"type": "inleverpunt", "locatieNaam": "Milieustraat Wymbritseradeel", "straatNaam": "De Draei", "straatNr": "17", "postcode": "8621 CZ", "plaats": "Heeg", "merk": "Stibat", "puntType": "inzamelbak", "materialen": ["batterijen"], "uitbetaling": [], "vrijToegankelijk": false, "gemeenteBeperking": null, "openingstijden": null, "latitude": 52.9748925, "longitude": 5.6139952, "bronId": "L035891"}}, {"type": "Feature", "geometry": {"type": "Point", "coordinates": [5.6482077, 52.9782352]}, "properties": {"type": "inleverpunt", "locatieNaam": "Groen Goed Hommerts", "straatNaam": "Hettingawei", "straatNr": "40", "postcode": "8622 XX", "plaats": "Hommerts", "merk": "Stibat", "puntType": "inzamelbak", "materialen": ["batterijen"], "uitbetaling": [], "vrijToegankelijk": false, "gemeenteBeperking": null, "openingstijden": null, "latitude": 52.9782352, "longitude": 5.6482077, "bronId": "L038927"}}, {"type": "Feature", "geometry": {"type": "Point", "coordinates": [5.2106996, 53.021828]}, "properties": {"type": "inleverpunt", "locatieNaam": "Texaco", "straatNaam": "Afsluitdijk", "straatNr": "1", "postcode": "8766 TS", "plaats": "Breezanddijk", "merk": "Stibat", "puntType": "inzamelbak", "materialen": ["batterijen"], "uitbetaling": [], "vrijToegankelijk": false, "gemeenteBeperking": null, "openingstijden": null, "latitude": 53.021828, "longitude": 5.2106996, "bronId": "L023428"}}, {"type": "Feature", "geometry": {"type": "Point", "coordinates": [5.6240509, 53.0095216]}, "properties": {"type": "inleverpunt", "locatieNaam": "Van Beekhuizen tweewielers", "straatNaam": "Galamagracht", "straatNr": "34", "postcode": "8651 EC", "plaats": "Ijlst", "merk": "Stibat", "puntType": "inzamelbak", "materialen": ["batterijen"], "uitbetaling": [], "vrijToegankelijk": false, "gemeenteBeperking": null, "openingstijden": null, "latitude": 53.0095216, "longitude": 5.6240509, "bronId": "L038752"}}, {"type": "Feature", "geometry": {"type": "Point", "coordinates": [5.6253146, 53.0112466]}, "properties": {"type": "inleverpunt", "locatieNaam": "Poiesz", "straatNaam": "De Dassenboarch", "straatNr": "32", "postcode": "8651 BW", "plaats": "Ijlst", "merk": "Stibat", "puntType": "inzamelbak", "materialen": ["batterijen"], "uitbetaling": [], "vrijToegankelijk": false, "gemeenteBeperking": null, "openingstijden": null, "latitude": 53.0112466, "longitude": 5.6253146, "bronId": "L020444"}}, {"type": "Feature", "geometry": {"type": "Point", "coordinates": [5.6510797, 53.0187362]}, "properties": {"type": "inleverpunt", "locatieNaam": "Jumbo", "straatNaam": "Molenkrite", "straatNr": "130B", "postcode": "8608 WD", "plaats": "Sneek", "merk": "Stibat", "puntType": "inzamelbak", "materialen": ["batterijen"], "uitbetaling": [], "vrijToegankelijk": false, "gemeenteBeperking": null, "openingstijden": null, "latitude": 53.0187362, "longitude": 5.6510797, "bronId": "L036773"}}, {"type": "Feature", "geometry": {"type": "Point", "coordinates": [5.6633231, 53.0183538]}, "properties": {"type": "inleverpunt", "locatieNaam": "Poiesz", "straatNaam": "Keizersmantel", "straatNr": "437", "postcode": "8607 GJ", "plaats": "Sneek", "merk": "Stibat", "puntType": "inzamelbak", "materialen": ["batterijen"], "uitbetaling": [], "vrijToegankelijk": false, "gemeenteBeperking": null, "openingstijden": null, "latitude": 53.0183538, "longitude": 5.6633231, "bronId": "L005953"}}, {"type": "Feature", "geometry": {"type": "Point", "coordinates": [5.6635997, 53.020863]}, "properties": {"type": "inleverpunt", "locatieNaam": "Estafette recyclewinkel Sneek", "straatNaam": "Akkerwinde", "straatNr": "1", "postcode": "8607 CC", "plaats": "Sneek", "merk": "Stibat", "puntType": "inzamelbak", "materialen": ["batterijen"], "uitbetaling": [], "vrijToegankelijk": false, "gemeenteBeperking": null, "openingstijden": null, "latitude": 53.020863, "longitude": 5.6635997, "bronId": "L048222"}}, {"type": "Feature", "geometry": {"type": "Point", "coordinates": [5.6658294, 53.0211067]}, "properties": {"type": "inleverpunt", "locatieNaam": "Ranzijn Sneek", "straatNaam": "Zonnedauw", "straatNr": "1", "postcode": "8607 DX", "plaats": "Sneek", "merk": "Stibat", "puntType": "inzamelbak", "materialen": ["batterijen"], "uitbetaling": [], "vrijToegankelijk": false, "gemeenteBeperking": null, "openingstijden": null, "latitude": 53.0211067, "longitude": 5.6658294, "bronId": "L032668"}}, {"type": "Feature", "geometry": {"type": "Point", "coordinates": [5.6838528, 53.0201985]}, "properties": {"type": "inleverpunt", "locatieNaam": "Het Sneeker Goed", "straatNaam": "Professor Zernikestraat", "straatNr": "1", "postcode": "8606 JS", "plaats": "Sneek", "merk": "Stibat", "puntType": "inzamelbak", "materialen": ["batterijen"], "uitbetaling": [], "vrijToegankelijk": false, "gemeenteBeperking": null, "openingstijden": null, "latitude": 53.0201985, "longitude": 5.6838528, "bronId": "L046699"}}, {"type": "Feature", "geometry": {"type": "Point", "coordinates": [5.3887003, 53.0485429]}, "properties": {"type": "inleverpunt", "locatieNaam": "Beach Resort Makkum", "straatNaam": "Langezand", "straatNr": "2", "postcode": "8754 HR", "plaats": "Makkum Fr", "merk": "Stibat", "puntType": "inzamelbak", "materialen": ["batterijen"], "uitbetaling": [], "vrijToegankelijk": false, "gemeenteBeperking": null, "openingstijden": null, "latitude": 53.0485429, "longitude": 5.3887003, "bronId": "L004782"}}, {"type": "Feature", "geometry": {"type": "Point", "coordinates": [5.6750877, 53.0228863]}, "properties": {"type": "inleverpunt", "locatieNaam": "Welkoop", "straatNaam": "Alexanderstraat", "straatNr": "10", "postcode": "8606 VP", "plaats": "Sneek", "merk": "Stibat", "puntType": "inzamelbak", "materialen": ["batterijen"], "uitbetaling": [], "vrijToegankelijk": false, "gemeenteBeperking": null, "openingstijden": null, "latitude": 53.0228863, "longitude": 5.6750877, "bronId": "L018553"}}, {"type": "Feature", "geometry": {"type": "Point", "coordinates": [5.6825858, 53.0219561]}, "properties": {"type": "inleverpunt", "locatieNaam": "Gamma", "straatNaam": "Einsteinstraat", "straatNr": "6", "postcode": "8606 JE", "plaats": "Sneek", "merk": "Stibat", "puntType": "inzamelbak", "materialen": ["batterijen"], "uitbetaling": [], "vrijToegankelijk": false, "gemeenteBeperking": null, "openingstijden": null, "latitude": 53.0219561, "longitude": 5.6825858, "bronId": "L006252"}}, {"type": "Feature", "geometry": {"type": "Point", "coordinates": [5.6585736, 53.0279957]}, "properties": {"type": "inleverpunt", "locatieNaam": "Poiesz", "straatNaam": "Boschplein", "straatNr": "7", "postcode": "8607 CD", "plaats": "Sneek", "merk": "Stibat", "puntType": "inzamelbak", "materialen": ["batterijen"], "uitbetaling": [], "vrijToegankelijk": false, "gemeenteBeperking": null, "openingstijden": null, "latitude": 53.0279957, "longitude": 5.6585736, "bronId": "L005703"}}, {"type": "Feature", "geometry": {"type": "Point", "coordinates": [5.6585073, 53.0281]}, "properties": {"type": "inleverpunt", "locatieNaam": "Aldi", "straatNaam": "Boschplein", "straatNr": "3", "postcode": "8607 CD", "plaats": "Sneek", "merk": "Stibat", "puntType": "inzamelbak", "materialen": ["batterijen"], "uitbetaling": [], "vrijToegankelijk": false, "gemeenteBeperking": null, "openingstijden": null, "latitude": 53.0281, "longitude": 5.6585073, "bronId": "L041560"}}, {"type": "Feature", "geometry": {"type": "Point", "coordinates": [5.6577073, 53.0286985]}, "properties": {"type": "inleverpunt", "locatieNaam": "Bike Totaal Rodenburg", "straatNaam": "Lemmerweg", "straatNr": "13-15", "postcode": "8608 AA", "plaats": "Sneek", "merk": "Stibat", "puntType": "inzamelbak", "materialen": ["batterijen"], "uitbetaling": [], "vrijToegankelijk": false, "gemeenteBeperking": null, "openingstijden": null, "latitude": 53.0286985, "longitude": 5.6577073, "bronId": "L034365"}}, {"type": "Feature", "geometry": {"type": "Point", "coordinates": [5.6599608, 53.0291864]}, "properties": {"type": "inleverpunt", "locatieNaam": "Schoonenberg Hoorcomfort", "straatNaam": "Hoogend", "straatNr": "8", "postcode": "8601 AE", "plaats": "Sneek", "merk": "Stibat", "puntType": "inzamelbak", "materialen": ["batterijen"], "uitbetaling": [], "vrijToegankelijk": false, "gemeenteBeperking": null, "openingstijden": null, "latitude": 53.0291864, "longitude": 5.6599608, "bronId": "L020188"}}, {"type": "Feature", "geometry": {"type": "Point", "coordinates": [5.3834994, 53.0535419]}, "properties": {"type": "inleverpunt", "locatieNaam": "Supermarkt de Holle Poarte (op camping)", "straatNaam": "De Holle Poarte", "straatNr": "2", "postcode": "8754 HC", "plaats": "Makkum Fr", "merk": "Stibat", "puntType": "inzamelbak", "materialen": ["batterijen"], "uitbetaling": [], "vrijToegankelijk": false, "gemeenteBeperking": null, "openingstijden": null, "latitude": 53.0535419, "longitude": 5.3834994, "bronId": "L004950"}}, {"type": "Feature", "geometry": {"type": "Point", "coordinates": [5.6745569, 53.0274461]}, "properties": {"type": "inleverpunt", "locatieNaam": "Lidl", "straatNaam": "Oude Oppenhuizerweg", "straatNr": "4", "postcode": "8606 JC", "plaats": "Sneek", "merk": "Stibat", "puntType": "inzamelbak", "materialen": ["batterijen"], "uitbetaling": [], "vrijToegankelijk": false, "gemeenteBeperking": null, "openingstijden": null, "latitude": 53.0274461, "longitude": 5.6745569, "bronId": "L043652"}}, {"type": "Feature", "geometry": {"type": "Point", "coordinates": [5.6228303, 53.0351346]}, "properties": {"type": "inleverpunt", "locatieNaam": "Toolstation", "straatNaam": "Wolkammersstraat", "straatNr": "6b", "postcode": "8601 VB", "plaats": "Sneek", "merk": "Stibat", "puntType": "inzamelbak", "materialen": ["batterijen"], "uitbetaling": [], "vrijToegankelijk": false, "gemeenteBeperking": null, "openingstijden": null, "latitude": 53.0351346, "longitude": 5.6228303, "bronId": "L045882"}}, {"type": "Feature", "geometry": {"type": "Point", "coordinates": [5.6652992, 53.0295078]}, "properties": {"type": "inleverpunt", "locatieNaam": "Geert Kuipers Fietsen", "straatNaam": "Johan Willem Frisostraat", "straatNr": "18", "postcode": "8606 CV", "plaats": "Sneek", "merk": "Stibat", "puntType": "inzamelbak", "materialen": ["batterijen"], "uitbetaling": [], "vrijToegankelijk": false, "gemeenteBeperking": null, "openingstijden": null, "latitude": 53.0295078, "longitude": 5.6652992, "bronId": "L037344"}}, {"type": "Feature", "geometry": {"type": "Point", "coordinates": [5.6248432, 53.0352623]}, "properties": {"type": "inleverpunt", "locatieNaam": "Karwei", "straatNaam": "Wolkammersstraat", "straatNr": "1", "postcode": "8601 VB", "plaats": "Sneek", "merk": "Stibat", "puntType": "inzamelbak", "materialen": ["batterijen"], "uitbetaling": [], "vrijToegankelijk": false, "gemeenteBeperking": null, "openingstijden": null, "latitude": 53.0352623, "longitude": 5.6248432, "bronId": "L007139"}}, {"type": "Feature", "geometry": {"type": "Point", "coordinates": [5.6619241, 53.0308366]}, "properties": {"type": "inleverpunt", "locatieNaam": "Expert", "straatNaam": "Singel", "straatNr": "49", "postcode": "8601 AH", "plaats": "Sneek", "merk": "Stibat", "puntType": "inzamelbak", "materialen": ["batterijen"], "uitbetaling": [], "vrijToegankelijk": false, "gemeenteBeperking": null, "openingstijden": null, "latitude": 53.0308366, "longitude": 5.6619241, "bronId": "L008520"}}, {"type": "Feature", "geometry": {"type": "Point", "coordinates": [5.6585022, 53.0314486]}, "properties": {"type": "inleverpunt", "locatieNaam": "Allicht Verlichting", "straatNaam": "Oud Kerkhof", "straatNr": "6", "postcode": "8601 EE", "plaats": "Sneek", "merk": "Stibat", "puntType": "inzamelbak", "materialen": ["batterijen"], "uitbetaling": [], "vrijToegankelijk": false, "gemeenteBeperking": null, "openingstijden": null, "latitude": 53.0314486, "longitude": 5.6585022, "bronId": "L014983"}}, {"type": "Feature", "geometry": {"type": "Point", "coordinates": [5.6264892, 53.0357934]}, "properties": {"type": "inleverpunt", "locatieNaam": "Praxis 2250", "straatNaam": "Kolenbranderstraat", "straatNr": "1", "postcode": "8601 VC", "plaats": "Sneek", "merk": "Stibat", "puntType": "inzamelbak", "materialen": ["batterijen"], "uitbetaling": [], "vrijToegankelijk": false, "gemeenteBeperking": null, "openingstijden": null, "latitude": 53.0357934, "longitude": 5.6264892, "bronId": "L030555"}}, {"type": "Feature", "geometry": {"type": "Point", "coordinates": [5.6590651, 53.0315001]}, "properties": {"type": "inleverpunt", "locatieNaam": "Jointheaudio", "straatNaam": "Galigastraat", "straatNr": "6", "postcode": "8601 CP", "plaats": "Sneek", "merk": "Stibat", "puntType": "inzamelbak", "materialen": ["batterijen"], "uitbetaling": [], "vrijToegankelijk": false, "gemeenteBeperking": null, "openingstijden": null, "latitude": 53.0315001, "longitude": 5.6590651, "bronId": "L040258"}}, {"type": "Feature", "geometry": {"type": "Point", "coordinates": [5.6593942, 53.0314984]}, "properties": {"type": "inleverpunt", "locatieNaam": "Beter Horen", "straatNaam": "Galigastraat", "straatNr": "14", "postcode": "8601 CP", "plaats": "Sneek", "merk": "Stibat", "puntType": "inzamelbak", "materialen": ["batterijen"], "uitbetaling": [], "vrijToegankelijk": false, "gemeenteBeperking": null, "openingstijden": null, "latitude": 53.0314984, "longitude": 5.6593942, "bronId": "L018984"}}, {"type": "Feature", "geometry": {"type": "Point", "coordinates": [5.6237735, 53.0365936]}, "properties": {"type": "inleverpunt", "locatieNaam": "Würth Shop Sneek", "straatNaam": "Wagenmakersstraat", "straatNr": "6-32", "postcode": "8601 VA", "plaats": "Sneek", "merk": "Stibat", "puntType": "inzamelbak", "materialen": ["batterijen"], "uitbetaling": [], "vrijToegankelijk": false, "gemeenteBeperking": null, "openingstijden": null, "latitude": 53.0365936, "longitude": 5.6237735, "bronId": "L047652"}}, {"type": "Feature", "geometry": {"type": "Point", "coordinates": [5.4030574, 53.055191]}, "properties": {"type": "inleverpunt", "locatieNaam": "Toys2Play", "straatNaam": "Markt", "straatNr": "12", "postcode": "8754 ES", "plaats": "Makkum Fr", "merk": "Stibat", "puntType": "inzamelbak", "materialen": ["batterijen"], "uitbetaling": [], "vrijToegankelijk": false, "gemeenteBeperking": null, "openingstijden": null, "latitude": 53.055191, "longitude": 5.4030574, "bronId": "L023072"}}, {"type": "Feature", "geometry": {"type": "Point", "coordinates": [5.6606819, 53.0319918]}, "properties": {"type": "inleverpunt", "locatieNaam": "Xenos", "straatNaam": "Leeuwenburg", "straatNr": "22", "postcode": "8601 BC", "plaats": "Sneek", "merk": "Stibat", "puntType": "inzamelbak", "materialen": ["batterijen"], "uitbetaling": [], "vrijToegankelijk": false, "gemeenteBeperking": null, "openingstijden": null, "latitude": 53.0319918, "longitude": 5.6606819, "bronId": "L014625"}}, {"type": "Feature", "geometry": {"type": "Point", "coordinates": [5.6357554, 53.0355368]}, "properties": {"type": "inleverpunt", "locatieNaam": "Bus Sneek", "straatNaam": "Smidsstraat", "straatNr": "11", "postcode": "8601 WB", "plaats": "Sneek", "merk": "Stibat", "puntType": "inzamelbak", "materialen": ["batterijen"], "uitbetaling": [], "vrijToegankelijk": false, "gemeenteBeperking": null, "openingstijden": null, "latitude": 53.0355368, "longitude": 5.6357554, "bronId": "L043247"}}, {"type": "Feature", "geometry": {"type": "Point", "coordinates": [5.4020582, 53.055621]}, "properties": {"type": "inleverpunt", "locatieNaam": "D.I.O.", "straatNaam": "Plein", "straatNr": "4", "postcode": "8754 ER", "plaats": "Makkum Fr", "merk": "Stibat", "puntType": "inzamelbak", "materialen": ["batterijen"], "uitbetaling": [], "vrijToegankelijk": false, "gemeenteBeperking": null, "openingstijden": null, "latitude": 53.055621, "longitude": 5.4020582, "bronId": "L025768"}}, {"type": "Feature", "geometry": {"type": "Point", "coordinates": [5.6626642, 53.0319423]}, "properties": {"type": "inleverpunt", "locatieNaam": "Primera", "straatNaam": "Singel", "straatNr": "10", "postcode": "8601 AJ", "plaats": "Sneek", "merk": "Stibat", "puntType": "inzamelbak", "materialen": ["batterijen"], "uitbetaling": [], "vrijToegankelijk": false, "gemeenteBeperking": null, "openingstijden": null, "latitude": 53.0319423, "longitude": 5.6626642, "bronId": "L022088"}}, {"type": "Feature", "geometry": {"type": "Point", "coordinates": [5.6691314, 53.0310668]}, "properties": {"type": "inleverpunt", "locatieNaam": "Jumbo", "straatNaam": "Oppenhuizerweg", "straatNr": "68", "postcode": "8606 AS", "plaats": "Sneek", "merk": "Stibat", "puntType": "inzamelbak", "materialen": ["batterijen"], "uitbetaling": [], "vrijToegankelijk": false, "gemeenteBeperking": null, "openingstijden": null, "latitude": 53.0310668, "longitude": 5.6691314, "bronId": "L036512"}}, {"type": "Feature", "geometry": {"type": "Point", "coordinates": [5.6607726, 53.0326005]}, "properties": {"type": "inleverpunt", "locatieNaam": "Trekpleister", "straatNaam": "Schaapmarktplein", "straatNr": "11", "postcode": "8601 CE", "plaats": "Sneek", "merk": "Stibat", "puntType": "inzamelbak", "materialen": ["batterijen"], "uitbetaling": [], "vrijToegankelijk": false, "gemeenteBeperking": null, "openingstijden": null, "latitude": 53.0326005, "longitude": 5.6607726, "bronId": "L017930"}}, {"type": "Feature", "geometry": {"type": "Point", "coordinates": [5.6363944, 53.036167]}, "properties": {"type": "inleverpunt", "locatieNaam": "Kwantum", "straatNaam": "Smidsstraat", "straatNr": "10e", "postcode": "8601 WB", "plaats": "Sneek", "merk": "Stibat", "puntType": "inzamelbak", "materialen": ["batterijen"], "uitbetaling": [], "vrijToegankelijk": false, "gemeenteBeperking": null, "openingstijden": null, "latitude": 53.036167, "longitude": 5.6363944, "bronId": "L030978"}}, {"type": "Feature", "geometry": {"type": "Point", "coordinates": [5.6613876, 53.03279]}, "properties": {"type": "inleverpunt", "locatieNaam": "KPN winkel", "straatNaam": "Nauwe Burgstraat", "straatNr": "10", "postcode": "8601 CD", "plaats": "Sneek", "merk": "Stibat", "puntType": "inzamelbak", "materialen": ["batterijen"], "uitbetaling": [], "vrijToegankelijk": false, "gemeenteBeperking": null, "openingstijden": null, "latitude": 53.03279, "longitude": 5.6613876, "bronId": "L031980"}}, {"type": "Feature", "geometry": {"type": "Point", "coordinates": [5.6611196, 53.0328535]}, "properties": {"type": "inleverpunt", "locatieNaam": "Kruidvat", "straatNaam": "Nauwe Burgstraat", "straatNr": "13", "postcode": "8601 CD", "plaats": "Sneek", "merk": "Stibat", "puntType": "inzamelbak", "materialen": ["batterijen"], "uitbetaling": [], "vrijToegankelijk": false, "gemeenteBeperking": null, "openingstijden": null, "latitude": 53.0328535, "longitude": 5.6611196, "bronId": "L016421"}}, {"type": "Feature", "geometry": {"type": "Point", "coordinates": [5.6621175, 53.0327164]}, "properties": {"type": "inleverpunt", "locatieNaam": "Fotoplus", "straatNaam": "Gedempte Poortezijlen", "straatNr": "1a", "postcode": "8601 BW", "plaats": "Sneek", "merk": "Stibat", "puntType": "inzamelbak", "materialen": ["batterijen"], "uitbetaling": [], "vrijToegankelijk": false, "gemeenteBeperking": null, "openingstijden": null, "latitude": 53.0327164, "longitude": 5.6621175, "bronId": "L001848"}}, {"type": "Feature", "geometry": {"type": "Point", "coordinates": [5.6376636, 53.0361106]}, "properties": {"type": "inleverpunt", "locatieNaam": "Leen Bakker", "straatNaam": "Smidsstraat", "straatNr": "10d", "postcode": "8601 WB", "plaats": "Sneek", "merk": "Stibat", "puntType": "inzamelbak", "materialen": ["batterijen"], "uitbetaling": [], "vrijToegankelijk": false, "gemeenteBeperking": null, "openingstijden": null, "latitude": 53.0361106, "longitude": 5.6376636, "bronId": "L031066"}}, {"type": "Feature", "geometry": {"type": "Point", "coordinates": [5.6551762, 53.0337356]}, "properties": {"type": "inleverpunt", "locatieNaam": "Struijk Hoortechniek", "straatNaam": "Sint Antoniusplein", "straatNr": "40", "postcode": "8601 HK", "plaats": "Sneek", "merk": "Stibat", "puntType": "inzamelbak", "materialen": ["batterijen"], "uitbetaling": [], "vrijToegankelijk": false, "gemeenteBeperking": null, "openingstijden": null, "latitude": 53.0337356, "longitude": 5.6551762, "bronId": "L043317"}}, {"type": "Feature", "geometry": {"type": "Point", "coordinates": [5.6579182, 53.0334179]}, "properties": {"type": "inleverpunt", "locatieNaam": "Twa-tsjillen Rijwielen", "straatNaam": "Wijde Noorderhorne", "straatNr": "8", "postcode": "8601 EB", "plaats": "Sneek", "merk": "Stibat", "puntType": "inzamelbak", "materialen": ["batterijen"], "uitbetaling": [], "vrijToegankelijk": false, "gemeenteBeperking": null, "openingstijden": null, "latitude": 53.0334179, "longitude": 5.6579182, "bronId": "L026965"}}, {"type": "Feature", "geometry": {"type": "Point", "coordinates": [5.6555652, 53.0337916]}, "properties": {"type": "inleverpunt", "locatieNaam": "1259 Albert Heijn", "straatNaam": "Sint Antoniusplein", "straatNr": "35", "postcode": "8601 HK", "plaats": "Sneek", "merk": "Stibat", "puntType": "inzamelbak", "materialen": ["batterijen"], "uitbetaling": [], "vrijToegankelijk": false, "gemeenteBeperking": null, "openingstijden": null, "latitude": 53.0337916, "longitude": 5.6555652, "bronId": "L008190"}}, {"type": "Feature", "geometry": {"type": "Point", "coordinates": [5.6623367, 53.0328787]}, "properties": {"type": "inleverpunt", "locatieNaam": "ANWB", "straatNaam": "Oosterdijk", "straatNr": "2", "postcode": "8601 BT", "plaats": "Sneek", "merk": "Stibat", "puntType": "inzamelbak", "materialen": ["batterijen"], "uitbetaling": [], "vrijToegankelijk": false, "gemeenteBeperking": null, "openingstijden": null, "latitude": 53.0328787, "longitude": 5.6623367, "bronId": "L044573"}}, {"type": "Feature", "geometry": {"type": "Point", "coordinates": [5.660525, 53.033198]}, "properties": {"type": "inleverpunt", "locatieNaam": "Hans Anders", "straatNaam": "Kruizebroederstraat", "straatNr": "36-12", "postcode": "8601 CM", "plaats": "Sneek", "merk": "Stibat", "puntType": "inzamelbak", "materialen": ["batterijen"], "uitbetaling": [], "vrijToegankelijk": false, "gemeenteBeperking": null, "openingstijden": null, "latitude": 53.033198, "longitude": 5.660525, "bronId": "L037925"}}, {"type": "Feature", "geometry": {"type": "Point", "coordinates": [5.6619173, 53.0330754]}, "properties": {"type": "inleverpunt", "locatieNaam": "Handyman", "straatNaam": "Gedempte Pol", "straatNr": "1", "postcode": "8601 BX", "plaats": "Sneek", "merk": "Stibat", "puntType": "inzamelbak", "materialen": ["batterijen"], "uitbetaling": [], "vrijToegankelijk": false, "gemeenteBeperking": null, "openingstijden": null, "latitude": 53.0330754, "longitude": 5.6619173, "bronId": "L014599"}}, {"type": "Feature", "geometry": {"type": "Point", "coordinates": [5.6627165, 53.0331374]}, "properties": {"type": "inleverpunt", "locatieNaam": "Bruna", "straatNaam": "Oosterdijk", "straatNr": "11", "postcode": "8601 BP", "plaats": "Sneek", "merk": "Stibat", "puntType": "inzamelbak", "materialen": ["batterijen"], "uitbetaling": [], "vrijToegankelijk": false, "gemeenteBeperking": null, "openingstijden": null, "latitude": 53.0331374, "longitude": 5.6627165, "bronId": "L022984"}}, {"type": "Feature", "geometry": {"type": "Point", "coordinates": [5.6631187, 53.0331005]}, "properties": {"type": "inleverpunt", "locatieNaam": "Kruidvat", "straatNaam": "Oosterdijk", "straatNr": "18", "postcode": "8601 BT", "plaats": "Sneek", "merk": "Stibat", "puntType": "inzamelbak", "materialen": ["batterijen"], "uitbetaling": [], "vrijToegankelijk": false, "gemeenteBeperking": null, "openingstijden": null, "latitude": 53.0331005, "longitude": 5.6631187, "bronId": "L016262"}}, {"type": "Feature", "geometry": {"type": "Point", "coordinates": [5.6633469, 53.0331572]}, "properties": {"type": "inleverpunt", "locatieNaam": "Zeeman", "straatNaam": "Oosterdijk", "straatNr": "22", "postcode": "8601 BT", "plaats": "Sneek", "merk": "Stibat", "puntType": "inzamelbak", "materialen": ["batterijen"], "uitbetaling": [], "vrijToegankelijk": false, "gemeenteBeperking": null, "openingstijden": null, "latitude": 53.0331572, "longitude": 5.6633469, "bronId": "L020395"}}, {"type": "Feature", "geometry": {"type": "Point", "coordinates": [5.6634175, 53.0331987]}, "properties": {"type": "inleverpunt", "locatieNaam": "Halfords", "straatNaam": "Oosterdijk", "straatNr": "24", "postcode": "8601 BT", "plaats": "Sneek", "merk": "Stibat", "puntType": "inzamelbak", "materialen": ["batterijen"], "uitbetaling": [], "vrijToegankelijk": false, "gemeenteBeperking": null, "openingstijden": null, "latitude": 53.0331987, "longitude": 5.6634175, "bronId": "L016969"}}, {"type": "Feature", "geometry": {"type": "Point", "coordinates": [5.6637137, 53.033246]}, "properties": {"type": "inleverpunt", "locatieNaam": "HEMA Oosterdijk", "straatNaam": "Oosterdijk", "straatNr": "32", "postcode": "8601 BT", "plaats": "Sneek", "merk": "Stibat", "puntType": "inzamelbak", "materialen": ["batterijen"], "uitbetaling": [], "vrijToegankelijk": false, "gemeenteBeperking": null, "openingstijden": null, "latitude": 53.033246, "longitude": 5.6637137, "bronId": "L005983"}}, {"type": "Feature", "geometry": {"type": "Point", "coordinates": [5.6639298, 53.0333028]}, "properties": {"type": "inleverpunt", "locatieNaam": "6263 Etos", "straatNaam": "Oosterdijk", "straatNr": "34", "postcode": "8601 BT", "plaats": "Sneek", "merk": "Stibat", "puntType": "inzamelbak", "materialen": ["batterijen"], "uitbetaling": [], "vrijToegankelijk": false, "gemeenteBeperking": null, "openingstijden": null, "latitude": 53.0333028, "longitude": 5.6639298, "bronId": "L026972"}}, {"type": "Feature", "geometry": {"type": "Point", "coordinates": [5.6638489, 53.033492]}, "properties": {"type": "inleverpunt", "locatieNaam": "Wibra", "straatNaam": "Oosterdijk", "straatNr": "51", "postcode": "8601 BR", "plaats": "Sneek", "merk": "Stibat", "puntType": "inzamelbak", "materialen": ["batterijen"], "uitbetaling": [], "vrijToegankelijk": false, "gemeenteBeperking": null, "openingstijden": null, "latitude": 53.033492, "longitude": 5.6638489, "bronId": "L022054"}}, {"type": "Feature", "geometry": {"type": "Point", "coordinates": [5.6648482, 53.0335854]}, "properties": {"type": "inleverpunt", "locatieNaam": "TeleSneek", "straatNaam": "Oosterdijk", "straatNr": "64", "postcode": "8601 BV", "plaats": "Sneek", "merk": "Stibat", "puntType": "inzamelbak", "materialen": ["batterijen"], "uitbetaling": [], "vrijToegankelijk": false, "gemeenteBeperking": null, "openingstijden": null, "latitude": 53.0335854, "longitude": 5.6648482, "bronId": "L008187"}}, {"type": "Feature", "geometry": {"type": "Point", "coordinates": [5.6647616, 53.0335999]}, "properties": {"type": "inleverpunt", "locatieNaam": "BelCompany", "straatNaam": "Oosterdijk", "straatNr": "62", "postcode": "8601 BV", "plaats": "Sneek", "merk": "Stibat", "puntType": "inzamelbak", "materialen": ["batterijen"], "uitbetaling": [], "vrijToegankelijk": false, "gemeenteBeperking": null, "openingstijden": null, "latitude": 53.0335999, "longitude": 5.6647616, "bronId": "L015701"}}, {"type": "Feature", "geometry": {"type": "Point", "coordinates": [5.6647401, 53.0338432]}, "properties": {"type": "inleverpunt", "locatieNaam": "Specsavers", "straatNaam": "Oosterdijk", "straatNr": "79", "postcode": "8601 BS", "plaats": "Sneek", "merk": "Stibat", "puntType": "inzamelbak", "materialen": ["batterijen"], "uitbetaling": [], "vrijToegankelijk": false, "gemeenteBeperking": null, "openingstijden": null, "latitude": 53.0338432, "longitude": 5.6647401, "bronId": "L045069"}}, {"type": "Feature", "geometry": {"type": "Point", "coordinates": [5.6648828, 53.0340785]}, "properties": {"type": "inleverpunt", "locatieNaam": "Bike Totaal Rodenburg", "straatNaam": "Prins Hendrikkade", "straatNr": "58", "postcode": "8601 CB", "plaats": "Sneek", "merk": "Stibat", "puntType": "inzamelbak", "materialen": ["batterijen"], "uitbetaling": [], "vrijToegankelijk": false, "gemeenteBeperking": null, "openingstijden": null, "latitude": 53.0340785, "longitude": 5.6648828, "bronId": "L034156"}}, {"type": "Feature", "geometry": {"type": "Point", "coordinates": [5.4030008, 53.0586653]}, "properties": {"type": "inleverpunt", "locatieNaam": "Jumbo", "straatNaam": "Lieuwkemastraat", "straatNr": "9", "postcode": "8754 BL", "plaats": "Makkum Fr", "merk": "Stibat", "puntType": "inzamelbak", "materialen": ["batterijen"], "uitbetaling": [], "vrijToegankelijk": false, "gemeenteBeperking": null, "openingstijden": null, "latitude": 53.0586653, "longitude": 5.4030008, "bronId": "L009872"}}, {"type": "Feature", "geometry": {"type": "Point", "coordinates": [5.6661105, 53.034729]}, "properties": {"type": "inleverpunt", "locatieNaam": "Phone House", "straatNaam": "Normandiaplein", "straatNr": "7a", "postcode": "8603 CS", "plaats": "Sneek", "merk": "Stibat", "puntType": "inzamelbak", "materialen": ["batterijen"], "uitbetaling": [], "vrijToegankelijk": false, "gemeenteBeperking": null, "openingstijden": null, "latitude": 53.034729, "longitude": 5.6661105, "bronId": "L024429"}}, {"type": "Feature", "geometry": {"type": "Point", "coordinates": [5.6653677, 53.0349292]}, "properties": {"type": "inleverpunt", "locatieNaam": "Aldi", "straatNaam": "Normandiaplein", "straatNr": "6", "postcode": "8603 CS", "plaats": "Sneek", "merk": "Stibat", "puntType": "inzamelbak", "materialen": ["batterijen"], "uitbetaling": [], "vrijToegankelijk": false, "gemeenteBeperking": null, "openingstijden": null, "latitude": 53.0349292, "longitude": 5.6653677, "bronId": "L041559"}}, {"type": "Feature", "geometry": {"type": "Point", "coordinates": [5.6659027, 53.0348643]}, "properties": {"type": "inleverpunt", "locatieNaam": "1011 Action", "straatNaam": "Normandiaplein", "straatNr": "7", "postcode": "8603 CS", "plaats": "Sneek", "merk": "Stibat", "puntType": "inzamelbak", "materialen": ["batterijen"], "uitbetaling": [], "vrijToegankelijk": false, "gemeenteBeperking": null, "openingstijden": null, "latitude": 53.0348643, "longitude": 5.6659027, "bronId": "L016765"}}, {"type": "Feature", "geometry": {"type": "Point", "coordinates": [5.6443645, 53.0415395]}, "properties": {"type": "inleverpunt", "locatieNaam": "Milieustraat Sneek", "straatNaam": "Wetterskipsdyk", "straatNr": "4", "postcode": "8602 JZ", "plaats": "Sneek", "merk": "Stibat", "puntType": "inzamelbak", "materialen": ["batterijen"], "uitbetaling": [], "vrijToegankelijk": false, "gemeenteBeperking": null, "openingstijden": null, "latitude": 53.0415395, "longitude": 5.6443645, "bronId": "L035890"}}, {"type": "Feature", "geometry": {"type": "Point", "coordinates": [5.6575071, 53.0416231]}, "properties": {"type": "inleverpunt", "locatieNaam": "Poiesz", "straatNaam": "Jancko Douwamastraat", "straatNr": "29", "postcode": "8602 BK", "plaats": "Sneek", "merk": "Stibat", "puntType": "inzamelbak", "materialen": ["batterijen"], "uitbetaling": [], "vrijToegankelijk": false, "gemeenteBeperking": null, "openingstijden": null, "latitude": 53.0416231, "longitude": 5.6575071, "bronId": "L005746"}}, {"type": "Feature", "geometry": {"type": "Point", "coordinates": [5.6776634, 53.0391407]}, "properties": {"type": "inleverpunt", "locatieNaam": "8776 Albert Heijn", "straatNaam": "Middelzeelaan", "straatNr": "4", "postcode": "8604 BH", "plaats": "Sneek", "merk": "Stibat", "puntType": "inzamelbak", "materialen": ["batterijen"], "uitbetaling": [], "vrijToegankelijk": false, "gemeenteBeperking": null, "openingstijden": null, "latitude": 53.0391407, "longitude": 5.6776634, "bronId": "L007417"}}, {"type": "Feature", "geometry": {"type": "Point", "coordinates": [5.6671889, 53.0416644]}, "properties": {"type": "inleverpunt", "locatieNaam": "Aldi", "straatNaam": "Hugo de Grootstraat", "straatNr": "19", "postcode": "8603 BP", "plaats": "Sneek", "merk": "Stibat", "puntType": "inzamelbak", "materialen": ["batterijen"], "uitbetaling": [], "vrijToegankelijk": false, "gemeenteBeperking": null, "openingstijden": null, "latitude": 53.0416644, "longitude": 5.6671889, "bronId": "L041558"}}, {"type": "Feature", "geometry": {"type": "Point", "coordinates": [5.5061331, 53.0612905]}, "properties": {"type": "inleverpunt", "locatieNaam": "Milieustraat Bolsward", "straatNaam": "Exmorraweg", "straatNr": "3", "postcode": "8701 PJ", "plaats": "Bolsward", "merk": "Stibat", "puntType": "inzamelbak", "materialen": ["batterijen"], "uitbetaling": [], "vrijToegankelijk": false, "gemeenteBeperking": null, "openingstijden": null, "latitude": 53.0612905, "longitude": 5.5061331, "bronId": "L035892"}}, {"type": "Feature", "geometry": {"type": "Point", "coordinates": [5.5189162, 53.0616197]}, "properties": {"type": "inleverpunt", "locatieNaam": "Ringfoto", "straatNaam": "Dijkstraat", "straatNr": "25", "postcode": "8701 KC", "plaats": "Bolsward", "merk": "Stibat", "puntType": "inzamelbak", "materialen": ["batterijen"], "uitbetaling": [], "vrijToegankelijk": false, "gemeenteBeperking": null, "openingstijden": null, "latitude": 53.0616197, "longitude": 5.5189162, "bronId": "L016022"}}, {"type": "Feature", "geometry": {"type": "Point", "coordinates": [5.5210729, 53.061448]}, "properties": {"type": "inleverpunt", "locatieNaam": "Expert", "straatNaam": "Marktstraat", "straatNr": "16", "postcode": "8701 JV", "plaats": "Bolsward", "merk": "Stibat", "puntType": "inzamelbak", "materialen": ["batterijen"], "uitbetaling": [], "vrijToegankelijk": false, "gemeenteBeperking": null, "openingstijden": null, "latitude": 53.061448, "longitude": 5.5210729, "bronId": "L009888"}}, {"type": "Feature", "geometry": {"type": "Point", "coordinates": [5.5214928, 53.0614289]}, "properties": {"type": "inleverpunt", "locatieNaam": "Kruidvat", "straatNaam": "Markstraat", "straatNr": "12", "postcode": "8701 JV", "plaats": "Bolswaard", "merk": "Stibat", "puntType": "inzamelbak", "materialen": ["batterijen"], "uitbetaling": [], "vrijToegankelijk": false, "gemeenteBeperking": null, "openingstijden": null, "latitude": 53.0614289, "longitude": 5.5214928, "bronId": "L016714"}}, {"type": "Feature", "geometry": {"type": "Point", "coordinates": [5.519334, 53.0616129]}, "properties": {"type": "inleverpunt", "locatieNaam": "EP: Mensonides", "straatNaam": "Dijkstraat", "straatNr": "19", "postcode": "8701 KB", "plaats": "Bolsward", "merk": "Stibat", "puntType": "inzamelbak", "materialen": ["batterijen"], "uitbetaling": [], "vrijToegankelijk": false, "gemeenteBeperking": null, "openingstijden": null, "latitude": 53.0616129, "longitude": 5.519334, "bronId": "L040448"}}, {"type": "Feature", "geometry": {"type": "Point", "coordinates": [5.5191439, 53.0617218]}, "properties": {"type": "inleverpunt", "locatieNaam": "Restantshop", "straatNaam": "Dijkstraat", "straatNr": "23", "postcode": "8701 KC", "plaats": "Bolsward", "merk": "Stibat", "puntType": "inzamelbak", "materialen": ["batterijen"], "uitbetaling": [], "vrijToegankelijk": false, "gemeenteBeperking": null, "openingstijden": null, "latitude": 53.0617218, "longitude": 5.5191439, "bronId": "L034634"}}, {"type": "Feature", "geometry": {"type": "Point", "coordinates": [5.5224741, 53.0615859]}, "properties": {"type": "inleverpunt", "locatieNaam": "Zeeman", "straatNaam": "Marktstraat", "straatNr": "2-4", "postcode": "8701 JT", "plaats": "Bolsward", "merk": "Stibat", "puntType": "inzamelbak", "materialen": ["batterijen"], "uitbetaling": [], "vrijToegankelijk": false, "gemeenteBeperking": null, "openingstijden": null, "latitude": 53.0615859, "longitude": 5.5224741, "bronId": "L038208"}}, {"type": "Feature", "geometry": {"type": "Point", "coordinates": [5.518216, 53.061993]}, "properties": {"type": "inleverpunt", "locatieNaam": "Hans Anders", "straatNaam": "Dijkstraat", "straatNr": "45", "postcode": "8701 KC", "plaats": "Bolsward", "merk": "Stibat", "puntType": "inzamelbak", "materialen": ["batterijen"], "uitbetaling": [], "vrijToegankelijk": false, "gemeenteBeperking": null, "openingstijden": null, "latitude": 53.061993, "longitude": 5.518216, "bronId": "L037760"}}, {"type": "Feature", "geometry": {"type": "Point", "coordinates": [5.5206248, 53.0618899]}, "properties": {"type": "inleverpunt", "locatieNaam": "Bike Totaal de Jong", "straatNaam": "Marktplein", "straatNr": "9", "postcode": "8701 KG", "plaats": "Bolsward", "merk": "Stibat", "puntType": "inzamelbak", "materialen": ["batterijen"], "uitbetaling": [], "vrijToegankelijk": false, "gemeenteBeperking": null, "openingstijden": null, "latitude": 53.0618899, "longitude": 5.5206248, "bronId": "L047372"}}, {"type": "Feature", "geometry": {"type": "Point", "coordinates": [5.5209818, 53.0618628]}, "properties": {"type": "inleverpunt", "locatieNaam": "HEMA Appelmarkt", "straatNaam": "Appelmarkt", "straatNr": "15", "postcode": "8701 KH", "plaats": "Bolsward", "merk": "Stibat", "puntType": "inzamelbak", "materialen": ["batterijen"], "uitbetaling": [], "vrijToegankelijk": false, "gemeenteBeperking": null, "openingstijden": null, "latitude": 53.0618628, "longitude": 5.5209818, "bronId": "L007893"}}, {"type": "Feature", "geometry": {"type": "Point", "coordinates": [5.5196816, 53.0620594]}, "properties": {"type": "inleverpunt", "locatieNaam": "Rijwielhandel De Kroon", "straatNaam": "Skilwyk", "straatNr": "8", "postcode": "8701 KN", "plaats": "Bolsward", "merk": "Stibat", "puntType": "inzamelbak", "materialen": ["batterijen"], "uitbetaling": [], "vrijToegankelijk": false, "gemeenteBeperking": null, "openingstijden": null, "latitude": 53.0620594, "longitude": 5.5196816, "bronId": "L034158"}}, {"type": "Feature", "geometry": {"type": "Point", "coordinates": [5.527812, 53.0613906]}, "properties": {"type": "inleverpunt", "locatieNaam": "Jumbo", "straatNaam": "Snekerstraat", "straatNr": "14", "postcode": "8701 XD", "plaats": "Bolsward", "merk": "Stibat", "puntType": "inzamelbak", "materialen": ["batterijen"], "uitbetaling": [], "vrijToegankelijk": false, "gemeenteBeperking": null, "openingstijden": null, "latitude": 53.0613906, "longitude": 5.527812, "bronId": "L018595"}}, {"type": "Feature", "geometry": {"type": "Point", "coordinates": [5.5219268, 53.0619558]}, "properties": {"type": "inleverpunt", "locatieNaam": "Stumpel", "straatNaam": "Appelmarkt", "straatNr": "6", "postcode": "8701 KH", "plaats": "Bolsward", "merk": "Stibat", "puntType": "inzamelbak", "materialen": ["batterijen"], "uitbetaling": [], "vrijToegankelijk": false, "gemeenteBeperking": null, "openingstijden": null, "latitude": 53.0619558, "longitude": 5.5219268, "bronId": "L045562"}}, {"type": "Feature", "geometry": {"type": "Point", "coordinates": [5.5215204, 53.0619967]}, "properties": {"type": "inleverpunt", "locatieNaam": "6208 Etos", "straatNaam": "Appelmarkt", "straatNr": "10", "postcode": "8701 KH", "plaats": "Bolsward", "merk": "Stibat", "puntType": "inzamelbak", "materialen": ["batterijen"], "uitbetaling": [], "vrijToegankelijk": false, "gemeenteBeperking": null, "openingstijden": null, "latitude": 53.0619967, "longitude": 5.5215204, "bronId": "L025310"}}, {"type": "Feature", "geometry": {"type": "Point", "coordinates": [5.5042041, 53.0636941]}, "properties": {"type": "inleverpunt", "locatieNaam": "Karwei", "straatNaam": "De Marne", "straatNr": "102", "postcode": "8701 MC", "plaats": "Bolsward", "merk": "Stibat", "puntType": "inzamelbak", "materialen": ["batterijen"], "uitbetaling": [], "vrijToegankelijk": false, "gemeenteBeperking": null, "openingstijden": null, "latitude": 53.0636941, "longitude": 5.5042041, "bronId": "L007951"}}, {"type": "Feature", "geometry": {"type": "Point", "coordinates": [5.5214644, 53.0624573]}, "properties": {"type": "inleverpunt", "locatieNaam": "Primera", "straatNaam": "Nieuwmarkt", "straatNr": "13", "postcode": "8701 KK", "plaats": "Bolsward", "merk": "Stibat", "puntType": "inzamelbak", "materialen": ["batterijen"], "uitbetaling": [], "vrijToegankelijk": false, "gemeenteBeperking": null, "openingstijden": null, "latitude": 53.0624573, "longitude": 5.5214644, "bronId": "L032152"}}, {"type": "Feature", "geometry": {"type": "Point", "coordinates": [5.52863, 53.061922]}, "properties": {"type": "inleverpunt", "locatieNaam": "Aldi", "straatNaam": "Snekerstraat", "straatNr": "7", "postcode": "8701 XA", "plaats": "Bolsward", "merk": "Stibat", "puntType": "inzamelbak", "materialen": ["batterijen"], "uitbetaling": [], "vrijToegankelijk": false, "gemeenteBeperking": null, "openingstijden": null, "latitude": 53.061922, "longitude": 5.52863, "bronId": "L041561"}}, {"type": "Feature", "geometry": {"type": "Point", "coordinates": [5.5261331, 53.0624889]}, "properties": {"type": "inleverpunt", "locatieNaam": "Vreugdenhil Computers", "straatNaam": "Snekerpoort", "straatNr": "10", "postcode": "8701 HL", "plaats": "Bolsward", "merk": "Stibat", "puntType": "inzamelbak", "materialen": ["batterijen"], "uitbetaling": [], "vrijToegankelijk": false, "gemeenteBeperking": null, "openingstijden": null, "latitude": 53.0624889, "longitude": 5.5261331, "bronId": "L028631"}}, {"type": "Feature", "geometry": {"type": "Point", "coordinates": [5.5123897, 53.064062]}, "properties": {"type": "inleverpunt", "locatieNaam": "Welkoop", "straatNaam": "Industriepark", "straatNr": "11", "postcode": "8701 PN", "plaats": "Bolsward", "merk": "Stibat", "puntType": "inzamelbak", "materialen": ["batterijen"], "uitbetaling": [], "vrijToegankelijk": false, "gemeenteBeperking": null, "openingstijden": null, "latitude": 53.064062, "longitude": 5.5123897, "bronId": "L017997"}}, {"type": "Feature", "geometry": {"type": "Point", "coordinates": [5.5107837, 53.0645254]}, "properties": {"type": "inleverpunt", "locatieNaam": "Vakzaak van der Pol", "straatNaam": "De Ward", "straatNr": "39", "postcode": "8701 MB", "plaats": "Bolsward", "merk": "Stibat", "puntType": "inzamelbak", "materialen": ["batterijen"], "uitbetaling": [], "vrijToegankelijk": false, "gemeenteBeperking": null, "openingstijden": null, "latitude": 53.0645254, "longitude": 5.5107837, "bronId": "L038526"}}, {"type": "Feature", "geometry": {"type": "Point", "coordinates": [5.5198782, 53.064763]}, "properties": {"type": "inleverpunt", "locatieNaam": "Poiesz", "straatNaam": "Peter van Thaborplein", "straatNr": "4", "postcode": "8701 EW", "plaats": "Bolsward", "merk": "Stibat", "puntType": "inzamelbak", "materialen": ["batterijen"], "uitbetaling": [], "vrijToegankelijk": false, "gemeenteBeperking": null, "openingstijden": null, "latitude": 53.064763, "longitude": 5.5198782, "bronId": "L007465"}}, {"type": "Feature", "geometry": {"type": "Point", "coordinates": [5.5198523, 53.0647923]}, "properties": {"type": "inleverpunt", "locatieNaam": "Schoonenberg Hoorcomfort", "straatNaam": "Peter van Thaborplein", "straatNr": "6", "postcode": "8701 EW", "plaats": "Bolsward", "merk": "Stibat", "puntType": "inzamelbak", "materialen": ["batterijen"], "uitbetaling": [], "vrijToegankelijk": false, "gemeenteBeperking": null, "openingstijden": null, "latitude": 53.0647923, "longitude": 5.5198523, "bronId": "L024196"}}, {"type": "Feature", "geometry": {"type": "Point", "coordinates": [5.525816, 53.0653899]}, "properties": {"type": "inleverpunt", "locatieNaam": "Koopmans Tweewielers", "straatNaam": "Grote Dijlakker", "straatNr": "58", "postcode": "8701 KX", "plaats": "Bolsward", "merk": "Stibat", "puntType": "inzamelbak", "materialen": ["batterijen"], "uitbetaling": [], "vrijToegankelijk": false, "gemeenteBeperking": null, "openingstijden": null, "latitude": 53.0653899, "longitude": 5.525816, "bronId": "L029616"}}, {"type": "Feature", "geometry": {"type": "Point", "coordinates": [5.6787636, 53.0586737]}, "properties": {"type": "inleverpunt", "locatieNaam": "Poiesz", "straatNaam": "Legedyk", "straatNr": "30", "postcode": "8629 RN", "plaats": "Scharnegoutum", "merk": "Stibat", "puntType": "inzamelbak", "materialen": ["batterijen"], "uitbetaling": [], "vrijToegankelijk": false, "gemeenteBeperking": null, "openingstijden": null, "latitude": 53.0586737, "longitude": 5.6787636, "bronId": "L005775"}}, {"type": "Feature", "geometry": {"type": "Point", "coordinates": [5.4702705, 53.0997864]}, "properties": {"type": "inleverpunt", "locatieNaam": "Recreatiecentrum Mounewetter", "straatNaam": "Mouneplein", "straatNr": "1", "postcode": "8748 DT", "plaats": "Witmarsum", "merk": "Stibat", "puntType": "inzamelbak", "materialen": ["batterijen"], "uitbetaling": [], "vrijToegankelijk": false, "gemeenteBeperking": null, "openingstijden": null, "latitude": 53.0997864, "longitude": 5.4702705, "bronId": "L003891"}}, {"type": "Feature", "geometry": {"type": "Point", "coordinates": [5.4660686, 53.1017621]}, "properties": {"type": "inleverpunt", "locatieNaam": "Elgersma Rijwielen", "straatNaam": "Kaatsplein", "straatNr": "6", "postcode": "8748 BZ", "plaats": "Witmarssum", "merk": "Stibat", "puntType": "inzamelbak", "materialen": ["batterijen"], "uitbetaling": [], "vrijToegankelijk": false, "gemeenteBeperking": null, "openingstijden": null, "latitude": 53.1017621, "longitude": 5.4660686, "bronId": "L034162"}}, {"type": "Feature", "geometry": {"type": "Point", "coordinates": [5.4709253, 53.1047304]}, "properties": {"type": "inleverpunt", "locatieNaam": "Poiesz", "straatNaam": "Arumerweg", "straatNr": "72", "postcode": "8748 AE", "plaats": "Witmarsum", "merk": "Stibat", "puntType": "inzamelbak", "materialen": ["batterijen"], "uitbetaling": [], "vrijToegankelijk": false, "gemeenteBeperking": null, "openingstijden": null, "latitude": 53.1047304, "longitude": 5.4709253, "bronId": "L027775"}}, {"type": "Feature", "geometry": {"type": "Point", "coordinates": [5.473756, 53.1085248]}, "properties": {"type": "inleverpunt", "locatieNaam": "Loods-15", "straatNaam": "De Tunen", "straatNr": "15", "postcode": "8748 EG", "plaats": "Witmarsum", "merk": "Stibat", "puntType": "inzamelbak", "materialen": ["batterijen"], "uitbetaling": [], "vrijToegankelijk": false, "gemeenteBeperking": null, "openingstijden": null, "latitude": 53.1085248, "longitude": 5.473756, "bronId": "L046137"}}, {"type": "Feature", "geometry": {"type": "Point", "coordinates": [5.6214226, 53.100428]}, "properties": {"type": "inleverpunt", "locatieNaam": "Bos Mechanisatie Easterein", "straatNaam": "Sibadawei", "straatNr": "24", "postcode": "8734 HE", "plaats": "Easterein", "merk": "Stibat", "puntType": "inzamelbak", "materialen": ["batterijen"], "uitbetaling": [], "vrijToegankelijk": false, "gemeenteBeperking": null, "openingstijden": null, "latitude": 53.100428, "longitude": 5.6214226, "bronId": "L047750"}}, {"type": "Feature", "geometry": {"type": "Point", "coordinates": [5.5881621, 53.1085635]}, "properties": {"type": "inleverpunt", "locatieNaam": "Jumbo", "straatNaam": "Terp", "straatNr": "11", "postcode": "8731 AX", "plaats": "Wommels", "merk": "Stibat", "puntType": "inzamelbak", "materialen": ["batterijen"], "uitbetaling": [], "vrijToegankelijk": false, "gemeenteBeperking": null, "openingstijden": null, "latitude": 53.1085635, "longitude": 5.5881621, "bronId": "L009032"}}, {"type": "Feature", "geometry": {"type": "Point", "coordinates": [5.588241, 53.1093366]}, "properties": {"type": "inleverpunt", "locatieNaam": "Warenhuis van der Velde", "straatNaam": "t Noard", "straatNr": "3", "postcode": "8731 BB", "plaats": "Wommels", "merk": "Stibat", "puntType": "inzamelbak", "materialen": ["batterijen"], "uitbetaling": [], "vrijToegankelijk": false, "gemeenteBeperking": null, "openingstijden": null, "latitude": 53.1093366, "longitude": 5.588241, "bronId": "L014479"}}, {"type": "Feature", "geometry": {"type": "Point", "coordinates": [5.5940272, 53.1162512]}, "properties": {"type": "inleverpunt", "locatieNaam": "Brand Oil", "straatNaam": "De Lange Baan", "straatNr": "2", "postcode": "8731 DZ", "plaats": "Wommels", "merk": "Stibat", "puntType": "inzamelbak", "materialen": ["batterijen"], "uitbetaling": [], "vrijToegankelijk": false, "gemeenteBeperking": null, "openingstijden": null, "latitude": 53.1162512, "longitude": 5.5940272, "bronId": "L016665"}}, {"type": "Feature", "geometry": {"type": "Point", "coordinates": [5.5948717, 53.1172603]}, "properties": {"type": "inleverpunt", "locatieNaam": "Bike Totaal De Jong", "straatNaam": "De Iisbaan", "straatNr": "2", "postcode": "8731 DW", "plaats": "Wommels", "merk": "Stibat", "puntType": "inzamelbak", "materialen": ["batterijen"], "uitbetaling": [], "vrijToegankelijk": false, "gemeenteBeperking": null, "openingstijden": null, "latitude": 53.1172603, "longitude": 5.5948717, "bronId": "L016800"}}, {"type": "Feature", "geometry": {"type": "Point", "coordinates": [5.4781709, 53.1289651]}, "properties": {"type": "inleverpunt", "locatieNaam": "Spar", "straatNaam": "van Camminghaweg", "straatNr": "22", "postcode": "8822 WD", "plaats": "Arum", "merk": "Stibat", "puntType": "inzamelbak", "materialen": ["batterijen"], "uitbetaling": [], "vrijToegankelijk": false, "gemeenteBeperking": null, "openingstijden": null, "latitude": 53.1289651, "longitude": 5.4781709, "bronId": "L009458"}}, {"type": "Feature", "geometry": {"type": "Polygon", "coordinates": [[[5.337842001691648, 52.795955004379394], [5.441340001796219, 52.85007200440738], [5.437292001792597, 52.86008900441291], [5.438087001793389, 52.860239004412996], [5.433352001789085, 52.87010900441839], [5.432414001788147, 52.8698700044183], [5.4261020017820405, 52.873294004420245], [5.432809001788722, 52.87465200442088], [5.443652001799407, 52.873721004420204], [5.4504570018060825, 52.87235000441935], [5.457437001812956, 52.871677004418856], [5.457320001812858, 52.8721270044191], [5.457805001813337, 52.87212100441909], [5.465053001820474, 52.871294004418544], [5.465014001820443, 52.87153700441865], [5.467718001823154, 52.872563004419185], [5.468689001824085, 52.87179400441874], [5.472340001827742, 52.87303400441937], [5.473658001828976, 52.87124100441835], [5.476178001831386, 52.86901700441711], [5.477100001832287, 52.868764004416974], [5.485165001840367, 52.87164200441838], [5.487487001842728, 52.87339800441928], [5.490171001845309, 52.87143200441819], [5.492348001847509, 52.87274700441885], [5.495517001850681, 52.87381600441938], [5.495903001851146, 52.87605400442062], [5.50182200185715, 52.88021200442272], [5.4947050018502095, 52.882773004424244], [5.4897120018453975, 52.88603000442608], [5.493845001849625, 52.88983600442806], [5.488766001844714, 52.89279600442971], [5.47696500183341, 52.90223700443504], [5.47718900183365, 52.90274000443531], [5.507604001864493, 52.92438800444638], [5.512268001869201, 52.92720900444781], [5.515507001872453, 52.92867800444853], [5.564779001921762, 52.94748100445765], [5.56902200192588, 52.94553500445654], [5.570387001927167, 52.94387600445566], [5.57281900192951, 52.942246004454724], [5.575007001931522, 52.938105004452495], [5.577259001933643, 52.935205004450864], [5.5789010019352165, 52.93394200445014], [5.580531001936831, 52.93404600445019], [5.5802720019365255, 52.932711004449466], [5.581279001937461, 52.930989004448485], [5.584293001940322, 52.92781400444681], [5.586034001941947, 52.92521200444535], [5.588261001944068, 52.92299200444414], [5.588935001944687, 52.92169500444342], [5.594259001949724, 52.91541200443992], [5.639978001995091, 52.92246900444277], [5.641383001996836, 52.932956004448364], [5.642455001998005, 52.93616700445005], [5.678820002033768, 52.93294800444758], [5.683340002038257, 52.933881004447954], [5.6893260020441305, 52.93296700444734], [5.688630002043482, 52.93411900444796], [5.6881530020431015, 52.93687700444945], [5.690940002046786, 52.96508800446443], [5.690323002046479, 52.97419300446928], [5.687520002043943, 52.98100200447296], [5.687599002044099, 52.98334400447417], [5.688489002045048, 52.98558400447534], [5.691432002048049, 52.98864600447692], [5.699208002055606, 52.98550400447506], [5.705174002061444, 52.984243004474266], [5.706542002062799, 52.98447500447435], [5.7077770020640335, 52.98510900447465], [5.707270002063587, 52.98667800447549], [5.71269300206903, 52.98985400447706], [5.713704002070116, 52.99260200447848], [5.716858002073326, 52.99567700448007], [5.718970002075439, 52.996729004480564], [5.721872002078325, 52.99758200448089], [5.722883002079364, 52.99894500448161], [5.7306160020870545, 53.00127400448272], [5.735037002091394, 53.000848004482314], [5.737481002093806, 53.000985004482374], [5.739435002095741, 53.00130300448247], [5.74225800209855, 53.00230100448297], [5.74252900209883, 53.00263200448308], [5.741500002097868, 53.00429800448403], [5.742183002098574, 53.00535100448456], [5.748824002105184, 53.00758400448555], [5.7487640021051405, 53.00804500448581], [5.748066002104465, 53.00846100448609], [5.738618002095298, 53.012642004488484], [5.733241002090092, 53.01543800449009], [5.736582002093847, 53.02988700449762], [5.755432002112929, 53.04683800450604], [5.767480002124767, 53.04644800450552], [5.767230002124546, 53.04729900450599], [5.768614002125891, 53.046669004505645], [5.769255002126537, 53.0472210045059], [5.770696002127961, 53.047443004505986], [5.7710120021282565, 53.04696800450572], [5.771412002128657, 53.047197004505875], [5.769469002126821, 53.04963300450715], [5.766813002124239, 53.050545004507654], [5.763998002121647, 53.05610200451067], [5.763119002120795, 53.056627004510915], [5.763117002120848, 53.05821500451181], [5.761843002119672, 53.060798004513174], [5.766084002123863, 53.06138800451339], [5.7672110021250145, 53.0628410045141], [5.769286002127072, 53.06340500451437], [5.771596002129376, 53.06449400451485], [5.773233002131031, 53.06587900451555], [5.775747002133531, 53.06669900451594], [5.775054002132844, 53.06664400451589], [5.773564002131612, 53.074109004519826], [5.764283002122683, 53.08027600452326], [5.771004002129313, 53.081076004523524], [5.7726110021309145, 53.08180700452386], [5.774446002132837, 53.08561300452576], [5.773997002132411, 53.08606500452604], [5.7745050021329165, 53.086314004526145], [5.7734930021319375, 53.08678500452639], [5.77281000213129, 53.08761400452686], [5.771288002129797, 53.08765100452693], [5.771203002129725, 53.08796100452709], [5.772042002130559, 53.088380004527274], [5.771384002129936, 53.08910600452762], [5.7781340021366825, 53.092736004529385], [5.782287002140801, 53.094026004529944], [5.782048002140581, 53.09454000453024], [5.784711002143226, 53.095457004530616], [5.785593002144121, 53.09634300453106], [5.786264002144771, 53.0960200045309], [5.787254002145745, 53.09606900453089], [5.788229002146718, 53.09659400453113], [5.787380002145943, 53.09849700453215], [5.7846150021432425, 53.09903000453245], [5.781122002139889, 53.10155700453389], [5.777873002136748, 53.10318500453482], [5.773944002132909, 53.103795004535186], [5.770580002129571, 53.102656004534715], [5.77022900212925, 53.10350700453517], [5.769533002128558, 53.103263004535044], [5.767779002126892, 53.10506400453602], [5.770537002129637, 53.106195004536545], [5.768728002127877, 53.106713004536836], [5.767374002126575, 53.10768100453737], [5.765364002124623, 53.10836400453777], [5.764411002123724, 53.10959100453846], [5.76262800212195, 53.108817004538075], [5.760813002120241, 53.11119500453938], [5.762665002122073, 53.111583004539526], [5.761404002120898, 53.11367900454062], [5.757449002116984, 53.112716004540204], [5.756590002116237, 53.11578100454185], [5.757045002116722, 53.11700500454245], [5.756244002116054, 53.12083700454442], [5.754563002114524, 53.12466300454645], [5.751509002111553, 53.12553400454697], [5.751508002111585, 53.12651600454749], [5.746623002106773, 53.12605800454736], [5.744952002105102, 53.1251380045469], [5.7439400021040745, 53.12394100454633], [5.739887002100079, 53.123543004546214], [5.740260002100423, 53.122905004545906], [5.736179002096386, 53.12190200454546], [5.737154002097311, 53.12083600454491], [5.7332810020934835, 53.120146004544615], [5.732495002092739, 53.12100400454511], [5.729668002089938, 53.12030400454479], [5.7294200020897295, 53.121311004545305], [5.729073002089383, 53.12121600454527], [5.727842002088214, 53.12250700454596], [5.7251240020855825, 53.12359500454661], [5.724450002084914, 53.12344000454655], [5.721108002081537, 53.12048900454508], [5.720151002080616, 53.12107900454542], [5.718393002078846, 53.119729004544766], [5.71794800207844, 53.12068600454527], [5.711601002072172, 53.1196350045449], [5.707939002068578, 53.11969900454502], [5.7076160020682405, 53.1191180045447], [5.705202002065829, 53.11789700454414], [5.7042440020649074, 53.11851100454443], [5.703003002063658, 53.117632004544056], [5.7034050020640485, 53.11741200454393], [5.700613002061252, 53.11577500454318], [5.697768002058522, 53.11775400454425], [5.698245002059019, 53.11866600454468], [5.697091002057904, 53.11920100454498], [5.696312002057134, 53.11912200454496], [5.6954160020563736, 53.12272000454682], [5.695062002056025, 53.122694004546844], [5.695433002056401, 53.123009004546994], [5.69328800205429, 53.12295600454702], [5.695617002056706, 53.126826004548946], [5.691539002052716, 53.127256004549274], [5.692233002053448, 53.12884800455004], [5.689234002050526, 53.129546004550505], [5.68794400204924, 53.12903300455027], [5.685974002047335, 53.12986700455074], [5.684881002046206, 53.12826700454995], [5.68077000204217, 53.12833600455006], [5.680037002041458, 53.12857500455023], [5.673386002034819, 53.125341004548666], [5.674340002035751, 53.12517900454862], [5.671685002033095, 53.123728004547864], [5.671999002033396, 53.12351700454779], [5.671378002032774, 53.1231620045476], [5.671856002033235, 53.122951004547495], [5.6684920020298675, 53.120978004546565], [5.667680002029092, 53.12168900454693], [5.664584002025981, 53.11967300454596], [5.664940002026305, 53.11884300454551], [5.662256002023642, 53.11810000454519], [5.6627410020241, 53.1175120045449], [5.659484002020848, 53.11598500454415], [5.656514002017807, 53.11236400454236], [5.647562002009144, 53.11626000454461], [5.646413002008014, 53.116350004544636], [5.644104002005924, 53.121619004547405], [5.643103002004986, 53.12287700454809], [5.637965001999967, 53.12371600454861], [5.635400001997504, 53.12541400454956], [5.63218700199435, 53.125589004549695], [5.632089001994278, 53.12627000455007], [5.631386001993582, 53.12614200454999], [5.627424001989709, 53.12670300455037], [5.6270630019893675, 53.1270880045506], [5.627666001989992, 53.12800400455105], [5.627268001989614, 53.12834000455123], [5.6249840019873565, 53.12804000455113], [5.62448100198687, 53.12820000455121], [5.621923001984311, 53.12692100455063], [5.624483001986881, 53.12848000455136], [5.626066001988518, 53.1309260045526], [5.6262360019887225, 53.13200800455314], [5.624210001986795, 53.133891004554144], [5.625413001987991, 53.134187004554256], [5.623452001986129, 53.136107004555285], [5.622216001984987, 53.13824800455642], [5.62122000198399, 53.13774100455616], [5.621508001984266, 53.13745300455604], [5.620367001983134, 53.13711300455587], [5.620541001983298, 53.13691700455574], [5.61868600198146, 53.13643000455553], [5.618901001981656, 53.13605200455536], [5.617991001980762, 53.13606800455538], [5.617271001980034, 53.13546100455504], [5.6170600019798345, 53.1356630045552], [5.612751001975527, 53.13361900455423], [5.61282100197559, 53.133324004554105], [5.611959001974733, 53.13316700455399], [5.596331001959131, 53.125964004550625], [5.594421001957376, 53.12947000455247], [5.59123200195422, 53.128818004552215], [5.589950001953034, 53.13100200455337], [5.587641001950746, 53.130335004553075], [5.586616001949769, 53.13124600455355], [5.5859200019490745, 53.130997004553464], [5.582861001946121, 53.132477004554254], [5.5840340019473285, 53.13394900455503], [5.5824560019457445, 53.13311000455461], [5.581759001945065, 53.13323800455467], [5.58175600194508, 53.13375000455495], [5.579275001942639, 53.133634004554935], [5.578027001941425, 53.13403600455518], [5.577603001940997, 53.133693004555006], [5.5753110019387675, 53.13429200455537], [5.574917001938349, 53.13341300455492], [5.574361001937803, 53.13350900455494], [5.574188001937607, 53.132649004554516], [5.574550001937959, 53.132585004554514], [5.573830001937197, 53.1310800045537], [5.572746001936124, 53.130891004553646], [5.572629001935996, 53.13044800455343], [5.571192001934561, 53.12987400455315], [5.570056001933455, 53.1301090045533], [5.568308001931716, 53.12952400455305], [5.566979001930415, 53.12976000455318], [5.564848001928315, 53.1295430045531], [5.562604001926134, 53.130232004553505], [5.563603001927153, 53.13124300455404], [5.56211900192571, 53.1315870045542], [5.559929001923663, 53.13463700455583], [5.5581270019218785, 53.13428700455567], [5.557524001921303, 53.13472200455592], [5.555381001919194, 53.13460400455592], [5.554191001917964, 53.13293800455506], [5.550731001914605, 53.134124004555765], [5.549224001913187, 53.13580700455662], [5.547396001911431, 53.13697600455728], [5.54737100191142, 53.137343004557465], [5.544935001909058, 53.13831100455803], [5.543883001908032, 53.13841100455805], [5.541914001906159, 53.14014100455901], [5.539560001903874, 53.140975004559486], [5.539255001903614, 53.14195800456003], [5.537664001902053, 53.142081004560076], [5.538059001902522, 53.14437000456129], [5.531212001895921, 53.14788900456318], [5.530489001895192, 53.1473270045629], [5.529025001893745, 53.14710500456283], [5.527910001892607, 53.145926004562256], [5.524646001889386, 53.14554400456212], [5.520857001885696, 53.14641500456259], [5.51507800187999, 53.14572800456236], [5.51153300187651, 53.14574200456242], [5.5101990018751525, 53.14454100456185], [5.512396001877262, 53.143149004561096], [5.511705001876548, 53.142166004560586], [5.512505001877321, 53.14187100456046], [5.510398001875185, 53.140080004559536], [5.512940001877629, 53.13858100455872], [5.508221001872916, 53.136608004557814], [5.504986001869669, 53.1347270045569], [5.504738001869448, 53.13533900455724], [5.503315001868062, 53.13568600455745], [5.5027080018674575, 53.13548400455733], [5.5023190018670896, 53.13588500455757], [5.501084001865891, 53.13620800455776], [5.502888001867724, 53.13784900455857], [5.5008900018657805, 53.13841700455886], [5.501011001865921, 53.1390220045592], [5.497898001862923, 53.14074500456013], [5.496872001861905, 53.14039100455998], [5.492519001857684, 53.14201200456087], [5.488271001853373, 53.13830500455907], [5.484322001849439, 53.13698800455841], [5.480973001846209, 53.13861600455932], [5.4829290018481425, 53.13882400455938], [5.484243001849469, 53.139845004559916], [5.486698001851903, 53.14036400456015], [5.487102001852323, 53.14100000456044], [5.484597001849891, 53.14173800456088], [5.482730001848044, 53.14148200456078], [5.4805830018459645, 53.1422970045612], [5.479665001845087, 53.14299000456163], [5.477269001842734, 53.14294200456164], [5.478497001844027, 53.14529200456282], [5.474744001840381, 53.146401004563444], [5.474304001839933, 53.14599200456324], [5.472114001837808, 53.14663200456354], [5.471656001837346, 53.146420004563495], [5.469644001835321, 53.14512700456286], [5.469453001835102, 53.14426000456245], [5.468338001833971, 53.14333300456198], [5.464841001830565, 53.14425300456252], [5.464302001830028, 53.14402700456238], [5.46143600182723, 53.14454700456268], [5.4630280018288975, 53.14726800456408], [5.454678001820709, 53.147646004564415], [5.452855001818928, 53.14803600456465], [5.452061001818201, 53.14939500456536], [5.4512720018174425, 53.14987600456562], [5.444629001810963, 53.15109900456635], [5.443908001810208, 53.149937004565786], [5.442740001809073, 53.150271004565965], [5.442650001809017, 53.151090004566406], [5.440765001807171, 53.15126000456653], [5.438941001805413, 53.15213400456698], [5.435176001801734, 53.15278300456735], [5.435510001802092, 53.153526004567745], [5.435283001801862, 53.1533270045676], [5.428098001794802, 53.153366004567786], [5.4264190017931435, 53.153132004567674], [5.426617001793349, 53.153365004567796], [5.424184001790955, 53.15333800456786], [5.424032001790819, 53.153669004568016], [5.421436001788271, 53.153814004568105], [5.417090001783884, 53.150822004566656], [5.414196001781071, 53.15163600456712], [5.414895001781781, 53.15219500456742], [5.413032001779978, 53.15288500456778], [5.4126910017796055, 53.15196700456735], [5.410803001777738, 53.151652004567175], [5.406640001773688, 53.1527210045678], [5.402146001768216, 53.125764004554014], [5.3722750017381244, 53.107793004545194], [5.372279001737573, 53.09377800453794], [5.348411001713509, 53.07964600453096], [5.344199001709294, 53.07789200453008], [5.3371900017023375, 53.07651300452945], [5.3365300017017185, 53.07727600452986], [5.335188001700389, 53.07714100452985], [5.334200001699518, 53.079658004531154], [5.332901001698264, 53.080244004531444], [5.323659001689119, 53.079159004531], [5.323198001688646, 53.07868400453083], [5.324910001690166, 53.07460500452864], [5.300345001665812, 53.070678004526926], [5.2968210016623045, 53.069774004526515], [5.293314001658796, 53.06845900452588], [5.205126001569931, 53.02240900450278], [5.201684001566474, 53.020908004502004], [5.20145600156623, 53.02049300450177], [5.164249001528678, 53.001004004491925], [5.169135001533351, 52.99761200449006], [5.238682001596724, 52.87406100442323], [5.337842001691648, 52.795955004379394]]]}, "properties": {"type": "boundary", "gemeente": "Súdwest-Fryslân"}}]}