{"type": "FeatureCollection", "metadata": {"gemeente": "Tilburg", "slug": "tilburg", "generated_at": "2026-07-28T10:02:02.095237Z", "total_points": 379, "merken": ["StatiegeldNederland", "Stibat", "StichtingOPEN"], "bounds": [4.972334, 51.5362571, 5.1609689, 51.6119994]}, "features": [{"type": "Feature", "geometry": {"type": "Point", "coordinates": [5.0189864, 51.5816076]}, "properties": {"type": "inleverpunt", "locatieNaam": "Albert Heijn", "straatNaam": "Buurmalsenplein", "straatNr": "1", "postcode": "5043 XL", "plaats": "Tilburg", "merk": "StatiegeldNederland", "puntType": "automaat", "materialen": ["pet-groot", "pet-klein", "blik", "glas", "krat"], "uitbetaling": ["bonnetje", "donatie"], "vrijToegankelijk": true, "gemeenteBeperking": null, "openingstijden": {"ma": "08:00–21:00", "di": "08:00–21:00", "wo": "08:00–21:00", "do": "08:00–21:00", "vr": "08:00–21:00", "za": "08:00–21:00", "zo": "09:00–21:00"}, "latitude": 51.5816076, "longitude": 5.0189864, "bronId": "252086"}}, {"type": "Feature", "geometry": {"type": "Point", "coordinates": [4.9838266, 51.5826154]}, "properties": {"type": "inleverpunt", "locatieNaam": "Albert Heijn", "straatNaam": "Dalempromenade", "straatNr": "40", "postcode": "5035 KL", "plaats": "Tilburg", "merk": "StatiegeldNederland", "puntType": "automaat", "materialen": ["pet-groot", "pet-klein", "blik", "glas", "krat"], "uitbetaling": ["bonnetje", "donatie"], "vrijToegankelijk": true, "gemeenteBeperking": null, "openingstijden": {"ma": "07:00–22:00", "di": "07:00–22:00", "wo": "07:00–22:00", "do": "07:00–22:00", "vr": "07:00–22:00", "za": "07:00–22:00", "zo": "07:00–22:00"}, "latitude": 51.5826154, "longitude": 4.9838266, "bronId": "252109"}}, {"type": "Feature", "geometry": {"type": "Point", "coordinates": [5.075204, 51.5632282]}, "properties": {"type": "inleverpunt", "locatieNaam": "Albert Heijn", "straatNaam": "J. Heijnsstraat", "straatNr": "10", "postcode": "5041 GB", "plaats": "Tilburg", "merk": "StatiegeldNederland", "puntType": "automaat", "materialen": ["pet-groot", "pet-klein", "blik", "glas", "krat"], "uitbetaling": ["bonnetje", "donatie"], "vrijToegankelijk": true, "gemeenteBeperking": null, "openingstijden": {"ma": "07:00–22:00", "di": "07:00–22:00", "wo": "07:00–22:00", "do": "07:00–22:00", "vr": "07:00–22:00", "za": "07:00–22:00", "zo": "07:00–22:00"}, "latitude": 51.5632282, "longitude": 5.075204, "bronId": "252351"}}, {"type": "Feature", "geometry": {"type": "Point", "coordinates": [5.1352488, 51.5862667]}, "properties": {"type": "inleverpunt", "locatieNaam": "Albert Heijn", "straatNaam": "Koningsoord", "straatNr": "137", "postcode": "5057 DL", "plaats": "Berkel Enschot", "merk": "StatiegeldNederland", "puntType": "automaat", "materialen": ["pet-groot", "pet-klein", "blik", "glas", "krat"], "uitbetaling": ["bonnetje", "donatie"], "vrijToegankelijk": true, "gemeenteBeperking": null, "openingstijden": {"ma": "08:00–21:00", "di": "08:00–21:00", "wo": "08:00–21:00", "do": "08:00–21:00", "vr": "08:00–21:00", "za": "08:00–21:00", "zo": "08:00–20:00"}, "latitude": 51.5862667, "longitude": 5.1352488, "bronId": "252425"}}, {"type": "Feature", "geometry": {"type": "Point", "coordinates": [5.067052, 51.5489274]}, "properties": {"type": "inleverpunt", "locatieNaam": "Albert Heijn", "straatNaam": "Korvelplein", "straatNr": "191", "postcode": "5025 JX", "plaats": "Tilburg", "merk": "StatiegeldNederland", "puntType": "automaat", "materialen": ["pet-groot", "pet-klein", "blik", "glas", "krat"], "uitbetaling": ["bonnetje", "donatie"], "vrijToegankelijk": true, "gemeenteBeperking": null, "openingstijden": {"ma": "08:00–22:00", "di": "08:00–22:00", "wo": "08:00–22:00", "do": "08:00–22:00", "vr": "08:00–22:00", "za": "08:00–22:00", "zo": "09:00–22:00"}, "latitude": 51.5489274, "longitude": 5.067052, "bronId": "252432"}}, {"type": "Feature", "geometry": {"type": "Point", "coordinates": [5.0907062, 51.5543375]}, "properties": {"type": "inleverpunt", "locatieNaam": "Albert Heijn", "straatNaam": "Piusplein", "straatNr": "34", "postcode": "5038 WH", "plaats": "Tilburg", "merk": "StatiegeldNederland", "puntType": "automaat", "materialen": ["pet-groot", "pet-klein", "blik", "glas", "krat"], "uitbetaling": ["bonnetje", "donatie"], "vrijToegankelijk": true, "gemeenteBeperking": null, "openingstijden": {"ma": "08:00–21:00", "di": "08:00–21:00", "wo": "08:00–21:00", "do": "08:00–21:00", "vr": "08:00–21:00", "za": "08:00–21:00", "zo": "08:00–21:00"}, "latitude": 51.5543375, "longitude": 5.0907062, "bronId": "252633"}}, {"type": "Feature", "geometry": {"type": "Point", "coordinates": [5.0492727, 51.5620495]}, "properties": {"type": "inleverpunt", "locatieNaam": "Albert Heijn", "straatNaam": "Professor De Moorplein", "straatNr": "124", "postcode": "5037 DN", "plaats": "Tilburg", "merk": "StatiegeldNederland", "puntType": "automaat", "materialen": ["pet-groot", "pet-klein", "blik", "glas", "krat"], "uitbetaling": ["bonnetje", "donatie"], "vrijToegankelijk": true, "gemeenteBeperking": null, "openingstijden": {"ma": "08:00–22:00", "di": "08:00–22:00", "wo": "08:00–22:00", "do": "08:00–22:00", "vr": "08:00–22:00", "za": "08:00–22:00", "zo": "10:00–22:00"}, "latitude": 51.5620495, "longitude": 5.0492727, "bronId": "252653"}}, {"type": "Feature", "geometry": {"type": "Point", "coordinates": [5.0399328, 51.5762343]}, "properties": {"type": "inleverpunt", "locatieNaam": "Albert Heijn", "straatNaam": "Umberstraat", "straatNr": "2", "postcode": "5044 JJ", "plaats": "Tilburg", "merk": "StatiegeldNederland", "puntType": "automaat", "materialen": ["pet-groot", "pet-klein", "blik", "glas", "krat"], "uitbetaling": ["bonnetje", "donatie"], "vrijToegankelijk": true, "gemeenteBeperking": null, "openingstijden": {"ma": "08:00–22:00", "di": "08:00–22:00", "wo": "08:00–22:00", "do": "08:00–22:00", "vr": "08:00–22:00", "za": "08:00–22:00", "zo": "08:00–22:00"}, "latitude": 51.5762343, "longitude": 5.0399328, "bronId": "252824"}}, {"type": "Feature", "geometry": {"type": "Point", "coordinates": [5.0858333, 51.5838889]}, "properties": {"type": "inleverpunt", "locatieNaam": "Albert Heijn", "straatNaam": "Wagnerplein", "straatNr": "52", "postcode": "5011 LR", "plaats": "Tilburg", "merk": "StatiegeldNederland", "puntType": "automaat", "materialen": ["pet-groot", "pet-klein", "blik", "glas", "krat"], "uitbetaling": ["bonnetje", "donatie"], "vrijToegankelijk": true, "gemeenteBeperking": null, "openingstijden": {"ma": "08:00–22:00", "di": "08:00–22:00", "wo": "08:00–22:00", "do": "08:00–22:00", "vr": "08:00–22:00", "za": "08:00–22:00", "zo": "08:00–21:00"}, "latitude": 51.5838889, "longitude": 5.0858333, "bronId": "252893"}}, {"type": "Feature", "geometry": {"type": "Point", "coordinates": [5.0542988, 51.5701539]}, "properties": {"type": "inleverpunt", "locatieNaam": "Albert Heijn", "straatNaam": "Westermarkt", "straatNr": "17", "postcode": "5042 MC", "plaats": "Tilburg", "merk": "StatiegeldNederland", "puntType": "automaat", "materialen": ["pet-groot", "pet-klein", "blik", "glas", "krat"], "uitbetaling": ["bonnetje", "donatie"], "vrijToegankelijk": true, "gemeenteBeperking": null, "openingstijden": {"ma": "08:00–21:00", "di": "08:00–21:00", "wo": "08:00–21:00", "do": "08:00–21:00", "vr": "08:00–21:00", "za": "08:00–21:00", "zo": "09:00–21:00"}, "latitude": 51.5701539, "longitude": 5.0542988, "bronId": "252908"}}, {"type": "Feature", "geometry": {"type": "Point", "coordinates": [5.1100347, 51.584522]}, "properties": {"type": "inleverpunt", "locatieNaam": "Albert Heijn To Go", "straatNaam": "BURGEMEESTER BECHTWEG", "straatNr": "50", "postcode": "5012 TL", "plaats": "Tilburg", "merk": "StatiegeldNederland", "puntType": "balie", "materialen": ["pet-groot", "pet-klein", "blik"], "uitbetaling": [], "vrijToegankelijk": true, "gemeenteBeperking": null, "openingstijden": {"ma": "06:00–21:00", "di": "06:00–21:00", "wo": "06:00–21:00", "do": "06:00–21:00", "vr": "06:00–21:00", "za": "08:00–21:00", "zo": "08:00–21:00"}, "latitude": 51.584522, "longitude": 5.1100347, "bronId": "252963"}}, {"type": "Feature", "geometry": {"type": "Point", "coordinates": [5.0289282, 51.5946842]}, "properties": {"type": "inleverpunt", "locatieNaam": "Afbouw groep Vermeer, Tilburg", "straatNaam": "Broekhovenseweg", "straatNr": "130-03", "postcode": "5021 LJ", "plaats": "Tilburg", "merk": "StatiegeldNederland", "puntType": "automaat", "materialen": ["pet-groot", "pet-klein", "blik", "krat"], "uitbetaling": ["bonnetje", "donatie", "tikkie"], "vrijToegankelijk": true, "gemeenteBeperking": null, "openingstijden": {"ma": "06:00–23:00", "di": "06:00–23:00", "wo": "06:00–23:00", "do": "06:00–23:00", "vr": "06:00–23:00", "za": "07:00–23:00", "zo": "07:00–23:00"}, "latitude": 51.5946842, "longitude": 5.0289282, "bronId": "252979"}}, {"type": "Feature", "geometry": {"type": "Point", "coordinates": [5.1000201, 51.5680793]}, "properties": {"type": "inleverpunt", "locatieNaam": "Aldi", "straatNaam": "Dijksterhuisstraat", "straatNr": "88", "postcode": "5013 BG", "plaats": "Tilburg", "merk": "StatiegeldNederland", "puntType": "automaat", "materialen": ["pet-groot", "pet-klein", "blik", "glas", "krat"], "uitbetaling": ["bonnetje"], "vrijToegankelijk": true, "gemeenteBeperking": null, "openingstijden": {"ma": "08:00–20:00", "di": "08:00–20:00", "wo": "08:00–20:00", "do": "08:00–20:00", "vr": "08:00–20:00", "za": "08:00–20:00", "zo": "09:00–19:00"}, "latitude": 51.5680793, "longitude": 5.1000201, "bronId": "253073"}}, {"type": "Feature", "geometry": {"type": "Point", "coordinates": [5.0652977, 51.5737706]}, "properties": {"type": "inleverpunt", "locatieNaam": "Aldi", "straatNaam": "Frans van Spaendonckplein", "straatNr": "1", "postcode": "5042 GP", "plaats": "Tilburg", "merk": "StatiegeldNederland", "puntType": "automaat", "materialen": ["pet-groot", "pet-klein", "blik", "glas", "krat"], "uitbetaling": ["bonnetje"], "vrijToegankelijk": true, "gemeenteBeperking": null, "openingstijden": {"ma": "08:00–20:00", "di": "08:00–20:00", "wo": "08:00–20:00", "do": "08:00–20:00", "vr": "08:00–20:00", "za": "08:00–20:00", "zo": "09:00–19:00"}, "latitude": 51.5737706, "longitude": 5.0652977, "bronId": "253109"}}, {"type": "Feature", "geometry": {"type": "Point", "coordinates": [5.0759873, 51.5631024]}, "properties": {"type": "inleverpunt", "locatieNaam": "Aldi", "straatNaam": "Jan Heijnstraat", "straatNr": "10", "postcode": "5041 GB", "plaats": "Tilburg", "merk": "StatiegeldNederland", "puntType": "automaat", "materialen": ["pet-groot", "pet-klein", "blik", "glas", "krat"], "uitbetaling": ["bonnetje"], "vrijToegankelijk": true, "gemeenteBeperking": null, "openingstijden": {"ma": "08:00–20:00", "di": "08:00–20:00", "wo": "08:00–20:00", "do": "08:00–20:00", "vr": "08:00–20:00", "za": "08:00–20:00", "zo": "09:00–19:00"}, "latitude": 51.5631024, "longitude": 5.0759873, "bronId": "253183"}}, {"type": "Feature", "geometry": {"type": "Point", "coordinates": [5.134041, 51.587143]}, "properties": {"type": "inleverpunt", "locatieNaam": "Aldi", "straatNaam": "Koningsoord", "straatNr": "1", "postcode": "5057 DK", "plaats": "Berkel Enschot", "merk": "StatiegeldNederland", "puntType": "automaat", "materialen": ["pet-groot", "pet-klein", "blik", "glas", "krat"], "uitbetaling": ["bonnetje"], "vrijToegankelijk": true, "gemeenteBeperking": null, "openingstijden": {"ma": "08:00–20:00", "di": "08:00–20:00", "wo": "08:00–20:00", "do": "08:00–20:00", "vr": "08:00–20:00", "za": "08:00–19:00", "zo": "09:00–18:00"}, "latitude": 51.587143, "longitude": 5.134041, "bronId": "253214"}}, {"type": "Feature", "geometry": {"type": "Point", "coordinates": [5.037771, 51.575215]}, "properties": {"type": "inleverpunt", "locatieNaam": "Aldi", "straatNaam": "Paletplein", "straatNr": "1", "postcode": "5044 JB", "plaats": "Tilburg", "merk": "StatiegeldNederland", "puntType": "automaat", "materialen": ["pet-groot", "pet-klein", "blik", "glas", "krat"], "uitbetaling": ["bonnetje"], "vrijToegankelijk": true, "gemeenteBeperking": null, "openingstijden": {"ma": "08:00–20:00", "di": "08:00–20:00", "wo": "08:00–20:00", "do": "08:00–20:00", "vr": "08:00–20:00", "za": "08:00–20:00", "zo": "09:00–19:00"}, "latitude": 51.575215, "longitude": 5.037771, "bronId": "253309"}}, {"type": "Feature", "geometry": {"type": "Point", "coordinates": [5.085297, 51.5466637]}, "properties": {"type": "inleverpunt", "locatieNaam": "Aldi", "straatNaam": "Transvaalplein", "straatNr": "45", "postcode": "5021 TD", "plaats": "Tilburg", "merk": "StatiegeldNederland", "puntType": "automaat", "materialen": ["pet-groot", "pet-klein", "blik", "glas", "krat"], "uitbetaling": ["bonnetje"], "vrijToegankelijk": true, "gemeenteBeperking": null, "openingstijden": {"ma": "08:00–20:00", "di": "08:00–20:00", "wo": "08:00–20:00", "do": "08:00–20:00", "vr": "08:00–20:00", "za": "08:00–20:00", "zo": "09:00–19:00"}, "latitude": 51.5466637, "longitude": 5.085297, "bronId": "253392"}}, {"type": "Feature", "geometry": {"type": "Point", "coordinates": [5.07903, 51.590612]}, "properties": {"type": "inleverpunt", "locatieNaam": "Aldi", "straatNaam": "Verdiplein 95+96", "straatNr": "", "postcode": "5049 NP", "plaats": "Tilburg", "merk": "StatiegeldNederland", "puntType": "automaat", "materialen": ["pet-groot", "pet-klein", "blik", "glas", "krat"], "uitbetaling": ["bonnetje"], "vrijToegankelijk": true, "gemeenteBeperking": null, "openingstijden": {"ma": "08:00–20:00", "di": "08:00–20:00", "wo": "08:00–20:00", "do": "08:00–20:00", "vr": "08:00–20:00", "za": "08:00–20:00", "zo": "09:00–19:00"}, "latitude": 51.590612, "longitude": 5.07903, "bronId": "253413"}}, {"type": "Feature", "geometry": {"type": "Point", "coordinates": [5.0663164, 51.5833063]}, "properties": {"type": "inleverpunt", "locatieNaam": "ANAC Tilburg *", "straatNaam": "Kraaivenstraat", "straatNr": "22", "postcode": "5048 AB", "plaats": "Tilburg", "merk": "StatiegeldNederland", "puntType": "automaat", "materialen": ["pet-klein", "blik"], "uitbetaling": ["donatie", "tikkie"], "vrijToegankelijk": true, "gemeenteBeperking": null, "openingstijden": {"ma": "07:00–19:00", "di": "07:00–19:00", "wo": "07:00–19:00", "do": "07:00–19:00", "vr": "07:00–19:00", "za": "Gesloten", "zo": "Gesloten"}, "latitude": 51.5833063, "longitude": 5.0663164, "bronId": "253498"}}, {"type": "Feature", "geometry": {"type": "Point", "coordinates": [5.1028825, 51.5669475]}, "properties": {"type": "inleverpunt", "locatieNaam": "Appel 2375 - Vion Tilburg", "straatNaam": "Enschotsestraat", "straatNr": "28", "postcode": "5013 BD", "plaats": "Tilburg", "merk": "StatiegeldNederland", "puntType": "balie", "materialen": ["pet-groot", "pet-klein", "blik"], "uitbetaling": [], "vrijToegankelijk": true, "gemeenteBeperking": null, "openingstijden": {"ma": "08:00–17:00", "di": "08:00–17:00", "wo": "08:00–17:00", "do": "08:00–17:00", "vr": "08:00–17:00", "za": "Gesloten", "zo": "Gesloten"}, "latitude": 51.5669475, "longitude": 5.1028825, "bronId": "253543"}}, {"type": "Feature", "geometry": {"type": "Point", "coordinates": [5.0879134, 51.5630988]}, "properties": {"type": "inleverpunt", "locatieNaam": "Appel 2540 Wonen Breburg Tilb. Jvo", "straatNaam": "Joannes van Oisterwijkstraat", "straatNr": "35", "postcode": "5041 AB", "plaats": "Tilburg", "merk": "StatiegeldNederland", "puntType": "balie", "materialen": ["pet-groot", "pet-klein", "blik"], "uitbetaling": [], "vrijToegankelijk": true, "gemeenteBeperking": null, "openingstijden": {"ma": "09:00–17:00", "di": "09:00–17:00", "wo": "09:00–17:00", "do": "09:00–17:00", "vr": "09:00–17:00", "za": "Gesloten", "zo": "Gesloten"}, "latitude": 51.5630988, "longitude": 5.0879134, "bronId": "253571"}}, {"type": "Feature", "geometry": {"type": "Point", "coordinates": [5.0879134, 51.5630988]}, "properties": {"type": "inleverpunt", "locatieNaam": "Appel 2541 Wonen Breburg Tilb. Rn", "straatNaam": "Ringbaan Noord", "straatNr": "165", "postcode": "5046 AA", "plaats": "Tilburg", "merk": "StatiegeldNederland", "puntType": "balie", "materialen": ["pet-groot", "pet-klein", "blik"], "uitbetaling": [], "vrijToegankelijk": true, "gemeenteBeperking": null, "openingstijden": {"ma": "09:00–17:00", "di": "09:00–17:00", "wo": "09:00–17:00", "do": "09:00–17:00", "vr": "09:00–17:00", "za": "Gesloten", "zo": "Gesloten"}, "latitude": 51.5630988, "longitude": 5.0879134, "bronId": "253572"}}, {"type": "Feature", "geometry": {"type": "Point", "coordinates": [5.0574074, 51.5617304]}, "properties": {"type": "inleverpunt", "locatieNaam": "Cg 1242 Avans Hs", "straatNaam": "Professor Cobbenhagenlaan", "straatNr": "13", "postcode": "5037 DA", "plaats": "Tilburg", "merk": "StatiegeldNederland", "puntType": "balie", "materialen": ["pet-groot", "pet-klein", "blik"], "uitbetaling": [], "vrijToegankelijk": true, "gemeenteBeperking": null, "openingstijden": {"ma": "08:00–18:30", "di": "08:00–22:00", "wo": "08:00–18:30", "do": "08:00–22:00", "vr": "08:00–18:30", "za": "Gesloten", "zo": "Gesloten"}, "latitude": 51.5617304, "longitude": 5.0574074, "bronId": "254031"}}, {"type": "Feature", "geometry": {"type": "Point", "coordinates": [5.0540102, 51.5404813]}, "properties": {"type": "inleverpunt", "locatieNaam": "Cg 1387 Bosch", "straatNaam": "Dr. Hub van Doorneweg", "straatNr": "120", "postcode": "5026 RA", "plaats": "Tilburg", "merk": "StatiegeldNederland", "puntType": "balie", "materialen": ["pet-groot", "pet-klein", "blik"], "uitbetaling": [], "vrijToegankelijk": true, "gemeenteBeperking": null, "openingstijden": {"ma": "24 uur geopend", "di": "24 uur geopend", "wo": "24 uur geopend", "do": "24 uur geopend", "vr": "24 uur geopend", "za": "24 uur geopend", "zo": "24 uur geopend"}, "latitude": 51.5404813, "longitude": 5.0540102, "bronId": "254040"}}, {"type": "Feature", "geometry": {"type": "Point", "coordinates": [5.0660751, 51.574215]}, "properties": {"type": "inleverpunt", "locatieNaam": "Circlek Servauto - De Rotonde", "straatNaam": "Ringbaan West", "straatNr": "7", "postcode": "5042 AA", "plaats": "Tilburg", "merk": "StatiegeldNederland", "puntType": "balie", "materialen": ["pet-groot", "pet-klein", "blik"], "uitbetaling": [], "vrijToegankelijk": true, "gemeenteBeperking": null, "openingstijden": {"ma": "24 uur geopend", "di": "24 uur geopend", "wo": "24 uur geopend", "do": "24 uur geopend", "vr": "24 uur geopend", "za": "24 uur geopend", "zo": "24 uur geopend"}, "latitude": 51.574215, "longitude": 5.0660751, "bronId": "254137"}}, {"type": "Feature", "geometry": {"type": "Point", "coordinates": [5.0787101, 51.5953348]}, "properties": {"type": "inleverpunt", "locatieNaam": "Groenrijk Tilburg", "straatNaam": "Stokhasseltlaan", "straatNr": "39", "postcode": "5049 TB", "plaats": "Tilburg", "merk": "StatiegeldNederland", "puntType": "automaat", "materialen": ["pet-groot", "pet-klein", "blik"], "uitbetaling": ["bonnetje", "donatie", "tikkie"], "vrijToegankelijk": true, "gemeenteBeperking": null, "openingstijden": null, "latitude": 51.5953348, "longitude": 5.0787101, "bronId": "254891"}}, {"type": "Feature", "geometry": {"type": "Point", "coordinates": [5.0793873, 51.5553442]}, "properties": {"type": "inleverpunt", "locatieNaam": "Ekoplaza", "straatNaam": "SCHOUWBURGRING", "straatNr": "563", "postcode": "5038 TX", "plaats": "Tilburg", "merk": "StatiegeldNederland", "puntType": "balie", "materialen": ["pet-groot", "pet-klein", "blik"], "uitbetaling": [], "vrijToegankelijk": true, "gemeenteBeperking": null, "openingstijden": {"ma": "08:30–19:00", "di": "08:30–19:00", "wo": "08:30–19:00", "do": "08:30–19:00", "vr": "08:30–19:00", "za": "08:30–19:00", "zo": "11:00–19:00"}, "latitude": 51.5553442, "longitude": 5.0793873, "bronId": "254680"}}, {"type": "Feature", "geometry": {"type": "Point", "coordinates": [5.0798067, 51.5387839]}, "properties": {"type": "inleverpunt", "locatieNaam": "Fontys", "straatNaam": "Professor Goossenslaan", "straatNr": "1", "postcode": "5022 DM", "plaats": "Tilburg", "merk": "StatiegeldNederland", "puntType": "automaat", "materialen": ["pet-groot", "pet-klein", "blik"], "uitbetaling": ["bonnetje", "donatie", "tikkie"], "vrijToegankelijk": true, "gemeenteBeperking": null, "openingstijden": null, "latitude": 51.5387839, "longitude": 5.0798067, "bronId": "254792"}}, {"type": "Feature", "geometry": {"type": "Point", "coordinates": [5.1467337, 51.5958518]}, "properties": {"type": "inleverpunt", "locatieNaam": "Handboogvereniging De Meierijers", "straatNaam": "Hoolstraat", "straatNr": "4a", "postcode": "5056 CS", "plaats": "Berkel-enschot", "merk": "StatiegeldNederland", "puntType": "balie", "materialen": ["pet-groot", "pet-klein", "blik"], "uitbetaling": [], "vrijToegankelijk": false, "gemeenteBeperking": null, "openingstijden": {"ma": "19:00–21:00", "di": "19:00–23:00", "wo": "Gesloten", "do": "19:00–23:00", "vr": "Gesloten", "za": "Gesloten", "zo": "11:00–13:00"}, "latitude": 51.5958518, "longitude": 5.1467337, "bronId": "254934"}}, {"type": "Feature", "geometry": {"type": "Point", "coordinates": [5.0250909, 51.5625321]}, "properties": {"type": "inleverpunt", "locatieNaam": "HC Tilburg", "straatNaam": "Bredaseweg", "straatNr": "447", "postcode": "5036 NA", "plaats": "Tilburg", "merk": "StatiegeldNederland", "puntType": "automaat", "materialen": ["pet-groot", "pet-klein", "blik"], "uitbetaling": ["bonnetje", "donatie", "tikkie"], "vrijToegankelijk": true, "gemeenteBeperking": null, "openingstijden": {"ma": "08:00–16:30", "di": "08:00–16:30", "wo": "08:00–16:30", "do": "08:00–16:30", "vr": "08:00–16:30", "za": "Gesloten", "zo": "Gesloten"}, "latitude": 51.5625321, "longitude": 5.0250909, "bronId": "254952"}}, {"type": "Feature", "geometry": {"type": "Point", "coordinates": [5.0252778, 51.5630556]}, "properties": {"type": "inleverpunt", "locatieNaam": "Hockey Club Tilburg", "straatNaam": "Bredaseweg", "straatNr": "447", "postcode": "5036 NA", "plaats": "Tilburg", "merk": "StatiegeldNederland", "puntType": "balie", "materialen": ["pet-groot", "pet-klein", "blik"], "uitbetaling": [], "vrijToegankelijk": false, "gemeenteBeperking": null, "openingstijden": {"ma": "09:00–18:00", "di": "09:00–18:00", "wo": "09:00–18:00", "do": "09:00–18:00", "vr": "09:00–18:00", "za": "09:00–17:00", "zo": "09:00–17:00"}, "latitude": 51.5630556, "longitude": 5.0252778, "bronId": "254992"}}, {"type": "Feature", "geometry": {"type": "Point", "coordinates": [5.106239, 51.551547]}, "properties": {"type": "inleverpunt", "locatieNaam": "Jumbo", "straatNaam": "Aabe-straat", "straatNr": "8", "postcode": "5021 AV", "plaats": "Tilburg", "merk": "StatiegeldNederland", "puntType": "automaat", "materialen": ["pet-groot", "pet-klein", "blik", "glas", "krat"], "uitbetaling": ["bonnetje", "donatie"], "vrijToegankelijk": true, "gemeenteBeperking": null, "openingstijden": {"ma": "08:00–21:00", "di": "08:00–21:00", "wo": "08:00–21:00", "do": "08:00–21:00", "vr": "08:00–21:00", "za": "08:00–21:00", "zo": "08:00–21:00"}, "latitude": 51.551547, "longitude": 5.106239, "bronId": "255202"}}, {"type": "Feature", "geometry": {"type": "Point", "coordinates": [5.046396, 51.544681]}, "properties": {"type": "inleverpunt", "locatieNaam": "Jumbo", "straatNaam": "Amer", "straatNr": "13", "postcode": "5032 AZ", "plaats": "Tilburg", "merk": "StatiegeldNederland", "puntType": "automaat", "materialen": ["pet-groot", "pet-klein", "blik", "glas", "krat"], "uitbetaling": ["bonnetje", "donatie"], "vrijToegankelijk": true, "gemeenteBeperking": null, "openingstijden": {"ma": "08:00–20:00", "di": "08:00–20:00", "wo": "08:00–20:00", "do": "08:00–20:00", "vr": "08:00–20:00", "za": "08:00–20:00", "zo": "09:00–19:00"}, "latitude": 51.544681, "longitude": 5.046396, "bronId": "255210"}}, {"type": "Feature", "geometry": {"type": "Point", "coordinates": [5.084088, 51.574567]}, "properties": {"type": "inleverpunt", "locatieNaam": "Jumbo", "straatNaam": "Bart van Peltplein", "straatNr": "1", "postcode": "5046 GA", "plaats": "Tilburg", "merk": "StatiegeldNederland", "puntType": "automaat", "materialen": ["pet-groot", "pet-klein", "blik", "glas", "krat"], "uitbetaling": ["bonnetje", "donatie"], "vrijToegankelijk": true, "gemeenteBeperking": null, "openingstijden": {"ma": "08:00–22:00", "di": "08:00–22:00", "wo": "08:00–22:00", "do": "08:00–22:00", "vr": "08:00–22:00", "za": "08:00–22:00", "zo": "09:00–22:00"}, "latitude": 51.574567, "longitude": 5.084088, "bronId": "255224"}}, {"type": "Feature", "geometry": {"type": "Point", "coordinates": [5.091938, 51.546857]}, "properties": {"type": "inleverpunt", "locatieNaam": "Jumbo", "straatNaam": "Broekhovenseweg", "straatNr": "74", "postcode": "5021 LG", "plaats": "Tilburg", "merk": "StatiegeldNederland", "puntType": "automaat", "materialen": ["pet-groot", "pet-klein", "blik", "glas", "krat"], "uitbetaling": ["bonnetje", "donatie"], "vrijToegankelijk": true, "gemeenteBeperking": null, "openingstijden": {"ma": "08:00–21:00", "di": "08:00–21:00", "wo": "08:00–21:00", "do": "08:00–21:00", "vr": "08:00–21:00", "za": "08:00–21:00", "zo": "08:00–21:00"}, "latitude": 51.546857, "longitude": 5.091938, "bronId": "255251"}}, {"type": "Feature", "geometry": {"type": "Point", "coordinates": [5.005621, 51.577827]}, "properties": {"type": "inleverpunt", "locatieNaam": "Jumbo", "straatNaam": "Heyhoefpromenade", "straatNr": "11-17", "postcode": "5043 RA", "plaats": "Tilburg", "merk": "StatiegeldNederland", "puntType": "automaat", "materialen": ["pet-groot", "pet-klein", "blik", "glas", "krat"], "uitbetaling": ["bonnetje", "donatie"], "vrijToegankelijk": true, "gemeenteBeperking": null, "openingstijden": {"ma": "07:30–21:00", "di": "07:30–21:00", "wo": "07:30–21:00", "do": "07:30–21:00", "vr": "07:30–21:00", "za": "07:00–21:00", "zo": "08:00–21:00"}, "latitude": 51.577827, "longitude": 5.005621, "bronId": "255421"}}, {"type": "Feature", "geometry": {"type": "Point", "coordinates": [5.1348461, 51.5868737]}, "properties": {"type": "inleverpunt", "locatieNaam": "Jumbo", "straatNaam": "Koningsoord", "straatNr": "64", "postcode": "5057 DK", "plaats": "Berkel Enschot", "merk": "StatiegeldNederland", "puntType": "automaat", "materialen": ["pet-groot", "pet-klein", "blik", "glas", "krat"], "uitbetaling": ["bonnetje"], "vrijToegankelijk": true, "gemeenteBeperking": null, "openingstijden": {"ma": "08:00–20:00", "di": "08:00–20:00", "wo": "08:00–20:00", "do": "08:00–20:00", "vr": "08:00–20:00", "za": "08:00–20:00", "zo": "08:00–20:00"}, "latitude": 51.5868737, "longitude": 5.1348461, "bronId": "255495"}}, {"type": "Feature", "geometry": {"type": "Point", "coordinates": [5.15286, 51.608128]}, "properties": {"type": "inleverpunt", "locatieNaam": "Jumbo", "straatNaam": "Kreitenmolenstraat", "straatNr": "149", "postcode": "5071 BC", "plaats": "Udenhout", "merk": "StatiegeldNederland", "puntType": "automaat", "materialen": ["pet-groot", "pet-klein", "blik", "glas", "krat"], "uitbetaling": ["bonnetje", "donatie"], "vrijToegankelijk": true, "gemeenteBeperking": null, "openingstijden": {"ma": "08:00–20:00", "di": "08:00–20:00", "wo": "08:00–20:00", "do": "08:00–20:00", "vr": "08:00–20:00", "za": "08:00–20:00", "zo": "09:00–20:00"}, "latitude": 51.608128, "longitude": 5.15286, "bronId": "255502"}}, {"type": "Feature", "geometry": {"type": "Point", "coordinates": [5.07979, 51.554104]}, "properties": {"type": "inleverpunt", "locatieNaam": "Jumbo", "straatNaam": "Lieve Vrouweplein", "straatNr": "11-12", "postcode": "5038 TS", "plaats": "Tilburg", "merk": "StatiegeldNederland", "puntType": "automaat", "materialen": ["pet-groot", "pet-klein", "blik", "glas", "krat"], "uitbetaling": ["bonnetje"], "vrijToegankelijk": true, "gemeenteBeperking": null, "openingstijden": {"ma": "08:00–21:00", "di": "08:00–21:00", "wo": "08:00–21:00", "do": "08:00–21:00", "vr": "08:00–21:00", "za": "08:00–21:00", "zo": "08:00–21:00"}, "latitude": 51.554104, "longitude": 5.07979, "bronId": "255540"}}, {"type": "Feature", "geometry": {"type": "Point", "coordinates": [5.0932658, 51.5400385]}, "properties": {"type": "inleverpunt", "locatieNaam": "Jumbo", "straatNaam": "Pater van de Elsenplein", "straatNr": "35", "postcode": "5022 EG", "plaats": "Tilburg", "merk": "StatiegeldNederland", "puntType": "automaat", "materialen": ["pet-groot", "pet-klein", "blik", "glas", "krat"], "uitbetaling": ["bonnetje", "donatie"], "vrijToegankelijk": true, "gemeenteBeperking": null, "openingstijden": {"ma": "08:00–21:00", "di": "08:00–21:00", "wo": "08:00–21:00", "do": "08:00–21:00", "vr": "08:00–21:00", "za": "08:00–21:00", "zo": "08:00–20:00"}, "latitude": 51.5400385, "longitude": 5.0932658, "bronId": "255665"}}, {"type": "Feature", "geometry": {"type": "Point", "coordinates": [5.085556, 51.584365]}, "properties": {"type": "inleverpunt", "locatieNaam": "Jumbo", "straatNaam": "Richard Wagnerplein", "straatNr": "18", "postcode": "5011 LP", "plaats": "Tilburg", "merk": "StatiegeldNederland", "puntType": "automaat", "materialen": ["pet-groot", "pet-klein", "blik", "glas", "krat"], "uitbetaling": ["bonnetje", "donatie"], "vrijToegankelijk": true, "gemeenteBeperking": null, "openingstijden": {"ma": "08:00–21:00", "di": "08:00–21:00", "wo": "08:00–21:00", "do": "08:00–21:00", "vr": "08:00–21:00", "za": "08:00–21:00", "zo": "09:00–20:00"}, "latitude": 51.584365, "longitude": 5.085556, "bronId": "255709"}}, {"type": "Feature", "geometry": {"type": "Point", "coordinates": [5.0755813, 51.5408298]}, "properties": {"type": "inleverpunt", "locatieNaam": "Jumbo", "straatNaam": "Stappegoor", "straatNr": "175", "postcode": "5022 DD", "plaats": "Tilburg", "merk": "StatiegeldNederland", "puntType": "automaat", "materialen": ["pet-groot", "pet-klein", "blik", "glas", "krat"], "uitbetaling": ["bonnetje", "donatie"], "vrijToegankelijk": true, "gemeenteBeperking": null, "openingstijden": {"ma": "08:00–22:00", "di": "08:00–22:00", "wo": "08:00–22:00", "do": "08:00–22:00", "vr": "08:00–22:00", "za": "08:00–22:00", "zo": "08:00–22:00"}, "latitude": 51.5408298, "longitude": 5.0755813, "bronId": "255767"}}, {"type": "Feature", "geometry": {"type": "Point", "coordinates": [5.085556, 51.584365]}, "properties": {"type": "inleverpunt", "locatieNaam": "Jumbo", "straatNaam": "Wagnerplein", "straatNr": "18", "postcode": "5011 LP", "plaats": "Tilburg", "merk": "StatiegeldNederland", "puntType": "automaat", "materialen": ["pet-groot", "pet-klein", "blik", "glas", "krat"], "uitbetaling": ["bonnetje", "donatie"], "vrijToegankelijk": true, "gemeenteBeperking": null, "openingstijden": {"ma": "08:00–21:00", "di": "08:00–21:00", "wo": "08:00–21:00", "do": "08:00–21:00", "vr": "08:00–21:00", "za": "08:00–21:00", "zo": "09:00–20:00"}, "latitude": 51.584365, "longitude": 5.085556, "bronId": "255844"}}, {"type": "Feature", "geometry": {"type": "Point", "coordinates": [5.052745, 51.568331]}, "properties": {"type": "inleverpunt", "locatieNaam": "Jumbo", "straatNaam": "Westermarkt", "straatNr": "38", "postcode": "5042 MD", "plaats": "Tilburg", "merk": "StatiegeldNederland", "puntType": "automaat", "materialen": ["pet-groot", "pet-klein", "blik", "glas", "krat"], "uitbetaling": ["bonnetje", "donatie"], "vrijToegankelijk": true, "gemeenteBeperking": null, "openingstijden": {"ma": "08:00–21:00", "di": "08:00–21:00", "wo": "08:00–21:00", "do": "08:00–21:00", "vr": "08:00–21:00", "za": "08:00–21:00", "zo": "08:00–21:00"}, "latitude": 51.568331, "longitude": 5.052745, "bronId": "255856"}}, {"type": "Feature", "geometry": {"type": "Point", "coordinates": [5.1302803, 51.5834862]}, "properties": {"type": "inleverpunt", "locatieNaam": "Korfbalvereniging Ojc98", "straatNaam": "Rauwbrakenweg", "straatNr": "42", "postcode": "5056 EJ", "plaats": "Berkel-enschot", "merk": "StatiegeldNederland", "puntType": "balie", "materialen": ["pet-groot", "pet-klein", "blik"], "uitbetaling": [], "vrijToegankelijk": false, "gemeenteBeperking": null, "openingstijden": null, "latitude": 51.5834862, "longitude": 5.1302803, "bronId": "255939"}}, {"type": "Feature", "geometry": {"type": "Point", "coordinates": [5.10575, 51.5522]}, "properties": {"type": "inleverpunt", "locatieNaam": "Lidl", "straatNaam": "Aabestraat", "straatNr": "1", "postcode": "5021 AV", "plaats": "Tilburg", "merk": "StatiegeldNederland", "puntType": "automaat", "materialen": ["pet-groot", "pet-klein", "blik", "glas", "krat"], "uitbetaling": ["bonnetje", "donatie"], "vrijToegankelijk": true, "gemeenteBeperking": null, "openingstijden": {"ma": "07:30–21:00", "di": "07:30–21:00", "wo": "07:30–21:00", "do": "07:30–21:00", "vr": "07:30–21:00", "za": "07:30–21:00", "zo": "08:00–20:00"}, "latitude": 51.5522, "longitude": 5.10575, "bronId": "256050"}}, {"type": "Feature", "geometry": {"type": "Point", "coordinates": [5.1058517, 51.5622337]}, "properties": {"type": "inleverpunt", "locatieNaam": "Lidl", "straatNaam": "Bosscheweg", "straatNr": "296", "postcode": "5013 AC", "plaats": "Tilburg", "merk": "StatiegeldNederland", "puntType": "automaat", "materialen": ["pet-groot", "pet-klein", "blik", "glas", "krat"], "uitbetaling": ["bonnetje", "donatie"], "vrijToegankelijk": true, "gemeenteBeperking": null, "openingstijden": {"ma": "07:30–21:00", "di": "07:30–21:00", "wo": "07:30–21:00", "do": "07:30–21:00", "vr": "07:30–21:00", "za": "07:30–21:00", "zo": "08:00–20:00"}, "latitude": 51.5622337, "longitude": 5.1058517, "bronId": "256083"}}, {"type": "Feature", "geometry": {"type": "Point", "coordinates": [5.00324, 51.57724]}, "properties": {"type": "inleverpunt", "locatieNaam": "Lidl", "straatNaam": "Heyhoefpromenade", "straatNr": "115", "postcode": "5043 RB", "plaats": "Tilburg", "merk": "StatiegeldNederland", "puntType": "automaat", "materialen": ["pet-groot", "pet-klein", "blik", "glas", "krat"], "uitbetaling": ["bonnetje", "donatie"], "vrijToegankelijk": true, "gemeenteBeperking": null, "openingstijden": {"ma": "07:30–21:00", "di": "07:30–21:00", "wo": "07:30–21:00", "do": "07:30–21:00", "vr": "07:30–22:00", "za": "07:00–21:00", "zo": "08:00–20:00"}, "latitude": 51.57724, "longitude": 5.00324, "bronId": "256192"}}, {"type": "Feature", "geometry": {"type": "Point", "coordinates": [5.0997336, 51.5852979]}, "properties": {"type": "inleverpunt", "locatieNaam": "Lidl", "straatNaam": "Kreverplein", "straatNr": "1", "postcode": "5012 CD", "plaats": "Tilburg", "merk": "StatiegeldNederland", "puntType": "automaat", "materialen": ["pet-groot", "pet-klein", "blik", "glas", "krat"], "uitbetaling": ["bonnetje", "donatie"], "vrijToegankelijk": true, "gemeenteBeperking": null, "openingstijden": {"ma": "07:30–21:00", "di": "07:30–21:00", "wo": "07:30–21:00", "do": "07:30–21:00", "vr": "07:30–21:00", "za": "07:30–21:00", "zo": "08:00–20:00"}, "latitude": 51.5852979, "longitude": 5.0997336, "bronId": "256244"}}, {"type": "Feature", "geometry": {"type": "Point", "coordinates": [5.0788845, 51.572288]}, "properties": {"type": "inleverpunt", "locatieNaam": "Markies 6662 Ogt Kasteeldree", "straatNaam": "Kasteeldreef", "straatNr": "122", "postcode": "5046 CV", "plaats": "Tilburg", "merk": "StatiegeldNederland", "puntType": "balie", "materialen": ["pet-groot", "pet-klein", "blik"], "uitbetaling": [], "vrijToegankelijk": true, "gemeenteBeperking": null, "openingstijden": {"ma": "24 uur geopend", "di": "24 uur geopend", "wo": "24 uur geopend", "do": "24 uur geopend", "vr": "24 uur geopend", "za": "24 uur geopend", "zo": "24 uur geopend"}, "latitude": 51.572288, "longitude": 5.0788845, "bronId": "256582"}}, {"type": "Feature", "geometry": {"type": "Point", "coordinates": [5.0784663, 51.5404104]}, "properties": {"type": "inleverpunt", "locatieNaam": "Markies 6670 Roc Stappegoor", "straatNaam": "Stappegoorweg", "straatNr": "183", "postcode": "5022 DD", "plaats": "Tilburg", "merk": "StatiegeldNederland", "puntType": "balie", "materialen": ["pet-groot", "pet-klein", "blik"], "uitbetaling": [], "vrijToegankelijk": true, "gemeenteBeperking": null, "openingstijden": {"ma": "08:00–16:30", "di": "08:00–16:30", "wo": "08:00–16:30", "do": "08:00–16:30", "vr": "08:00–16:30", "za": "Gesloten", "zo": "Gesloten"}, "latitude": 51.5404104, "longitude": 5.0784663, "bronId": "256583"}}, {"type": "Feature", "geometry": {"type": "Point", "coordinates": [5.0754981, 51.5620352]}, "properties": {"type": "inleverpunt", "locatieNaam": "Max Markt Tilburg", "straatNaam": "Burgemeester Brokxlaan", "straatNr": "1904", "postcode": "5041 GA", "plaats": "Tilburg", "merk": "StatiegeldNederland", "puntType": "automaat", "materialen": ["pet-groot", "pet-klein", "blik"], "uitbetaling": ["bonnetje"], "vrijToegankelijk": true, "gemeenteBeperking": null, "openingstijden": null, "latitude": 51.5620352, "longitude": 5.0754981, "bronId": "256678"}}, {"type": "Feature", "geometry": {"type": "Point", "coordinates": [5.0709512, 51.5504706]}, "properties": {"type": "inleverpunt", "locatieNaam": "Nettorama", "straatNaam": "Korvelseweg 225 -", "straatNr": "227", "postcode": "5025 JG", "plaats": "Tilburg", "merk": "StatiegeldNederland", "puntType": "automaat", "materialen": ["pet-groot", "pet-klein", "blik", "glas", "krat"], "uitbetaling": ["bonnetje"], "vrijToegankelijk": true, "gemeenteBeperking": null, "openingstijden": {"ma": "08:00–20:00", "di": "08:00–20:00", "wo": "08:00–20:00", "do": "08:00–21:00", "vr": "08:00–21:00", "za": "08:00–20:00", "zo": "09:00–18:00"}, "latitude": 51.5504706, "longitude": 5.0709512, "bronId": "256881"}}, {"type": "Feature", "geometry": {"type": "Point", "coordinates": [5.0864414, 51.5845179]}, "properties": {"type": "inleverpunt", "locatieNaam": "Nettorama", "straatNaam": "Richard Wagnerplein", "straatNr": "40", "postcode": "5011 LP", "plaats": "Tilburg", "merk": "StatiegeldNederland", "puntType": "automaat", "materialen": ["pet-groot", "pet-klein", "blik", "glas", "krat"], "uitbetaling": ["bonnetje"], "vrijToegankelijk": true, "gemeenteBeperking": null, "openingstijden": {"ma": "08:00–20:00", "di": "08:00–20:00", "wo": "08:00–20:00", "do": "08:00–21:00", "vr": "08:00–21:00", "za": "08:00–20:00", "zo": "09:00–18:00"}, "latitude": 51.5845179, "longitude": 5.0864414, "bronId": "256907"}}, {"type": "Feature", "geometry": {"type": "Point", "coordinates": [5.0898126, 51.5579508]}, "properties": {"type": "inleverpunt", "locatieNaam": "Pathé Tilburg Centrum", "straatNaam": "Pieter Vreedeplein", "straatNr": "174", "postcode": "5038 BW", "plaats": "Tilburg", "merk": "StatiegeldNederland", "puntType": "automaat", "materialen": ["pet-groot", "pet-klein", "blik"], "uitbetaling": ["bonnetje", "donatie", "tikkie"], "vrijToegankelijk": false, "gemeenteBeperking": null, "openingstijden": null, "latitude": 51.5579508, "longitude": 5.0898126, "bronId": "257149"}}, {"type": "Feature", "geometry": {"type": "Point", "coordinates": [5.075829, 51.539456]}, "properties": {"type": "inleverpunt", "locatieNaam": "Pathe Tilburg Stappegoor", "straatNaam": "Olympiaplein", "straatNr": "2", "postcode": "5022 DW", "plaats": "Tilburg", "merk": "StatiegeldNederland", "puntType": "automaat", "materialen": ["pet-groot", "pet-klein", "blik"], "uitbetaling": ["bonnetje", "donatie", "tikkie"], "vrijToegankelijk": false, "gemeenteBeperking": null, "openingstijden": null, "latitude": 51.539456, "longitude": 5.075829, "bronId": "257150"}}, {"type": "Feature", "geometry": {"type": "Point", "coordinates": [5.0512312, 51.5730466]}, "properties": {"type": "inleverpunt", "locatieNaam": "Pin Voordeel B.v.", "straatNaam": "Nimrodstraat", "straatNr": "15", "postcode": "5042 WX", "plaats": "Tilburg", "merk": "StatiegeldNederland", "puntType": "balie", "materialen": ["pet-groot", "pet-klein", "blik"], "uitbetaling": [], "vrijToegankelijk": true, "gemeenteBeperking": null, "openingstijden": null, "latitude": 51.5730466, "longitude": 5.0512312, "bronId": "257168"}}, {"type": "Feature", "geometry": {"type": "Point", "coordinates": [5.0883572, 51.5667691]}, "properties": {"type": "inleverpunt", "locatieNaam": "Plus", "straatNaam": "Besterdring", "straatNr": "29", "postcode": "5014 HG", "plaats": "Tilburg", "merk": "StatiegeldNederland", "puntType": "automaat", "materialen": ["pet-groot", "pet-klein", "blik", "glas", "krat"], "uitbetaling": ["bonnetje"], "vrijToegankelijk": true, "gemeenteBeperking": null, "openingstijden": {"ma": "08:00–20:00", "di": "08:00–20:00", "wo": "08:00–20:00", "do": "08:00–20:00", "vr": "08:00–20:00", "za": "08:00–20:00", "zo": "10:00–18:00"}, "latitude": 51.5667691, "longitude": 5.0883572, "bronId": "257199"}}, {"type": "Feature", "geometry": {"type": "Point", "coordinates": [5.0914676, 51.5632556]}, "properties": {"type": "inleverpunt", "locatieNaam": "Plus", "straatNaam": "Besterdring", "straatNr": "110", "postcode": "5014 HM", "plaats": "Tilburg", "merk": "StatiegeldNederland", "puntType": "automaat", "materialen": ["pet-groot", "pet-klein", "blik", "glas", "krat"], "uitbetaling": ["bonnetje"], "vrijToegankelijk": true, "gemeenteBeperking": null, "openingstijden": {"ma": "08:00–20:00", "di": "08:00–20:00", "wo": "08:00–20:00", "do": "08:00–20:00", "vr": "08:00–20:00", "za": "08:00–20:00", "zo": "08:00–20:00"}, "latitude": 51.5632556, "longitude": 5.0914676, "bronId": "257200"}}, {"type": "Feature", "geometry": {"type": "Point", "coordinates": [5.0646315, 51.569682]}, "properties": {"type": "inleverpunt", "locatieNaam": "Plus", "straatNaam": "dr Ahausstraat", "straatNr": "1", "postcode": "5042 EK", "plaats": "Tilburg", "merk": "StatiegeldNederland", "puntType": "automaat", "materialen": ["pet-groot", "pet-klein", "blik", "glas", "krat"], "uitbetaling": ["bonnetje", "donatie"], "vrijToegankelijk": true, "gemeenteBeperking": null, "openingstijden": {"ma": "08:00–18:30", "di": "08:00–18:30", "wo": "08:00–18:30", "do": "08:00–18:30", "vr": "08:00–18:30", "za": "08:00–18:00", "zo": "Gesloten"}, "latitude": 51.569682, "longitude": 5.0646315, "bronId": "257290"}}, {"type": "Feature", "geometry": {"type": "Point", "coordinates": [5.0044162, 51.5780805]}, "properties": {"type": "inleverpunt", "locatieNaam": "Plus", "straatNaam": "Heyhoefpromenade", "straatNr": "41", "postcode": "5043 RA", "plaats": "Tilburg", "merk": "StatiegeldNederland", "puntType": "automaat", "materialen": ["pet-groot", "pet-klein", "blik", "glas", "krat"], "uitbetaling": ["bonnetje", "donatie"], "vrijToegankelijk": true, "gemeenteBeperking": null, "openingstijden": {"ma": "07:30–21:00", "di": "07:30–21:00", "wo": "07:30–21:00", "do": "07:30–21:00", "vr": "07:30–21:00", "za": "07:30–21:00", "zo": "09:00–20:00"}, "latitude": 51.5780805, "longitude": 5.0044162, "bronId": "257343"}}, {"type": "Feature", "geometry": {"type": "Point", "coordinates": [5.14234, 51.60923]}, "properties": {"type": "inleverpunt", "locatieNaam": "Plus", "straatNaam": "Tongerloplein", "straatNr": "23", "postcode": "5071 CX", "plaats": "Udenhout", "merk": "StatiegeldNederland", "puntType": "automaat", "materialen": ["pet-groot", "pet-klein", "blik", "glas", "krat"], "uitbetaling": ["bonnetje", "donatie"], "vrijToegankelijk": true, "gemeenteBeperking": null, "openingstijden": {"ma": "08:00–20:00", "di": "08:00–20:00", "wo": "08:00–20:00", "do": "08:00–20:00", "vr": "08:00–20:00", "za": "08:00–18:00", "zo": "09:00–14:00"}, "latitude": 51.60923, "longitude": 5.14234, "bronId": "257546"}}, {"type": "Feature", "geometry": {"type": "Point", "coordinates": [5.0341463, 51.5554071]}, "properties": {"type": "inleverpunt", "locatieNaam": "R.k.s.v. Sarto", "straatNaam": "Gilzerbaan", "straatNr": "251A", "postcode": "5032 VD", "plaats": "Tilburg", "merk": "StatiegeldNederland", "puntType": "balie", "materialen": ["pet-groot", "pet-klein", "blik"], "uitbetaling": [], "vrijToegankelijk": false, "gemeenteBeperking": null, "openingstijden": {"ma": "24 uur geopend", "di": "24 uur geopend", "wo": "24 uur geopend", "do": "24 uur geopend", "vr": "24 uur geopend", "za": "24 uur geopend", "zo": "24 uur geopend"}, "latitude": 51.5554071, "longitude": 5.0341463, "bronId": "257742"}}, {"type": "Feature", "geometry": {"type": "Point", "coordinates": [5.075204, 51.5632282]}, "properties": {"type": "inleverpunt", "locatieNaam": "Retail Expert AH XL, Tilburg", "straatNaam": "Jan Heijnsstraat", "straatNr": "10", "postcode": "5041 GB", "plaats": "Tilburg", "merk": "StatiegeldNederland", "puntType": "automaat", "materialen": ["pet-groot", "pet-klein", "blik", "krat"], "uitbetaling": ["donatie", "tikkie"], "vrijToegankelijk": true, "gemeenteBeperking": null, "openingstijden": {"ma": "07:00–22:00", "di": "07:00–22:00", "wo": "07:00–22:00", "do": "07:00–22:00", "vr": "07:00–22:00", "za": "07:00–22:00", "zo": "07:00–22:00"}, "latitude": 51.5632282, "longitude": 5.075204, "bronId": "257787"}}, {"type": "Feature", "geometry": {"type": "Point", "coordinates": [5.1188809, 51.5566929]}, "properties": {"type": "inleverpunt", "locatieNaam": "Rksv Were Di", "straatNaam": "Moerenburgseweg", "straatNr": "6", "postcode": "5018 TC", "plaats": "Tilburg", "merk": "StatiegeldNederland", "puntType": "balie", "materialen": ["pet-groot", "pet-klein", "blik"], "uitbetaling": [], "vrijToegankelijk": false, "gemeenteBeperking": null, "openingstijden": {"ma": "24 uur geopend", "di": "24 uur geopend", "wo": "24 uur geopend", "do": "24 uur geopend", "vr": "24 uur geopend", "za": "24 uur geopend", "zo": "24 uur geopend"}, "latitude": 51.5566929, "longitude": 5.1188809, "bronId": "257817"}}, {"type": "Feature", "geometry": {"type": "Point", "coordinates": [5.1584963, 51.5873025]}, "properties": {"type": "inleverpunt", "locatieNaam": "Rkvv Jong Brabant", "straatNaam": "Berkelseweg", "straatNr": "14", "postcode": "5056 PN", "plaats": "Berkel-enschot", "merk": "StatiegeldNederland", "puntType": "balie", "materialen": ["pet-groot", "pet-klein", "blik"], "uitbetaling": [], "vrijToegankelijk": false, "gemeenteBeperking": null, "openingstijden": {"ma": "Gesloten", "di": "Gesloten", "wo": "Gesloten", "do": "20:30–00:00", "vr": "Gesloten", "za": "08:30–18:00", "zo": "08:30–19:00"}, "latitude": 51.5873025, "longitude": 5.1584963, "bronId": "257823"}}, {"type": "Feature", "geometry": {"type": "Point", "coordinates": [5.0121069, 51.5608105]}, "properties": {"type": "inleverpunt", "locatieNaam": "Rugby Club Tilburg", "straatNaam": "Bredaseweg", "straatNr": "560", "postcode": "5036 NB", "plaats": "Tilburg", "merk": "StatiegeldNederland", "puntType": "balie", "materialen": ["pet-groot", "pet-klein", "blik"], "uitbetaling": [], "vrijToegankelijk": false, "gemeenteBeperking": null, "openingstijden": {"ma": "Gesloten", "di": "18:00–22:00", "wo": "Gesloten", "do": "18:00–22:00", "vr": "Gesloten", "za": "09:30–15:00", "zo": "12:00–18:00"}, "latitude": 51.5608105, "longitude": 5.0121069, "bronId": "257894"}}, {"type": "Feature", "geometry": {"type": "Point", "coordinates": [5.0018276, 51.5981527]}, "properties": {"type": "inleverpunt", "locatieNaam": "Samsung SDS Breda - Bavelseparklaan", "straatNaam": "Gesworenhoekseweg", "straatNr": "9", "postcode": "5047 TM", "plaats": "Tilburg", "merk": "StatiegeldNederland", "puntType": "automaat", "materialen": ["pet-klein", "blik"], "uitbetaling": ["donatie", "tikkie"], "vrijToegankelijk": false, "gemeenteBeperking": null, "openingstijden": null, "latitude": 51.5981527, "longitude": 5.0018276, "bronId": "257954"}}, {"type": "Feature", "geometry": {"type": "Point", "coordinates": [5.004182, 51.599666]}, "properties": {"type": "inleverpunt", "locatieNaam": "Samsung SDS Tilburg - Theseusstraat", "straatNaam": "Theseusstraat", "straatNr": "11", "postcode": "5047 RH", "plaats": "Tilburg", "merk": "StatiegeldNederland", "puntType": "automaat", "materialen": ["pet-klein", "blik"], "uitbetaling": ["donatie", "tikkie"], "vrijToegankelijk": false, "gemeenteBeperking": null, "openingstijden": null, "latitude": 51.599666, "longitude": 5.004182, "bronId": "257956"}}, {"type": "Feature", "geometry": {"type": "Point", "coordinates": [5.1609689, 51.6050639]}, "properties": {"type": "inleverpunt", "locatieNaam": "Savona Tango Carwash Udenhout", "straatNaam": "Kreitenmolenstraat", "straatNr": "203a", "postcode": "5071 ND", "plaats": "Udenhout", "merk": "StatiegeldNederland", "puntType": "automaat", "materialen": ["pet-groot", "pet-klein", "blik"], "uitbetaling": ["tikkie"], "vrijToegankelijk": true, "gemeenteBeperking": null, "openingstijden": {"ma": "24 uur geopend", "di": "24 uur geopend", "wo": "24 uur geopend", "do": "24 uur geopend", "vr": "24 uur geopend", "za": "24 uur geopend", "zo": "24 uur geopend"}, "latitude": 51.6050639, "longitude": 5.1609689, "bronId": "257972"}}, {"type": "Feature", "geometry": {"type": "Point", "coordinates": [5.0422016, 51.5578089]}, "properties": {"type": "inleverpunt", "locatieNaam": "Shell", "straatNaam": "Baroniebaan", "straatNr": "2", "postcode": "5037 LZ", "plaats": "Tilburg", "merk": "StatiegeldNederland", "puntType": "balie", "materialen": ["pet-groot", "pet-klein", "blik"], "uitbetaling": [], "vrijToegankelijk": true, "gemeenteBeperking": null, "openingstijden": {"ma": "24 uur geopend", "di": "24 uur geopend", "wo": "24 uur geopend", "do": "24 uur geopend", "vr": "24 uur geopend", "za": "24 uur geopend", "zo": "24 uur geopend"}, "latitude": 51.5578089, "longitude": 5.0422016, "bronId": "258031"}}, {"type": "Feature", "geometry": {"type": "Point", "coordinates": [4.972334, 51.579755]}, "properties": {"type": "inleverpunt", "locatieNaam": "Shell", "straatNaam": "Burgemeester Letschertweg", "straatNr": "600", "postcode": "5035 JW", "plaats": "Tilburg", "merk": "StatiegeldNederland", "puntType": "balie", "materialen": ["pet-groot", "pet-klein", "blik"], "uitbetaling": [], "vrijToegankelijk": true, "gemeenteBeperking": null, "openingstijden": {"ma": "24 uur geopend", "di": "24 uur geopend", "wo": "24 uur geopend", "do": "24 uur geopend", "vr": "24 uur geopend", "za": "24 uur geopend", "zo": "24 uur geopend"}, "latitude": 51.579755, "longitude": 4.972334, "bronId": "258045"}}, {"type": "Feature", "geometry": {"type": "Point", "coordinates": [5.0580215, 51.5505208]}, "properties": {"type": "inleverpunt", "locatieNaam": "Spar", "straatNaam": "Burgemeester van de Mortelplein", "straatNr": "41", "postcode": "5037 PJ", "plaats": "Tilburg", "merk": "StatiegeldNederland", "puntType": "automaat", "materialen": ["pet-groot", "pet-klein", "blik", "glas", "krat"], "uitbetaling": ["bonnetje", "donatie"], "vrijToegankelijk": true, "gemeenteBeperking": null, "openingstijden": {"ma": "08:00–20:00", "di": "08:00–20:00", "wo": "08:00–20:00", "do": "08:00–20:00", "vr": "08:00–20:00", "za": "08:00–20:00", "zo": "09:00–18:00"}, "latitude": 51.5505208, "longitude": 5.0580215, "bronId": "258318"}}, {"type": "Feature", "geometry": {"type": "Point", "coordinates": [5.0859769, 51.5849163]}, "properties": {"type": "inleverpunt", "locatieNaam": "Statiegeld Retourshop", "straatNaam": "Wagnerplein", "straatNr": "34", "postcode": "5011 LP", "plaats": "Tilburg", "merk": "StatiegeldNederland", "puntType": "automaat", "materialen": ["pet-groot", "pet-klein", "blik", "krat"], "uitbetaling": ["bonnetje", "donatie", "tikkie", "contant"], "vrijToegankelijk": true, "gemeenteBeperking": null, "openingstijden": {"ma": "08:00–20:00", "di": "08:00–20:00", "wo": "08:00–20:00", "do": "08:00–20:00", "vr": "08:00–20:00", "za": "08:00–20:00", "zo": "08:00–20:00"}, "latitude": 51.5849163, "longitude": 5.0859769, "bronId": "258698"}}, {"type": "Feature", "geometry": {"type": "Point", "coordinates": [5.0103074, 51.5854088]}, "properties": {"type": "inleverpunt", "locatieNaam": "Stichting Korfbalsport Tilburg", "straatNaam": "Bladelstraat", "straatNr": "1", "postcode": "5043 CZ", "plaats": "Tilburg", "merk": "StatiegeldNederland", "puntType": "balie", "materialen": ["pet-groot", "pet-klein", "blik"], "uitbetaling": [], "vrijToegankelijk": false, "gemeenteBeperking": null, "openingstijden": {"ma": "18:00–23:00", "di": "18:00–23:00", "wo": "18:00–23:00", "do": "18:00–23:00", "vr": "18:00–23:00", "za": "09:00–19:00", "zo": "09:00–16:00"}, "latitude": 51.5854088, "longitude": 5.0103074, "bronId": "258718"}}, {"type": "Feature", "geometry": {"type": "Point", "coordinates": [5.1052739, 51.5620326]}, "properties": {"type": "inleverpunt", "locatieNaam": "Super Sam Polski Sklep Bosscheweg Tilburg", "straatNaam": "Bosscheweg", "straatNr": "314", "postcode": "5011 XZ", "plaats": "Tilburg", "merk": "StatiegeldNederland", "puntType": "automaat", "materialen": ["pet-groot", "pet-klein", "blik"], "uitbetaling": ["donatie", "tikkie"], "vrijToegankelijk": true, "gemeenteBeperking": null, "openingstijden": null, "latitude": 51.5620326, "longitude": 5.1052739, "bronId": "258750"}}, {"type": "Feature", "geometry": {"type": "Point", "coordinates": [5.0859769, 51.5849163]}, "properties": {"type": "inleverpunt", "locatieNaam": "Super Sam Polski Sklep Besterdring Tilburg", "straatNaam": "Besterdring", "straatNr": "133", "postcode": "5014 HJ", "plaats": "Tilburg", "merk": "StatiegeldNederland", "puntType": "automaat", "materialen": ["pet-groot", "pet-klein", "blik"], "uitbetaling": ["tikkie"], "vrijToegankelijk": true, "gemeenteBeperking": null, "openingstijden": {"ma": "08:00–20:00", "di": "08:00–20:00", "wo": "08:00–20:00", "do": "08:00–20:00", "vr": "08:00–20:00", "za": "08:00–20:00", "zo": "08:00–20:00"}, "latitude": 51.5849163, "longitude": 5.0859769, "bronId": "258751"}}, {"type": "Feature", "geometry": {"type": "Point", "coordinates": [5.0892214, 51.5869847]}, "properties": {"type": "inleverpunt", "locatieNaam": "Super Sam Polski Sklep Leharstraat Tilburg", "straatNaam": "Leharstraat", "straatNr": "104", "postcode": "5011 CH", "plaats": "Tilburg", "merk": "StatiegeldNederland", "puntType": "automaat", "materialen": ["pet-groot", "pet-klein", "blik"], "uitbetaling": ["donatie", "tikkie"], "vrijToegankelijk": true, "gemeenteBeperking": null, "openingstijden": null, "latitude": 51.5869847, "longitude": 5.0892214, "bronId": "258753"}}, {"type": "Feature", "geometry": {"type": "Point", "coordinates": [5.0092326, 51.5845245]}, "properties": {"type": "inleverpunt", "locatieNaam": "T.t.v. Tios51", "straatNaam": "Rijperkerkpark", "straatNr": "23", "postcode": "5035 MH", "plaats": "Tilburg", "merk": "StatiegeldNederland", "puntType": "balie", "materialen": ["pet-groot", "pet-klein", "blik"], "uitbetaling": [], "vrijToegankelijk": false, "gemeenteBeperking": null, "openingstijden": null, "latitude": 51.5845245, "longitude": 5.0092326, "bronId": "258862"}}, {"type": "Feature", "geometry": {"type": "Point", "coordinates": [5.1287822, 51.5826322]}, "properties": {"type": "inleverpunt", "locatieNaam": "Tc De Rauwbraken", "straatNaam": "Rauwbrakenweg", "straatNr": "44", "postcode": "5056 EJ", "plaats": "Berkel-enschot", "merk": "StatiegeldNederland", "puntType": "balie", "materialen": ["pet-groot", "pet-klein", "blik"], "uitbetaling": [], "vrijToegankelijk": false, "gemeenteBeperking": null, "openingstijden": {"ma": "09:00–23:00", "di": "09:00–23:00", "wo": "09:00–23:00", "do": "09:00–23:00", "vr": "09:00–23:00", "za": "09:00–23:00", "zo": "09:00–23:00"}, "latitude": 51.5826322, "longitude": 5.1287822, "bronId": "258893"}}, {"type": "Feature", "geometry": {"type": "Point", "coordinates": [5.0657337, 51.5418894]}, "properties": {"type": "inleverpunt", "locatieNaam": "Tennisclub Tilburg", "straatNaam": "Goirleseweg", "straatNr": "34A", "postcode": "5026 PC", "plaats": "Tilburg", "merk": "StatiegeldNederland", "puntType": "balie", "materialen": ["pet-groot", "pet-klein", "blik"], "uitbetaling": [], "vrijToegankelijk": false, "gemeenteBeperking": null, "openingstijden": {"ma": "09:00–22:30", "di": "09:00–22:30", "wo": "09:00–22:30", "do": "09:00–22:30", "vr": "09:00–22:30", "za": "09:00–22:30", "zo": "09:00–22:30"}, "latitude": 51.5418894, "longitude": 5.0657337, "bronId": "258921"}}, {"type": "Feature", "geometry": {"type": "Point", "coordinates": [5.0454819, 51.5487328]}, "properties": {"type": "inleverpunt", "locatieNaam": "Tennisvereniging Tc De Blaak", "straatNaam": "Ekkersrijt", "straatNr": "45", "postcode": "5032 WN", "plaats": "Tilburg", "merk": "StatiegeldNederland", "puntType": "balie", "materialen": ["pet-groot", "pet-klein", "blik"], "uitbetaling": [], "vrijToegankelijk": false, "gemeenteBeperking": null, "openingstijden": {"ma": "09:00–23:00", "di": "09:00–23:00", "wo": "09:00–23:00", "do": "09:00–23:00", "vr": "09:00–23:00", "za": "09:00–23:00", "zo": "09:00–23:00"}, "latitude": 51.5487328, "longitude": 5.0454819, "bronId": "258947"}}, {"type": "Feature", "geometry": {"type": "Point", "coordinates": [5.0725009, 51.5596874]}, "properties": {"type": "inleverpunt", "locatieNaam": "Ttv Slagzin", "straatNaam": "Robert Fruinstraat", "straatNr": "23", "postcode": "5046 DS", "plaats": "Tilburg", "merk": "StatiegeldNederland", "puntType": "balie", "materialen": ["pet-groot", "pet-klein", "blik"], "uitbetaling": [], "vrijToegankelijk": false, "gemeenteBeperking": null, "openingstijden": {"ma": "20:30–23:00", "di": "20:30–23:00", "wo": "20:30–23:00", "do": "20:30–23:00", "vr": "Gesloten", "za": "Gesloten", "zo": "Gesloten"}, "latitude": 51.5596874, "longitude": 5.0725009, "bronId": "259042"}}, {"type": "Feature", "geometry": {"type": "Point", "coordinates": [5.035479, 51.5362571]}, "properties": {"type": "inleverpunt", "locatieNaam": "Vending@Work GXO Tilburg 1", "straatNaam": "Marga Klompeweg", "straatNr": "105", "postcode": "5032 MP", "plaats": "Tilburg", "merk": "StatiegeldNederland", "puntType": "automaat", "materialen": ["pet-groot", "pet-klein", "blik"], "uitbetaling": ["bonnetje", "donatie", "tikkie"], "vrijToegankelijk": true, "gemeenteBeperking": null, "openingstijden": null, "latitude": 51.5362571, "longitude": 5.035479, "bronId": "259181"}}, {"type": "Feature", "geometry": {"type": "Point", "coordinates": [4.9845821, 51.601717]}, "properties": {"type": "inleverpunt", "locatieNaam": "Vending@Work GXO Tilburg 2", "straatNaam": "Letostraat", "straatNr": "33", "postcode": "5047 RP", "plaats": "Tilburg", "merk": "StatiegeldNederland", "puntType": "automaat", "materialen": ["pet-groot", "pet-klein", "blik"], "uitbetaling": ["bonnetje", "donatie", "tikkie"], "vrijToegankelijk": true, "gemeenteBeperking": null, "openingstijden": null, "latitude": 51.601717, "longitude": 4.9845821, "bronId": "259182"}}, {"type": "Feature", "geometry": {"type": "Point", "coordinates": [5.0265303, 51.5866105]}, "properties": {"type": "inleverpunt", "locatieNaam": "ViaTim", "straatNaam": "Aphroditestraat", "straatNr": "71", "postcode": "5047 TW", "plaats": "Tilburg", "merk": "StatiegeldNederland", "puntType": "balie", "materialen": ["pet-groot", "pet-klein", "blik"], "uitbetaling": ["tikkie"], "vrijToegankelijk": true, "gemeenteBeperking": null, "openingstijden": {"ma": "09:00–17:30", "di": "09:00–17:30", "wo": "09:00–17:30", "do": "09:00–17:30", "vr": "09:00–17:30", "za": "09:00–13:00", "zo": "Gesloten"}, "latitude": 51.5866105, "longitude": 5.0265303, "bronId": "259209"}}, {"type": "Feature", "geometry": {"type": "Point", "coordinates": [5.0869139, 51.569525]}, "properties": {"type": "inleverpunt", "locatieNaam": "ViaTim", "straatNaam": "Bisschop Ophoviusstraat", "straatNr": "1", "postcode": "5014 LZ", "plaats": "Tilburg", "merk": "StatiegeldNederland", "puntType": "balie", "materialen": ["pet-groot", "pet-klein", "blik"], "uitbetaling": ["tikkie"], "vrijToegankelijk": true, "gemeenteBeperking": null, "openingstijden": null, "latitude": 51.569525, "longitude": 5.0869139, "bronId": "259224"}}, {"type": "Feature", "geometry": {"type": "Point", "coordinates": [5.0926662, 51.5711047]}, "properties": {"type": "inleverpunt", "locatieNaam": "ViaTim", "straatNaam": "Van Alkemadestraat", "straatNr": "32", "postcode": "5014 ML", "plaats": "Tilburg", "merk": "StatiegeldNederland", "puntType": "balie", "materialen": ["pet-groot", "pet-klein", "blik"], "uitbetaling": ["tikkie"], "vrijToegankelijk": true, "gemeenteBeperking": null, "openingstijden": null, "latitude": 51.5711047, "longitude": 5.0926662, "bronId": "259505"}}, {"type": "Feature", "geometry": {"type": "Point", "coordinates": [5.069877, 51.5833753]}, "properties": {"type": "inleverpunt", "locatieNaam": "Voetbalvereniging Willem Ii Av", "straatNaam": "Heikantlaan", "straatNr": "110", "postcode": "5049 AN", "plaats": "Tilburg", "merk": "StatiegeldNederland", "puntType": "balie", "materialen": ["pet-groot", "pet-klein", "blik"], "uitbetaling": [], "vrijToegankelijk": false, "gemeenteBeperking": null, "openingstijden": {"ma": "Gesloten", "di": "Gesloten", "wo": "19:00–23:00", "do": "Gesloten", "vr": "Gesloten", "za": "09:00–17:00", "zo": "09:00–16:00"}, "latitude": 51.5833753, "longitude": 5.069877, "bronId": "259619"}}, {"type": "Feature", "geometry": {"type": "Point", "coordinates": [5.0783961, 51.551639]}, "properties": {"type": "inleverpunt", "locatieNaam": "Zapolski Tilburg", "straatNaam": "Trouwlaan", "straatNr": "27", "postcode": "5021 WD", "plaats": "Tilburg", "merk": "StatiegeldNederland", "puntType": "automaat", "materialen": ["pet-groot", "pet-klein", "blik"], "uitbetaling": ["bonnetje", "donatie", "tikkie"], "vrijToegankelijk": true, "gemeenteBeperking": null, "openingstijden": null, "latitude": 51.551639, "longitude": 5.0783961, "bronId": "259890"}}, {"type": "Feature", "geometry": {"type": "Point", "coordinates": [5.141488, 51.611999]}, "properties": {"type": "inleverpunt", "locatieNaam": "Hoppenbrouwers Audi Video VOF (Kreitenmolenstraat)", "straatNaam": "Kreitenmolenstraat", "straatNr": "3", "postcode": "5071 BA", "plaats": "Udenhout", "merk": "StichtingOPEN", "puntType": "balie", "materialen": ["lampen"], "uitbetaling": [], "vrijToegankelijk": false, "gemeenteBeperking": null, "openingstijden": null, "latitude": 51.611999, "longitude": 5.141488, "bronId": "SP00000371"}}, {"type": "Feature", "geometry": {"type": "Point", "coordinates": [5.14397, 51.61063]}, "properties": {"type": "inleverpunt", "locatieNaam": "Kruidvat Udenhout", "straatNaam": "Kreitenmolenstraat", "straatNr": "38-40", "postcode": "5071 BE", "plaats": "Udenhout", "merk": "StichtingOPEN", "puntType": "balie", "materialen": ["batterijen", "lampen"], "uitbetaling": [], "vrijToegankelijk": false, "gemeenteBeperking": null, "openingstijden": null, "latitude": 51.61063, "longitude": 5.14397, "bronId": "SP00029529"}}, {"type": "Feature", "geometry": {"type": "Point", "coordinates": [5.145995, 51.609946]}, "properties": {"type": "inleverpunt", "locatieNaam": "EP: Robben Audio Video Elektro", "straatNaam": "Kreitenmolenstraat", "straatNr": "62", "postcode": "5071 BH", "plaats": "Udenhout", "merk": "StichtingOPEN", "puntType": "balie", "materialen": ["elektro-middel", "lampen"], "uitbetaling": [], "vrijToegankelijk": false, "gemeenteBeperking": null, "openingstijden": null, "latitude": 51.609946, "longitude": 5.145995, "bronId": "SP00003385"}}, {"type": "Feature", "geometry": {"type": "Point", "coordinates": [5.142735, 51.609412]}, "properties": {"type": "inleverpunt", "locatieNaam": "Aldi Udenhout", "straatNaam": "Tongerloplein", "straatNr": "19", "postcode": "5071 CX", "plaats": "Udenhout", "merk": "StichtingOPEN", "puntType": "balie", "materialen": ["batterijen", "elektro-klein", "lampen"], "uitbetaling": [], "vrijToegankelijk": false, "gemeenteBeperking": null, "openingstijden": null, "latitude": 51.609412, "longitude": 5.142735, "bronId": "SP00026807"}}, {"type": "Feature", "geometry": {"type": "Point", "coordinates": [5.142766, 51.609306]}, "properties": {"type": "inleverpunt", "locatieNaam": "PLUS Udenhout", "straatNaam": "Tongerloplein", "straatNr": "23", "postcode": "5071 CX", "plaats": "Udenhout", "merk": "StichtingOPEN", "puntType": "balie", "materialen": ["batterijen", "lampen"], "uitbetaling": [], "vrijToegankelijk": false, "gemeenteBeperking": null, "openingstijden": null, "latitude": 51.609306, "longitude": 5.142766, "bronId": "SP00024191"}}, {"type": "Feature", "geometry": {"type": "Point", "coordinates": [5.15279, 51.60794]}, "properties": {"type": "inleverpunt", "locatieNaam": "Jumbo Echt", "straatNaam": "Kreitenmolenstraat", "straatNr": "149", "postcode": "5071 BC", "plaats": "Udenhout", "merk": "StichtingOPEN", "puntType": "balie", "materialen": ["batterijen", "elektro-klein", "lampen"], "uitbetaling": [], "vrijToegankelijk": false, "gemeenteBeperking": null, "openingstijden": null, "latitude": 51.60794, "longitude": 5.15279, "bronId": "SP00030217"}}, {"type": "Feature", "geometry": {"type": "Point", "coordinates": [5.14708, 51.595989]}, "properties": {"type": "inleverpunt", "locatieNaam": "Milieustraat Hoolstraat", "straatNaam": "Hoolstraat", "straatNr": "2B", "postcode": "5056 PK", "plaats": "Berkel-Enschot", "merk": "StichtingOPEN", "puntType": "balie", "materialen": ["elektro-groot", "elektro-klein", "elektro-middel"], "uitbetaling": [], "vrijToegankelijk": false, "gemeenteBeperking": null, "openingstijden": null, "latitude": 51.595989, "longitude": 5.14708, "bronId": "SP00028628"}}, {"type": "Feature", "geometry": {"type": "Point", "coordinates": [5.142106, 51.589359]}, "properties": {"type": "inleverpunt", "locatieNaam": "Hubo Berkel-Enschot (SPL)", "straatNaam": "St. Willibrordstraat", "straatNr": "15", "postcode": "5056 HS", "plaats": "Berkel-Enschot", "merk": "StichtingOPEN", "puntType": "balie", "materialen": ["elektro-middel", "lampen", "tl-buizen"], "uitbetaling": [], "vrijToegankelijk": false, "gemeenteBeperking": null, "openingstijden": null, "latitude": 51.589359, "longitude": 5.142106, "bronId": "SP00003055"}}, {"type": "Feature", "geometry": {"type": "Point", "coordinates": [5.099963, 51.593256]}, "properties": {"type": "inleverpunt", "locatieNaam": "Gamma Tilburg Noord", "straatNaam": "Bundersestraat", "straatNr": "3", "postcode": "5012 TB", "plaats": "Tilburg", "merk": "StichtingOPEN", "puntType": "balie", "materialen": ["batterijen", "elektro-klein", "elektro-middel", "lampen", "tl-buizen"], "uitbetaling": [], "vrijToegankelijk": false, "gemeenteBeperking": null, "openingstijden": null, "latitude": 51.593256, "longitude": 5.099963, "bronId": "SP00029073"}}, {"type": "Feature", "geometry": {"type": "Point", "coordinates": [5.078892, 51.595396]}, "properties": {"type": "inleverpunt", "locatieNaam": "GroenRijk Tilburg", "straatNaam": "Stokhasseltlaan", "straatNr": "39", "postcode": "5049 TB", "plaats": "Tilburg", "merk": "StichtingOPEN", "puntType": "balie", "materialen": ["batterijen", "elektro-klein", "lampen"], "uitbetaling": [], "vrijToegankelijk": false, "gemeenteBeperking": null, "openingstijden": null, "latitude": 51.595396, "longitude": 5.078892, "bronId": "SP00005736"}}, {"type": "Feature", "geometry": {"type": "Point", "coordinates": [5.14102, 51.58493]}, "properties": {"type": "inleverpunt", "locatieNaam": "Kruidvat Berkel-Enschot", "straatNaam": "Eikenbosch", "straatNr": "3940", "postcode": "5056 GB", "plaats": "Berkel-Enschot", "merk": "StichtingOPEN", "puntType": "balie", "materialen": ["batterijen", "lampen"], "uitbetaling": [], "vrijToegankelijk": false, "gemeenteBeperking": null, "openingstijden": null, "latitude": 51.58493, "longitude": 5.14102, "bronId": "SP00024514"}}, {"type": "Feature", "geometry": {"type": "Point", "coordinates": [5.142568, 51.584375]}, "properties": {"type": "inleverpunt", "locatieNaam": "1585 Albert Heijn Berkel-Enschot", "straatNaam": "Heuneind", "straatNr": "21", "postcode": "5056 GE", "plaats": "Berkel-Enschot", "merk": "StichtingOPEN", "puntType": "balie", "materialen": ["batterijen", "elektro-klein", "lampen"], "uitbetaling": [], "vrijToegankelijk": false, "gemeenteBeperking": null, "openingstijden": null, "latitude": 51.584375, "longitude": 5.142568, "bronId": "SP00022608"}}, {"type": "Feature", "geometry": {"type": "Point", "coordinates": [5.140041, 51.584631]}, "properties": {"type": "inleverpunt", "locatieNaam": "Jumbo Berkel-Enschot", "straatNaam": "Eikenbosch", "straatNr": "17", "postcode": "5056 GB", "plaats": "Berkel-Enschot", "merk": "StichtingOPEN", "puntType": "balie", "materialen": ["batterijen", "lampen"], "uitbetaling": [], "vrijToegankelijk": false, "gemeenteBeperking": null, "openingstijden": null, "latitude": 51.584631, "longitude": 5.140041, "bronId": "SP00025038"}}, {"type": "Feature", "geometry": {"type": "Point", "coordinates": [5.070768, 51.588576]}, "properties": {"type": "inleverpunt", "locatieNaam": "Onze 013 Boerderij - Stokhasselt", "straatNaam": "Puccinistraat", "straatNr": "319A", "postcode": "5049 GK", "plaats": "Tilburg", "merk": "StichtingOPEN", "puntType": "balie", "materialen": ["elektro-klein", "elektro-middel"], "uitbetaling": [], "vrijToegankelijk": false, "gemeenteBeperking": null, "openingstijden": null, "latitude": 51.588576, "longitude": 5.070768, "bronId": "SP00040032"}}, {"type": "Feature", "geometry": {"type": "Point", "coordinates": [5.085582, 51.585171]}, "properties": {"type": "inleverpunt", "locatieNaam": "Action Tilburg", "straatNaam": "Wagnerplein", "straatNr": "113", "postcode": "5011 LR", "plaats": "Tilburg", "merk": "StichtingOPEN", "puntType": "balie", "materialen": ["batterijen", "lampen"], "uitbetaling": [], "vrijToegankelijk": false, "gemeenteBeperking": null, "openingstijden": null, "latitude": 51.585171, "longitude": 5.085582, "bronId": "SP00025569"}}, {"type": "Feature", "geometry": {"type": "Point", "coordinates": [5.085781, 51.583839]}, "properties": {"type": "inleverpunt", "locatieNaam": "1189 Albert Heijn Tilburg", "straatNaam": "Wagnerplein", "straatNr": "52", "postcode": "5011 LR", "plaats": "Tilburg", "merk": "StichtingOPEN", "puntType": "balie", "materialen": ["batterijen"], "uitbetaling": [], "vrijToegankelijk": false, "gemeenteBeperking": null, "openingstijden": null, "latitude": 51.583839, "longitude": 5.085781, "bronId": "SP00022606"}}, {"type": "Feature", "geometry": {"type": "Point", "coordinates": [5.118835, 51.578836]}, "properties": {"type": "inleverpunt", "locatieNaam": "500 Isero Tilburg", "straatNaam": "Pegasusweg", "straatNr": "4", "postcode": "5015 BZ", "plaats": "Tilburg", "merk": "StichtingOPEN", "puntType": "balie", "materialen": ["elektro-klein", "lampen", "tl-buizen"], "uitbetaling": [], "vrijToegankelijk": false, "gemeenteBeperking": null, "openingstijden": null, "latitude": 51.578836, "longitude": 5.118835, "bronId": "SP00032573"}}, {"type": "Feature", "geometry": {"type": "Point", "coordinates": [5.116534, 51.577801]}, "properties": {"type": "inleverpunt", "locatieNaam": "DCNB Ahold DC Tilburg", "straatNaam": "Pegasusweg", "straatNr": "1", "postcode": "5015 BZ", "plaats": "Tilburg", "merk": "StichtingOPEN", "puntType": "balie", "materialen": ["batterijen", "elektro-klein", "lampen"], "uitbetaling": [], "vrijToegankelijk": false, "gemeenteBeperking": null, "openingstijden": null, "latitude": 51.577801, "longitude": 5.116534, "bronId": "SP00023364"}}, {"type": "Feature", "geometry": {"type": "Point", "coordinates": [5.053281, 51.586301]}, "properties": {"type": "inleverpunt", "locatieNaam": "Fixami", "straatNaam": "Zevenheuvelenweg", "straatNr": "25", "postcode": "5048 AN", "plaats": "Tilburg", "merk": "StichtingOPEN", "puntType": "balie", "materialen": ["batterijen", "elektro-klein", "elektro-middel"], "uitbetaling": [], "vrijToegankelijk": false, "gemeenteBeperking": null, "openingstijden": null, "latitude": 51.586301, "longitude": 5.053281, "bronId": "SP00038947"}}, {"type": "Feature", "geometry": {"type": "Point", "coordinates": [5.028853, 51.589459]}, "properties": {"type": "inleverpunt", "locatieNaam": "HBL Online B.V.", "straatNaam": "Boterberg", "straatNr": "10", "postcode": "5047 ST", "plaats": "Tilburg", "merk": "StichtingOPEN", "puntType": "balie", "materialen": ["elektro-groot", "elektro-middel"], "uitbetaling": [], "vrijToegankelijk": false, "gemeenteBeperking": null, "openingstijden": null, "latitude": 51.589459, "longitude": 5.028853, "bronId": "SP00008625"}}, {"type": "Feature", "geometry": {"type": "Point", "coordinates": [5.030855, 51.588822]}, "properties": {"type": "inleverpunt", "locatieNaam": "Hornbach Tilburg", "straatNaam": "Hestiastraat", "straatNr": "1", "postcode": "5047 VA", "plaats": "Tilburg", "merk": "StichtingOPEN", "puntType": "balie", "materialen": ["elektro-middel", "lampen", "tl-buizen"], "uitbetaling": [], "vrijToegankelijk": false, "gemeenteBeperking": null, "openingstijden": null, "latitude": 51.588822, "longitude": 5.030855, "bronId": "SP00004656"}}, {"type": "Feature", "geometry": {"type": "Point", "coordinates": [5.029846, 51.588288]}, "properties": {"type": "inleverpunt", "locatieNaam": "Praxis Tilburg (Reeshof) - 2214", "straatNaam": "Brakman", "straatNr": "80", "postcode": "5047 SW", "plaats": "Tilburg", "merk": "StichtingOPEN", "puntType": "balie", "materialen": ["elektro-middel", "lampen", "tl-buizen"], "uitbetaling": [], "vrijToegankelijk": false, "gemeenteBeperking": null, "openingstijden": null, "latitude": 51.588288, "longitude": 5.029846, "bronId": "SP00004541"}}, {"type": "Feature", "geometry": {"type": "Point", "coordinates": [5.028606, 51.587599]}, "properties": {"type": "inleverpunt", "locatieNaam": "KARWEI Tilburg-West", "straatNaam": "Brakman", "straatNr": "77", "postcode": "5047 SV", "plaats": "Tilburg", "merk": "StichtingOPEN", "puntType": "balie", "materialen": ["elektro-middel", "lampen", "tl-buizen"], "uitbetaling": [], "vrijToegankelijk": false, "gemeenteBeperking": null, "openingstijden": null, "latitude": 51.587599, "longitude": 5.028606, "bronId": "SP00000739"}}, {"type": "Feature", "geometry": {"type": "Point", "coordinates": [5.084458, 51.574343]}, "properties": {"type": "inleverpunt", "locatieNaam": "Jumbo Tilburg", "straatNaam": "Bart van Peltplein", "straatNr": "1", "postcode": "5046 GA", "plaats": "Tilburg", "merk": "StichtingOPEN", "puntType": "balie", "materialen": ["batterijen", "lampen"], "uitbetaling": [], "vrijToegankelijk": false, "gemeenteBeperking": null, "openingstijden": null, "latitude": 51.574343, "longitude": 5.084458, "bronId": "SP00025033"}}, {"type": "Feature", "geometry": {"type": "Point", "coordinates": [5.08136, 51.573886]}, "properties": {"type": "inleverpunt", "locatieNaam": "EP: John van de Rijt", "straatNaam": "Goirkestraat", "straatNr": "48", "postcode": "5046 GL", "plaats": "Tilburg", "merk": "StichtingOPEN", "puntType": "balie", "materialen": ["elektro-klein", "elektro-middel"], "uitbetaling": [], "vrijToegankelijk": false, "gemeenteBeperking": null, "openingstijden": null, "latitude": 51.573886, "longitude": 5.08136, "bronId": "SP00003387"}}, {"type": "Feature", "geometry": {"type": "Point", "coordinates": [5.082372, 51.571407]}, "properties": {"type": "inleverpunt", "locatieNaam": "Onze 013 Boerderij - Kerkibo", "straatNaam": "Bisschop Bekkerslaan", "straatNr": "202a", "postcode": "5046 JK", "plaats": "Tilburg", "merk": "StichtingOPEN", "puntType": "balie", "materialen": ["elektro-klein"], "uitbetaling": [], "vrijToegankelijk": false, "gemeenteBeperking": null, "openingstijden": null, "latitude": 51.571407, "longitude": 5.082372, "bronId": "SP00005081"}}, {"type": "Feature", "geometry": {"type": "Point", "coordinates": [5.018725, 51.581543]}, "properties": {"type": "inleverpunt", "locatieNaam": "1837 Albert Heijn Tilburg", "straatNaam": "Buurmalsenplein", "straatNr": "1", "postcode": "5043 XL", "plaats": "Tilburg", "merk": "StichtingOPEN", "puntType": "balie", "materialen": ["batterijen", "elektro-klein", "lampen"], "uitbetaling": [], "vrijToegankelijk": false, "gemeenteBeperking": null, "openingstijden": null, "latitude": 51.581543, "longitude": 5.018725, "bronId": "SP00022604"}}, {"type": "Feature", "geometry": {"type": "Point", "coordinates": [5.039932, 51.576234]}, "properties": {"type": "inleverpunt", "locatieNaam": "Albert Heijn Tilburg 1095", "straatNaam": "Umberstraat", "straatNr": "2", "postcode": "5044 JJ", "plaats": "Tilburg", "merk": "StichtingOPEN", "puntType": "balie", "materialen": ["batterijen", "elektro-klein", "lampen"], "uitbetaling": [], "vrijToegankelijk": false, "gemeenteBeperking": null, "openingstijden": null, "latitude": 51.576234, "longitude": 5.039932, "bronId": "SP00027263"}}, {"type": "Feature", "geometry": {"type": "Point", "coordinates": [5.104198, 51.565463]}, "properties": {"type": "inleverpunt", "locatieNaam": "20 - Bouwmaat Tilburg", "straatNaam": "Ceramstraat", "straatNr": "3", "postcode": "5013 BB", "plaats": "Tilburg", "merk": "StichtingOPEN", "puntType": "balie", "materialen": ["elektro-klein", "lampen", "tl-buizen"], "uitbetaling": [], "vrijToegankelijk": false, "gemeenteBeperking": null, "openingstijden": null, "latitude": 51.565463, "longitude": 5.104198, "bronId": "SP00033369"}}, {"type": "Feature", "geometry": {"type": "Point", "coordinates": [5.049857, 51.573673]}, "properties": {"type": "inleverpunt", "locatieNaam": "Joosen Audio Video", "straatNaam": "Beneluxlaan", "straatNr": "61", "postcode": "5042 WK", "plaats": "Tilburg", "merk": "StichtingOPEN", "puntType": "balie", "materialen": ["elektro-middel", "lampen"], "uitbetaling": [], "vrijToegankelijk": false, "gemeenteBeperking": null, "openingstijden": null, "latitude": 51.573673, "longitude": 5.049857, "bronId": "SP00002748"}}, {"type": "Feature", "geometry": {"type": "Point", "coordinates": [5.10626, 51.564261]}, "properties": {"type": "inleverpunt", "locatieNaam": "Kringloopbedrijf La Poubelle", "straatNaam": "Insulindestraat", "straatNr": "1", "postcode": "5013 BA", "plaats": "Tilburg", "merk": "StichtingOPEN", "puntType": "balie", "materialen": ["elektro-groot", "elektro-middel"], "uitbetaling": [], "vrijToegankelijk": false, "gemeenteBeperking": null, "openingstijden": null, "latitude": 51.564261, "longitude": 5.10626, "bronId": "SP00035341"}}, {"type": "Feature", "geometry": {"type": "Point", "coordinates": [5.037771, 51.575214]}, "properties": {"type": "inleverpunt", "locatieNaam": "Aldi Tilburg", "straatNaam": "Paletplein", "straatNr": "1", "postcode": "5044 JB", "plaats": "Tilburg", "merk": "StichtingOPEN", "puntType": "balie", "materialen": ["batterijen", "elektro-klein", "lampen"], "uitbetaling": [], "vrijToegankelijk": false, "gemeenteBeperking": null, "openingstijden": null, "latitude": 51.575214, "longitude": 5.037771, "bronId": "SP00026799"}}, {"type": "Feature", "geometry": {"type": "Point", "coordinates": [5.063556, 51.569531]}, "properties": {"type": "inleverpunt", "locatieNaam": "PLUS Tilburg", "straatNaam": "Dr. Ahausstraat", "straatNr": "1", "postcode": "5042 EK", "plaats": "Tilburg", "merk": "StichtingOPEN", "puntType": "balie", "materialen": ["batterijen", "lampen"], "uitbetaling": [], "vrijToegankelijk": false, "gemeenteBeperking": null, "openingstijden": null, "latitude": 51.569531, "longitude": 5.063556, "bronId": "SP00024044"}}, {"type": "Feature", "geometry": {"type": "Point", "coordinates": [5.09033, 51.56434]}, "properties": {"type": "inleverpunt", "locatieNaam": "Kruidvat Tilburg", "straatNaam": "Besterdring", "straatNr": "131", "postcode": "5014 HJ", "plaats": "Tilburg", "merk": "StichtingOPEN", "puntType": "balie", "materialen": ["batterijen", "lampen"], "uitbetaling": [], "vrijToegankelijk": false, "gemeenteBeperking": null, "openingstijden": null, "latitude": 51.56434, "longitude": 5.09033, "bronId": "SP00029763"}}, {"type": "Feature", "geometry": {"type": "Point", "coordinates": [5.054341, 51.570109]}, "properties": {"type": "inleverpunt", "locatieNaam": "1004 Albert Heijn Tilburg", "straatNaam": "Westermarkt", "straatNr": "17", "postcode": "5042 MC", "plaats": "Tilburg", "merk": "StichtingOPEN", "puntType": "balie", "materialen": ["batterijen", "elektro-klein", "lampen"], "uitbetaling": [], "vrijToegankelijk": false, "gemeenteBeperking": null, "openingstijden": null, "latitude": 51.570109, "longitude": 5.054341, "bronId": "SP00022598"}}, {"type": "Feature", "geometry": {"type": "Point", "coordinates": [5.080241, 51.565562]}, "properties": {"type": "inleverpunt", "locatieNaam": "Onze 013 Boerderij - Maria Goretti", "straatNaam": "Stedekestraat", "straatNr": "17", "postcode": "5041 DM", "plaats": "Tilburg", "merk": "StichtingOPEN", "puntType": "balie", "materialen": ["elektro-klein", "elektro-middel"], "uitbetaling": [], "vrijToegankelijk": false, "gemeenteBeperking": null, "openingstijden": null, "latitude": 51.565562, "longitude": 5.080241, "bronId": "SP00039500"}}, {"type": "Feature", "geometry": {"type": "Point", "coordinates": [5.091467, 51.563255]}, "properties": {"type": "inleverpunt", "locatieNaam": "PLUS Tilburg", "straatNaam": "Besterdring", "straatNr": "110", "postcode": "5014 HM", "plaats": "Tilburg", "merk": "StichtingOPEN", "puntType": "balie", "materialen": ["batterijen", "lampen"], "uitbetaling": [], "vrijToegankelijk": false, "gemeenteBeperking": null, "openingstijden": null, "latitude": 51.563255, "longitude": 5.091467, "bronId": "SP00023993"}}, {"type": "Feature", "geometry": {"type": "Point", "coordinates": [5.053728, 51.569151]}, "properties": {"type": "inleverpunt", "locatieNaam": "Stichting PortAgora - Centrum Europese Samenwerking", "straatNaam": "Daniël Josephus Jittastraat", "straatNr": "6", "postcode": "5042 MX", "plaats": "Tilburg", "merk": "StichtingOPEN", "puntType": "balie", "materialen": ["batterijen", "elektro-klein", "lampen", "tl-buizen"], "uitbetaling": [], "vrijToegankelijk": false, "gemeenteBeperking": null, "openingstijden": null, "latitude": 51.569151, "longitude": 5.053728, "bronId": "SP00040857"}}, {"type": "Feature", "geometry": {"type": "Point", "coordinates": [5.053656, 51.569064]}, "properties": {"type": "inleverpunt", "locatieNaam": "Action Tilburg 1205", "straatNaam": "Daniel Josephus Jittastraat", "straatNr": "8", "postcode": "5042 MX", "plaats": "Tilburg", "merk": "StichtingOPEN", "puntType": "balie", "materialen": ["batterijen", "lampen"], "uitbetaling": [], "vrijToegankelijk": false, "gemeenteBeperking": null, "openingstijden": null, "latitude": 51.569064, "longitude": 5.053656, "bronId": "SP00007595"}}, {"type": "Feature", "geometry": {"type": "Point", "coordinates": [5.042405, 51.571054]}, "properties": {"type": "inleverpunt", "locatieNaam": "Onze 013 Boerderij - Het Wandelbos", "straatNaam": "Indigolaan", "straatNr": "850", "postcode": "5044 RH", "plaats": "Tilburg", "merk": "StichtingOPEN", "puntType": "balie", "materialen": ["elektro-klein", "elektro-middel"], "uitbetaling": [], "vrijToegankelijk": false, "gemeenteBeperking": null, "openingstijden": null, "latitude": 51.571054, "longitude": 5.042405, "bronId": "SP00040033"}}, {"type": "Feature", "geometry": {"type": "Point", "coordinates": [5.004733, 51.578433]}, "properties": {"type": "inleverpunt", "locatieNaam": "PLUS Tilburg", "straatNaam": "Heyhoefpromenade", "straatNr": "41", "postcode": "5043 RA", "plaats": "Tilburg", "merk": "StichtingOPEN", "puntType": "balie", "materialen": ["batterijen", "lampen"], "uitbetaling": [], "vrijToegankelijk": false, "gemeenteBeperking": null, "openingstijden": null, "latitude": 51.578433, "longitude": 5.004733, "bronId": "SP00024070"}}, {"type": "Feature", "geometry": {"type": "Point", "coordinates": [5.053053, 51.568752]}, "properties": {"type": "inleverpunt", "locatieNaam": "Kruidvat Tilburg", "straatNaam": "Westermarkt", "straatNr": "37a", "postcode": "5042 MD", "plaats": "Tilburg", "merk": "StichtingOPEN", "puntType": "balie", "materialen": ["batterijen", "lampen"], "uitbetaling": [], "vrijToegankelijk": false, "gemeenteBeperking": null, "openingstijden": null, "latitude": 51.568752, "longitude": 5.053053, "bronId": "SP00024924"}}, {"type": "Feature", "geometry": {"type": "Point", "coordinates": [5.005652, 51.577825]}, "properties": {"type": "inleverpunt", "locatieNaam": "Jumbo Tilburg", "straatNaam": "Heyhoefpromenade", "straatNr": "1117", "postcode": "5043 RA", "plaats": "Tilburg", "merk": "StichtingOPEN", "puntType": "balie", "materialen": ["batterijen", "lampen"], "uitbetaling": [], "vrijToegankelijk": false, "gemeenteBeperking": null, "openingstijden": null, "latitude": 51.577825, "longitude": 5.005652, "bronId": "SP00025034"}}, {"type": "Feature", "geometry": {"type": "Point", "coordinates": [5.0529, 51.56843]}, "properties": {"type": "inleverpunt", "locatieNaam": "Jumbo Reusel", "straatNaam": "Westermarkt", "straatNr": "38", "postcode": "5042 MD", "plaats": "Tilburg", "merk": "StichtingOPEN", "puntType": "balie", "materialen": ["batterijen", "elektro-klein", "lampen"], "uitbetaling": [], "vrijToegankelijk": false, "gemeenteBeperking": null, "openingstijden": null, "latitude": 51.56843, "longitude": 5.0529, "bronId": "SP00030214"}}, {"type": "Feature", "geometry": {"type": "Point", "coordinates": [4.983709, 51.582463]}, "properties": {"type": "inleverpunt", "locatieNaam": "1645 Albert Heijn Tilburg", "straatNaam": "Dalempromenade", "straatNr": "40", "postcode": "5035 KL", "plaats": "Tilburg", "merk": "StichtingOPEN", "puntType": "balie", "materialen": ["batterijen", "elektro-klein", "lampen"], "uitbetaling": [], "vrijToegankelijk": false, "gemeenteBeperking": null, "openingstijden": null, "latitude": 51.582463, "longitude": 4.983709, "bronId": "SP00022605"}}, {"type": "Feature", "geometry": {"type": "Point", "coordinates": [5.00374, 51.57736]}, "properties": {"type": "inleverpunt", "locatieNaam": "Kruidvat Tilburg", "straatNaam": "Heyhoefpromenade", "straatNr": "107", "postcode": "5043 RB", "plaats": "Tilburg", "merk": "StichtingOPEN", "puntType": "balie", "materialen": ["batterijen", "lampen"], "uitbetaling": [], "vrijToegankelijk": false, "gemeenteBeperking": null, "openingstijden": null, "latitude": 51.57736, "longitude": 5.00374, "bronId": "SP00029558"}}, {"type": "Feature", "geometry": {"type": "Point", "coordinates": [5.002901, 51.577256]}, "properties": {"type": "inleverpunt", "locatieNaam": "Lidl Tilburg", "straatNaam": "Heyhoefpromenade", "straatNr": "115", "postcode": "5043 RB", "plaats": "Tilburg", "merk": "StichtingOPEN", "puntType": "balie", "materialen": ["batterijen", "lampen"], "uitbetaling": [], "vrijToegankelijk": false, "gemeenteBeperking": null, "openingstijden": null, "latitude": 51.577256, "longitude": 5.002901, "bronId": "SP00025659"}}, {"type": "Feature", "geometry": {"type": "Point", "coordinates": [5.003126, 51.57703]}, "properties": {"type": "inleverpunt", "locatieNaam": "Xenos Tilburg", "straatNaam": "Heyhoefpromenade", "straatNr": "58", "postcode": "5043 RM", "plaats": "Tilburg", "merk": "StichtingOPEN", "puntType": "balie", "materialen": ["batterijen", "lampen"], "uitbetaling": [], "vrijToegankelijk": false, "gemeenteBeperking": null, "openingstijden": null, "latitude": 51.57703, "longitude": 5.003126, "bronId": "SP00025731"}}, {"type": "Feature", "geometry": {"type": "Point", "coordinates": [5.075204, 51.563228]}, "properties": {"type": "inleverpunt", "locatieNaam": "1521 Albert Heijn XL Tilburg", "straatNaam": "Jan Heijnsstraat", "straatNr": "10", "postcode": "5041 GB", "plaats": "Tilburg", "merk": "StichtingOPEN", "puntType": "balie", "materialen": ["batterijen", "elektro-klein", "lampen"], "uitbetaling": [], "vrijToegankelijk": false, "gemeenteBeperking": null, "openingstijden": null, "latitude": 51.563228, "longitude": 5.075204, "bronId": "SP00023269"}}, {"type": "Feature", "geometry": {"type": "Point", "coordinates": [5.075712, 51.563135]}, "properties": {"type": "inleverpunt", "locatieNaam": "Action Tilburg", "straatNaam": "Jan Heijnsstraat", "straatNr": "16", "postcode": "5041 GB", "plaats": "Tilburg", "merk": "StichtingOPEN", "puntType": "balie", "materialen": ["batterijen", "lampen"], "uitbetaling": [], "vrijToegankelijk": false, "gemeenteBeperking": null, "openingstijden": null, "latitude": 51.563135, "longitude": 5.075712, "bronId": "SP00025526"}}, {"type": "Feature", "geometry": {"type": "Point", "coordinates": [5.091914, 51.560596]}, "properties": {"type": "inleverpunt", "locatieNaam": "Aldi Tilburg", "straatNaam": "Frans van Spaendonckplein", "straatNr": "1", "postcode": "5042 GP", "plaats": "Tilburg", "merk": "StichtingOPEN", "puntType": "balie", "materialen": ["batterijen", "elektro-klein", "lampen"], "uitbetaling": [], "vrijToegankelijk": false, "gemeenteBeperking": null, "openingstijden": null, "latitude": 51.560596, "longitude": 5.091914, "bronId": "SP00026800"}}, {"type": "Feature", "geometry": {"type": "Point", "coordinates": [4.984877, 51.579961]}, "properties": {"type": "inleverpunt", "locatieNaam": "Onze 013 Boerderij - Het Valleike", "straatNaam": "Scharwoudestraat", "straatNr": "30", "postcode": "5035 LN", "plaats": "Tilburg", "merk": "StichtingOPEN", "puntType": "balie", "materialen": ["elektro-klein", "elektro-middel"], "uitbetaling": [], "vrijToegankelijk": false, "gemeenteBeperking": null, "openingstijden": null, "latitude": 51.579961, "longitude": 4.984877, "bronId": "SP00040034"}}, {"type": "Feature", "geometry": {"type": "Point", "coordinates": [5.074605, 51.562204]}, "properties": {"type": "inleverpunt", "locatieNaam": "Aldi Tilburg", "straatNaam": "Jan Heijnstraat", "straatNr": "30", "postcode": "5041 GB", "plaats": "Tilburg", "merk": "StichtingOPEN", "puntType": "balie", "materialen": ["batterijen", "elektro-klein", "lampen"], "uitbetaling": [], "vrijToegankelijk": false, "gemeenteBeperking": null, "openingstijden": null, "latitude": 51.562204, "longitude": 5.074605, "bronId": "SP00026802"}}, {"type": "Feature", "geometry": {"type": "Point", "coordinates": [5.07524, 51.56206]}, "properties": {"type": "inleverpunt", "locatieNaam": "Kruidvat Tilburg", "straatNaam": "Burgemeester Brokxlaan", "straatNr": "1906a", "postcode": "5041 SJ", "plaats": "Tilburg", "merk": "StichtingOPEN", "puntType": "balie", "materialen": ["batterijen", "lampen"], "uitbetaling": [], "vrijToegankelijk": false, "gemeenteBeperking": null, "openingstijden": null, "latitude": 51.56206, "longitude": 5.07524, "bronId": "SP00029585"}}, {"type": "Feature", "geometry": {"type": "Point", "coordinates": [5.088883, 51.55837]}, "properties": {"type": "inleverpunt", "locatieNaam": "Media Markt Tilburg BV", "straatNaam": "Telegraafstraat", "straatNr": "22B", "postcode": "5038 BM", "plaats": "Tilburg", "merk": "StichtingOPEN", "puntType": "balie", "materialen": ["elektro-middel", "lampen"], "uitbetaling": [], "vrijToegankelijk": false, "gemeenteBeperking": null, "openingstijden": null, "latitude": 51.55837, "longitude": 5.088883, "bronId": "SP00003299"}}, {"type": "Feature", "geometry": {"type": "Point", "coordinates": [5.088986, 51.558082]}, "properties": {"type": "inleverpunt", "locatieNaam": "Decathlon Tilburg", "straatNaam": "Pieter Vreedeplein", "straatNr": "165", "postcode": "5038 BW", "plaats": "Tilburg", "merk": "StichtingOPEN", "puntType": "balie", "materialen": ["batterijen", "elektro-klein"], "uitbetaling": [], "vrijToegankelijk": false, "gemeenteBeperking": null, "openingstijden": null, "latitude": 51.558082, "longitude": 5.088986, "bronId": "SP00033931"}}, {"type": "Feature", "geometry": {"type": "Point", "coordinates": [5.088661, 51.558046]}, "properties": {"type": "inleverpunt", "locatieNaam": "Kruidvat Tilburg", "straatNaam": "Pieter Vreedeplein", "straatNr": "167", "postcode": "5038 BW", "plaats": "Tilburg", "merk": "StichtingOPEN", "puntType": "balie", "materialen": ["batterijen", "lampen"], "uitbetaling": [], "vrijToegankelijk": false, "gemeenteBeperking": null, "openingstijden": null, "latitude": 51.558046, "longitude": 5.088661, "bronId": "SP00024507"}}, {"type": "Feature", "geometry": {"type": "Point", "coordinates": [5.089929, 51.556218]}, "properties": {"type": "inleverpunt", "locatieNaam": "HiFi Klubben Tilburg", "straatNaam": "Juliana van Stolbergstraat", "straatNr": "27", "postcode": "5038 AM", "plaats": "Tilburg", "merk": "StichtingOPEN", "puntType": "balie", "materialen": ["elektro-groot", "elektro-klein", "elektro-middel"], "uitbetaling": [], "vrijToegankelijk": false, "gemeenteBeperking": null, "openingstijden": null, "latitude": 51.556218, "longitude": 5.089929, "bronId": "SP00026726"}}, {"type": "Feature", "geometry": {"type": "Point", "coordinates": [5.08673, 51.55606]}, "properties": {"type": "inleverpunt", "locatieNaam": "Kruidvat Tilburg", "straatNaam": "Heuvelstraat", "straatNr": "67", "postcode": "5038 AC", "plaats": "Tilburg", "merk": "StichtingOPEN", "puntType": "balie", "materialen": ["batterijen", "lampen"], "uitbetaling": [], "vrijToegankelijk": false, "gemeenteBeperking": null, "openingstijden": null, "latitude": 51.55606, "longitude": 5.08673, "bronId": "SP00029481"}}, {"type": "Feature", "geometry": {"type": "Point", "coordinates": [5.101768, 51.553848]}, "properties": {"type": "inleverpunt", "locatieNaam": "Kringloopbedrijf La Poubelle", "straatNaam": "Havendijk", "straatNr": "45", "postcode": "5017 AL", "plaats": "Tilburg", "merk": "StichtingOPEN", "puntType": "balie", "materialen": ["elektro-groot", "elektro-middel"], "uitbetaling": [], "vrijToegankelijk": false, "gemeenteBeperking": null, "openingstijden": null, "latitude": 51.553848, "longitude": 5.101768, "bronId": "SP00034163"}}, {"type": "Feature", "geometry": {"type": "Point", "coordinates": [5.049256, 51.562045]}, "properties": {"type": "inleverpunt", "locatieNaam": "1375 Albert Heijn Tilburg", "straatNaam": "Professor de Moorplein", "straatNr": "124", "postcode": "5037 DN", "plaats": "Tilburg", "merk": "StichtingOPEN", "puntType": "balie", "materialen": ["batterijen", "elektro-klein", "lampen"], "uitbetaling": [], "vrijToegankelijk": false, "gemeenteBeperking": null, "openingstijden": null, "latitude": 51.562045, "longitude": 5.049256, "bronId": "SP00023254"}}, {"type": "Feature", "geometry": {"type": "Point", "coordinates": [5.090703, 51.554444]}, "properties": {"type": "inleverpunt", "locatieNaam": "1097 Albert Heijn Tilburg", "straatNaam": "Mauritshof", "straatNr": "34", "postcode": "5038 WN", "plaats": "Tilburg", "merk": "StichtingOPEN", "puntType": "balie", "materialen": ["batterijen", "elektro-klein", "lampen"], "uitbetaling": [], "vrijToegankelijk": false, "gemeenteBeperking": null, "openingstijden": null, "latitude": 51.554444, "longitude": 5.090703, "bronId": "SP00022593"}}, {"type": "Feature", "geometry": {"type": "Point", "coordinates": [5.090649, 51.554163]}, "properties": {"type": "inleverpunt", "locatieNaam": "Kruidvat Tilburg", "straatNaam": "Mauritshof", "straatNr": "32", "postcode": "5038 WN", "plaats": "Tilburg", "merk": "StichtingOPEN", "puntType": "balie", "materialen": ["batterijen", "lampen"], "uitbetaling": [], "vrijToegankelijk": false, "gemeenteBeperking": null, "openingstijden": null, "latitude": 51.554163, "longitude": 5.090649, "bronId": "SP00024505"}}, {"type": "Feature", "geometry": {"type": "Point", "coordinates": [5.10587, 51.55192]}, "properties": {"type": "inleverpunt", "locatieNaam": "Kruidvat Tilburg", "straatNaam": "AaBe-straat", "straatNr": "2", "postcode": "5021 AV", "plaats": "Tilburg", "merk": "StichtingOPEN", "puntType": "balie", "materialen": ["batterijen", "lampen"], "uitbetaling": [], "vrijToegankelijk": false, "gemeenteBeperking": null, "openingstijden": null, "latitude": 51.55192, "longitude": 5.10587, "bronId": "SP00029514"}}, {"type": "Feature", "geometry": {"type": "Point", "coordinates": [5.106446, 51.551731]}, "properties": {"type": "inleverpunt", "locatieNaam": "Jumbo Tilburg", "straatNaam": "AaBe-straat", "straatNr": "8", "postcode": "5021 AV", "plaats": "Tilburg", "merk": "StichtingOPEN", "puntType": "balie", "materialen": ["batterijen", "lampen"], "uitbetaling": [], "vrijToegankelijk": false, "gemeenteBeperking": null, "openingstijden": null, "latitude": 51.551731, "longitude": 5.106446, "bronId": "SP00025027"}}, {"type": "Feature", "geometry": {"type": "Point", "coordinates": [5.074087, 51.555494]}, "properties": {"type": "inleverpunt", "locatieNaam": "Expert John Doreleijers B.V.", "straatNaam": "Bredaseweg", "straatNr": "10411", "postcode": "5038 NJ", "plaats": "Tilburg", "merk": "StichtingOPEN", "puntType": "balie", "materialen": ["elektro-middel", "lampen"], "uitbetaling": [], "vrijToegankelijk": false, "gemeenteBeperking": null, "openingstijden": null, "latitude": 51.555494, "longitude": 5.074087, "bronId": "SP00003480"}}, {"type": "Feature", "geometry": {"type": "Point", "coordinates": [5.106158, 51.550711]}, "properties": {"type": "inleverpunt", "locatieNaam": "Praxis Tilburg (Ringbaan Zuid) - 2039", "straatNaam": "Ringbaan Zuid", "straatNr": "7", "postcode": "5021 AA", "plaats": "Tilburg", "merk": "StichtingOPEN", "puntType": "balie", "materialen": ["elektro-middel", "lampen", "tl-buizen"], "uitbetaling": [], "vrijToegankelijk": false, "gemeenteBeperking": null, "openingstijden": null, "latitude": 51.550711, "longitude": 5.106158, "bronId": "SP00004544"}}, {"type": "Feature", "geometry": {"type": "Point", "coordinates": [5.07978, 51.55441]}, "properties": {"type": "inleverpunt", "locatieNaam": "Kruidvat Tilburg", "straatNaam": "Zomerstraat", "straatNr": "49b", "postcode": "5038 TR", "plaats": "Tilburg", "merk": "StichtingOPEN", "puntType": "balie", "materialen": ["batterijen", "lampen"], "uitbetaling": [], "vrijToegankelijk": false, "gemeenteBeperking": null, "openingstijden": null, "latitude": 51.55441, "longitude": 5.07978, "bronId": "SP00029726"}}, {"type": "Feature", "geometry": {"type": "Point", "coordinates": [5.079858, 51.554162]}, "properties": {"type": "inleverpunt", "locatieNaam": "Jumbo Tilburg", "straatNaam": "Lieve-Vrouweplein", "straatNr": "1112", "postcode": "5038 TS", "plaats": "Tilburg", "merk": "StichtingOPEN", "puntType": "balie", "materialen": ["batterijen", "lampen"], "uitbetaling": [], "vrijToegankelijk": false, "gemeenteBeperking": null, "openingstijden": null, "latitude": 51.554162, "longitude": 5.079858, "bronId": "SP00025028"}}, {"type": "Feature", "geometry": {"type": "Point", "coordinates": [5.092522, 51.547238]}, "properties": {"type": "inleverpunt", "locatieNaam": "Jumbo Tilburg", "straatNaam": "Broekhovenseweg", "straatNr": "74", "postcode": "5021 LG", "plaats": "Tilburg", "merk": "StichtingOPEN", "puntType": "balie", "materialen": ["batterijen", "elektro-klein", "lampen"], "uitbetaling": [], "vrijToegankelijk": false, "gemeenteBeperking": null, "openingstijden": null, "latitude": 51.547238, "longitude": 5.092522, "bronId": "SP00025025"}}, {"type": "Feature", "geometry": {"type": "Point", "coordinates": [5.08506, 51.54674]}, "properties": {"type": "inleverpunt", "locatieNaam": "Aldi Tilburg", "straatNaam": "Transvaalplein", "straatNr": "45", "postcode": "5021 TD", "plaats": "Tilburg", "merk": "StichtingOPEN", "puntType": "balie", "materialen": ["batterijen", "elektro-klein", "lampen"], "uitbetaling": [], "vrijToegankelijk": false, "gemeenteBeperking": null, "openingstijden": null, "latitude": 51.54674, "longitude": 5.08506, "bronId": "SP00026801"}}, {"type": "Feature", "geometry": {"type": "Point", "coordinates": [5.05808, 51.550496]}, "properties": {"type": "inleverpunt", "locatieNaam": "Spar Zorgvlied Tilburg", "straatNaam": "Burgemeester van de Mortelplein", "straatNr": "41", "postcode": "5037 PJ", "plaats": "Tilburg", "merk": "StichtingOPEN", "puntType": "balie", "materialen": ["batterijen", "lampen"], "uitbetaling": [], "vrijToegankelijk": false, "gemeenteBeperking": null, "openingstijden": null, "latitude": 51.550496, "longitude": 5.05808, "bronId": "SP00031424"}}, {"type": "Feature", "geometry": {"type": "Point", "coordinates": [5.067449, 51.548787]}, "properties": {"type": "inleverpunt", "locatieNaam": "1049 Albert Heijn Tilburg", "straatNaam": "Korvelplein", "straatNr": "191", "postcode": "5025 JX", "plaats": "Tilburg", "merk": "StichtingOPEN", "puntType": "balie", "materialen": ["batterijen", "elektro-klein", "lampen"], "uitbetaling": [], "vrijToegankelijk": false, "gemeenteBeperking": null, "openingstijden": null, "latitude": 51.548787, "longitude": 5.067449, "bronId": "SP00022591"}}, {"type": "Feature", "geometry": {"type": "Point", "coordinates": [5.062356, 51.549076]}, "properties": {"type": "inleverpunt", "locatieNaam": "Jan Stevens Audio Video", "straatNaam": "Berkdijksestraat", "straatNr": "98", "postcode": "5025 VH", "plaats": "Tilburg", "merk": "StichtingOPEN", "puntType": "balie", "materialen": ["elektro-klein", "elektro-middel"], "uitbetaling": [], "vrijToegankelijk": false, "gemeenteBeperking": null, "openingstijden": null, "latitude": 51.549076, "longitude": 5.062356, "bronId": "SP00020084"}}, {"type": "Feature", "geometry": {"type": "Point", "coordinates": [5.086465, 51.542833]}, "properties": {"type": "inleverpunt", "locatieNaam": "GAMMA Tilburg-Zuid", "straatNaam": "Ringbaan Zuid", "straatNr": "370", "postcode": "5022 GA", "plaats": "Tilburg", "merk": "StichtingOPEN", "puntType": "balie", "materialen": ["batterijen", "elektro-middel", "lampen", "tl-buizen"], "uitbetaling": [], "vrijToegankelijk": false, "gemeenteBeperking": null, "openingstijden": null, "latitude": 51.542833, "longitude": 5.086465, "bronId": "SP00000724"}}, {"type": "Feature", "geometry": {"type": "Point", "coordinates": [5.093914, 51.540513]}, "properties": {"type": "inleverpunt", "locatieNaam": "Jumbo Tilburg", "straatNaam": "Pater van den Elsenplein", "straatNr": "105", "postcode": "5022 EH", "plaats": "Tilburg", "merk": "StichtingOPEN", "puntType": "balie", "materialen": ["batterijen", "lampen"], "uitbetaling": [], "vrijToegankelijk": false, "gemeenteBeperking": null, "openingstijden": null, "latitude": 51.540513, "longitude": 5.093914, "bronId": "SP00025020"}}, {"type": "Feature", "geometry": {"type": "Point", "coordinates": [5.07598, 51.54074]}, "properties": {"type": "inleverpunt", "locatieNaam": "Jumbo Tilburg", "straatNaam": "Stappegoorweg", "straatNr": "175", "postcode": "5022 DD", "plaats": "Tilburg", "merk": "StichtingOPEN", "puntType": "balie", "materialen": ["batterijen", "elektro-klein", "lampen"], "uitbetaling": [], "vrijToegankelijk": false, "gemeenteBeperking": null, "openingstijden": null, "latitude": 51.54074, "longitude": 5.07598, "bronId": "SP00029883"}}, {"type": "Feature", "geometry": {"type": "Point", "coordinates": [5.046831, 51.544836]}, "properties": {"type": "inleverpunt", "locatieNaam": "Jumbo Tilburg", "straatNaam": "Amer", "straatNr": "13", "postcode": "5032 AZ", "plaats": "Tilburg", "merk": "StichtingOPEN", "puntType": "balie", "materialen": ["batterijen", "lampen"], "uitbetaling": [], "vrijToegankelijk": false, "gemeenteBeperking": null, "openingstijden": null, "latitude": 51.544836, "longitude": 5.046831, "bronId": "SP00025023"}}, {"type": "Feature", "geometry": {"type": "Point", "coordinates": [5.081321, 51.538526]}, "properties": {"type": "inleverpunt", "locatieNaam": "Intratuin Tilburg", "straatNaam": "Stappegoorweg", "straatNr": "229", "postcode": "5022 DE", "plaats": "Tilburg", "merk": "StichtingOPEN", "puntType": "balie", "materialen": ["batterijen", "elektro-klein", "elektro-middel", "lampen", "tl-buizen"], "uitbetaling": [], "vrijToegankelijk": false, "gemeenteBeperking": null, "openingstijden": null, "latitude": 51.538526, "longitude": 5.081321, "bronId": "SP00005568"}}, {"type": "Feature", "geometry": {"type": "Point", "coordinates": [5.04618, 51.53688]}, "properties": {"type": "inleverpunt", "locatieNaam": "Jumbo Tilburg", "straatNaam": "Rosa Castellanosstraat", "straatNr": "5", "postcode": "5032 MG", "plaats": "Tilburg", "merk": "StichtingOPEN", "puntType": "balie", "materialen": ["batterijen", "lampen"], "uitbetaling": [], "vrijToegankelijk": false, "gemeenteBeperking": null, "openingstijden": null, "latitude": 51.53688, "longitude": 5.04618, "bronId": "SP00027348"}}, {"type": "Feature", "geometry": {"type": "Point", "coordinates": [5.034154, 51.537594]}, "properties": {"type": "inleverpunt", "locatieNaam": "Kwantum Nederland IP", "straatNaam": "Belle van Zuylenstraat", "straatNr": "10-11", "postcode": "5032 MA", "plaats": "Tilburg", "merk": "StichtingOPEN", "puntType": "balie", "materialen": ["lampen"], "uitbetaling": [], "vrijToegankelijk": false, "gemeenteBeperking": null, "openingstijden": null, "latitude": 51.537594, "longitude": 5.034154, "bronId": "SP00004588"}}, {"type": "Feature", "geometry": {"type": "Point", "coordinates": [5.103726, 51.564]}, "properties": {"type": "inleverpunt", "locatieNaam": "Kringloop Tilburg", "straatNaam": "Ceramstraat", "straatNr": "12", "postcode": "5013 BB", "plaats": "Tilburg", "merk": "StichtingOPEN", "puntType": "milieustraat", "materialen": ["batterijen", "elektro-groot", "elektro-klein", "elektro-middel", "lampen", "tl-buizen"], "uitbetaling": [], "vrijToegankelijk": false, "gemeenteBeperking": ["Tilburg"], "openingstijden": null, "latitude": 51.564, "longitude": 5.103726, "bronId": "SP00008383"}}, {"type": "Feature", "geometry": {"type": "Point", "coordinates": [5.032105, 51.58383]}, "properties": {"type": "inleverpunt", "locatieNaam": "Milieustraat Albion", "straatNaam": "Caledoniastraat", "straatNr": "12", "postcode": "5047 TZ", "plaats": "Tilburg", "merk": "StichtingOPEN", "puntType": "milieustraat", "materialen": ["batterijen", "elektro-groot", "elektro-klein", "elektro-middel", "lampen", "tl-buizen"], "uitbetaling": [], "vrijToegankelijk": false, "gemeenteBeperking": ["Tilburg"], "openingstijden": null, "latitude": 51.58383, "longitude": 5.032105, "bronId": "SP00004246"}}, {"type": "Feature", "geometry": {"type": "Point", "coordinates": [5.1414888, 51.6119994]}, "properties": {"type": "inleverpunt", "locatieNaam": "Electro World Hoppenbrouwers", "straatNaam": "Kreitenmolenstraat", "straatNr": "3", "postcode": "5071 BA", "plaats": "Udenhout", "merk": "Stibat", "puntType": "inzamelbak", "materialen": ["batterijen"], "uitbetaling": [], "vrijToegankelijk": false, "gemeenteBeperking": null, "openingstijden": null, "latitude": 51.6119994, "longitude": 5.1414888, "bronId": "L047112"}}, {"type": "Feature", "geometry": {"type": "Point", "coordinates": [5.1441563, 51.6110304]}, "properties": {"type": "inleverpunt", "locatieNaam": "De Tweewieler", "straatNaam": "Kreitenmolenstraat", "straatNr": "43", "postcode": "5071 BA", "plaats": "Udenhout", "merk": "Stibat", "puntType": "inzamelbak", "materialen": ["batterijen"], "uitbetaling": [], "vrijToegankelijk": false, "gemeenteBeperking": null, "openingstijden": null, "latitude": 51.6110304, "longitude": 5.1441563, "bronId": "L033473"}}, {"type": "Feature", "geometry": {"type": "Point", "coordinates": [5.1439276, 51.6107273]}, "properties": {"type": "inleverpunt", "locatieNaam": "Kruidvat", "straatNaam": "Kreitenmolenstraat", "straatNr": "38-40", "postcode": "5071 BE", "plaats": "Udenhout", "merk": "Stibat", "puntType": "inzamelbak", "materialen": ["batterijen"], "uitbetaling": [], "vrijToegankelijk": false, "gemeenteBeperking": null, "openingstijden": null, "latitude": 51.6107273, "longitude": 5.1439276, "bronId": "L014211"}}, {"type": "Feature", "geometry": {"type": "Point", "coordinates": [5.1462815, 51.6098525]}, "properties": {"type": "inleverpunt", "locatieNaam": "Top1Toys", "straatNaam": "Kreitenmolenstraat", "straatNr": "66", "postcode": "5071 BH", "plaats": "Udenhout", "merk": "Stibat", "puntType": "inzamelbak", "materialen": ["batterijen"], "uitbetaling": [], "vrijToegankelijk": false, "gemeenteBeperking": null, "openingstijden": null, "latitude": 51.6098525, "longitude": 5.1462815, "bronId": "L016397"}}, {"type": "Feature", "geometry": {"type": "Point", "coordinates": [5.1493214, 51.6086902]}, "properties": {"type": "inleverpunt", "locatieNaam": "De Haan", "straatNaam": "Kreitenmolenstraat", "straatNr": "114", "postcode": "5071 BJ", "plaats": "Udenhout", "merk": "Stibat", "puntType": "inzamelbak", "materialen": ["batterijen"], "uitbetaling": [], "vrijToegankelijk": false, "gemeenteBeperking": null, "openingstijden": null, "latitude": 51.6086902, "longitude": 5.1493214, "bronId": "L044749"}}, {"type": "Feature", "geometry": {"type": "Point", "coordinates": [5.1426235, 51.6094662]}, "properties": {"type": "inleverpunt", "locatieNaam": "Read Shop (en ook DA drogist, Marskramer)", "straatNaam": "Tongerloplein", "straatNr": "17", "postcode": "5071 CX", "plaats": "Udenhout", "merk": "Stibat", "puntType": "inzamelbak", "materialen": ["batterijen"], "uitbetaling": [], "vrijToegankelijk": false, "gemeenteBeperking": null, "openingstijden": null, "latitude": 51.6094662, "longitude": 5.1426235, "bronId": "L043322"}}, {"type": "Feature", "geometry": {"type": "Point", "coordinates": [5.1393719, 51.6098396]}, "properties": {"type": "inleverpunt", "locatieNaam": "Van Leeuwen Rijwielen", "straatNaam": "Slimstraat", "straatNr": "31", "postcode": "5071 EG", "plaats": "Udenhout", "merk": "Stibat", "puntType": "inzamelbak", "materialen": ["batterijen"], "uitbetaling": [], "vrijToegankelijk": false, "gemeenteBeperking": null, "openingstijden": null, "latitude": 51.6098396, "longitude": 5.1393719, "bronId": "L033474"}}, {"type": "Feature", "geometry": {"type": "Point", "coordinates": [5.142664, 51.6093978]}, "properties": {"type": "inleverpunt", "locatieNaam": "PLUS", "straatNaam": "Tongerloplein", "straatNr": "23", "postcode": "5071 CX", "plaats": "Udenhout", "merk": "Stibat", "puntType": "inzamelbak", "materialen": ["batterijen"], "uitbetaling": [], "vrijToegankelijk": false, "gemeenteBeperking": null, "openingstijden": null, "latitude": 51.6093978, "longitude": 5.142664, "bronId": "L019867"}}, {"type": "Feature", "geometry": {"type": "Point", "coordinates": [5.1528787, 51.6080159]}, "properties": {"type": "inleverpunt", "locatieNaam": "Jumbo", "straatNaam": "Kreitenmolenstraat", "straatNr": "149", "postcode": "5071 BC", "plaats": "Udenhout", "merk": "Stibat", "puntType": "inzamelbak", "materialen": ["batterijen"], "uitbetaling": [], "vrijToegankelijk": false, "gemeenteBeperking": null, "openingstijden": null, "latitude": 51.6080159, "longitude": 5.1528787, "bronId": "L040189"}}, {"type": "Feature", "geometry": {"type": "Point", "coordinates": [5.1534537, 51.6078257]}, "properties": {"type": "inleverpunt", "locatieNaam": "Boerenbond", "straatNaam": "Kreitenmolenstraat", "straatNr": "151", "postcode": "5071 BD", "plaats": "Udenhout", "merk": "Stibat", "puntType": "inzamelbak", "materialen": ["batterijen"], "uitbetaling": [], "vrijToegankelijk": false, "gemeenteBeperking": null, "openingstijden": null, "latitude": 51.6078257, "longitude": 5.1534537, "bronId": "L018254"}}, {"type": "Feature", "geometry": {"type": "Point", "coordinates": [5.1459751, 51.5958975]}, "properties": {"type": "inleverpunt", "locatieNaam": "Milieustraat Hoolstraat", "straatNaam": "Hoolstraat", "straatNr": "2b", "postcode": "5056 PK", "plaats": "Berkel-Enschot", "merk": "Stibat", "puntType": "inzamelbak", "materialen": ["batterijen"], "uitbetaling": [], "vrijToegankelijk": false, "gemeenteBeperking": null, "openingstijden": null, "latitude": 51.5958975, "longitude": 5.1459751, "bronId": "L035742"}}, {"type": "Feature", "geometry": {"type": "Point", "coordinates": [5.1420593, 51.5900498]}, "properties": {"type": "inleverpunt", "locatieNaam": "DE TWEEWIELERSSPECIALIST", "straatNaam": "Sint Willibrordstraat", "straatNr": "10", "postcode": "5056 HV", "plaats": "Berkel-Enschot", "merk": "Stibat", "puntType": "inzamelbak", "materialen": ["batterijen"], "uitbetaling": [], "vrijToegankelijk": false, "gemeenteBeperking": null, "openingstijden": null, "latitude": 51.5900498, "longitude": 5.1420593, "bronId": "L033470"}}, {"type": "Feature", "geometry": {"type": "Point", "coordinates": [5.1421069, 51.5893595]}, "properties": {"type": "inleverpunt", "locatieNaam": "Hubo", "straatNaam": "St. Willibrordstraat", "straatNr": "15", "postcode": "5056 HS", "plaats": "Berkel-Enschot", "merk": "Stibat", "puntType": "inzamelbak", "materialen": ["batterijen"], "uitbetaling": [], "vrijToegankelijk": false, "gemeenteBeperking": null, "openingstijden": null, "latitude": 51.5893595, "longitude": 5.1421069, "bronId": "L043806"}}, {"type": "Feature", "geometry": {"type": "Point", "coordinates": [5.0999636, 51.5932561]}, "properties": {"type": "inleverpunt", "locatieNaam": "Gamma", "straatNaam": "Bundersestraat", "straatNr": "3", "postcode": "5012 TB", "plaats": "Tilburg", "merk": "Stibat", "puntType": "inzamelbak", "materialen": ["batterijen"], "uitbetaling": [], "vrijToegankelijk": false, "gemeenteBeperking": null, "openingstijden": null, "latitude": 51.5932561, "longitude": 5.0999636, "bronId": "L006100"}}, {"type": "Feature", "geometry": {"type": "Point", "coordinates": [5.1369784, 51.5874239]}, "properties": {"type": "inleverpunt", "locatieNaam": "Primera", "straatNaam": "Koningsoord", "straatNr": "180", "postcode": "5057 DL", "plaats": "Berkel-Enschot", "merk": "Stibat", "puntType": "inzamelbak", "materialen": ["batterijen"], "uitbetaling": [], "vrijToegankelijk": false, "gemeenteBeperking": null, "openingstijden": null, "latitude": 51.5874239, "longitude": 5.1369784, "bronId": "L023250"}}, {"type": "Feature", "geometry": {"type": "Point", "coordinates": [5.1356801, 51.5875323]}, "properties": {"type": "inleverpunt", "locatieNaam": "GSM Reparatie Brabant", "straatNaam": "Koningsoord", "straatNr": "179", "postcode": "5057 DL", "plaats": "Berkel-Enschot", "merk": "Stibat", "puntType": "inzamelbak", "materialen": ["batterijen"], "uitbetaling": [], "vrijToegankelijk": false, "gemeenteBeperking": null, "openingstijden": null, "latitude": 51.5875323, "longitude": 5.1356801, "bronId": "L043220"}}, {"type": "Feature", "geometry": {"type": "Point", "coordinates": [5.1367263, 51.5873472]}, "properties": {"type": "inleverpunt", "locatieNaam": "Kruidvat", "straatNaam": "Koningsoord", "straatNr": "130", "postcode": "5057 DL", "plaats": "Berkel-Enschot", "merk": "Stibat", "puntType": "inzamelbak", "materialen": ["batterijen"], "uitbetaling": [], "vrijToegankelijk": false, "gemeenteBeperking": null, "openingstijden": null, "latitude": 51.5873472, "longitude": 5.1367263, "bronId": "L014484"}}, {"type": "Feature", "geometry": {"type": "Point", "coordinates": [5.135373, 51.58749]}, "properties": {"type": "inleverpunt", "locatieNaam": "Aldi", "straatNaam": "Koningsoord", "straatNr": "1", "postcode": "5057 DK", "plaats": "Berkel Enschot", "merk": "Stibat", "puntType": "inzamelbak", "materialen": ["batterijen"], "uitbetaling": [], "vrijToegankelijk": false, "gemeenteBeperking": null, "openingstijden": null, "latitude": 51.58749, "longitude": 5.135373, "bronId": "L045167"}}, {"type": "Feature", "geometry": {"type": "Point", "coordinates": [5.07963, 51.5953628]}, "properties": {"type": "inleverpunt", "locatieNaam": "GroenRijk", "straatNaam": "Stokhasseltlaan", "straatNr": "39", "postcode": "5049 TB", "plaats": "Tilburg", "merk": "Stibat", "puntType": "inzamelbak", "materialen": ["batterijen"], "uitbetaling": [], "vrijToegankelijk": false, "gemeenteBeperking": null, "openingstijden": null, "latitude": 51.5953628, "longitude": 5.07963, "bronId": "L032645"}}, {"type": "Feature", "geometry": {"type": "Point", "coordinates": [5.1347063, 51.5871602]}, "properties": {"type": "inleverpunt", "locatieNaam": "Jumbo", "straatNaam": "Koningsoord", "straatNr": "64", "postcode": "5057 DK", "plaats": "Berkel-Enschot", "merk": "Stibat", "puntType": "inzamelbak", "materialen": ["batterijen"], "uitbetaling": [], "vrijToegankelijk": false, "gemeenteBeperking": null, "openingstijden": null, "latitude": 51.5871602, "longitude": 5.1347063, "bronId": "L016955"}}, {"type": "Feature", "geometry": {"type": "Point", "coordinates": [5.1356985, 51.586456]}, "properties": {"type": "inleverpunt", "locatieNaam": "1585 Albert Heijn", "straatNaam": "Koningsoord", "straatNr": "137", "postcode": "5057 DL", "plaats": "Berkel-Enschot", "merk": "Stibat", "puntType": "inzamelbak", "materialen": ["batterijen"], "uitbetaling": [], "vrijToegankelijk": false, "gemeenteBeperking": null, "openingstijden": null, "latitude": 51.586456, "longitude": 5.1356985, "bronId": "L008192"}}, {"type": "Feature", "geometry": {"type": "Point", "coordinates": [5.1356881, 51.5862731]}, "properties": {"type": "inleverpunt", "locatieNaam": "HEMA Berkel-Enschot", "straatNaam": "Koningsoord", "straatNr": "96", "postcode": "5057 DL", "plaats": "Berkel-Enschot", "merk": "Stibat", "puntType": "inzamelbak", "materialen": ["batterijen"], "uitbetaling": [], "vrijToegankelijk": false, "gemeenteBeperking": null, "openingstijden": null, "latitude": 51.5862731, "longitude": 5.1356881, "bronId": "L047058"}}, {"type": "Feature", "geometry": {"type": "Point", "coordinates": [5.078751, 51.5906609]}, "properties": {"type": "inleverpunt", "locatieNaam": "Aldi", "straatNaam": "Verdiplein", "straatNr": "95", "postcode": "5049 NP", "plaats": "Tilburg", "merk": "Stibat", "puntType": "inzamelbak", "materialen": ["batterijen"], "uitbetaling": [], "vrijToegankelijk": false, "gemeenteBeperking": null, "openingstijden": null, "latitude": 51.5906609, "longitude": 5.078751, "bronId": "L041315"}}, {"type": "Feature", "geometry": {"type": "Point", "coordinates": [5.0889771, 51.5870741]}, "properties": {"type": "inleverpunt", "locatieNaam": "Mark Bikes Corner", "straatNaam": "Offenbachstraat", "straatNr": "116", "postcode": "5011 EK", "plaats": "Tilburg", "merk": "Stibat", "puntType": "inzamelbak", "materialen": ["batterijen"], "uitbetaling": [], "vrijToegankelijk": false, "gemeenteBeperking": null, "openingstijden": null, "latitude": 51.5870741, "longitude": 5.0889771, "bronId": "L049320"}}, {"type": "Feature", "geometry": {"type": "Point", "coordinates": [5.0992716, 51.5850148]}, "properties": {"type": "inleverpunt", "locatieNaam": "Lidl", "straatNaam": "Kreverplein", "straatNr": "1", "postcode": "5012 CP", "plaats": "Tilburg", "merk": "Stibat", "puntType": "inzamelbak", "materialen": ["batterijen"], "uitbetaling": [], "vrijToegankelijk": false, "gemeenteBeperking": null, "openingstijden": null, "latitude": 51.5850148, "longitude": 5.0992716, "bronId": "L016785"}}, {"type": "Feature", "geometry": {"type": "Point", "coordinates": [5.0883509, 51.5865706]}, "properties": {"type": "inleverpunt", "locatieNaam": "City Computers", "straatNaam": "Leharstraat", "straatNr": "107B", "postcode": "5011 KB", "plaats": "Tilburg", "merk": "Stibat", "puntType": "inzamelbak", "materialen": ["batterijen"], "uitbetaling": [], "vrijToegankelijk": false, "gemeenteBeperking": null, "openingstijden": null, "latitude": 51.5865706, "longitude": 5.0883509, "bronId": "L042626"}}, {"type": "Feature", "geometry": {"type": "Point", "coordinates": [5.1360802, 51.578169]}, "properties": {"type": "inleverpunt", "locatieNaam": "Spaak Fietsen &amp; Reparatie", "straatNaam": "Kerkstraat", "straatNr": "7f", "postcode": "5056 AA", "plaats": "Berkel-Enschot", "merk": "Stibat", "puntType": "inzamelbak", "materialen": ["batterijen"], "uitbetaling": [], "vrijToegankelijk": false, "gemeenteBeperking": null, "openingstijden": null, "latitude": 51.578169, "longitude": 5.1360802, "bronId": "L043172"}}, {"type": "Feature", "geometry": {"type": "Point", "coordinates": [5.0849194, 51.5848945]}, "properties": {"type": "inleverpunt", "locatieNaam": "7391 Etos", "straatNaam": "Wagnerplein", "straatNr": "53", "postcode": "5011 LR", "plaats": "Tilburg", "merk": "Stibat", "puntType": "inzamelbak", "materialen": ["batterijen"], "uitbetaling": [], "vrijToegankelijk": false, "gemeenteBeperking": null, "openingstijden": null, "latitude": 51.5848945, "longitude": 5.0849194, "bronId": "L023997"}}, {"type": "Feature", "geometry": {"type": "Point", "coordinates": [5.0866777, 51.584528]}, "properties": {"type": "inleverpunt", "locatieNaam": "HEMA Tilburg Wagnerplein", "straatNaam": "Wagnerplein", "straatNr": "74", "postcode": "5011 LR", "plaats": "Tilburg", "merk": "Stibat", "puntType": "inzamelbak", "materialen": ["batterijen"], "uitbetaling": [], "vrijToegankelijk": false, "gemeenteBeperking": null, "openingstijden": null, "latitude": 51.584528, "longitude": 5.0866777, "bronId": "L046864"}}, {"type": "Feature", "geometry": {"type": "Point", "coordinates": [5.088306, 51.5842439]}, "properties": {"type": "inleverpunt", "locatieNaam": "GSM Repair Store", "straatNaam": "Brucknerlaan", "straatNr": "10", "postcode": "5011 DM", "plaats": "Tilburg", "merk": "Stibat", "puntType": "inzamelbak", "materialen": ["batterijen"], "uitbetaling": [], "vrijToegankelijk": false, "gemeenteBeperking": null, "openingstijden": null, "latitude": 51.5842439, "longitude": 5.088306, "bronId": "L042059"}}, {"type": "Feature", "geometry": {"type": "Point", "coordinates": [5.0873427, 51.584395]}, "properties": {"type": "inleverpunt", "locatieNaam": "1348 Action", "straatNaam": "Wagnerplein", "straatNr": "113", "postcode": "5011 LR", "plaats": "Tilburg", "merk": "Stibat", "puntType": "inzamelbak", "materialen": ["batterijen"], "uitbetaling": [], "vrijToegankelijk": false, "gemeenteBeperking": null, "openingstijden": null, "latitude": 51.584395, "longitude": 5.0873427, "bronId": "L039702"}}, {"type": "Feature", "geometry": {"type": "Point", "coordinates": [5.0856188, 51.5844758]}, "properties": {"type": "inleverpunt", "locatieNaam": "1189 Albert Heijn", "straatNaam": "Wagnerplein", "straatNr": "52", "postcode": "5011 LR", "plaats": "Tilburg", "merk": "Stibat", "puntType": "inzamelbak", "materialen": ["batterijen"], "uitbetaling": [], "vrijToegankelijk": false, "gemeenteBeperking": null, "openingstijden": null, "latitude": 51.5844758, "longitude": 5.0856188, "bronId": "L006001"}}, {"type": "Feature", "geometry": {"type": "Point", "coordinates": [5.0853194, 51.5844987]}, "properties": {"type": "inleverpunt", "locatieNaam": "BelCompany", "straatNaam": "Wagnerplein", "straatNr": "42", "postcode": "5011 LR", "plaats": "Tilburg", "merk": "Stibat", "puntType": "inzamelbak", "materialen": ["batterijen"], "uitbetaling": [], "vrijToegankelijk": false, "gemeenteBeperking": null, "openingstijden": null, "latitude": 51.5844987, "longitude": 5.0853194, "bronId": "L024686"}}, {"type": "Feature", "geometry": {"type": "Point", "coordinates": [5.0860946, 51.5843611]}, "properties": {"type": "inleverpunt", "locatieNaam": "Primera", "straatNaam": "Wagnerplein", "straatNr": "38", "postcode": "5011 LP", "plaats": "Tilburg", "merk": "Stibat", "puntType": "inzamelbak", "materialen": ["batterijen"], "uitbetaling": [], "vrijToegankelijk": false, "gemeenteBeperking": null, "openingstijden": null, "latitude": 51.5843611, "longitude": 5.0860946, "bronId": "L039566"}}, {"type": "Feature", "geometry": {"type": "Point", "coordinates": [5.084853, 51.584547]}, "properties": {"type": "inleverpunt", "locatieNaam": "Hans Anders", "straatNaam": "Wagnerplein", "straatNr": "20", "postcode": "5011 LP", "plaats": "Tilburg", "merk": "Stibat", "puntType": "inzamelbak", "materialen": ["batterijen"], "uitbetaling": [], "vrijToegankelijk": false, "gemeenteBeperking": null, "openingstijden": null, "latitude": 51.584547, "longitude": 5.084853, "bronId": "L037935"}}, {"type": "Feature", "geometry": {"type": "Point", "coordinates": [5.0849719, 51.5844656]}, "properties": {"type": "inleverpunt", "locatieNaam": "Jumbo", "straatNaam": "Wagnerplein", "straatNr": "18", "postcode": "5011 LP", "plaats": "Tilburg", "merk": "Stibat", "puntType": "inzamelbak", "materialen": ["batterijen"], "uitbetaling": [], "vrijToegankelijk": false, "gemeenteBeperking": null, "openingstijden": null, "latitude": 51.5844656, "longitude": 5.0849719, "bronId": "L040462"}}, {"type": "Feature", "geometry": {"type": "Point", "coordinates": [5.0847057, 51.5840582]}, "properties": {"type": "inleverpunt", "locatieNaam": "Bruna", "straatNaam": "Wagnerplein", "straatNr": "56", "postcode": "5011 LR", "plaats": "Tilburg", "merk": "Stibat", "puntType": "inzamelbak", "materialen": ["batterijen"], "uitbetaling": [], "vrijToegankelijk": false, "gemeenteBeperking": null, "openingstijden": null, "latitude": 51.5840582, "longitude": 5.0847057, "bronId": "L023142"}}, {"type": "Feature", "geometry": {"type": "Point", "coordinates": [5.0857248, 51.5837988]}, "properties": {"type": "inleverpunt", "locatieNaam": "Kruidvat", "straatNaam": "Wagnerplein", "straatNr": "50C", "postcode": "5011 LR", "plaats": "Tilburg", "merk": "Stibat", "puntType": "inzamelbak", "materialen": ["batterijen"], "uitbetaling": [], "vrijToegankelijk": false, "gemeenteBeperking": null, "openingstijden": null, "latitude": 51.5837988, "longitude": 5.0857248, "bronId": "L031187"}}, {"type": "Feature", "geometry": {"type": "Point", "coordinates": [5.085199, 51.583639]}, "properties": {"type": "inleverpunt", "locatieNaam": "Zeeman", "straatNaam": "Wagnerplein", "straatNr": "114", "postcode": "5011 LR", "plaats": "Tilburg", "merk": "Stibat", "puntType": "inzamelbak", "materialen": ["batterijen"], "uitbetaling": [], "vrijToegankelijk": false, "gemeenteBeperking": null, "openingstijden": null, "latitude": 51.583639, "longitude": 5.085199, "bronId": "L019302"}}, {"type": "Feature", "geometry": {"type": "Point", "coordinates": [5.0624749, 51.5864192]}, "properties": {"type": "inleverpunt", "locatieNaam": "Picnic", "straatNaam": "De Kroonstraat", "straatNr": "52-54", "postcode": "5048 AP", "plaats": "Tilburg", "merk": "Stibat", "puntType": "inzamelbak", "materialen": ["batterijen"], "uitbetaling": [], "vrijToegankelijk": false, "gemeenteBeperking": null, "openingstijden": null, "latitude": 51.5864192, "longitude": 5.0624749, "bronId": "L043722"}}, {"type": "Feature", "geometry": {"type": "Point", "coordinates": [5.1180489, 51.5749761]}, "properties": {"type": "inleverpunt", "locatieNaam": "Raab Karcher", "straatNaam": "Jules Verneweg", "straatNr": "104", "postcode": "5015 BM", "plaats": "Tilburg", "merk": "Stibat", "puntType": "inzamelbak", "materialen": ["batterijen"], "uitbetaling": [], "vrijToegankelijk": false, "gemeenteBeperking": null, "openingstijden": null, "latitude": 51.5749761, "longitude": 5.1180489, "bronId": "L043787"}}, {"type": "Feature", "geometry": {"type": "Point", "coordinates": [5.0312813, 51.5885319]}, "properties": {"type": "inleverpunt", "locatieNaam": "Hornbach", "straatNaam": "Hestiastraat", "straatNr": "1", "postcode": "5047 VA", "plaats": "Tilburg", "merk": "Stibat", "puntType": "inzamelbak", "materialen": ["batterijen"], "uitbetaling": [], "vrijToegankelijk": false, "gemeenteBeperking": null, "openingstijden": null, "latitude": 51.5885319, "longitude": 5.0312813, "bronId": "L015066"}}, {"type": "Feature", "geometry": {"type": "Point", "coordinates": [5.116694, 51.5738195]}, "properties": {"type": "inleverpunt", "locatieNaam": "Toolstation", "straatNaam": "Jules Verneweg", "straatNr": "94", "postcode": "5015 BM", "plaats": "Tilburg", "merk": "Stibat", "puntType": "inzamelbak", "materialen": ["batterijen"], "uitbetaling": [], "vrijToegankelijk": false, "gemeenteBeperking": null, "openingstijden": null, "latitude": 51.5738195, "longitude": 5.116694, "bronId": "L042541"}}, {"type": "Feature", "geometry": {"type": "Point", "coordinates": [5.0226154, 51.5896168]}, "properties": {"type": "inleverpunt", "locatieNaam": "Leys", "straatNaam": "Kranenberg", "straatNr": "9", "postcode": "5047 TR", "plaats": "Tilburg", "merk": "Stibat", "puntType": "inzamelbak", "materialen": ["batterijen"], "uitbetaling": [], "vrijToegankelijk": false, "gemeenteBeperking": null, "openingstijden": null, "latitude": 51.5896168, "longitude": 5.0226154, "bronId": "L044246"}}, {"type": "Feature", "geometry": {"type": "Point", "coordinates": [5.0297795, 51.5881126]}, "properties": {"type": "inleverpunt", "locatieNaam": "Praxis 2214", "straatNaam": "Brakman", "straatNr": "80", "postcode": "5047 SW", "plaats": "Tilburg", "merk": "Stibat", "puntType": "inzamelbak", "materialen": ["batterijen"], "uitbetaling": [], "vrijToegankelijk": false, "gemeenteBeperking": null, "openingstijden": null, "latitude": 51.5881126, "longitude": 5.0297795, "bronId": "L015918"}}, {"type": "Feature", "geometry": {"type": "Point", "coordinates": [5.0288652, 51.5877389]}, "properties": {"type": "inleverpunt", "locatieNaam": "Karwei", "straatNaam": "Brakman", "straatNr": "77", "postcode": "5047 SV", "plaats": "Tilburg", "merk": "Stibat", "puntType": "inzamelbak", "materialen": ["batterijen"], "uitbetaling": [], "vrijToegankelijk": false, "gemeenteBeperking": null, "openingstijden": null, "latitude": 51.5877389, "longitude": 5.0288652, "bronId": "L008237"}}, {"type": "Feature", "geometry": {"type": "Point", "coordinates": [5.0846285, 51.5766135]}, "properties": {"type": "inleverpunt", "locatieNaam": "Spijkers Fietsen", "straatNaam": "Ringbaan-Noord", "straatNr": "136", "postcode": "5046 AC", "plaats": "Tilburg", "merk": "Stibat", "puntType": "inzamelbak", "materialen": ["batterijen"], "uitbetaling": [], "vrijToegankelijk": false, "gemeenteBeperking": null, "openingstijden": null, "latitude": 51.5766135, "longitude": 5.0846285, "bronId": "L033468"}}, {"type": "Feature", "geometry": {"type": "Point", "coordinates": [5.0818488, 51.5770081]}, "properties": {"type": "inleverpunt", "locatieNaam": "Leen Bakker", "straatNaam": "Rijnstraat", "straatNr": "9", "postcode": "5046 AN", "plaats": "Tilburg", "merk": "Stibat", "puntType": "inzamelbak", "materialen": ["batterijen"], "uitbetaling": [], "vrijToegankelijk": false, "gemeenteBeperking": null, "openingstijden": null, "latitude": 51.5770081, "longitude": 5.0818488, "bronId": "L018244"}}, {"type": "Feature", "geometry": {"type": "Point", "coordinates": [5.0601273, 51.579815]}, "properties": {"type": "inleverpunt", "locatieNaam": "Total", "straatNaam": "Goirkekanaaldijk", "straatNr": "221", "postcode": "5048 AA", "plaats": "Tilburg", "merk": "Stibat", "puntType": "inzamelbak", "materialen": ["batterijen"], "uitbetaling": [], "vrijToegankelijk": false, "gemeenteBeperking": null, "openingstijden": null, "latitude": 51.579815, "longitude": 5.0601273, "bronId": "L020657"}}, {"type": "Feature", "geometry": {"type": "Point", "coordinates": [5.0336102, 51.5837876]}, "properties": {"type": "inleverpunt", "locatieNaam": "Milieustraat Albion", "straatNaam": "Caledoniastraat", "straatNr": "12", "postcode": "5047 TZ", "plaats": "Tilburg", "merk": "Stibat", "puntType": "inzamelbak", "materialen": ["batterijen"], "uitbetaling": [], "vrijToegankelijk": false, "gemeenteBeperking": null, "openingstijden": null, "latitude": 51.5837876, "longitude": 5.0336102, "bronId": "L035740"}}, {"type": "Feature", "geometry": {"type": "Point", "coordinates": [5.0840911, 51.5745701]}, "properties": {"type": "inleverpunt", "locatieNaam": "Jumbo", "straatNaam": "Bart van Peltplein", "straatNr": "1", "postcode": "5046 GA", "plaats": "Tilburg", "merk": "Stibat", "puntType": "inzamelbak", "materialen": ["batterijen"], "uitbetaling": [], "vrijToegankelijk": false, "gemeenteBeperking": null, "openingstijden": null, "latitude": 51.5745701, "longitude": 5.0840911, "bronId": "L012330"}}, {"type": "Feature", "geometry": {"type": "Point", "coordinates": [5.0637391, 51.5770745]}, "properties": {"type": "inleverpunt", "locatieNaam": "IntoEars Hoorkliniek", "straatNaam": "Dr. Deelenlaan", "straatNr": "8b", "postcode": "5042 AD", "plaats": "Tilburg", "merk": "Stibat", "puntType": "inzamelbak", "materialen": ["batterijen"], "uitbetaling": [], "vrijToegankelijk": false, "gemeenteBeperking": null, "openingstijden": null, "latitude": 51.5770745, "longitude": 5.0637391, "bronId": "L039024"}}, {"type": "Feature", "geometry": {"type": "Point", "coordinates": [5.0902166, 51.5724386]}, "properties": {"type": "inleverpunt", "locatieNaam": "S.M. v.d. Bruggen/v.d. Brekel", "straatNaam": "Wagenaarstraat", "straatNr": "39", "postcode": "5014 MX", "plaats": "Tilburg", "merk": "Stibat", "puntType": "inzamelbak", "materialen": ["batterijen"], "uitbetaling": [], "vrijToegankelijk": false, "gemeenteBeperking": null, "openingstijden": null, "latitude": 51.5724386, "longitude": 5.0902166, "bronId": "L025449"}}, {"type": "Feature", "geometry": {"type": "Point", "coordinates": [5.1096281, 51.5674012]}, "properties": {"type": "inleverpunt", "locatieNaam": "Electro Technische Groothandel Horvers B.V.", "straatNaam": "Kapitein Nemostraat", "straatNr": "64", "postcode": "5015 AM", "plaats": "Tilburg", "merk": "Stibat", "puntType": "inzamelbak", "materialen": ["batterijen"], "uitbetaling": [], "vrijToegankelijk": false, "gemeenteBeperking": null, "openingstijden": null, "latitude": 51.5674012, "longitude": 5.1096281, "bronId": "L028318"}}, {"type": "Feature", "geometry": {"type": "Point", "coordinates": [5.0660011, 51.5740523]}, "properties": {"type": "inleverpunt", "locatieNaam": "Total", "straatNaam": "Ringbaan West", "straatNr": "7", "postcode": "5042 AA", "plaats": "Tilburg", "merk": "Stibat", "puntType": "inzamelbak", "materialen": ["batterijen"], "uitbetaling": [], "vrijToegankelijk": false, "gemeenteBeperking": null, "openingstijden": null, "latitude": 51.5740523, "longitude": 5.0660011, "bronId": "L021509"}}, {"type": "Feature", "geometry": {"type": "Point", "coordinates": [5.1000201, 51.5680793]}, "properties": {"type": "inleverpunt", "locatieNaam": "Aldi", "straatNaam": "Dijksterhuisstraat", "straatNr": "88", "postcode": "5013 BG", "plaats": "Tilburg", "merk": "Stibat", "puntType": "inzamelbak", "materialen": ["batterijen"], "uitbetaling": [], "vrijToegankelijk": false, "gemeenteBeperking": null, "openingstijden": null, "latitude": 51.5680793, "longitude": 5.1000201, "bronId": "L046499"}}, {"type": "Feature", "geometry": {"type": "Point", "coordinates": [5.111732, 51.5658503]}, "properties": {"type": "inleverpunt", "locatieNaam": "Würth Shop (technische groothandel)", "straatNaam": "Jules Verneweg", "straatNr": "11", "postcode": "5015 BD", "plaats": "Tilburg", "merk": "Stibat", "puntType": "inzamelbak", "materialen": ["batterijen"], "uitbetaling": [], "vrijToegankelijk": false, "gemeenteBeperking": null, "openingstijden": null, "latitude": 51.5658503, "longitude": 5.111732, "bronId": "L042189"}}, {"type": "Feature", "geometry": {"type": "Point", "coordinates": [5.018728, 51.5815458]}, "properties": {"type": "inleverpunt", "locatieNaam": "Kruidvat", "straatNaam": "Buurmalsenplein", "straatNr": "7-9", "postcode": "5043 XL", "plaats": "Tilburg", "merk": "Stibat", "puntType": "inzamelbak", "materialen": ["batterijen"], "uitbetaling": [], "vrijToegankelijk": false, "gemeenteBeperking": null, "openingstijden": null, "latitude": 51.5815458, "longitude": 5.018728, "bronId": "L014355"}}, {"type": "Feature", "geometry": {"type": "Point", "coordinates": [5.018728, 51.5815458]}, "properties": {"type": "inleverpunt", "locatieNaam": "1837 Albert Heijn", "straatNaam": "Buurmalsenplein", "straatNr": "1", "postcode": "5043 XL", "plaats": "Tilburg", "merk": "Stibat", "puntType": "inzamelbak", "materialen": ["batterijen"], "uitbetaling": [], "vrijToegankelijk": false, "gemeenteBeperking": null, "openingstijden": null, "latitude": 51.5815458, "longitude": 5.018728, "bronId": "L005958"}}, {"type": "Feature", "geometry": {"type": "Point", "coordinates": [5.0934454, 51.5681186]}, "properties": {"type": "inleverpunt", "locatieNaam": "Lieshout Witgoed", "straatNaam": "Hoefstraat", "straatNr": "253", "postcode": "5014 NL", "plaats": "Tilburg", "merk": "Stibat", "puntType": "inzamelbak", "materialen": ["batterijen"], "uitbetaling": [], "vrijToegankelijk": false, "gemeenteBeperking": null, "openingstijden": null, "latitude": 51.5681186, "longitude": 5.0934454, "bronId": "L010082"}}, {"type": "Feature", "geometry": {"type": "Point", "coordinates": [5.0736147, 51.5708992]}, "properties": {"type": "inleverpunt", "locatieNaam": "Thuiskantoor Kodebo", "straatNaam": "Hasseltstraat", "straatNr": "193", "postcode": "5046 LK", "plaats": "Tilburg", "merk": "Stibat", "puntType": "inzamelbak", "materialen": ["batterijen"], "uitbetaling": [], "vrijToegankelijk": false, "gemeenteBeperking": null, "openingstijden": null, "latitude": 51.5708992, "longitude": 5.0736147, "bronId": "L028372"}}, {"type": "Feature", "geometry": {"type": "Point", "coordinates": [5.086414, 51.5688295]}, "properties": {"type": "inleverpunt", "locatieNaam": "Duikcentrum de Aalscholvers", "straatNaam": "Houtstraat", "straatNr": "118", "postcode": "5046 DM", "plaats": "Tilburg", "merk": "Stibat", "puntType": "inzamelbak", "materialen": ["batterijen"], "uitbetaling": [], "vrijToegankelijk": false, "gemeenteBeperking": null, "openingstijden": null, "latitude": 51.5688295, "longitude": 5.086414, "bronId": "L039360"}}, {"type": "Feature", "geometry": {"type": "Point", "coordinates": [5.0397315, 51.5762922]}, "properties": {"type": "inleverpunt", "locatieNaam": "Boerenbond", "straatNaam": "Umberstraat", "straatNr": "2", "postcode": "5044 JJ", "plaats": "Tilburg", "merk": "Stibat", "puntType": "inzamelbak", "materialen": ["batterijen"], "uitbetaling": [], "vrijToegankelijk": false, "gemeenteBeperking": null, "openingstijden": null, "latitude": 51.5762922, "longitude": 5.0397315, "bronId": "L018555"}}, {"type": "Feature", "geometry": {"type": "Point", "coordinates": [5.0399328, 51.5762343]}, "properties": {"type": "inleverpunt", "locatieNaam": "1095 Albert Heijn", "straatNaam": "Umberstraat", "straatNr": "2", "postcode": "5044 JC", "plaats": "Tilburg", "merk": "Stibat", "puntType": "inzamelbak", "materialen": ["batterijen"], "uitbetaling": [], "vrijToegankelijk": false, "gemeenteBeperking": null, "openingstijden": null, "latitude": 51.5762343, "longitude": 5.0399328, "bronId": "L007585"}}, {"type": "Feature", "geometry": {"type": "Point", "coordinates": [5.0505409, 51.5735119]}, "properties": {"type": "inleverpunt", "locatieNaam": "De Haan", "straatNaam": "Beneluxlaan", "straatNr": "46", "postcode": "5042 WR", "plaats": "Tilburg", "merk": "Stibat", "puntType": "inzamelbak", "materialen": ["batterijen"], "uitbetaling": [], "vrijToegankelijk": false, "gemeenteBeperking": null, "openingstijden": null, "latitude": 51.5735119, "longitude": 5.0505409, "bronId": "L044740"}}, {"type": "Feature", "geometry": {"type": "Point", "coordinates": [5.0388076, 51.5755917]}, "properties": {"type": "inleverpunt", "locatieNaam": "Ton van de Klundert", "straatNaam": "Paletplein", "straatNr": "31", "postcode": "5044 JC", "plaats": "Tilburg", "merk": "Stibat", "puntType": "inzamelbak", "materialen": ["batterijen"], "uitbetaling": [], "vrijToegankelijk": false, "gemeenteBeperking": null, "openingstijden": null, "latitude": 51.5755917, "longitude": 5.0388076, "bronId": "L033463"}}, {"type": "Feature", "geometry": {"type": "Point", "coordinates": [5.0838106, 51.5677441]}, "properties": {"type": "inleverpunt", "locatieNaam": "FIETSPLUS KUYSTERS", "straatNaam": "Veldhovenring", "straatNr": "75-77", "postcode": "5041 BB", "plaats": "Tilburg", "merk": "Stibat", "puntType": "inzamelbak", "materialen": ["batterijen"], "uitbetaling": [], "vrijToegankelijk": false, "gemeenteBeperking": null, "openingstijden": null, "latitude": 51.5677441, "longitude": 5.0838106, "bronId": "L033465"}}, {"type": "Feature", "geometry": {"type": "Point", "coordinates": [5.0572171, 51.5720295]}, "properties": {"type": "inleverpunt", "locatieNaam": "Aldi", "straatNaam": "Frans van Spaendonckplein", "straatNr": "1", "postcode": "5042 GP", "plaats": "Tilburg", "merk": "Stibat", "puntType": "inzamelbak", "materialen": ["batterijen"], "uitbetaling": [], "vrijToegankelijk": false, "gemeenteBeperking": null, "openingstijden": null, "latitude": 51.5720295, "longitude": 5.0572171, "bronId": "L041313"}}, {"type": "Feature", "geometry": {"type": "Point", "coordinates": [5.0883572, 51.5667691]}, "properties": {"type": "inleverpunt", "locatieNaam": "PLUS Van Eekelen", "straatNaam": "Besterdring", "straatNr": "29", "postcode": "5014 HG", "plaats": "Tilburg", "merk": "Stibat", "puntType": "inzamelbak", "materialen": ["batterijen"], "uitbetaling": [], "vrijToegankelijk": false, "gemeenteBeperking": null, "openingstijden": null, "latitude": 51.5667691, "longitude": 5.0883572, "bronId": "L046751"}}, {"type": "Feature", "geometry": {"type": "Point", "coordinates": [5.0377713, 51.5752145]}, "properties": {"type": "inleverpunt", "locatieNaam": "Aldi", "straatNaam": "Paletplein", "straatNr": "1", "postcode": "5044 JB", "plaats": "Tilburg", "merk": "Stibat", "puntType": "inzamelbak", "materialen": ["batterijen"], "uitbetaling": [], "vrijToegankelijk": false, "gemeenteBeperking": null, "openingstijden": null, "latitude": 51.5752145, "longitude": 5.0377713, "bronId": "L041314"}}, {"type": "Feature", "geometry": {"type": "Point", "coordinates": [5.1037118, 51.5639202]}, "properties": {"type": "inleverpunt", "locatieNaam": "Kringloop Tilburg", "straatNaam": "Ceramstraat", "straatNr": "12", "postcode": "5013 BB", "plaats": "Tilburg", "merk": "Stibat", "puntType": "inzamelbak", "materialen": ["batterijen"], "uitbetaling": [], "vrijToegankelijk": false, "gemeenteBeperking": null, "openingstijden": null, "latitude": 51.5639202, "longitude": 5.1037118, "bronId": "L034804"}}, {"type": "Feature", "geometry": {"type": "Point", "coordinates": [5.0896668, 51.5658159]}, "properties": {"type": "inleverpunt", "locatieNaam": "Wibra", "straatNaam": "Besterdring", "straatNr": "96", "postcode": "5014 HM", "plaats": "Tilburg", "merk": "Stibat", "puntType": "inzamelbak", "materialen": ["batterijen"], "uitbetaling": [], "vrijToegankelijk": false, "gemeenteBeperking": null, "openingstijden": null, "latitude": 51.5658159, "longitude": 5.0896668, "bronId": "L031922"}}, {"type": "Feature", "geometry": {"type": "Point", "coordinates": [5.0639527, 51.5697282]}, "properties": {"type": "inleverpunt", "locatieNaam": "The Read Shop", "straatNaam": "Dr. Ahausstraat", "straatNr": "1", "postcode": "5042 EK", "plaats": "Tilburg", "merk": "Stibat", "puntType": "inzamelbak", "materialen": ["batterijen"], "uitbetaling": [], "vrijToegankelijk": false, "gemeenteBeperking": null, "openingstijden": null, "latitude": 51.5697282, "longitude": 5.0639527, "bronId": "L041968"}}, {"type": "Feature", "geometry": {"type": "Point", "coordinates": [5.090722, 51.5651102]}, "properties": {"type": "inleverpunt", "locatieNaam": "Van Boxtel hoorwinkel", "straatNaam": "Besterdplein", "straatNr": "7", "postcode": "5014 HN", "plaats": "Tilburg", "merk": "Stibat", "puntType": "inzamelbak", "materialen": ["batterijen"], "uitbetaling": [], "vrijToegankelijk": false, "gemeenteBeperking": null, "openingstijden": null, "latitude": 51.5651102, "longitude": 5.090722, "bronId": "L030934"}}, {"type": "Feature", "geometry": {"type": "Point", "coordinates": [5.0632773, 51.5694894]}, "properties": {"type": "inleverpunt", "locatieNaam": "PLUS", "straatNaam": "Dr. Ahausstraat", "straatNr": "1", "postcode": "5042 EK", "plaats": "Tilburg", "merk": "Stibat", "puntType": "inzamelbak", "materialen": ["batterijen"], "uitbetaling": [], "vrijToegankelijk": false, "gemeenteBeperking": null, "openingstijden": null, "latitude": 51.5694894, "longitude": 5.0632773, "bronId": "L039020"}}, {"type": "Feature", "geometry": {"type": "Point", "coordinates": [5.0688228, 51.5684124]}, "properties": {"type": "inleverpunt", "locatieNaam": "De Sleutelmaker", "straatNaam": "Tongerlose Hoefstraat", "straatNr": "77-10", "postcode": "5046 NE", "plaats": "Tilburg", "merk": "Stibat", "puntType": "inzamelbak", "materialen": ["batterijen"], "uitbetaling": [], "vrijToegankelijk": false, "gemeenteBeperking": null, "openingstijden": null, "latitude": 51.5684124, "longitude": 5.0688228, "bronId": "L026317"}}, {"type": "Feature", "geometry": {"type": "Point", "coordinates": [5.0912717, 51.5645343]}, "properties": {"type": "inleverpunt", "locatieNaam": "Esmokerwinkel", "straatNaam": "Besterdplein", "straatNr": "33", "postcode": "5014 HP", "plaats": "Tilburg", "merk": "Stibat", "puntType": "inzamelbak", "materialen": ["batterijen"], "uitbetaling": [], "vrijToegankelijk": false, "gemeenteBeperking": null, "openingstijden": null, "latitude": 51.5645343, "longitude": 5.0912717, "bronId": "L036586"}}, {"type": "Feature", "geometry": {"type": "Point", "coordinates": [5.1059124, 51.5622672]}, "properties": {"type": "inleverpunt", "locatieNaam": "Lidl", "straatNaam": "Bosscheweg", "straatNr": "296", "postcode": "5013 AC", "plaats": "Tilburg", "merk": "Stibat", "puntType": "inzamelbak", "materialen": ["batterijen"], "uitbetaling": [], "vrijToegankelijk": false, "gemeenteBeperking": null, "openingstijden": null, "latitude": 51.5622672, "longitude": 5.1059124, "bronId": "L017669"}}, {"type": "Feature", "geometry": {"type": "Point", "coordinates": [5.0908058, 51.5644097]}, "properties": {"type": "inleverpunt", "locatieNaam": "Primera", "straatNaam": "Besterdplein", "straatNr": "24", "postcode": "5014 HP", "plaats": "Tilburg", "merk": "Stibat", "puntType": "inzamelbak", "materialen": ["batterijen"], "uitbetaling": [], "vrijToegankelijk": false, "gemeenteBeperking": null, "openingstijden": null, "latitude": 51.5644097, "longitude": 5.0908058, "bronId": "L024189"}}, {"type": "Feature", "geometry": {"type": "Point", "coordinates": [5.0903309, 51.5643377]}, "properties": {"type": "inleverpunt", "locatieNaam": "Kruidvat", "straatNaam": "Besterdring", "straatNr": "131", "postcode": "5014 HJ", "plaats": "Tilburg", "merk": "Stibat", "puntType": "inzamelbak", "materialen": ["batterijen"], "uitbetaling": [], "vrijToegankelijk": false, "gemeenteBeperking": null, "openingstijden": null, "latitude": 51.5643377, "longitude": 5.0903309, "bronId": "L014135"}}, {"type": "Feature", "geometry": {"type": "Point", "coordinates": [5.0542285, 51.5701128]}, "properties": {"type": "inleverpunt", "locatieNaam": "1004 Albert Heijn", "straatNaam": "Westermarkt", "straatNr": "17", "postcode": "5042 MC", "plaats": "Tilburg", "merk": "Stibat", "puntType": "inzamelbak", "materialen": ["batterijen"], "uitbetaling": [], "vrijToegankelijk": false, "gemeenteBeperking": null, "openingstijden": null, "latitude": 51.5701128, "longitude": 5.0542285, "bronId": "L005668"}}, {"type": "Feature", "geometry": {"type": "Point", "coordinates": [5.054342, 51.57001]}, "properties": {"type": "inleverpunt", "locatieNaam": "Hans Anders", "straatNaam": "Westermarkt", "straatNr": "19", "postcode": "5042 MC", "plaats": "Tilburg", "merk": "Stibat", "puntType": "inzamelbak", "materialen": ["batterijen"], "uitbetaling": [], "vrijToegankelijk": false, "gemeenteBeperking": null, "openingstijden": null, "latitude": 51.57001, "longitude": 5.054342, "bronId": "L037936"}}, {"type": "Feature", "geometry": {"type": "Point", "coordinates": [5.054157, 51.5699985]}, "properties": {"type": "inleverpunt", "locatieNaam": "Kruidvat", "straatNaam": "Westermarkt", "straatNr": "37 a", "postcode": "5042 MD", "plaats": "Tilburg", "merk": "Stibat", "puntType": "inzamelbak", "materialen": ["batterijen"], "uitbetaling": [], "vrijToegankelijk": false, "gemeenteBeperking": null, "openingstijden": null, "latitude": 51.5699985, "longitude": 5.054157, "bronId": "L013734"}}, {"type": "Feature", "geometry": {"type": "Point", "coordinates": [5.0964199, 51.5631095]}, "properties": {"type": "inleverpunt", "locatieNaam": "Iersel", "straatNaam": "Enschotsestraat", "straatNr": "164", "postcode": "5014 DJ", "plaats": "Tilburg", "merk": "Stibat", "puntType": "inzamelbak", "materialen": ["batterijen"], "uitbetaling": [], "vrijToegankelijk": false, "gemeenteBeperking": null, "openingstijden": null, "latitude": 51.5631095, "longitude": 5.0964199, "bronId": "L033461"}}, {"type": "Feature", "geometry": {"type": "Point", "coordinates": [5.104309, 51.5619756]}, "properties": {"type": "inleverpunt", "locatieNaam": "Fietswereld Erwin Mols", "straatNaam": "Bosscheweg", "straatNr": "271", "postcode": "5013 AB", "plaats": "Tilburg", "merk": "Stibat", "puntType": "inzamelbak", "materialen": ["batterijen"], "uitbetaling": [], "vrijToegankelijk": false, "gemeenteBeperking": null, "openingstijden": null, "latitude": 51.5619756, "longitude": 5.104309, "bronId": "L033460"}}, {"type": "Feature", "geometry": {"type": "Point", "coordinates": [5.0533809, 51.5698013]}, "properties": {"type": "inleverpunt", "locatieNaam": "BelCompany", "straatNaam": "Westermarkt", "straatNr": "28", "postcode": "5042 MD", "plaats": "Tilburg", "merk": "Stibat", "puntType": "inzamelbak", "materialen": ["batterijen"], "uitbetaling": [], "vrijToegankelijk": false, "gemeenteBeperking": null, "openingstijden": null, "latitude": 51.5698013, "longitude": 5.0533809, "bronId": "L016418"}}, {"type": "Feature", "geometry": {"type": "Point", "coordinates": [5.0906639, 51.5635826]}, "properties": {"type": "inleverpunt", "locatieNaam": "Foto Jans", "straatNaam": "Besterdring", "straatNr": "161", "postcode": "5014 HK", "plaats": "Tilburg", "merk": "Stibat", "puntType": "inzamelbak", "materialen": ["batterijen"], "uitbetaling": [], "vrijToegankelijk": false, "gemeenteBeperking": null, "openingstijden": null, "latitude": 51.5635826, "longitude": 5.0906639, "bronId": "L008698"}}, {"type": "Feature", "geometry": {"type": "Point", "coordinates": [5.0906715, 51.563558]}, "properties": {"type": "inleverpunt", "locatieNaam": "Kamera Express", "straatNaam": "Besterdring", "straatNr": "163", "postcode": "5014 HK", "plaats": "Tilburg", "merk": "Stibat", "puntType": "inzamelbak", "materialen": ["batterijen"], "uitbetaling": [], "vrijToegankelijk": false, "gemeenteBeperking": null, "openingstijden": null, "latitude": 51.563558, "longitude": 5.0906715, "bronId": "L040697"}}, {"type": "Feature", "geometry": {"type": "Point", "coordinates": [5.0533313, 51.5696501]}, "properties": {"type": "inleverpunt", "locatieNaam": "Zeeman", "straatNaam": "Westermarkt", "straatNr": "29", "postcode": "5042 MD", "plaats": "Tilburg", "merk": "Stibat", "puntType": "inzamelbak", "materialen": ["batterijen"], "uitbetaling": [], "vrijToegankelijk": false, "gemeenteBeperking": null, "openingstijden": null, "latitude": 51.5696501, "longitude": 5.0533313, "bronId": "L021695"}}, {"type": "Feature", "geometry": {"type": "Point", "coordinates": [5.054657, 51.5693791]}, "properties": {"type": "inleverpunt", "locatieNaam": "HEMA Tilburg-Westermarkt", "straatNaam": "Roelof Kranenburgplein", "straatNr": "3", "postcode": "5042 MA", "plaats": "Tilburg", "merk": "Stibat", "puntType": "inzamelbak", "materialen": ["batterijen"], "uitbetaling": [], "vrijToegankelijk": false, "gemeenteBeperking": null, "openingstijden": null, "latitude": 51.5693791, "longitude": 5.054657, "bronId": "L046929"}}, {"type": "Feature", "geometry": {"type": "Point", "coordinates": [5.0784615, 51.5653392]}, "properties": {"type": "inleverpunt", "locatieNaam": "Rabico Tweewielers", "straatNaam": "Wilhelminapark", "straatNr": "44a", "postcode": "5041 ED", "plaats": "Tilburg", "merk": "Stibat", "puntType": "inzamelbak", "materialen": ["batterijen"], "uitbetaling": [], "vrijToegankelijk": false, "gemeenteBeperking": null, "openingstijden": null, "latitude": 51.5653392, "longitude": 5.0784615, "bronId": "L031013"}}, {"type": "Feature", "geometry": {"type": "Point", "coordinates": [5.0914676, 51.5632556]}, "properties": {"type": "inleverpunt", "locatieNaam": "PLUS", "straatNaam": "Besterdring", "straatNr": "110", "postcode": "5014 HZ", "plaats": "Tilburg", "merk": "Stibat", "puntType": "inzamelbak", "materialen": ["batterijen"], "uitbetaling": [], "vrijToegankelijk": false, "gemeenteBeperking": null, "openingstijden": null, "latitude": 51.5632556, "longitude": 5.0914676, "bronId": "L015268"}}, {"type": "Feature", "geometry": {"type": "Point", "coordinates": [5.0529772, 51.5692814]}, "properties": {"type": "inleverpunt", "locatieNaam": "Beter Horen", "straatNaam": "Westermarkt", "straatNr": "126-127", "postcode": "5042 SZ", "plaats": "Tilburg", "merk": "Stibat", "puntType": "inzamelbak", "materialen": ["batterijen"], "uitbetaling": [], "vrijToegankelijk": false, "gemeenteBeperking": null, "openingstijden": null, "latitude": 51.5692814, "longitude": 5.0529772, "bronId": "L018737"}}, {"type": "Feature", "geometry": {"type": "Point", "coordinates": [5.054803, 51.5689143]}, "properties": {"type": "inleverpunt", "locatieNaam": "Wibra", "straatNaam": "Jac. Oppenheimstraat", "straatNr": "7", "postcode": "5042 NM", "plaats": "Tilburg", "merk": "Stibat", "puntType": "inzamelbak", "materialen": ["batterijen"], "uitbetaling": [], "vrijToegankelijk": false, "gemeenteBeperking": null, "openingstijden": null, "latitude": 51.5689143, "longitude": 5.054803, "bronId": "L024233"}}, {"type": "Feature", "geometry": {"type": "Point", "coordinates": [5.0536389, 51.5689891]}, "properties": {"type": "inleverpunt", "locatieNaam": "1205 Action", "straatNaam": "Daniel Jos Jittastraat", "straatNr": "8", "postcode": "5042 MX", "plaats": "Tilburg", "merk": "Stibat", "puntType": "inzamelbak", "materialen": ["batterijen"], "uitbetaling": [], "vrijToegankelijk": false, "gemeenteBeperking": null, "openingstijden": null, "latitude": 51.5689891, "longitude": 5.0536389, "bronId": "L029215"}}, {"type": "Feature", "geometry": {"type": "Point", "coordinates": [5.0038264, 51.5786979]}, "properties": {"type": "inleverpunt", "locatieNaam": "Lidl", "straatNaam": "Heyhoefpromenade", "straatNr": "115", "postcode": "5043 RB", "plaats": "Tilburg", "merk": "Stibat", "puntType": "inzamelbak", "materialen": ["batterijen"], "uitbetaling": [], "vrijToegankelijk": false, "gemeenteBeperking": null, "openingstijden": null, "latitude": 51.5786979, "longitude": 5.0038264, "bronId": "L038425"}}, {"type": "Feature", "geometry": {"type": "Point", "coordinates": [5.0528201, 51.5690259]}, "properties": {"type": "inleverpunt", "locatieNaam": "GSM Centre Westermarkt", "straatNaam": "Westermarkt", "straatNr": "130", "postcode": "5042 SZ", "plaats": "Tilburg", "merk": "Stibat", "puntType": "inzamelbak", "materialen": ["batterijen"], "uitbetaling": [], "vrijToegankelijk": false, "gemeenteBeperking": null, "openingstijden": null, "latitude": 51.5690259, "longitude": 5.0528201, "bronId": "L044869"}}, {"type": "Feature", "geometry": {"type": "Point", "coordinates": [5.052794, 51.5688656]}, "properties": {"type": "inleverpunt", "locatieNaam": "Specsavers", "straatNaam": "Westermarkt", "straatNr": "133", "postcode": "5042 SZ", "plaats": "Tilburg", "merk": "Stibat", "puntType": "inzamelbak", "materialen": ["batterijen"], "uitbetaling": [], "vrijToegankelijk": false, "gemeenteBeperking": null, "openingstijden": null, "latitude": 51.5688656, "longitude": 5.052794, "bronId": "L045072"}}, {"type": "Feature", "geometry": {"type": "Point", "coordinates": [5.0546644, 51.5685185]}, "properties": {"type": "inleverpunt", "locatieNaam": "Giant Store van Bebber", "straatNaam": "Jacques Oppenheimstraat", "straatNr": "17", "postcode": "5042 NM", "plaats": "Tilburg", "merk": "Stibat", "puntType": "inzamelbak", "materialen": ["batterijen"], "uitbetaling": [], "vrijToegankelijk": false, "gemeenteBeperking": null, "openingstijden": null, "latitude": 51.5685185, "longitude": 5.0546644, "bronId": "L033466"}}, {"type": "Feature", "geometry": {"type": "Point", "coordinates": [5.0062287, 51.5778866]}, "properties": {"type": "inleverpunt", "locatieNaam": "Primera", "straatNaam": "Heyhoefpromenade", "straatNr": "52", "postcode": "5043 RM", "plaats": "Tilburg", "merk": "Stibat", "puntType": "inzamelbak", "materialen": ["batterijen"], "uitbetaling": [], "vrijToegankelijk": false, "gemeenteBeperking": null, "openingstijden": null, "latitude": 51.5778866, "longitude": 5.0062287, "bronId": "L038633"}}, {"type": "Feature", "geometry": {"type": "Point", "coordinates": [5.0527509, 51.5687437]}, "properties": {"type": "inleverpunt", "locatieNaam": "Primera", "straatNaam": "Westermarkt", "straatNr": "135", "postcode": "5042 SZ", "plaats": "Tilburg", "merk": "Stibat", "puntType": "inzamelbak", "materialen": ["batterijen"], "uitbetaling": [], "vrijToegankelijk": false, "gemeenteBeperking": null, "openingstijden": null, "latitude": 51.5687437, "longitude": 5.0527509, "bronId": "L041867"}}, {"type": "Feature", "geometry": {"type": "Point", "coordinates": [5.0044121, 51.578196]}, "properties": {"type": "inleverpunt", "locatieNaam": "PLUS", "straatNaam": "Heyhoefpromenade", "straatNr": "41", "postcode": "5043 RA", "plaats": "Tilburg", "merk": "Stibat", "puntType": "inzamelbak", "materialen": ["batterijen"], "uitbetaling": [], "vrijToegankelijk": false, "gemeenteBeperking": null, "openingstijden": null, "latitude": 51.578196, "longitude": 5.0044121, "bronId": "L012477"}}, {"type": "Feature", "geometry": {"type": "Point", "coordinates": [5.0057538, 51.5778436]}, "properties": {"type": "inleverpunt", "locatieNaam": "Telecombinatie", "straatNaam": "Heyhoefpromenade", "straatNr": "9", "postcode": "5043 RA", "plaats": "Tilburg", "merk": "Stibat", "puntType": "inzamelbak", "materialen": ["batterijen"], "uitbetaling": [], "vrijToegankelijk": false, "gemeenteBeperking": null, "openingstijden": null, "latitude": 51.5778436, "longitude": 5.0057538, "bronId": "L038174"}}, {"type": "Feature", "geometry": {"type": "Point", "coordinates": [5.0058886, 51.5778109]}, "properties": {"type": "inleverpunt", "locatieNaam": "Xenos", "straatNaam": "Heyhoefpromenade", "straatNr": "58", "postcode": "5043 RM", "plaats": "Tilburg", "merk": "Stibat", "puntType": "inzamelbak", "materialen": ["batterijen"], "uitbetaling": [], "vrijToegankelijk": false, "gemeenteBeperking": null, "openingstijden": null, "latitude": 51.5778109, "longitude": 5.0058886, "bronId": "L038468"}}, {"type": "Feature", "geometry": {"type": "Point", "coordinates": [5.005624, 51.5778295]}, "properties": {"type": "inleverpunt", "locatieNaam": "Jumbo", "straatNaam": "Heyhoefpromenade", "straatNr": "11-17", "postcode": "5043 RA", "plaats": "Tilburg", "merk": "Stibat", "puntType": "inzamelbak", "materialen": ["batterijen"], "uitbetaling": [], "vrijToegankelijk": false, "gemeenteBeperking": null, "openingstijden": null, "latitude": 51.5778295, "longitude": 5.005624, "bronId": "L005633"}}, {"type": "Feature", "geometry": {"type": "Point", "coordinates": [5.0539897, 51.5683571]}, "properties": {"type": "inleverpunt", "locatieNaam": "Prijsmepper", "straatNaam": "Bernard Loderstraat", "straatNr": "35-37", "postcode": "5042 NB", "plaats": "Tilburg", "merk": "Stibat", "puntType": "inzamelbak", "materialen": ["batterijen"], "uitbetaling": [], "vrijToegankelijk": false, "gemeenteBeperking": null, "openingstijden": null, "latitude": 51.5683571, "longitude": 5.0539897, "bronId": "L040539"}}, {"type": "Feature", "geometry": {"type": "Point", "coordinates": [5.0060866, 51.5777188]}, "properties": {"type": "inleverpunt", "locatieNaam": "Hans Anders", "straatNaam": "Heyhoefpromenade", "straatNr": "6-8", "postcode": "5043 RM", "plaats": "Tilburg", "merk": "Stibat", "puntType": "inzamelbak", "materialen": ["batterijen"], "uitbetaling": [], "vrijToegankelijk": false, "gemeenteBeperking": null, "openingstijden": null, "latitude": 51.5777188, "longitude": 5.0060866, "bronId": "L041016"}}, {"type": "Feature", "geometry": {"type": "Point", "coordinates": [4.9839186, 51.5826087]}, "properties": {"type": "inleverpunt", "locatieNaam": "Zeeman", "straatNaam": "De Dalempromenade", "straatNr": "37", "postcode": "5035 KL", "plaats": "Tilburg", "merk": "Stibat", "puntType": "inzamelbak", "materialen": ["batterijen"], "uitbetaling": [], "vrijToegankelijk": false, "gemeenteBeperking": null, "openingstijden": null, "latitude": 51.5826087, "longitude": 4.9839186, "bronId": "L021760"}}, {"type": "Feature", "geometry": {"type": "Point", "coordinates": [5.0529255, 51.568424]}, "properties": {"type": "inleverpunt", "locatieNaam": "Jumbo", "straatNaam": "Westermarkt", "straatNr": "38", "postcode": "5042 MD", "plaats": "Tilburg", "merk": "Stibat", "puntType": "inzamelbak", "materialen": ["batterijen"], "uitbetaling": [], "vrijToegankelijk": false, "gemeenteBeperking": null, "openingstijden": null, "latitude": 51.568424, "longitude": 5.0529255, "bronId": "L041048"}}, {"type": "Feature", "geometry": {"type": "Point", "coordinates": [4.9838497, 51.5825609]}, "properties": {"type": "inleverpunt", "locatieNaam": "7902 Etos", "straatNaam": "Dalempromenade", "straatNr": "38", "postcode": "5035 KL", "plaats": "Tilburg", "merk": "Stibat", "puntType": "inzamelbak", "materialen": ["batterijen"], "uitbetaling": [], "vrijToegankelijk": false, "gemeenteBeperking": null, "openingstijden": null, "latitude": 51.5825609, "longitude": 4.9838497, "bronId": "L026604"}}, {"type": "Feature", "geometry": {"type": "Point", "coordinates": [5.0045126, 51.5779024]}, "properties": {"type": "inleverpunt", "locatieNaam": "Zeeman", "straatNaam": "Heyhoefpromenade", "straatNr": "35-37", "postcode": "5043 RA", "plaats": "Tilburg", "merk": "Stibat", "puntType": "inzamelbak", "materialen": ["batterijen"], "uitbetaling": [], "vrijToegankelijk": false, "gemeenteBeperking": null, "openingstijden": null, "latitude": 51.5779024, "longitude": 5.0045126, "bronId": "L038206"}}, {"type": "Feature", "geometry": {"type": "Point", "coordinates": [4.9837121, 51.5824654]}, "properties": {"type": "inleverpunt", "locatieNaam": "1645 Albert Heijn", "straatNaam": "Dalempromenade", "straatNr": "40", "postcode": "5035 KL", "plaats": "Tilburg", "merk": "Stibat", "puntType": "inzamelbak", "materialen": ["batterijen"], "uitbetaling": [], "vrijToegankelijk": false, "gemeenteBeperking": null, "openingstijden": null, "latitude": 51.5824654, "longitude": 4.9837121, "bronId": "L023808"}}, {"type": "Feature", "geometry": {"type": "Point", "coordinates": [5.0056227, 51.5775569]}, "properties": {"type": "inleverpunt", "locatieNaam": "7809 Etos", "straatNaam": "Heyhoefpromenade", "straatNr": "22", "postcode": "5043 RM", "plaats": "Tilburg", "merk": "Stibat", "puntType": "inzamelbak", "materialen": ["batterijen"], "uitbetaling": [], "vrijToegankelijk": false, "gemeenteBeperking": null, "openingstijden": null, "latitude": 51.5775569, "longitude": 5.0056227, "bronId": "L038456"}}, {"type": "Feature", "geometry": {"type": "Point", "coordinates": [5.0054266, 51.5775943]}, "properties": {"type": "inleverpunt", "locatieNaam": "Eye Wish", "straatNaam": "Heyhoefpromenade", "straatNr": "18", "postcode": "5043 RM", "plaats": "Tilburg", "merk": "Stibat", "puntType": "inzamelbak", "materialen": ["batterijen"], "uitbetaling": [], "vrijToegankelijk": false, "gemeenteBeperking": null, "openingstijden": null, "latitude": 51.5775943, "longitude": 5.0054266, "bronId": "L043346"}}, {"type": "Feature", "geometry": {"type": "Point", "coordinates": [5.0049914, 51.5776826]}, "properties": {"type": "inleverpunt", "locatieNaam": "HEMA Heyhoefpromenade", "straatNaam": "Heyhoefpromenade", "straatNr": "23-25", "postcode": "5043 RA", "plaats": "Tilburg", "merk": "Stibat", "puntType": "inzamelbak", "materialen": ["batterijen"], "uitbetaling": [], "vrijToegankelijk": false, "gemeenteBeperking": null, "openingstijden": null, "latitude": 51.5776826, "longitude": 5.0049914, "bronId": "L006123"}}, {"type": "Feature", "geometry": {"type": "Point", "coordinates": [5.0051006, 51.577491]}, "properties": {"type": "inleverpunt", "locatieNaam": "Bruna", "straatNaam": "Heyhoefpromenade", "straatNr": "24-28", "postcode": "5043 RM", "plaats": "Tilburg", "merk": "Stibat", "puntType": "inzamelbak", "materialen": ["batterijen"], "uitbetaling": [], "vrijToegankelijk": false, "gemeenteBeperking": null, "openingstijden": null, "latitude": 51.577491, "longitude": 5.0051006, "bronId": "L023902"}}, {"type": "Feature", "geometry": {"type": "Point", "coordinates": [5.0047622, 51.5773819]}, "properties": {"type": "inleverpunt", "locatieNaam": "Intertoys", "straatNaam": "Heyhoefpromenade", "straatNr": "30", "postcode": "5043 RM", "plaats": "Tilburg", "merk": "Stibat", "puntType": "inzamelbak", "materialen": ["batterijen"], "uitbetaling": [], "vrijToegankelijk": false, "gemeenteBeperking": null, "openingstijden": null, "latitude": 51.5773819, "longitude": 5.0047622, "bronId": "L043549"}}, {"type": "Feature", "geometry": {"type": "Point", "coordinates": [5.0038819, 51.577424]}, "properties": {"type": "inleverpunt", "locatieNaam": "Kruidvat", "straatNaam": "Heyhoefpromenade", "straatNr": "107", "postcode": "5043 RB", "plaats": "Tilburg", "merk": "Stibat", "puntType": "inzamelbak", "materialen": ["batterijen"], "uitbetaling": [], "vrijToegankelijk": false, "gemeenteBeperking": null, "openingstijden": null, "latitude": 51.577424, "longitude": 5.0038819, "bronId": "L015824"}}, {"type": "Feature", "geometry": {"type": "Point", "coordinates": [5.0032026, 51.5770775]}, "properties": {"type": "inleverpunt", "locatieNaam": "Specsavers", "straatNaam": "Heyhoefpromenade", "straatNr": "54", "postcode": "5043 RM", "plaats": "Tilburg", "merk": "Stibat", "puntType": "inzamelbak", "materialen": ["batterijen"], "uitbetaling": [], "vrijToegankelijk": false, "gemeenteBeperking": null, "openingstijden": null, "latitude": 51.5770775, "longitude": 5.0032026, "bronId": "L045071"}}, {"type": "Feature", "geometry": {"type": "Point", "coordinates": [5.0743678, 51.5633111]}, "properties": {"type": "inleverpunt", "locatieNaam": "7249 Etos", "straatNaam": "Jan Heijnstraat", "straatNr": "10", "postcode": "5041 GB", "plaats": "Tilburg", "merk": "Stibat", "puntType": "inzamelbak", "materialen": ["batterijen"], "uitbetaling": [], "vrijToegankelijk": false, "gemeenteBeperking": null, "openingstijden": null, "latitude": 51.5633111, "longitude": 5.0743678, "bronId": "L023630"}}, {"type": "Feature", "geometry": {"type": "Point", "coordinates": [5.0743678, 51.5633111]}, "properties": {"type": "inleverpunt", "locatieNaam": "1521 Albert Heijn XL", "straatNaam": "Jan Heijnsstraat", "straatNr": "10", "postcode": "5041 GB", "plaats": "Tilburg", "merk": "Stibat", "puntType": "inzamelbak", "materialen": ["batterijen"], "uitbetaling": [], "vrijToegankelijk": false, "gemeenteBeperking": null, "openingstijden": null, "latitude": 51.5633111, "longitude": 5.0743678, "bronId": "L007295"}}, {"type": "Feature", "geometry": {"type": "Point", "coordinates": [5.0741881, 51.5629594]}, "properties": {"type": "inleverpunt", "locatieNaam": "1387 Action", "straatNaam": "Jan Heijnsstraat", "straatNr": "16", "postcode": "5041 GB", "plaats": "Tilburg", "merk": "Stibat", "puntType": "inzamelbak", "materialen": ["batterijen"], "uitbetaling": [], "vrijToegankelijk": false, "gemeenteBeperking": null, "openingstijden": null, "latitude": 51.5629594, "longitude": 5.0741881, "bronId": "L039792"}}, {"type": "Feature", "geometry": {"type": "Point", "coordinates": [5.0801246, 51.5619089]}, "properties": {"type": "inleverpunt", "locatieNaam": "Kruidvat", "straatNaam": "Burg. Brokxlaan", "straatNr": "1906 A", "postcode": "5041 SJ", "plaats": "Tilburg", "merk": "Stibat", "puntType": "inzamelbak", "materialen": ["batterijen"], "uitbetaling": [], "vrijToegankelijk": false, "gemeenteBeperking": null, "openingstijden": null, "latitude": 51.5619089, "longitude": 5.0801246, "bronId": "L034592"}}, {"type": "Feature", "geometry": {"type": "Point", "coordinates": [5.0746053, 51.5622049]}, "properties": {"type": "inleverpunt", "locatieNaam": "Aldi", "straatNaam": "Jan Heijnstraat", "straatNr": "30", "postcode": "5041 GB", "plaats": "Tilburg", "merk": "Stibat", "puntType": "inzamelbak", "materialen": ["batterijen"], "uitbetaling": [], "vrijToegankelijk": false, "gemeenteBeperking": null, "openingstijden": null, "latitude": 51.5622049, "longitude": 5.0746053, "bronId": "L041312"}}, {"type": "Feature", "geometry": {"type": "Point", "coordinates": [5.0888837, 51.5583701]}, "properties": {"type": "inleverpunt", "locatieNaam": "MediaMarkt", "straatNaam": "Telegraafstraat", "straatNr": "22b", "postcode": "5038 BM", "plaats": "Tilburg", "merk": "Stibat", "puntType": "inzamelbak", "materialen": ["batterijen"], "uitbetaling": [], "vrijToegankelijk": false, "gemeenteBeperking": null, "openingstijden": null, "latitude": 51.5583701, "longitude": 5.0888837, "bronId": "L022682"}}, {"type": "Feature", "geometry": {"type": "Point", "coordinates": [5.0886755, 51.5583094]}, "properties": {"type": "inleverpunt", "locatieNaam": "MediaMarkt", "straatNaam": "Pieter Vreedeplein", "straatNr": "152", "postcode": "5038 BW", "plaats": "Tilburg", "merk": "Stibat", "puntType": "inzamelbak", "materialen": ["batterijen"], "uitbetaling": [], "vrijToegankelijk": false, "gemeenteBeperking": null, "openingstijden": null, "latitude": 51.5583094, "longitude": 5.0886755, "bronId": "L041095"}}, {"type": "Feature", "geometry": {"type": "Point", "coordinates": [5.0883653, 51.5583277]}, "properties": {"type": "inleverpunt", "locatieNaam": "Intertoys", "straatNaam": "Pieter Vreedeplein", "straatNr": "155", "postcode": "5038 BW", "plaats": "Tilburg", "merk": "Stibat", "puntType": "inzamelbak", "materialen": ["batterijen"], "uitbetaling": [], "vrijToegankelijk": false, "gemeenteBeperking": null, "openingstijden": null, "latitude": 51.5583277, "longitude": 5.0883653, "bronId": "L025473"}}, {"type": "Feature", "geometry": {"type": "Point", "coordinates": [5.0888103, 51.5581107]}, "properties": {"type": "inleverpunt", "locatieNaam": "KiK Tilburg", "straatNaam": "Pieter Vreedeplein", "straatNr": "163", "postcode": "5038 BW", "plaats": "Tilburg", "merk": "Stibat", "puntType": "inzamelbak", "materialen": ["batterijen"], "uitbetaling": [], "vrijToegankelijk": false, "gemeenteBeperking": null, "openingstijden": null, "latitude": 51.5581107, "longitude": 5.0888103, "bronId": "L044904"}}, {"type": "Feature", "geometry": {"type": "Point", "coordinates": [5.0888103, 51.5581107]}, "properties": {"type": "inleverpunt", "locatieNaam": "1442 Action", "straatNaam": "Pieter Vreedeplein", "straatNr": "163", "postcode": "5038 BW", "plaats": "Tilburg", "merk": "Stibat", "puntType": "inzamelbak", "materialen": ["batterijen"], "uitbetaling": [], "vrijToegankelijk": false, "gemeenteBeperking": null, "openingstijden": null, "latitude": 51.5581107, "longitude": 5.0888103, "bronId": "L047314"}}, {"type": "Feature", "geometry": {"type": "Point", "coordinates": [5.0889861, 51.5580827]}, "properties": {"type": "inleverpunt", "locatieNaam": "Decathlon", "straatNaam": "Pieter Vreedeplein", "straatNr": "165", "postcode": "5038 BW", "plaats": "Tilburg", "merk": "Stibat", "puntType": "inzamelbak", "materialen": ["batterijen"], "uitbetaling": [], "vrijToegankelijk": false, "gemeenteBeperking": null, "openingstijden": null, "latitude": 51.5580827, "longitude": 5.0889861, "bronId": "L040754"}}, {"type": "Feature", "geometry": {"type": "Point", "coordinates": [5.0892483, 51.5579944]}, "properties": {"type": "inleverpunt", "locatieNaam": "Kruidvat", "straatNaam": "Pieter Vreedeplein", "straatNr": "167", "postcode": "5038 BW", "plaats": "Tilburg", "merk": "Stibat", "puntType": "inzamelbak", "materialen": ["batterijen"], "uitbetaling": [], "vrijToegankelijk": false, "gemeenteBeperking": null, "openingstijden": null, "latitude": 51.5579944, "longitude": 5.0892483, "bronId": "L023419"}}, {"type": "Feature", "geometry": {"type": "Point", "coordinates": [5.0776248, 51.5590089]}, "properties": {"type": "inleverpunt", "locatieNaam": "Van Rijswijk Tweewielers", "straatNaam": "Noordhoekring", "straatNr": "23", "postcode": "5038 GB", "plaats": "Tilburg", "merk": "Stibat", "puntType": "inzamelbak", "materialen": ["batterijen"], "uitbetaling": [], "vrijToegankelijk": false, "gemeenteBeperking": null, "openingstijden": null, "latitude": 51.5590089, "longitude": 5.0776248, "bronId": "L026988"}}, {"type": "Feature", "geometry": {"type": "Point", "coordinates": [5.0897208, 51.557122]}, "properties": {"type": "inleverpunt", "locatieNaam": "Kruidvat", "straatNaam": "Heuvelstraat", "straatNr": "11", "postcode": "5038 AA", "plaats": "Tilburg", "merk": "Stibat", "puntType": "inzamelbak", "materialen": ["batterijen"], "uitbetaling": [], "vrijToegankelijk": false, "gemeenteBeperking": null, "openingstijden": null, "latitude": 51.557122, "longitude": 5.0897208, "bronId": "L013845"}}, {"type": "Feature", "geometry": {"type": "Point", "coordinates": [5.0900431, 51.5569933]}, "properties": {"type": "inleverpunt", "locatieNaam": "Pull&amp;Bear", "straatNaam": "Heuvel", "straatNr": "32", "postcode": "5038 CP", "plaats": "Tilburg", "merk": "Stibat", "puntType": "inzamelbak", "materialen": ["batterijen"], "uitbetaling": [], "vrijToegankelijk": false, "gemeenteBeperking": null, "openingstijden": null, "latitude": 51.5569933, "longitude": 5.0900431, "bronId": "L045685"}}, {"type": "Feature", "geometry": {"type": "Point", "coordinates": [5.0898264, 51.5569809]}, "properties": {"type": "inleverpunt", "locatieNaam": "E-Plaza", "straatNaam": "Heuvel", "straatNr": "29", "postcode": "5038 CP", "plaats": "Tilburg", "merk": "Stibat", "puntType": "inzamelbak", "materialen": ["batterijen"], "uitbetaling": [], "vrijToegankelijk": false, "gemeenteBeperking": null, "openingstijden": null, "latitude": 51.5569809, "longitude": 5.0898264, "bronId": "L029565"}}, {"type": "Feature", "geometry": {"type": "Point", "coordinates": [5.0893332, 51.556963]}, "properties": {"type": "inleverpunt", "locatieNaam": "Hans Anders", "straatNaam": "Heuvelstraat", "straatNr": "8-10", "postcode": "5038 AE", "plaats": "Tilburg", "merk": "Stibat", "puntType": "inzamelbak", "materialen": ["batterijen"], "uitbetaling": [], "vrijToegankelijk": false, "gemeenteBeperking": null, "openingstijden": null, "latitude": 51.556963, "longitude": 5.0893332, "bronId": "L041015"}}, {"type": "Feature", "geometry": {"type": "Point", "coordinates": [5.0886306, 51.5570028]}, "properties": {"type": "inleverpunt", "locatieNaam": "DOUGLAS", "straatNaam": "Heuvelstraat", "straatNr": "23", "postcode": "5038 AA", "plaats": "Tilburg", "merk": "Stibat", "puntType": "inzamelbak", "materialen": ["batterijen"], "uitbetaling": [], "vrijToegankelijk": false, "gemeenteBeperking": null, "openingstijden": null, "latitude": 51.5570028, "longitude": 5.0886306, "bronId": "L049164"}}, {"type": "Feature", "geometry": {"type": "Point", "coordinates": [5.0883177, 51.5569857]}, "properties": {"type": "inleverpunt", "locatieNaam": "Specsavers", "straatNaam": "Heuvelstraat", "straatNr": "27", "postcode": "5038 AH", "plaats": "Tilburg", "merk": "Stibat", "puntType": "inzamelbak", "materialen": ["batterijen"], "uitbetaling": [], "vrijToegankelijk": false, "gemeenteBeperking": null, "openingstijden": null, "latitude": 51.5569857, "longitude": 5.0883177, "bronId": "L024711"}}, {"type": "Feature", "geometry": {"type": "Point", "coordinates": [5.0882112, 51.556679]}, "properties": {"type": "inleverpunt", "locatieNaam": "HEMA Heuvelstraat", "straatNaam": "Heuvelstraat", "straatNr": "24", "postcode": "5038 AE", "plaats": "Tilburg", "merk": "Stibat", "puntType": "inzamelbak", "materialen": ["batterijen"], "uitbetaling": [], "vrijToegankelijk": false, "gemeenteBeperking": null, "openingstijden": null, "latitude": 51.556679, "longitude": 5.0882112, "bronId": "L006691"}}, {"type": "Feature", "geometry": {"type": "Point", "coordinates": [5.0890302, 51.5565163]}, "properties": {"type": "inleverpunt", "locatieNaam": "The Phone Lab", "straatNaam": "Frederikstraat", "straatNr": "41", "postcode": "5038 AZ", "plaats": "Tilburg", "merk": "Stibat", "puntType": "inzamelbak", "materialen": ["batterijen"], "uitbetaling": [], "vrijToegankelijk": false, "gemeenteBeperking": null, "openingstijden": null, "latitude": 51.5565163, "longitude": 5.0890302, "bronId": "L048775"}}, {"type": "Feature", "geometry": {"type": "Point", "coordinates": [5.087506, 51.5564718]}, "properties": {"type": "inleverpunt", "locatieNaam": "7306 Etos", "straatNaam": "Heuvelstraat", "straatNr": "47", "postcode": "5038 AB", "plaats": "Tilburg", "merk": "Stibat", "puntType": "inzamelbak", "materialen": ["batterijen"], "uitbetaling": [], "vrijToegankelijk": false, "gemeenteBeperking": null, "openingstijden": null, "latitude": 51.5564718, "longitude": 5.087506, "bronId": "L023330"}}, {"type": "Feature", "geometry": {"type": "Point", "coordinates": [5.0876932, 51.5563835]}, "properties": {"type": "inleverpunt", "locatieNaam": "KPN winkel", "straatNaam": "Heuvelstaat", "straatNr": "42a", "postcode": "5038 AE", "plaats": "Tilburg", "merk": "Stibat", "puntType": "inzamelbak", "materialen": ["batterijen"], "uitbetaling": [], "vrijToegankelijk": false, "gemeenteBeperking": null, "openingstijden": null, "latitude": 51.5563835, "longitude": 5.0876932, "bronId": "L007733"}}, {"type": "Feature", "geometry": {"type": "Point", "coordinates": [5.0868464, 51.5562874]}, "properties": {"type": "inleverpunt", "locatieNaam": "Zara", "straatNaam": "Heuvelstraat", "straatNr": "63", "postcode": "5038 AC", "plaats": "Tilburg", "merk": "Stibat", "puntType": "inzamelbak", "materialen": ["batterijen"], "uitbetaling": [], "vrijToegankelijk": false, "gemeenteBeperking": null, "openingstijden": null, "latitude": 51.5562874, "longitude": 5.0868464, "bronId": "L045711"}}, {"type": "Feature", "geometry": {"type": "Point", "coordinates": [5.089614, 51.5557523]}, "properties": {"type": "inleverpunt", "locatieNaam": "ANWB", "straatNaam": "Emmapassage", "straatNr": "24", "postcode": "5038 XA", "plaats": "Tilburg", "merk": "Stibat", "puntType": "inzamelbak", "materialen": ["batterijen"], "uitbetaling": [], "vrijToegankelijk": false, "gemeenteBeperking": null, "openingstijden": null, "latitude": 51.5557523, "longitude": 5.089614, "bronId": "L044628"}}, {"type": "Feature", "geometry": {"type": "Point", "coordinates": [5.0897018, 51.5556247]}, "properties": {"type": "inleverpunt", "locatieNaam": "Prenatal", "straatNaam": "Emmapassage", "straatNr": "2-4", "postcode": "5038 XA", "plaats": "Tilburg", "merk": "Stibat", "puntType": "inzamelbak", "materialen": ["batterijen"], "uitbetaling": [], "vrijToegankelijk": false, "gemeenteBeperking": null, "openingstijden": null, "latitude": 51.5556247, "longitude": 5.0897018, "bronId": "L048590"}}, {"type": "Feature", "geometry": {"type": "Point", "coordinates": [5.0867293, 51.5560635]}, "properties": {"type": "inleverpunt", "locatieNaam": "Kruidvat", "straatNaam": "Heuvelstraat", "straatNr": "67", "postcode": "5038 AC", "plaats": "Tilburg", "merk": "Stibat", "puntType": "inzamelbak", "materialen": ["batterijen"], "uitbetaling": [], "vrijToegankelijk": false, "gemeenteBeperking": null, "openingstijden": null, "latitude": 51.5560635, "longitude": 5.0867293, "bronId": "L013864"}}, {"type": "Feature", "geometry": {"type": "Point", "coordinates": [5.0493656, 51.5620925]}, "properties": {"type": "inleverpunt", "locatieNaam": "1375 Albert Heijn", "straatNaam": "Professor de Moorplein", "straatNr": "124", "postcode": "5037 DN", "plaats": "Tilburg", "merk": "Stibat", "puntType": "inzamelbak", "materialen": ["batterijen"], "uitbetaling": [], "vrijToegankelijk": false, "gemeenteBeperking": null, "openingstijden": null, "latitude": 51.5620925, "longitude": 5.0493656, "bronId": "L028147"}}, {"type": "Feature", "geometry": {"type": "Point", "coordinates": [5.0865639, 51.5558796]}, "properties": {"type": "inleverpunt", "locatieNaam": "BelCompany", "straatNaam": "Heuvelstraat", "straatNr": "66", "postcode": "5038 AG", "plaats": "Tilburg", "merk": "Stibat", "puntType": "inzamelbak", "materialen": ["batterijen"], "uitbetaling": [], "vrijToegankelijk": false, "gemeenteBeperking": null, "openingstijden": null, "latitude": 51.5558796, "longitude": 5.0865639, "bronId": "L014483"}}, {"type": "Feature", "geometry": {"type": "Point", "coordinates": [5.0880681, 51.5553806]}, "properties": {"type": "inleverpunt", "locatieNaam": "Handyman", "straatNaam": "Stadhuisplein", "straatNr": "268", "postcode": "5038 TG", "plaats": "Tilburg", "merk": "Stibat", "puntType": "inzamelbak", "materialen": ["batterijen"], "uitbetaling": [], "vrijToegankelijk": false, "gemeenteBeperking": null, "openingstijden": null, "latitude": 51.5553806, "longitude": 5.0880681, "bronId": "L016116"}}, {"type": "Feature", "geometry": {"type": "Point", "coordinates": [5.1057271, 51.5526343]}, "properties": {"type": "inleverpunt", "locatieNaam": "Primera", "straatNaam": "AaBe-straat", "straatNr": "7-9", "postcode": "5021 AV", "plaats": "Tilburg", "merk": "Stibat", "puntType": "inzamelbak", "materialen": ["batterijen"], "uitbetaling": [], "vrijToegankelijk": false, "gemeenteBeperking": null, "openingstijden": null, "latitude": 51.5526343, "longitude": 5.1057271, "bronId": "L037184"}}, {"type": "Feature", "geometry": {"type": "Point", "coordinates": [5.0849877, 51.5555766]}, "properties": {"type": "inleverpunt", "locatieNaam": "SoLow", "straatNaam": "Heuvelstraat", "straatNr": "101c", "postcode": "5038 AC", "plaats": "Tilburg", "merk": "Stibat", "puntType": "inzamelbak", "materialen": ["batterijen"], "uitbetaling": [], "vrijToegankelijk": false, "gemeenteBeperking": null, "openingstijden": null, "latitude": 51.5555766, "longitude": 5.0849877, "bronId": "L044120"}}, {"type": "Feature", "geometry": {"type": "Point", "coordinates": [5.090821, 51.5546234]}, "properties": {"type": "inleverpunt", "locatieNaam": "HEMA Outlet Tilburg gesloten 30.05.", "straatNaam": "Piusplein", "straatNr": "46", "postcode": "5038 WN", "plaats": "Tilburg", "merk": "Stibat", "puntType": "inzamelbak", "materialen": ["batterijen"], "uitbetaling": [], "vrijToegankelijk": false, "gemeenteBeperking": null, "openingstijden": null, "latitude": 51.5546234, "longitude": 5.090821, "bronId": "L047008"}}, {"type": "Feature", "geometry": {"type": "Point", "coordinates": [5.0903561, 51.5546824]}, "properties": {"type": "inleverpunt", "locatieNaam": "Coolblue XXL", "straatNaam": "Piusplein", "straatNr": "26", "postcode": "5038 WN", "plaats": "Tilburg", "merk": "Stibat", "puntType": "inzamelbak", "materialen": ["batterijen"], "uitbetaling": [], "vrijToegankelijk": false, "gemeenteBeperking": null, "openingstijden": null, "latitude": 51.5546824, "longitude": 5.0903561, "bronId": "L040676"}}, {"type": "Feature", "geometry": {"type": "Point", "coordinates": [5.0863451, 51.5552655]}, "properties": {"type": "inleverpunt", "locatieNaam": "Primark", "straatNaam": "Stadhuisstraat", "straatNr": "3", "postcode": "5038 XZ", "plaats": "Tilburg", "merk": "Stibat", "puntType": "inzamelbak", "materialen": ["batterijen"], "uitbetaling": [], "vrijToegankelijk": false, "gemeenteBeperking": null, "openingstijden": null, "latitude": 51.5552655, "longitude": 5.0863451, "bronId": "L039979"}}, {"type": "Feature", "geometry": {"type": "Point", "coordinates": [5.089867, 51.5547262]}, "properties": {"type": "inleverpunt", "locatieNaam": "Coolblue Repairs", "straatNaam": "Mauritshof", "straatNr": "11", "postcode": "5038 WN", "plaats": "Tilburg", "merk": "Stibat", "puntType": "inzamelbak", "materialen": ["batterijen"], "uitbetaling": [], "vrijToegankelijk": false, "gemeenteBeperking": null, "openingstijden": null, "latitude": 51.5547262, "longitude": 5.089867, "bronId": "L040693"}}, {"type": "Feature", "geometry": {"type": "Point", "coordinates": [5.0824765, 51.5558203]}, "properties": {"type": "inleverpunt", "locatieNaam": "Fietsspecialist Guill v.d. Ven", "straatNaam": "Nieuwlandstraat", "straatNr": "47", "postcode": "5038 SM", "plaats": "Tilburg", "merk": "Stibat", "puntType": "inzamelbak", "materialen": ["batterijen"], "uitbetaling": [], "vrijToegankelijk": false, "gemeenteBeperking": null, "openingstijden": null, "latitude": 51.5558203, "longitude": 5.0824765, "bronId": "L028675"}}, {"type": "Feature", "geometry": {"type": "Point", "coordinates": [5.0906941, 51.5544314]}, "properties": {"type": "inleverpunt", "locatieNaam": "1097 Albert Heijn", "straatNaam": "Piusplein", "straatNr": "34", "postcode": "5038 WN", "plaats": "Tilburg", "merk": "Stibat", "puntType": "inzamelbak", "materialen": ["batterijen"], "uitbetaling": [], "vrijToegankelijk": false, "gemeenteBeperking": null, "openingstijden": null, "latitude": 51.5544314, "longitude": 5.0906941, "bronId": "L020880"}}, {"type": "Feature", "geometry": {"type": "Point", "coordinates": [5.1055149, 51.5522882]}, "properties": {"type": "inleverpunt", "locatieNaam": "Xenos", "straatNaam": "AaBe-straat", "straatNr": "27a", "postcode": "5021 AV", "plaats": "Tilburg", "merk": "Stibat", "puntType": "inzamelbak", "materialen": ["batterijen"], "uitbetaling": [], "vrijToegankelijk": false, "gemeenteBeperking": null, "openingstijden": null, "latitude": 51.5522882, "longitude": 5.1055149, "bronId": "L045505"}}, {"type": "Feature", "geometry": {"type": "Point", "coordinates": [5.0906777, 51.5543588]}, "properties": {"type": "inleverpunt", "locatieNaam": "Kruidvat", "straatNaam": "Piusplein", "straatNr": "32", "postcode": "5038 WN", "plaats": "Tilburg", "merk": "Stibat", "puntType": "inzamelbak", "materialen": ["batterijen"], "uitbetaling": [], "vrijToegankelijk": false, "gemeenteBeperking": null, "openingstijden": null, "latitude": 51.5543588, "longitude": 5.0906777, "bronId": "L014888"}}, {"type": "Feature", "geometry": {"type": "Point", "coordinates": [5.0845085, 51.5552632]}, "properties": {"type": "inleverpunt", "locatieNaam": "CombiFoto", "straatNaam": "Heuvelstraat", "straatNr": "106", "postcode": "5038 AH", "plaats": "Tilburg", "merk": "Stibat", "puntType": "inzamelbak", "materialen": ["batterijen"], "uitbetaling": [], "vrijToegankelijk": false, "gemeenteBeperking": null, "openingstijden": null, "latitude": 51.5552632, "longitude": 5.0845085, "bronId": "L010391"}}, {"type": "Feature", "geometry": {"type": "Point", "coordinates": [5.0844348, 51.5552281]}, "properties": {"type": "inleverpunt", "locatieNaam": "Callstars", "straatNaam": "Heuvelstraat", "straatNr": "108", "postcode": "5038 AH", "plaats": "Tilburg", "merk": "Stibat", "puntType": "inzamelbak", "materialen": ["batterijen"], "uitbetaling": [], "vrijToegankelijk": false, "gemeenteBeperking": null, "openingstijden": null, "latitude": 51.5552281, "longitude": 5.0844348, "bronId": "L038386"}}, {"type": "Feature", "geometry": {"type": "Point", "coordinates": [5.1058898, 51.5521563]}, "properties": {"type": "inleverpunt", "locatieNaam": "Jumbo", "straatNaam": "AaBestraat", "straatNr": "8", "postcode": "5021 AV", "plaats": "Tilburg", "merk": "Stibat", "puntType": "inzamelbak", "materialen": ["batterijen"], "uitbetaling": [], "vrijToegankelijk": false, "gemeenteBeperking": null, "openingstijden": null, "latitude": 51.5521563, "longitude": 5.1058898, "bronId": "L035377"}}, {"type": "Feature", "geometry": {"type": "Point", "coordinates": [5.0828945, 51.5554534]}, "properties": {"type": "inleverpunt", "locatieNaam": "Used Before", "straatNaam": "Nieuwlandstraat", "straatNr": "55", "postcode": "5038 SM", "plaats": "Tilburg", "merk": "Stibat", "puntType": "inzamelbak", "materialen": ["batterijen"], "uitbetaling": [], "vrijToegankelijk": false, "gemeenteBeperking": null, "openingstijden": null, "latitude": 51.5554534, "longitude": 5.0828945, "bronId": "L026281"}}, {"type": "Feature", "geometry": {"type": "Point", "coordinates": [5.1060723, 51.5519855]}, "properties": {"type": "inleverpunt", "locatieNaam": "Kruidvat", "straatNaam": "AaBestraat", "straatNr": "2", "postcode": "5021 AV", "plaats": "Tilburg", "merk": "Stibat", "puntType": "inzamelbak", "materialen": ["batterijen"], "uitbetaling": [], "vrijToegankelijk": false, "gemeenteBeperking": null, "openingstijden": null, "latitude": 51.5519855, "longitude": 5.1060723, "bronId": "L035336"}}, {"type": "Feature", "geometry": {"type": "Point", "coordinates": [5.1059097, 51.5520059]}, "properties": {"type": "inleverpunt", "locatieNaam": "Zeeman", "straatNaam": "Aabestraat", "straatNr": "4", "postcode": "5021 AV", "plaats": "Tilburg", "merk": "Stibat", "puntType": "inzamelbak", "materialen": ["batterijen"], "uitbetaling": [], "vrijToegankelijk": false, "gemeenteBeperking": null, "openingstijden": null, "latitude": 51.5520059, "longitude": 5.1059097, "bronId": "L038247"}}, {"type": "Feature", "geometry": {"type": "Point", "coordinates": [5.1059097, 51.5520059]}, "properties": {"type": "inleverpunt", "locatieNaam": "Lidl", "straatNaam": "Aabe-straat", "straatNr": "1", "postcode": "5021 AV", "plaats": "Tilburg", "merk": "Stibat", "puntType": "inzamelbak", "materialen": ["batterijen"], "uitbetaling": [], "vrijToegankelijk": false, "gemeenteBeperking": null, "openingstijden": null, "latitude": 51.5520059, "longitude": 5.1059097, "bronId": "L036162"}}, {"type": "Feature", "geometry": {"type": "Point", "coordinates": [5.0827517, 51.5552889]}, "properties": {"type": "inleverpunt", "locatieNaam": "The Innovators computers", "straatNaam": "Heuvelstraat", "straatNr": "133a", "postcode": "5038 AD", "plaats": "Tilburg", "merk": "Stibat", "puntType": "inzamelbak", "materialen": ["batterijen"], "uitbetaling": [], "vrijToegankelijk": false, "gemeenteBeperking": null, "openingstijden": null, "latitude": 51.5552889, "longitude": 5.0827517, "bronId": "L019304"}}, {"type": "Feature", "geometry": {"type": "Point", "coordinates": [5.0842168, 51.5546592]}, "properties": {"type": "inleverpunt", "locatieNaam": "Schoonenberg Hoorcomfort", "straatNaam": "Schouwburgring", "straatNr": "43", "postcode": "5038 TK", "plaats": "Tilburg", "merk": "Stibat", "puntType": "inzamelbak", "materialen": ["batterijen"], "uitbetaling": [], "vrijToegankelijk": false, "gemeenteBeperking": null, "openingstijden": null, "latitude": 51.5546592, "longitude": 5.0842168, "bronId": "L021847"}}, {"type": "Feature", "geometry": {"type": "Point", "coordinates": [5.0871621, 51.5541315]}, "properties": {"type": "inleverpunt", "locatieNaam": "Leapp store", "straatNaam": "Koningsplein", "straatNr": "5", "postcode": "5038 WG", "plaats": "Tilburg", "merk": "Stibat", "puntType": "inzamelbak", "materialen": ["batterijen"], "uitbetaling": [], "vrijToegankelijk": false, "gemeenteBeperking": null, "openingstijden": null, "latitude": 51.5541315, "longitude": 5.0871621, "bronId": "L039751"}}, {"type": "Feature", "geometry": {"type": "Point", "coordinates": [5.0833633, 51.5546876]}, "properties": {"type": "inleverpunt", "locatieNaam": "Zeeman", "straatNaam": "Schouwburgring", "straatNr": "145", "postcode": "5038 TW", "plaats": "Tilburg", "merk": "Stibat", "puntType": "inzamelbak", "materialen": ["batterijen"], "uitbetaling": [], "vrijToegankelijk": false, "gemeenteBeperking": null, "openingstijden": null, "latitude": 51.5546876, "longitude": 5.0833633, "bronId": "L026124"}}, {"type": "Feature", "geometry": {"type": "Point", "coordinates": [5.104313, 51.5515733]}, "properties": {"type": "inleverpunt", "locatieNaam": "Leen Bakker", "straatNaam": "AaBe straat", "straatNr": "27", "postcode": "5021 AV", "plaats": "Tilburg", "merk": "Stibat", "puntType": "inzamelbak", "materialen": ["batterijen"], "uitbetaling": [], "vrijToegankelijk": false, "gemeenteBeperking": null, "openingstijden": null, "latitude": 51.5515733, "longitude": 5.104313, "bronId": "L017334"}}, {"type": "Feature", "geometry": {"type": "Point", "coordinates": [5.0802068, 51.5546251]}, "properties": {"type": "inleverpunt", "locatieNaam": "Kruidvat", "straatNaam": "Zomerstraat", "straatNr": "49 B", "postcode": "5038 TR", "plaats": "Tilburg", "merk": "Stibat", "puntType": "inzamelbak", "materialen": ["batterijen"], "uitbetaling": [], "vrijToegankelijk": false, "gemeenteBeperking": null, "openingstijden": null, "latitude": 51.5546251, "longitude": 5.0802068, "bronId": "L014131"}}, {"type": "Feature", "geometry": {"type": "Point", "coordinates": [5.0755231, 51.5552843]}, "properties": {"type": "inleverpunt", "locatieNaam": "Expert", "straatNaam": "Bredaseweg", "straatNr": "110", "postcode": "5038 NJ", "plaats": "Tilburg", "merk": "Stibat", "puntType": "inzamelbak", "materialen": ["batterijen"], "uitbetaling": [], "vrijToegankelijk": false, "gemeenteBeperking": null, "openingstijden": null, "latitude": 51.5552843, "longitude": 5.0755231, "bronId": "L010629"}}, {"type": "Feature", "geometry": {"type": "Point", "coordinates": [5.106247, 51.5506248]}, "properties": {"type": "inleverpunt", "locatieNaam": "Praxis 2039", "straatNaam": "Ringbaan Zuid", "straatNr": "7", "postcode": "5021 AA", "plaats": "Tilburg", "merk": "Stibat", "puntType": "inzamelbak", "materialen": ["batterijen"], "uitbetaling": [], "vrijToegankelijk": false, "gemeenteBeperking": null, "openingstijden": null, "latitude": 51.5506248, "longitude": 5.106247, "bronId": "L016345"}}, {"type": "Feature", "geometry": {"type": "Point", "coordinates": [5.0790851, 51.5541161]}, "properties": {"type": "inleverpunt", "locatieNaam": "Enorm", "straatNaam": "Lieve Vrouweplein", "straatNr": "8", "postcode": "5038 TS", "plaats": "Tilburg", "merk": "Stibat", "puntType": "inzamelbak", "materialen": ["batterijen"], "uitbetaling": [], "vrijToegankelijk": false, "gemeenteBeperking": null, "openingstijden": null, "latitude": 51.5541161, "longitude": 5.0790851, "bronId": "L016565"}}, {"type": "Feature", "geometry": {"type": "Point", "coordinates": [5.0790851, 51.5541161]}, "properties": {"type": "inleverpunt", "locatieNaam": "Jumbo", "straatNaam": "Lieve Vrouweplein", "straatNr": "11-12", "postcode": "5038 TS", "plaats": "Tilburg", "merk": "Stibat", "puntType": "inzamelbak", "materialen": ["batterijen"], "uitbetaling": [], "vrijToegankelijk": false, "gemeenteBeperking": null, "openingstijden": null, "latitude": 51.5541161, "longitude": 5.0790851, "bronId": "L031471"}}, {"type": "Feature", "geometry": {"type": "Point", "coordinates": [5.1043309, 51.5498503]}, "properties": {"type": "inleverpunt", "locatieNaam": "Sligro", "straatNaam": "Ringbaan Zuid", "straatNr": "13", "postcode": "5021 AA", "plaats": "Tilburg", "merk": "Stibat", "puntType": "inzamelbak", "materialen": ["batterijen"], "uitbetaling": [], "vrijToegankelijk": false, "gemeenteBeperking": null, "openingstijden": null, "latitude": 51.5498503, "longitude": 5.1043309, "bronId": "L025678"}}, {"type": "Feature", "geometry": {"type": "Point", "coordinates": [5.0889262, 51.5508676]}, "properties": {"type": "inleverpunt", "locatieNaam": "GSMsjop", "straatNaam": "Piusstraat", "straatNr": "106", "postcode": "5021 JC", "plaats": "Tilburg", "merk": "Stibat", "puntType": "inzamelbak", "materialen": ["batterijen"], "uitbetaling": [], "vrijToegankelijk": false, "gemeenteBeperking": null, "openingstijden": null, "latitude": 51.5508676, "longitude": 5.0889262, "bronId": "L035312"}}, {"type": "Feature", "geometry": {"type": "Point", "coordinates": [5.0422185, 51.5578014]}, "properties": {"type": "inleverpunt", "locatieNaam": "Shell", "straatNaam": "Baroniebaan", "straatNr": "2", "postcode": "5037 LZ", "plaats": "Tilburg", "merk": "Stibat", "puntType": "inzamelbak", "materialen": ["batterijen"], "uitbetaling": [], "vrijToegankelijk": false, "gemeenteBeperking": null, "openingstijden": null, "latitude": 51.5578014, "longitude": 5.0422185, "bronId": "L047357"}}, {"type": "Feature", "geometry": {"type": "Point", "coordinates": [5.075999, 51.5515805]}, "properties": {"type": "inleverpunt", "locatieNaam": "Electrospeciaalzaak Piet Kennis", "straatNaam": "Korvelseweg", "straatNr": "107", "postcode": "5025 JB", "plaats": "Tilburg", "merk": "Stibat", "puntType": "inzamelbak", "materialen": ["batterijen"], "uitbetaling": [], "vrijToegankelijk": false, "gemeenteBeperking": null, "openingstijden": null, "latitude": 51.5515805, "longitude": 5.075999, "bronId": "L027275"}}, {"type": "Feature", "geometry": {"type": "Point", "coordinates": [5.0750846, 51.5514207]}, "properties": {"type": "inleverpunt", "locatieNaam": "1415 Action", "straatNaam": "Korvelseweg", "straatNr": "127-131", "postcode": "5025 JC", "plaats": "Tilburg", "merk": "Stibat", "puntType": "inzamelbak", "materialen": ["batterijen"], "uitbetaling": [], "vrijToegankelijk": false, "gemeenteBeperking": null, "openingstijden": null, "latitude": 51.5514207, "longitude": 5.0750846, "bronId": "L042831"}}, {"type": "Feature", "geometry": {"type": "Point", "coordinates": [5.0748718, 51.5511166]}, "properties": {"type": "inleverpunt", "locatieNaam": "Trekpleister", "straatNaam": "Korvelseweg", "straatNr": "116A", "postcode": "5025 JK", "plaats": "Tilburg", "merk": "Stibat", "puntType": "inzamelbak", "materialen": ["batterijen"], "uitbetaling": [], "vrijToegankelijk": false, "gemeenteBeperking": null, "openingstijden": null, "latitude": 51.5511166, "longitude": 5.0748718, "bronId": "L017749"}}, {"type": "Feature", "geometry": {"type": "Point", "coordinates": [5.092522, 51.5472381]}, "properties": {"type": "inleverpunt", "locatieNaam": "Jumbo", "straatNaam": "Broekhovenseweg", "straatNr": "74", "postcode": "5021 LG", "plaats": "Tilburg", "merk": "Stibat", "puntType": "inzamelbak", "materialen": ["batterijen"], "uitbetaling": [], "vrijToegankelijk": false, "gemeenteBeperking": null, "openingstijden": null, "latitude": 51.5472381, "longitude": 5.092522, "bronId": "L009088"}}, {"type": "Feature", "geometry": {"type": "Point", "coordinates": [5.0696457, 51.5501582]}, "properties": {"type": "inleverpunt", "locatieNaam": "CombiFoto", "straatNaam": "Korvelseweg", "straatNr": "255", "postcode": "5025 JG", "plaats": "Tilburg", "merk": "Stibat", "puntType": "inzamelbak", "materialen": ["batterijen"], "uitbetaling": [], "vrijToegankelijk": false, "gemeenteBeperking": null, "openingstijden": null, "latitude": 51.5501582, "longitude": 5.0696457, "bronId": "L018817"}}, {"type": "Feature", "geometry": {"type": "Point", "coordinates": [5.0850608, 51.5467409]}, "properties": {"type": "inleverpunt", "locatieNaam": "Aldi", "straatNaam": "Transvaalplein", "straatNr": "45", "postcode": "5021 TD", "plaats": "Tilburg", "merk": "Stibat", "puntType": "inzamelbak", "materialen": ["batterijen"], "uitbetaling": [], "vrijToegankelijk": false, "gemeenteBeperking": null, "openingstijden": null, "latitude": 51.5467409, "longitude": 5.0850608, "bronId": "L041311"}}, {"type": "Feature", "geometry": {"type": "Point", "coordinates": [5.0781252, 51.5472523]}, "properties": {"type": "inleverpunt", "locatieNaam": "De Haan", "straatNaam": "Oerlesestraat", "straatNr": "107", "postcode": "5021 TT", "plaats": "Tilburg", "merk": "Stibat", "puntType": "inzamelbak", "materialen": ["batterijen"], "uitbetaling": [], "vrijToegankelijk": false, "gemeenteBeperking": null, "openingstijden": null, "latitude": 51.5472523, "longitude": 5.0781252, "bronId": "L044792"}}, {"type": "Feature", "geometry": {"type": "Point", "coordinates": [5.058075, 51.5504523]}, "properties": {"type": "inleverpunt", "locatieNaam": "Spar", "straatNaam": "Burgemeester van de Mortelplein", "straatNr": "41", "postcode": "5037 PJ", "plaats": "Tilburg", "merk": "Stibat", "puntType": "inzamelbak", "materialen": ["batterijen"], "uitbetaling": [], "vrijToegankelijk": false, "gemeenteBeperking": null, "openingstijden": null, "latitude": 51.5504523, "longitude": 5.058075, "bronId": "L038745"}}, {"type": "Feature", "geometry": {"type": "Point", "coordinates": [5.0674517, 51.5487897]}, "properties": {"type": "inleverpunt", "locatieNaam": "4178 Albert Heijn", "straatNaam": "Korvelplein", "straatNr": "191", "postcode": "5025 JX", "plaats": "Tilburg", "merk": "Stibat", "puntType": "inzamelbak", "materialen": ["batterijen"], "uitbetaling": [], "vrijToegankelijk": false, "gemeenteBeperking": null, "openingstijden": null, "latitude": 51.5487897, "longitude": 5.0674517, "bronId": "L005657"}}, {"type": "Feature", "geometry": {"type": "Point", "coordinates": [5.0853096, 51.5458149]}, "properties": {"type": "inleverpunt", "locatieNaam": "HUIGEVOORT", "straatNaam": "Groenstraat", "straatNr": "248-250", "postcode": "5021 LP", "plaats": "Tilburg", "merk": "Stibat", "puntType": "inzamelbak", "materialen": ["batterijen"], "uitbetaling": [], "vrijToegankelijk": false, "gemeenteBeperking": null, "openingstijden": null, "latitude": 51.5458149, "longitude": 5.0853096, "bronId": "L033462"}}, {"type": "Feature", "geometry": {"type": "Point", "coordinates": [5.0623578, 51.5490703]}, "properties": {"type": "inleverpunt", "locatieNaam": "Jan Stevens Audio Video", "straatNaam": "Berkdijksestraat", "straatNr": "98", "postcode": "5025 VH", "plaats": "Tilburg", "merk": "Stibat", "puntType": "inzamelbak", "materialen": ["batterijen"], "uitbetaling": [], "vrijToegankelijk": false, "gemeenteBeperking": null, "openingstijden": null, "latitude": 51.5490703, "longitude": 5.0623578, "bronId": "L012221"}}, {"type": "Feature", "geometry": {"type": "Point", "coordinates": [5.0663442, 51.5476524]}, "properties": {"type": "inleverpunt", "locatieNaam": "Kadoshop 't Laar", "straatNaam": "Laarstraat", "straatNr": "31", "postcode": "5025 VJ", "plaats": "Tilburg", "merk": "Stibat", "puntType": "inzamelbak", "materialen": ["batterijen"], "uitbetaling": [], "vrijToegankelijk": false, "gemeenteBeperking": null, "openingstijden": null, "latitude": 51.5476524, "longitude": 5.0663442, "bronId": "L026283"}}, {"type": "Feature", "geometry": {"type": "Point", "coordinates": [5.0948834, 51.5424685]}, "properties": {"type": "inleverpunt", "locatieNaam": "Peerkes Fietsen en meer", "straatNaam": "Ds. Kopsstraat", "straatNr": "6", "postcode": "5022 CH", "plaats": "Tilburg", "merk": "Stibat", "puntType": "inzamelbak", "materialen": ["batterijen"], "uitbetaling": [], "vrijToegankelijk": false, "gemeenteBeperking": null, "openingstijden": null, "latitude": 51.5424685, "longitude": 5.0948834, "bronId": "L049311"}}, {"type": "Feature", "geometry": {"type": "Point", "coordinates": [5.0886619, 51.5431219]}, "properties": {"type": "inleverpunt", "locatieNaam": "Texaco", "straatNaam": "Ringbaan Zuid", "straatNr": "350", "postcode": "5022 GA", "plaats": "Tilburg", "merk": "Stibat", "puntType": "inzamelbak", "materialen": ["batterijen"], "uitbetaling": [], "vrijToegankelijk": false, "gemeenteBeperking": null, "openingstijden": null, "latitude": 51.5431219, "longitude": 5.0886619, "bronId": "L021020"}}, {"type": "Feature", "geometry": {"type": "Point", "coordinates": [5.0570982, 51.5480481]}, "properties": {"type": "inleverpunt", "locatieNaam": "Texaco", "straatNaam": "Ringbaan West", "straatNr": "365", "postcode": "5037 PE", "plaats": "Tilburg", "merk": "Stibat", "puntType": "inzamelbak", "materialen": ["batterijen"], "uitbetaling": [], "vrijToegankelijk": false, "gemeenteBeperking": null, "openingstijden": null, "latitude": 51.5480481, "longitude": 5.0570982, "bronId": "L019917"}}, {"type": "Feature", "geometry": {"type": "Point", "coordinates": [5.0580781, 51.5478178]}, "properties": {"type": "inleverpunt", "locatieNaam": "Texaco", "straatNaam": "Ringbaan West", "straatNr": "360", "postcode": "5025 VB", "plaats": "Tilburg", "merk": "Stibat", "puntType": "inzamelbak", "materialen": ["batterijen"], "uitbetaling": [], "vrijToegankelijk": false, "gemeenteBeperking": null, "openingstijden": null, "latitude": 51.5478178, "longitude": 5.0580781, "bronId": "L021784"}}, {"type": "Feature", "geometry": {"type": "Point", "coordinates": [5.0864594, 51.5429723]}, "properties": {"type": "inleverpunt", "locatieNaam": "Gamma", "straatNaam": "Ringbaan Zuid", "straatNr": "370", "postcode": "5022 GA", "plaats": "Tilburg", "merk": "Stibat", "puntType": "inzamelbak", "materialen": ["batterijen"], "uitbetaling": [], "vrijToegankelijk": false, "gemeenteBeperking": null, "openingstijden": null, "latitude": 51.5429723, "longitude": 5.0864594, "bronId": "L010261"}}, {"type": "Feature", "geometry": {"type": "Point", "coordinates": [5.1035248, 51.5394321]}, "properties": {"type": "inleverpunt", "locatieNaam": "Beter Horen Elisabeth Ziekenhuis", "straatNaam": "Hilvarenbeekseweg", "straatNr": "60", "postcode": "5022 GC", "plaats": "Tilburg", "merk": "Stibat", "puntType": "inzamelbak", "materialen": ["batterijen"], "uitbetaling": [], "vrijToegankelijk": false, "gemeenteBeperking": null, "openingstijden": null, "latitude": 51.5394321, "longitude": 5.1035248, "bronId": "L018863"}}, {"type": "Feature", "geometry": {"type": "Point", "coordinates": [5.0925323, 51.5401201]}, "properties": {"type": "inleverpunt", "locatieNaam": "Jumbo", "straatNaam": "Pater van den Elsenplein", "straatNr": "35", "postcode": "5022 EG", "plaats": "Tilburg", "merk": "Stibat", "puntType": "inzamelbak", "materialen": ["batterijen"], "uitbetaling": [], "vrijToegankelijk": false, "gemeenteBeperking": null, "openingstijden": null, "latitude": 51.5401201, "longitude": 5.0925323, "bronId": "L016114"}}, {"type": "Feature", "geometry": {"type": "Point", "coordinates": [5.0664104, 51.5433966]}, "properties": {"type": "inleverpunt", "locatieNaam": "Destil", "straatNaam": "Goirlese Weg", "straatNr": "4", "postcode": "5026 PC", "plaats": "Tilburg", "merk": "Stibat", "puntType": "inzamelbak", "materialen": ["batterijen"], "uitbetaling": [], "vrijToegankelijk": false, "gemeenteBeperking": null, "openingstijden": null, "latitude": 51.5433966, "longitude": 5.0664104, "bronId": "L043567"}}, {"type": "Feature", "geometry": {"type": "Point", "coordinates": [5.0759892, 51.5404044]}, "properties": {"type": "inleverpunt", "locatieNaam": "Jumbo", "straatNaam": "Stappegoorweg", "straatNr": "175", "postcode": "5022 DD", "plaats": "Tilburg", "merk": "Stibat", "puntType": "inzamelbak", "materialen": ["batterijen"], "uitbetaling": [], "vrijToegankelijk": false, "gemeenteBeperking": null, "openingstijden": null, "latitude": 51.5404044, "longitude": 5.0759892, "bronId": "L040269"}}, {"type": "Feature", "geometry": {"type": "Point", "coordinates": [5.0468026, 51.544893]}, "properties": {"type": "inleverpunt", "locatieNaam": "Uw Eigen Drogist", "straatNaam": "Amer", "straatNr": "9", "postcode": "5032 AZ", "plaats": "Tilburg", "merk": "Stibat", "puntType": "inzamelbak", "materialen": ["batterijen"], "uitbetaling": [], "vrijToegankelijk": false, "gemeenteBeperking": null, "openingstijden": null, "latitude": 51.544893, "longitude": 5.0468026, "bronId": "L015997"}}, {"type": "Feature", "geometry": {"type": "Point", "coordinates": [5.0468713, 51.5448292]}, "properties": {"type": "inleverpunt", "locatieNaam": "Jumbo", "straatNaam": "Amer", "straatNr": "13", "postcode": "5032 AZ", "plaats": "Tilburg", "merk": "Stibat", "puntType": "inzamelbak", "materialen": ["batterijen"], "uitbetaling": [], "vrijToegankelijk": false, "gemeenteBeperking": null, "openingstijden": null, "latitude": 51.5448292, "longitude": 5.0468713, "bronId": "L032247"}}, {"type": "Feature", "geometry": {"type": "Point", "coordinates": [5.0467517, 51.5448115]}, "properties": {"type": "inleverpunt", "locatieNaam": "Primera", "straatNaam": "Amer", "straatNr": "7", "postcode": "5032 AZ", "plaats": "Tilburg", "merk": "Stibat", "puntType": "inzamelbak", "materialen": ["batterijen"], "uitbetaling": [], "vrijToegankelijk": false, "gemeenteBeperking": null, "openingstijden": null, "latitude": 51.5448115, "longitude": 5.0467517, "bronId": "L023158"}}, {"type": "Feature", "geometry": {"type": "Point", "coordinates": [5.0762775, 51.5393443]}, "properties": {"type": "inleverpunt", "locatieNaam": "Cube Store", "straatNaam": "Prof. Goossenslaan", "straatNr": "24", "postcode": "5022 DM", "plaats": "Tilburg", "merk": "Stibat", "puntType": "inzamelbak", "materialen": ["batterijen"], "uitbetaling": [], "vrijToegankelijk": false, "gemeenteBeperking": null, "openingstijden": null, "latitude": 51.5393443, "longitude": 5.0762775, "bronId": "L049712"}}, {"type": "Feature", "geometry": {"type": "Point", "coordinates": [5.0815735, 51.5382702]}, "properties": {"type": "inleverpunt", "locatieNaam": "Intratuin", "straatNaam": "Stappegoorweg", "straatNr": "229", "postcode": "5022 DE", "plaats": "Tilburg", "merk": "Stibat", "puntType": "inzamelbak", "materialen": ["batterijen"], "uitbetaling": [], "vrijToegankelijk": false, "gemeenteBeperking": null, "openingstijden": null, "latitude": 51.5382702, "longitude": 5.0815735, "bronId": "L022132"}}, {"type": "Feature", "geometry": {"type": "Polygon", "coordinates": [[[5.171371001475368, 51.592903003652765], [5.172151001476131, 51.59227500365236], [5.172274001476293, 51.59316600365296], [5.185528001490023, 51.60130200365819], [5.186884001491412, 51.601751003658435], [5.189136001493773, 51.60376300365977], [5.202329001507429, 51.61167000366486], [5.206168001511383, 51.61353700366607], [5.206611001511826, 51.613322003665886], [5.206975001512209, 51.6137730036662], [5.210711001516058, 51.61558800366738], [5.207876001513394, 51.62040500367053], [5.202768001508325, 51.622622003672035], [5.195884001501596, 51.62798000367562], [5.1937020014994975, 51.630560003677346], [5.192821001498749, 51.63391200367955], [5.193098001499042, 51.634228003679745], [5.192230001498173, 51.6344460036799], [5.191292001497328, 51.63688700368151], [5.1920130014981085, 51.63816000368234], [5.1918210014979715, 51.63947700368322], [5.186788001492927, 51.640393003683855], [5.184533001490653, 51.64049100368393], [5.18412800149026, 51.6408840036842], [5.179627001485673, 51.63988300368359], [5.178968001485082, 51.64166100368474], [5.177929001484031, 51.64162400368475], [5.178454001484481, 51.63969200368347], [5.172060001477989, 51.638897003683], [5.16626700147216, 51.639377003683386], [5.149728001455467, 51.63966300368367], [5.148656001454404, 51.64011900368402], [5.144853001450587, 51.64071800368441], [5.144938001450667, 51.64051200368427], [5.142450001448156, 51.640576003684366], [5.136860001442493, 51.64011700368411], [5.128400001433839, 51.63759800368253], [5.126881001432332, 51.638169003682904], [5.123408001428824, 51.63819600368295], [5.120292001425653, 51.6376250036826], [5.115797001421112, 51.63760000368262], [5.113918001419163, 51.636373003681804], [5.1126100014178215, 51.63595400368155], [5.112370001417591, 51.636175003681714], [5.111180001416353, 51.63536000368116], [5.1101900014154005, 51.636424003681896], [5.105830001410972, 51.63589000368157], [5.103709001408769, 51.63444400368064], [5.101545001406571, 51.634170003680474], [5.101370001406328, 51.63259900367945], [5.098135001402886, 51.6285280036768], [5.098119001402856, 51.628244003676606], [5.099849001404588, 51.62785200367632], [5.0996300014043285, 51.626975003675774], [5.100900001405437, 51.62296000367311], [5.101217001405651, 51.62040600367145], [5.1029590014072586, 51.616911003669124], [5.101323001405593, 51.61658000366896], [5.100566001404884, 51.61785500366979], [5.099203001403505, 51.61780500366976], [5.096003001400043, 51.612466003666256], [5.09374500139771, 51.611249003665506], [5.079439001383235, 51.610784003665266], [5.080182001383933, 51.60954200366446], [5.075469001379143, 51.60895000366409], [5.07554000137908, 51.60576800366201], [5.074025001377545, 51.60568100366197], [5.074059001377743, 51.6094830036645], [5.072057001375669, 51.608311003663694], [5.071007001374604, 51.60822700366365], [5.070591001374274, 51.61029100366505], [5.061771001365323, 51.609346003664434], [5.060387001363985, 51.610740003665406], [5.057174001360745, 51.61092900366552], [5.051822001355334, 51.61082600366551], [5.051841001355341, 51.61059600366534], [5.048182001351638, 51.61042700366528], [5.045011001348464, 51.61109700366573], [5.043913001347241, 51.608500003664034], [5.044111001347391, 51.607318003663245], [5.042927001346138, 51.60603900366238], [5.004492001307383, 51.60788700366385], [5.004215001307067, 51.60709300366327], [5.0037370013065905, 51.6072090036634], [5.003947001306816, 51.6075570036636], [5.0034150013062835, 51.607610003663694], [4.990542001293293, 51.608009003664], [4.986315001289018, 51.60790900366395], [4.983514001286164, 51.60736400366356], [4.982360001285054, 51.60866600366444], [4.977332001279995, 51.6091350036648], [4.964713001267424, 51.61313400366748], [4.9626030012652915, 51.613102003667436], [4.959440001262122, 51.61373000366785], [4.957862001260529, 51.61375900366787], [4.954462001257137, 51.61468600366854], [4.95293100125559, 51.61472300366855], [4.952799001255436, 51.61428600366825], [4.951466001254061, 51.61361300366783], [4.949852001252357, 51.61197300366678], [4.947846001250293, 51.61117000366623], [4.94880800125123, 51.61037700366572], [4.961165001263528, 51.60617700366292], [4.967844001270129, 51.60285900366066], [4.968737001270997, 51.60205700366019], [4.96777400126983, 51.59768500365726], [4.97286000127495, 51.59730600365703], [4.973408001275267, 51.591982003653484], [4.972353001273899, 51.585210003649024], [4.970275001271446, 51.57722400364375], [4.969238001270402, 51.57737500364387], [4.966779001267755, 51.573663003641464], [4.968051001269018, 51.573173003641124], [4.9674780012684, 51.57233000364056], [4.9689900012698835, 51.57130500363989], [4.967832001268598, 51.56872200363819], [4.966568001267282, 51.567828003637565], [4.9669080012676, 51.56724100363722], [4.965586001266261, 51.567182003637186], [4.9641830012647565, 51.565243003635906], [4.954298001254627, 51.562248003633954], [4.951668001251906, 51.56088400363302], [4.9511450012513825, 51.56091800363308], [4.951307001251372, 51.5570380036305], [4.952861001252804, 51.553889003628434], [4.9527380012526, 51.552112003627265], [4.953104001252967, 51.55208300362723], [4.9529910012528315, 51.55156600362689], [4.953611001253456, 51.55151200362683], [4.953424001253221, 51.550532003626195], [4.958295001258144, 51.550465003626165], [4.966860001266765, 51.5495390036255], [4.970310001270214, 51.548680003624916], [4.975835001275702, 51.54640300362336], [4.979565001279375, 51.5442020036219], [4.978090001277828, 51.54299000362105], [4.976666001276364, 51.54241900362073], [4.975460001275044, 51.54013300361919], [4.987629001287345, 51.54002300361907], [4.993407001293118, 51.53841100361795], [5.000088001299849, 51.53790900361761], [5.001568001301332, 51.53748800361735], [5.003663001303455, 51.53759700361739], [5.005838001305677, 51.53811100361774], [5.02059600132064, 51.53896000361821], [5.02099300132101, 51.53819800361773], [5.022380001322424, 51.538502003617886], [5.027384001327286, 51.53399300361488], [5.0274670013273255, 51.5329900036142], [5.030522001330266, 51.52950200361188], [5.032427001332223, 51.530235003612326], [5.04149600134143, 51.5310060036128], [5.044038001343996, 51.530899003612724], [5.052275001352277, 51.52976400361192], [5.052772001352895, 51.53241600361365], [5.051703001351929, 51.53509100361547], [5.0559530013562775, 51.53623800361621], [5.060323001360767, 51.537869003617246], [5.062664001363134, 51.53786800361723], [5.063664001364131, 51.53751600361696], [5.092044001392723, 51.534954003615084], [5.096475001397205, 51.534967003615044], [5.100193001400987, 51.53545800361538], [5.10507600140598, 51.53674400361619], [5.110181001411262, 51.53957700361803], [5.11252100141365, 51.540023003618316], [5.113708001414896, 51.54116000361906], [5.113051001414269, 51.54204900361965], [5.117907001419334, 51.545694003621975], [5.118799001420246, 51.54591900362216], [5.127061001428026, 51.53235400361309], [5.130196001431109, 51.53029800361171], [5.135452001436565, 51.53358000361388], [5.133598001434748, 51.53495000361477], [5.1418810014434255, 51.54209200361943], [5.138695001440367, 51.54595600362203], [5.147162001448953, 51.54655100362239], [5.147836001449659, 51.54711800362273], [5.141162001443012, 51.54953100362441], [5.139120001440996, 51.550696003625184], [5.137567001439484, 51.552077003626096], [5.137215001439162, 51.552862003626615], [5.137955001440198, 51.559737003631156], [5.138067001440321, 51.559976003631334], [5.138941001441209, 51.560007003631384], [5.138169001440446, 51.5604130036316], [5.138359001440658, 51.560883003631915], [5.1391960014415154, 51.56123600363215], [5.138484001440799, 51.56130100363222], [5.138181001440525, 51.56203400363267], [5.1373550014397145, 51.56258100363306], [5.137518001439891, 51.562833003633244], [5.141023001443632, 51.56758200363636], [5.141507001444135, 51.56796300363658], [5.143099001445756, 51.5681420036367], [5.141359001444004, 51.56830300363679], [5.145532001448482, 51.57452000364088], [5.146876001449881, 51.57546800364152], [5.148783001451805, 51.57535900364142], [5.147487001450502, 51.57556900364159], [5.147214001450266, 51.57646200364219], [5.14783700145093, 51.57730100364271], [5.1488270014519495, 51.57773900364299], [5.148787001451928, 51.57823900364333], [5.14993600145314, 51.57939700364409], [5.171371001475368, 51.592903003652765]]]}, "properties": {"type": "boundary", "gemeente": "Tilburg"}}]}