{"type": "FeatureCollection", "metadata": {"gemeente": "Westland", "slug": "westland", "generated_at": "2026-07-28T10:02:02.095237Z", "total_points": 196, "merken": ["StatiegeldNederland", "Stibat", "StichtingOPEN"], "bounds": [4.1383372, 51.9505901, 4.3006977, 52.034173]}, "features": [{"type": "Feature", "geometry": {"type": "Point", "coordinates": [4.229707, 52.008424]}, "properties": {"type": "inleverpunt", "locatieNaam": "Albert Heijn", "straatNaam": "Dijkstraat", "straatNr": "102", "postcode": "2675 AW", "plaats": "Honselersdijk", "merk": "StatiegeldNederland", "puntType": "automaat", "materialen": ["pet-groot", "pet-klein", "blik", "glas", "krat"], "uitbetaling": ["bonnetje", "donatie"], "vrijToegankelijk": true, "gemeenteBeperking": null, "openingstijden": {"ma": "07:00–22:00", "di": "07:00–22:00", "wo": "07:00–22:00", "do": "07:00–22:00", "vr": "07:00–22:00", "za": "07:00–21:00", "zo": "09:00–21:00"}, "latitude": 52.008424, "longitude": 4.229707, "bronId": "252160"}}, {"type": "Feature", "geometry": {"type": "Point", "coordinates": [4.2508617, 51.9747412]}, "properties": {"type": "inleverpunt", "locatieNaam": "Albert Heijn", "straatNaam": "Hoofdstraat", "straatNr": "76A", "postcode": "2678 CL", "plaats": "De Lier", "merk": "StatiegeldNederland", "puntType": "automaat", "materialen": ["pet-groot", "pet-klein", "blik", "glas", "krat"], "uitbetaling": ["bonnetje", "donatie"], "vrijToegankelijk": true, "gemeenteBeperking": null, "openingstijden": {"ma": "08:00–21:00", "di": "08:00–21:00", "wo": "08:00–21:00", "do": "08:00–21:00", "vr": "08:00–21:00", "za": "08:00–21:00", "zo": "09:00–20:00"}, "latitude": 51.9747412, "longitude": 4.2508617, "bronId": "252327"}}, {"type": "Feature", "geometry": {"type": "Point", "coordinates": [4.1641667, 52.0002778]}, "properties": {"type": "inleverpunt", "locatieNaam": "Albert Heijn", "straatNaam": "Oudelandstraat", "straatNr": "16", "postcode": "2691 CE", "plaats": "‘s-Gravenzande", "merk": "StatiegeldNederland", "puntType": "automaat", "materialen": ["pet-groot", "pet-klein", "blik", "glas", "krat"], "uitbetaling": ["bonnetje", "donatie"], "vrijToegankelijk": true, "gemeenteBeperking": null, "openingstijden": {"ma": "08:00–22:00", "di": "08:00–22:00", "wo": "08:00–22:00", "do": "08:00–22:00", "vr": "08:00–22:00", "za": "08:00–21:00", "zo": "09:00–21:00"}, "latitude": 52.0002778, "longitude": 4.1641667, "bronId": "252601"}}, {"type": "Feature", "geometry": {"type": "Point", "coordinates": [4.276093, 52.024669]}, "properties": {"type": "inleverpunt", "locatieNaam": "Albert Heijn", "straatNaam": "Struyck Van Bergenstraat", "straatNr": "2", "postcode": "2291 RW", "plaats": "Wateringen", "merk": "StatiegeldNederland", "puntType": "automaat", "materialen": ["pet-groot", "pet-klein", "blik", "glas", "krat"], "uitbetaling": ["bonnetje", "donatie"], "vrijToegankelijk": true, "gemeenteBeperking": null, "openingstijden": {"ma": "08:00–22:00", "di": "08:00–22:00", "wo": "08:00–22:00", "do": "08:00–22:00", "vr": "08:00–22:00", "za": "08:00–22:00", "zo": "09:00–21:00"}, "latitude": 52.024669, "longitude": 4.276093, "bronId": "252786"}}, {"type": "Feature", "geometry": {"type": "Point", "coordinates": [4.2105043, 51.9932826]}, "properties": {"type": "inleverpunt", "locatieNaam": "Albert Heijn", "straatNaam": "Verdilaan", "straatNr": "4", "postcode": "2671 VX", "plaats": "Naaldwijk", "merk": "StatiegeldNederland", "puntType": "automaat", "materialen": ["pet-groot", "pet-klein", "blik", "glas", "krat"], "uitbetaling": ["bonnetje", "donatie"], "vrijToegankelijk": true, "gemeenteBeperking": null, "openingstijden": {"ma": "07:00–22:00", "di": "07:00–22:00", "wo": "07:00–22:00", "do": "07:00–22:00", "vr": "07:00–22:00", "za": "07:00–22:00", "zo": "07:00–22:00"}, "latitude": 51.9932826, "longitude": 4.2105043, "bronId": "252859"}}, {"type": "Feature", "geometry": {"type": "Point", "coordinates": [4.2804473, 52.0138915]}, "properties": {"type": "inleverpunt", "locatieNaam": "Albert Heijn To Go", "straatNaam": "WIPPOLDERLAAN", "straatNr": "1", "postcode": "2291 HG", "plaats": "Wateringen", "merk": "StatiegeldNederland", "puntType": "balie", "materialen": ["pet-groot", "pet-klein", "blik"], "uitbetaling": [], "vrijToegankelijk": true, "gemeenteBeperking": null, "openingstijden": {"ma": "05:00–00:00", "di": "05:00–00:00", "wo": "05:00–00:00", "do": "05:00–00:00", "vr": "05:00–00:00", "za": "07:00–00:00", "zo": "08:00–00:00"}, "latitude": 52.0138915, "longitude": 4.2804473, "bronId": "252990"}}, {"type": "Feature", "geometry": {"type": "Point", "coordinates": [4.2744649, 51.9834976]}, "properties": {"type": "inleverpunt", "locatieNaam": "Appel 2645 - Syngenta Lier", "straatNaam": "Noordierweg", "straatNr": "14", "postcode": "2678 LV", "plaats": "De Lier", "merk": "StatiegeldNederland", "puntType": "balie", "materialen": ["pet-groot", "pet-klein", "blik"], "uitbetaling": [], "vrijToegankelijk": true, "gemeenteBeperking": null, "openingstijden": {"ma": "07:30–17:00", "di": "07:30–17:00", "wo": "07:30–17:00", "do": "07:30–17:00", "vr": "07:30–17:00", "za": "Gesloten", "zo": "Gesloten"}, "latitude": 51.9834976, "longitude": 4.2744649, "bronId": "253614"}}, {"type": "Feature", "geometry": {"type": "Point", "coordinates": [4.1877497, 51.9884861]}, "properties": {"type": "inleverpunt", "locatieNaam": "De Carlton Tuincentrum", "straatNaam": "Naaldwijkseweg", "straatNr": "257", "postcode": "2691 PV", "plaats": "Naaldwijk", "merk": "StatiegeldNederland", "puntType": "automaat", "materialen": ["pet-groot", "pet-klein", "blik", "krat"], "uitbetaling": ["donatie", "tikkie"], "vrijToegankelijk": true, "gemeenteBeperking": null, "openingstijden": {"ma": "09:30–17:30", "di": "09:30–17:30", "wo": "09:30–17:30", "do": "09:30–17:30", "vr": "09:30–17:30", "za": "09:00–17:00", "zo": "12:00–17:00"}, "latitude": 51.9884861, "longitude": 4.1877497, "bronId": "254273"}}, {"type": "Feature", "geometry": {"type": "Point", "coordinates": [4.2047002, 51.9931153]}, "properties": {"type": "inleverpunt", "locatieNaam": "Dirk", "straatNaam": "De Tuinen", "straatNr": "66", "postcode": "2671 NX", "plaats": "Naaldwijk", "merk": "StatiegeldNederland", "puntType": "automaat", "materialen": ["pet-groot", "pet-klein", "blik", "glas", "krat"], "uitbetaling": ["bonnetje", "donatie"], "vrijToegankelijk": true, "gemeenteBeperking": null, "openingstijden": {"ma": "08:00–21:00", "di": "08:00–21:00", "wo": "08:00–21:00", "do": "08:00–21:00", "vr": "08:00–21:00", "za": "08:00–21:00", "zo": "09:00–19:00"}, "latitude": 51.9931153, "longitude": 4.2047002, "bronId": "254460"}}, {"type": "Feature", "geometry": {"type": "Point", "coordinates": [4.171926, 52.0235828]}, "properties": {"type": "inleverpunt", "locatieNaam": "Hoogvliet", "straatNaam": "Molenstraat", "straatNr": "46", "postcode": "2681 BS", "plaats": "Monster", "merk": "StatiegeldNederland", "puntType": "automaat", "materialen": ["pet-groot", "pet-klein", "blik", "glas", "krat"], "uitbetaling": ["bonnetje", "donatie"], "vrijToegankelijk": true, "gemeenteBeperking": null, "openingstijden": {"ma": "08:00–21:00", "di": "08:00–21:00", "wo": "08:00–21:00", "do": "08:00–21:00", "vr": "08:00–21:00", "za": "08:00–21:00", "zo": "09:00–20:00"}, "latitude": 52.0235828, "longitude": 4.171926, "bronId": "255074"}}, {"type": "Feature", "geometry": {"type": "Point", "coordinates": [4.1593807, 52.0020583]}, "properties": {"type": "inleverpunt", "locatieNaam": "Hoogvliet", "straatNaam": "Van Geeststraat", "straatNr": "31", "postcode": "2692 AC", "plaats": "‘s-Gravenzande", "merk": "StatiegeldNederland", "puntType": "automaat", "materialen": ["pet-groot", "pet-klein", "blik", "glas", "krat"], "uitbetaling": ["bonnetje", "donatie"], "vrijToegankelijk": true, "gemeenteBeperking": null, "openingstijden": {"ma": "08:00–21:00", "di": "08:00–21:00", "wo": "08:00–21:00", "do": "08:00–21:00", "vr": "08:00–21:00", "za": "08:00–21:00", "zo": "09:00–20:00"}, "latitude": 52.0020583, "longitude": 4.1593807, "bronId": "255104"}}, {"type": "Feature", "geometry": {"type": "Point", "coordinates": [4.254604, 52.014433]}, "properties": {"type": "inleverpunt", "locatieNaam": "Jumbo", "straatNaam": "De Raaphorst", "straatNr": "4", "postcode": "2295 NZ", "plaats": "Kwintsheul", "merk": "StatiegeldNederland", "puntType": "automaat", "materialen": ["pet-groot", "pet-klein", "blik", "glas", "krat"], "uitbetaling": ["bonnetje"], "vrijToegankelijk": true, "gemeenteBeperking": null, "openingstijden": {"ma": "07:00–21:00", "di": "07:00–21:00", "wo": "07:00–21:00", "do": "07:00–21:00", "vr": "07:00–21:00", "za": "07:00–21:00", "zo": "09:00–21:00"}, "latitude": 52.014433, "longitude": 4.254604, "bronId": "255300"}}, {"type": "Feature", "geometry": {"type": "Point", "coordinates": [4.163299, 52.002103]}, "properties": {"type": "inleverpunt", "locatieNaam": "Jumbo", "straatNaam": "Graaf Willem II straat", "straatNr": "10", "postcode": "2691 CA", "plaats": "s-Gravenzande", "merk": "StatiegeldNederland", "puntType": "automaat", "materialen": ["pet-groot", "pet-klein", "blik", "glas", "krat"], "uitbetaling": ["bonnetje", "donatie"], "vrijToegankelijk": true, "gemeenteBeperking": null, "openingstijden": {"ma": "08:00–21:00", "di": "08:00–21:00", "wo": "08:00–21:00", "do": "08:00–21:00", "vr": "08:00–21:00", "za": "08:00–21:00", "zo": "09:00–19:00"}, "latitude": 52.002103, "longitude": 4.163299, "bronId": "255386"}}, {"type": "Feature", "geometry": {"type": "Point", "coordinates": [4.17288, 52.02235]}, "properties": {"type": "inleverpunt", "locatieNaam": "Jumbo", "straatNaam": "Molenbrink", "straatNr": "68", "postcode": "2681 EZ", "plaats": "Monster", "merk": "StatiegeldNederland", "puntType": "automaat", "materialen": ["pet-groot", "pet-klein", "blik", "glas", "krat"], "uitbetaling": ["bonnetje"], "vrijToegankelijk": true, "gemeenteBeperking": null, "openingstijden": {"ma": "07:00–21:00", "di": "07:00–21:00", "wo": "07:00–21:00", "do": "07:00–21:00", "vr": "07:00–21:00", "za": "07:00–21:00", "zo": "09:00–21:00"}, "latitude": 52.02235, "longitude": 4.17288, "bronId": "255594"}}, {"type": "Feature", "geometry": {"type": "Point", "coordinates": [4.249613, 51.97373]}, "properties": {"type": "inleverpunt", "locatieNaam": "Jumbo", "straatNaam": "Oranjeplein", "straatNr": "40", "postcode": "2678 GP", "plaats": "De Lier", "merk": "StatiegeldNederland", "puntType": "automaat", "materialen": ["pet-groot", "pet-klein", "blik", "glas", "krat"], "uitbetaling": ["bonnetje", "donatie"], "vrijToegankelijk": true, "gemeenteBeperking": null, "openingstijden": {"ma": "08:00–21:00", "di": "08:00–21:00", "wo": "08:00–21:00", "do": "08:00–21:00", "vr": "08:00–21:00", "za": "08:00–21:00", "zo": "09:00–20:00"}, "latitude": 51.97373, "longitude": 4.249613, "bronId": "255642"}}, {"type": "Feature", "geometry": {"type": "Point", "coordinates": [4.2046801, 51.9925164]}, "properties": {"type": "inleverpunt", "locatieNaam": "Jumbo", "straatNaam": "Patijnenburg", "straatNr": "43", "postcode": "2671 JD", "plaats": "Naaldwijk", "merk": "StatiegeldNederland", "puntType": "automaat", "materialen": ["pet-groot", "pet-klein", "blik", "glas", "krat"], "uitbetaling": ["bonnetje"], "vrijToegankelijk": true, "gemeenteBeperking": null, "openingstijden": {"ma": "07:00–22:00", "di": "07:00–22:00", "wo": "07:00–22:00", "do": "07:00–22:00", "vr": "07:00–22:00", "za": "07:00–22:00", "zo": "07:00–22:00"}, "latitude": 51.9925164, "longitude": 4.2046801, "bronId": "255666"}}, {"type": "Feature", "geometry": {"type": "Point", "coordinates": [4.218062, 52.021798]}, "properties": {"type": "inleverpunt", "locatieNaam": "Jumbo", "straatNaam": "Rijsenburgerweg", "straatNr": "28", "postcode": "2685 EB", "plaats": "Poeldijk", "merk": "StatiegeldNederland", "puntType": "automaat", "materialen": ["pet-groot", "pet-klein", "blik", "glas", "krat"], "uitbetaling": ["bonnetje"], "vrijToegankelijk": true, "gemeenteBeperking": null, "openingstijden": {"ma": "07:00–21:00", "di": "07:00–21:00", "wo": "07:00–21:00", "do": "07:00–21:00", "vr": "07:00–21:00", "za": "07:00–21:00", "zo": "09:00–21:00"}, "latitude": 52.021798, "longitude": 4.218062, "bronId": "255715"}}, {"type": "Feature", "geometry": {"type": "Point", "coordinates": [4.274751, 52.02525]}, "properties": {"type": "inleverpunt", "locatieNaam": "Jumbo", "straatNaam": "Vliethof", "straatNr": "6", "postcode": "2291 RX", "plaats": "Wateringen", "merk": "StatiegeldNederland", "puntType": "automaat", "materialen": ["pet-groot", "pet-klein", "blik", "glas", "krat"], "uitbetaling": ["bonnetje", "donatie"], "vrijToegankelijk": true, "gemeenteBeperking": null, "openingstijden": {"ma": "07:00–21:00", "di": "07:00–21:00", "wo": "07:00–21:00", "do": "07:00–21:00", "vr": "07:00–21:00", "za": "07:00–21:00", "zo": "09:00–21:00"}, "latitude": 52.02525, "longitude": 4.274751, "bronId": "255827"}}, {"type": "Feature", "geometry": {"type": "Point", "coordinates": [4.2016002, 51.9874312]}, "properties": {"type": "inleverpunt", "locatieNaam": "Lentiz Dalton College", "straatNaam": "Professor Holwerdalaan", "straatNr": "62", "postcode": "2672 LD", "plaats": "Naaldwijk", "merk": "StatiegeldNederland", "puntType": "automaat", "materialen": ["pet-klein", "blik"], "uitbetaling": ["donatie", "tikkie"], "vrijToegankelijk": false, "gemeenteBeperking": null, "openingstijden": {"ma": "10:00–17:00", "di": "10:00–17:00", "wo": "10:00–17:00", "do": "10:00–17:00", "vr": "10:00–17:00", "za": "10:00–17:00", "zo": "10:00–17:00"}, "latitude": 51.9874312, "longitude": 4.2016002, "bronId": "256037"}}, {"type": "Feature", "geometry": {"type": "Point", "coordinates": [4.2655174, 51.9780666]}, "properties": {"type": "inleverpunt", "locatieNaam": "Lidl", "straatNaam": "De Lierweg", "straatNr": "107", "postcode": "2678 CV", "plaats": "De Lier", "merk": "StatiegeldNederland", "puntType": "automaat", "materialen": ["pet-groot", "pet-klein", "blik", "glas", "krat"], "uitbetaling": ["bonnetje", "donatie"], "vrijToegankelijk": true, "gemeenteBeperking": null, "openingstijden": {"ma": "08:00–21:00", "di": "08:00–21:00", "wo": "08:00–21:00", "do": "08:00–21:00", "vr": "08:00–21:00", "za": "08:00–20:00", "zo": "09:00–20:00"}, "latitude": 51.9780666, "longitude": 4.2655174, "bronId": "256114"}}, {"type": "Feature", "geometry": {"type": "Point", "coordinates": [4.1628597, 52.001925]}, "properties": {"type": "inleverpunt", "locatieNaam": "Lidl", "straatNaam": "Graaf Willem II Straat", "straatNr": "30", "postcode": "2691 MW", "plaats": "s-Gravenzande", "merk": "StatiegeldNederland", "puntType": "automaat", "materialen": ["pet-groot", "pet-klein", "blik", "glas", "krat"], "uitbetaling": ["bonnetje", "donatie"], "vrijToegankelijk": true, "gemeenteBeperking": null, "openingstijden": null, "latitude": 52.001925, "longitude": 4.1628597, "bronId": "256166"}}, {"type": "Feature", "geometry": {"type": "Point", "coordinates": [4.1826, 52.02997]}, "properties": {"type": "inleverpunt", "locatieNaam": "Lidl", "straatNaam": "Van Brederostraat", "straatNr": "19", "postcode": "2681 JA", "plaats": "Monster", "merk": "StatiegeldNederland", "puntType": "automaat", "materialen": ["pet-groot", "pet-klein", "blik", "glas", "krat"], "uitbetaling": ["bonnetje", "donatie"], "vrijToegankelijk": true, "gemeenteBeperking": null, "openingstijden": {"ma": "08:00–20:00", "di": "08:00–20:00", "wo": "08:00–20:00", "do": "08:00–20:00", "vr": "08:00–21:00", "za": "08:00–20:00", "zo": "10:00–20:00"}, "latitude": 52.02997, "longitude": 4.1826, "bronId": "256427"}}, {"type": "Feature", "geometry": {"type": "Point", "coordinates": [4.29953, 52.01615]}, "properties": {"type": "inleverpunt", "locatieNaam": "Makro", "straatNaam": "Hoefsmid", "straatNr": "10", "postcode": "2292 JJ", "plaats": "Wateringen", "merk": "StatiegeldNederland", "puntType": "automaat", "materialen": ["pet-groot", "pet-klein", "blik", "krat"], "uitbetaling": ["tikkie"], "vrijToegankelijk": true, "gemeenteBeperking": null, "openingstijden": {"ma": "09:00–20:00", "di": "09:00–20:00", "wo": "09:00–20:00", "do": "09:00–20:00", "vr": "09:00–20:00", "za": "09:00–18:00", "zo": "Gesloten"}, "latitude": 52.01615, "longitude": 4.29953, "bronId": "256530"}}, {"type": "Feature", "geometry": {"type": "Point", "coordinates": [4.1709773, 51.9940979]}, "properties": {"type": "inleverpunt", "locatieNaam": "Optisport Mfc Maesemunde", "straatNaam": "Kon. Julianaweg", "straatNr": "158", "postcode": "2691 GH", "plaats": "S-gravenzande", "merk": "StatiegeldNederland", "puntType": "balie", "materialen": ["pet-groot", "pet-klein", "blik"], "uitbetaling": [], "vrijToegankelijk": false, "gemeenteBeperking": null, "openingstijden": {"ma": "07:00–18:15", "di": "08:00–21:30", "wo": "07:00–22:00", "do": "11:45–22:00", "vr": "07:00–17:30", "za": "08:00–12:00", "zo": "08:30–12:30"}, "latitude": 51.9940979, "longitude": 4.1709773, "bronId": "257026"}}, {"type": "Feature", "geometry": {"type": "Point", "coordinates": [4.2442802, 51.9811721]}, "properties": {"type": "inleverpunt", "locatieNaam": "Optisport Sportcentrum Vreeloo", "straatNaam": "Veilingweg", "straatNr": "16", "postcode": "2678 LN", "plaats": "De Lier", "merk": "StatiegeldNederland", "puntType": "balie", "materialen": ["pet-groot", "pet-klein", "blik"], "uitbetaling": [], "vrijToegankelijk": false, "gemeenteBeperking": null, "openingstijden": {"ma": "09:00–22:00", "di": "07:15–22:00", "wo": "08:15–22:00", "do": "10:30–22:00", "vr": "10:30–23:00", "za": "08:30–12:00", "zo": "08:15–12:00"}, "latitude": 51.9811721, "longitude": 4.2442802, "bronId": "257039"}}, {"type": "Feature", "geometry": {"type": "Point", "coordinates": [4.2132737, 51.9920087]}, "properties": {"type": "inleverpunt", "locatieNaam": "Optisport Sporthal De Pijl", "straatNaam": "Bachlaan", "straatNr": "1", "postcode": "2671 TJ", "plaats": "Naaldwijk", "merk": "StatiegeldNederland", "puntType": "balie", "materialen": ["pet-groot", "pet-klein", "blik"], "uitbetaling": [], "vrijToegankelijk": false, "gemeenteBeperking": null, "openingstijden": null, "latitude": 51.9920087, "longitude": 4.2132737, "bronId": "257044"}}, {"type": "Feature", "geometry": {"type": "Point", "coordinates": [4.1680787, 51.9958412]}, "properties": {"type": "inleverpunt", "locatieNaam": "Optisport Sporthal Westlandhal", "straatNaam": "Spinel", "straatNr": "4", "postcode": "2691 TM", "plaats": "S-gravenzande", "merk": "StatiegeldNederland", "puntType": "balie", "materialen": ["pet-groot", "pet-klein", "blik"], "uitbetaling": [], "vrijToegankelijk": false, "gemeenteBeperking": null, "openingstijden": null, "latitude": 51.9958412, "longitude": 4.1680787, "bronId": "257047"}}, {"type": "Feature", "geometry": {"type": "Point", "coordinates": [4.2095754, 51.9851196]}, "properties": {"type": "inleverpunt", "locatieNaam": "Optisport Zwembad De Hoge Bomen", "straatNaam": "Hoogwerf", "straatNr": "9", "postcode": "2671 MJ", "plaats": "Naaldwijk", "merk": "StatiegeldNederland", "puntType": "balie", "materialen": ["pet-groot", "pet-klein", "blik"], "uitbetaling": [], "vrijToegankelijk": false, "gemeenteBeperking": null, "openingstijden": null, "latitude": 51.9851196, "longitude": 4.2095754, "bronId": "257066"}}, {"type": "Feature", "geometry": {"type": "Point", "coordinates": [4.2102179, 51.9844151]}, "properties": {"type": "inleverpunt", "locatieNaam": "Paviljoen Ltc Naaldwijk", "straatNaam": "Hoogwerf", "straatNr": "10B", "postcode": "2671 MJ", "plaats": "Naaldwijk", "merk": "StatiegeldNederland", "puntType": "balie", "materialen": ["pet-groot", "pet-klein", "blik"], "uitbetaling": [], "vrijToegankelijk": false, "gemeenteBeperking": null, "openingstijden": {"ma": "09:00–23:00", "di": "09:00–23:00", "wo": "09:00–23:00", "do": "09:00–23:00", "vr": "09:00–23:00", "za": "08:30–20:00", "zo": "08:30–18:00"}, "latitude": 51.9844151, "longitude": 4.2102179, "bronId": "257156"}}, {"type": "Feature", "geometry": {"type": "Point", "coordinates": [4.2147031, 51.9598716]}, "properties": {"type": "inleverpunt", "locatieNaam": "Plus", "straatNaam": "Oranjeplein", "straatNr": "1", "postcode": "2676 XP", "plaats": "Maasdijk", "merk": "StatiegeldNederland", "puntType": "automaat", "materialen": ["pet-groot", "pet-klein", "blik", "glas", "krat"], "uitbetaling": ["bonnetje", "donatie"], "vrijToegankelijk": true, "gemeenteBeperking": null, "openingstijden": {"ma": "08:00–20:00", "di": "08:00–20:00", "wo": "08:00–20:00", "do": "08:00–20:00", "vr": "08:00–20:00", "za": "08:00–18:00", "zo": "12:00–17:00"}, "latitude": 51.9598716, "longitude": 4.2147031, "bronId": "257457"}}, {"type": "Feature", "geometry": {"type": "Point", "coordinates": [4.2300794, 51.9505901]}, "properties": {"type": "inleverpunt", "locatieNaam": "Shell", "straatNaam": "Coldenhovelaan", "straatNr": "1", "postcode": "2676 LG", "plaats": "Maasdijk", "merk": "StatiegeldNederland", "puntType": "balie", "materialen": ["pet-groot", "pet-klein", "blik"], "uitbetaling": [], "vrijToegankelijk": true, "gemeenteBeperking": null, "openingstijden": {"ma": "24 uur geopend", "di": "24 uur geopend", "wo": "24 uur geopend", "do": "24 uur geopend", "vr": "24 uur geopend", "za": "24 uur geopend", "zo": "24 uur geopend"}, "latitude": 51.9505901, "longitude": 4.2300794, "bronId": "258046"}}, {"type": "Feature", "geometry": {"type": "Point", "coordinates": [4.1950765, 52.0056433]}, "properties": {"type": "inleverpunt", "locatieNaam": "Stichting Scouting Naaldwijk", "straatNaam": "Grote achterweg", "straatNr": "15a", "postcode": "2671 LR", "plaats": "Naaldwijk", "merk": "StatiegeldNederland", "puntType": "balie", "materialen": ["pet-groot", "pet-klein", "blik"], "uitbetaling": [], "vrijToegankelijk": false, "gemeenteBeperking": null, "openingstijden": null, "latitude": 52.0056433, "longitude": 4.1950765, "bronId": "258722"}}, {"type": "Feature", "geometry": {"type": "Point", "coordinates": [4.1674506, 52.0004228]}, "properties": {"type": "inleverpunt", "locatieNaam": "ViaTim", "straatNaam": "Meidoornstraat", "straatNr": "45", "postcode": "2691 VA", "plaats": "S-gravenzande", "merk": "StatiegeldNederland", "puntType": "balie", "materialen": ["pet-groot", "pet-klein", "blik"], "uitbetaling": ["tikkie"], "vrijToegankelijk": true, "gemeenteBeperking": null, "openingstijden": {"ma": "15:00–20:00", "di": "15:00–20:00", "wo": "15:00–20:00", "do": "15:00–20:00", "vr": "15:00–20:00", "za": "12:00–17:00", "zo": "Gesloten"}, "latitude": 52.0004228, "longitude": 4.1674506, "bronId": "259408"}}, {"type": "Feature", "geometry": {"type": "Point", "coordinates": [4.284657, 52.012104]}, "properties": {"type": "inleverpunt", "locatieNaam": "216 Isero - Wateringen", "straatNaam": "Monsterseweg", "straatNr": "1", "postcode": "2291 PB", "plaats": "Wateringen", "merk": "StichtingOPEN", "puntType": "balie", "materialen": ["elektro-klein", "lampen", "tl-buizen"], "uitbetaling": [], "vrijToegankelijk": false, "gemeenteBeperking": null, "openingstijden": null, "latitude": 52.012104, "longitude": 4.284657, "bronId": "SP00032499"}}, {"type": "Feature", "geometry": {"type": "Point", "coordinates": [4.284205, 52.012452]}, "properties": {"type": "inleverpunt", "locatieNaam": "Oosterberg B.V. Wateringen", "straatNaam": "'s-Gravenzandseweg", "straatNr": "11", "postcode": "2291 PE", "plaats": "Wateringen", "merk": "StichtingOPEN", "puntType": "balie", "materialen": ["lampen", "tl-buizen"], "uitbetaling": [], "vrijToegankelijk": false, "gemeenteBeperking": null, "openingstijden": null, "latitude": 52.012452, "longitude": 4.284205, "bronId": "SP00001058"}}, {"type": "Feature", "geometry": {"type": "Point", "coordinates": [4.275933, 52.017127]}, "properties": {"type": "inleverpunt", "locatieNaam": "Hornbach Wateringen", "straatNaam": "'s-Gravenzandseweg", "straatNr": "71-72", "postcode": "2291 PE", "plaats": "Wateringen", "merk": "StichtingOPEN", "puntType": "balie", "materialen": ["elektro-middel", "lampen", "tl-buizen"], "uitbetaling": [], "vrijToegankelijk": false, "gemeenteBeperking": null, "openingstijden": null, "latitude": 52.017127, "longitude": 4.275933, "bronId": "SP00020030"}}, {"type": "Feature", "geometry": {"type": "Point", "coordinates": [4.273698, 52.024442]}, "properties": {"type": "inleverpunt", "locatieNaam": "Kruidvat Wateringen", "straatNaam": "Plein", "straatNr": "28", "postcode": "2291 CC", "plaats": "Wateringen", "merk": "StichtingOPEN", "puntType": "balie", "materialen": ["batterijen", "lampen"], "uitbetaling": [], "vrijToegankelijk": false, "gemeenteBeperking": null, "openingstijden": null, "latitude": 52.024442, "longitude": 4.273698, "bronId": "SP00024623"}}, {"type": "Feature", "geometry": {"type": "Point", "coordinates": [4.254688, 52.014455]}, "properties": {"type": "inleverpunt", "locatieNaam": "Jumbo Kwintsheul", "straatNaam": "De Raaphorst", "straatNr": "4", "postcode": "2295 NZ", "plaats": "Kwintsheul", "merk": "StichtingOPEN", "puntType": "balie", "materialen": ["batterijen"], "uitbetaling": [], "vrijToegankelijk": false, "gemeenteBeperking": null, "openingstijden": null, "latitude": 52.014455, "longitude": 4.254688, "bronId": "SP00025441"}}, {"type": "Feature", "geometry": {"type": "Point", "coordinates": [4.250828, 51.974735]}, "properties": {"type": "inleverpunt", "locatieNaam": "1127 Albert Heijn De Lier", "straatNaam": "Hoofdstraat", "straatNr": "76a", "postcode": "2678 CL", "plaats": "De Lier", "merk": "StichtingOPEN", "puntType": "balie", "materialen": ["batterijen", "elektro-klein", "lampen"], "uitbetaling": [], "vrijToegankelijk": false, "gemeenteBeperking": null, "openingstijden": null, "latitude": 51.974735, "longitude": 4.250828, "bronId": "SP00023231"}}, {"type": "Feature", "geometry": {"type": "Point", "coordinates": [4.250173, 51.97468]}, "properties": {"type": "inleverpunt", "locatieNaam": "Action De Lier", "straatNaam": "Hoofdstraat", "straatNr": "66a", "postcode": "2678 CL", "plaats": "De Lier", "merk": "StichtingOPEN", "puntType": "balie", "materialen": ["batterijen", "lampen"], "uitbetaling": [], "vrijToegankelijk": false, "gemeenteBeperking": null, "openingstijden": null, "latitude": 51.97468, "longitude": 4.250173, "bronId": "SP00025524"}}, {"type": "Feature", "geometry": {"type": "Point", "coordinates": [4.250269, 51.974241]}, "properties": {"type": "inleverpunt", "locatieNaam": "Jumbo De Lier", "straatNaam": "Oranjeplein", "straatNr": "40", "postcode": "2678 GP", "plaats": "De Lier", "merk": "StichtingOPEN", "puntType": "balie", "materialen": ["batterijen", "lampen"], "uitbetaling": [], "vrijToegankelijk": false, "gemeenteBeperking": null, "openingstijden": null, "latitude": 51.974241, "longitude": 4.250269, "bronId": "SP00025167"}}, {"type": "Feature", "geometry": {"type": "Point", "coordinates": [4.249565, 51.974361]}, "properties": {"type": "inleverpunt", "locatieNaam": "Kruidvat De Lier", "straatNaam": "Hoofdstraat", "straatNr": "60", "postcode": "2678 CL", "plaats": "De Lier", "merk": "StichtingOPEN", "puntType": "balie", "materialen": ["batterijen", "lampen"], "uitbetaling": [], "vrijToegankelijk": false, "gemeenteBeperking": null, "openingstijden": null, "latitude": 51.974361, "longitude": 4.249565, "bronId": "SP00024606"}}, {"type": "Feature", "geometry": {"type": "Point", "coordinates": [4.231587, 52.034173]}, "properties": {"type": "inleverpunt", "locatieNaam": "Technische Unie Den Haag Westland", "straatNaam": "ABC Westland", "straatNr": "261", "postcode": "2685 DC", "plaats": "Poeldijk", "merk": "StichtingOPEN", "puntType": "balie", "materialen": ["elektro-groot", "elektro-middel", "lampen", "tl-buizen"], "uitbetaling": [], "vrijToegankelijk": false, "gemeenteBeperking": null, "openingstijden": null, "latitude": 52.034173, "longitude": 4.231587, "bronId": "SP00025862"}}, {"type": "Feature", "geometry": {"type": "Point", "coordinates": [4.22943, 52.008354]}, "properties": {"type": "inleverpunt", "locatieNaam": "1834 Albert Heijn Honselersdijk", "straatNaam": "Dijkstraat", "straatNr": "102", "postcode": "2675 AZ", "plaats": "Honselersdijk", "merk": "StichtingOPEN", "puntType": "balie", "materialen": ["batterijen", "elektro-klein", "lampen"], "uitbetaling": [], "vrijToegankelijk": false, "gemeenteBeperking": null, "openingstijden": null, "latitude": 52.008354, "longitude": 4.22943, "bronId": "SP00022795"}}, {"type": "Feature", "geometry": {"type": "Point", "coordinates": [4.22919, 52.008858]}, "properties": {"type": "inleverpunt", "locatieNaam": "Kruidvat Honselersdijk", "straatNaam": "Dijkstraat", "straatNr": "107", "postcode": "2675 AW", "plaats": "Honselersdijk", "merk": "StichtingOPEN", "puntType": "balie", "materialen": ["batterijen", "lampen"], "uitbetaling": [], "vrijToegankelijk": false, "gemeenteBeperking": null, "openingstijden": null, "latitude": 52.008858, "longitude": 4.22919, "bronId": "SP00024857"}}, {"type": "Feature", "geometry": {"type": "Point", "coordinates": [4.218592, 52.022965]}, "properties": {"type": "inleverpunt", "locatieNaam": "Action Poeldijk 1328", "straatNaam": "Irenestraat", "straatNr": "5", "postcode": "2685 BZ", "plaats": "Poeldijk", "merk": "StichtingOPEN", "puntType": "balie", "materialen": ["batterijen", "lampen"], "uitbetaling": [], "vrijToegankelijk": false, "gemeenteBeperking": null, "openingstijden": null, "latitude": 52.022965, "longitude": 4.218592, "bronId": "SP00007893"}}, {"type": "Feature", "geometry": {"type": "Point", "coordinates": [4.217996, 52.021842]}, "properties": {"type": "inleverpunt", "locatieNaam": "Jumbo Poeldijk", "straatNaam": "Rijsenburgerweg", "straatNr": "28", "postcode": "2685 EB", "plaats": "Poeldijk", "merk": "StichtingOPEN", "puntType": "balie", "materialen": ["batterijen", "lampen"], "uitbetaling": [], "vrijToegankelijk": false, "gemeenteBeperking": null, "openingstijden": null, "latitude": 52.021842, "longitude": 4.217996, "bronId": "SP00025187"}}, {"type": "Feature", "geometry": {"type": "Point", "coordinates": [4.220566, 51.994903]}, "properties": {"type": "inleverpunt", "locatieNaam": "Kinderboerderij SKIP", "straatNaam": "Aalbersestraat", "straatNr": "55", "postcode": "2672 DR", "plaats": "Naaldwijk", "merk": "StichtingOPEN", "puntType": "balie", "materialen": ["elektro-middel"], "uitbetaling": [], "vrijToegankelijk": false, "gemeenteBeperking": null, "openingstijden": null, "latitude": 51.994903, "longitude": 4.220566, "bronId": "SP00005474"}}, {"type": "Feature", "geometry": {"type": "Point", "coordinates": [4.225411, 51.970968]}, "properties": {"type": "inleverpunt", "locatieNaam": "KARWEI Westland (De Lier)", "straatNaam": "Leehove", "straatNr": "7", "postcode": "2678 MA", "plaats": "De Lier", "merk": "StichtingOPEN", "puntType": "balie", "materialen": ["elektro-middel", "lampen", "tl-buizen"], "uitbetaling": [], "vrijToegankelijk": false, "gemeenteBeperking": null, "openingstijden": null, "latitude": 51.970968, "longitude": 4.225411, "bronId": "SP00000758"}}, {"type": "Feature", "geometry": {"type": "Point", "coordinates": [4.210725, 52.002188]}, "properties": {"type": "inleverpunt", "locatieNaam": "Rataplan Naaldwijk", "straatNaam": "Gildestraat", "straatNr": "91", "postcode": "2671 BV", "plaats": "Naaldwijk", "merk": "StichtingOPEN", "puntType": "balie", "materialen": ["batterijen", "elektro-klein", "elektro-middel", "lampen", "tl-buizen"], "uitbetaling": [], "vrijToegankelijk": false, "gemeenteBeperking": null, "openingstijden": null, "latitude": 52.002188, "longitude": 4.210725, "bronId": "SP00041100"}}, {"type": "Feature", "geometry": {"type": "Point", "coordinates": [4.209864, 52.003176]}, "properties": {"type": "inleverpunt", "locatieNaam": "GAMMA Naaldwijk", "straatNaam": "Gildestraat", "straatNr": "102", "postcode": "2671 BV", "plaats": "Naaldwijk", "merk": "StichtingOPEN", "puntType": "balie", "materialen": ["batterijen", "elektro-middel", "lampen", "tl-buizen"], "uitbetaling": [], "vrijToegankelijk": false, "gemeenteBeperking": null, "openingstijden": null, "latitude": 52.003176, "longitude": 4.209864, "bronId": "SP00000692"}}, {"type": "Feature", "geometry": {"type": "Point", "coordinates": [4.211709, 51.992884]}, "properties": {"type": "inleverpunt", "locatieNaam": "1835 Albert Heijn Naaldwijk", "straatNaam": "Verdilaan", "straatNr": "4", "postcode": "2671 VX", "plaats": "Naaldwijk", "merk": "StichtingOPEN", "puntType": "balie", "materialen": ["batterijen", "elektro-klein", "lampen"], "uitbetaling": [], "vrijToegankelijk": false, "gemeenteBeperking": null, "openingstijden": null, "latitude": 51.992884, "longitude": 4.211709, "bronId": "SP00022787"}}, {"type": "Feature", "geometry": {"type": "Point", "coordinates": [4.206007, 51.994776]}, "properties": {"type": "inleverpunt", "locatieNaam": "Jumbo Naaldwijk", "straatNaam": "Emmastraat", "straatNr": "6", "postcode": "2671 ET", "plaats": "Naaldwijk", "merk": "StichtingOPEN", "puntType": "balie", "materialen": ["batterijen", "lampen"], "uitbetaling": [], "vrijToegankelijk": false, "gemeenteBeperking": null, "openingstijden": null, "latitude": 51.994776, "longitude": 4.206007, "bronId": "SP00025178"}}, {"type": "Feature", "geometry": {"type": "Point", "coordinates": [4.197303, 52.033783]}, "properties": {"type": "inleverpunt", "locatieNaam": "Eco-street", "straatNaam": "Buitenhof", "straatNr": "1", "postcode": "2681 JG", "plaats": "Monster", "merk": "StichtingOPEN", "puntType": "balie", "materialen": ["batterijen", "elektro-klein", "elektro-middel"], "uitbetaling": [], "vrijToegankelijk": false, "gemeenteBeperking": null, "openingstijden": null, "latitude": 52.033783, "longitude": 4.197303, "bronId": "SP00037879"}}, {"type": "Feature", "geometry": {"type": "Point", "coordinates": [4.197064, 52.032709]}, "properties": {"type": "inleverpunt", "locatieNaam": "Spar Monster", "straatNaam": "Vijverweg", "straatNr": "2", "postcode": "2681 JB", "plaats": "Monster", "merk": "StichtingOPEN", "puntType": "balie", "materialen": ["batterijen", "lampen"], "uitbetaling": [], "vrijToegankelijk": false, "gemeenteBeperking": null, "openingstijden": null, "latitude": 52.032709, "longitude": 4.197064, "bronId": "SP00025880"}}, {"type": "Feature", "geometry": {"type": "Point", "coordinates": [4.205636, 51.992858]}, "properties": {"type": "inleverpunt", "locatieNaam": "Kruidvat Naaldwijk", "straatNaam": "De Tuinen", "straatNr": "68", "postcode": "2671 NX", "plaats": "Naaldwijk", "merk": "StichtingOPEN", "puntType": "balie", "materialen": ["batterijen", "lampen"], "uitbetaling": [], "vrijToegankelijk": false, "gemeenteBeperking": null, "openingstijden": null, "latitude": 51.992858, "longitude": 4.205636, "bronId": "SP00024851"}}, {"type": "Feature", "geometry": {"type": "Point", "coordinates": [4.205606, 51.992866]}, "properties": {"type": "inleverpunt", "locatieNaam": "Dirk Naaldwijk", "straatNaam": "De Tuinen", "straatNr": "66", "postcode": "2671 NX", "plaats": "Naaldwijk", "merk": "StichtingOPEN", "puntType": "balie", "materialen": ["batterijen", "lampen"], "uitbetaling": [], "vrijToegankelijk": false, "gemeenteBeperking": null, "openingstijden": null, "latitude": 51.992866, "longitude": 4.205606, "bronId": "SP00023501"}}, {"type": "Feature", "geometry": {"type": "Point", "coordinates": [4.205608, 51.992812]}, "properties": {"type": "inleverpunt", "locatieNaam": "Xenos Naaldwijk", "straatNaam": "De Tuinen", "straatNr": "1", "postcode": "2671 NX", "plaats": "Naaldwijk", "merk": "StichtingOPEN", "puntType": "balie", "materialen": ["batterijen", "lampen"], "uitbetaling": [], "vrijToegankelijk": false, "gemeenteBeperking": null, "openingstijden": null, "latitude": 51.992812, "longitude": 4.205608, "bronId": "SP00025702"}}, {"type": "Feature", "geometry": {"type": "Point", "coordinates": [4.204651, 51.992384]}, "properties": {"type": "inleverpunt", "locatieNaam": "Jumbo Naaldwijk", "straatNaam": "Patijnenburg", "straatNr": "43", "postcode": "2671 JD", "plaats": "Naaldwijk", "merk": "StichtingOPEN", "puntType": "balie", "materialen": ["batterijen", "elektro-klein", "lampen"], "uitbetaling": [], "vrijToegankelijk": false, "gemeenteBeperking": null, "openingstijden": null, "latitude": 51.992384, "longitude": 4.204651, "bronId": "SP00034455"}}, {"type": "Feature", "geometry": {"type": "Point", "coordinates": [4.214683, 51.959881]}, "properties": {"type": "inleverpunt", "locatieNaam": "PLUS Maasdijk", "straatNaam": "Oranjeplein", "straatNr": "1", "postcode": "2676 XP", "plaats": "Maasdijk", "merk": "StichtingOPEN", "puntType": "balie", "materialen": ["batterijen", "lampen"], "uitbetaling": [], "vrijToegankelijk": false, "gemeenteBeperking": null, "openingstijden": null, "latitude": 51.959881, "longitude": 4.214683, "bronId": "SP00024130"}}, {"type": "Feature", "geometry": {"type": "Point", "coordinates": [4.20458, 51.99183]}, "properties": {"type": "inleverpunt", "locatieNaam": "Action Naaldwijk", "straatNaam": "Patijnenburg", "straatNr": "4-6", "postcode": "2671 JD", "plaats": "Naaldwijk", "merk": "StichtingOPEN", "puntType": "balie", "materialen": ["batterijen", "lampen"], "uitbetaling": [], "vrijToegankelijk": false, "gemeenteBeperking": null, "openingstijden": null, "latitude": 51.99183, "longitude": 4.20458, "bronId": "SP00029861"}}, {"type": "Feature", "geometry": {"type": "Point", "coordinates": [4.210817, 51.960465]}, "properties": {"type": "inleverpunt", "locatieNaam": "Kringloop Maasdijk", "straatNaam": "Maasambacht", "straatNr": "8", "postcode": "2676 CW", "plaats": "Maasdijk", "merk": "StichtingOPEN", "puntType": "balie", "materialen": ["elektro-groot", "elektro-middel", "lampen"], "uitbetaling": [], "vrijToegankelijk": false, "gemeenteBeperking": null, "openingstijden": null, "latitude": 51.960465, "longitude": 4.210817, "bronId": "SP00009091"}}, {"type": "Feature", "geometry": {"type": "Point", "coordinates": [4.181046, 51.995487]}, "properties": {"type": "inleverpunt", "locatieNaam": "Kringloopwinkel De Recycling", "straatNaam": "Franklinstraat", "straatNr": "6", "postcode": "2691 HB", "plaats": "'s-Gravenzande", "merk": "StichtingOPEN", "puntType": "balie", "materialen": ["elektro-groot", "elektro-klein", "elektro-middel", "lampen", "tl-buizen"], "uitbetaling": [], "vrijToegankelijk": false, "gemeenteBeperking": null, "openingstijden": null, "latitude": 51.995487, "longitude": 4.181046, "bronId": "SP00028591"}}, {"type": "Feature", "geometry": {"type": "Point", "coordinates": [4.172875, 52.023456]}, "properties": {"type": "inleverpunt", "locatieNaam": "Rataplan Monster", "straatNaam": "Molenbrink", "straatNr": "38", "postcode": "2681 EZ", "plaats": "Monster", "merk": "StichtingOPEN", "puntType": "balie", "materialen": ["batterijen", "elektro-klein", "elektro-middel", "lampen", "tl-buizen"], "uitbetaling": [], "vrijToegankelijk": false, "gemeenteBeperking": null, "openingstijden": null, "latitude": 52.023456, "longitude": 4.172875, "bronId": "SP00041099"}}, {"type": "Feature", "geometry": {"type": "Point", "coordinates": [4.172887, 52.022344]}, "properties": {"type": "inleverpunt", "locatieNaam": "Aldi Monster", "straatNaam": "Molenbrink", "straatNr": "68", "postcode": "2681 EZ", "plaats": "Monster", "merk": "StichtingOPEN", "puntType": "balie", "materialen": ["batterijen", "elektro-klein", "lampen"], "uitbetaling": [], "vrijToegankelijk": false, "gemeenteBeperking": null, "openingstijden": null, "latitude": 52.022344, "longitude": 4.172887, "bronId": "SP00027223"}}, {"type": "Feature", "geometry": {"type": "Point", "coordinates": [4.172015, 52.022934]}, "properties": {"type": "inleverpunt", "locatieNaam": "Jumbo Monster", "straatNaam": "Molenstraat", "straatNr": "9c", "postcode": "2681 BL", "plaats": "Monster", "merk": "StichtingOPEN", "puntType": "balie", "materialen": ["batterijen", "lampen"], "uitbetaling": [], "vrijToegankelijk": false, "gemeenteBeperking": null, "openingstijden": null, "latitude": 52.022934, "longitude": 4.172015, "bronId": "SP00025189"}}, {"type": "Feature", "geometry": {"type": "Point", "coordinates": [4.171906, 52.023154]}, "properties": {"type": "inleverpunt", "locatieNaam": "180 Hoogvliet Monster", "straatNaam": "Molenstraat", "straatNr": "46", "postcode": "2681 BS", "plaats": "Monster", "merk": "StichtingOPEN", "puntType": "balie", "materialen": ["batterijen", "lampen"], "uitbetaling": [], "vrijToegankelijk": false, "gemeenteBeperking": null, "openingstijden": null, "latitude": 52.023154, "longitude": 4.171906, "bronId": "SP00023914"}}, {"type": "Feature", "geometry": {"type": "Point", "coordinates": [4.172056, 52.019605]}, "properties": {"type": "inleverpunt", "locatieNaam": "Praxis Monster - 2218", "straatNaam": "Havenstraat", "straatNr": "41", "postcode": "2681 LC", "plaats": "Monster", "merk": "StichtingOPEN", "puntType": "balie", "materialen": ["elektro-middel", "lampen", "tl-buizen"], "uitbetaling": [], "vrijToegankelijk": false, "gemeenteBeperking": null, "openingstijden": null, "latitude": 52.019605, "longitude": 4.172056, "bronId": "SP00004596"}}, {"type": "Feature", "geometry": {"type": "Point", "coordinates": [4.175438, 52.002046]}, "properties": {"type": "inleverpunt", "locatieNaam": "Kinderboerderij De Kreek", "straatNaam": "Prins Clausstraat", "straatNr": "2", "postcode": "2691 CR", "plaats": "'s-Gravenzande", "merk": "StichtingOPEN", "puntType": "balie", "materialen": ["elektro-middel"], "uitbetaling": [], "vrijToegankelijk": false, "gemeenteBeperking": null, "openingstijden": null, "latitude": 52.002046, "longitude": 4.175438, "bronId": "SP00006203"}}, {"type": "Feature", "geometry": {"type": "Point", "coordinates": [4.170801, 52.022198]}, "properties": {"type": "inleverpunt", "locatieNaam": "Spaans Elektro", "straatNaam": "Herenstraat", "straatNr": "15", "postcode": "2681 BC", "plaats": "Monster", "merk": "StichtingOPEN", "puntType": "balie", "materialen": ["elektro-middel", "lampen"], "uitbetaling": [], "vrijToegankelijk": false, "gemeenteBeperking": null, "openingstijden": null, "latitude": 52.022198, "longitude": 4.170801, "bronId": "SP00002242"}}, {"type": "Feature", "geometry": {"type": "Point", "coordinates": [4.170251, 52.023009]}, "properties": {"type": "inleverpunt", "locatieNaam": "Kruidvat Monster", "straatNaam": "Zeestraat", "straatNr": "22", "postcode": "2681 CM", "plaats": "Monster", "merk": "StichtingOPEN", "puntType": "balie", "materialen": ["batterijen", "lampen"], "uitbetaling": [], "vrijToegankelijk": false, "gemeenteBeperking": null, "openingstijden": null, "latitude": 52.023009, "longitude": 4.170251, "bronId": "SP00024928"}}, {"type": "Feature", "geometry": {"type": "Point", "coordinates": [4.168171, 51.991067]}, "properties": {"type": "inleverpunt", "locatieNaam": "66720 Hubo 's Gravenzande", "straatNaam": "Woutersweg", "straatNr": "2b", "postcode": "2691 PR", "plaats": "'s-Gravenzande", "merk": "StichtingOPEN", "puntType": "balie", "materialen": ["elektro-middel", "lampen", "tl-buizen"], "uitbetaling": [], "vrijToegankelijk": false, "gemeenteBeperking": null, "openingstijden": null, "latitude": 51.991067, "longitude": 4.168171, "bronId": "SP00004628"}}, {"type": "Feature", "geometry": {"type": "Point", "coordinates": [4.164185, 52.000339]}, "properties": {"type": "inleverpunt", "locatieNaam": "1366 Albert Heijn 's-Gravenzande", "straatNaam": "Oudelandstraat", "straatNr": "16", "postcode": "2691 CE", "plaats": "'s-Gravenzande", "merk": "StichtingOPEN", "puntType": "balie", "materialen": ["batterijen", "elektro-klein", "lampen"], "uitbetaling": [], "vrijToegankelijk": false, "gemeenteBeperking": null, "openingstijden": null, "latitude": 52.000339, "longitude": 4.164185, "bronId": "SP00022790"}}, {"type": "Feature", "geometry": {"type": "Point", "coordinates": [4.161737, 52.003621]}, "properties": {"type": "inleverpunt", "locatieNaam": "EP Stevens", "straatNaam": "Vaartplein", "straatNr": "8", "postcode": "2691 AJ", "plaats": "'s-Gravenzande", "merk": "StichtingOPEN", "puntType": "balie", "materialen": ["batterijen", "elektro-groot", "elektro-klein", "elektro-middel", "lampen", "tl-buizen"], "uitbetaling": [], "vrijToegankelijk": false, "gemeenteBeperking": null, "openingstijden": null, "latitude": 52.003621, "longitude": 4.161737, "bronId": "SP00000537"}}, {"type": "Feature", "geometry": {"type": "Point", "coordinates": [4.16081, 52.00363]}, "properties": {"type": "inleverpunt", "locatieNaam": "Kruidvat 's-Gravenzande", "straatNaam": "Koningswerf", "straatNr": "58-60", "postcode": "2691 BJ", "plaats": "'s-Gravenzande", "merk": "StichtingOPEN", "puntType": "balie", "materialen": ["batterijen", "lampen"], "uitbetaling": [], "vrijToegankelijk": false, "gemeenteBeperking": null, "openingstijden": null, "latitude": 52.00363, "longitude": 4.16081, "bronId": "SP00029489"}}, {"type": "Feature", "geometry": {"type": "Point", "coordinates": [4.159417, 52.001985]}, "properties": {"type": "inleverpunt", "locatieNaam": "200 Hoogvliet 's-Gravenzande", "straatNaam": "van Geeststraat", "straatNr": "31", "postcode": "2692 AC", "plaats": "'s-Gravenzande", "merk": "StichtingOPEN", "puntType": "balie", "materialen": ["batterijen", "lampen"], "uitbetaling": [], "vrijToegankelijk": false, "gemeenteBeperking": null, "openingstijden": null, "latitude": 52.001985, "longitude": 4.159417, "bronId": "SP00023916"}}, {"type": "Feature", "geometry": {"type": "Point", "coordinates": [4.154451, 52.013222]}, "properties": {"type": "inleverpunt", "locatieNaam": "Intratuin 's-Gravenzande", "straatNaam": "Monsterseweg", "straatNr": "129", "postcode": "2691 JE", "plaats": "'s-Gravenzande", "merk": "StichtingOPEN", "puntType": "balie", "materialen": ["elektro-middel", "lampen"], "uitbetaling": [], "vrijToegankelijk": false, "gemeenteBeperking": null, "openingstijden": null, "latitude": 52.013222, "longitude": 4.154451, "bronId": "SP00002911"}}, {"type": "Feature", "geometry": {"type": "Point", "coordinates": [4.207748, 51.985462]}, "properties": {"type": "inleverpunt", "locatieNaam": "Milieustraat Naaldwijk", "straatNaam": "Hoogwerf", "straatNr": "5", "postcode": "2671 MJ", "plaats": "Naaldwijk", "merk": "StichtingOPEN", "puntType": "milieustraat", "materialen": ["batterijen", "elektro-groot", "elektro-klein", "elektro-middel", "lampen", "tl-buizen"], "uitbetaling": [], "vrijToegankelijk": false, "gemeenteBeperking": ["Westland"], "openingstijden": null, "latitude": 51.985462, "longitude": 4.207748, "bronId": "SP00000424"}}, {"type": "Feature", "geometry": {"type": "Point", "coordinates": [4.170293, 52.018566]}, "properties": {"type": "inleverpunt", "locatieNaam": "Afvalbrengstation Monster", "straatNaam": "Vlotlaan", "straatNr": "37", "postcode": "2681 RW", "plaats": "Monster", "merk": "StichtingOPEN", "puntType": "milieustraat", "materialen": ["batterijen", "elektro-groot", "elektro-klein", "elektro-middel", "lampen", "tl-buizen"], "uitbetaling": [], "vrijToegankelijk": false, "gemeenteBeperking": ["Westland"], "openingstijden": null, "latitude": 52.018566, "longitude": 4.170293, "bronId": "SP00001515"}}, {"type": "Feature", "geometry": {"type": "Point", "coordinates": [4.3006977, 52.0154709]}, "properties": {"type": "inleverpunt", "locatieNaam": "TouchFix B.V.", "straatNaam": "Klopperman", "straatNr": "16", "postcode": "2292 JD", "plaats": "Wateringen", "merk": "Stibat", "puntType": "inzamelbak", "materialen": ["batterijen"], "uitbetaling": [], "vrijToegankelijk": false, "gemeenteBeperking": null, "openingstijden": null, "latitude": 52.0154709, "longitude": 4.3006977, "bronId": "L045441"}}, {"type": "Feature", "geometry": {"type": "Point", "coordinates": [4.2995306, 52.0161597]}, "properties": {"type": "inleverpunt", "locatieNaam": "Makro", "straatNaam": "Hoefsmid", "straatNr": "10", "postcode": "2292 JJ", "plaats": "Wateringen", "merk": "Stibat", "puntType": "inzamelbak", "materialen": ["batterijen"], "uitbetaling": [], "vrijToegankelijk": false, "gemeenteBeperking": null, "openingstijden": null, "latitude": 52.0161597, "longitude": 4.2995306, "bronId": "L026810"}}, {"type": "Feature", "geometry": {"type": "Point", "coordinates": [4.2888331, 52.0126397]}, "properties": {"type": "inleverpunt", "locatieNaam": "Toolstation", "straatNaam": "De Lierseweg", "straatNr": "4", "postcode": "2291 PD", "plaats": "Wateringen", "merk": "Stibat", "puntType": "inzamelbak", "materialen": ["batterijen"], "uitbetaling": [], "vrijToegankelijk": false, "gemeenteBeperking": null, "openingstijden": null, "latitude": 52.0126397, "longitude": 4.2888331, "bronId": "L042527"}}, {"type": "Feature", "geometry": {"type": "Point", "coordinates": [4.2867689, 52.0112564]}, "properties": {"type": "inleverpunt", "locatieNaam": "Hornbach", "straatNaam": "'s-Gravenzandseweg", "straatNr": "71", "postcode": "2291 PE", "plaats": "Wateringen", "merk": "Stibat", "puntType": "inzamelbak", "materialen": ["batterijen"], "uitbetaling": [], "vrijToegankelijk": false, "gemeenteBeperking": null, "openingstijden": null, "latitude": 52.0112564, "longitude": 4.2867689, "bronId": "L014961"}}, {"type": "Feature", "geometry": {"type": "Point", "coordinates": [4.2857211, 52.0128147]}, "properties": {"type": "inleverpunt", "locatieNaam": "Isero Wateringen", "straatNaam": "Monsterseweg", "straatNr": "1", "postcode": "2291 PB", "plaats": "Wateringen", "merk": "Stibat", "puntType": "inzamelbak", "materialen": ["batterijen"], "uitbetaling": [], "vrijToegankelijk": false, "gemeenteBeperking": null, "openingstijden": null, "latitude": 52.0128147, "longitude": 4.2857211, "bronId": "L027772"}}, {"type": "Feature", "geometry": {"type": "Point", "coordinates": [4.2845846, 52.0123684]}, "properties": {"type": "inleverpunt", "locatieNaam": "Würth shop (technische groothandel)", "straatNaam": "'s-Gravenzandseweg", "straatNr": "10", "postcode": "2291 PE", "plaats": "Wateringen", "merk": "Stibat", "puntType": "inzamelbak", "materialen": ["batterijen"], "uitbetaling": [], "vrijToegankelijk": false, "gemeenteBeperking": null, "openingstijden": null, "latitude": 52.0123684, "longitude": 4.2845846, "bronId": "L043663"}}, {"type": "Feature", "geometry": {"type": "Point", "coordinates": [4.2832016, 52.0130127]}, "properties": {"type": "inleverpunt", "locatieNaam": "Veneco", "straatNaam": "Naaldwijkseweg", "straatNr": "100", "postcode": "2291 PA", "plaats": "Wateringen", "merk": "Stibat", "puntType": "inzamelbak", "materialen": ["batterijen"], "uitbetaling": [], "vrijToegankelijk": false, "gemeenteBeperking": null, "openingstijden": null, "latitude": 52.0130127, "longitude": 4.2832016, "bronId": "L028208"}}, {"type": "Feature", "geometry": {"type": "Point", "coordinates": [4.2796588, 52.0249442]}, "properties": {"type": "inleverpunt", "locatieNaam": "Europart", "straatNaam": "Herenstraat", "straatNr": "122-124", "postcode": "2291 BK", "plaats": "Wateringen", "merk": "Stibat", "puntType": "inzamelbak", "materialen": ["batterijen"], "uitbetaling": [], "vrijToegankelijk": false, "gemeenteBeperking": null, "openingstijden": null, "latitude": 52.0249442, "longitude": 4.2796588, "bronId": "L021748"}}, {"type": "Feature", "geometry": {"type": "Point", "coordinates": [4.2785909, 52.0243355]}, "properties": {"type": "inleverpunt", "locatieNaam": "Bike Totaal Wijtman Wateringen", "straatNaam": "Herenstraat", "straatNr": "71", "postcode": "2291 BC", "plaats": "Wateringen", "merk": "Stibat", "puntType": "inzamelbak", "materialen": ["batterijen"], "uitbetaling": [], "vrijToegankelijk": false, "gemeenteBeperking": null, "openingstijden": null, "latitude": 52.0243355, "longitude": 4.2785909, "bronId": "L014249"}}, {"type": "Feature", "geometry": {"type": "Point", "coordinates": [4.2760802, 52.0246665]}, "properties": {"type": "inleverpunt", "locatieNaam": "1836 Albert Heijn", "straatNaam": "Struyck van Bergenstraat", "straatNr": "2", "postcode": "2291 RW", "plaats": "Wateringen", "merk": "Stibat", "puntType": "inzamelbak", "materialen": ["batterijen"], "uitbetaling": [], "vrijToegankelijk": false, "gemeenteBeperking": null, "openingstijden": null, "latitude": 52.0246665, "longitude": 4.2760802, "bronId": "L007567"}}, {"type": "Feature", "geometry": {"type": "Point", "coordinates": [4.2754822, 52.0243978]}, "properties": {"type": "inleverpunt", "locatieNaam": "HEMA Wateringen - Dorp", "straatNaam": "Gantelplein", "straatNr": "3", "postcode": "2291 CW", "plaats": "Wateringen", "merk": "Stibat", "puntType": "inzamelbak", "materialen": ["batterijen"], "uitbetaling": [], "vrijToegankelijk": false, "gemeenteBeperking": null, "openingstijden": null, "latitude": 52.0243978, "longitude": 4.2754822, "bronId": "L046817"}}, {"type": "Feature", "geometry": {"type": "Point", "coordinates": [4.2753974, 52.0239833]}, "properties": {"type": "inleverpunt", "locatieNaam": "DMR Bikes", "straatNaam": "Herenstraat", "straatNr": "12a", "postcode": "2291 BG", "plaats": "Wateringen", "merk": "Stibat", "puntType": "inzamelbak", "materialen": ["batterijen"], "uitbetaling": [], "vrijToegankelijk": false, "gemeenteBeperking": null, "openingstijden": null, "latitude": 52.0239833, "longitude": 4.2753974, "bronId": "L048838"}}, {"type": "Feature", "geometry": {"type": "Point", "coordinates": [4.2753305, 52.0240717]}, "properties": {"type": "inleverpunt", "locatieNaam": "Stijlplus", "straatNaam": "Vleersteeg", "straatNr": "4", "postcode": "2291 DA", "plaats": "Wateringen", "merk": "Stibat", "puntType": "inzamelbak", "materialen": ["batterijen"], "uitbetaling": [], "vrijToegankelijk": false, "gemeenteBeperking": null, "openingstijden": null, "latitude": 52.0240717, "longitude": 4.2753305, "bronId": "L046099"}}, {"type": "Feature", "geometry": {"type": "Point", "coordinates": [4.275058, 52.0253284]}, "properties": {"type": "inleverpunt", "locatieNaam": "Zeeman", "straatNaam": "Vliethof", "straatNr": "14", "postcode": "2291 RX", "plaats": "Wateringen", "merk": "Stibat", "puntType": "inzamelbak", "materialen": ["batterijen"], "uitbetaling": [], "vrijToegankelijk": false, "gemeenteBeperking": null, "openingstijden": null, "latitude": 52.0253284, "longitude": 4.275058, "bronId": "L038244"}}, {"type": "Feature", "geometry": {"type": "Point", "coordinates": [4.2748486, 52.0246722]}, "properties": {"type": "inleverpunt", "locatieNaam": "Primera", "straatNaam": "Vliethof", "straatNr": "88", "postcode": "2291 RZ", "plaats": "Wateringen", "merk": "Stibat", "puntType": "inzamelbak", "materialen": ["batterijen"], "uitbetaling": [], "vrijToegankelijk": false, "gemeenteBeperking": null, "openingstijden": null, "latitude": 52.0246722, "longitude": 4.2748486, "bronId": "L042450"}}, {"type": "Feature", "geometry": {"type": "Point", "coordinates": [4.2745245, 52.0252785]}, "properties": {"type": "inleverpunt", "locatieNaam": "Jumbo", "straatNaam": "Vliethof", "straatNr": "6", "postcode": "2291 RX", "plaats": "Wateringen", "merk": "Stibat", "puntType": "inzamelbak", "materialen": ["batterijen"], "uitbetaling": [], "vrijToegankelijk": false, "gemeenteBeperking": null, "openingstijden": null, "latitude": 52.0252785, "longitude": 4.2745245, "bronId": "L031365"}}, {"type": "Feature", "geometry": {"type": "Point", "coordinates": [4.2745037, 52.0252141]}, "properties": {"type": "inleverpunt", "locatieNaam": "6160 Etos", "straatNaam": "Vliethof", "straatNr": "89 -91", "postcode": "2291 RZ", "plaats": "Wateringen", "merk": "Stibat", "puntType": "inzamelbak", "materialen": ["batterijen"], "uitbetaling": [], "vrijToegankelijk": false, "gemeenteBeperking": null, "openingstijden": null, "latitude": 52.0252141, "longitude": 4.2745037, "bronId": "L022263"}}, {"type": "Feature", "geometry": {"type": "Point", "coordinates": [4.2734077, 52.024416]}, "properties": {"type": "inleverpunt", "locatieNaam": "Kruidvat", "straatNaam": "Plein", "straatNr": "28", "postcode": "2291 CC", "plaats": "Wateringen", "merk": "Stibat", "puntType": "inzamelbak", "materialen": ["batterijen"], "uitbetaling": [], "vrijToegankelijk": false, "gemeenteBeperking": null, "openingstijden": null, "latitude": 52.024416, "longitude": 4.2734077, "bronId": "L013960"}}, {"type": "Feature", "geometry": {"type": "Point", "coordinates": [4.2734077, 52.024416]}, "properties": {"type": "inleverpunt", "locatieNaam": "Intertoys", "straatNaam": "Plein", "straatNr": "30", "postcode": "2291 CC", "plaats": "Wateringen", "merk": "Stibat", "puntType": "inzamelbak", "materialen": ["batterijen"], "uitbetaling": [], "vrijToegankelijk": false, "gemeenteBeperking": null, "openingstijden": null, "latitude": 52.024416, "longitude": 4.2734077, "bronId": "L005895"}}, {"type": "Feature", "geometry": {"type": "Point", "coordinates": [4.2710951, 52.0268098]}, "properties": {"type": "inleverpunt", "locatieNaam": "Electro World", "straatNaam": "Julianastraat", "straatNr": "1-AA", "postcode": "2291 TP", "plaats": "Wateringen", "merk": "Stibat", "puntType": "inzamelbak", "materialen": ["batterijen"], "uitbetaling": [], "vrijToegankelijk": false, "gemeenteBeperking": null, "openingstijden": null, "latitude": 52.0268098, "longitude": 4.2710951, "bronId": "L014796"}}, {"type": "Feature", "geometry": {"type": "Point", "coordinates": [4.2754356, 51.9743334]}, "properties": {"type": "inleverpunt", "locatieNaam": "Akker Exotic Plants", "straatNaam": "Zijtwende", "straatNr": "41", "postcode": "2678 LS", "plaats": "De Lier", "merk": "Stibat", "puntType": "inzamelbak", "materialen": ["batterijen"], "uitbetaling": [], "vrijToegankelijk": false, "gemeenteBeperking": null, "openingstijden": null, "latitude": 51.9743334, "longitude": 4.2754356, "bronId": "L032020"}}, {"type": "Feature", "geometry": {"type": "Point", "coordinates": [4.2562276, 52.0160107]}, "properties": {"type": "inleverpunt", "locatieNaam": "Boutkan Tweewielers", "straatNaam": "Kerkstraat", "straatNr": "2", "postcode": "2295 LG", "plaats": "Kwintsheul", "merk": "Stibat", "puntType": "inzamelbak", "materialen": ["batterijen"], "uitbetaling": [], "vrijToegankelijk": false, "gemeenteBeperking": null, "openingstijden": null, "latitude": 52.0160107, "longitude": 4.2562276, "bronId": "L032942"}}, {"type": "Feature", "geometry": {"type": "Point", "coordinates": [4.2546277, 52.0143684]}, "properties": {"type": "inleverpunt", "locatieNaam": "Jumbo", "straatNaam": "De Raaphorst", "straatNr": "4", "postcode": "2295 NZ", "plaats": "Kwintsheul", "merk": "Stibat", "puntType": "inzamelbak", "materialen": ["batterijen"], "uitbetaling": [], "vrijToegankelijk": false, "gemeenteBeperking": null, "openingstijden": null, "latitude": 52.0143684, "longitude": 4.2546277, "bronId": "L039888"}}, {"type": "Feature", "geometry": {"type": "Point", "coordinates": [4.2606774, 51.9770116]}, "properties": {"type": "inleverpunt", "locatieNaam": "Kruidvat", "straatNaam": "Hoofdstraat", "straatNr": "60", "postcode": "2678 CL", "plaats": "De Lier", "merk": "Stibat", "puntType": "inzamelbak", "materialen": ["batterijen"], "uitbetaling": [], "vrijToegankelijk": false, "gemeenteBeperking": null, "openingstijden": null, "latitude": 51.9770116, "longitude": 4.2606774, "bronId": "L016380"}}, {"type": "Feature", "geometry": {"type": "Point", "coordinates": [4.2518172, 51.9748433]}, "properties": {"type": "inleverpunt", "locatieNaam": "Jumbo", "straatNaam": "Oranjeplein", "straatNr": "40", "postcode": "2678 GP", "plaats": "De Lier", "merk": "Stibat", "puntType": "inzamelbak", "materialen": ["batterijen"], "uitbetaling": [], "vrijToegankelijk": false, "gemeenteBeperking": null, "openingstijden": null, "latitude": 51.9748433, "longitude": 4.2518172, "bronId": "L032200"}}, {"type": "Feature", "geometry": {"type": "Point", "coordinates": [4.2508162, 51.9747463]}, "properties": {"type": "inleverpunt", "locatieNaam": "1127 Albert Heijn", "straatNaam": "Hoofdstraat", "straatNr": "76a", "postcode": "2678 CL", "plaats": "De Lier", "merk": "Stibat", "puntType": "inzamelbak", "materialen": ["batterijen"], "uitbetaling": [], "vrijToegankelijk": false, "gemeenteBeperking": null, "openingstijden": null, "latitude": 51.9747463, "longitude": 4.2508162, "bronId": "L006585"}}, {"type": "Feature", "geometry": {"type": "Point", "coordinates": [4.2506428, 51.9746796]}, "properties": {"type": "inleverpunt", "locatieNaam": "Electro World", "straatNaam": "Hoofdstraat", "straatNr": "72", "postcode": "2678 CL", "plaats": "De Lier", "merk": "Stibat", "puntType": "inzamelbak", "materialen": ["batterijen"], "uitbetaling": [], "vrijToegankelijk": false, "gemeenteBeperking": null, "openingstijden": null, "latitude": 51.9746796, "longitude": 4.2506428, "bronId": "L023865"}}, {"type": "Feature", "geometry": {"type": "Point", "coordinates": [4.2505348, 51.9747521]}, "properties": {"type": "inleverpunt", "locatieNaam": "D.I.O.", "straatNaam": "Hoofdstraat", "straatNr": "72", "postcode": "2678 CL", "plaats": "De Lier", "merk": "Stibat", "puntType": "inzamelbak", "materialen": ["batterijen"], "uitbetaling": [], "vrijToegankelijk": false, "gemeenteBeperking": null, "openingstijden": null, "latitude": 51.9747521, "longitude": 4.2505348, "bronId": "L025934"}}, {"type": "Feature", "geometry": {"type": "Point", "coordinates": [4.250173, 51.9746809]}, "properties": {"type": "inleverpunt", "locatieNaam": "1363 Action", "straatNaam": "Hoofdstraat", "straatNr": "66a", "postcode": "2678 CL", "plaats": "De Lier", "merk": "Stibat", "puntType": "inzamelbak", "materialen": ["batterijen"], "uitbetaling": [], "vrijToegankelijk": false, "gemeenteBeperking": null, "openingstijden": null, "latitude": 51.9746809, "longitude": 4.250173, "bronId": "L038348"}}, {"type": "Feature", "geometry": {"type": "Point", "coordinates": [4.2499634, 51.9748698]}, "properties": {"type": "inleverpunt", "locatieNaam": "HEMA De Lier", "straatNaam": "Hoofdstraat", "straatNr": "77", "postcode": "2678 CG", "plaats": "De Lier", "merk": "Stibat", "puntType": "inzamelbak", "materialen": ["batterijen"], "uitbetaling": [], "vrijToegankelijk": false, "gemeenteBeperking": null, "openingstijden": null, "latitude": 51.9748698, "longitude": 4.2499634, "bronId": "L046895"}}, {"type": "Feature", "geometry": {"type": "Point", "coordinates": [4.2494298, 51.9744927]}, "properties": {"type": "inleverpunt", "locatieNaam": "Bruna", "straatNaam": "Hoofdstraat", "straatNr": "56a", "postcode": "2678 CL", "plaats": "De Lier", "merk": "Stibat", "puntType": "inzamelbak", "materialen": ["batterijen"], "uitbetaling": [], "vrijToegankelijk": false, "gemeenteBeperking": null, "openingstijden": null, "latitude": 51.9744927, "longitude": 4.2494298, "bronId": "L023443"}}, {"type": "Feature", "geometry": {"type": "Point", "coordinates": [4.2489657, 51.9745363]}, "properties": {"type": "inleverpunt", "locatieNaam": "Marskramer", "straatNaam": "Hoofdstraat", "straatNr": "55", "postcode": "2678 CG", "plaats": "De Lier", "merk": "Stibat", "puntType": "inzamelbak", "materialen": ["batterijen"], "uitbetaling": [], "vrijToegankelijk": false, "gemeenteBeperking": null, "openingstijden": null, "latitude": 51.9745363, "longitude": 4.2489657, "bronId": "L018597"}}, {"type": "Feature", "geometry": {"type": "Point", "coordinates": [4.248238, 51.9739374]}, "properties": {"type": "inleverpunt", "locatieNaam": "Vijverberg Fietsen", "straatNaam": "Hoofdstraat", "straatNr": "20", "postcode": "2678 CK", "plaats": "De Lier", "merk": "Stibat", "puntType": "inzamelbak", "materialen": ["batterijen"], "uitbetaling": [], "vrijToegankelijk": false, "gemeenteBeperking": null, "openingstijden": null, "latitude": 51.9739374, "longitude": 4.248238, "bronId": "L038364"}}, {"type": "Feature", "geometry": {"type": "Point", "coordinates": [4.2366069, 52.0042215]}, "properties": {"type": "inleverpunt", "locatieNaam": "Pijl Solutions BV", "straatNaam": "Middel Broekweg", "straatNr": "67", "postcode": "2675 KG", "plaats": "Honselersdyk", "merk": "Stibat", "puntType": "inzamelbak", "materialen": ["batterijen"], "uitbetaling": [], "vrijToegankelijk": false, "gemeenteBeperking": null, "openingstijden": null, "latitude": 52.0042215, "longitude": 4.2366069, "bronId": "L027646"}}, {"type": "Feature", "geometry": {"type": "Point", "coordinates": [4.2310932, 52.0081735]}, "properties": {"type": "inleverpunt", "locatieNaam": "De Bruin Fietsen", "straatNaam": "Van der Goesstraat", "straatNr": "4", "postcode": "2675 TV", "plaats": "Honselersdyk", "merk": "Stibat", "puntType": "inzamelbak", "materialen": ["batterijen"], "uitbetaling": [], "vrijToegankelijk": false, "gemeenteBeperking": null, "openingstijden": null, "latitude": 52.0081735, "longitude": 4.2310932, "bronId": "L049729"}}, {"type": "Feature", "geometry": {"type": "Point", "coordinates": [4.2291902, 52.0088589]}, "properties": {"type": "inleverpunt", "locatieNaam": "Kruidvat", "straatNaam": "Dijkstraat", "straatNr": "107", "postcode": "2675 AW", "plaats": "Honselersdyk", "merk": "Stibat", "puntType": "inzamelbak", "materialen": ["batterijen"], "uitbetaling": [], "vrijToegankelijk": false, "gemeenteBeperking": null, "openingstijden": null, "latitude": 52.0088589, "longitude": 4.2291902, "bronId": "L034961"}}, {"type": "Feature", "geometry": {"type": "Point", "coordinates": [4.2290546, 52.0084711]}, "properties": {"type": "inleverpunt", "locatieNaam": "1834 Albert Heijn", "straatNaam": "Dijkstraat", "straatNr": "102", "postcode": "2675 AZ", "plaats": "Honselersdijk", "merk": "Stibat", "puntType": "inzamelbak", "materialen": ["batterijen"], "uitbetaling": [], "vrijToegankelijk": false, "gemeenteBeperking": null, "openingstijden": null, "latitude": 52.0084711, "longitude": 4.2290546, "bronId": "L013585"}}, {"type": "Feature", "geometry": {"type": "Point", "coordinates": [4.2270614, 52.0072559]}, "properties": {"type": "inleverpunt", "locatieNaam": "Vis Fietsservice", "straatNaam": "Dijkstraat", "straatNr": "26", "postcode": "2675 AX", "plaats": "Honselersdyk", "merk": "Stibat", "puntType": "inzamelbak", "materialen": ["batterijen"], "uitbetaling": [], "vrijToegankelijk": false, "gemeenteBeperking": null, "openingstijden": null, "latitude": 52.0072559, "longitude": 4.2270614, "bronId": "L038419"}}, {"type": "Feature", "geometry": {"type": "Point", "coordinates": [4.220825, 52.0231545]}, "properties": {"type": "inleverpunt", "locatieNaam": "Argos", "straatNaam": "Jan Barendselaan", "straatNr": "188", "postcode": "2685 BX", "plaats": "Poeldijk", "merk": "Stibat", "puntType": "inzamelbak", "materialen": ["batterijen"], "uitbetaling": [], "vrijToegankelijk": false, "gemeenteBeperking": null, "openingstijden": null, "latitude": 52.0231545, "longitude": 4.220825, "bronId": "L044394"}}, {"type": "Feature", "geometry": {"type": "Point", "coordinates": [4.2189418, 52.0217542]}, "properties": {"type": "inleverpunt", "locatieNaam": "Bike Totaal Michel Vis Fietsen", "straatNaam": "Rijsenburgerweg", "straatNr": "34", "postcode": "2685 EB", "plaats": "Poeldijk", "merk": "Stibat", "puntType": "inzamelbak", "materialen": ["batterijen"], "uitbetaling": [], "vrijToegankelijk": false, "gemeenteBeperking": null, "openingstijden": null, "latitude": 52.0217542, "longitude": 4.2189418, "bronId": "L017468"}}, {"type": "Feature", "geometry": {"type": "Point", "coordinates": [4.2187159, 52.0224707]}, "properties": {"type": "inleverpunt", "locatieNaam": "FA. V. TOL", "straatNaam": "Voorstraat", "straatNr": "56", "postcode": "2685 EN", "plaats": "Poeldijk", "merk": "Stibat", "puntType": "inzamelbak", "materialen": ["batterijen"], "uitbetaling": [], "vrijToegankelijk": false, "gemeenteBeperking": null, "openingstijden": null, "latitude": 52.0224707, "longitude": 4.2187159, "bronId": "L033015"}}, {"type": "Feature", "geometry": {"type": "Point", "coordinates": [4.2184666, 52.0229375]}, "properties": {"type": "inleverpunt", "locatieNaam": "1328 Action", "straatNaam": "Irenestraat", "straatNr": "5", "postcode": "2685 BZ", "plaats": "Poeldijk", "merk": "Stibat", "puntType": "inzamelbak", "materialen": ["batterijen"], "uitbetaling": [], "vrijToegankelijk": false, "gemeenteBeperking": null, "openingstijden": null, "latitude": 52.0229375, "longitude": 4.2184666, "bronId": "L035410"}}, {"type": "Feature", "geometry": {"type": "Point", "coordinates": [4.2182212, 52.0217305]}, "properties": {"type": "inleverpunt", "locatieNaam": "Jumbo", "straatNaam": "Rijsenburgerweg", "straatNr": "28", "postcode": "2685 EB", "plaats": "Poeldijk", "merk": "Stibat", "puntType": "inzamelbak", "materialen": ["batterijen"], "uitbetaling": [], "vrijToegankelijk": false, "gemeenteBeperking": null, "openingstijden": null, "latitude": 52.0217305, "longitude": 4.2182212, "bronId": "L035316"}}, {"type": "Feature", "geometry": {"type": "Point", "coordinates": [4.2267048, 51.972413]}, "properties": {"type": "inleverpunt", "locatieNaam": "Paintball Supplies", "straatNaam": "Jan van de Laarweg", "straatNr": "16", "postcode": "2678 LH", "plaats": "De Lier", "merk": "Stibat", "puntType": "inzamelbak", "materialen": ["batterijen"], "uitbetaling": [], "vrijToegankelijk": false, "gemeenteBeperking": null, "openingstijden": null, "latitude": 51.972413, "longitude": 4.2267048, "bronId": "L025441"}}, {"type": "Feature", "geometry": {"type": "Point", "coordinates": [4.2235343, 51.9709956]}, "properties": {"type": "inleverpunt", "locatieNaam": "Karwei", "straatNaam": "Leehove", "straatNr": "7", "postcode": "2678 MA", "plaats": "De Lier", "merk": "Stibat", "puntType": "inzamelbak", "materialen": ["batterijen"], "uitbetaling": [], "vrijToegankelijk": false, "gemeenteBeperking": null, "openingstijden": null, "latitude": 51.9709956, "longitude": 4.2235343, "bronId": "L007059"}}, {"type": "Feature", "geometry": {"type": "Point", "coordinates": [4.2131339, 51.9990402]}, "properties": {"type": "inleverpunt", "locatieNaam": "Grottendieck Naaldwijk", "straatNaam": "Industriestraat", "straatNr": "7", "postcode": "2671 CT", "plaats": "Naaldwyk", "merk": "Stibat", "puntType": "inzamelbak", "materialen": ["batterijen"], "uitbetaling": [], "vrijToegankelijk": false, "gemeenteBeperking": null, "openingstijden": null, "latitude": 51.9990402, "longitude": 4.2131339, "bronId": "L043648"}}, {"type": "Feature", "geometry": {"type": "Point", "coordinates": [4.210942, 52.0051508]}, "properties": {"type": "inleverpunt", "locatieNaam": "Leen Bakker", "straatNaam": "Warmoezenierstraat", "straatNr": "15", "postcode": "2671 ZP", "plaats": "Naaldwijk", "merk": "Stibat", "puntType": "inzamelbak", "materialen": ["batterijen"], "uitbetaling": [], "vrijToegankelijk": false, "gemeenteBeperking": null, "openingstijden": null, "latitude": 52.0051508, "longitude": 4.210942, "bronId": "L016862"}}, {"type": "Feature", "geometry": {"type": "Point", "coordinates": [4.2122099, 51.9987129]}, "properties": {"type": "inleverpunt", "locatieNaam": "Welkoop", "straatNaam": "Verspycklaan", "straatNr": "73", "postcode": "2671 CS", "plaats": "Naaldwyk", "merk": "Stibat", "puntType": "inzamelbak", "materialen": ["batterijen"], "uitbetaling": [], "vrijToegankelijk": false, "gemeenteBeperking": null, "openingstijden": null, "latitude": 51.9987129, "longitude": 4.2122099, "bronId": "L044883"}}, {"type": "Feature", "geometry": {"type": "Point", "coordinates": [4.2249168, 51.9568965]}, "properties": {"type": "inleverpunt", "locatieNaam": "VTM Vommunicatie", "straatNaam": "Honderdland", "straatNr": "190", "postcode": "2676 LT", "plaats": "Maasdyk", "merk": "Stibat", "puntType": "inzamelbak", "materialen": ["batterijen"], "uitbetaling": [], "vrijToegankelijk": false, "gemeenteBeperking": null, "openingstijden": null, "latitude": 51.9568965, "longitude": 4.2249168, "bronId": "L027730"}}, {"type": "Feature", "geometry": {"type": "Point", "coordinates": [4.2108658, 52.0021047]}, "properties": {"type": "inleverpunt", "locatieNaam": "Rataplan", "straatNaam": "Gildestraat", "straatNr": "91", "postcode": "2671 BV", "plaats": "Naaldwyk", "merk": "Stibat", "puntType": "inzamelbak", "materialen": ["batterijen"], "uitbetaling": [], "vrijToegankelijk": false, "gemeenteBeperking": null, "openingstijden": null, "latitude": 52.0021047, "longitude": 4.2108658, "bronId": "L045842"}}, {"type": "Feature", "geometry": {"type": "Point", "coordinates": [4.2111603, 52.0004193]}, "properties": {"type": "inleverpunt", "locatieNaam": "Joop Gardien Intools B.V.", "straatNaam": "Industriestraat", "straatNr": "21", "postcode": "2671 CT", "plaats": "Naaldwyk", "merk": "Stibat", "puntType": "inzamelbak", "materialen": ["batterijen"], "uitbetaling": [], "vrijToegankelijk": false, "gemeenteBeperking": null, "openingstijden": null, "latitude": 52.0004193, "longitude": 4.2111603, "bronId": "L016489"}}, {"type": "Feature", "geometry": {"type": "Point", "coordinates": [4.2101949, 52.0029744]}, "properties": {"type": "inleverpunt", "locatieNaam": "Gamma", "straatNaam": "Gildestraat", "straatNr": "102", "postcode": "2671 BV", "plaats": "Naaldwijk", "merk": "Stibat", "puntType": "inzamelbak", "materialen": ["batterijen"], "uitbetaling": [], "vrijToegankelijk": false, "gemeenteBeperking": null, "openingstijden": null, "latitude": 52.0029744, "longitude": 4.2101949, "bronId": "L005961"}}, {"type": "Feature", "geometry": {"type": "Point", "coordinates": [4.2089639, 52.0035815]}, "properties": {"type": "inleverpunt", "locatieNaam": "Kwantum", "straatNaam": "Gildestraat", "straatNr": "104-106", "postcode": "2671 BV", "plaats": "Naaldwyk", "merk": "Stibat", "puntType": "inzamelbak", "materialen": ["batterijen"], "uitbetaling": [], "vrijToegankelijk": false, "gemeenteBeperking": null, "openingstijden": null, "latitude": 52.0035815, "longitude": 4.2089639, "bronId": "L018613"}}, {"type": "Feature", "geometry": {"type": "Point", "coordinates": [4.2078754, 52.0034132]}, "properties": {"type": "inleverpunt", "locatieNaam": "Toolstation", "straatNaam": "Gildestraat", "straatNr": "227c", "postcode": "2671 BW", "plaats": "Naaldwyk", "merk": "Stibat", "puntType": "inzamelbak", "materialen": ["batterijen"], "uitbetaling": [], "vrijToegankelijk": false, "gemeenteBeperking": null, "openingstijden": null, "latitude": 52.0034132, "longitude": 4.2078754, "bronId": "L045880"}}, {"type": "Feature", "geometry": {"type": "Point", "coordinates": [4.2104532, 51.9933156]}, "properties": {"type": "inleverpunt", "locatieNaam": "1835 Albert Heijn", "straatNaam": "Verdilaan", "straatNr": "4", "postcode": "2671 VX", "plaats": "Naaldwijk", "merk": "Stibat", "puntType": "inzamelbak", "materialen": ["batterijen"], "uitbetaling": [], "vrijToegankelijk": false, "gemeenteBeperking": null, "openingstijden": null, "latitude": 51.9933156, "longitude": 4.2104532, "bronId": "L007215"}}, {"type": "Feature", "geometry": {"type": "Point", "coordinates": [4.2079154, 51.9934077]}, "properties": {"type": "inleverpunt", "locatieNaam": "The Read Shop", "straatNaam": "Wilhelminaplein", "straatNr": "12", "postcode": "2671 GS", "plaats": "Naaldwyk", "merk": "Stibat", "puntType": "inzamelbak", "materialen": ["batterijen"], "uitbetaling": [], "vrijToegankelijk": false, "gemeenteBeperking": null, "openingstijden": null, "latitude": 51.9934077, "longitude": 4.2079154, "bronId": "L038362"}}, {"type": "Feature", "geometry": {"type": "Point", "coordinates": [4.2075721, 51.9934349]}, "properties": {"type": "inleverpunt", "locatieNaam": "Hans Anders", "straatNaam": "Wilhelminaplein", "straatNr": "18", "postcode": "2671 GS", "plaats": "Naaldwyk", "merk": "Stibat", "puntType": "inzamelbak", "materialen": ["batterijen"], "uitbetaling": [], "vrijToegankelijk": false, "gemeenteBeperking": null, "openingstijden": null, "latitude": 51.9934349, "longitude": 4.2075721, "bronId": "L040995"}}, {"type": "Feature", "geometry": {"type": "Point", "coordinates": [4.2077174, 51.9925993]}, "properties": {"type": "inleverpunt", "locatieNaam": "HEMA Herenstraat", "straatNaam": "Herenstraat", "straatNr": "18-20", "postcode": "2671 JA", "plaats": "Naaldwijk", "merk": "Stibat", "puntType": "inzamelbak", "materialen": ["batterijen"], "uitbetaling": [], "vrijToegankelijk": false, "gemeenteBeperking": null, "openingstijden": null, "latitude": 51.9925993, "longitude": 4.2077174, "bronId": "L006244"}}, {"type": "Feature", "geometry": {"type": "Point", "coordinates": [4.2070384, 51.9945605]}, "properties": {"type": "inleverpunt", "locatieNaam": "Foto Ben Hofland", "straatNaam": "Molenstraat", "straatNr": "38", "postcode": "2671 EX", "plaats": "Naaldwijk", "merk": "Stibat", "puntType": "inzamelbak", "materialen": ["batterijen"], "uitbetaling": [], "vrijToegankelijk": false, "gemeenteBeperking": null, "openingstijden": null, "latitude": 51.9945605, "longitude": 4.2070384, "bronId": "L002610"}}, {"type": "Feature", "geometry": {"type": "Point", "coordinates": [4.2070707, 51.993165]}, "properties": {"type": "inleverpunt", "locatieNaam": "Phone House", "straatNaam": "Herenstraat", "straatNr": "6b", "postcode": "2671 JA", "plaats": "Naaldwijk", "merk": "Stibat", "puntType": "inzamelbak", "materialen": ["batterijen"], "uitbetaling": [], "vrijToegankelijk": false, "gemeenteBeperking": null, "openingstijden": null, "latitude": 51.993165, "longitude": 4.2070707, "bronId": "L022639"}}, {"type": "Feature", "geometry": {"type": "Point", "coordinates": [4.2063258, 51.9944984]}, "properties": {"type": "inleverpunt", "locatieNaam": "Zeeman", "straatNaam": "Molenstraat", "straatNr": "21", "postcode": "2671 EW", "plaats": "Naaldwijk", "merk": "Stibat", "puntType": "inzamelbak", "materialen": ["batterijen"], "uitbetaling": [], "vrijToegankelijk": false, "gemeenteBeperking": null, "openingstijden": null, "latitude": 51.9944984, "longitude": 4.2063258, "bronId": "L020160"}}, {"type": "Feature", "geometry": {"type": "Point", "coordinates": [4.206423, 51.9933341]}, "properties": {"type": "inleverpunt", "locatieNaam": "ANWB", "straatNaam": "Herenstraat", "straatNr": "43", "postcode": "2671 HZ", "plaats": "Naaldwyk", "merk": "Stibat", "puntType": "inzamelbak", "materialen": ["batterijen"], "uitbetaling": [], "vrijToegankelijk": false, "gemeenteBeperking": null, "openingstijden": null, "latitude": 51.9933341, "longitude": 4.206423, "bronId": "L044613"}}, {"type": "Feature", "geometry": {"type": "Point", "coordinates": [4.2060584, 51.9945146]}, "properties": {"type": "inleverpunt", "locatieNaam": "Oorwerk Audiciens", "straatNaam": "Emmastraat", "straatNr": "3", "postcode": "2671 ET", "plaats": "Naaldwyk", "merk": "Stibat", "puntType": "inzamelbak", "materialen": ["batterijen"], "uitbetaling": [], "vrijToegankelijk": false, "gemeenteBeperking": null, "openingstijden": null, "latitude": 51.9945146, "longitude": 4.2060584, "bronId": "L030482"}}, {"type": "Feature", "geometry": {"type": "Point", "coordinates": [4.2066191, 51.9910821]}, "properties": {"type": "inleverpunt", "locatieNaam": "Hoogkamer Rijwielhandel", "straatNaam": "Zuideinde", "straatNr": "17", "postcode": "2671 MG", "plaats": "Naaldwijk", "merk": "Stibat", "puntType": "inzamelbak", "materialen": ["batterijen"], "uitbetaling": [], "vrijToegankelijk": false, "gemeenteBeperking": null, "openingstijden": null, "latitude": 51.9910821, "longitude": 4.2066191, "bronId": "L033010"}}, {"type": "Feature", "geometry": {"type": "Point", "coordinates": [4.206293, 51.9922445]}, "properties": {"type": "inleverpunt", "locatieNaam": "Expert", "straatNaam": "Willem de Sitterstraat", "straatNr": "3", "postcode": "2671 HR", "plaats": "Naaldwyk", "merk": "Stibat", "puntType": "inzamelbak", "materialen": ["batterijen"], "uitbetaling": [], "vrijToegankelijk": false, "gemeenteBeperking": null, "openingstijden": null, "latitude": 51.9922445, "longitude": 4.206293, "bronId": "L010286"}}, {"type": "Feature", "geometry": {"type": "Point", "coordinates": [4.2063368, 51.991702]}, "properties": {"type": "inleverpunt", "locatieNaam": "Beter Horen", "straatNaam": "Zuideinde", "straatNr": "1", "postcode": "2671 MG", "plaats": "Naaldwijk", "merk": "Stibat", "puntType": "inzamelbak", "materialen": ["batterijen"], "uitbetaling": [], "vrijToegankelijk": false, "gemeenteBeperking": null, "openingstijden": null, "latitude": 51.991702, "longitude": 4.2063368, "bronId": "L018796"}}, {"type": "Feature", "geometry": {"type": "Point", "coordinates": [4.2054941, 51.9939363]}, "properties": {"type": "inleverpunt", "locatieNaam": "De Bruin Fietsen", "straatNaam": "Prinses Julianastraat", "straatNr": "10", "postcode": "2671 EJ", "plaats": "Naaldwyk", "merk": "Stibat", "puntType": "inzamelbak", "materialen": ["batterijen"], "uitbetaling": [], "vrijToegankelijk": false, "gemeenteBeperking": null, "openingstijden": null, "latitude": 51.9939363, "longitude": 4.2054941, "bronId": "L049730"}}, {"type": "Feature", "geometry": {"type": "Point", "coordinates": [4.205684, 51.9927463]}, "properties": {"type": "inleverpunt", "locatieNaam": "6169 Etos", "straatNaam": "De Tuinen", "straatNr": "30", "postcode": "2671 NX", "plaats": "Naaldwijk", "merk": "Stibat", "puntType": "inzamelbak", "materialen": ["batterijen"], "uitbetaling": [], "vrijToegankelijk": false, "gemeenteBeperking": null, "openingstijden": null, "latitude": 51.9927463, "longitude": 4.205684, "bronId": "L022320"}}, {"type": "Feature", "geometry": {"type": "Point", "coordinates": [4.2077254, 51.9854259]}, "properties": {"type": "inleverpunt", "locatieNaam": "Gemeentewerf Naaldwijk", "straatNaam": "Hoogwerf", "straatNr": "5", "postcode": "2671 MJ", "plaats": "Naaldwijk", "merk": "Stibat", "puntType": "inzamelbak", "materialen": ["batterijen"], "uitbetaling": [], "vrijToegankelijk": false, "gemeenteBeperking": null, "openingstijden": null, "latitude": 51.9854259, "longitude": 4.2077254, "bronId": "L035634"}}, {"type": "Feature", "geometry": {"type": "Point", "coordinates": [4.2056361, 51.9928581]}, "properties": {"type": "inleverpunt", "locatieNaam": "Kruidvat", "straatNaam": "De Tuinen", "straatNr": "68", "postcode": "2671 NX", "plaats": "Naaldwyk", "merk": "Stibat", "puntType": "inzamelbak", "materialen": ["batterijen"], "uitbetaling": [], "vrijToegankelijk": false, "gemeenteBeperking": null, "openingstijden": null, "latitude": 51.9928581, "longitude": 4.2056361, "bronId": "L016038"}}, {"type": "Feature", "geometry": {"type": "Point", "coordinates": [4.2056382, 51.9927773]}, "properties": {"type": "inleverpunt", "locatieNaam": "Primera Naaldwijk", "straatNaam": "De Tuinen", "straatNr": "9", "postcode": "2671 NX", "plaats": "Naaldwyk", "merk": "Stibat", "puntType": "inzamelbak", "materialen": ["batterijen"], "uitbetaling": [], "vrijToegankelijk": false, "gemeenteBeperking": null, "openingstijden": null, "latitude": 51.9927773, "longitude": 4.2056382, "bronId": "L047132"}}, {"type": "Feature", "geometry": {"type": "Point", "coordinates": [4.2056068, 51.9928668]}, "properties": {"type": "inleverpunt", "locatieNaam": "Dirk", "straatNaam": "De Tuinen", "straatNr": "66", "postcode": "2671 NX", "plaats": "Naaldwyk", "merk": "Stibat", "puntType": "inzamelbak", "materialen": ["batterijen"], "uitbetaling": [], "vrijToegankelijk": false, "gemeenteBeperking": null, "openingstijden": null, "latitude": 51.9928668, "longitude": 4.2056068, "bronId": "L039859"}}, {"type": "Feature", "geometry": {"type": "Point", "coordinates": [4.2056082, 51.9928129]}, "properties": {"type": "inleverpunt", "locatieNaam": "Xenos", "straatNaam": "De Tuinen", "straatNr": "1", "postcode": "2671 NX", "plaats": "Naaldwyk", "merk": "Stibat", "puntType": "inzamelbak", "materialen": ["batterijen"], "uitbetaling": [], "vrijToegankelijk": false, "gemeenteBeperking": null, "openingstijden": null, "latitude": 51.9928129, "longitude": 4.2056082, "bronId": "L037043"}}, {"type": "Feature", "geometry": {"type": "Point", "coordinates": [4.2056091, 51.992777]}, "properties": {"type": "inleverpunt", "locatieNaam": "Intertoys", "straatNaam": "De Tuinen", "straatNr": "3", "postcode": "2671 NX", "plaats": "Naaldwijk", "merk": "Stibat", "puntType": "inzamelbak", "materialen": ["batterijen"], "uitbetaling": [], "vrijToegankelijk": false, "gemeenteBeperking": null, "openingstijden": null, "latitude": 51.992777, "longitude": 4.2056091, "bronId": "L043534"}}, {"type": "Feature", "geometry": {"type": "Point", "coordinates": [4.2056101, 51.992741]}, "properties": {"type": "inleverpunt", "locatieNaam": "Specsavers", "straatNaam": "De Tuinen", "straatNr": "52", "postcode": "2671 NX", "plaats": "Naaldwijk", "merk": "Stibat", "puntType": "inzamelbak", "materialen": ["batterijen"], "uitbetaling": [], "vrijToegankelijk": false, "gemeenteBeperking": null, "openingstijden": null, "latitude": 51.992741, "longitude": 4.2056101, "bronId": "L045058"}}, {"type": "Feature", "geometry": {"type": "Point", "coordinates": [4.207243, 51.9854867]}, "properties": {"type": "inleverpunt", "locatieNaam": "Afvalbrengstation Gemeente Westland", "straatNaam": "Hoogwerf", "straatNr": "5", "postcode": "2671 MJ", "plaats": "Naaldwyk", "merk": "Stibat", "puntType": "inzamelbak", "materialen": ["batterijen"], "uitbetaling": [], "vrijToegankelijk": false, "gemeenteBeperking": null, "openingstijden": null, "latitude": 51.9854867, "longitude": 4.207243, "bronId": "L048876"}}, {"type": "Feature", "geometry": {"type": "Point", "coordinates": [4.2047637, 51.9920674]}, "properties": {"type": "inleverpunt", "locatieNaam": "Wibra", "straatNaam": "Patijnenburg", "straatNr": "8", "postcode": "2671 JD", "plaats": "Naaldwyk", "merk": "Stibat", "puntType": "inzamelbak", "materialen": ["batterijen"], "uitbetaling": [], "vrijToegankelijk": false, "gemeenteBeperking": null, "openingstijden": null, "latitude": 51.9920674, "longitude": 4.2047637, "bronId": "L024440"}}, {"type": "Feature", "geometry": {"type": "Point", "coordinates": [4.2148075, 51.9599172]}, "properties": {"type": "inleverpunt", "locatieNaam": "PLUS", "straatNaam": "Oranjeplein", "straatNr": "1", "postcode": "2676 XP", "plaats": "Maasdijk", "merk": "Stibat", "puntType": "inzamelbak", "materialen": ["batterijen"], "uitbetaling": [], "vrijToegankelijk": false, "gemeenteBeperking": null, "openingstijden": null, "latitude": 51.9599172, "longitude": 4.2148075, "bronId": "L011968"}}, {"type": "Feature", "geometry": {"type": "Point", "coordinates": [4.2046515, 51.9923845]}, "properties": {"type": "inleverpunt", "locatieNaam": "Jumbo", "straatNaam": "Patijnenburg", "straatNr": "43", "postcode": "2671 JD", "plaats": "Naaldwyk", "merk": "Stibat", "puntType": "inzamelbak", "materialen": ["batterijen"], "uitbetaling": [], "vrijToegankelijk": false, "gemeenteBeperking": null, "openingstijden": null, "latitude": 51.9923845, "longitude": 4.2046515, "bronId": "L031681"}}, {"type": "Feature", "geometry": {"type": "Point", "coordinates": [4.2043532, 51.9918115]}, "properties": {"type": "inleverpunt", "locatieNaam": "1398 Action", "straatNaam": "Patijnenburg", "straatNr": "4-6", "postcode": "2671 JD", "plaats": "Naaldwyk", "merk": "Stibat", "puntType": "inzamelbak", "materialen": ["batterijen"], "uitbetaling": [], "vrijToegankelijk": false, "gemeenteBeperking": null, "openingstijden": null, "latitude": 51.9918115, "longitude": 4.2043532, "bronId": "L040115"}}, {"type": "Feature", "geometry": {"type": "Point", "coordinates": [4.2108174, 51.9604658]}, "properties": {"type": "inleverpunt", "locatieNaam": "Kringloop Maasdijk", "straatNaam": "Maasambacht", "straatNr": "8", "postcode": "2676 CW", "plaats": "Maasdyk", "merk": "Stibat", "puntType": "inzamelbak", "materialen": ["batterijen"], "uitbetaling": [], "vrijToegankelijk": false, "gemeenteBeperking": null, "openingstijden": null, "latitude": 51.9604658, "longitude": 4.2108174, "bronId": "L040062"}}, {"type": "Feature", "geometry": {"type": "Point", "coordinates": [4.1828557, 52.0300681]}, "properties": {"type": "inleverpunt", "locatieNaam": "Lidl", "straatNaam": "Van Brederodestraat", "straatNr": "19", "postcode": "2681 JA", "plaats": "Monster", "merk": "Stibat", "puntType": "inzamelbak", "materialen": ["batterijen"], "uitbetaling": [], "vrijToegankelijk": false, "gemeenteBeperking": null, "openingstijden": null, "latitude": 52.0300681, "longitude": 4.1828557, "bronId": "L016866"}}, {"type": "Feature", "geometry": {"type": "Point", "coordinates": [4.1878425, 51.9884936]}, "properties": {"type": "inleverpunt", "locatieNaam": "GroenRijk", "straatNaam": "Naaldwijkseweg", "straatNr": "257", "postcode": "2691 PV", "plaats": "S-Gravenzande", "merk": "Stibat", "puntType": "inzamelbak", "materialen": ["batterijen"], "uitbetaling": [], "vrijToegankelijk": false, "gemeenteBeperking": null, "openingstijden": null, "latitude": 51.9884936, "longitude": 4.1878425, "bronId": "L032621"}}, {"type": "Feature", "geometry": {"type": "Point", "coordinates": [4.1727925, 52.0234742]}, "properties": {"type": "inleverpunt", "locatieNaam": "Kringloopwinkel Rataplan", "straatNaam": "Molenbrink", "straatNr": "38", "postcode": "2681 EZ", "plaats": "Monster", "merk": "Stibat", "puntType": "inzamelbak", "materialen": ["batterijen"], "uitbetaling": [], "vrijToegankelijk": false, "gemeenteBeperking": null, "openingstijden": null, "latitude": 52.0234742, "longitude": 4.1727925, "bronId": "L031265"}}, {"type": "Feature", "geometry": {"type": "Point", "coordinates": [4.1728873, 52.022344]}, "properties": {"type": "inleverpunt", "locatieNaam": "Jumbo", "straatNaam": "Molenbrink", "straatNr": "68", "postcode": "2681 BL", "plaats": "Monster", "merk": "Stibat", "puntType": "inzamelbak", "materialen": ["batterijen"], "uitbetaling": [], "vrijToegankelijk": false, "gemeenteBeperking": null, "openingstijden": null, "latitude": 52.022344, "longitude": 4.1728873, "bronId": "L047734"}}, {"type": "Feature", "geometry": {"type": "Point", "coordinates": [4.1786131, 51.9964724]}, "properties": {"type": "inleverpunt", "locatieNaam": "Gemeentewerf 's-Gravenzande", "straatNaam": "Fultonstraat", "straatNr": "3", "postcode": "2691 HA", "plaats": "'s-Gravenzande", "merk": "Stibat", "puntType": "inzamelbak", "materialen": ["batterijen"], "uitbetaling": [], "vrijToegankelijk": false, "gemeenteBeperking": null, "openingstijden": null, "latitude": 51.9964724, "longitude": 4.1786131, "bronId": "L035636"}}, {"type": "Feature", "geometry": {"type": "Point", "coordinates": [4.1791142, 51.9944395]}, "properties": {"type": "inleverpunt", "locatieNaam": "Zwart Bouwmachines", "straatNaam": "Nobelstraat", "straatNr": "9 BU1", "postcode": "2693 BC", "plaats": "S Gravenzande", "merk": "Stibat", "puntType": "inzamelbak", "materialen": ["batterijen"], "uitbetaling": [], "vrijToegankelijk": false, "gemeenteBeperking": null, "openingstijden": null, "latitude": 51.9944395, "longitude": 4.1791142, "bronId": "L027303"}}, {"type": "Feature", "geometry": {"type": "Point", "coordinates": [4.1725396, 52.0224826]}, "properties": {"type": "inleverpunt", "locatieNaam": "Aldi", "straatNaam": "Molenbrink", "straatNr": "68", "postcode": "2681 EZ", "plaats": "Monster", "merk": "Stibat", "puntType": "inzamelbak", "materialen": ["batterijen"], "uitbetaling": [], "vrijToegankelijk": false, "gemeenteBeperking": null, "openingstijden": null, "latitude": 52.0224826, "longitude": 4.1725396, "bronId": "L041192"}}, {"type": "Feature", "geometry": {"type": "Point", "coordinates": [4.1723391, 52.0233972]}, "properties": {"type": "inleverpunt", "locatieNaam": "Bruna", "straatNaam": "Molenstraat", "straatNr": "41", "postcode": "2681 BM", "plaats": "Monster", "merk": "Stibat", "puntType": "inzamelbak", "materialen": ["batterijen"], "uitbetaling": [], "vrijToegankelijk": false, "gemeenteBeperking": null, "openingstijden": null, "latitude": 52.0233972, "longitude": 4.1723391, "bronId": "L022517"}}, {"type": "Feature", "geometry": {"type": "Point", "coordinates": [4.1726407, 52.0197409]}, "properties": {"type": "inleverpunt", "locatieNaam": "Praxis 2218", "straatNaam": "Havenstraat", "straatNr": "41", "postcode": "2681 LC", "plaats": "Monster", "merk": "Stibat", "puntType": "inzamelbak", "materialen": ["batterijen"], "uitbetaling": [], "vrijToegankelijk": false, "gemeenteBeperking": null, "openingstijden": null, "latitude": 52.0197409, "longitude": 4.1726407, "bronId": "L013738"}}, {"type": "Feature", "geometry": {"type": "Point", "coordinates": [4.1720871, 52.0224229]}, "properties": {"type": "inleverpunt", "locatieNaam": "HEMA Monster", "straatNaam": "Kerkplein", "straatNr": "10", "postcode": "2681 BB", "plaats": "Monster", "merk": "Stibat", "puntType": "inzamelbak", "materialen": ["batterijen"], "uitbetaling": [], "vrijToegankelijk": false, "gemeenteBeperking": null, "openingstijden": null, "latitude": 52.0224229, "longitude": 4.1720871, "bronId": "L046871"}}, {"type": "Feature", "geometry": {"type": "Point", "coordinates": [4.171596, 52.0233987]}, "properties": {"type": "inleverpunt", "locatieNaam": "180 Hoogvliet", "straatNaam": "Molenstraat", "straatNr": "46", "postcode": "2681 BS", "plaats": "Monster", "merk": "Stibat", "puntType": "inzamelbak", "materialen": ["batterijen"], "uitbetaling": [], "vrijToegankelijk": false, "gemeenteBeperking": null, "openingstijden": null, "latitude": 52.0233987, "longitude": 4.171596, "bronId": "L008298"}}, {"type": "Feature", "geometry": {"type": "Point", "coordinates": [4.1716383, 52.0228014]}, "properties": {"type": "inleverpunt", "locatieNaam": "De Vergulde Gaper", "straatNaam": "Molenstraat", "straatNr": "8", "postcode": "2681 BS", "plaats": "Monster", "merk": "Stibat", "puntType": "inzamelbak", "materialen": ["batterijen"], "uitbetaling": [], "vrijToegankelijk": false, "gemeenteBeperking": null, "openingstijden": null, "latitude": 52.0228014, "longitude": 4.1716383, "bronId": "L047825"}}, {"type": "Feature", "geometry": {"type": "Point", "coordinates": [4.1707788, 52.022699]}, "properties": {"type": "inleverpunt", "locatieNaam": "Zeeman", "straatNaam": "Zeestraat", "straatNr": "10-12", "postcode": "2681 CM", "plaats": "Monster", "merk": "Stibat", "puntType": "inzamelbak", "materialen": ["batterijen"], "uitbetaling": [], "vrijToegankelijk": false, "gemeenteBeperking": null, "openingstijden": null, "latitude": 52.022699, "longitude": 4.1707788, "bronId": "L027848"}}, {"type": "Feature", "geometry": {"type": "Point", "coordinates": [4.1708011, 52.0221989]}, "properties": {"type": "inleverpunt", "locatieNaam": "Spaans Elektro", "straatNaam": "Herenstraat", "straatNr": "15", "postcode": "2681 BC", "plaats": "Monster", "merk": "Stibat", "puntType": "inzamelbak", "materialen": ["batterijen"], "uitbetaling": [], "vrijToegankelijk": false, "gemeenteBeperking": null, "openingstijden": null, "latitude": 52.0221989, "longitude": 4.1708011, "bronId": "L047047"}}, {"type": "Feature", "geometry": {"type": "Point", "coordinates": [4.1702971, 52.0228808]}, "properties": {"type": "inleverpunt", "locatieNaam": "Kruidvat", "straatNaam": "Zeestraat", "straatNr": "22", "postcode": "2681 CM", "plaats": "Monster", "merk": "Stibat", "puntType": "inzamelbak", "materialen": ["batterijen"], "uitbetaling": [], "vrijToegankelijk": false, "gemeenteBeperking": null, "openingstijden": null, "latitude": 52.0228808, "longitude": 4.1702971, "bronId": "L016408"}}, {"type": "Feature", "geometry": {"type": "Point", "coordinates": [4.1705218, 52.0215798]}, "properties": {"type": "inleverpunt", "locatieNaam": "Van der lugt", "straatNaam": "Herenstraat", "straatNr": "30A", "postcode": "2681 BH", "plaats": "Monster", "merk": "Stibat", "puntType": "inzamelbak", "materialen": ["batterijen"], "uitbetaling": [], "vrijToegankelijk": false, "gemeenteBeperking": null, "openingstijden": null, "latitude": 52.0215798, "longitude": 4.1705218, "bronId": "L033013"}}, {"type": "Feature", "geometry": {"type": "Point", "coordinates": [4.1754987, 51.9965313]}, "properties": {"type": "inleverpunt", "locatieNaam": "Mastermate", "straatNaam": "Wattstraat", "straatNr": "3", "postcode": "2691 GZ", "plaats": "S Gravenzande", "merk": "Stibat", "puntType": "inzamelbak", "materialen": ["batterijen"], "uitbetaling": [], "vrijToegankelijk": false, "gemeenteBeperking": null, "openingstijden": null, "latitude": 51.9965313, "longitude": 4.1754987, "bronId": "L030638"}}, {"type": "Feature", "geometry": {"type": "Point", "coordinates": [4.1692973, 52.0187368]}, "properties": {"type": "inleverpunt", "locatieNaam": "Gemeentewerf Monster", "straatNaam": "Vlotlaan", "straatNr": "37", "postcode": "2681 RW", "plaats": "Monster", "merk": "Stibat", "puntType": "inzamelbak", "materialen": ["batterijen"], "uitbetaling": [], "vrijToegankelijk": false, "gemeenteBeperking": null, "openingstijden": null, "latitude": 52.0187368, "longitude": 4.1692973, "bronId": "L035635"}}, {"type": "Feature", "geometry": {"type": "Point", "coordinates": [4.1732736, 51.9980499]}, "properties": {"type": "inleverpunt", "locatieNaam": "Welkoop", "straatNaam": "Koningin Julianaweg", "straatNr": "142a", "postcode": "2691 GH", "plaats": "S Gravenzande", "merk": "Stibat", "puntType": "inzamelbak", "materialen": ["batterijen"], "uitbetaling": [], "vrijToegankelijk": false, "gemeenteBeperking": null, "openingstijden": null, "latitude": 51.9980499, "longitude": 4.1732736, "bronId": "L043834"}}, {"type": "Feature", "geometry": {"type": "Point", "coordinates": [4.1683185, 51.9917808]}, "properties": {"type": "inleverpunt", "locatieNaam": "Hubo Westland", "straatNaam": "Woutersweg", "straatNr": "2 b", "postcode": "2691 PR", "plaats": "S Gravenzande", "merk": "Stibat", "puntType": "inzamelbak", "materialen": ["batterijen"], "uitbetaling": [], "vrijToegankelijk": false, "gemeenteBeperking": null, "openingstijden": null, "latitude": 51.9917808, "longitude": 4.1683185, "bronId": "L025075"}}, {"type": "Feature", "geometry": {"type": "Point", "coordinates": [4.1667611, 51.9906096]}, "properties": {"type": "inleverpunt", "locatieNaam": "Caravan en kampeercentrum Westland", "straatNaam": "Woutersweg", "straatNr": "8", "postcode": "2691 PR", "plaats": "S Gravenzande", "merk": "Stibat", "puntType": "inzamelbak", "materialen": ["batterijen"], "uitbetaling": [], "vrijToegankelijk": false, "gemeenteBeperking": null, "openingstijden": null, "latitude": 51.9906096, "longitude": 4.1667611, "bronId": "L035422"}}, {"type": "Feature", "geometry": {"type": "Point", "coordinates": [4.1641882, 52.0003417]}, "properties": {"type": "inleverpunt", "locatieNaam": "1366 Albert Heijn", "straatNaam": "Oudelandstraat", "straatNr": "16", "postcode": "2691 CE", "plaats": "'s-Gravenzande", "merk": "Stibat", "puntType": "inzamelbak", "materialen": ["batterijen"], "uitbetaling": [], "vrijToegankelijk": false, "gemeenteBeperking": null, "openingstijden": null, "latitude": 52.0003417, "longitude": 4.1641882, "bronId": "L006713"}}, {"type": "Feature", "geometry": {"type": "Point", "coordinates": [4.1629816, 52.0027378]}, "properties": {"type": "inleverpunt", "locatieNaam": "Kruidvat", "straatNaam": "Langestraat", "straatNr": "58-60", "postcode": "2691 BJ", "plaats": "S Gravenzande", "merk": "Stibat", "puntType": "inzamelbak", "materialen": ["batterijen"], "uitbetaling": [], "vrijToegankelijk": false, "gemeenteBeperking": null, "openingstijden": null, "latitude": 52.0027378, "longitude": 4.1629816, "bronId": "L015298"}}, {"type": "Feature", "geometry": {"type": "Point", "coordinates": [4.1628124, 52.0024157]}, "properties": {"type": "inleverpunt", "locatieNaam": "Primera", "straatNaam": "Graaf Willem II straat", "straatNr": "26", "postcode": "2691 MW", "plaats": "S Gravenzande", "merk": "Stibat", "puntType": "inzamelbak", "materialen": ["batterijen"], "uitbetaling": [], "vrijToegankelijk": false, "gemeenteBeperking": null, "openingstijden": null, "latitude": 52.0024157, "longitude": 4.1628124, "bronId": "L022554"}}, {"type": "Feature", "geometry": {"type": "Point", "coordinates": [4.1628124, 52.0024157]}, "properties": {"type": "inleverpunt", "locatieNaam": "Jumbo", "straatNaam": "Graaf Willem II straat", "straatNr": "10", "postcode": "2691 MW", "plaats": "S Gravenzande", "merk": "Stibat", "puntType": "inzamelbak", "materialen": ["batterijen"], "uitbetaling": [], "vrijToegankelijk": false, "gemeenteBeperking": null, "openingstijden": null, "latitude": 52.0024157, "longitude": 4.1628124, "bronId": "L039150"}}, {"type": "Feature", "geometry": {"type": "Point", "coordinates": [4.1628124, 52.0024157]}, "properties": {"type": "inleverpunt", "locatieNaam": "Lidl", "straatNaam": "Graaf Willem II straat", "straatNr": "30", "postcode": "2691 MW", "plaats": "S Gravenzande", "merk": "Stibat", "puntType": "inzamelbak", "materialen": ["batterijen"], "uitbetaling": [], "vrijToegankelijk": false, "gemeenteBeperking": null, "openingstijden": null, "latitude": 52.0024157, "longitude": 4.1628124, "bronId": "L038071"}}, {"type": "Feature", "geometry": {"type": "Point", "coordinates": [4.1625432, 52.0022666]}, "properties": {"type": "inleverpunt", "locatieNaam": "Hans Anders", "straatNaam": "Graaf Willem II straat", "straatNr": "31", "postcode": "2691 MW", "plaats": "S Gravenzande", "merk": "Stibat", "puntType": "inzamelbak", "materialen": ["batterijen"], "uitbetaling": [], "vrijToegankelijk": false, "gemeenteBeperking": null, "openingstijden": null, "latitude": 52.0022666, "longitude": 4.1625432, "bronId": "L040996"}}, {"type": "Feature", "geometry": {"type": "Point", "coordinates": [4.1617764, 52.0036542]}, "properties": {"type": "inleverpunt", "locatieNaam": "EP:", "straatNaam": "Vaartplein", "straatNr": "8", "postcode": "2691 AJ", "plaats": "s Gravenzande", "merk": "Stibat", "puntType": "inzamelbak", "materialen": ["batterijen"], "uitbetaling": [], "vrijToegankelijk": false, "gemeenteBeperking": null, "openingstijden": null, "latitude": 52.0036542, "longitude": 4.1617764, "bronId": "L016833"}}, {"type": "Feature", "geometry": {"type": "Point", "coordinates": [4.1617066, 52.0037656]}, "properties": {"type": "inleverpunt", "locatieNaam": "De Bruin Fietsen", "straatNaam": "Vaartplein", "straatNr": "12", "postcode": "2691 AJ", "plaats": "S Gravenzande", "merk": "Stibat", "puntType": "inzamelbak", "materialen": ["batterijen"], "uitbetaling": [], "vrijToegankelijk": false, "gemeenteBeperking": null, "openingstijden": null, "latitude": 52.0037656, "longitude": 4.1617066, "bronId": "L049731"}}, {"type": "Feature", "geometry": {"type": "Point", "coordinates": [4.1619242, 52.0013731]}, "properties": {"type": "inleverpunt", "locatieNaam": "Beeks Oog &amp; Oor", "straatNaam": "Langestraat", "straatNr": "223", "postcode": "2691 BG", "plaats": "S Gravenzande", "merk": "Stibat", "puntType": "inzamelbak", "materialen": ["batterijen"], "uitbetaling": [], "vrijToegankelijk": false, "gemeenteBeperking": null, "openingstijden": null, "latitude": 52.0013731, "longitude": 4.1619242, "bronId": "L041743"}}, {"type": "Feature", "geometry": {"type": "Point", "coordinates": [4.1609729, 52.0029193]}, "properties": {"type": "inleverpunt", "locatieNaam": "HEMA Langestraat", "straatNaam": "Langestraat", "straatNr": "125", "postcode": "2691 BD", "plaats": "'s-Gravenzande", "merk": "Stibat", "puntType": "inzamelbak", "materialen": ["batterijen"], "uitbetaling": [], "vrijToegankelijk": false, "gemeenteBeperking": null, "openingstijden": null, "latitude": 52.0029193, "longitude": 4.1609729, "bronId": "L006380"}}, {"type": "Feature", "geometry": {"type": "Point", "coordinates": [4.1607017, 52.0031985]}, "properties": {"type": "inleverpunt", "locatieNaam": "Zeeman", "straatNaam": "Langestraat", "straatNr": "119", "postcode": "2691 BD", "plaats": "S Gravenzande", "merk": "Stibat", "puntType": "inzamelbak", "materialen": ["batterijen"], "uitbetaling": [], "vrijToegankelijk": false, "gemeenteBeperking": null, "openingstijden": null, "latitude": 52.0031985, "longitude": 4.1607017, "bronId": "L029037"}}, {"type": "Feature", "geometry": {"type": "Point", "coordinates": [4.1595798, 52.001752]}, "properties": {"type": "inleverpunt", "locatieNaam": "200 Hoogvliet", "straatNaam": "Van Geeststraat", "straatNr": "31", "postcode": "2692 AC", "plaats": "'s-Gravenzande", "merk": "Stibat", "puntType": "inzamelbak", "materialen": ["batterijen"], "uitbetaling": [], "vrijToegankelijk": false, "gemeenteBeperking": null, "openingstijden": null, "latitude": 52.001752, "longitude": 4.1595798, "bronId": "L010545"}}, {"type": "Feature", "geometry": {"type": "Point", "coordinates": [4.1592037, 52.0000517]}, "properties": {"type": "inleverpunt", "locatieNaam": "Bike Totaal Mondt", "straatNaam": "Hellendaalweg", "straatNr": "1", "postcode": "2692 AD", "plaats": "'s-Gravenzande", "merk": "Stibat", "puntType": "inzamelbak", "materialen": ["batterijen"], "uitbetaling": [], "vrijToegankelijk": false, "gemeenteBeperking": null, "openingstijden": null, "latitude": 52.0000517, "longitude": 4.1592037, "bronId": "L048857"}}, {"type": "Feature", "geometry": {"type": "Point", "coordinates": [4.1537988, 52.0139349]}, "properties": {"type": "inleverpunt", "locatieNaam": "Intratuin", "straatNaam": "Monsterseweg", "straatNr": "129", "postcode": "2691 JE", "plaats": "S Gravenzande", "merk": "Stibat", "puntType": "inzamelbak", "materialen": ["batterijen"], "uitbetaling": [], "vrijToegankelijk": false, "gemeenteBeperking": null, "openingstijden": null, "latitude": 52.0139349, "longitude": 4.1537988, "bronId": "L024235"}}, {"type": "Feature", "geometry": {"type": "Point", "coordinates": [4.1383372, 52.0030123]}, "properties": {"type": "inleverpunt", "locatieNaam": "Vlugtenburg aan zee", "straatNaam": "'t Louwtje", "straatNr": "10", "postcode": "2691 KR", "plaats": "'s-Gravenzande", "merk": "Stibat", "puntType": "inzamelbak", "materialen": ["batterijen"], "uitbetaling": [], "vrijToegankelijk": false, "gemeenteBeperking": null, "openingstijden": null, "latitude": 52.0030123, "longitude": 4.1383372, "bronId": "L004889"}}, {"type": "Feature", "geometry": {"type": "Polygon", "coordinates": [[[4.241102000555081, 51.94324900387708], [4.241270000555276, 51.94370800387736], [4.2404090005544175, 51.94382600387744], [4.2368450005510025, 51.946685003879196], [4.234498000548785, 51.94912000388068], [4.233740000548119, 51.95079300388173], [4.233583000548068, 51.95268900388295], [4.23395700054848, 51.95333100388335], [4.236541000551108, 51.95400000388378], [4.237329000551896, 51.95394500388375], [4.237249000551836, 51.95423600388396], [4.25362900056853, 51.95886700388706], [4.25826800057319, 51.95896500388716], [4.262310000577317, 51.96022700388802], [4.26344900057845, 51.96009400388792], [4.276537000591862, 51.96505400389121], [4.2714560005870315, 51.96986000389416], [4.272465000588066, 51.97025600389442], [4.271949000587624, 51.97161400389525], [4.27322500058902, 51.97364300389656], [4.274686000590469, 51.97339600389635], [4.278161000593793, 51.9704330038946], [4.280315000596009, 51.97145100389527], [4.282317000597925, 51.96978800389422], [4.284127000599787, 51.970627003894755], [4.285092000600714, 51.96989000389433], [4.289351000605097, 51.9718710038956], [4.287553000603378, 51.97335500389652], [4.295981000612065, 51.97753300389921], [4.298253000614343, 51.97746400389917], [4.303143000619383, 51.979900003900745], [4.301816000618125, 51.98120000390159], [4.30003200061632, 51.98093200390141], [4.299271000615567, 51.981114003901524], [4.298766000615114, 51.982107003902115], [4.29632500061265, 51.98176500390188], [4.295629000612051, 51.983597003903], [4.291914000608289, 51.9829700039026], [4.290193000606809, 51.98739700390534], [4.2886840006053735, 51.9888250039062], [4.287537000604236, 51.98901600390631], [4.28409000060059, 51.985641003904185], [4.282519000599065, 51.986564003904746], [4.282304000598893, 51.98734700390523], [4.280903000597556, 51.98854300390595], [4.280355000597005, 51.98854000390591], [4.2803220005970735, 51.99034700390707], [4.27391500059074, 51.99202000390806], [4.271894000588762, 51.99289200390858], [4.271117000587947, 51.99224700390814], [4.269723000586582, 51.99290000390855], [4.269320000586163, 51.992574003908324], [4.26805600058494, 51.99338800390882], [4.267545000584411, 51.99309100390867], [4.266912000583788, 51.99331500390878], [4.267252000584146, 51.99358400390897], [4.265245000582257, 51.995836003910306], [4.309819000628065, 52.015634003923154], [4.307639000626022, 52.018151003924686], [4.302664000620939, 52.0164880039236], [4.301075000619423, 52.017869003924474], [4.298615000616902, 52.01687700392382], [4.2955120006136776, 52.01484800392249], [4.289736000608042, 52.01764800392418], [4.2943450006127595, 52.01935900392532], [4.286734000605332, 52.02298500392745], [4.288255000606902, 52.02375800392797], [4.285142000603884, 52.02562000392911], [4.2856500006044085, 52.0259140039293], [4.285046000603825, 52.02626800392954], [4.285884000604675, 52.02648100392961], [4.2852500006040914, 52.02742200393022], [4.283475000602272, 52.02670000392976], [4.282800000601647, 52.02762600393032], [4.281711000600544, 52.02743100393022], [4.277874000596983, 52.032498003933306], [4.275896000594946, 52.03155700393268], [4.272663000591949, 52.035917003935374], [4.267737000586864, 52.03325400393365], [4.267149000586274, 52.03323700393364], [4.256199000575019, 52.028269003930426], [4.255069000573893, 52.02837000393047], [4.248217000566845, 52.025226003928445], [4.24502100056383, 52.02856800393046], [4.243694000562546, 52.02936800393095], [4.235015000554411, 52.03929500393702], [4.228326000547445, 52.03464200393401], [4.223232000542327, 52.03439600393385], [4.219227000538275, 52.03373700393336], [4.213781000532707, 52.03178400393205], [4.212292000531153, 52.03071200393139], [4.209585000528608, 52.033655003933184], [4.212434000531486, 52.03403300393346], [4.202185000521969, 52.04711200394144], [4.20026200052012, 52.04845800394225], [4.198854000518802, 52.050002003943185], [4.19973800051973, 52.050817003943706], [4.196329000516598, 52.05567700394667], [4.184998000505583, 52.06145100395009], [4.143634000462432, 52.03176200393114], [4.119965000437488, 52.01065500391765], [4.110164000427306, 52.00443700391363], [4.118589000435752, 52.00452800391381], [4.132518000449359, 51.998543003910264], [4.130987000447743, 51.99717900390942], [4.132390000449045, 51.99542200390835], [4.13568800045219, 51.99263600390665], [4.150972000467222, 51.98763600390374], [4.1489690004650654, 51.98510100390214], [4.149955000466038, 51.98481100390195], [4.147281000463158, 51.98139300389977], [4.152496000468305, 51.98001100389897], [4.1553490004711495, 51.979707003898845], [4.155063000470754, 51.977838003897666], [4.169605000485111, 51.97397300389541], [4.17589800049129, 51.971694003894086], [4.18749300050264, 51.96683700389122], [4.1865800005016665, 51.96586900389061], [4.18716400050224, 51.965658003890475], [4.188529000503583, 51.96521800389024], [4.190609000505716, 51.96598200389074], [4.191196000506273, 51.965445003890395], [4.1893690005044, 51.964758003889926], [4.186724000501627, 51.962676003888625], [4.192396000506867, 51.954806003883725], [4.217824000531632, 51.94163700387581], [4.219803000533602, 51.941383003875664], [4.228292000542495, 51.947992003879925], [4.231767000545695, 51.94292200387677], [4.2363430005503435, 51.94391700387744], [4.238782000552779, 51.94373800387737], [4.24021600055417, 51.942853003876834], [4.241102000555081, 51.94324900387708]]]}, "properties": {"type": "boundary", "gemeente": "Westland"}}]}