{"type": "FeatureCollection", "metadata": {"gemeente": "Zaanstad", "slug": "zaanstad", "generated_at": "2026-07-28T09:25:50.134599Z", "total_points": 285, "merken": ["StatiegeldNederland", "Stibat", "StichtingOPEN"], "bounds": [4.7334227, 52.421504, 4.853268, 52.5155553]}, "features": [{"type": "Feature", "geometry": {"type": "Point", "coordinates": [4.8122934, 52.4386873]}, "properties": {"type": "inleverpunt", "locatieNaam": "Albert Heijn", "straatNaam": "Ebbehout", "straatNr": "29", "postcode": "1507 EA", "plaats": "Zaandam", "merk": "StatiegeldNederland", "puntType": "automaat", "materialen": ["pet-groot", "pet-klein", "blik", "glas", "krat"], "uitbetaling": ["bonnetje", "donatie"], "vrijToegankelijk": true, "gemeenteBeperking": null, "openingstijden": {"ma": "08:00–21:00", "di": "08:00–21:00", "wo": "08:00–21:00", "do": "08:00–21:00", "vr": "08:00–21:00", "za": "08:00–21:00", "zo": "09:00–20:00"}, "latitude": 52.4386873, "longitude": 4.8122934, "bronId": "252196"}}, {"type": "Feature", "geometry": {"type": "Point", "coordinates": [4.8174533, 52.4385618]}, "properties": {"type": "inleverpunt", "locatieNaam": "Albert Heijn", "straatNaam": "Hermitage", "straatNr": "4", "postcode": "1506 TX", "plaats": "Zaandam", "merk": "StatiegeldNederland", "puntType": "automaat", "materialen": ["pet-groot", "pet-klein", "blik", "glas", "krat"], "uitbetaling": ["bonnetje", "donatie"], "vrijToegankelijk": true, "gemeenteBeperking": null, "openingstijden": {"ma": "08:00–22:00", "di": "08:00–22:00", "wo": "08:00–22:00", "do": "08:00–22:00", "vr": "08:00–22:00", "za": "08:00–22:00", "zo": "09:00–22:00"}, "latitude": 52.4385618, "longitude": 4.8174533, "bronId": "252302"}}, {"type": "Feature", "geometry": {"type": "Point", "coordinates": [4.7999862, 52.4766196]}, "properties": {"type": "inleverpunt", "locatieNaam": "Albert Heijn", "straatNaam": "John Lennonstraat", "straatNr": "265", "postcode": "1544 LT", "plaats": "Zaandijk", "merk": "StatiegeldNederland", "puntType": "automaat", "materialen": ["pet-groot", "pet-klein", "blik", "glas", "krat"], "uitbetaling": ["bonnetje", "donatie"], "vrijToegankelijk": true, "gemeenteBeperking": null, "openingstijden": {"ma": "08:00–21:00", "di": "08:00–21:00", "wo": "08:00–21:00", "do": "08:00–21:00", "vr": "08:00–21:00", "za": "08:00–21:00", "zo": "09:00–20:00"}, "latitude": 52.4766196, "longitude": 4.7999862, "bronId": "252363"}}, {"type": "Feature", "geometry": {"type": "Point", "coordinates": [4.7521727, 52.4883617]}, "properties": {"type": "inleverpunt", "locatieNaam": "Albert Heijn", "straatNaam": "Kaaikhof", "straatNr": "22", "postcode": "1567 JP", "plaats": "Assendelft", "merk": "StatiegeldNederland", "puntType": "automaat", "materialen": ["pet-groot", "pet-klein", "blik", "glas", "krat"], "uitbetaling": ["bonnetje", "donatie"], "vrijToegankelijk": true, "gemeenteBeperking": null, "openingstijden": {"ma": "08:00–22:00", "di": "08:00–22:00", "wo": "08:00–22:00", "do": "08:00–22:00", "vr": "08:00–22:00", "za": "08:00–22:00", "zo": "08:00–22:00"}, "latitude": 52.4883617, "longitude": 4.7521727, "bronId": "252369"}}, {"type": "Feature", "geometry": {"type": "Point", "coordinates": [4.8282842, 52.4538242]}, "properties": {"type": "inleverpunt", "locatieNaam": "Albert Heijn", "straatNaam": "Koningin Julianaplein", "straatNr": "10", "postcode": "1502 DZ", "plaats": "Zaandam", "merk": "StatiegeldNederland", "puntType": "automaat", "materialen": ["pet-groot", "pet-klein", "blik", "glas", "krat"], "uitbetaling": ["bonnetje", "donatie"], "vrijToegankelijk": true, "gemeenteBeperking": null, "openingstijden": {"ma": "08:00–22:00", "di": "08:00–22:00", "wo": "08:00–22:00", "do": "08:00–22:00", "vr": "08:00–22:00", "za": "08:00–22:00", "zo": "09:00–22:00"}, "latitude": 52.4538242, "longitude": 4.8282842, "bronId": "252420"}}, {"type": "Feature", "geometry": {"type": "Point", "coordinates": [4.8022517, 52.448394]}, "properties": {"type": "inleverpunt", "locatieNaam": "Albert Heijn", "straatNaam": "Langeweide", "straatNr": "77", "postcode": "1507 ND", "plaats": "Zaandam", "merk": "StatiegeldNederland", "puntType": "automaat", "materialen": ["pet-groot", "pet-klein", "blik", "glas", "krat"], "uitbetaling": ["bonnetje", "donatie"], "vrijToegankelijk": true, "gemeenteBeperking": null, "openingstijden": {"ma": "08:00–21:00", "di": "08:00–21:00", "wo": "08:00–21:00", "do": "08:00–21:00", "vr": "08:00–21:00", "za": "08:00–21:00", "zo": "09:00–20:00"}, "latitude": 52.448394, "longitude": 4.8022517, "bronId": "252460"}}, {"type": "Feature", "geometry": {"type": "Point", "coordinates": [4.7856307, 52.4946327]}, "properties": {"type": "inleverpunt", "locatieNaam": "Albert Heijn", "straatNaam": "Marktplein", "straatNr": "9", "postcode": "1521 HS", "plaats": "Wormerveer", "merk": "StatiegeldNederland", "puntType": "automaat", "materialen": ["pet-groot", "pet-klein", "blik", "glas", "krat"], "uitbetaling": ["bonnetje", "donatie"], "vrijToegankelijk": true, "gemeenteBeperking": null, "openingstijden": {"ma": "08:00–22:00", "di": "08:00–22:00", "wo": "08:00–22:00", "do": "08:00–22:00", "vr": "08:00–22:00", "za": "08:00–22:00", "zo": "08:00–21:00"}, "latitude": 52.4946327, "longitude": 4.7856307, "bronId": "252509"}}, {"type": "Feature", "geometry": {"type": "Point", "coordinates": [4.7478578, 52.4742659]}, "properties": {"type": "inleverpunt", "locatieNaam": "Albert Heijn", "straatNaam": "Norbertijnenstraat", "straatNr": "9", "postcode": "1566 LK", "plaats": "Assendelft", "merk": "StatiegeldNederland", "puntType": "automaat", "materialen": ["pet-groot", "pet-klein", "blik", "glas", "krat"], "uitbetaling": ["bonnetje", "donatie"], "vrijToegankelijk": true, "gemeenteBeperking": null, "openingstijden": {"ma": "09:00–19:00", "di": "09:00–19:00", "wo": "09:00–19:00", "do": "09:00–19:00", "vr": "09:00–19:00", "za": "09:00–19:00", "zo": "10:00–19:00"}, "latitude": 52.4742659, "longitude": 4.7478578, "bronId": "252578"}}, {"type": "Feature", "geometry": {"type": "Point", "coordinates": [4.7593419, 52.502926]}, "properties": {"type": "inleverpunt", "locatieNaam": "Albert Heijn", "straatNaam": "Rosariumplein", "straatNr": "20", "postcode": "1561 DX", "plaats": "Krommenie", "merk": "StatiegeldNederland", "puntType": "automaat", "materialen": ["pet-groot", "pet-klein", "blik", "glas", "krat"], "uitbetaling": ["bonnetje", "donatie"], "vrijToegankelijk": true, "gemeenteBeperking": null, "openingstijden": {"ma": "08:00–22:00", "di": "08:00–22:00", "wo": "08:00–22:00", "do": "08:00–22:00", "vr": "08:00–22:00", "za": "08:00–22:00", "zo": "09:00–22:00"}, "latitude": 52.502926, "longitude": 4.7593419, "bronId": "252688"}}, {"type": "Feature", "geometry": {"type": "Point", "coordinates": [4.8096738, 52.4634088]}, "properties": {"type": "inleverpunt", "locatieNaam": "Albert Heijn", "straatNaam": "Verzetstraat", "straatNr": "10", "postcode": "1541 HB", "plaats": "Koog Aan De Zaan", "merk": "StatiegeldNederland", "puntType": "automaat", "materialen": ["pet-groot", "pet-klein", "blik", "glas", "krat"], "uitbetaling": ["bonnetje", "donatie"], "vrijToegankelijk": true, "gemeenteBeperking": null, "openingstijden": {"ma": "07:00–22:00", "di": "07:00–22:00", "wo": "07:00–22:00", "do": "07:00–22:00", "vr": "07:00–22:00", "za": "07:00–22:00", "zo": "08:00–22:00"}, "latitude": 52.4634088, "longitude": 4.8096738, "bronId": "252860"}}, {"type": "Feature", "geometry": {"type": "Point", "coordinates": [4.8372416, 52.4442127]}, "properties": {"type": "inleverpunt", "locatieNaam": "Albert Heijn", "straatNaam": "Vriesch Groenstraat", "straatNr": "5", "postcode": "1503 MN", "plaats": "Zaandam", "merk": "StatiegeldNederland", "puntType": "automaat", "materialen": ["pet-groot", "pet-klein", "blik", "glas", "krat"], "uitbetaling": ["bonnetje", "donatie"], "vrijToegankelijk": true, "gemeenteBeperking": null, "openingstijden": {"ma": "08:00–22:00", "di": "08:00–22:00", "wo": "08:00–22:00", "do": "08:00–22:00", "vr": "08:00–22:00", "za": "08:00–22:00", "zo": "08:00–22:00"}, "latitude": 52.4442127, "longitude": 4.8372416, "bronId": "252878"}}, {"type": "Feature", "geometry": {"type": "Point", "coordinates": [4.753576, 52.4820586]}, "properties": {"type": "inleverpunt", "locatieNaam": "Aldi", "straatNaam": "Dorpsstraat", "straatNr": "705", "postcode": "1566 EE", "plaats": "Assendelft", "merk": "StatiegeldNederland", "puntType": "automaat", "materialen": ["pet-groot", "pet-klein", "blik", "glas", "krat"], "uitbetaling": ["bonnetje"], "vrijToegankelijk": true, "gemeenteBeperking": null, "openingstijden": {"ma": "08:00–20:00", "di": "08:00–20:00", "wo": "08:00–20:00", "do": "08:00–20:00", "vr": "08:00–20:00", "za": "08:00–20:00", "zo": "10:00–18:00"}, "latitude": 52.4820586, "longitude": 4.753576, "bronId": "253083"}}, {"type": "Feature", "geometry": {"type": "Point", "coordinates": [4.8168445, 52.460528]}, "properties": {"type": "inleverpunt", "locatieNaam": "Aldi", "straatNaam": "Dr. Hg. Scholtenstraat", "straatNr": "5B", "postcode": "1508 EB", "plaats": "Zaandam", "merk": "StatiegeldNederland", "puntType": "automaat", "materialen": ["pet-groot", "pet-klein", "blik", "glas", "krat"], "uitbetaling": ["bonnetje"], "vrijToegankelijk": true, "gemeenteBeperking": null, "openingstijden": {"ma": "08:00–20:00", "di": "08:00–20:00", "wo": "08:00–20:00", "do": "08:00–20:00", "vr": "08:00–20:00", "za": "08:00–20:00", "zo": "10:00–18:00"}, "latitude": 52.460528, "longitude": 4.8168445, "bronId": "253087"}}, {"type": "Feature", "geometry": {"type": "Point", "coordinates": [4.8206055, 52.4292233]}, "properties": {"type": "inleverpunt", "locatieNaam": "Aldi", "straatNaam": "Stormhoek", "straatNr": "71", "postcode": "1506 SW", "plaats": "Zaandam", "merk": "StatiegeldNederland", "puntType": "automaat", "materialen": ["pet-groot", "pet-klein", "blik", "glas", "krat"], "uitbetaling": ["bonnetje"], "vrijToegankelijk": true, "gemeenteBeperking": null, "openingstijden": {"ma": "08:00–20:00", "di": "08:00–20:00", "wo": "08:00–20:00", "do": "08:00–20:00", "vr": "08:00–20:00", "za": "08:00–18:00", "zo": "10:00–18:00"}, "latitude": 52.4292233, "longitude": 4.8206055, "bronId": "253384"}}, {"type": "Feature", "geometry": {"type": "Point", "coordinates": [4.7334227, 52.434775]}, "properties": {"type": "inleverpunt", "locatieNaam": "Appel 2552 - Afvalzorg", "straatNaam": "Nauerna", "straatNr": "1", "postcode": "1556 PB", "plaats": "Assendelft", "merk": "StatiegeldNederland", "puntType": "balie", "materialen": ["pet-groot", "pet-klein", "blik"], "uitbetaling": [], "vrijToegankelijk": true, "gemeenteBeperking": null, "openingstijden": {"ma": "07:00–16:00", "di": "07:00–16:00", "wo": "07:00–16:00", "do": "07:00–16:00", "vr": "07:00–16:00", "za": "Gesloten", "zo": "Gesloten"}, "latitude": 52.434775, "longitude": 4.7334227, "bronId": "253575"}}, {"type": "Feature", "geometry": {"type": "Point", "coordinates": [4.8145632, 52.4383476]}, "properties": {"type": "inleverpunt", "locatieNaam": "Appel 2754 Gemeente Zaanstad", "straatNaam": "Stadhuisplein", "straatNr": "100", "postcode": "1506 MZ", "plaats": "Zaandam", "merk": "StatiegeldNederland", "puntType": "balie", "materialen": ["pet-groot", "pet-klein", "blik"], "uitbetaling": [], "vrijToegankelijk": true, "gemeenteBeperking": null, "openingstijden": {"ma": "08:30–16:00", "di": "13:30–20:00", "wo": "08:30–16:00", "do": "08:30–20:00", "vr": "08:30–12:00", "za": "Gesloten", "zo": "Gesloten"}, "latitude": 52.4383476, "longitude": 4.8145632, "bronId": "253660"}}, {"type": "Feature", "geometry": {"type": "Point", "coordinates": [4.7569836, 52.4977807]}, "properties": {"type": "inleverpunt", "locatieNaam": "Bertrand Russell college", "straatNaam": "Erasmusstraat", "straatNr": "28", "postcode": "1561 KD", "plaats": "Krommenie", "merk": "StatiegeldNederland", "puntType": "automaat", "materialen": ["pet-klein", "blik"], "uitbetaling": ["donatie", "tikkie"], "vrijToegankelijk": true, "gemeenteBeperking": null, "openingstijden": null, "latitude": 52.4977807, "longitude": 4.7569836, "bronId": "253824"}}, {"type": "Feature", "geometry": {"type": "Point", "coordinates": [4.8184088, 52.4469094]}, "properties": {"type": "inleverpunt", "locatieNaam": "Cg 3119 Koninklijke Verkade Nv", "straatNaam": "Westzijde", "straatNr": "103", "postcode": "1506 GA", "plaats": "Zaandam", "merk": "StatiegeldNederland", "puntType": "balie", "materialen": ["pet-groot", "pet-klein", "blik"], "uitbetaling": [], "vrijToegankelijk": true, "gemeenteBeperking": null, "openingstijden": {"ma": "08:00–18:00", "di": "08:00–18:00", "wo": "08:00–18:00", "do": "08:00–18:00", "vr": "08:00–18:00", "za": "08:00–18:00", "zo": "08:00–18:00"}, "latitude": 52.4469094, "longitude": 4.8184088, "bronId": "254091"}}, {"type": "Feature", "geometry": {"type": "Point", "coordinates": [4.7970596, 52.4616834]}, "properties": {"type": "inleverpunt", "locatieNaam": "Circlek Servauto - De Zaan", "straatNaam": "Westerkoogweg", "straatNr": "2", "postcode": "1541 TD", "plaats": "Koog Ad Zaan", "merk": "StatiegeldNederland", "puntType": "balie", "materialen": ["pet-groot", "pet-klein", "blik"], "uitbetaling": [], "vrijToegankelijk": true, "gemeenteBeperking": null, "openingstijden": {"ma": "06:00–21:00", "di": "06:00–21:00", "wo": "06:00–21:00", "do": "06:00–21:00", "vr": "06:00–21:00", "za": "07:00–21:00", "zo": "09:00–21:00"}, "latitude": 52.4616834, "longitude": 4.7970596, "bronId": "254139"}}, {"type": "Feature", "geometry": {"type": "Point", "coordinates": [4.853268, 52.4312]}, "properties": {"type": "inleverpunt", "locatieNaam": "Circlek Servauto - Thorbeckeweg", "straatNaam": "Thorbeckeweg", "straatNr": "1", "postcode": "1505 HP", "plaats": "Zaandam", "merk": "StatiegeldNederland", "puntType": "balie", "materialen": ["pet-groot", "pet-klein", "blik"], "uitbetaling": [], "vrijToegankelijk": true, "gemeenteBeperking": null, "openingstijden": {"ma": "24 uur geopend", "di": "24 uur geopend", "wo": "24 uur geopend", "do": "24 uur geopend", "vr": "24 uur geopend", "za": "24 uur geopend", "zo": "24 uur geopend"}, "latitude": 52.4312, "longitude": 4.853268, "bronId": "254164"}}, {"type": "Feature", "geometry": {"type": "Point", "coordinates": [4.8217969, 52.4661256]}, "properties": {"type": "inleverpunt", "locatieNaam": "De Watergeuzen", "straatNaam": "T Kalf", "straatNr": "19", "postcode": "1509 AC", "plaats": "Zaandam", "merk": "StatiegeldNederland", "puntType": "balie", "materialen": ["pet-groot", "pet-klein", "blik"], "uitbetaling": [], "vrijToegankelijk": false, "gemeenteBeperking": null, "openingstijden": {"ma": "Gesloten", "di": "Gesloten", "wo": "18:30–20:15", "do": "Gesloten", "vr": "19:00–21:00", "za": "Gesloten", "zo": "Gesloten"}, "latitude": 52.4661256, "longitude": 4.8217969, "bronId": "254294"}}, {"type": "Feature", "geometry": {"type": "Point", "coordinates": [4.7406613, 52.4663418]}, "properties": {"type": "inleverpunt", "locatieNaam": "Dekamarkt", "straatNaam": "Dorpsstraat", "straatNr": "385", "postcode": "1566 BE", "plaats": "Assendelft", "merk": "StatiegeldNederland", "puntType": "automaat", "materialen": ["pet-groot", "pet-klein", "blik", "glas", "krat"], "uitbetaling": ["bonnetje"], "vrijToegankelijk": true, "gemeenteBeperking": null, "openingstijden": {"ma": "07:30–20:00", "di": "07:30–20:00", "wo": "07:30–20:00", "do": "07:30–21:00", "vr": "07:30–21:00", "za": "07:30–20:00", "zo": "09:00–20:00"}, "latitude": 52.4663418, "longitude": 4.7406613, "bronId": "254310"}}, {"type": "Feature", "geometry": {"type": "Point", "coordinates": [4.8355347, 52.4679524]}, "properties": {"type": "inleverpunt", "locatieNaam": "Dekamarkt", "straatNaam": "Drielse Wetering", "straatNr": "48", "postcode": "1509 KN", "plaats": "Zaandam", "merk": "StatiegeldNederland", "puntType": "automaat", "materialen": ["pet-groot", "pet-klein", "blik", "glas", "krat"], "uitbetaling": ["bonnetje", "donatie"], "vrijToegankelijk": true, "gemeenteBeperking": null, "openingstijden": {"ma": "07:30–21:00", "di": "07:30–21:00", "wo": "07:30–21:00", "do": "07:30–21:00", "vr": "07:30–21:00", "za": "07:30–21:00", "zo": "09:00–20:00"}, "latitude": 52.4679524, "longitude": 4.8355347, "bronId": "254312"}}, {"type": "Feature", "geometry": {"type": "Point", "coordinates": [4.7676007, 52.5005038]}, "properties": {"type": "inleverpunt", "locatieNaam": "Dekamarkt", "straatNaam": "Heiligeweg", "straatNr": "2", "postcode": "1561 DK", "plaats": "Krommenie", "merk": "StatiegeldNederland", "puntType": "automaat", "materialen": ["pet-groot", "pet-klein", "blik", "glas", "krat"], "uitbetaling": ["bonnetje", "donatie"], "vrijToegankelijk": true, "gemeenteBeperking": null, "openingstijden": {"ma": "07:30–21:00", "di": "07:30–21:00", "wo": "07:30–21:00", "do": "07:30–21:00", "vr": "07:30–21:00", "za": "07:30–21:00", "zo": "08:00–20:00"}, "latitude": 52.5005038, "longitude": 4.7676007, "bronId": "254326"}}, {"type": "Feature", "geometry": {"type": "Point", "coordinates": [4.800328, 52.4573758]}, "properties": {"type": "inleverpunt", "locatieNaam": "Dekamarkt", "straatNaam": "Molenwerf", "straatNr": "34", "postcode": "1541 WR", "plaats": "Koog Aan De Zaan", "merk": "StatiegeldNederland", "puntType": "automaat", "materialen": ["pet-groot", "pet-klein", "blik", "glas", "krat"], "uitbetaling": ["bonnetje"], "vrijToegankelijk": true, "gemeenteBeperking": null, "openingstijden": {"ma": "07:30–20:00", "di": "07:30–20:00", "wo": "07:30–20:00", "do": "07:30–21:00", "vr": "07:30–21:00", "za": "07:30–21:00", "zo": "08:00–20:00"}, "latitude": 52.4573758, "longitude": 4.800328, "bronId": "254357"}}, {"type": "Feature", "geometry": {"type": "Point", "coordinates": [4.8221719, 52.4482254]}, "properties": {"type": "inleverpunt", "locatieNaam": "Dekamarkt", "straatNaam": "Oostzijde", "straatNr": "177", "postcode": "1502 BD", "plaats": "Zaandam", "merk": "StatiegeldNederland", "puntType": "automaat", "materialen": ["pet-groot", "pet-klein", "blik", "glas", "krat"], "uitbetaling": ["bonnetje"], "vrijToegankelijk": true, "gemeenteBeperking": null, "openingstijden": {"ma": "07:30–21:00", "di": "07:30–21:00", "wo": "07:30–21:00", "do": "07:30–21:00", "vr": "07:30–21:00", "za": "07:30–21:00", "zo": "09:00–20:00"}, "latitude": 52.4482254, "longitude": 4.8221719, "bronId": "254362"}}, {"type": "Feature", "geometry": {"type": "Point", "coordinates": [4.8074058, 52.4856071]}, "properties": {"type": "inleverpunt", "locatieNaam": "Dekamarkt", "straatNaam": "Plein 13", "straatNr": "103", "postcode": "1521 AP", "plaats": "Wormerveer", "merk": "StatiegeldNederland", "puntType": "automaat", "materialen": ["pet-groot", "pet-klein", "blik", "glas", "krat"], "uitbetaling": ["bonnetje"], "vrijToegankelijk": true, "gemeenteBeperking": null, "openingstijden": {"ma": "07:30–21:00", "di": "07:30–21:00", "wo": "07:30–21:00", "do": "07:30–21:00", "vr": "07:30–21:00", "za": "07:30–21:00", "zo": "08:00–21:00"}, "latitude": 52.4856071, "longitude": 4.8074058, "bronId": "254370"}}, {"type": "Feature", "geometry": {"type": "Point", "coordinates": [4.8303103, 52.4392528]}, "properties": {"type": "inleverpunt", "locatieNaam": "Dekamarkt", "straatNaam": "Prinsenstraat", "straatNr": "35", "postcode": "1501 NR", "plaats": "Zaandam", "merk": "StatiegeldNederland", "puntType": "automaat", "materialen": ["blik"], "uitbetaling": ["bonnetje"], "vrijToegankelijk": true, "gemeenteBeperking": null, "openingstijden": {"ma": "07:30–21:00", "di": "07:30–21:00", "wo": "07:30–21:00", "do": "07:30–21:00", "vr": "07:30–21:00", "za": "07:30–21:00", "zo": "08:00–21:00"}, "latitude": 52.4392528, "longitude": 4.8303103, "bronId": "254373"}}, {"type": "Feature", "geometry": {"type": "Point", "coordinates": [4.8303103, 52.4392528]}, "properties": {"type": "inleverpunt", "locatieNaam": "Dekamarkt", "straatNaam": "Prinsenstraat", "straatNr": "35", "postcode": "3262 AP", "plaats": "Zaandam", "merk": "StatiegeldNederland", "puntType": "automaat", "materialen": ["pet-groot", "pet-klein", "blik", "glas", "krat"], "uitbetaling": ["bonnetje", "donatie"], "vrijToegankelijk": true, "gemeenteBeperking": null, "openingstijden": {"ma": "07:30–21:00", "di": "07:30–21:00", "wo": "07:30–21:00", "do": "07:30–21:00", "vr": "07:30–21:00", "za": "07:30–21:00", "zo": "08:00–21:00"}, "latitude": 52.4392528, "longitude": 4.8303103, "bronId": "254374"}}, {"type": "Feature", "geometry": {"type": "Point", "coordinates": [4.8120233, 52.4541342]}, "properties": {"type": "inleverpunt", "locatieNaam": "Dekamarkt", "straatNaam": "Westzijde", "straatNr": "247", "postcode": "1506 GE", "plaats": "Zaandam", "merk": "StatiegeldNederland", "puntType": "automaat", "materialen": ["pet-groot", "pet-klein", "blik", "glas", "krat"], "uitbetaling": ["bonnetje"], "vrijToegankelijk": true, "gemeenteBeperking": null, "openingstijden": {"ma": "07:30–21:00", "di": "07:30–21:00", "wo": "07:30–21:00", "do": "07:30–21:00", "vr": "07:30–21:00", "za": "07:30–21:00", "zo": "08:00–20:00"}, "latitude": 52.4541342, "longitude": 4.8120233, "bronId": "254403"}}, {"type": "Feature", "geometry": {"type": "Point", "coordinates": [4.8207064, 52.4594048]}, "properties": {"type": "inleverpunt", "locatieNaam": "Dekamarkt", "straatNaam": "Zilverschoonplein", "straatNr": "38-42", "postcode": "1508 CL", "plaats": "Zaandam", "merk": "StatiegeldNederland", "puntType": "automaat", "materialen": ["pet-groot", "pet-klein", "blik", "glas", "krat"], "uitbetaling": ["bonnetje"], "vrijToegankelijk": true, "gemeenteBeperking": null, "openingstijden": {"ma": "08:00–20:00", "di": "08:00–20:00", "wo": "08:00–20:00", "do": "08:00–20:00", "vr": "08:00–20:00", "za": "08:00–20:00", "zo": "09:00–19:00"}, "latitude": 52.4594048, "longitude": 4.8207064, "bronId": "254408"}}, {"type": "Feature", "geometry": {"type": "Point", "coordinates": [4.7807083, 52.437384]}, "properties": {"type": "inleverpunt", "locatieNaam": "Dekamarkt", "straatNaam": "Zuideinde", "straatNr": "168", "postcode": "1551 EM", "plaats": "Westzaan", "merk": "StatiegeldNederland", "puntType": "automaat", "materialen": ["pet-groot", "pet-klein", "blik", "glas", "krat"], "uitbetaling": ["bonnetje"], "vrijToegankelijk": true, "gemeenteBeperking": null, "openingstijden": {"ma": "08:00–20:00", "di": "08:00–20:00", "wo": "08:00–20:00", "do": "08:00–20:00", "vr": "08:00–20:00", "za": "08:00–20:00", "zo": "09:00–19:00"}, "latitude": 52.437384, "longitude": 4.7807083, "bronId": "254409"}}, {"type": "Feature", "geometry": {"type": "Point", "coordinates": [4.8200678, 52.4431455]}, "properties": {"type": "inleverpunt", "locatieNaam": "Dirk", "straatNaam": "Behouden Haven", "straatNr": "7", "postcode": "1506 VA", "plaats": "Zaandam", "merk": "StatiegeldNederland", "puntType": "automaat", "materialen": ["pet-groot", "pet-klein", "blik", "glas", "krat"], "uitbetaling": ["bonnetje", "donatie"], "vrijToegankelijk": true, "gemeenteBeperking": null, "openingstijden": {"ma": "08:00–21:00", "di": "08:00–21:00", "wo": "08:00–21:00", "do": "08:00–21:00", "vr": "08:00–21:00", "za": "08:00–21:00", "zo": "09:00–20:00"}, "latitude": 52.4431455, "longitude": 4.8200678, "bronId": "254433"}}, {"type": "Feature", "geometry": {"type": "Point", "coordinates": [4.8178672, 52.4381993]}, "properties": {"type": "inleverpunt", "locatieNaam": "Ekoplaza", "straatNaam": "HERMITAGE", "straatNr": "91", "postcode": "1506 TX", "plaats": "Zaandam", "merk": "StatiegeldNederland", "puntType": "balie", "materialen": ["pet-groot", "pet-klein", "blik"], "uitbetaling": [], "vrijToegankelijk": true, "gemeenteBeperking": null, "openingstijden": {"ma": "08:30–19:00", "di": "08:30–19:00", "wo": "08:30–19:00", "do": "08:30–19:00", "vr": "08:30–19:00", "za": "08:30–18:00", "zo": "12:00–17:00"}, "latitude": 52.4381993, "longitude": 4.8178672, "bronId": "254647"}}, {"type": "Feature", "geometry": {"type": "Point", "coordinates": [4.7818563, 52.5147424]}, "properties": {"type": "inleverpunt", "locatieNaam": "HVC - Molletjesveer", "straatNaam": "Westknollendam", "straatNr": "121", "postcode": "1525 PT", "plaats": "Westknollendam", "merk": "StatiegeldNederland", "puntType": "automaat", "materialen": ["pet-groot", "pet-klein", "blik", "krat"], "uitbetaling": ["tikkie"], "vrijToegankelijk": true, "gemeenteBeperking": null, "openingstijden": {"ma": "08:00–17:15", "di": "08:00–17:15", "wo": "08:00–17:15", "do": "08:00–17:15", "vr": "08:00–17:15", "za": "08:00–17:15", "zo": "Gesloten"}, "latitude": 52.5147424, "longitude": 4.7818563, "bronId": "255147"}}, {"type": "Feature", "geometry": {"type": "Point", "coordinates": [4.8207152, 52.4630983]}, "properties": {"type": "inleverpunt", "locatieNaam": "Hv Zaanstreek", "straatNaam": "Dr HG Scholtenstraat", "straatNr": "16", "postcode": "1509 AR", "plaats": "Zaandam", "merk": "StatiegeldNederland", "puntType": "balie", "materialen": ["pet-groot", "pet-klein", "blik"], "uitbetaling": [], "vrijToegankelijk": false, "gemeenteBeperking": null, "openingstijden": null, "latitude": 52.4630983, "longitude": 4.8207152, "bronId": "255148"}}, {"type": "Feature", "geometry": {"type": "Point", "coordinates": [4.8030448, 52.4687515]}, "properties": {"type": "inleverpunt", "locatieNaam": "Kfc 1910", "straatNaam": "Wezelstraat", "straatNr": "9", "postcode": "1541 LZ", "plaats": "Koog Aan De Zaan", "merk": "StatiegeldNederland", "puntType": "balie", "materialen": ["pet-groot", "pet-klein", "blik"], "uitbetaling": [], "vrijToegankelijk": false, "gemeenteBeperking": null, "openingstijden": {"ma": "Gesloten", "di": "Gesloten", "wo": "19:00–23:45", "do": "19:00–23:45", "vr": "Gesloten", "za": "07:30–19:00", "zo": "07:30–19:00"}, "latitude": 52.4687515, "longitude": 4.8030448, "bronId": "255907"}}, {"type": "Feature", "geometry": {"type": "Point", "coordinates": [4.7902, 52.49959]}, "properties": {"type": "inleverpunt", "locatieNaam": "Lidl", "straatNaam": "Cor Bruynweg", "straatNr": "66-76", "postcode": "1521 MB", "plaats": "Wormerveer", "merk": "StatiegeldNederland", "puntType": "automaat", "materialen": ["pet-groot", "pet-klein", "blik", "glas", "krat"], "uitbetaling": ["bonnetje", "donatie"], "vrijToegankelijk": true, "gemeenteBeperking": null, "openingstijden": {"ma": "08:00–21:00", "di": "08:00–21:00", "wo": "08:00–21:00", "do": "08:00–21:00", "vr": "07:30–21:00", "za": "07:30–20:00", "zo": "10:00–19:00"}, "latitude": 52.49959, "longitude": 4.7902, "bronId": "256102"}}, {"type": "Feature", "geometry": {"type": "Point", "coordinates": [4.81704, 52.46108]}, "properties": {"type": "inleverpunt", "locatieNaam": "Lidl", "straatNaam": "Dr. H.G. Scholtenstraat", "straatNr": "5", "postcode": "1508 EB", "plaats": "Zaandam", "merk": "StatiegeldNederland", "puntType": "automaat", "materialen": ["pet-groot", "pet-klein", "blik", "glas", "krat"], "uitbetaling": ["bonnetje", "donatie"], "vrijToegankelijk": true, "gemeenteBeperking": null, "openingstijden": {"ma": "07:30–21:00", "di": "07:30–21:00", "wo": "07:30–21:00", "do": "07:30–22:00", "vr": "07:30–22:00", "za": "07:30–22:00", "zo": "09:00–22:00"}, "latitude": 52.46108, "longitude": 4.81704, "bronId": "256134"}}, {"type": "Feature", "geometry": {"type": "Point", "coordinates": [4.8464711, 52.4458818]}, "properties": {"type": "inleverpunt", "locatieNaam": "Lidl", "straatNaam": "Gibraltar", "straatNr": "15", "postcode": "1503 BM", "plaats": "Zaandam", "merk": "StatiegeldNederland", "puntType": "automaat", "materialen": ["pet-groot", "pet-klein", "blik", "glas", "krat"], "uitbetaling": ["bonnetje", "donatie"], "vrijToegankelijk": true, "gemeenteBeperking": null, "openingstijden": {"ma": "08:00–20:00", "di": "08:00–20:00", "wo": "08:00–20:00", "do": "08:00–20:00", "vr": "08:00–20:00", "za": "08:00–20:00", "zo": "09:00–19:00"}, "latitude": 52.4458818, "longitude": 4.8464711, "bronId": "256162"}}, {"type": "Feature", "geometry": {"type": "Point", "coordinates": [4.8081657, 52.4370479]}, "properties": {"type": "inleverpunt", "locatieNaam": "Markies 6922 Talland College", "straatNaam": "Cypressehout", "straatNr": "99", "postcode": "1507 EK", "plaats": "Zaandam", "merk": "StatiegeldNederland", "puntType": "balie", "materialen": ["pet-groot", "pet-klein", "blik"], "uitbetaling": [], "vrijToegankelijk": true, "gemeenteBeperking": null, "openingstijden": {"ma": "07:30–22:00", "di": "07:30–22:00", "wo": "07:30–22:00", "do": "07:30–22:00", "vr": "07:30–17:30", "za": "Gesloten", "zo": "Gesloten"}, "latitude": 52.4370479, "longitude": 4.8081657, "bronId": "256605"}}, {"type": "Feature", "geometry": {"type": "Point", "coordinates": [4.820438, 52.4436077]}, "properties": {"type": "inleverpunt", "locatieNaam": "Medikamente die Grenze", "straatNaam": "Westzijde", "straatNr": "59", "postcode": "1506 EC", "plaats": "Zaandam", "merk": "StatiegeldNederland", "puntType": "automaat", "materialen": ["pet-groot", "pet-klein", "blik"], "uitbetaling": ["bonnetje"], "vrijToegankelijk": true, "gemeenteBeperking": null, "openingstijden": {"ma": "08:00–17:00", "di": "08:00–17:00", "wo": "08:00–17:00", "do": "08:00–17:00", "vr": "08:00–17:00", "za": "Gesloten", "zo": "Gesloten"}, "latitude": 52.4436077, "longitude": 4.820438, "bronId": "256748"}}, {"type": "Feature", "geometry": {"type": "Point", "coordinates": [4.8179301, 52.4384166]}, "properties": {"type": "inleverpunt", "locatieNaam": "Pathé Zaandam", "straatNaam": "Hermitage", "straatNr": "140", "postcode": "1506 TX", "plaats": "Zaandam", "merk": "StatiegeldNederland", "puntType": "automaat", "materialen": ["pet-groot", "pet-klein", "blik"], "uitbetaling": ["bonnetje", "donatie", "tikkie"], "vrijToegankelijk": false, "gemeenteBeperking": null, "openingstijden": null, "latitude": 52.4384166, "longitude": 4.8179301, "bronId": "257157"}}, {"type": "Feature", "geometry": {"type": "Point", "coordinates": [4.7965572, 52.4873056]}, "properties": {"type": "inleverpunt", "locatieNaam": "Rkvv Saenden", "straatNaam": "Wandelweg", "straatNr": "16", "postcode": "1521 AG", "plaats": "Wormerveer", "merk": "StatiegeldNederland", "puntType": "balie", "materialen": ["pet-groot", "pet-klein", "blik"], "uitbetaling": [], "vrijToegankelijk": false, "gemeenteBeperking": null, "openingstijden": {"ma": "24 uur geopend", "di": "24 uur geopend", "wo": "24 uur geopend", "do": "24 uur geopend", "vr": "24 uur geopend", "za": "24 uur geopend", "zo": "24 uur geopend"}, "latitude": 52.4873056, "longitude": 4.7965572, "bronId": "257827"}}, {"type": "Feature", "geometry": {"type": "Point", "coordinates": [4.820595, 52.443223]}, "properties": {"type": "inleverpunt", "locatieNaam": "Sahan", "straatNaam": "Westzijde", "straatNr": "53", "postcode": "1506 EB", "plaats": "Zaandam", "merk": "StatiegeldNederland", "puntType": "automaat", "materialen": ["pet-groot", "pet-klein", "blik"], "uitbetaling": ["bonnetje", "donatie", "retourpinnen"], "vrijToegankelijk": true, "gemeenteBeperking": null, "openingstijden": null, "latitude": 52.443223, "longitude": 4.820595, "bronId": "257941"}}, {"type": "Feature", "geometry": {"type": "Point", "coordinates": [4.806979, 52.48425]}, "properties": {"type": "inleverpunt", "locatieNaam": "Shell", "straatNaam": "Plein", "straatNr": "13-6", "postcode": "1521 AP", "plaats": "Wormerveer", "merk": "StatiegeldNederland", "puntType": "balie", "materialen": ["pet-groot", "pet-klein", "blik"], "uitbetaling": [], "vrijToegankelijk": true, "gemeenteBeperking": null, "openingstijden": {"ma": "24 uur geopend", "di": "24 uur geopend", "wo": "24 uur geopend", "do": "24 uur geopend", "vr": "24 uur geopend", "za": "24 uur geopend", "zo": "24 uur geopend"}, "latitude": 52.48425, "longitude": 4.806979, "bronId": "258140"}}, {"type": "Feature", "geometry": {"type": "Point", "coordinates": [4.85045, 52.43047]}, "properties": {"type": "inleverpunt", "locatieNaam": "Shell", "straatNaam": "Thorbeckeweg", "straatNr": "12", "postcode": "1505 HP", "plaats": "Zaandam", "merk": "StatiegeldNederland", "puntType": "balie", "materialen": ["pet-groot", "pet-klein", "blik"], "uitbetaling": [], "vrijToegankelijk": true, "gemeenteBeperking": null, "openingstijden": {"ma": "24 uur geopend", "di": "24 uur geopend", "wo": "24 uur geopend", "do": "24 uur geopend", "vr": "24 uur geopend", "za": "24 uur geopend", "zo": "24 uur geopend"}, "latitude": 52.43047, "longitude": 4.85045, "bronId": "258230"}}, {"type": "Feature", "geometry": {"type": "Point", "coordinates": [4.8112502, 52.4719147]}, "properties": {"type": "inleverpunt", "locatieNaam": "Spar", "straatNaam": "GUISWEG", "straatNr": "2", "postcode": "1544 AJ", "plaats": "Zaandijk", "merk": "StatiegeldNederland", "puntType": "balie", "materialen": ["pet-groot", "pet-klein", "blik"], "uitbetaling": [], "vrijToegankelijk": true, "gemeenteBeperking": null, "openingstijden": {"ma": "07:30–20:00", "di": "07:30–20:00", "wo": "07:30–20:00", "do": "07:30–20:00", "vr": "07:30–20:00", "za": "07:30–20:00", "zo": "09:00–18:00"}, "latitude": 52.4719147, "longitude": 4.8112502, "bronId": "258360"}}, {"type": "Feature", "geometry": {"type": "Point", "coordinates": [4.8049748, 52.4472324]}, "properties": {"type": "inleverpunt", "locatieNaam": "Stichting Volleyhal Zaanstad", "straatNaam": "Bladhaantje", "straatNr": "3", "postcode": "1462 MB", "plaats": "Krommenie", "merk": "StatiegeldNederland", "puntType": "balie", "materialen": ["pet-groot", "pet-klein", "blik"], "uitbetaling": [], "vrijToegankelijk": false, "gemeenteBeperking": null, "openingstijden": null, "latitude": 52.4472324, "longitude": 4.8049748, "bronId": "258731"}}, {"type": "Feature", "geometry": {"type": "Point", "coordinates": [4.745329, 52.4777656]}, "properties": {"type": "inleverpunt", "locatieNaam": "Sva Assendelft", "straatNaam": "Communicatieweg West", "straatNr": "10", "postcode": "1566 DA", "plaats": "Assendelft", "merk": "StatiegeldNederland", "puntType": "balie", "materialen": ["pet-groot", "pet-klein", "blik"], "uitbetaling": [], "vrijToegankelijk": false, "gemeenteBeperking": null, "openingstijden": {"ma": "24 uur geopend", "di": "24 uur geopend", "wo": "24 uur geopend", "do": "24 uur geopend", "vr": "24 uur geopend", "za": "24 uur geopend", "zo": "24 uur geopend"}, "latitude": 52.4777656, "longitude": 4.745329, "bronId": "258846"}}, {"type": "Feature", "geometry": {"type": "Point", "coordinates": [4.8080243, 52.4369145]}, "properties": {"type": "inleverpunt", "locatieNaam": "Talland College Zaandam", "straatNaam": "Cypressehout", "straatNr": "95-97", "postcode": "1507 EK", "plaats": "Zaandam", "merk": "StatiegeldNederland", "puntType": "automaat", "materialen": ["pet-klein", "blik"], "uitbetaling": ["donatie", "tikkie"], "vrijToegankelijk": true, "gemeenteBeperking": null, "openingstijden": null, "latitude": 52.4369145, "longitude": 4.8080243, "bronId": "258883"}}, {"type": "Feature", "geometry": {"type": "Point", "coordinates": [4.7551497, 52.4960307]}, "properties": {"type": "inleverpunt", "locatieNaam": "Trias VMBO", "straatNaam": "Saendelverlaan", "straatNr": "1", "postcode": "1561 KS", "plaats": "Krommenie", "merk": "StatiegeldNederland", "puntType": "automaat", "materialen": ["pet-klein", "blik"], "uitbetaling": ["donatie", "tikkie"], "vrijToegankelijk": false, "gemeenteBeperking": null, "openingstijden": null, "latitude": 52.4960307, "longitude": 4.7551497, "bronId": "259044"}}, {"type": "Feature", "geometry": {"type": "Point", "coordinates": [4.8162154, 52.4380328]}, "properties": {"type": "inleverpunt", "locatieNaam": "ViaTim", "straatNaam": "Aan de Vaart", "straatNr": "36", "postcode": "1506 TW", "plaats": "Zaandam", "merk": "StatiegeldNederland", "puntType": "balie", "materialen": ["pet-groot", "pet-klein", "blik"], "uitbetaling": ["tikkie"], "vrijToegankelijk": true, "gemeenteBeperking": null, "openingstijden": null, "latitude": 52.4380328, "longitude": 4.8162154, "bronId": "259198"}}, {"type": "Feature", "geometry": {"type": "Point", "coordinates": [4.790345, 52.5003334]}, "properties": {"type": "inleverpunt", "locatieNaam": "ViaTim", "straatNaam": "Herman Gorterstraat", "straatNr": "142", "postcode": "1521 MV", "plaats": "Wormerveer", "merk": "StatiegeldNederland", "puntType": "balie", "materialen": ["pet-groot", "pet-klein", "blik"], "uitbetaling": ["tikkie"], "vrijToegankelijk": true, "gemeenteBeperking": null, "openingstijden": null, "latitude": 52.5003334, "longitude": 4.790345, "bronId": "259313"}}, {"type": "Feature", "geometry": {"type": "Point", "coordinates": [4.8211069, 52.4372893]}, "properties": {"type": "inleverpunt", "locatieNaam": "ViaTim", "straatNaam": "Menschikoffstraat", "straatNr": "58", "postcode": "1506 RP", "plaats": "Zaandam", "merk": "StatiegeldNederland", "puntType": "balie", "materialen": ["pet-groot", "pet-klein", "blik"], "uitbetaling": ["tikkie"], "vrijToegankelijk": true, "gemeenteBeperking": null, "openingstijden": {"ma": "14:00–20:00", "di": "14:00–20:00", "wo": "13:00–18:00", "do": "14:00–20:00", "vr": "14:00–20:00", "za": "Gesloten", "zo": "Gesloten"}, "latitude": 52.4372893, "longitude": 4.8211069, "bronId": "259410"}}, {"type": "Feature", "geometry": {"type": "Point", "coordinates": [4.836816, 52.4325305]}, "properties": {"type": "inleverpunt", "locatieNaam": "ViaTim", "straatNaam": "Morgensterstraat", "straatNr": "4", "postcode": "1505 TB", "plaats": "Zaandam", "merk": "StatiegeldNederland", "puntType": "balie", "materialen": ["pet-groot", "pet-klein", "blik"], "uitbetaling": ["tikkie"], "vrijToegankelijk": true, "gemeenteBeperking": null, "openingstijden": {"ma": "16:00–21:00", "di": "16:00–21:00", "wo": "16:00–21:00", "do": "16:00–21:00", "vr": "16:00–21:00", "za": "Gesloten", "zo": "Gesloten"}, "latitude": 52.4325305, "longitude": 4.836816, "bronId": "259416"}}, {"type": "Feature", "geometry": {"type": "Point", "coordinates": [4.8221185, 52.4386995]}, "properties": {"type": "inleverpunt", "locatieNaam": "Vomar", "straatNaam": "Czarinastraat", "straatNr": "1", "postcode": "1506 RA", "plaats": "Zaandam", "merk": "StatiegeldNederland", "puntType": "automaat", "materialen": ["pet-groot", "pet-klein", "blik", "glas", "krat"], "uitbetaling": ["bonnetje", "donatie"], "vrijToegankelijk": true, "gemeenteBeperking": null, "openingstijden": {"ma": "07:30–22:00", "di": "07:30–22:00", "wo": "07:30–22:00", "do": "07:30–22:00", "vr": "07:30–22:00", "za": "07:30–22:00", "zo": "08:00–22:00"}, "latitude": 52.4386995, "longitude": 4.8221185, "bronId": "259650"}}, {"type": "Feature", "geometry": {"type": "Point", "coordinates": [4.7404765, 52.4673213]}, "properties": {"type": "inleverpunt", "locatieNaam": "Vomar", "straatNaam": "Dorpsstraat", "straatNr": "418-422", "postcode": "1566 BS", "plaats": "Assendelft", "merk": "StatiegeldNederland", "puntType": "automaat", "materialen": ["pet-groot", "pet-klein", "blik", "glas", "krat"], "uitbetaling": ["bonnetje", "donatie"], "vrijToegankelijk": true, "gemeenteBeperking": null, "openingstijden": {"ma": "07:30–22:00", "di": "07:30–22:00", "wo": "07:30–22:00", "do": "07:30–22:00", "vr": "07:30–22:00", "za": "07:30–22:00", "zo": "08:00–21:00"}, "latitude": 52.4673213, "longitude": 4.7404765, "bronId": "259656"}}, {"type": "Feature", "geometry": {"type": "Point", "coordinates": [4.8504136, 52.4390515]}, "properties": {"type": "inleverpunt", "locatieNaam": "Vomar", "straatNaam": "E. Heimansstraat", "straatNr": "23", "postcode": "1504 JB", "plaats": "Zaandam", "merk": "StatiegeldNederland", "puntType": "automaat", "materialen": ["pet-groot", "pet-klein", "blik", "glas", "krat"], "uitbetaling": ["bonnetje", "donatie"], "vrijToegankelijk": true, "gemeenteBeperking": null, "openingstijden": {"ma": "07:30–22:00", "di": "07:30–22:00", "wo": "07:30–22:00", "do": "07:30–22:00", "vr": "07:30–22:00", "za": "07:30–22:00", "zo": "08:00–22:00"}, "latitude": 52.4390515, "longitude": 4.8504136, "bronId": "259658"}}, {"type": "Feature", "geometry": {"type": "Point", "coordinates": [4.8473448, 52.4460168]}, "properties": {"type": "inleverpunt", "locatieNaam": "Vomar", "straatNaam": "Gibraltar", "straatNr": "17-19", "postcode": "1503 BM", "plaats": "Zaandam", "merk": "StatiegeldNederland", "puntType": "automaat", "materialen": ["pet-groot", "pet-klein", "blik", "glas", "krat"], "uitbetaling": ["bonnetje", "donatie"], "vrijToegankelijk": true, "gemeenteBeperking": null, "openingstijden": {"ma": "07:30–22:00", "di": "07:30–22:00", "wo": "07:30–22:00", "do": "07:30–22:00", "vr": "07:30–22:00", "za": "07:30–22:00", "zo": "08:00–22:00"}, "latitude": 52.4460168, "longitude": 4.8473448, "bronId": "259664"}}, {"type": "Feature", "geometry": {"type": "Point", "coordinates": [4.7636135, 52.5012622]}, "properties": {"type": "inleverpunt", "locatieNaam": "Vomar", "straatNaam": "Heiligeweg", "straatNr": "69", "postcode": "1561 DG", "plaats": "Krommenie", "merk": "StatiegeldNederland", "puntType": "automaat", "materialen": ["pet-groot", "pet-klein", "blik", "glas", "krat"], "uitbetaling": ["bonnetje", "donatie"], "vrijToegankelijk": true, "gemeenteBeperking": null, "openingstijden": {"ma": "07:30–22:00", "di": "07:30–22:00", "wo": "07:30–22:00", "do": "07:30–22:00", "vr": "07:30–22:00", "za": "07:30–22:00", "zo": "08:00–21:00"}, "latitude": 52.5012622, "longitude": 4.7636135, "bronId": "259668"}}, {"type": "Feature", "geometry": {"type": "Point", "coordinates": [4.7515683, 52.4891371]}, "properties": {"type": "inleverpunt", "locatieNaam": "Vomar", "straatNaam": "Kaaikhof", "straatNr": "15", "postcode": "1567 JP", "plaats": "Assendelft", "merk": "StatiegeldNederland", "puntType": "automaat", "materialen": ["pet-groot", "pet-klein", "blik", "glas", "krat"], "uitbetaling": ["bonnetje", "donatie"], "vrijToegankelijk": true, "gemeenteBeperking": null, "openingstijden": {"ma": "07:30–22:00", "di": "07:30–22:00", "wo": "07:30–22:00", "do": "07:30–22:00", "vr": "07:30–22:00", "za": "07:30–22:00", "zo": "08:00–22:00"}, "latitude": 52.4891371, "longitude": 4.7515683, "bronId": "259673"}}, {"type": "Feature", "geometry": {"type": "Point", "coordinates": [4.7868207, 52.4948337]}, "properties": {"type": "inleverpunt", "locatieNaam": "Vomar", "straatNaam": "Krommenieerweg", "straatNr": "30-32", "postcode": "1521 HK", "plaats": "Wormerveer", "merk": "StatiegeldNederland", "puntType": "automaat", "materialen": ["pet-groot", "pet-klein", "blik", "glas", "krat"], "uitbetaling": ["bonnetje", "donatie"], "vrijToegankelijk": true, "gemeenteBeperking": null, "openingstijden": {"ma": "08:00–22:00", "di": "08:00–22:00", "wo": "08:00–22:00", "do": "08:00–22:00", "vr": "08:00–22:00", "za": "08:00–22:00", "zo": "08:00–21:00"}, "latitude": 52.4948337, "longitude": 4.7868207, "bronId": "259682"}}, {"type": "Feature", "geometry": {"type": "Point", "coordinates": [4.800678, 52.457379]}, "properties": {"type": "inleverpunt", "locatieNaam": "Vomar", "straatNaam": "Molenwerf", "straatNr": "24", "postcode": "1541 WR", "plaats": "Koog Aan De Zaan", "merk": "StatiegeldNederland", "puntType": "automaat", "materialen": ["pet-groot", "pet-klein", "blik", "glas", "krat"], "uitbetaling": ["bonnetje", "donatie"], "vrijToegankelijk": true, "gemeenteBeperking": null, "openingstijden": {"ma": "07:30–20:00", "di": "07:30–20:00", "wo": "07:30–20:00", "do": "07:30–21:00", "vr": "07:30–21:00", "za": "07:30–21:00", "zo": "08:00–20:00"}, "latitude": 52.457379, "longitude": 4.800678, "bronId": "259695"}}, {"type": "Feature", "geometry": {"type": "Point", "coordinates": [4.7533254, 52.5032251]}, "properties": {"type": "inleverpunt", "locatieNaam": "Vomar", "straatNaam": "Uranuslaan", "straatNr": "182", "postcode": "1562 XE", "plaats": "Krommenie", "merk": "StatiegeldNederland", "puntType": "automaat", "materialen": ["pet-groot", "pet-klein", "blik", "glas", "krat"], "uitbetaling": ["bonnetje", "donatie"], "vrijToegankelijk": true, "gemeenteBeperking": null, "openingstijden": {"ma": "08:00–20:00", "di": "08:00–20:00", "wo": "08:00–20:00", "do": "08:00–20:00", "vr": "08:00–20:00", "za": "08:00–20:00", "zo": "09:00–20:00"}, "latitude": 52.5032251, "longitude": 4.7533254, "bronId": "259722"}}, {"type": "Feature", "geometry": {"type": "Point", "coordinates": [4.7701874, 52.4631565]}, "properties": {"type": "inleverpunt", "locatieNaam": "Westzaanse Korfbalvereniging Roda", "straatNaam": "Zuideinde", "straatNr": "229", "postcode": "1551 EG", "plaats": "Westzaan", "merk": "StatiegeldNederland", "puntType": "balie", "materialen": ["pet-groot", "pet-klein", "blik"], "uitbetaling": [], "vrijToegankelijk": false, "gemeenteBeperking": null, "openingstijden": null, "latitude": 52.4631565, "longitude": 4.7701874, "bronId": "259865"}}, {"type": "Feature", "geometry": {"type": "Point", "coordinates": [4.8229552, 52.4629047]}, "properties": {"type": "inleverpunt", "locatieNaam": "Zaandijk Rugby", "straatNaam": "Dr. H.G. Scholtenstraat", "straatNr": "18", "postcode": "1509 AR", "plaats": "Zaandam", "merk": "StatiegeldNederland", "puntType": "balie", "materialen": ["pet-groot", "pet-klein", "blik"], "uitbetaling": [], "vrijToegankelijk": false, "gemeenteBeperking": null, "openingstijden": {"ma": "Gesloten", "di": "18:30–22:00", "wo": "Gesloten", "do": "Gesloten", "vr": "18:30–22:00", "za": "12:00–16:00", "zo": "12:00–19:00"}, "latitude": 52.4629047, "longitude": 4.8229552, "bronId": "259885"}}, {"type": "Feature", "geometry": {"type": "Point", "coordinates": [4.825454, 52.421504]}, "properties": {"type": "inleverpunt", "locatieNaam": "244 Isero Zaandam", "straatNaam": "Gerrit Kiststraat", "straatNr": "23", "postcode": "1506 SZ", "plaats": "Zaandam", "merk": "StichtingOPEN", "puntType": "balie", "materialen": ["elektro-klein", "lampen", "tl-buizen"], "uitbetaling": [], "vrijToegankelijk": false, "gemeenteBeperking": null, "openingstijden": null, "latitude": 52.421504, "longitude": 4.825454, "bronId": "SP00033023"}}, {"type": "Feature", "geometry": {"type": "Point", "coordinates": [4.826529, 52.425036]}, "properties": {"type": "inleverpunt", "locatieNaam": "Praxis Zaandam - 2081", "straatNaam": "Symon Spiersweg", "straatNr": "2", "postcode": "1506 RZ", "plaats": "Zaandam", "merk": "StichtingOPEN", "puntType": "balie", "materialen": ["elektro-middel", "lampen", "tl-buizen"], "uitbetaling": [], "vrijToegankelijk": false, "gemeenteBeperking": null, "openingstijden": null, "latitude": 52.425036, "longitude": 4.826529, "bronId": "SP00004498"}}, {"type": "Feature", "geometry": {"type": "Point", "coordinates": [4.824467, 52.42512]}, "properties": {"type": "inleverpunt", "locatieNaam": "Hornbach Zaandam", "straatNaam": "Symon Spiersweg", "straatNr": "6", "postcode": "1506 RZ", "plaats": "Zaandam", "merk": "StichtingOPEN", "puntType": "balie", "materialen": ["elektro-middel", "lampen", "tl-buizen"], "uitbetaling": [], "vrijToegankelijk": false, "gemeenteBeperking": null, "openingstijden": null, "latitude": 52.42512, "longitude": 4.824467, "bronId": "SP00002525"}}, {"type": "Feature", "geometry": {"type": "Point", "coordinates": [4.85044, 52.43917]}, "properties": {"type": "inleverpunt", "locatieNaam": "Vomar Zaandam", "straatNaam": "E. Heimansstraat", "straatNr": "23", "postcode": "1504 JB", "plaats": "Zaandam", "merk": "StichtingOPEN", "puntType": "balie", "materialen": ["batterijen", "lampen"], "uitbetaling": [], "vrijToegankelijk": false, "gemeenteBeperking": null, "openingstijden": null, "latitude": 52.43917, "longitude": 4.85044, "bronId": "SP00030122"}}, {"type": "Feature", "geometry": {"type": "Point", "coordinates": [4.845137, 52.440375]}, "properties": {"type": "inleverpunt", "locatieNaam": "Kinderboerderij Darwinpark", "straatNaam": "De Weer", "straatNr": "31", "postcode": "1504 AH", "plaats": "Zaandam", "merk": "StichtingOPEN", "puntType": "balie", "materialen": ["elektro-middel"], "uitbetaling": [], "vrijToegankelijk": false, "gemeenteBeperking": null, "openingstijden": null, "latitude": 52.440375, "longitude": 4.845137, "bronId": "SP00005788"}}, {"type": "Feature", "geometry": {"type": "Point", "coordinates": [4.820588, 52.428188]}, "properties": {"type": "inleverpunt", "locatieNaam": "KARWEI Zaandam", "straatNaam": "Stormhoek", "straatNr": "21", "postcode": "1506 SW", "plaats": "Zaandam", "merk": "StichtingOPEN", "puntType": "balie", "materialen": ["elektro-middel", "lampen", "tl-buizen"], "uitbetaling": [], "vrijToegankelijk": false, "gemeenteBeperking": null, "openingstijden": null, "latitude": 52.428188, "longitude": 4.820588, "bronId": "SP00006197"}}, {"type": "Feature", "geometry": {"type": "Point", "coordinates": [4.847278, 52.445924]}, "properties": {"type": "inleverpunt", "locatieNaam": "Kruidvat Zaandam", "straatNaam": "Gibraltar", "straatNr": "8", "postcode": "1503 BM", "plaats": "Zaandam", "merk": "StichtingOPEN", "puntType": "balie", "materialen": ["batterijen", "lampen"], "uitbetaling": [], "vrijToegankelijk": false, "gemeenteBeperking": null, "openingstijden": null, "latitude": 52.445924, "longitude": 4.847278, "bronId": "SP00024868"}}, {"type": "Feature", "geometry": {"type": "Point", "coordinates": [4.8306, 52.43929]}, "properties": {"type": "inleverpunt", "locatieNaam": "Dekamarkt Zaandam", "straatNaam": "Prinsenstraat", "straatNr": "35", "postcode": "1501 NR", "plaats": "Zaandam", "merk": "StichtingOPEN", "puntType": "balie", "materialen": ["batterijen", "lampen"], "uitbetaling": [], "vrijToegankelijk": false, "gemeenteBeperking": null, "openingstijden": null, "latitude": 52.43929, "longitude": 4.8306, "bronId": "SP00023678"}}, {"type": "Feature", "geometry": {"type": "Point", "coordinates": [4.837908, 52.444245]}, "properties": {"type": "inleverpunt", "locatieNaam": "Action Zaandam 1016", "straatNaam": "Vermiljoenweg", "straatNr": "9c", "postcode": "1503 MN", "plaats": "Zaandam", "merk": "StichtingOPEN", "puntType": "balie", "materialen": ["batterijen", "lampen"], "uitbetaling": [], "vrijToegankelijk": false, "gemeenteBeperking": null, "openingstijden": null, "latitude": 52.444245, "longitude": 4.837908, "bronId": "SP00007619"}}, {"type": "Feature", "geometry": {"type": "Point", "coordinates": [4.83692, 52.444089]}, "properties": {"type": "inleverpunt", "locatieNaam": "1133 Albert Heijn Zaandam", "straatNaam": "Vrieschgroenstraat", "straatNr": "5", "postcode": "1503 MC", "plaats": "Zaandam", "merk": "StichtingOPEN", "puntType": "balie", "materialen": ["batterijen", "lampen"], "uitbetaling": [], "vrijToegankelijk": false, "gemeenteBeperking": null, "openingstijden": null, "latitude": 52.444089, "longitude": 4.83692, "bronId": "SP00023100"}}, {"type": "Feature", "geometry": {"type": "Point", "coordinates": [4.804954, 52.427171]}, "properties": {"type": "inleverpunt", "locatieNaam": "Ahold RDC Zaandam Zaandam", "straatNaam": "Hoofdtocht", "straatNr": "1", "postcode": "1507 CJ", "plaats": "Zaandam", "merk": "StichtingOPEN", "puntType": "balie", "materialen": ["batterijen", "elektro-klein", "lampen"], "uitbetaling": [], "vrijToegankelijk": false, "gemeenteBeperking": null, "openingstijden": null, "latitude": 52.427171, "longitude": 4.804954, "bronId": "SP00023363"}}, {"type": "Feature", "geometry": {"type": "Point", "coordinates": [4.823128, 52.438566]}, "properties": {"type": "inleverpunt", "locatieNaam": "Vomar Zaandam", "straatNaam": "Czaar Peterstraat", "straatNr": "10", "postcode": "1506 SN", "plaats": "Zaandam", "merk": "StichtingOPEN", "puntType": "balie", "materialen": ["batterijen", "lampen"], "uitbetaling": [], "vrijToegankelijk": false, "gemeenteBeperking": null, "openingstijden": null, "latitude": 52.438566, "longitude": 4.823128, "bronId": "SP00025759"}}, {"type": "Feature", "geometry": {"type": "Point", "coordinates": [4.822118, 52.438699]}, "properties": {"type": "inleverpunt", "locatieNaam": "Vomar Zaandam", "straatNaam": "Czarinastraat", "straatNr": "1", "postcode": "1506 RA", "plaats": "Zaandam", "merk": "StichtingOPEN", "puntType": "balie", "materialen": ["batterijen"], "uitbetaling": [], "vrijToegankelijk": false, "gemeenteBeperking": null, "openingstijden": null, "latitude": 52.438699, "longitude": 4.822118, "bronId": "SP00033299"}}, {"type": "Feature", "geometry": {"type": "Point", "coordinates": [4.82193, 52.43971]}, "properties": {"type": "inleverpunt", "locatieNaam": "Kruidvat Zaandam", "straatNaam": "Gedempte Gracht", "straatNr": "20", "postcode": "1506 CG", "plaats": "Zaandam", "merk": "StichtingOPEN", "puntType": "balie", "materialen": ["batterijen", "lampen"], "uitbetaling": [], "vrijToegankelijk": false, "gemeenteBeperking": null, "openingstijden": null, "latitude": 52.43971, "longitude": 4.82193, "bronId": "SP00029786"}}, {"type": "Feature", "geometry": {"type": "Point", "coordinates": [4.823258, 52.441062]}, "properties": {"type": "inleverpunt", "locatieNaam": "Xenos Zaandam", "straatNaam": "Westzijde", "straatNr": "28", "postcode": "1506 EE", "plaats": "Zaandam", "merk": "StichtingOPEN", "puntType": "balie", "materialen": ["batterijen", "lampen"], "uitbetaling": [], "vrijToegankelijk": false, "gemeenteBeperking": null, "openingstijden": null, "latitude": 52.441062, "longitude": 4.823258, "bronId": "SP00025718"}}, {"type": "Feature", "geometry": {"type": "Point", "coordinates": [4.814992, 52.436857]}, "properties": {"type": "inleverpunt", "locatieNaam": "1687 Albert Heijn B.V. Zaandam", "straatNaam": "Korte Hogendijk", "straatNr": "11", "postcode": "1506 MA", "plaats": "Zaandam", "merk": "StichtingOPEN", "puntType": "balie", "materialen": ["batterijen", "elektro-klein", "lampen"], "uitbetaling": [], "vrijToegankelijk": false, "gemeenteBeperking": null, "openingstijden": null, "latitude": 52.436857, "longitude": 4.814992, "bronId": "SP00023286"}}, {"type": "Feature", "geometry": {"type": "Point", "coordinates": [4.810552, 52.434725]}, "properties": {"type": "inleverpunt", "locatieNaam": "Aldi Zaandam", "straatNaam": "Westzanerdijk", "straatNr": "118c", "postcode": "1507 AK", "plaats": "Zaandam", "merk": "StichtingOPEN", "puntType": "balie", "materialen": ["batterijen", "elektro-klein", "lampen"], "uitbetaling": [], "vrijToegankelijk": false, "gemeenteBeperking": null, "openingstijden": null, "latitude": 52.434725, "longitude": 4.810552, "bronId": "SP00027202"}}, {"type": "Feature", "geometry": {"type": "Point", "coordinates": [4.820688, 52.44308]}, "properties": {"type": "inleverpunt", "locatieNaam": "Action Zaandam 1255", "straatNaam": "Behouden Haven", "straatNr": "7a", "postcode": "1506 VA", "plaats": "Zaandam", "merk": "StichtingOPEN", "puntType": "balie", "materialen": ["batterijen", "lampen"], "uitbetaling": [], "vrijToegankelijk": false, "gemeenteBeperking": null, "openingstijden": null, "latitude": 52.44308, "longitude": 4.820688, "bronId": "SP00007829"}}, {"type": "Feature", "geometry": {"type": "Point", "coordinates": [4.820647, 52.443142]}, "properties": {"type": "inleverpunt", "locatieNaam": "Dirk Zaandam", "straatNaam": "Behouden Haven", "straatNr": "7", "postcode": "1506 VA", "plaats": "Zaandam", "merk": "StichtingOPEN", "puntType": "balie", "materialen": ["batterijen", "lampen"], "uitbetaling": [], "vrijToegankelijk": false, "gemeenteBeperking": null, "openingstijden": null, "latitude": 52.443142, "longitude": 4.820647, "bronId": "SP00023492"}}, {"type": "Feature", "geometry": {"type": "Point", "coordinates": [4.822409, 52.448164]}, "properties": {"type": "inleverpunt", "locatieNaam": "Dekamarkt Zaandam", "straatNaam": "Oostzijde", "straatNr": "177", "postcode": "1502 BD", "plaats": "Zaandam", "merk": "StichtingOPEN", "puntType": "balie", "materialen": ["batterijen", "lampen"], "uitbetaling": [], "vrijToegankelijk": false, "gemeenteBeperking": null, "openingstijden": null, "latitude": 52.448164, "longitude": 4.822409, "bronId": "SP00023679"}}, {"type": "Feature", "geometry": {"type": "Point", "coordinates": [4.826704, 52.453985]}, "properties": {"type": "inleverpunt", "locatieNaam": "1874 Albert Heijn Zaandam", "straatNaam": "Koningin Julianaplein", "straatNr": "10", "postcode": "1502 DV", "plaats": "Zaandam", "merk": "StichtingOPEN", "puntType": "balie", "materialen": ["batterijen", "elektro-klein", "lampen"], "uitbetaling": [], "vrijToegankelijk": false, "gemeenteBeperking": null, "openingstijden": null, "latitude": 52.453985, "longitude": 4.826704, "bronId": "SP00023295"}}, {"type": "Feature", "geometry": {"type": "Point", "coordinates": [4.805429, 52.443855]}, "properties": {"type": "inleverpunt", "locatieNaam": "Kinderboerderij De Veldmuis", "straatNaam": "Ilpendamstraat", "straatNr": "38", "postcode": "1507 JZ", "plaats": "Zaandam", "merk": "StichtingOPEN", "puntType": "balie", "materialen": ["elektro-middel"], "uitbetaling": [], "vrijToegankelijk": false, "gemeenteBeperking": null, "openingstijden": null, "latitude": 52.443855, "longitude": 4.805429, "bronId": "SP00005760"}}, {"type": "Feature", "geometry": {"type": "Point", "coordinates": [4.804248, 52.448614]}, "properties": {"type": "inleverpunt", "locatieNaam": "1578 Albert Heijn Zaandam", "straatNaam": "Langeweide", "straatNr": "77", "postcode": "1507 NC", "plaats": "Zaandam", "merk": "StichtingOPEN", "puntType": "balie", "materialen": ["batterijen", "elektro-klein", "lampen"], "uitbetaling": [], "vrijToegankelijk": false, "gemeenteBeperking": null, "openingstijden": null, "latitude": 52.448614, "longitude": 4.804248, "bronId": "SP00023101"}}, {"type": "Feature", "geometry": {"type": "Point", "coordinates": [4.775592, 52.432656]}, "properties": {"type": "inleverpunt", "locatieNaam": "Groenhart Group B.V. Westzaan", "straatNaam": "Kleine Steng", "straatNr": "20", "postcode": "1551 NC", "plaats": "Westzaan", "merk": "StichtingOPEN", "puntType": "balie", "materialen": ["batterijen", "elektro-klein", "elektro-middel", "lampen", "tl-buizen"], "uitbetaling": [], "vrijToegankelijk": false, "gemeenteBeperking": null, "openingstijden": null, "latitude": 52.432656, "longitude": 4.775592, "bronId": "SP00008838"}}, {"type": "Feature", "geometry": {"type": "Point", "coordinates": [4.811946, 52.454163]}, "properties": {"type": "inleverpunt", "locatieNaam": "Dekamarkt Zaandam", "straatNaam": "Westzijde", "straatNr": "247", "postcode": "1506 GE", "plaats": "Zaandam", "merk": "StichtingOPEN", "puntType": "balie", "materialen": ["batterijen", "lampen"], "uitbetaling": [], "vrijToegankelijk": false, "gemeenteBeperking": null, "openingstijden": null, "latitude": 52.454163, "longitude": 4.811946, "bronId": "SP00023681"}}, {"type": "Feature", "geometry": {"type": "Point", "coordinates": [4.780655, 52.43737]}, "properties": {"type": "inleverpunt", "locatieNaam": "Dekamarkt Westzaan", "straatNaam": "Zuideinde", "straatNr": "168", "postcode": "1551 EM", "plaats": "Westzaan", "merk": "StichtingOPEN", "puntType": "balie", "materialen": ["batterijen", "lampen"], "uitbetaling": [], "vrijToegankelijk": false, "gemeenteBeperking": null, "openingstijden": null, "latitude": 52.43737, "longitude": 4.780655, "bronId": "SP00023719"}}, {"type": "Feature", "geometry": {"type": "Point", "coordinates": [4.82103, 52.459356]}, "properties": {"type": "inleverpunt", "locatieNaam": "Dekamarkt Zaandam", "straatNaam": "Zilverschoonplein", "straatNr": "3842", "postcode": "1508 CL", "plaats": "Zaandam", "merk": "StichtingOPEN", "puntType": "balie", "materialen": ["batterijen", "lampen"], "uitbetaling": [], "vrijToegankelijk": false, "gemeenteBeperking": null, "openingstijden": null, "latitude": 52.459356, "longitude": 4.82103, "bronId": "SP00023684"}}, {"type": "Feature", "geometry": {"type": "Point", "coordinates": [4.83555, 52.467837]}, "properties": {"type": "inleverpunt", "locatieNaam": "Dekamarkt Zaandam", "straatNaam": "Drielse Wetering", "straatNr": "48", "postcode": "1509 KN", "plaats": "Zaandam", "merk": "StichtingOPEN", "puntType": "balie", "materialen": ["batterijen", "lampen"], "uitbetaling": [], "vrijToegankelijk": false, "gemeenteBeperking": null, "openingstijden": null, "latitude": 52.467837, "longitude": 4.83555, "bronId": "SP00023685"}}, {"type": "Feature", "geometry": {"type": "Point", "coordinates": [4.816896, 52.459726]}, "properties": {"type": "inleverpunt", "locatieNaam": "Lidl Zaandam", "straatNaam": "Dr. H.G. Scholtenstraat", "straatNr": "5", "postcode": "1508 EB", "plaats": "Zaandam", "merk": "StichtingOPEN", "puntType": "balie", "materialen": ["batterijen", "lampen"], "uitbetaling": [], "vrijToegankelijk": false, "gemeenteBeperking": null, "openingstijden": null, "latitude": 52.459726, "longitude": 4.816896, "bronId": "SP00025650"}}, {"type": "Feature", "geometry": {"type": "Point", "coordinates": [4.816805, 52.460398]}, "properties": {"type": "inleverpunt", "locatieNaam": "Aldi Zaandam", "straatNaam": "Dr. H.G. Scholtenstraat", "straatNr": "5b", "postcode": "1508 EB", "plaats": "Zaandam", "merk": "StichtingOPEN", "puntType": "balie", "materialen": ["batterijen", "elektro-klein", "lampen"], "uitbetaling": [], "vrijToegankelijk": false, "gemeenteBeperking": null, "openingstijden": null, "latitude": 52.460398, "longitude": 4.816805, "bronId": "SP00027201"}}, {"type": "Feature", "geometry": {"type": "Point", "coordinates": [4.811173, 52.459318]}, "properties": {"type": "inleverpunt", "locatieNaam": "Top Electronics", "straatNaam": "Zuideinde", "straatNr": "105", "postcode": "1541 CB", "plaats": "Koog aan de Zaan", "merk": "StichtingOPEN", "puntType": "balie", "materialen": ["elektro-klein", "lampen"], "uitbetaling": [], "vrijToegankelijk": false, "gemeenteBeperking": null, "openingstijden": null, "latitude": 52.459318, "longitude": 4.811173, "bronId": "SP00034280"}}, {"type": "Feature", "geometry": {"type": "Point", "coordinates": [4.811029, 52.461339]}, "properties": {"type": "inleverpunt", "locatieNaam": "Enorm Klaas Veenstra", "straatNaam": "Raadhuisstraat", "straatNr": "18", "postcode": "1541 JC", "plaats": "Koog aan de Zaan", "merk": "StichtingOPEN", "puntType": "balie", "materialen": ["lampen", "tl-buizen"], "uitbetaling": [], "vrijToegankelijk": false, "gemeenteBeperking": null, "openingstijden": null, "latitude": 52.461339, "longitude": 4.811029, "bronId": "SP00020327"}}, {"type": "Feature", "geometry": {"type": "Point", "coordinates": [4.80035, 52.45743]}, "properties": {"type": "inleverpunt", "locatieNaam": "Coop", "straatNaam": "Molenwerf", "straatNr": "24", "postcode": "1541 WR", "plaats": "Koog aan de Zaan", "merk": "StichtingOPEN", "puntType": "balie", "materialen": ["batterijen", "lampen"], "uitbetaling": [], "vrijToegankelijk": false, "gemeenteBeperking": null, "openingstijden": null, "latitude": 52.45743, "longitude": 4.80035, "bronId": "SP00030199"}}, {"type": "Feature", "geometry": {"type": "Point", "coordinates": [4.800151, 52.45744]}, "properties": {"type": "inleverpunt", "locatieNaam": "Dekamarkt Koog aan de Zaan", "straatNaam": "Molenwerf", "straatNr": "34", "postcode": "1541 WR", "plaats": "Koog aan de Zaan", "merk": "StichtingOPEN", "puntType": "balie", "materialen": ["batterijen", "lampen"], "uitbetaling": [], "vrijToegankelijk": false, "gemeenteBeperking": null, "openingstijden": null, "latitude": 52.45744, "longitude": 4.800151, "bronId": "SP00023683"}}, {"type": "Feature", "geometry": {"type": "Point", "coordinates": [4.809515, 52.464102]}, "properties": {"type": "inleverpunt", "locatieNaam": "8673 Albert Heijn Koog aan de Zaan", "straatNaam": "Verzetstraat", "straatNr": "10", "postcode": "1541 HB", "plaats": "Koog aan de Zaan", "merk": "StichtingOPEN", "puntType": "balie", "materialen": ["batterijen", "elektro-klein", "lampen"], "uitbetaling": [], "vrijToegankelijk": false, "gemeenteBeperking": null, "openingstijden": null, "latitude": 52.464102, "longitude": 4.809515, "bronId": "SP00023103"}}, {"type": "Feature", "geometry": {"type": "Point", "coordinates": [4.808003, 52.464763]}, "properties": {"type": "inleverpunt", "locatieNaam": "GAMMA Koog aan de Zaan", "straatNaam": "Kaarsenmakerstraat", "straatNr": "3", "postcode": "1541 HL", "plaats": "Koog aan de Zaan", "merk": "StichtingOPEN", "puntType": "balie", "materialen": ["batterijen", "elektro-klein", "elektro-middel", "lampen", "tl-buizen"], "uitbetaling": [], "vrijToegankelijk": false, "gemeenteBeperking": null, "openingstijden": null, "latitude": 52.464763, "longitude": 4.808003, "bronId": "SP00003031"}}, {"type": "Feature", "geometry": {"type": "Point", "coordinates": [4.81125, 52.471914]}, "properties": {"type": "inleverpunt", "locatieNaam": "Spar Zaandijk", "straatNaam": "Guisweg", "straatNr": "2", "postcode": "1544 AJ", "plaats": "Zaandijk", "merk": "StichtingOPEN", "puntType": "balie", "materialen": ["batterijen", "lampen"], "uitbetaling": [], "vrijToegankelijk": false, "gemeenteBeperking": null, "openingstijden": null, "latitude": 52.471914, "longitude": 4.81125, "bronId": "SP00031436"}}, {"type": "Feature", "geometry": {"type": "Point", "coordinates": [4.799986, 52.476619]}, "properties": {"type": "inleverpunt", "locatieNaam": "8582 Albert Heijn Zaandijk", "straatNaam": "John Lennonstraat", "straatNr": "265", "postcode": "1544 LT", "plaats": "Zaandijk", "merk": "StichtingOPEN", "puntType": "balie", "materialen": ["batterijen", "elektro-klein", "lampen"], "uitbetaling": [], "vrijToegankelijk": false, "gemeenteBeperking": null, "openingstijden": null, "latitude": 52.476619, "longitude": 4.799986, "bronId": "SP00023330"}}, {"type": "Feature", "geometry": {"type": "Point", "coordinates": [4.772353, 52.464021]}, "properties": {"type": "inleverpunt", "locatieNaam": "Coop Westzaan", "straatNaam": "Kerkbuurt", "straatNr": "38a", "postcode": "1551 AE", "plaats": "Westzaan", "merk": "StichtingOPEN", "puntType": "balie", "materialen": ["batterijen", "lampen"], "uitbetaling": [], "vrijToegankelijk": false, "gemeenteBeperking": null, "openingstijden": null, "latitude": 52.464021, "longitude": 4.772353, "bronId": "SP00024365"}}, {"type": "Feature", "geometry": {"type": "Point", "coordinates": [4.807209, 52.485596]}, "properties": {"type": "inleverpunt", "locatieNaam": "Dekamarkt Wormerveer", "straatNaam": "Plein 13", "straatNr": "103", "postcode": "1521 AP", "plaats": "Wormerveer", "merk": "StichtingOPEN", "puntType": "balie", "materialen": ["batterijen", "lampen"], "uitbetaling": [], "vrijToegankelijk": false, "gemeenteBeperking": null, "openingstijden": null, "latitude": 52.485596, "longitude": 4.807209, "bronId": "SP00023688"}}, {"type": "Feature", "geometry": {"type": "Point", "coordinates": [4.797973, 52.488157]}, "properties": {"type": "inleverpunt", "locatieNaam": "Technisch Bureau Renaud B.V.", "straatNaam": "Wandelweg", "straatNr": "41", "postcode": "1521 AB", "plaats": "Wormerveer", "merk": "StichtingOPEN", "puntType": "balie", "materialen": ["lampen"], "uitbetaling": [], "vrijToegankelijk": false, "gemeenteBeperking": null, "openingstijden": null, "latitude": 52.488157, "longitude": 4.797973, "bronId": "SP00002731"}}, {"type": "Feature", "geometry": {"type": "Point", "coordinates": [4.789707, 52.493023]}, "properties": {"type": "inleverpunt", "locatieNaam": "Action Wormerveer 1024", "straatNaam": "Marktstraat", "straatNr": "15-19", "postcode": "1521 DW", "plaats": "Wormerveer", "merk": "StichtingOPEN", "puntType": "balie", "materialen": ["batterijen", "lampen"], "uitbetaling": [], "vrijToegankelijk": false, "gemeenteBeperking": null, "openingstijden": null, "latitude": 52.493023, "longitude": 4.789707, "bronId": "SP00007626"}}, {"type": "Feature", "geometry": {"type": "Point", "coordinates": [4.789802, 52.493511]}, "properties": {"type": "inleverpunt", "locatieNaam": "Aldi Wormerveer", "straatNaam": "Marktstraat", "straatNr": "44", "postcode": "1521 DZ", "plaats": "Wormerveer", "merk": "StichtingOPEN", "puntType": "balie", "materialen": ["batterijen", "elektro-klein", "lampen"], "uitbetaling": [], "vrijToegankelijk": false, "gemeenteBeperking": null, "openingstijden": null, "latitude": 52.493511, "longitude": 4.789802, "bronId": "SP00027200"}}, {"type": "Feature", "geometry": {"type": "Point", "coordinates": [4.7481, 52.47437]}, "properties": {"type": "inleverpunt", "locatieNaam": "Kruidvat Assendelft", "straatNaam": "Dorpsstraat", "straatNr": "537b", "postcode": "1566 BL", "plaats": "Assendelft", "merk": "StichtingOPEN", "puntType": "balie", "materialen": ["batterijen", "lampen"], "uitbetaling": [], "vrijToegankelijk": false, "gemeenteBeperking": null, "openingstijden": null, "latitude": 52.47437, "longitude": 4.7481, "bronId": "SP00029485"}}, {"type": "Feature", "geometry": {"type": "Point", "coordinates": [4.786816, 52.494839]}, "properties": {"type": "inleverpunt", "locatieNaam": "Coop Wormerveer", "straatNaam": "Krommenieërweg", "straatNr": "30", "postcode": "1521 HK", "plaats": "Wormerveer", "merk": "StichtingOPEN", "puntType": "balie", "materialen": ["batterijen", "lampen"], "uitbetaling": [], "vrijToegankelijk": false, "gemeenteBeperking": null, "openingstijden": null, "latitude": 52.494839, "longitude": 4.786816, "bronId": "SP00024367"}}, {"type": "Feature", "geometry": {"type": "Point", "coordinates": [4.786383, 52.49492]}, "properties": {"type": "inleverpunt", "locatieNaam": "Kruidvat Wormerveer", "straatNaam": "Krommenieërweg", "straatNr": "34", "postcode": "1521 HK", "plaats": "Wormerveer", "merk": "StichtingOPEN", "puntType": "balie", "materialen": ["batterijen", "lampen"], "uitbetaling": [], "vrijToegankelijk": false, "gemeenteBeperking": null, "openingstijden": null, "latitude": 52.49492, "longitude": 4.786383, "bronId": "SP00024772"}}, {"type": "Feature", "geometry": {"type": "Point", "coordinates": [4.785519, 52.494545]}, "properties": {"type": "inleverpunt", "locatieNaam": "1619 Albert Heijn Wormerveer", "straatNaam": "Marktplein", "straatNr": "9", "postcode": "1521 HS", "plaats": "Wormerveer", "merk": "StichtingOPEN", "puntType": "balie", "materialen": ["batterijen", "elektro-klein", "lampen"], "uitbetaling": [], "vrijToegankelijk": false, "gemeenteBeperking": null, "openingstijden": null, "latitude": 52.494545, "longitude": 4.785519, "bronId": "SP00023107"}}, {"type": "Feature", "geometry": {"type": "Point", "coordinates": [4.752239, 52.48865]}, "properties": {"type": "inleverpunt", "locatieNaam": "1485 Albert Heijn Assendelft", "straatNaam": "Kaaikhof", "straatNr": "22", "postcode": "1567 JP", "plaats": "Assendelft", "merk": "StichtingOPEN", "puntType": "balie", "materialen": ["batterijen", "elektro-klein", "lampen"], "uitbetaling": [], "vrijToegankelijk": false, "gemeenteBeperking": null, "openingstijden": null, "latitude": 52.48865, "longitude": 4.752239, "bronId": "SP00023106"}}, {"type": "Feature", "geometry": {"type": "Point", "coordinates": [4.75224, 52.48868]}, "properties": {"type": "inleverpunt", "locatieNaam": "Vomar Assendelft", "straatNaam": "Kaaikhof", "straatNr": "15", "postcode": "1567 JP", "plaats": "Assendelft", "merk": "StichtingOPEN", "puntType": "balie", "materialen": ["batterijen"], "uitbetaling": [], "vrijToegankelijk": false, "gemeenteBeperking": null, "openingstijden": null, "latitude": 52.48868, "longitude": 4.75224, "bronId": "SP00030108"}}, {"type": "Feature", "geometry": {"type": "Point", "coordinates": [4.784842, 52.506282]}, "properties": {"type": "inleverpunt", "locatieNaam": "Praxis Wormerveer - 2233", "straatNaam": "Samsonweg", "straatNr": "13", "postcode": "1521 RA", "plaats": "Wormerveer", "merk": "StichtingOPEN", "puntType": "balie", "materialen": ["elektro-middel", "lampen", "tl-buizen"], "uitbetaling": [], "vrijToegankelijk": false, "gemeenteBeperking": null, "openingstijden": null, "latitude": 52.506282, "longitude": 4.784842, "bronId": "SP00004499"}}, {"type": "Feature", "geometry": {"type": "Point", "coordinates": [4.767604, 52.498073]}, "properties": {"type": "inleverpunt", "locatieNaam": "Kruidvat Krommenie", "straatNaam": "Zuiderhoofdstraat", "straatNr": "57a", "postcode": "1561 AJ", "plaats": "Krommenie", "merk": "StichtingOPEN", "puntType": "balie", "materialen": ["batterijen", "lampen"], "uitbetaling": [], "vrijToegankelijk": false, "gemeenteBeperking": null, "openingstijden": null, "latitude": 52.498073, "longitude": 4.767604, "bronId": "SP00024930"}}, {"type": "Feature", "geometry": {"type": "Point", "coordinates": [4.780152, 52.504703]}, "properties": {"type": "inleverpunt", "locatieNaam": "Welkoop Wormerveer", "straatNaam": "Samsonweg", "straatNr": "5e", "postcode": "1521 RA", "plaats": "Wormerveer", "merk": "StichtingOPEN", "puntType": "balie", "materialen": ["batterijen", "elektro-klein", "elektro-middel", "lampen"], "uitbetaling": [], "vrijToegankelijk": false, "gemeenteBeperking": null, "openingstijden": null, "latitude": 52.504703, "longitude": 4.780152, "bronId": "SP00026572"}}, {"type": "Feature", "geometry": {"type": "Point", "coordinates": [4.780624, 52.505313]}, "properties": {"type": "inleverpunt", "locatieNaam": "GAMMA Wormerveer", "straatNaam": "Samsonweg", "straatNr": "9-11", "postcode": "1521 RA", "plaats": "Wormerveer", "merk": "StichtingOPEN", "puntType": "balie", "materialen": ["batterijen", "elektro-middel", "lampen", "tl-buizen"], "uitbetaling": [], "vrijToegankelijk": false, "gemeenteBeperking": null, "openingstijden": null, "latitude": 52.505313, "longitude": 4.780624, "bronId": "SP00000647"}}, {"type": "Feature", "geometry": {"type": "Point", "coordinates": [4.780987, 52.506136]}, "properties": {"type": "inleverpunt", "locatieNaam": "Groenhart Group B.V. Wormerveer", "straatNaam": "Kikkertweg", "straatNr": "11", "postcode": "1521 RE", "plaats": "Wormerveer", "merk": "StichtingOPEN", "puntType": "balie", "materialen": ["batterijen", "elektro-klein", "elektro-middel", "lampen", "tl-buizen"], "uitbetaling": [], "vrijToegankelijk": false, "gemeenteBeperking": null, "openingstijden": null, "latitude": 52.506136, "longitude": 4.780987, "bronId": "SP00008839"}}, {"type": "Feature", "geometry": {"type": "Point", "coordinates": [4.766836, 52.500779]}, "properties": {"type": "inleverpunt", "locatieNaam": "Dekamarkt Krommenie", "straatNaam": "Heiligeweg", "straatNr": "2", "postcode": "1561 DK", "plaats": "Krommenie", "merk": "StichtingOPEN", "puntType": "balie", "materialen": ["batterijen", "lampen"], "uitbetaling": [], "vrijToegankelijk": false, "gemeenteBeperking": null, "openingstijden": null, "latitude": 52.500779, "longitude": 4.766836, "bronId": "SP00023691"}}, {"type": "Feature", "geometry": {"type": "Point", "coordinates": [4.766847, 52.502297]}, "properties": {"type": "inleverpunt", "locatieNaam": "Action Krommenie 1076", "straatNaam": "Eikelaan", "straatNr": "84", "postcode": "1561 CG", "plaats": "Krommenie", "merk": "StichtingOPEN", "puntType": "balie", "materialen": ["batterijen", "lampen"], "uitbetaling": [], "vrijToegankelijk": false, "gemeenteBeperking": null, "openingstijden": null, "latitude": 52.502297, "longitude": 4.766847, "bronId": "SP00007673"}}, {"type": "Feature", "geometry": {"type": "Point", "coordinates": [4.763641, 52.501196]}, "properties": {"type": "inleverpunt", "locatieNaam": "Action Krommenie", "straatNaam": "Heiligeweg", "straatNr": "71", "postcode": "1561 DG", "plaats": "Krommenie", "merk": "StichtingOPEN", "puntType": "balie", "materialen": ["batterijen", "elektro-klein", "lampen"], "uitbetaling": [], "vrijToegankelijk": false, "gemeenteBeperking": null, "openingstijden": null, "latitude": 52.501196, "longitude": 4.763641, "bronId": "SP00032379"}}, {"type": "Feature", "geometry": {"type": "Point", "coordinates": [4.763635, 52.501209]}, "properties": {"type": "inleverpunt", "locatieNaam": "Coop Krommenie", "straatNaam": "Heiligeweg", "straatNr": "7173", "postcode": "1561 DG", "plaats": "Krommenie", "merk": "StichtingOPEN", "puntType": "balie", "materialen": ["batterijen", "lampen"], "uitbetaling": [], "vrijToegankelijk": false, "gemeenteBeperking": null, "openingstijden": null, "latitude": 52.501209, "longitude": 4.763635, "bronId": "SP00024368"}}, {"type": "Feature", "geometry": {"type": "Point", "coordinates": [4.759176, 52.50312]}, "properties": {"type": "inleverpunt", "locatieNaam": "1586 Albert Heijn Krommenie", "straatNaam": "Rosariumplein", "straatNr": "20", "postcode": "1561 DX", "plaats": "Krommenie", "merk": "StichtingOPEN", "puntType": "balie", "materialen": ["batterijen", "elektro-klein", "lampen"], "uitbetaling": [], "vrijToegankelijk": false, "gemeenteBeperking": null, "openingstijden": null, "latitude": 52.50312, "longitude": 4.759176, "bronId": "SP00023112"}}, {"type": "Feature", "geometry": {"type": "Point", "coordinates": [4.782228, 52.515553]}, "properties": {"type": "inleverpunt", "locatieNaam": "Afvalbrengstation Molletjesveer", "straatNaam": "Westknollendam", "straatNr": "121", "postcode": "1525 PT", "plaats": "Westknollendam", "merk": "StichtingOPEN", "puntType": "milieustraat", "materialen": ["batterijen", "elektro-groot", "elektro-klein", "elektro-middel", "lampen", "tl-buizen"], "uitbetaling": [], "vrijToegankelijk": false, "gemeenteBeperking": ["Zaanstad", "Wormerland"], "openingstijden": null, "latitude": 52.515553, "longitude": 4.782228, "bronId": "SP00005849"}}, {"type": "Feature", "geometry": {"type": "Point", "coordinates": [4.82271, 52.424494]}, "properties": {"type": "inleverpunt", "locatieNaam": "ABS Zaandam", "straatNaam": "Symon Spiersweg", "straatNr": "7", "postcode": "1506 RZ", "plaats": "Zaandam", "merk": "StichtingOPEN", "puntType": "milieustraat", "materialen": ["batterijen", "elektro-groot", "elektro-klein", "elektro-middel", "lampen", "tl-buizen"], "uitbetaling": [], "vrijToegankelijk": false, "gemeenteBeperking": ["Zaanstad"], "openingstijden": null, "latitude": 52.424494, "longitude": 4.82271, "bronId": "SP00020233"}}, {"type": "Feature", "geometry": {"type": "Point", "coordinates": [4.8513871, 52.4271382]}, "properties": {"type": "inleverpunt", "locatieNaam": "Mastermate", "straatNaam": "Vredeweg", "straatNr": "46 D3", "postcode": "1505 HH", "plaats": "ZAANDAM", "merk": "Stibat", "puntType": "inzamelbak", "materialen": ["batterijen"], "uitbetaling": [], "vrijToegankelijk": false, "gemeenteBeperking": null, "openingstijden": null, "latitude": 52.4271382, "longitude": 4.8513871, "bronId": "L042797"}}, {"type": "Feature", "geometry": {"type": "Point", "coordinates": [4.8254545, 52.421504]}, "properties": {"type": "inleverpunt", "locatieNaam": "Isero Zaandam", "straatNaam": "Gerrit Kiststraat", "straatNr": "23", "postcode": "1506 SZ", "plaats": "ZAANDAM", "merk": "Stibat", "puntType": "inzamelbak", "materialen": ["batterijen"], "uitbetaling": [], "vrijToegankelijk": false, "gemeenteBeperking": null, "openingstijden": null, "latitude": 52.421504, "longitude": 4.8254545, "bronId": "L044917"}}, {"type": "Feature", "geometry": {"type": "Point", "coordinates": [4.826297, 52.4223079]}, "properties": {"type": "inleverpunt", "locatieNaam": "Rataplan kringloopwinkel", "straatNaam": "Cornelis Ouwejanstraat", "straatNr": "7", "postcode": "1506 SX", "plaats": "ZAANDAM", "merk": "Stibat", "puntType": "inzamelbak", "materialen": ["batterijen"], "uitbetaling": [], "vrijToegankelijk": false, "gemeenteBeperking": null, "openingstijden": null, "latitude": 52.4223079, "longitude": 4.826297, "bronId": "L040747"}}, {"type": "Feature", "geometry": {"type": "Point", "coordinates": [4.8269687, 52.423378]}, "properties": {"type": "inleverpunt", "locatieNaam": "Toolstation", "straatNaam": "Cornelis Ouwejanstraat", "straatNr": "27", "postcode": "1506 SX", "plaats": "ZAANDAM", "merk": "Stibat", "puntType": "inzamelbak", "materialen": ["batterijen"], "uitbetaling": [], "vrijToegankelijk": false, "gemeenteBeperking": null, "openingstijden": null, "latitude": 52.423378, "longitude": 4.8269687, "bronId": "L043364"}}, {"type": "Feature", "geometry": {"type": "Point", "coordinates": [4.8272436, 52.4247984]}, "properties": {"type": "inleverpunt", "locatieNaam": "Praxis 2081", "straatNaam": "Symon Spiersweg", "straatNr": "2", "postcode": "1506 RZ", "plaats": "ZAANDAM", "merk": "Stibat", "puntType": "inzamelbak", "materialen": ["batterijen"], "uitbetaling": [], "vrijToegankelijk": false, "gemeenteBeperking": null, "openingstijden": null, "latitude": 52.4247984, "longitude": 4.8272436, "bronId": "L016282"}}, {"type": "Feature", "geometry": {"type": "Point", "coordinates": [4.8263489, 52.425384]}, "properties": {"type": "inleverpunt", "locatieNaam": "Leen Bakker", "straatNaam": "Pieter Ghijssenlaan", "straatNr": "23", "postcode": "1506 PW", "plaats": "ZAANDAM", "merk": "Stibat", "puntType": "inzamelbak", "materialen": ["batterijen"], "uitbetaling": [], "vrijToegankelijk": false, "gemeenteBeperking": null, "openingstijden": null, "latitude": 52.425384, "longitude": 4.8263489, "bronId": "L016680"}}, {"type": "Feature", "geometry": {"type": "Point", "coordinates": [4.8216436, 52.4231328]}, "properties": {"type": "inleverpunt", "locatieNaam": "Milieustraat Zaandam", "straatNaam": "Symon Spiersweg", "straatNr": "7", "postcode": "1506 RZ", "plaats": "ZAANDAM", "merk": "Stibat", "puntType": "inzamelbak", "materialen": ["batterijen"], "uitbetaling": [], "vrijToegankelijk": false, "gemeenteBeperking": null, "openingstijden": null, "latitude": 52.4231328, "longitude": 4.8216436, "bronId": "L035588"}}, {"type": "Feature", "geometry": {"type": "Point", "coordinates": [4.8237665, 52.4249764]}, "properties": {"type": "inleverpunt", "locatieNaam": "Hornbach", "straatNaam": "Symon Spiersweg", "straatNr": "6", "postcode": "1506 RZ", "plaats": "ZAANDAM", "merk": "Stibat", "puntType": "inzamelbak", "materialen": ["batterijen"], "uitbetaling": [], "vrijToegankelijk": false, "gemeenteBeperking": null, "openingstijden": null, "latitude": 52.4249764, "longitude": 4.8237665, "bronId": "L015269"}}, {"type": "Feature", "geometry": {"type": "Point", "coordinates": [4.8503313, 52.4393318]}, "properties": {"type": "inleverpunt", "locatieNaam": "Vomar", "straatNaam": "E Heimansstraat", "straatNr": "23", "postcode": "1504 JB", "plaats": "ZAANDAM", "merk": "Stibat", "puntType": "inzamelbak", "materialen": ["batterijen"], "uitbetaling": [], "vrijToegankelijk": false, "gemeenteBeperking": null, "openingstijden": null, "latitude": 52.4393318, "longitude": 4.8503313, "bronId": "L005773"}}, {"type": "Feature", "geometry": {"type": "Point", "coordinates": [4.8241832, 52.4268927]}, "properties": {"type": "inleverpunt", "locatieNaam": "Lichtplaza Zaandam", "straatNaam": "Pieter Ghijsenlaan", "straatNr": "22", "postcode": "1506 PV", "plaats": "ZAANDAM", "merk": "Stibat", "puntType": "inzamelbak", "materialen": ["batterijen"], "uitbetaling": [], "vrijToegankelijk": false, "gemeenteBeperking": null, "openingstijden": null, "latitude": 52.4268927, "longitude": 4.8241832, "bronId": "L031528"}}, {"type": "Feature", "geometry": {"type": "Point", "coordinates": [4.823575, 52.4277219]}, "properties": {"type": "inleverpunt", "locatieNaam": "Vrijbuiter", "straatNaam": "Stormhoek", "straatNr": "17", "postcode": "1506 SW", "plaats": "ZAANDAM", "merk": "Stibat", "puntType": "inzamelbak", "materialen": ["batterijen"], "uitbetaling": [], "vrijToegankelijk": false, "gemeenteBeperking": null, "openingstijden": null, "latitude": 52.4277219, "longitude": 4.823575, "bronId": "L025928"}}, {"type": "Feature", "geometry": {"type": "Point", "coordinates": [4.8214263, 52.4271975]}, "properties": {"type": "inleverpunt", "locatieNaam": "Prenatal ZAANDAM", "straatNaam": "Stormhoek", "straatNr": "6", "postcode": "1506 SW", "plaats": "ZAANDAM", "merk": "Stibat", "puntType": "inzamelbak", "materialen": ["batterijen"], "uitbetaling": [], "vrijToegankelijk": false, "gemeenteBeperking": null, "openingstijden": null, "latitude": 52.4271975, "longitude": 4.8214263, "bronId": "L039630"}}, {"type": "Feature", "geometry": {"type": "Point", "coordinates": [4.8332741, 52.4340509]}, "properties": {"type": "inleverpunt", "locatieNaam": "PATRICK'S RIJWIELSHOP", "straatNaam": "Zuiddijk", "straatNr": "223", "postcode": "1501 CJ", "plaats": "ZAANDAM", "merk": "Stibat", "puntType": "inzamelbak", "materialen": ["batterijen"], "uitbetaling": [], "vrijToegankelijk": false, "gemeenteBeperking": null, "openingstijden": null, "latitude": 52.4340509, "longitude": 4.8332741, "bronId": "L032782"}}, {"type": "Feature", "geometry": {"type": "Point", "coordinates": [4.8230394, 52.4286512]}, "properties": {"type": "inleverpunt", "locatieNaam": "Het Goed Zaanstad", "straatNaam": "Stormhoek", "straatNr": "4", "postcode": "1506 SW", "plaats": "ZAANDAM", "merk": "Stibat", "puntType": "inzamelbak", "materialen": ["batterijen"], "uitbetaling": [], "vrijToegankelijk": false, "gemeenteBeperking": null, "openingstijden": null, "latitude": 52.4286512, "longitude": 4.8230394, "bronId": "L031126"}}, {"type": "Feature", "geometry": {"type": "Point", "coordinates": [4.8206826, 52.4281523]}, "properties": {"type": "inleverpunt", "locatieNaam": "Karwei", "straatNaam": "Stormhoek", "straatNr": "21", "postcode": "1506 SW", "plaats": "ZAANDAM", "merk": "Stibat", "puntType": "inzamelbak", "materialen": ["batterijen"], "uitbetaling": [], "vrijToegankelijk": false, "gemeenteBeperking": null, "openingstijden": null, "latitude": 52.4281523, "longitude": 4.8206826, "bronId": "L005973"}}, {"type": "Feature", "geometry": {"type": "Point", "coordinates": [4.8205888, 52.4281885]}, "properties": {"type": "inleverpunt", "locatieNaam": "Welkoop", "straatNaam": "Stormhoek", "straatNr": "21", "postcode": "1506 SW", "plaats": "ZAANDAM", "merk": "Stibat", "puntType": "inzamelbak", "materialen": ["batterijen"], "uitbetaling": [], "vrijToegankelijk": false, "gemeenteBeperking": null, "openingstijden": null, "latitude": 52.4281885, "longitude": 4.8205888, "bronId": "L047875"}}, {"type": "Feature", "geometry": {"type": "Point", "coordinates": [4.8185769, 52.4276105]}, "properties": {"type": "inleverpunt", "locatieNaam": "Kwantum", "straatNaam": "Stormhoek", "straatNr": "9", "postcode": "1506 SW", "plaats": "ZAANDAM", "merk": "Stibat", "puntType": "inzamelbak", "materialen": ["batterijen"], "uitbetaling": [], "vrijToegankelijk": false, "gemeenteBeperking": null, "openingstijden": null, "latitude": 52.4276105, "longitude": 4.8185769, "bronId": "L016605"}}, {"type": "Feature", "geometry": {"type": "Point", "coordinates": [4.818767, 52.427818]}, "properties": {"type": "inleverpunt", "locatieNaam": "GRW retail BV", "straatNaam": "Stormhoek", "straatNr": "13", "postcode": "1506 SW", "plaats": "ZAANDAM", "merk": "Stibat", "puntType": "inzamelbak", "materialen": ["batterijen"], "uitbetaling": [], "vrijToegankelijk": false, "gemeenteBeperking": null, "openingstijden": null, "latitude": 52.427818, "longitude": 4.818767, "bronId": "L048090"}}, {"type": "Feature", "geometry": {"type": "Point", "coordinates": [4.8206055, 52.4292233]}, "properties": {"type": "inleverpunt", "locatieNaam": "Aldi", "straatNaam": "Stormhoek", "straatNr": "71", "postcode": "1506 SW", "plaats": "ZAANDAM", "merk": "Stibat", "puntType": "inzamelbak", "materialen": ["batterijen"], "uitbetaling": [], "vrijToegankelijk": false, "gemeenteBeperking": null, "openingstijden": null, "latitude": 52.4292233, "longitude": 4.8206055, "bronId": "L047908"}}, {"type": "Feature", "geometry": {"type": "Point", "coordinates": [4.8465854, 52.4456924]}, "properties": {"type": "inleverpunt", "locatieNaam": "Kruidvat", "straatNaam": "Gibraltar", "straatNr": "8", "postcode": "1503 BM", "plaats": "ZAANDAM", "merk": "Stibat", "puntType": "inzamelbak", "materialen": ["batterijen"], "uitbetaling": [], "vrijToegankelijk": false, "gemeenteBeperking": null, "openingstijden": null, "latitude": 52.4456924, "longitude": 4.8465854, "bronId": "L014965"}}, {"type": "Feature", "geometry": {"type": "Point", "coordinates": [4.8474142, 52.4461689]}, "properties": {"type": "inleverpunt", "locatieNaam": "Vomar", "straatNaam": "Gibraltar", "straatNr": "4", "postcode": "1503 BM", "plaats": "ZAANDAM", "merk": "Stibat", "puntType": "inzamelbak", "materialen": ["batterijen"], "uitbetaling": [], "vrijToegankelijk": false, "gemeenteBeperking": null, "openingstijden": null, "latitude": 52.4461689, "longitude": 4.8474142, "bronId": "L045175"}}, {"type": "Feature", "geometry": {"type": "Point", "coordinates": [4.8463283, 52.4457756]}, "properties": {"type": "inleverpunt", "locatieNaam": "Lidl", "straatNaam": "Gibraltar", "straatNr": "15", "postcode": "1503 BM", "plaats": "ZAANDAM", "merk": "Stibat", "puntType": "inzamelbak", "materialen": ["batterijen"], "uitbetaling": [], "vrijToegankelijk": false, "gemeenteBeperking": null, "openingstijden": null, "latitude": 52.4457756, "longitude": 4.8463283, "bronId": "L038858"}}, {"type": "Feature", "geometry": {"type": "Point", "coordinates": [4.8458199, 52.446102]}, "properties": {"type": "inleverpunt", "locatieNaam": "Tabakshop van Vos", "straatNaam": "Gibraltar", "straatNr": "29", "postcode": "1503 BM", "plaats": "ZAANDAM", "merk": "Stibat", "puntType": "inzamelbak", "materialen": ["batterijen"], "uitbetaling": [], "vrijToegankelijk": false, "gemeenteBeperking": null, "openingstijden": null, "latitude": 52.446102, "longitude": 4.8458199, "bronId": "L040416"}}, {"type": "Feature", "geometry": {"type": "Point", "coordinates": [4.8393426, 52.4437227]}, "properties": {"type": "inleverpunt", "locatieNaam": "Joosten Hoorspecialisten", "straatNaam": "Bristolroodstraat", "straatNr": "164", "postcode": "1503 NZ", "plaats": "ZAANDAM", "merk": "Stibat", "puntType": "inzamelbak", "materialen": ["batterijen"], "uitbetaling": [], "vrijToegankelijk": false, "gemeenteBeperking": null, "openingstijden": null, "latitude": 52.4437227, "longitude": 4.8393426, "bronId": "L039000"}}, {"type": "Feature", "geometry": {"type": "Point", "coordinates": [4.8295744, 52.4387258]}, "properties": {"type": "inleverpunt", "locatieNaam": "Dirk Visbeek", "straatNaam": "Zuiddijk", "straatNr": "81c", "postcode": "1501 CC", "plaats": "ZAANDAM", "merk": "Stibat", "puntType": "inzamelbak", "materialen": ["batterijen"], "uitbetaling": [], "vrijToegankelijk": false, "gemeenteBeperking": null, "openingstijden": null, "latitude": 52.4387258, "longitude": 4.8295744, "bronId": "L032781"}}, {"type": "Feature", "geometry": {"type": "Point", "coordinates": [4.8306002, 52.4392906]}, "properties": {"type": "inleverpunt", "locatieNaam": "Dekamarkt", "straatNaam": "Prinsenstraat", "straatNr": "35", "postcode": "1501 NR", "plaats": "ZAANDAM", "merk": "Stibat", "puntType": "inzamelbak", "materialen": ["batterijen"], "uitbetaling": [], "vrijToegankelijk": false, "gemeenteBeperking": null, "openingstijden": null, "latitude": 52.4392906, "longitude": 4.8306002, "bronId": "L006039"}}, {"type": "Feature", "geometry": {"type": "Point", "coordinates": [4.8125663, 52.4298183]}, "properties": {"type": "inleverpunt", "locatieNaam": "Dexis", "straatNaam": "Ronde Tocht", "straatNr": "5", "postcode": "1507 CC", "plaats": "Zaandam", "merk": "Stibat", "puntType": "inzamelbak", "materialen": ["batterijen"], "uitbetaling": [], "vrijToegankelijk": false, "gemeenteBeperking": null, "openingstijden": null, "latitude": 52.4298183, "longitude": 4.8125663, "bronId": "L043451"}}, {"type": "Feature", "geometry": {"type": "Point", "coordinates": [4.8380889, 52.4441671]}, "properties": {"type": "inleverpunt", "locatieNaam": "1016 Action", "straatNaam": "Vermiljoenweg", "straatNr": "9c", "postcode": "1503 MN", "plaats": "ZAANDAM", "merk": "Stibat", "puntType": "inzamelbak", "materialen": ["batterijen"], "uitbetaling": [], "vrijToegankelijk": false, "gemeenteBeperking": null, "openingstijden": null, "latitude": 52.4441671, "longitude": 4.8380889, "bronId": "L017960"}}, {"type": "Feature", "geometry": {"type": "Point", "coordinates": [4.8378502, 52.4440978]}, "properties": {"type": "inleverpunt", "locatieNaam": "Zeeman", "straatNaam": "Vermiljoenweg", "straatNr": "9", "postcode": "1503 MN", "plaats": "ZAANDAM", "merk": "Stibat", "puntType": "inzamelbak", "materialen": ["batterijen"], "uitbetaling": [], "vrijToegankelijk": false, "gemeenteBeperking": null, "openingstijden": null, "latitude": 52.4440978, "longitude": 4.8378502, "bronId": "L028591"}}, {"type": "Feature", "geometry": {"type": "Point", "coordinates": [4.8369491, 52.4440899]}, "properties": {"type": "inleverpunt", "locatieNaam": "6035 Etos", "straatNaam": "Vrieschgroenstraat", "straatNr": "3 A", "postcode": "1503 MC", "plaats": "ZAANDAM", "merk": "Stibat", "puntType": "inzamelbak", "materialen": ["batterijen"], "uitbetaling": [], "vrijToegankelijk": false, "gemeenteBeperking": null, "openingstijden": null, "latitude": 52.4440899, "longitude": 4.8369491, "bronId": "L045361"}}, {"type": "Feature", "geometry": {"type": "Point", "coordinates": [4.8369224, 52.4440919]}, "properties": {"type": "inleverpunt", "locatieNaam": "1133 Albert Heijn", "straatNaam": "Vrieschgroenstraat", "straatNr": "5", "postcode": "1503 MC", "plaats": "ZAANDAM", "merk": "Stibat", "puntType": "inzamelbak", "materialen": ["batterijen"], "uitbetaling": [], "vrijToegankelijk": false, "gemeenteBeperking": null, "openingstijden": null, "latitude": 52.4440919, "longitude": 4.8369224, "bronId": "L004953"}}, {"type": "Feature", "geometry": {"type": "Point", "coordinates": [4.8066604, 52.4279768]}, "properties": {"type": "inleverpunt", "locatieNaam": "Ahold RDC Zaandam", "straatNaam": "Hoofdtocht", "straatNr": "1", "postcode": "1507 CJ", "plaats": "ZAANDAM", "merk": "Stibat", "puntType": "inzamelbak", "materialen": ["batterijen"], "uitbetaling": [], "vrijToegankelijk": false, "gemeenteBeperking": null, "openingstijden": null, "latitude": 52.4279768, "longitude": 4.8066604, "bronId": "L037356"}}, {"type": "Feature", "geometry": {"type": "Point", "coordinates": [4.8105243, 52.4314287]}, "properties": {"type": "inleverpunt", "locatieNaam": "Ranzijn Zaandam", "straatNaam": "Kleine tocht", "straatNr": "19", "postcode": "1507 CB", "plaats": "Zaandam", "merk": "Stibat", "puntType": "inzamelbak", "materialen": ["batterijen"], "uitbetaling": [], "vrijToegankelijk": false, "gemeenteBeperking": null, "openingstijden": null, "latitude": 52.4314287, "longitude": 4.8105243, "bronId": "L032609"}}, {"type": "Feature", "geometry": {"type": "Point", "coordinates": [4.8186209, 52.4361138]}, "properties": {"type": "inleverpunt", "locatieNaam": "Hackmann2wielers", "straatNaam": "Hogendijk", "straatNr": "123", "postcode": "1506 AG", "plaats": "ZAANDAM", "merk": "Stibat", "puntType": "inzamelbak", "materialen": ["batterijen"], "uitbetaling": [], "vrijToegankelijk": false, "gemeenteBeperking": null, "openingstijden": null, "latitude": 52.4361138, "longitude": 4.8186209, "bronId": "L049374"}}, {"type": "Feature", "geometry": {"type": "Point", "coordinates": [4.8010849, 52.4269425]}, "properties": {"type": "inleverpunt", "locatieNaam": "Hilton Meats Zaandam", "straatNaam": "Grote Tocht", "straatNr": "31", "postcode": "1507 CG", "plaats": "ZAANDAM", "merk": "Stibat", "puntType": "inzamelbak", "materialen": ["batterijen"], "uitbetaling": [], "vrijToegankelijk": false, "gemeenteBeperking": null, "openingstijden": null, "latitude": 52.4269425, "longitude": 4.8010849, "bronId": "L031848"}}, {"type": "Feature", "geometry": {"type": "Point", "coordinates": [4.8221185, 52.4386995]}, "properties": {"type": "inleverpunt", "locatieNaam": "Vomar", "straatNaam": "Czarinastraat", "straatNr": "1", "postcode": "1506 RA", "plaats": "ZAANDAM", "merk": "Stibat", "puntType": "inzamelbak", "materialen": ["batterijen"], "uitbetaling": [], "vrijToegankelijk": false, "gemeenteBeperking": null, "openingstijden": null, "latitude": 52.4386995, "longitude": 4.8221185, "bronId": "L006788"}}, {"type": "Feature", "geometry": {"type": "Point", "coordinates": [4.8235659, 52.4395803]}, "properties": {"type": "inleverpunt", "locatieNaam": "Bruna", "straatNaam": "Damstraat", "straatNr": "11", "postcode": "1506 BH", "plaats": "ZAANDAM", "merk": "Stibat", "puntType": "inzamelbak", "materialen": ["batterijen"], "uitbetaling": [], "vrijToegankelijk": false, "gemeenteBeperking": null, "openingstijden": null, "latitude": 52.4395803, "longitude": 4.8235659, "bronId": "L024625"}}, {"type": "Feature", "geometry": {"type": "Point", "coordinates": [4.8230535, 52.4396528]}, "properties": {"type": "inleverpunt", "locatieNaam": "BelCompany", "straatNaam": "Gedempte Gracht", "straatNr": "15", "postcode": "1506 CA", "plaats": "Zaandam", "merk": "Stibat", "puntType": "inzamelbak", "materialen": ["batterijen"], "uitbetaling": [], "vrijToegankelijk": false, "gemeenteBeperking": null, "openingstijden": null, "latitude": 52.4396528, "longitude": 4.8230535, "bronId": "L015217"}}, {"type": "Feature", "geometry": {"type": "Point", "coordinates": [4.8226528, 52.4395743]}, "properties": {"type": "inleverpunt", "locatieNaam": "ANWB", "straatNaam": "Gedempte Gracht", "straatNr": "27", "postcode": "1506 CA", "plaats": "ZAANDAM", "merk": "Stibat", "puntType": "inzamelbak", "materialen": ["batterijen"], "uitbetaling": [], "vrijToegankelijk": false, "gemeenteBeperking": null, "openingstijden": null, "latitude": 52.4395743, "longitude": 4.8226528, "bronId": "L044602"}}, {"type": "Feature", "geometry": {"type": "Point", "coordinates": [4.8222633, 52.4394154]}, "properties": {"type": "inleverpunt", "locatieNaam": "SoLow", "straatNaam": "Gedempte Gracht", "straatNr": "35", "postcode": "1506 CB", "plaats": "ZAANDAM", "merk": "Stibat", "puntType": "inzamelbak", "materialen": ["batterijen"], "uitbetaling": [], "vrijToegankelijk": false, "gemeenteBeperking": null, "openingstijden": null, "latitude": 52.4394154, "longitude": 4.8222633, "bronId": "L044124"}}, {"type": "Feature", "geometry": {"type": "Point", "coordinates": [4.8231641, 52.4399559]}, "properties": {"type": "inleverpunt", "locatieNaam": "Phone House", "straatNaam": "Gedempte Gracht", "straatNr": "2", "postcode": "1506 CE", "plaats": "Zaandam", "merk": "Stibat", "puntType": "inzamelbak", "materialen": ["batterijen"], "uitbetaling": [], "vrijToegankelijk": false, "gemeenteBeperking": null, "openingstijden": null, "latitude": 52.4399559, "longitude": 4.8231641, "bronId": "L024709"}}, {"type": "Feature", "geometry": {"type": "Point", "coordinates": [4.8213877, 52.4390776]}, "properties": {"type": "inleverpunt", "locatieNaam": "Zara", "straatNaam": "Gedempte Gracht", "straatNr": "49", "postcode": "1506 CB", "plaats": "Zaandam", "merk": "Stibat", "puntType": "inzamelbak", "materialen": ["batterijen"], "uitbetaling": [], "vrijToegankelijk": false, "gemeenteBeperking": null, "openingstijden": null, "latitude": 52.4390776, "longitude": 4.8213877, "bronId": "L045720"}}, {"type": "Feature", "geometry": {"type": "Point", "coordinates": [4.823524, 52.440213]}, "properties": {"type": "inleverpunt", "locatieNaam": "Hans Anders", "straatNaam": "Westzijde", "straatNr": "12", "postcode": "1506 EE", "plaats": "ZAANDAM", "merk": "Stibat", "puntType": "inzamelbak", "materialen": ["batterijen"], "uitbetaling": [], "vrijToegankelijk": false, "gemeenteBeperking": null, "openingstijden": null, "latitude": 52.440213, "longitude": 4.823524, "bronId": "L037966"}}, {"type": "Feature", "geometry": {"type": "Point", "coordinates": [4.822902, 52.439948]}, "properties": {"type": "inleverpunt", "locatieNaam": "Feyzo GSM", "straatNaam": "Gedempte Gracht", "straatNr": "6b", "postcode": "1506 CE", "plaats": "ZAANDAM", "merk": "Stibat", "puntType": "inzamelbak", "materialen": ["batterijen"], "uitbetaling": [], "vrijToegankelijk": false, "gemeenteBeperking": null, "openingstijden": null, "latitude": 52.439948, "longitude": 4.822902, "bronId": "L043693"}}, {"type": "Feature", "geometry": {"type": "Point", "coordinates": [4.8216547, 52.4395378]}, "properties": {"type": "inleverpunt", "locatieNaam": "DOUGLAS", "straatNaam": "Gedempte Gracht", "straatNr": "30", "postcode": "1506 CG", "plaats": "ZAANDAM", "merk": "Stibat", "puntType": "inzamelbak", "materialen": ["batterijen"], "uitbetaling": [], "vrijToegankelijk": false, "gemeenteBeperking": null, "openingstijden": null, "latitude": 52.4395378, "longitude": 4.8216547, "bronId": "L049146"}}, {"type": "Feature", "geometry": {"type": "Point", "coordinates": [4.8219318, 52.4397163]}, "properties": {"type": "inleverpunt", "locatieNaam": "Kruidvat", "straatNaam": "Gedempte Gracht", "straatNr": "20", "postcode": "1506 CG", "plaats": "ZAANDAM", "merk": "Stibat", "puntType": "inzamelbak", "materialen": ["batterijen"], "uitbetaling": [], "vrijToegankelijk": false, "gemeenteBeperking": null, "openingstijden": null, "latitude": 52.4397163, "longitude": 4.8219318, "bronId": "L014806"}}, {"type": "Feature", "geometry": {"type": "Point", "coordinates": [4.8208202, 52.4392347]}, "properties": {"type": "inleverpunt", "locatieNaam": "7344 Etos", "straatNaam": "Gedempte Gracht", "straatNr": "51", "postcode": "1506 CC", "plaats": "ZAANDAM", "merk": "Stibat", "puntType": "inzamelbak", "materialen": ["batterijen"], "uitbetaling": [], "vrijToegankelijk": false, "gemeenteBeperking": null, "openingstijden": null, "latitude": 52.4392347, "longitude": 4.8208202, "bronId": "L022908"}}, {"type": "Feature", "geometry": {"type": "Point", "coordinates": [4.8229228, 52.4404221]}, "properties": {"type": "inleverpunt", "locatieNaam": "Wibra", "straatNaam": "Westzijde", "straatNr": "5", "postcode": "1506 EA", "plaats": "Zaandam", "merk": "Stibat", "puntType": "inzamelbak", "materialen": ["batterijen"], "uitbetaling": [], "vrijToegankelijk": false, "gemeenteBeperking": null, "openingstijden": null, "latitude": 52.4404221, "longitude": 4.8229228, "bronId": "L022681"}}, {"type": "Feature", "geometry": {"type": "Point", "coordinates": [4.8205562, 52.4391795]}, "properties": {"type": "inleverpunt", "locatieNaam": "HEMA Gedempte Gracht", "straatNaam": "Gedempte Gracht", "straatNr": "57", "postcode": "1506 CC", "plaats": "ZAANDAM", "merk": "Stibat", "puntType": "inzamelbak", "materialen": ["batterijen"], "uitbetaling": [], "vrijToegankelijk": false, "gemeenteBeperking": null, "openingstijden": null, "latitude": 52.4391795, "longitude": 4.8205562, "bronId": "L006635"}}, {"type": "Feature", "geometry": {"type": "Point", "coordinates": [4.8211575, 52.4396274]}, "properties": {"type": "inleverpunt", "locatieNaam": "Intertoys", "straatNaam": "Gedempte Gracht", "straatNr": "32", "postcode": "1506 CG", "plaats": "Zaandam", "merk": "Stibat", "puntType": "inzamelbak", "materialen": ["batterijen"], "uitbetaling": [], "vrijToegankelijk": false, "gemeenteBeperking": null, "openingstijden": null, "latitude": 52.4396274, "longitude": 4.8211575, "bronId": "L043513"}}, {"type": "Feature", "geometry": {"type": "Point", "coordinates": [4.8206553, 52.4394766]}, "properties": {"type": "inleverpunt", "locatieNaam": "KPN winkel", "straatNaam": "Gedempte Gracht", "straatNr": "40", "postcode": "1506 CG", "plaats": "ZAANDAM", "merk": "Stibat", "puntType": "inzamelbak", "materialen": ["batterijen"], "uitbetaling": [], "vrijToegankelijk": false, "gemeenteBeperking": null, "openingstijden": null, "latitude": 52.4394766, "longitude": 4.8206553, "bronId": "L006891"}}, {"type": "Feature", "geometry": {"type": "Point", "coordinates": [4.8224511, 52.4405097]}, "properties": {"type": "inleverpunt", "locatieNaam": "Perry", "straatNaam": "Westzijde", "straatNr": "9", "postcode": "1506 EA", "plaats": "ZAANDAM", "merk": "Stibat", "puntType": "inzamelbak", "materialen": ["batterijen"], "uitbetaling": [], "vrijToegankelijk": false, "gemeenteBeperking": null, "openingstijden": null, "latitude": 52.4405097, "longitude": 4.8224511, "bronId": "L024042"}}, {"type": "Feature", "geometry": {"type": "Point", "coordinates": [4.8229905, 52.4408808]}, "properties": {"type": "inleverpunt", "locatieNaam": "Kruidvat", "straatNaam": "Westzijde", "straatNr": "28", "postcode": "1506 EE", "plaats": "ZAANDAM", "merk": "Stibat", "puntType": "inzamelbak", "materialen": ["batterijen"], "uitbetaling": [], "vrijToegankelijk": false, "gemeenteBeperking": null, "openingstijden": null, "latitude": 52.4408808, "longitude": 4.8229905, "bronId": "L016937"}}, {"type": "Feature", "geometry": {"type": "Point", "coordinates": [4.8197314, 52.4392744]}, "properties": {"type": "inleverpunt", "locatieNaam": "Foto Studio Heno", "straatNaam": "Gedempte Gracht", "straatNr": "52", "postcode": "1506 CH", "plaats": "ZAANDAM", "merk": "Stibat", "puntType": "inzamelbak", "materialen": ["batterijen"], "uitbetaling": [], "vrijToegankelijk": false, "gemeenteBeperking": null, "openingstijden": null, "latitude": 52.4392744, "longitude": 4.8197314, "bronId": "L016179"}}, {"type": "Feature", "geometry": {"type": "Point", "coordinates": [4.8229592, 52.4410074]}, "properties": {"type": "inleverpunt", "locatieNaam": "Xenos", "straatNaam": "Westzijde", "straatNr": "28", "postcode": "1506 EE", "plaats": "ZAANDAM", "merk": "Stibat", "puntType": "inzamelbak", "materialen": ["batterijen"], "uitbetaling": [], "vrijToegankelijk": false, "gemeenteBeperking": null, "openingstijden": null, "latitude": 52.4410074, "longitude": 4.8229592, "bronId": "L036911"}}, {"type": "Feature", "geometry": {"type": "Point", "coordinates": [4.8173933, 52.4381128]}, "properties": {"type": "inleverpunt", "locatieNaam": "1262 Albert Heijn", "straatNaam": "Hermitage", "straatNr": "4", "postcode": "1506 TX", "plaats": "ZAANDAM", "merk": "Stibat", "puntType": "inzamelbak", "materialen": ["batterijen"], "uitbetaling": [], "vrijToegankelijk": false, "gemeenteBeperking": null, "openingstijden": null, "latitude": 52.4381128, "longitude": 4.8173933, "bronId": "L008022"}}, {"type": "Feature", "geometry": {"type": "Point", "coordinates": [4.8190687, 52.4391343]}, "properties": {"type": "inleverpunt", "locatieNaam": "Specsavers", "straatNaam": "Gedempte Gracht", "straatNr": "66", "postcode": "1506 CJ", "plaats": "Zaandam", "merk": "Stibat", "puntType": "inzamelbak", "materialen": ["batterijen"], "uitbetaling": [], "vrijToegankelijk": false, "gemeenteBeperking": null, "openingstijden": null, "latitude": 52.4391343, "longitude": 4.8190687, "bronId": "L045082"}}, {"type": "Feature", "geometry": {"type": "Point", "coordinates": [4.8225615, 52.4410765]}, "properties": {"type": "inleverpunt", "locatieNaam": "Zeeman", "straatNaam": "Westzijde", "straatNr": "17A", "postcode": "1506 EA", "plaats": "Zaandam", "merk": "Stibat", "puntType": "inzamelbak", "materialen": ["batterijen"], "uitbetaling": [], "vrijToegankelijk": false, "gemeenteBeperking": null, "openingstijden": null, "latitude": 52.4410765, "longitude": 4.8225615, "bronId": "L019990"}}, {"type": "Feature", "geometry": {"type": "Point", "coordinates": [4.8186899, 52.4390717]}, "properties": {"type": "inleverpunt", "locatieNaam": "Volado", "straatNaam": "Gedempte Gracht", "straatNr": "76", "postcode": "1506 CJ", "plaats": "ZAANDAM", "merk": "Stibat", "puntType": "inzamelbak", "materialen": ["batterijen"], "uitbetaling": [], "vrijToegankelijk": false, "gemeenteBeperking": null, "openingstijden": null, "latitude": 52.4390717, "longitude": 4.8186899, "bronId": "L028042"}}, {"type": "Feature", "geometry": {"type": "Point", "coordinates": [4.8105522, 52.4347252]}, "properties": {"type": "inleverpunt", "locatieNaam": "Aldi", "straatNaam": "Westzanerdijk", "straatNr": "118-c", "postcode": "1507 AK", "plaats": "Zaandam", "merk": "Stibat", "puntType": "inzamelbak", "materialen": ["batterijen"], "uitbetaling": [], "vrijToegankelijk": false, "gemeenteBeperking": null, "openingstijden": null, "latitude": 52.4347252, "longitude": 4.8105522, "bronId": "L041137"}}, {"type": "Feature", "geometry": {"type": "Point", "coordinates": [4.8170314, 52.4386333]}, "properties": {"type": "inleverpunt", "locatieNaam": "Tiger Stores/Flying Tiger Zaandam", "straatNaam": "Ankersmidplein", "straatNr": "5", "postcode": "1506 CK", "plaats": "ZAANDAM", "merk": "Stibat", "puntType": "inzamelbak", "materialen": ["batterijen"], "uitbetaling": [], "vrijToegankelijk": false, "gemeenteBeperking": null, "openingstijden": null, "latitude": 52.4386333, "longitude": 4.8170314, "bronId": "L036816"}}, {"type": "Feature", "geometry": {"type": "Point", "coordinates": [4.8170218, 52.4386303]}, "properties": {"type": "inleverpunt", "locatieNaam": "Primark", "straatNaam": "Ankersmidplein", "straatNr": "7", "postcode": "1506 CK", "plaats": "ZAANDAM", "merk": "Stibat", "puntType": "inzamelbak", "materialen": ["batterijen"], "uitbetaling": [], "vrijToegankelijk": false, "gemeenteBeperking": null, "openingstijden": null, "latitude": 52.4386303, "longitude": 4.8170218, "bronId": "L036296"}}, {"type": "Feature", "geometry": {"type": "Point", "coordinates": [4.8227838, 52.4421021]}, "properties": {"type": "inleverpunt", "locatieNaam": "VAN ZAANE TWEEWIELERS BV", "straatNaam": "Westzijde", "straatNr": "64", "postcode": "1506 EG", "plaats": "ZAANDAM", "merk": "Stibat", "puntType": "inzamelbak", "materialen": ["batterijen"], "uitbetaling": [], "vrijToegankelijk": false, "gemeenteBeperking": null, "openingstijden": null, "latitude": 52.4421021, "longitude": 4.8227838, "bronId": "L032783"}}, {"type": "Feature", "geometry": {"type": "Point", "coordinates": [4.8147499, 52.4379187]}, "properties": {"type": "inleverpunt", "locatieNaam": "AKO", "straatNaam": "Stadhuisplein", "straatNr": "13", "postcode": "1506 MZ", "plaats": "ZAANDAM", "merk": "Stibat", "puntType": "inzamelbak", "materialen": ["batterijen"], "uitbetaling": [], "vrijToegankelijk": false, "gemeenteBeperking": null, "openingstijden": null, "latitude": 52.4379187, "longitude": 4.8147499, "bronId": "L045291"}}, {"type": "Feature", "geometry": {"type": "Point", "coordinates": [4.812906, 52.4382619]}, "properties": {"type": "inleverpunt", "locatieNaam": "Tabakspeciaal Guiillaume", "straatNaam": "Ebbehout", "straatNr": "31a", "postcode": "1507 EA", "plaats": "ZAANDAM", "merk": "Stibat", "puntType": "inzamelbak", "materialen": ["batterijen"], "uitbetaling": [], "vrijToegankelijk": false, "gemeenteBeperking": null, "openingstijden": null, "latitude": 52.4382619, "longitude": 4.812906, "bronId": "L019929"}}, {"type": "Feature", "geometry": {"type": "Point", "coordinates": [4.8209477, 52.4428552]}, "properties": {"type": "inleverpunt", "locatieNaam": "Kruidvat", "straatNaam": "Westzijde", "straatNr": "47", "postcode": "1506 EB", "plaats": "ZAANDAM", "merk": "Stibat", "puntType": "inzamelbak", "materialen": ["batterijen"], "uitbetaling": [], "vrijToegankelijk": false, "gemeenteBeperking": null, "openingstijden": null, "latitude": 52.4428552, "longitude": 4.8209477, "bronId": "L036399"}}, {"type": "Feature", "geometry": {"type": "Point", "coordinates": [4.8126238, 52.4384937]}, "properties": {"type": "inleverpunt", "locatieNaam": "2276 Albert Heijn", "straatNaam": "Ebbehout", "straatNr": "29", "postcode": "1507 EA", "plaats": "ZAANDAM", "merk": "Stibat", "puntType": "inzamelbak", "materialen": ["batterijen"], "uitbetaling": [], "vrijToegankelijk": false, "gemeenteBeperking": null, "openingstijden": null, "latitude": 52.4384937, "longitude": 4.8126238, "bronId": "L044035"}}, {"type": "Feature", "geometry": {"type": "Point", "coordinates": [4.8203004, 52.4429649]}, "properties": {"type": "inleverpunt", "locatieNaam": "Tabak en Cadeaushop Amirah", "straatNaam": "Behouden Haven", "straatNr": "11", "postcode": "1506 VA", "plaats": "ZAANDAM", "merk": "Stibat", "puntType": "inzamelbak", "materialen": ["batterijen"], "uitbetaling": [], "vrijToegankelijk": false, "gemeenteBeperking": null, "openingstijden": null, "latitude": 52.4429649, "longitude": 4.8203004, "bronId": "L045601"}}, {"type": "Feature", "geometry": {"type": "Point", "coordinates": [4.8198746, 52.4430512]}, "properties": {"type": "inleverpunt", "locatieNaam": "1255 Action", "straatNaam": "Behouden Haven", "straatNr": "7a", "postcode": "1506 VA", "plaats": "ZAANDAM", "merk": "Stibat", "puntType": "inzamelbak", "materialen": ["batterijen"], "uitbetaling": [], "vrijToegankelijk": false, "gemeenteBeperking": null, "openingstijden": null, "latitude": 52.4430512, "longitude": 4.8198746, "bronId": "L030411"}}, {"type": "Feature", "geometry": {"type": "Point", "coordinates": [4.819853, 52.4430719]}, "properties": {"type": "inleverpunt", "locatieNaam": "Dirk", "straatNaam": "Behouden Haven", "straatNr": "7", "postcode": "1506 VA", "plaats": "ZAANDAM", "merk": "Stibat", "puntType": "inzamelbak", "materialen": ["batterijen"], "uitbetaling": [], "vrijToegankelijk": false, "gemeenteBeperking": null, "openingstijden": null, "latitude": 52.4430719, "longitude": 4.819853, "bronId": "L012954"}}, {"type": "Feature", "geometry": {"type": "Point", "coordinates": [4.8194424, 52.4436403]}, "properties": {"type": "inleverpunt", "locatieNaam": "Jouwfietsenwinkel", "straatNaam": "Klokbaai", "straatNr": "11", "postcode": "1506 VE", "plaats": "ZAANDAM", "merk": "Stibat", "puntType": "inzamelbak", "materialen": ["batterijen"], "uitbetaling": [], "vrijToegankelijk": false, "gemeenteBeperking": null, "openingstijden": null, "latitude": 52.4436403, "longitude": 4.8194424, "bronId": "L048808"}}, {"type": "Feature", "geometry": {"type": "Point", "coordinates": [4.8224124, 52.448149]}, "properties": {"type": "inleverpunt", "locatieNaam": "Dekamarkt", "straatNaam": "Oostzijde", "straatNr": "177", "postcode": "1502 BD", "plaats": "ZAANDAM", "merk": "Stibat", "puntType": "inzamelbak", "materialen": ["batterijen"], "uitbetaling": [], "vrijToegankelijk": false, "gemeenteBeperking": null, "openingstijden": null, "latitude": 52.448149, "longitude": 4.8224124, "bronId": "L006038"}}, {"type": "Feature", "geometry": {"type": "Point", "coordinates": [4.8273354, 52.4540727]}, "properties": {"type": "inleverpunt", "locatieNaam": "6328 Etos", "straatNaam": "Koningin Julianaplein", "straatNr": "16", "postcode": "1502 DV", "plaats": "ZAANDAM", "merk": "Stibat", "puntType": "inzamelbak", "materialen": ["batterijen"], "uitbetaling": [], "vrijToegankelijk": false, "gemeenteBeperking": null, "openingstijden": null, "latitude": 52.4540727, "longitude": 4.8273354, "bronId": "L045360"}}, {"type": "Feature", "geometry": {"type": "Point", "coordinates": [4.8264014, 52.4541783]}, "properties": {"type": "inleverpunt", "locatieNaam": "Oorwerk", "straatNaam": "Koningin Julianaplein", "straatNr": "40", "postcode": "1502 DV", "plaats": "ZAANDAM", "merk": "Stibat", "puntType": "inzamelbak", "materialen": ["batterijen"], "uitbetaling": [], "vrijToegankelijk": false, "gemeenteBeperking": null, "openingstijden": null, "latitude": 52.4541783, "longitude": 4.8264014, "bronId": "L039026"}}, {"type": "Feature", "geometry": {"type": "Point", "coordinates": [4.802798, 52.447864]}, "properties": {"type": "inleverpunt", "locatieNaam": "Kruidvat", "straatNaam": "Langeweide", "straatNr": "103-105", "postcode": "1507 NC", "plaats": "ZAANDAM", "merk": "Stibat", "puntType": "inzamelbak", "materialen": ["batterijen"], "uitbetaling": [], "vrijToegankelijk": false, "gemeenteBeperking": null, "openingstijden": null, "latitude": 52.447864, "longitude": 4.802798, "bronId": "L039950"}}, {"type": "Feature", "geometry": {"type": "Point", "coordinates": [4.8031712, 52.4481782]}, "properties": {"type": "inleverpunt", "locatieNaam": "Schoonenberg Hoorcomfort", "straatNaam": "Volendamstraat", "straatNr": "7", "postcode": "1507 KC", "plaats": "ZAANDAM", "merk": "Stibat", "puntType": "inzamelbak", "materialen": ["batterijen"], "uitbetaling": [], "vrijToegankelijk": false, "gemeenteBeperking": null, "openingstijden": null, "latitude": 52.4481782, "longitude": 4.8031712, "bronId": "L019604"}}, {"type": "Feature", "geometry": {"type": "Point", "coordinates": [4.8031608, 52.4482077]}, "properties": {"type": "inleverpunt", "locatieNaam": "Primera", "straatNaam": "Langeweide", "straatNr": "91", "postcode": "1507 NC", "plaats": "ZAANDAM", "merk": "Stibat", "puntType": "inzamelbak", "materialen": ["batterijen"], "uitbetaling": [], "vrijToegankelijk": false, "gemeenteBeperking": null, "openingstijden": null, "latitude": 52.4482077, "longitude": 4.8031608, "bronId": "L046674"}}, {"type": "Feature", "geometry": {"type": "Point", "coordinates": [4.8025679, 52.4484368]}, "properties": {"type": "inleverpunt", "locatieNaam": "1578 Albert Heijn", "straatNaam": "Langeweide", "straatNr": "77", "postcode": "1507 NC", "plaats": "ZAANDAM", "merk": "Stibat", "puntType": "inzamelbak", "materialen": ["batterijen"], "uitbetaling": [], "vrijToegankelijk": false, "gemeenteBeperking": null, "openingstijden": null, "latitude": 52.4484368, "longitude": 4.8025679, "bronId": "L006448"}}, {"type": "Feature", "geometry": {"type": "Point", "coordinates": [4.81166, 52.454198]}, "properties": {"type": "inleverpunt", "locatieNaam": "Dekamarkt", "straatNaam": "Westzijde", "straatNr": "247", "postcode": "1506 GE", "plaats": "Zaandam", "merk": "Stibat", "puntType": "inzamelbak", "materialen": ["batterijen"], "uitbetaling": [], "vrijToegankelijk": false, "gemeenteBeperking": null, "openingstijden": null, "latitude": 52.454198, "longitude": 4.81166, "bronId": "L006807"}}, {"type": "Feature", "geometry": {"type": "Point", "coordinates": [4.821004, 52.4593588]}, "properties": {"type": "inleverpunt", "locatieNaam": "Dekamarkt", "straatNaam": "Zilverschoonplein", "straatNr": "38-42", "postcode": "1508 CL", "plaats": "ZAANDAM", "merk": "Stibat", "puntType": "inzamelbak", "materialen": ["batterijen"], "uitbetaling": [], "vrijToegankelijk": false, "gemeenteBeperking": null, "openingstijden": null, "latitude": 52.4593588, "longitude": 4.821004, "bronId": "L019953"}}, {"type": "Feature", "geometry": {"type": "Point", "coordinates": [4.7758571, 52.4349011]}, "properties": {"type": "inleverpunt", "locatieNaam": "Groenhart gereedschappen, ijzerwaren", "straatNaam": "Kleine Steng", "straatNr": "20", "postcode": "1551 NC", "plaats": "WESTZAAN", "merk": "Stibat", "puntType": "inzamelbak", "materialen": ["batterijen"], "uitbetaling": [], "vrijToegankelijk": false, "gemeenteBeperking": null, "openingstijden": null, "latitude": 52.4349011, "longitude": 4.7758571, "bronId": "L039253"}}, {"type": "Feature", "geometry": {"type": "Point", "coordinates": [4.7793406, 52.4373525]}, "properties": {"type": "inleverpunt", "locatieNaam": "Dekamarkt", "straatNaam": "Zuideinde", "straatNr": "168", "postcode": "1551 EM", "plaats": "WESTZAAN", "merk": "Stibat", "puntType": "inzamelbak", "materialen": ["batterijen"], "uitbetaling": [], "vrijToegankelijk": false, "gemeenteBeperking": null, "openingstijden": null, "latitude": 52.4373525, "longitude": 4.7793406, "bronId": "L036433"}}, {"type": "Feature", "geometry": {"type": "Point", "coordinates": [4.8355819, 52.4678579]}, "properties": {"type": "inleverpunt", "locatieNaam": "Dekamarkt", "straatNaam": "Drielse Wetering", "straatNr": "48", "postcode": "1509 KN", "plaats": "ZAANDAM", "merk": "Stibat", "puntType": "inzamelbak", "materialen": ["batterijen"], "uitbetaling": [], "vrijToegankelijk": false, "gemeenteBeperking": null, "openingstijden": null, "latitude": 52.4678579, "longitude": 4.8355819, "bronId": "L007926"}}, {"type": "Feature", "geometry": {"type": "Point", "coordinates": [4.8355669, 52.4678758]}, "properties": {"type": "inleverpunt", "locatieNaam": "Primera", "straatNaam": "Drielse Wetering", "straatNr": "55", "postcode": "1509 KP", "plaats": "ZAANDAM", "merk": "Stibat", "puntType": "inzamelbak", "materialen": ["batterijen"], "uitbetaling": [], "vrijToegankelijk": false, "gemeenteBeperking": null, "openingstijden": null, "latitude": 52.4678758, "longitude": 4.8355669, "bronId": "L023356"}}, {"type": "Feature", "geometry": {"type": "Point", "coordinates": [4.8110445, 52.4570173]}, "properties": {"type": "inleverpunt", "locatieNaam": "B.B. Hal", "straatNaam": "Zuideinde", "straatNr": "44", "postcode": "1541 CD", "plaats": "KOOG AAN DE ZAAN", "merk": "Stibat", "puntType": "inzamelbak", "materialen": ["batterijen"], "uitbetaling": [], "vrijToegankelijk": false, "gemeenteBeperking": null, "openingstijden": null, "latitude": 52.4570173, "longitude": 4.8110445, "bronId": "L042008"}}, {"type": "Feature", "geometry": {"type": "Point", "coordinates": [4.8168059, 52.4603983]}, "properties": {"type": "inleverpunt", "locatieNaam": "Aldi", "straatNaam": "Dr. H.G. Scholtenstraat", "straatNr": "5b", "postcode": "1508 EB", "plaats": "Zaandam", "merk": "Stibat", "puntType": "inzamelbak", "materialen": ["batterijen"], "uitbetaling": [], "vrijToegankelijk": false, "gemeenteBeperking": null, "openingstijden": null, "latitude": 52.4603983, "longitude": 4.8168059, "bronId": "L041138"}}, {"type": "Feature", "geometry": {"type": "Point", "coordinates": [4.816841, 52.4611905]}, "properties": {"type": "inleverpunt", "locatieNaam": "Lidl", "straatNaam": "Boere Jonkerplein", "straatNr": "1", "postcode": "1508 HA", "plaats": "ZAANDAM", "merk": "Stibat", "puntType": "inzamelbak", "materialen": ["batterijen"], "uitbetaling": [], "vrijToegankelijk": false, "gemeenteBeperking": null, "openingstijden": null, "latitude": 52.4611905, "longitude": 4.816841, "bronId": "L045165"}}, {"type": "Feature", "geometry": {"type": "Point", "coordinates": [4.8114937, 52.4609128]}, "properties": {"type": "inleverpunt", "locatieNaam": "Enorm", "straatNaam": "Raadhuisstraat", "straatNr": "16-24", "postcode": "1541 JC", "plaats": "KOOG A/D ZAAN", "merk": "Stibat", "puntType": "inzamelbak", "materialen": ["batterijen"], "uitbetaling": [], "vrijToegankelijk": false, "gemeenteBeperking": null, "openingstijden": null, "latitude": 52.4609128, "longitude": 4.8114937, "bronId": "L017872"}}, {"type": "Feature", "geometry": {"type": "Point", "coordinates": [4.8112268, 52.4610733]}, "properties": {"type": "inleverpunt", "locatieNaam": "Firma W.C. Moos", "straatNaam": "Raadhuisstraat", "straatNr": "6", "postcode": "1541 JC", "plaats": "Koog aan de Zaan", "merk": "Stibat", "puntType": "inzamelbak", "materialen": ["batterijen"], "uitbetaling": [], "vrijToegankelijk": false, "gemeenteBeperking": null, "openingstijden": null, "latitude": 52.4610733, "longitude": 4.8112268, "bronId": "L032786"}}, {"type": "Feature", "geometry": {"type": "Point", "coordinates": [4.811026, 52.4618003]}, "properties": {"type": "inleverpunt", "locatieNaam": "Intertoys", "straatNaam": "Raadhuisstraat", "straatNr": "70-72", "postcode": "1541 JD", "plaats": "KOOG AAN DE ZAAN", "merk": "Stibat", "puntType": "inzamelbak", "materialen": ["batterijen"], "uitbetaling": [], "vrijToegankelijk": false, "gemeenteBeperking": null, "openingstijden": null, "latitude": 52.4618003, "longitude": 4.811026, "bronId": "L007300"}}, {"type": "Feature", "geometry": {"type": "Point", "coordinates": [4.8000145, 52.4571593]}, "properties": {"type": "inleverpunt", "locatieNaam": "Zeeman", "straatNaam": "Molenwerf", "straatNr": "8", "postcode": "1541 WR", "plaats": "Koog aan de Zaan", "merk": "Stibat", "puntType": "inzamelbak", "materialen": ["batterijen"], "uitbetaling": [], "vrijToegankelijk": false, "gemeenteBeperking": null, "openingstijden": null, "latitude": 52.4571593, "longitude": 4.8000145, "bronId": "L021705"}}, {"type": "Feature", "geometry": {"type": "Point", "coordinates": [4.8005252, 52.457485]}, "properties": {"type": "inleverpunt", "locatieNaam": "Kruidvat", "straatNaam": "Molenwerf", "straatNr": "16", "postcode": "1541 WR", "plaats": "KOOG AAN DE ZAAN", "merk": "Stibat", "puntType": "inzamelbak", "materialen": ["batterijen"], "uitbetaling": [], "vrijToegankelijk": false, "gemeenteBeperking": null, "openingstijden": null, "latitude": 52.457485, "longitude": 4.8005252, "bronId": "L017824"}}, {"type": "Feature", "geometry": {"type": "Point", "coordinates": [4.8003573, 52.4574339]}, "properties": {"type": "inleverpunt", "locatieNaam": "Bruna", "straatNaam": "Molenwerf", "straatNr": "16-20", "postcode": "1541 WR", "plaats": "KOOG AAN DE ZAAN", "merk": "Stibat", "puntType": "inzamelbak", "materialen": ["batterijen"], "uitbetaling": [], "vrijToegankelijk": false, "gemeenteBeperking": null, "openingstijden": null, "latitude": 52.4574339, "longitude": 4.8003573, "bronId": "L022034"}}, {"type": "Feature", "geometry": {"type": "Point", "coordinates": [4.8002735, 52.4574023]}, "properties": {"type": "inleverpunt", "locatieNaam": "Vomar", "straatNaam": "Molenwerf", "straatNr": "24", "postcode": "1541 WR", "plaats": "KOOG AAN DE ZAAN", "merk": "Stibat", "puntType": "inzamelbak", "materialen": ["batterijen"], "uitbetaling": [], "vrijToegankelijk": false, "gemeenteBeperking": null, "openingstijden": null, "latitude": 52.4574023, "longitude": 4.8002735, "bronId": "L045260"}}, {"type": "Feature", "geometry": {"type": "Point", "coordinates": [4.8110706, 52.4630145]}, "properties": {"type": "inleverpunt", "locatieNaam": "Woudt \"de Fietsspecialist\"", "straatNaam": "Raadhuisstraat", "straatNr": "74", "postcode": "1541 JD", "plaats": "Koog aan de Zaan", "merk": "Stibat", "puntType": "inzamelbak", "materialen": ["batterijen"], "uitbetaling": [], "vrijToegankelijk": false, "gemeenteBeperking": null, "openingstijden": null, "latitude": 52.4630145, "longitude": 4.8110706, "bronId": "L031085"}}, {"type": "Feature", "geometry": {"type": "Point", "coordinates": [4.8001513, 52.4574408]}, "properties": {"type": "inleverpunt", "locatieNaam": "Dekamarkt", "straatNaam": "Molenwerf", "straatNr": "34", "postcode": "1541 WR", "plaats": "KOOG AAN DE ZAAN", "merk": "Stibat", "puntType": "inzamelbak", "materialen": ["batterijen"], "uitbetaling": [], "vrijToegankelijk": false, "gemeenteBeperking": null, "openingstijden": null, "latitude": 52.4574408, "longitude": 4.8001513, "bronId": "L006979"}}, {"type": "Feature", "geometry": {"type": "Point", "coordinates": [4.8110177, 52.4639414]}, "properties": {"type": "inleverpunt", "locatieNaam": "Top Electronics", "straatNaam": "Raadhuisstraat", "straatNr": "55", "postcode": "1541 JB", "plaats": "KOOG AAN DE ZAAN", "merk": "Stibat", "puntType": "inzamelbak", "materialen": ["batterijen"], "uitbetaling": [], "vrijToegankelijk": false, "gemeenteBeperking": null, "openingstijden": null, "latitude": 52.4639414, "longitude": 4.8110177, "bronId": "L026539"}}, {"type": "Feature", "geometry": {"type": "Point", "coordinates": [4.808924, 52.464002]}, "properties": {"type": "inleverpunt", "locatieNaam": "8673 Albert Heijn", "straatNaam": "Verzetsstraat", "straatNr": "10", "postcode": "1541 HB", "plaats": "KOOG AAN DE ZAAN", "merk": "Stibat", "puntType": "inzamelbak", "materialen": ["batterijen"], "uitbetaling": [], "vrijToegankelijk": false, "gemeenteBeperking": null, "openingstijden": null, "latitude": 52.464002, "longitude": 4.808924, "bronId": "L007727"}}, {"type": "Feature", "geometry": {"type": "Point", "coordinates": [4.8079257, 52.464841]}, "properties": {"type": "inleverpunt", "locatieNaam": "Gamma", "straatNaam": "Kaarsenmakerstraat", "straatNr": "3", "postcode": "1541 HL", "plaats": "KOOG AAN DE ZAAN", "merk": "Stibat", "puntType": "inzamelbak", "materialen": ["batterijen"], "uitbetaling": [], "vrijToegankelijk": false, "gemeenteBeperking": null, "openingstijden": null, "latitude": 52.464841, "longitude": 4.8079257, "bronId": "L007147"}}, {"type": "Feature", "geometry": {"type": "Point", "coordinates": [4.7969887, 52.4618032]}, "properties": {"type": "inleverpunt", "locatieNaam": "Total", "straatNaam": "Westerkoogweg", "straatNr": "2", "postcode": "1541 TD", "plaats": "KOOG A/D ZAAN", "merk": "Stibat", "puntType": "inzamelbak", "materialen": ["batterijen"], "uitbetaling": [], "vrijToegankelijk": false, "gemeenteBeperking": null, "openingstijden": null, "latitude": 52.4618032, "longitude": 4.7969887, "bronId": "L020873"}}, {"type": "Feature", "geometry": {"type": "Point", "coordinates": [4.8112484, 52.4719151]}, "properties": {"type": "inleverpunt", "locatieNaam": "Spar", "straatNaam": "Guisweg", "straatNr": "2", "postcode": "1544 AJ", "plaats": "ZAANDYK", "merk": "Stibat", "puntType": "inzamelbak", "materialen": ["batterijen"], "uitbetaling": [], "vrijToegankelijk": false, "gemeenteBeperking": null, "openingstijden": null, "latitude": 52.4719151, "longitude": 4.8112484, "bronId": "L047355"}}, {"type": "Feature", "geometry": {"type": "Point", "coordinates": [4.8096621, 52.4713903]}, "properties": {"type": "inleverpunt", "locatieNaam": "PartsNL Staphorsius Onderdelen", "straatNaam": "Guisweg", "straatNr": "31", "postcode": "1544 AG", "plaats": "ZAANDIJK", "merk": "Stibat", "puntType": "inzamelbak", "materialen": ["batterijen"], "uitbetaling": [], "vrijToegankelijk": false, "gemeenteBeperking": null, "openingstijden": null, "latitude": 52.4713903, "longitude": 4.8096621, "bronId": "L036350"}}, {"type": "Feature", "geometry": {"type": "Point", "coordinates": [4.7961082, 52.4715277]}, "properties": {"type": "inleverpunt", "locatieNaam": "De Haan", "straatNaam": "Fortuinweg", "straatNr": "3", "postcode": "1544 VX", "plaats": "Zaandijk", "merk": "Stibat", "puntType": "inzamelbak", "materialen": ["batterijen"], "uitbetaling": [], "vrijToegankelijk": false, "gemeenteBeperking": null, "openingstijden": null, "latitude": 52.4715277, "longitude": 4.7961082, "bronId": "L044830"}}, {"type": "Feature", "geometry": {"type": "Point", "coordinates": [4.7999433, 52.4764317]}, "properties": {"type": "inleverpunt", "locatieNaam": "2208 Albert Heijn", "straatNaam": "John Lennonstraat", "straatNr": "265", "postcode": "1544 LT", "plaats": "ZAANDIJK", "merk": "Stibat", "puntType": "inzamelbak", "materialen": ["batterijen"], "uitbetaling": [], "vrijToegankelijk": false, "gemeenteBeperking": null, "openingstijden": null, "latitude": 52.4764317, "longitude": 4.7999433, "bronId": "L006043"}}, {"type": "Feature", "geometry": {"type": "Point", "coordinates": [4.7998571, 52.4763978]}, "properties": {"type": "inleverpunt", "locatieNaam": "8425 Etos", "straatNaam": "John Lennonstraat", "straatNr": "165", "postcode": "1544 LJ", "plaats": "ZAANDIJK", "merk": "Stibat", "puntType": "inzamelbak", "materialen": ["batterijen"], "uitbetaling": [], "vrijToegankelijk": false, "gemeenteBeperking": null, "openingstijden": null, "latitude": 52.4763978, "longitude": 4.7998571, "bronId": "L045362"}}, {"type": "Feature", "geometry": {"type": "Point", "coordinates": [4.7723461, 52.4641511]}, "properties": {"type": "inleverpunt", "locatieNaam": "Vomar", "straatNaam": "Kerkbuurt", "straatNr": "38a", "postcode": "1551 AE", "plaats": "WESTZAAN", "merk": "Stibat", "puntType": "inzamelbak", "materialen": ["batterijen"], "uitbetaling": [], "vrijToegankelijk": false, "gemeenteBeperking": null, "openingstijden": null, "latitude": 52.4641511, "longitude": 4.7723461, "bronId": "L048124"}}, {"type": "Feature", "geometry": {"type": "Point", "coordinates": [4.8072093, 52.4855966]}, "properties": {"type": "inleverpunt", "locatieNaam": "Primera", "straatNaam": "Plein 13", "straatNr": "103", "postcode": "1521 AP", "plaats": "WORMERVEER", "merk": "Stibat", "puntType": "inzamelbak", "materialen": ["batterijen"], "uitbetaling": [], "vrijToegankelijk": false, "gemeenteBeperking": null, "openingstijden": null, "latitude": 52.4855966, "longitude": 4.8072093, "bronId": "L045955"}}, {"type": "Feature", "geometry": {"type": "Point", "coordinates": [4.8072093, 52.4855966]}, "properties": {"type": "inleverpunt", "locatieNaam": "Dekamarkt", "straatNaam": "Plein 13", "straatNr": "103", "postcode": "1521 AP", "plaats": "WORMERVEER", "merk": "Stibat", "puntType": "inzamelbak", "materialen": ["batterijen"], "uitbetaling": [], "vrijToegankelijk": false, "gemeenteBeperking": null, "openingstijden": null, "latitude": 52.4855966, "longitude": 4.8072093, "bronId": "L041082"}}, {"type": "Feature", "geometry": {"type": "Point", "coordinates": [4.8078227, 52.486177]}, "properties": {"type": "inleverpunt", "locatieNaam": "Fiets.com", "straatNaam": "Plein 13", "straatNr": "59", "postcode": "1521 AP", "plaats": "WORMERVEER", "merk": "Stibat", "puntType": "inzamelbak", "materialen": ["batterijen"], "uitbetaling": [], "vrijToegankelijk": false, "gemeenteBeperking": null, "openingstijden": null, "latitude": 52.486177, "longitude": 4.8078227, "bronId": "L032784"}}, {"type": "Feature", "geometry": {"type": "Point", "coordinates": [4.7980773, 52.4881311]}, "properties": {"type": "inleverpunt", "locatieNaam": "Witgoed specialist", "straatNaam": "Wandelweg", "straatNr": "41b", "postcode": "1521 AB", "plaats": "WORMERVEER", "merk": "Stibat", "puntType": "inzamelbak", "materialen": ["batterijen"], "uitbetaling": [], "vrijToegankelijk": false, "gemeenteBeperking": null, "openingstijden": null, "latitude": 52.4881311, "longitude": 4.7980773, "bronId": "L016075"}}, {"type": "Feature", "geometry": {"type": "Point", "coordinates": [4.7454356, 52.4665055]}, "properties": {"type": "inleverpunt", "locatieNaam": "Verzorgingstehuis (met winkel)", "straatNaam": "Beemsterstraat", "straatNr": "25", "postcode": "1566 WP", "plaats": "ASSENDELFT", "merk": "Stibat", "puntType": "inzamelbak", "materialen": ["batterijen"], "uitbetaling": [], "vrijToegankelijk": false, "gemeenteBeperking": null, "openingstijden": null, "latitude": 52.4665055, "longitude": 4.7454356, "bronId": "L026675"}}, {"type": "Feature", "geometry": {"type": "Point", "coordinates": [4.7915196, 52.4909675]}, "properties": {"type": "inleverpunt", "locatieNaam": "Music Store", "straatNaam": "Zaanweg", "straatNr": "101", "postcode": "1521 DP", "plaats": "WORMERVEER", "merk": "Stibat", "puntType": "inzamelbak", "materialen": ["batterijen"], "uitbetaling": [], "vrijToegankelijk": false, "gemeenteBeperking": null, "openingstijden": null, "latitude": 52.4909675, "longitude": 4.7915196, "bronId": "L028187"}}, {"type": "Feature", "geometry": {"type": "Point", "coordinates": [4.7405737, 52.4662507]}, "properties": {"type": "inleverpunt", "locatieNaam": "DEKA", "straatNaam": "Dorpsstraat", "straatNr": "387", "postcode": "1566 BE", "plaats": "ASSENDELFT", "merk": "Stibat", "puntType": "inzamelbak", "materialen": ["batterijen"], "uitbetaling": [], "vrijToegankelijk": false, "gemeenteBeperking": null, "openingstijden": null, "latitude": 52.4662507, "longitude": 4.7405737, "bronId": "L031437"}}, {"type": "Feature", "geometry": {"type": "Point", "coordinates": [4.7897102, 52.4930255]}, "properties": {"type": "inleverpunt", "locatieNaam": "1024 Action", "straatNaam": "Markstraat", "straatNr": "15-19", "postcode": "1521 DW", "plaats": "WORMERVEER", "merk": "Stibat", "puntType": "inzamelbak", "materialen": ["batterijen"], "uitbetaling": [], "vrijToegankelijk": false, "gemeenteBeperking": null, "openingstijden": null, "latitude": 52.4930255, "longitude": 4.7897102, "bronId": "L019034"}}, {"type": "Feature", "geometry": {"type": "Point", "coordinates": [4.7404765, 52.4673213]}, "properties": {"type": "inleverpunt", "locatieNaam": "Vomar", "straatNaam": "Dorpsstraat", "straatNr": "418-422", "postcode": "1566 BS", "plaats": "ASSENDELFT", "merk": "Stibat", "puntType": "inzamelbak", "materialen": ["batterijen"], "uitbetaling": [], "vrijToegankelijk": false, "gemeenteBeperking": null, "openingstijden": null, "latitude": 52.4673213, "longitude": 4.7404765, "bronId": "L048098"}}, {"type": "Feature", "geometry": {"type": "Point", "coordinates": [4.7884343, 52.4932133]}, "properties": {"type": "inleverpunt", "locatieNaam": "Phone House", "straatNaam": "Marktstraat", "straatNr": "61", "postcode": "1521 DX", "plaats": "WORMERVEER", "merk": "Stibat", "puntType": "inzamelbak", "materialen": ["batterijen"], "uitbetaling": [], "vrijToegankelijk": false, "gemeenteBeperking": null, "openingstijden": null, "latitude": 52.4932133, "longitude": 4.7884343, "bronId": "L022799"}}, {"type": "Feature", "geometry": {"type": "Point", "coordinates": [4.7878253, 52.4941215]}, "properties": {"type": "inleverpunt", "locatieNaam": "Beter Horen", "straatNaam": "Krommenieerweg", "straatNr": "8", "postcode": "1521 HJ", "plaats": "WORMERVEER", "merk": "Stibat", "puntType": "inzamelbak", "materialen": ["batterijen"], "uitbetaling": [], "vrijToegankelijk": false, "gemeenteBeperking": null, "openingstijden": null, "latitude": 52.4941215, "longitude": 4.7878253, "bronId": "L020178"}}, {"type": "Feature", "geometry": {"type": "Point", "coordinates": [4.7481032, 52.4743751]}, "properties": {"type": "inleverpunt", "locatieNaam": "Kruidvat", "straatNaam": "Dorpsstraat", "straatNr": "537b", "postcode": "1566 BL", "plaats": "ASSENDELFT", "merk": "Stibat", "puntType": "inzamelbak", "materialen": ["batterijen"], "uitbetaling": [], "vrijToegankelijk": false, "gemeenteBeperking": null, "openingstijden": null, "latitude": 52.4743751, "longitude": 4.7481032, "bronId": "L014607"}}, {"type": "Feature", "geometry": {"type": "Point", "coordinates": [4.7478578, 52.4742659]}, "properties": {"type": "inleverpunt", "locatieNaam": "2245 Albert Heijn", "straatNaam": "Dorpsstraat", "straatNr": "537 A", "postcode": "1566 BL", "plaats": "ASSENDELFT", "merk": "Stibat", "puntType": "inzamelbak", "materialen": ["batterijen"], "uitbetaling": [], "vrijToegankelijk": false, "gemeenteBeperking": null, "openingstijden": null, "latitude": 52.4742659, "longitude": 4.7478578, "bronId": "L044259"}}, {"type": "Feature", "geometry": {"type": "Point", "coordinates": [4.787122, 52.4947725]}, "properties": {"type": "inleverpunt", "locatieNaam": "Specsavers", "straatNaam": "Krommenieërweg", "straatNr": "20", "postcode": "1521 HJ", "plaats": "WORMERVEER", "merk": "Stibat", "puntType": "inzamelbak", "materialen": ["batterijen"], "uitbetaling": [], "vrijToegankelijk": false, "gemeenteBeperking": null, "openingstijden": null, "latitude": 52.4947725, "longitude": 4.787122, "bronId": "L045081"}}, {"type": "Feature", "geometry": {"type": "Point", "coordinates": [4.7868755, 52.4948408]}, "properties": {"type": "inleverpunt", "locatieNaam": "Zeeman", "straatNaam": "Krommenieerweg", "straatNr": "36-38", "postcode": "1521 HK", "plaats": "WORMERVEER", "merk": "Stibat", "puntType": "inzamelbak", "materialen": ["batterijen"], "uitbetaling": [], "vrijToegankelijk": false, "gemeenteBeperking": null, "openingstijden": null, "latitude": 52.4948408, "longitude": 4.7868755, "bronId": "L021400"}}, {"type": "Feature", "geometry": {"type": "Point", "coordinates": [4.7865796, 52.4948962]}, "properties": {"type": "inleverpunt", "locatieNaam": "Bruna", "straatNaam": "Marktplein", "straatNr": "17", "postcode": "1521 HS", "plaats": "WORMERVEER", "merk": "Stibat", "puntType": "inzamelbak", "materialen": ["batterijen"], "uitbetaling": [], "vrijToegankelijk": false, "gemeenteBeperking": null, "openingstijden": null, "latitude": 52.4948962, "longitude": 4.7865796, "bronId": "L022193"}}, {"type": "Feature", "geometry": {"type": "Point", "coordinates": [4.7865074, 52.4949369]}, "properties": {"type": "inleverpunt", "locatieNaam": "Kruidvat", "straatNaam": "Krommeniëerweg", "straatNr": "34", "postcode": "1521 HK", "plaats": "WORMERVEER", "merk": "Stibat", "puntType": "inzamelbak", "materialen": ["batterijen"], "uitbetaling": [], "vrijToegankelijk": false, "gemeenteBeperking": null, "openingstijden": null, "latitude": 52.4949369, "longitude": 4.7865074, "bronId": "L015739"}}, {"type": "Feature", "geometry": {"type": "Point", "coordinates": [4.786247, 52.4949455]}, "properties": {"type": "inleverpunt", "locatieNaam": "DA", "straatNaam": "Marktplein", "straatNr": "11-13", "postcode": "1521 HS", "plaats": "WORMERVEER", "merk": "Stibat", "puntType": "inzamelbak", "materialen": ["batterijen"], "uitbetaling": [], "vrijToegankelijk": false, "gemeenteBeperking": null, "openingstijden": null, "latitude": 52.4949455, "longitude": 4.786247, "bronId": "L024449"}}, {"type": "Feature", "geometry": {"type": "Point", "coordinates": [4.786247, 52.4949455]}, "properties": {"type": "inleverpunt", "locatieNaam": "1619 Albert Heijn", "straatNaam": "Marktplein", "straatNr": "9", "postcode": "1521 HS", "plaats": "WORMERVEER", "merk": "Stibat", "puntType": "inzamelbak", "materialen": ["batterijen"], "uitbetaling": [], "vrijToegankelijk": false, "gemeenteBeperking": null, "openingstijden": null, "latitude": 52.4949455, "longitude": 4.786247, "bronId": "L006236"}}, {"type": "Feature", "geometry": {"type": "Point", "coordinates": [4.785981, 52.494979]}, "properties": {"type": "inleverpunt", "locatieNaam": "Vomar", "straatNaam": "Krommenieerweg", "straatNr": "30", "postcode": "1521 HK", "plaats": "WORMERVEER", "merk": "Stibat", "puntType": "inzamelbak", "materialen": ["batterijen"], "uitbetaling": [], "vrijToegankelijk": false, "gemeenteBeperking": null, "openingstijden": null, "latitude": 52.494979, "longitude": 4.785981, "bronId": "L048241"}}, {"type": "Feature", "geometry": {"type": "Point", "coordinates": [4.7857848, 52.4951786]}, "properties": {"type": "inleverpunt", "locatieNaam": "HEMA Wormerveer", "straatNaam": "krommenieërweg", "straatNr": "54-58", "postcode": "1521 HK", "plaats": "Wormerveer", "merk": "Stibat", "puntType": "inzamelbak", "materialen": ["batterijen"], "uitbetaling": [], "vrijToegankelijk": false, "gemeenteBeperking": null, "openingstijden": null, "latitude": 52.4951786, "longitude": 4.7857848, "bronId": "L046828"}}, {"type": "Feature", "geometry": {"type": "Point", "coordinates": [4.7904303, 52.4994711]}, "properties": {"type": "inleverpunt", "locatieNaam": "Lidl", "straatNaam": "Cor Bruijnweg", "straatNr": "64", "postcode": "1521 MB", "plaats": "WORMERVEER", "merk": "Stibat", "puntType": "inzamelbak", "materialen": ["batterijen"], "uitbetaling": [], "vrijToegankelijk": false, "gemeenteBeperking": null, "openingstijden": null, "latitude": 52.4994711, "longitude": 4.7904303, "bronId": "L019655"}}, {"type": "Feature", "geometry": {"type": "Point", "coordinates": [4.7533434, 52.4819533]}, "properties": {"type": "inleverpunt", "locatieNaam": "Aldi", "straatNaam": "Dorpsstraat", "straatNr": "705", "postcode": "1566 EE", "plaats": "ASSENDELFT", "merk": "Stibat", "puntType": "inzamelbak", "materialen": ["batterijen"], "uitbetaling": [], "vrijToegankelijk": false, "gemeenteBeperking": null, "openingstijden": null, "latitude": 52.4819533, "longitude": 4.7533434, "bronId": "L047907"}}, {"type": "Feature", "geometry": {"type": "Point", "coordinates": [4.7664041, 52.4959616]}, "properties": {"type": "inleverpunt", "locatieNaam": "Dirk Visbeek Rijwielhandel vof", "straatNaam": "Vlietsend", "straatNr": "47", "postcode": "1561 AB", "plaats": "Krommenie", "merk": "Stibat", "puntType": "inzamelbak", "materialen": ["batterijen"], "uitbetaling": [], "vrijToegankelijk": false, "gemeenteBeperking": null, "openingstijden": null, "latitude": 52.4959616, "longitude": 4.7664041, "bronId": "L032788"}}, {"type": "Feature", "geometry": {"type": "Point", "coordinates": [4.7522397, 52.4886786]}, "properties": {"type": "inleverpunt", "locatieNaam": "1485 Albert Heijn", "straatNaam": "Kaaikhof", "straatNr": "22", "postcode": "1567 JP", "plaats": "ASSENDELFT", "merk": "Stibat", "puntType": "inzamelbak", "materialen": ["batterijen"], "uitbetaling": [], "vrijToegankelijk": false, "gemeenteBeperking": null, "openingstijden": null, "latitude": 52.4886786, "longitude": 4.7522397, "bronId": "L029552"}}, {"type": "Feature", "geometry": {"type": "Point", "coordinates": [4.7522397, 52.4886786]}, "properties": {"type": "inleverpunt", "locatieNaam": "Vomar", "straatNaam": "Kaaikhof", "straatNr": "15", "postcode": "1567 JP", "plaats": "ASSENDELFT", "merk": "Stibat", "puntType": "inzamelbak", "materialen": ["batterijen"], "uitbetaling": [], "vrijToegankelijk": false, "gemeenteBeperking": null, "openingstijden": null, "latitude": 52.4886786, "longitude": 4.7522397, "bronId": "L016909"}}, {"type": "Feature", "geometry": {"type": "Point", "coordinates": [4.752296, 52.4889032]}, "properties": {"type": "inleverpunt", "locatieNaam": "Kruidvat", "straatNaam": "Kaaikhof", "straatNr": "11", "postcode": "1567 JP", "plaats": "ASSENDELFT", "merk": "Stibat", "puntType": "inzamelbak", "materialen": ["batterijen"], "uitbetaling": [], "vrijToegankelijk": false, "gemeenteBeperking": null, "openingstijden": null, "latitude": 52.4889032, "longitude": 4.752296, "bronId": "L041965"}}, {"type": "Feature", "geometry": {"type": "Point", "coordinates": [4.7839119, 52.504846]}, "properties": {"type": "inleverpunt", "locatieNaam": "Yesss Electrical", "straatNaam": "Samsonweg", "straatNr": "33", "postcode": "1521 RA", "plaats": "WORMERVEER", "merk": "Stibat", "puntType": "inzamelbak", "materialen": ["batterijen"], "uitbetaling": [], "vrijToegankelijk": false, "gemeenteBeperking": null, "openingstijden": null, "latitude": 52.504846, "longitude": 4.7839119, "bronId": "L041982"}}, {"type": "Feature", "geometry": {"type": "Point", "coordinates": [4.7526702, 52.4892132]}, "properties": {"type": "inleverpunt", "locatieNaam": "6237 Etos", "straatNaam": "Kaaikhof", "straatNr": "17", "postcode": "1567 JP", "plaats": "ASSENDELFT", "merk": "Stibat", "puntType": "inzamelbak", "materialen": ["batterijen"], "uitbetaling": [], "vrijToegankelijk": false, "gemeenteBeperking": null, "openingstijden": null, "latitude": 52.4892132, "longitude": 4.7526702, "bronId": "L023433"}}, {"type": "Feature", "geometry": {"type": "Point", "coordinates": [4.7839609, 52.5049886]}, "properties": {"type": "inleverpunt", "locatieNaam": "Piet de Wit Tweewielers BV", "straatNaam": "Samsonweg", "straatNr": "15", "postcode": "1521 RA", "plaats": "WORMERVEER", "merk": "Stibat", "puntType": "inzamelbak", "materialen": ["batterijen"], "uitbetaling": [], "vrijToegankelijk": false, "gemeenteBeperking": null, "openingstijden": null, "latitude": 52.5049886, "longitude": 4.7839609, "bronId": "L046082"}}, {"type": "Feature", "geometry": {"type": "Point", "coordinates": [4.7512987, 52.4888151]}, "properties": {"type": "inleverpunt", "locatieNaam": "Bruna", "straatNaam": "Kaaikhof", "straatNr": "9", "postcode": "1567 JP", "plaats": "ASSENDELFT", "merk": "Stibat", "puntType": "inzamelbak", "materialen": ["batterijen"], "uitbetaling": [], "vrijToegankelijk": false, "gemeenteBeperking": null, "openingstijden": null, "latitude": 52.4888151, "longitude": 4.7512987, "bronId": "L045182"}}, {"type": "Feature", "geometry": {"type": "Point", "coordinates": [4.7519998, 52.4892149]}, "properties": {"type": "inleverpunt", "locatieNaam": "HEMA Assendelft", "straatNaam": "WC De Saen, Kaaikhof", "straatNr": "6", "postcode": "1567 JP", "plaats": "Assendelft", "merk": "Stibat", "puntType": "inzamelbak", "materialen": ["batterijen"], "uitbetaling": [], "vrijToegankelijk": false, "gemeenteBeperking": null, "openingstijden": null, "latitude": 52.4892149, "longitude": 4.7519998, "bronId": "L046859"}}, {"type": "Feature", "geometry": {"type": "Point", "coordinates": [4.7672205, 52.4976016]}, "properties": {"type": "inleverpunt", "locatieNaam": "Kruidvat", "straatNaam": "Zuiderhoofdstraat", "straatNr": "57 a", "postcode": "1561 AJ", "plaats": "KROMMENIE", "merk": "Stibat", "puntType": "inzamelbak", "materialen": ["batterijen"], "uitbetaling": [], "vrijToegankelijk": false, "gemeenteBeperking": null, "openingstijden": null, "latitude": 52.4976016, "longitude": 4.7672205, "bronId": "L015104"}}, {"type": "Feature", "geometry": {"type": "Point", "coordinates": [4.7674383, 52.4978184]}, "properties": {"type": "inleverpunt", "locatieNaam": "HEMA Zuiderhoofdstraat", "straatNaam": "Zuiderhoofdstraat", "straatNr": "45", "postcode": "1561 AJ", "plaats": "KROMMENIE", "merk": "Stibat", "puntType": "inzamelbak", "materialen": ["batterijen"], "uitbetaling": [], "vrijToegankelijk": false, "gemeenteBeperking": null, "openingstijden": null, "latitude": 52.4978184, "longitude": 4.7674383, "bronId": "L007209"}}, {"type": "Feature", "geometry": {"type": "Point", "coordinates": [4.7687503, 52.4990605]}, "properties": {"type": "inleverpunt", "locatieNaam": "Stumpel", "straatNaam": "Zuiderhoofdstraat", "straatNr": "64", "postcode": "1561 AP", "plaats": "KROMMENIE", "merk": "Stibat", "puntType": "inzamelbak", "materialen": ["batterijen"], "uitbetaling": [], "vrijToegankelijk": false, "gemeenteBeperking": null, "openingstijden": null, "latitude": 52.4990605, "longitude": 4.7687503, "bronId": "L045558"}}, {"type": "Feature", "geometry": {"type": "Point", "coordinates": [4.7813076, 52.5053386]}, "properties": {"type": "inleverpunt", "locatieNaam": "Praxis 2233", "straatNaam": "Samsonweg", "straatNr": "13", "postcode": "1521 RA", "plaats": "WORMERVEER", "merk": "Stibat", "puntType": "inzamelbak", "materialen": ["batterijen"], "uitbetaling": [], "vrijToegankelijk": false, "gemeenteBeperking": null, "openingstijden": null, "latitude": 52.5053386, "longitude": 4.7813076, "bronId": "L015905"}}, {"type": "Feature", "geometry": {"type": "Point", "coordinates": [4.7685333, 52.4993589]}, "properties": {"type": "inleverpunt", "locatieNaam": "6161 Etos", "straatNaam": "Zuiderhoofdstraat", "straatNr": "129 a", "postcode": "1561 AK", "plaats": "KROMMENIE", "merk": "Stibat", "puntType": "inzamelbak", "materialen": ["batterijen"], "uitbetaling": [], "vrijToegankelijk": false, "gemeenteBeperking": null, "openingstijden": null, "latitude": 52.4993589, "longitude": 4.7685333, "bronId": "L045363"}}, {"type": "Feature", "geometry": {"type": "Point", "coordinates": [4.7798681, 52.5051693]}, "properties": {"type": "inleverpunt", "locatieNaam": "Welkoop", "straatNaam": "Samsonweg", "straatNr": "5E", "postcode": "1521 RA", "plaats": "WORMERVEER", "merk": "Stibat", "puntType": "inzamelbak", "materialen": ["batterijen"], "uitbetaling": [], "vrijToegankelijk": false, "gemeenteBeperking": null, "openingstijden": null, "latitude": 52.5051693, "longitude": 4.7798681, "bronId": "L023435"}}, {"type": "Feature", "geometry": {"type": "Point", "coordinates": [4.7798797, 52.5054773]}, "properties": {"type": "inleverpunt", "locatieNaam": "Gamma", "straatNaam": "Samsonweg", "straatNr": "9-11", "postcode": "1521 RA", "plaats": "WORMERVEER", "merk": "Stibat", "puntType": "inzamelbak", "materialen": ["batterijen"], "uitbetaling": [], "vrijToegankelijk": false, "gemeenteBeperking": null, "openingstijden": null, "latitude": 52.5054773, "longitude": 4.7798797, "bronId": "L006799"}}, {"type": "Feature", "geometry": {"type": "Point", "coordinates": [4.7809874, 52.5061369]}, "properties": {"type": "inleverpunt", "locatieNaam": "Groenhart Wormerveer", "straatNaam": "Kikkertweg", "straatNr": "11", "postcode": "1521 RE", "plaats": "WORMERVEER", "merk": "Stibat", "puntType": "inzamelbak", "materialen": ["batterijen"], "uitbetaling": [], "vrijToegankelijk": false, "gemeenteBeperking": null, "openingstijden": null, "latitude": 52.5061369, "longitude": 4.7809874, "bronId": "L039254"}}, {"type": "Feature", "geometry": {"type": "Point", "coordinates": [4.7704375, 52.5013392]}, "properties": {"type": "inleverpunt", "locatieNaam": "Dé Fietsenwinkel Bos &amp; Olgers", "straatNaam": "Noorderhoofdstraat", "straatNr": "69", "postcode": "1561 AS", "plaats": "KROMMENIE", "merk": "Stibat", "puntType": "inzamelbak", "materialen": ["batterijen"], "uitbetaling": [], "vrijToegankelijk": false, "gemeenteBeperking": null, "openingstijden": null, "latitude": 52.5013392, "longitude": 4.7704375, "bronId": "L032789"}}, {"type": "Feature", "geometry": {"type": "Point", "coordinates": [4.7669798, 52.5003522]}, "properties": {"type": "inleverpunt", "locatieNaam": "Horend Goed", "straatNaam": "Heiligeweg", "straatNr": "15d", "postcode": "1561 DD", "plaats": "KROMMENIE", "merk": "Stibat", "puntType": "inzamelbak", "materialen": ["batterijen"], "uitbetaling": [], "vrijToegankelijk": false, "gemeenteBeperking": null, "openingstijden": null, "latitude": 52.5003522, "longitude": 4.7669798, "bronId": "L032294"}}, {"type": "Feature", "geometry": {"type": "Point", "coordinates": [4.767378, 52.5005982]}, "properties": {"type": "inleverpunt", "locatieNaam": "Dekamarkt", "straatNaam": "Heiligeweg", "straatNr": "2", "postcode": "1561 DK", "plaats": "KROMMENIE", "merk": "Stibat", "puntType": "inzamelbak", "materialen": ["batterijen"], "uitbetaling": [], "vrijToegankelijk": false, "gemeenteBeperking": null, "openingstijden": null, "latitude": 52.5005982, "longitude": 4.767378, "bronId": "L031766"}}, {"type": "Feature", "geometry": {"type": "Point", "coordinates": [4.7662209, 52.5006162]}, "properties": {"type": "inleverpunt", "locatieNaam": "Primera", "straatNaam": "Heiligeweg", "straatNr": "33", "postcode": "1561 DD", "plaats": "KROMMENIE", "merk": "Stibat", "puntType": "inzamelbak", "materialen": ["batterijen"], "uitbetaling": [], "vrijToegankelijk": false, "gemeenteBeperking": null, "openingstijden": null, "latitude": 52.5006162, "longitude": 4.7662209, "bronId": "L023253"}}, {"type": "Feature", "geometry": {"type": "Point", "coordinates": [4.7653017, 52.5008609]}, "properties": {"type": "inleverpunt", "locatieNaam": "HolyTex BV", "straatNaam": "Heiligeweg", "straatNr": "43a", "postcode": "1561 DE", "plaats": "KROMMENIE", "merk": "Stibat", "puntType": "inzamelbak", "materialen": ["batterijen"], "uitbetaling": [], "vrijToegankelijk": false, "gemeenteBeperking": null, "openingstijden": null, "latitude": 52.5008609, "longitude": 4.7653017, "bronId": "L046483"}}, {"type": "Feature", "geometry": {"type": "Point", "coordinates": [4.7631295, 52.5006857]}, "properties": {"type": "inleverpunt", "locatieNaam": "Hubo", "straatNaam": "Heiligeweg", "straatNr": "75", "postcode": "1561 DG", "plaats": "KROMMENIE", "merk": "Stibat", "puntType": "inzamelbak", "materialen": ["batterijen"], "uitbetaling": [], "vrijToegankelijk": false, "gemeenteBeperking": null, "openingstijden": null, "latitude": 52.5006857, "longitude": 4.7631295, "bronId": "L042137"}}, {"type": "Feature", "geometry": {"type": "Point", "coordinates": [4.7640306, 52.5011868]}, "properties": {"type": "inleverpunt", "locatieNaam": "Vomar", "straatNaam": "Heiligeweg", "straatNr": "69", "postcode": "1561 DG", "plaats": "KROMMENIE", "merk": "Stibat", "puntType": "inzamelbak", "materialen": ["batterijen"], "uitbetaling": [], "vrijToegankelijk": false, "gemeenteBeperking": null, "openingstijden": null, "latitude": 52.5011868, "longitude": 4.7640306, "bronId": "L048097"}}, {"type": "Feature", "geometry": {"type": "Point", "coordinates": [4.7636352, 52.5012087]}, "properties": {"type": "inleverpunt", "locatieNaam": "1076 Action", "straatNaam": "Heiligeweg", "straatNr": "73", "postcode": "1561 DG", "plaats": "KROMMENIE", "merk": "Stibat", "puntType": "inzamelbak", "materialen": ["batterijen"], "uitbetaling": [], "vrijToegankelijk": false, "gemeenteBeperking": null, "openingstijden": null, "latitude": 52.5012087, "longitude": 4.7636352, "bronId": "L018461"}}, {"type": "Feature", "geometry": {"type": "Point", "coordinates": [4.7591897, 52.5031406]}, "properties": {"type": "inleverpunt", "locatieNaam": "1586 Albert Heijn", "straatNaam": "Rosariumplein", "straatNr": "20", "postcode": "1561 DX", "plaats": "KROMMENIE", "merk": "Stibat", "puntType": "inzamelbak", "materialen": ["batterijen"], "uitbetaling": [], "vrijToegankelijk": false, "gemeenteBeperking": null, "openingstijden": null, "latitude": 52.5031406, "longitude": 4.7591897, "bronId": "L007122"}}, {"type": "Feature", "geometry": {"type": "Point", "coordinates": [4.7822309, 52.5155553]}, "properties": {"type": "inleverpunt", "locatieNaam": "Milieustraat Molletjesveer Zaanstad", "straatNaam": "Westknollendam", "straatNr": "121a", "postcode": "1525 PT", "plaats": "WESTKNOLLENDAM", "merk": "Stibat", "puntType": "inzamelbak", "materialen": ["batterijen"], "uitbetaling": [], "vrijToegankelijk": false, "gemeenteBeperking": null, "openingstijden": null, "latitude": 52.5155553, "longitude": 4.7822309, "bronId": "L035590"}}, {"type": "Feature", "geometry": {"type": "Point", "coordinates": [4.7534165, 52.5031854]}, "properties": {"type": "inleverpunt", "locatieNaam": "Vomar", "straatNaam": "Uranuslaan", "straatNr": "182", "postcode": "1562 XE", "plaats": "KROMMENIE", "merk": "Stibat", "puntType": "inzamelbak", "materialen": ["batterijen"], "uitbetaling": [], "vrijToegankelijk": false, "gemeenteBeperking": null, "openingstijden": null, "latitude": 52.5031854, "longitude": 4.7534165, "bronId": "L048140"}}, {"type": "Feature", "geometry": {"type": "Polygon", "coordinates": [[[4.828585001168414, 52.42068100417027], [4.8560780011956535, 52.41666200416792], [4.859540001199263, 52.41984100416975], [4.859807001199589, 52.42112700417049], [4.8579390011978525, 52.42366500417201], [4.857878001197833, 52.4245330041725], [4.862454001202606, 52.428776004174985], [4.862805001202995, 52.42962300417545], [4.862677001202883, 52.42994100417563], [4.8617630012019575, 52.429684004175506], [4.855914001196529, 52.4380690041804], [4.853572001194399, 52.442274004182856], [4.842951001184295, 52.45226100418871], [4.845124001186508, 52.453248004189284], [4.844388001185834, 52.45446200419], [4.844924001186467, 52.45648200419119], [4.848568001190253, 52.45956900419296], [4.849140001190874, 52.46065200419358], [4.852505001194705, 52.47036700419925], [4.846480001188716, 52.47072400419946], [4.8425560011848665, 52.4720040042002], [4.837547001180122, 52.47709400420317], [4.836512001179191, 52.479157004204346], [4.837081001179792, 52.47986000420479], [4.827134001169932, 52.48094400420543], [4.8165870011595, 52.48261200420642], [4.812365001155361, 52.483968004207185], [4.811404001154498, 52.48589100420831], [4.808570001151715, 52.486719004208794], [4.804303001147583, 52.489132004210205], [4.801526001144851, 52.48990500421061], [4.79884300114224, 52.491105004211335], [4.796534001139947, 52.49128000421144], [4.793952001137353, 52.4908660042112], [4.792749001136161, 52.49096600421125], [4.7920770011355085, 52.491335004211464], [4.791651001135133, 52.49230700421204], [4.794575001138194, 52.49523500421371], [4.795099001138781, 52.49657700421454], [4.79453100113852, 52.50262900421802], [4.793443001137515, 52.504251004218965], [4.7935580011377485, 52.506637004220316], [4.792470001136721, 52.50772200422094], [4.789751001134098, 52.50942600422193], [4.7887080011331475, 52.51124100422298], [4.7890950011338935, 52.51839900422713], [4.789861001134696, 52.519236004227565], [4.767132001112084, 52.519743004227884], [4.766970001111877, 52.518863004227384], [4.763619001108585, 52.519707004227826], [4.761228001106145, 52.51855400422721], [4.752428001097518, 52.52123300422874], [4.749729001094772, 52.5200750042281], [4.749174001094125, 52.51824200422702], [4.748143001093036, 52.517055004226336], [4.748253001093057, 52.51531600422531], [4.7487900010935515, 52.514512004224876], [4.752768001097316, 52.5105920042226], [4.750674001095111, 52.50829100422129], [4.748410001092824, 52.507662004220904], [4.7445420010888375, 52.50503400421938], [4.742266001086466, 52.5030320042182], [4.740529001084691, 52.50209400421769], [4.7410750010852185, 52.5017890042175], [4.7400120010841595, 52.50178800421752], [4.736715001080787, 52.500058004216505], [4.731577001075479, 52.49633100421432], [4.7295870010734715, 52.49588000421409], [4.720667001064543, 52.4950390042136], [4.716660001060499, 52.494042004213014], [4.713866001057644, 52.492683004212225], [4.710623001054272, 52.48992100421063], [4.708445001052036, 52.488626004209856], [4.707738001051174, 52.485581004208115], [4.7058680010492475, 52.48437300420741], [4.7061590010494605, 52.482839004206475], [4.705541001048796, 52.481921004205994], [4.703959001047176, 52.48105400420545], [4.701412001044616, 52.480661004205224], [4.7007290010439124, 52.48023700420501], [4.7005200010436585, 52.47933100420447], [4.698744001041779, 52.47716700420321], [4.698611001041601, 52.47635500420273], [4.699209001042167, 52.47574700420237], [4.699279001042176, 52.4745330042017], [4.697280001040053, 52.47201000420021], [4.697888001040613, 52.47112300419966], [4.695246001037847, 52.468539004198185], [4.689839001032299, 52.465512004196405], [4.684266001026642, 52.46352100419527], [4.685069001027394, 52.46255700419467], [4.674848001016838, 52.455520004190625], [4.709403001050333, 52.4369180041798], [4.712506001053362, 52.43560600417905], [4.718303001059061, 52.4340210041781], [4.722337001063049, 52.433276004177685], [4.767184001107491, 52.427468004174294], [4.767538001107894, 52.42849800417492], [4.828585001168414, 52.42068100417027]]]}, "properties": {"type": "boundary", "gemeente": "Zaanstad"}}]}