{"type": "FeatureCollection", "metadata": {"gemeente": "Zwolle", "slug": "zwolle", "generated_at": "2026-07-28T19:03:25.026558Z", "total_points": 263, "merken": ["StatieDrive", "StatiegeldNederland", "Stibat", "StichtingOPEN"], "bounds": [6.0318167, 52.4827921, 6.180174, 52.546071]}, "features": [{"type": "Feature", "geometry": {"type": "Point", "coordinates": [6.1059804, 52.5002206]}, "properties": {"type": "inleverpunt", "locatieNaam": "Albert Heijn", "straatNaam": "Deventerstraatweg", "straatNr": "22", "postcode": "8012 AH", "plaats": "Zwolle", "merk": "StatiegeldNederland", "puntType": "automaat", "materialen": ["pet-groot", "pet-klein", "blik", "glas", "krat"], "uitbetaling": ["bonnetje"], "vrijToegankelijk": true, "gemeenteBeperking": null, "openingstijden": {"ma": "08:00–22:00", "di": "08:00–22:00", "wo": "08:00–22:00", "do": "08:00–22:00", "vr": "08:00–22:00", "za": "08:00–22:00", "zo": "08:00–22:00"}, "latitude": 52.5002206, "longitude": 6.1059804, "bronId": "252156"}}, {"type": "Feature", "geometry": {"type": "Point", "coordinates": [6.1027439, 52.529026]}, "properties": {"type": "inleverpunt", "locatieNaam": "Albert Heijn", "straatNaam": "Dobbe 61 / Aa-Landen", "straatNr": "", "postcode": "8032 JX", "plaats": "Zwolle", "merk": "StatiegeldNederland", "puntType": "automaat", "materialen": ["pet-groot", "pet-klein", "blik", "glas", "krat"], "uitbetaling": ["bonnetje", "donatie"], "vrijToegankelijk": true, "gemeenteBeperking": null, "openingstijden": {"ma": "08:00–22:00", "di": "08:00–22:00", "wo": "08:00–22:00", "do": "08:00–22:00", "vr": "08:00–22:00", "za": "08:00–22:00", "zo": "09:00–20:00"}, "latitude": 52.529026, "longitude": 6.1027439, "bronId": "252163"}}, {"type": "Feature", "geometry": {"type": "Point", "coordinates": [6.09406, 52.4970936]}, "properties": {"type": "inleverpunt", "locatieNaam": "Albert Heijn", "straatNaam": "Forelkolk", "straatNr": "108", "postcode": "8017 PK", "plaats": "Zwolle", "merk": "StatiegeldNederland", "puntType": "automaat", "materialen": ["pet-groot", "pet-klein", "blik", "glas", "krat"], "uitbetaling": ["bonnetje", "donatie"], "vrijToegankelijk": true, "gemeenteBeperking": null, "openingstijden": {"ma": "07:30–21:00", "di": "07:30–21:00", "wo": "07:30–21:00", "do": "07:30–21:00", "vr": "07:30–21:00", "za": "07:30–21:00", "zo": "09:00–20:00"}, "latitude": 52.4970936, "longitude": 6.09406, "bronId": "252224"}}, {"type": "Feature", "geometry": {"type": "Point", "coordinates": [6.0861592, 52.5135821]}, "properties": {"type": "inleverpunt", "locatieNaam": "Albert Heijn", "straatNaam": "Katwolderplein", "straatNr": "1", "postcode": "8011 BT", "plaats": "Zwolle", "merk": "StatiegeldNederland", "puntType": "automaat", "materialen": ["pet-groot", "pet-klein", "blik", "glas", "krat"], "uitbetaling": ["bonnetje", "donatie"], "vrijToegankelijk": true, "gemeenteBeperking": null, "openingstijden": {"ma": "08:00–22:00", "di": "08:00–22:00", "wo": "08:00–22:00", "do": "08:00–22:00", "vr": "08:00–22:00", "za": "08:00–22:00", "zo": "09:00–21:00"}, "latitude": 52.5135821, "longitude": 6.0861592, "bronId": "252381"}}, {"type": "Feature", "geometry": {"type": "Point", "coordinates": [6.1003485, 52.5166661]}, "properties": {"type": "inleverpunt", "locatieNaam": "Albert Heijn", "straatNaam": "Klein Grachtje", "straatNr": "16", "postcode": "8021 CX", "plaats": "Zwolle", "merk": "StatiegeldNederland", "puntType": "automaat", "materialen": ["pet-groot", "pet-klein", "blik", "glas", "krat"], "uitbetaling": ["bonnetje", "donatie"], "vrijToegankelijk": true, "gemeenteBeperking": null, "openingstijden": {"ma": "08:00–22:00", "di": "08:00–22:00", "wo": "08:00–22:00", "do": "08:00–22:00", "vr": "08:00–22:00", "za": "08:00–22:00", "zo": "09:00–20:00"}, "latitude": 52.5166661, "longitude": 6.1003485, "bronId": "252410"}}, {"type": "Feature", "geometry": {"type": "Point", "coordinates": [6.1113671, 52.483433]}, "properties": {"type": "inleverpunt", "locatieNaam": "Albert Heijn", "straatNaam": "Pijmanstraat", "straatNr": "18", "postcode": "8014 VB", "plaats": "Zwolle", "merk": "StatiegeldNederland", "puntType": "automaat", "materialen": ["pet-groot", "pet-klein", "blik", "glas", "krat"], "uitbetaling": ["bonnetje", "donatie"], "vrijToegankelijk": true, "gemeenteBeperking": null, "openingstijden": {"ma": "08:00–22:00", "di": "08:00–22:00", "wo": "08:00–22:00", "do": "08:00–22:00", "vr": "08:00–22:00", "za": "08:00–22:00", "zo": "09:00–20:00"}, "latitude": 52.483433, "longitude": 6.1113671, "bronId": "252632"}}, {"type": "Feature", "geometry": {"type": "Point", "coordinates": [6.056209, 52.5333457]}, "properties": {"type": "inleverpunt", "locatieNaam": "Albert Heijn", "straatNaam": "Wade", "straatNr": "10", "postcode": "8043 LS", "plaats": "Zwolle", "merk": "StatiegeldNederland", "puntType": "automaat", "materialen": ["pet-groot", "pet-klein", "blik", "glas", "krat"], "uitbetaling": ["bonnetje", "donatie"], "vrijToegankelijk": true, "gemeenteBeperking": null, "openingstijden": {"ma": "08:00–22:00", "di": "08:00–22:00", "wo": "08:00–22:00", "do": "08:00–22:00", "vr": "08:00–22:00", "za": "08:00–22:00", "zo": "09:00–20:00"}, "latitude": 52.5333457, "longitude": 6.056209, "bronId": "252890"}}, {"type": "Feature", "geometry": {"type": "Point", "coordinates": [6.106407, 52.517265]}, "properties": {"type": "inleverpunt", "locatieNaam": "Aldi", "straatNaam": "Biss. Willebrandlaan", "straatNr": "28", "postcode": "8021 GA", "plaats": "Zwolle", "merk": "StatiegeldNederland", "puntType": "automaat", "materialen": ["pet-groot", "pet-klein", "blik", "glas", "krat"], "uitbetaling": ["bonnetje"], "vrijToegankelijk": true, "gemeenteBeperking": null, "openingstijden": {"ma": "08:00–20:00", "di": "08:00–20:00", "wo": "08:00–20:00", "do": "08:00–20:00", "vr": "08:00–20:00", "za": "08:00–20:00", "zo": "10:00–18:00"}, "latitude": 52.517265, "longitude": 6.106407, "bronId": "253022"}}, {"type": "Feature", "geometry": {"type": "Point", "coordinates": [6.0747749, 52.5169912]}, "properties": {"type": "inleverpunt", "locatieNaam": "Aldi", "straatNaam": "Gasthuisdijk", "straatNr": "1", "postcode": "8041 AE", "plaats": "Zwolle", "merk": "StatiegeldNederland", "puntType": "automaat", "materialen": ["pet-groot", "pet-klein", "blik", "glas", "krat"], "uitbetaling": ["bonnetje"], "vrijToegankelijk": true, "gemeenteBeperking": null, "openingstijden": {"ma": "08:00–21:00", "di": "08:00–21:00", "wo": "08:00–21:00", "do": "08:00–21:00", "vr": "08:00–21:00", "za": "08:00–21:00", "zo": "09:00–19:00"}, "latitude": 52.5169912, "longitude": 6.0747749, "bronId": "253114"}}, {"type": "Feature", "geometry": {"type": "Point", "coordinates": [6.097836, 52.536329]}, "properties": {"type": "inleverpunt", "locatieNaam": "Aldi", "straatNaam": "Rijnlaan", "straatNr": "125", "postcode": "8032 MX", "plaats": "Zwolle", "merk": "StatiegeldNederland", "puntType": "automaat", "materialen": ["pet-groot", "pet-klein", "blik", "glas", "krat"], "uitbetaling": ["bonnetje"], "vrijToegankelijk": true, "gemeenteBeperking": null, "openingstijden": {"ma": "08:00–20:00", "di": "08:00–20:00", "wo": "08:00–20:00", "do": "08:00–20:00", "vr": "08:00–20:00", "za": "08:00–20:00", "zo": "10:00–18:00"}, "latitude": 52.536329, "longitude": 6.097836, "bronId": "253342"}}, {"type": "Feature", "geometry": {"type": "Point", "coordinates": [6.1106694, 52.4828708]}, "properties": {"type": "inleverpunt", "locatieNaam": "Aldi", "straatNaam": "Van Der Capellenstraat", "straatNr": "141", "postcode": "8041 VW", "plaats": "Zwolle", "merk": "StatiegeldNederland", "puntType": "automaat", "materialen": ["pet-groot", "pet-klein", "blik", "glas", "krat"], "uitbetaling": ["bonnetje"], "vrijToegankelijk": true, "gemeenteBeperking": null, "openingstijden": {"ma": "08:00–20:00", "di": "08:00–20:00", "wo": "08:00–20:00", "do": "08:00–20:00", "vr": "08:00–20:00", "za": "08:00–20:00", "zo": "10:00–18:00"}, "latitude": 52.4828708, "longitude": 6.1106694, "bronId": "253400"}}, {"type": "Feature", "geometry": {"type": "Point", "coordinates": [6.0714531, 52.5191961]}, "properties": {"type": "inleverpunt", "locatieNaam": "Appel 5061 - Sensus Zwolle", "straatNaam": "Gasthuisdijk", "straatNr": "44", "postcode": "8041 AG", "plaats": "Zwolle", "merk": "StatiegeldNederland", "puntType": "balie", "materialen": ["pet-groot", "pet-klein", "blik"], "uitbetaling": [], "vrijToegankelijk": true, "gemeenteBeperking": null, "openingstijden": {"ma": "08:00–17:00", "di": "08:00–17:00", "wo": "08:00–17:00", "do": "08:00–17:00", "vr": "08:00–17:00", "za": "Gesloten", "zo": "Gesloten"}, "latitude": 52.5191961, "longitude": 6.0714531, "bronId": "253684"}}, {"type": "Feature", "geometry": {"type": "Point", "coordinates": [6.0836144, 52.5205939]}, "properties": {"type": "inleverpunt", "locatieNaam": "APPEL - Deltion College", "straatNaam": "Mozartlaan", "straatNr": "15", "postcode": "8031 AA", "plaats": "Zwolle", "merk": "StatiegeldNederland", "puntType": "automaat", "materialen": ["pet-klein", "blik"], "uitbetaling": ["donatie", "tikkie"], "vrijToegankelijk": true, "gemeenteBeperking": null, "openingstijden": null, "latitude": 52.5205939, "longitude": 6.0836144, "bronId": "253723"}}, {"type": "Feature", "geometry": {"type": "Point", "coordinates": [6.0800653, 52.4995074]}, "properties": {"type": "inleverpunt", "locatieNaam": "Appel 7081 - Windesheim Geb C", "straatNaam": "Campus", "straatNr": "2-6", "postcode": "8017 CA", "plaats": "Zwolle", "merk": "StatiegeldNederland", "puntType": "balie", "materialen": ["pet-groot", "pet-klein", "blik"], "uitbetaling": [], "vrijToegankelijk": true, "gemeenteBeperking": null, "openingstijden": {"ma": "07:30–22:00", "di": "07:30–22:00", "wo": "07:30–22:00", "do": "07:30–22:00", "vr": "07:30–18:00", "za": "Gesloten", "zo": "Gesloten"}, "latitude": 52.4995074, "longitude": 6.0800653, "bronId": "253725"}}, {"type": "Feature", "geometry": {"type": "Point", "coordinates": [6.101763, 52.51022]}, "properties": {"type": "inleverpunt", "locatieNaam": "Cg 1769 Rechtbank Zwolle", "straatNaam": "Schuurmanstraat", "straatNr": "2", "postcode": "8011 KP", "plaats": "Zwolle", "merk": "StatiegeldNederland", "puntType": "balie", "materialen": ["pet-groot", "pet-klein", "blik"], "uitbetaling": [], "vrijToegankelijk": true, "gemeenteBeperking": null, "openingstijden": {"ma": "08:30–17:00", "di": "08:30–17:00", "wo": "08:30–17:00", "do": "08:30–17:00", "vr": "08:30–17:00", "za": "Gesloten", "zo": "Gesloten"}, "latitude": 52.51022, "longitude": 6.101763, "bronId": "254071"}}, {"type": "Feature", "geometry": {"type": "Point", "coordinates": [6.1193928, 52.5182388]}, "properties": {"type": "inleverpunt", "locatieNaam": "CSE-Topsportacademie", "straatNaam": "Boerendanserdijk", "straatNr": "2a", "postcode": "8024 AH", "plaats": "Zwolle", "merk": "StatiegeldNederland", "puntType": "automaat", "materialen": ["pet-klein", "blik"], "uitbetaling": [], "vrijToegankelijk": false, "gemeenteBeperking": null, "openingstijden": {"ma": "08:00–17:30", "di": "08:00–17:30", "wo": "08:00–17:30", "do": "08:00–17:30", "vr": "08:00–17:30", "za": "Gesloten", "zo": "Gesloten"}, "latitude": 52.5182388, "longitude": 6.1193928, "bronId": "254209"}}, {"type": "Feature", "geometry": {"type": "Point", "coordinates": [6.1060483, 52.5155015]}, "properties": {"type": "inleverpunt", "locatieNaam": "Ekoplaza", "straatNaam": "VECHTSTRAAT", "straatNr": "50", "postcode": "8021 AX", "plaats": "Zwolle", "merk": "StatiegeldNederland", "puntType": "balie", "materialen": ["pet-groot", "pet-klein", "blik"], "uitbetaling": [], "vrijToegankelijk": true, "gemeenteBeperking": null, "openingstijden": {"ma": "08:30–18:30", "di": "08:30–18:30", "wo": "08:30–18:30", "do": "08:30–18:30", "vr": "08:30–18:30", "za": "08:30–18:00", "zo": "Gesloten"}, "latitude": 52.5155015, "longitude": 6.1060483, "bronId": "254693"}}, {"type": "Feature", "geometry": {"type": "Point", "coordinates": [6.0932712, 52.5320722]}, "properties": {"type": "inleverpunt", "locatieNaam": "Gymnasium Celeanum", "straatNaam": "Zoom", "straatNr": "37", "postcode": "8032 EM", "plaats": "Zwolle", "merk": "StatiegeldNederland", "puntType": "automaat", "materialen": ["pet-klein", "blik"], "uitbetaling": ["donatie", "tikkie"], "vrijToegankelijk": false, "gemeenteBeperking": null, "openingstijden": null, "latitude": 52.5320722, "longitude": 6.0932712, "bronId": "254920"}}, {"type": "Feature", "geometry": {"type": "Point", "coordinates": [6.1196078, 52.4996306]}, "properties": {"type": "inleverpunt", "locatieNaam": "Hanze Beachvolleybal", "straatNaam": "Marsweg", "straatNr": "4", "postcode": "8013 PD", "plaats": "Zwolle", "merk": "StatiegeldNederland", "puntType": "balie", "materialen": ["pet-groot", "pet-klein", "blik"], "uitbetaling": [], "vrijToegankelijk": false, "gemeenteBeperking": null, "openingstijden": {"ma": "19:00–23:00", "di": "17:30–23:00", "wo": "17:30–23:00", "do": "17:30–23:00", "vr": "19:00–23:00", "za": "12:00–18:00", "zo": "12:00–18:00"}, "latitude": 52.4996306, "longitude": 6.1196078, "bronId": "254939"}}, {"type": "Feature", "geometry": {"type": "Point", "coordinates": [6.1031445, 52.5077086]}, "properties": {"type": "inleverpunt", "locatieNaam": "Hogeschool Viaa", "straatNaam": "Wethouder Alferinkweg", "straatNr": "2", "postcode": "8012 GA", "plaats": "Zwolle", "merk": "StatiegeldNederland", "puntType": "automaat", "materialen": ["pet-klein", "blik"], "uitbetaling": ["donatie"], "vrijToegankelijk": false, "gemeenteBeperking": null, "openingstijden": null, "latitude": 52.5077086, "longitude": 6.1031445, "bronId": "255018"}}, {"type": "Feature", "geometry": {"type": "Point", "coordinates": [6.0805269, 52.4998414]}, "properties": {"type": "inleverpunt", "locatieNaam": "Hogeschool Windesheim Gebouw X", "straatNaam": "Campus", "straatNr": "2-6", "postcode": "8017 CA", "plaats": "Zwolle", "merk": "StatiegeldNederland", "puntType": "automaat", "materialen": ["pet-klein", "blik"], "uitbetaling": ["donatie"], "vrijToegankelijk": false, "gemeenteBeperking": null, "openingstijden": {"ma": "08:00–20:00", "di": "08:00–20:00", "wo": "08:00–20:00", "do": "08:00–20:00", "vr": "08:00–20:00", "za": "08:00–20:00", "zo": "11:00–18:00"}, "latitude": 52.4998414, "longitude": 6.0805269, "bronId": "255021"}}, {"type": "Feature", "geometry": {"type": "Point", "coordinates": [6.0777359, 52.5182912]}, "properties": {"type": "inleverpunt", "locatieNaam": "Hornbach", "straatNaam": "Katwolderweg", "straatNr": "6", "postcode": "8041 AD", "plaats": "Zwolle", "merk": "StatiegeldNederland", "puntType": "automaat", "materialen": ["pet-groot", "pet-klein", "blik", "krat"], "uitbetaling": ["donatie", "tikkie"], "vrijToegankelijk": true, "gemeenteBeperking": null, "openingstijden": {"ma": "07:00–21:00", "di": "07:00–21:00", "wo": "07:00–21:00", "do": "07:00–21:00", "vr": "07:00–21:00", "za": "08:00–18:00", "zo": "10:00–17:00"}, "latitude": 52.5182912, "longitude": 6.0777359, "bronId": "255114"}}, {"type": "Feature", "geometry": {"type": "Point", "coordinates": [6.101963, 52.5063]}, "properties": {"type": "inleverpunt", "locatieNaam": "Jumbo", "straatNaam": "Assendorperstraat", "straatNr": "71", "postcode": "8012 DG", "plaats": "Zwolle", "merk": "StatiegeldNederland", "puntType": "automaat", "materialen": ["pet-groot", "pet-klein", "blik", "glas", "krat"], "uitbetaling": ["bonnetje", "donatie"], "vrijToegankelijk": true, "gemeenteBeperking": null, "openingstijden": {"ma": "07:00–22:00", "di": "07:00–22:00", "wo": "07:00–22:00", "do": "07:00–22:00", "vr": "07:00–22:00", "za": "07:00–21:00", "zo": "09:00–20:00"}, "latitude": 52.5063, "longitude": 6.101963, "bronId": "255216"}}, {"type": "Feature", "geometry": {"type": "Point", "coordinates": [6.082377, 52.526612]}, "properties": {"type": "inleverpunt", "locatieNaam": "Jumbo", "straatNaam": "Bachplein", "straatNr": "14", "postcode": "8031 HR", "plaats": "Zwolle", "merk": "StatiegeldNederland", "puntType": "automaat", "materialen": ["pet-groot", "pet-klein", "blik", "glas", "krat"], "uitbetaling": ["bonnetje"], "vrijToegankelijk": true, "gemeenteBeperking": null, "openingstijden": {"ma": "08:00–21:00", "di": "08:00–21:00", "wo": "08:00–21:00", "do": "08:00–21:00", "vr": "08:00–21:00", "za": "08:00–21:00", "zo": "10:00–20:00"}, "latitude": 52.526612, "longitude": 6.082377, "bronId": "255221"}}, {"type": "Feature", "geometry": {"type": "Point", "coordinates": [6.101823, 52.529653]}, "properties": {"type": "inleverpunt", "locatieNaam": "Jumbo", "straatNaam": "De Dobbe", "straatNr": "3", "postcode": "8032 JV", "plaats": "Zwolle", "merk": "StatiegeldNederland", "puntType": "automaat", "materialen": ["pet-groot", "pet-klein", "blik", "glas", "krat"], "uitbetaling": ["bonnetje", "donatie"], "vrijToegankelijk": true, "gemeenteBeperking": null, "openingstijden": {"ma": "08:00–21:00", "di": "08:00–21:00", "wo": "08:00–21:00", "do": "08:00–21:00", "vr": "08:00–21:00", "za": "08:00–21:00", "zo": "09:00–20:00"}, "latitude": 52.529653, "longitude": 6.101823, "bronId": "255289"}}, {"type": "Feature", "geometry": {"type": "Point", "coordinates": [6.106414, 52.5213]}, "properties": {"type": "inleverpunt", "locatieNaam": "Jumbo", "straatNaam": "Hogenkampspassage", "straatNr": "10", "postcode": "8022 EL", "plaats": "Zwolle", "merk": "StatiegeldNederland", "puntType": "automaat", "materialen": ["pet-groot", "pet-klein", "blik", "glas", "krat"], "uitbetaling": ["bonnetje", "donatie"], "vrijToegankelijk": true, "gemeenteBeperking": null, "openingstijden": {"ma": "08:00–21:00", "di": "08:00–21:00", "wo": "08:00–21:00", "do": "08:00–21:00", "vr": "08:00–21:00", "za": "08:00–21:00", "zo": "10:00–19:00"}, "latitude": 52.5213, "longitude": 6.106414, "bronId": "255428"}}, {"type": "Feature", "geometry": {"type": "Point", "coordinates": [6.048675, 52.522354]}, "properties": {"type": "inleverpunt", "locatieNaam": "Jumbo", "straatNaam": "Petuniaplein", "straatNr": "23", "postcode": "8042 AV", "plaats": "Zwolle", "merk": "StatiegeldNederland", "puntType": "automaat", "materialen": ["pet-groot", "pet-klein", "blik", "glas", "krat"], "uitbetaling": ["bonnetje", "donatie"], "vrijToegankelijk": true, "gemeenteBeperking": null, "openingstijden": {"ma": "08:00–20:00", "di": "08:00–20:00", "wo": "08:00–20:00", "do": "08:00–20:00", "vr": "08:00–21:00", "za": "08:00–20:00", "zo": "10:00–19:00"}, "latitude": 52.522354, "longitude": 6.048675, "bronId": "255669"}}, {"type": "Feature", "geometry": {"type": "Point", "coordinates": [6.11728, 52.487886]}, "properties": {"type": "inleverpunt", "locatieNaam": "Jumbo", "straatNaam": "Sellekamp", "straatNr": "26", "postcode": "8014 DR", "plaats": "Zwolle", "merk": "StatiegeldNederland", "puntType": "automaat", "materialen": ["pet-groot", "pet-klein", "blik", "glas", "krat"], "uitbetaling": ["bonnetje", "donatie"], "vrijToegankelijk": true, "gemeenteBeperking": null, "openingstijden": {"ma": "08:00–21:00", "di": "08:00–21:00", "wo": "08:00–21:00", "do": "08:00–21:00", "vr": "08:00–21:00", "za": "08:00–21:00", "zo": "10:00–19:00"}, "latitude": 52.487886, "longitude": 6.11728, "bronId": "255741"}}, {"type": "Feature", "geometry": {"type": "Point", "coordinates": [6.084357, 52.510133]}, "properties": {"type": "inleverpunt", "locatieNaam": "Jumbo", "straatNaam": "Veemarkt", "straatNr": "20", "postcode": "8011 AH", "plaats": "Zwolle", "merk": "StatiegeldNederland", "puntType": "automaat", "materialen": ["pet-groot", "pet-klein", "blik", "glas", "krat"], "uitbetaling": ["bonnetje", "donatie"], "vrijToegankelijk": true, "gemeenteBeperking": null, "openingstijden": {"ma": "08:00–21:00", "di": "08:00–21:00", "wo": "08:00–21:00", "do": "08:00–21:00", "vr": "08:00–21:00", "za": "08:00–21:00", "zo": "10:00–20:00"}, "latitude": 52.510133, "longitude": 6.084357, "bronId": "255812"}}, {"type": "Feature", "geometry": {"type": "Point", "coordinates": [6.055194, 52.533564]}, "properties": {"type": "inleverpunt", "locatieNaam": "Jumbo", "straatNaam": "Wade", "straatNr": "102", "postcode": "8043 LS", "plaats": "Zwolle", "merk": "StatiegeldNederland", "puntType": "automaat", "materialen": ["pet-groot", "pet-klein", "blik", "glas", "krat"], "uitbetaling": ["bonnetje"], "vrijToegankelijk": true, "gemeenteBeperking": null, "openingstijden": {"ma": "08:00–22:00", "di": "08:00–22:00", "wo": "08:00–22:00", "do": "08:00–22:00", "vr": "08:00–22:00", "za": "08:00–22:00", "zo": "08:00–22:00"}, "latitude": 52.533564, "longitude": 6.055194, "bronId": "255842"}}, {"type": "Feature", "geometry": {"type": "Point", "coordinates": [6.0819741, 52.5267217]}, "properties": {"type": "inleverpunt", "locatieNaam": "Lidl", "straatNaam": "Bachplein", "straatNr": "11", "postcode": "8031 HR", "plaats": "Zwolle", "merk": "StatiegeldNederland", "puntType": "automaat", "materialen": ["pet-groot", "pet-klein", "blik", "glas", "krat"], "uitbetaling": ["bonnetje", "donatie"], "vrijToegankelijk": true, "gemeenteBeperking": null, "openingstijden": {"ma": "08:00–21:00", "di": "08:00–21:00", "wo": "08:00–21:00", "do": "08:00–21:00", "vr": "08:00–21:00", "za": "08:00–21:00", "zo": "09:00–19:00"}, "latitude": 52.5267217, "longitude": 6.0819741, "bronId": "256072"}}, {"type": "Feature", "geometry": {"type": "Point", "coordinates": [6.10147, 52.52915]}, "properties": {"type": "inleverpunt", "locatieNaam": "Lidl", "straatNaam": "Dobbe", "straatNr": "10", "postcode": "8032 JV", "plaats": "Zwolle", "merk": "StatiegeldNederland", "puntType": "automaat", "materialen": ["pet-groot", "pet-klein", "blik", "glas", "krat"], "uitbetaling": ["bonnetje", "donatie"], "vrijToegankelijk": true, "gemeenteBeperking": null, "openingstijden": {"ma": "08:00–21:00", "di": "08:00–21:00", "wo": "08:00–21:00", "do": "08:00–22:00", "vr": "08:00–22:00", "za": "08:00–21:00", "zo": "09:00–20:00"}, "latitude": 52.52915, "longitude": 6.10147, "bronId": "256129"}}, {"type": "Feature", "geometry": {"type": "Point", "coordinates": [6.1136303, 52.4836609]}, "properties": {"type": "inleverpunt", "locatieNaam": "Lidl", "straatNaam": "Van Der Capellenstraat", "straatNr": "45", "postcode": "8014 VV", "plaats": "Zwolle", "merk": "StatiegeldNederland", "puntType": "automaat", "materialen": ["pet-groot", "pet-klein", "blik", "glas", "krat"], "uitbetaling": ["bonnetje", "donatie"], "vrijToegankelijk": true, "gemeenteBeperking": null, "openingstijden": {"ma": "07:00–21:00", "di": "07:00–21:00", "wo": "07:00–21:00", "do": "07:00–22:00", "vr": "07:00–22:00", "za": "07:00–21:00", "zo": "09:00–19:00"}, "latitude": 52.4836609, "longitude": 6.1136303, "bronId": "256428"}}, {"type": "Feature", "geometry": {"type": "Point", "coordinates": [6.0843678, 52.5211595]}, "properties": {"type": "inleverpunt", "locatieNaam": "Markies 6101 Deltion Hoofdlo", "straatNaam": "Mozartlaan", "straatNr": "15", "postcode": "8031 AA", "plaats": "Zwolle", "merk": "StatiegeldNederland", "puntType": "balie", "materialen": ["pet-groot", "pet-klein", "blik"], "uitbetaling": [], "vrijToegankelijk": true, "gemeenteBeperking": null, "openingstijden": {"ma": "07:15–22:15", "di": "07:15–22:15", "wo": "07:15–22:15", "do": "07:15–22:15", "vr": "07:15–17:30", "za": "Gesloten", "zo": "Gesloten"}, "latitude": 52.5211595, "longitude": 6.0843678, "bronId": "256553"}}, {"type": "Feature", "geometry": {"type": "Point", "coordinates": [6.0854996, 52.5198502]}, "properties": {"type": "inleverpunt", "locatieNaam": "Markies 60104 Deltion Gebouw", "straatNaam": "Nijverheidsstraat", "straatNr": "5", "postcode": "8031 DZ", "plaats": "Zwolle", "merk": "StatiegeldNederland", "puntType": "balie", "materialen": ["pet-groot", "pet-klein", "blik"], "uitbetaling": [], "vrijToegankelijk": true, "gemeenteBeperking": null, "openingstijden": null, "latitude": 52.5198502, "longitude": 6.0854996, "bronId": "256657"}}, {"type": "Feature", "geometry": {"type": "Point", "coordinates": [6.1051597, 52.5004946]}, "properties": {"type": "inleverpunt", "locatieNaam": "Nettorama", "straatNaam": "Deventerstraatweg", "straatNr": "20", "postcode": "8012 AH", "plaats": "Zwolle", "merk": "StatiegeldNederland", "puntType": "automaat", "materialen": ["pet-groot", "pet-klein", "blik", "glas", "krat"], "uitbetaling": ["bonnetje"], "vrijToegankelijk": true, "gemeenteBeperking": null, "openingstijden": {"ma": "08:00–21:00", "di": "08:00–21:00", "wo": "08:00–21:00", "do": "08:00–21:00", "vr": "08:00–21:00", "za": "08:00–21:00", "zo": "09:00–19:00"}, "latitude": 52.5004946, "longitude": 6.1051597, "bronId": "256854"}}, {"type": "Feature", "geometry": {"type": "Point", "coordinates": [6.0905839, 52.5107853]}, "properties": {"type": "inleverpunt", "locatieNaam": "Odin Zwolle", "straatNaam": "Potgietersingel", "straatNr": "1", "postcode": "8011 NA", "plaats": "Zwolle", "merk": "StatiegeldNederland", "puntType": "balie", "materialen": ["pet-groot", "pet-klein", "blik"], "uitbetaling": [], "vrijToegankelijk": true, "gemeenteBeperking": null, "openingstijden": {"ma": "08:00–19:00", "di": "08:00–19:00", "wo": "08:00–19:00", "do": "08:00–19:00", "vr": "08:00–19:00", "za": "08:00–18:00", "zo": "Gesloten"}, "latitude": 52.5107853, "longitude": 6.0905839, "bronId": "256989"}}, {"type": "Feature", "geometry": {"type": "Point", "coordinates": [6.0868025, 52.5140597]}, "properties": {"type": "inleverpunt", "locatieNaam": "Pathé Zwolle", "straatNaam": "Pannekoekendijk", "straatNr": "11", "postcode": "8011 BJ", "plaats": "Zwolle", "merk": "StatiegeldNederland", "puntType": "automaat", "materialen": ["pet-groot", "pet-klein", "blik"], "uitbetaling": ["bonnetje", "donatie", "tikkie"], "vrijToegankelijk": false, "gemeenteBeperking": null, "openingstijden": null, "latitude": 52.5140597, "longitude": 6.0868025, "bronId": "257158"}}, {"type": "Feature", "geometry": {"type": "Point", "coordinates": [6.1348114, 52.5237772]}, "properties": {"type": "inleverpunt", "locatieNaam": "Plus", "straatNaam": "Campherbeeklaan", "straatNr": "54-2", "postcode": "8024 BZ", "plaats": "Zwolle", "merk": "StatiegeldNederland", "puntType": "automaat", "materialen": ["pet-groot", "pet-klein", "blik", "glas", "krat"], "uitbetaling": ["bonnetje", "donatie"], "vrijToegankelijk": true, "gemeenteBeperking": null, "openingstijden": {"ma": "08:00–21:00", "di": "08:00–21:00", "wo": "08:00–21:00", "do": "08:00–21:00", "vr": "08:00–21:00", "za": "08:00–21:00", "zo": "10:00–18:00"}, "latitude": 52.5237772, "longitude": 6.1348114, "bronId": "257228"}}, {"type": "Feature", "geometry": {"type": "Point", "coordinates": [6.1064643, 52.5152702]}, "properties": {"type": "inleverpunt", "locatieNaam": "Plus", "straatNaam": "Vechtstraat", "straatNr": "60-66", "postcode": "8021 AZ", "plaats": "Zwolle", "merk": "StatiegeldNederland", "puntType": "automaat", "materialen": ["pet-groot", "pet-klein", "blik", "glas", "krat"], "uitbetaling": ["bonnetje", "donatie"], "vrijToegankelijk": true, "gemeenteBeperking": null, "openingstijden": {"ma": "08:00–21:00", "di": "08:00–21:00", "wo": "08:00–21:00", "do": "08:00–21:00", "vr": "08:00–21:00", "za": "08:00–21:00", "zo": "10:00–18:00"}, "latitude": 52.5152702, "longitude": 6.1064643, "bronId": "257567"}}, {"type": "Feature", "geometry": {"type": "Point", "coordinates": [6.0654272, 52.5141627]}, "properties": {"type": "inleverpunt", "locatieNaam": "Scania Procuction", "straatNaam": "Russenweg", "straatNr": "5", "postcode": "8041 AL", "plaats": "Zwolle", "merk": "StatiegeldNederland", "puntType": "automaat", "materialen": ["pet-groot", "pet-klein", "blik"], "uitbetaling": ["bonnetje", "donatie", "tikkie"], "vrijToegankelijk": true, "gemeenteBeperking": null, "openingstijden": null, "latitude": 52.5141627, "longitude": 6.0654272, "bronId": "257978"}}, {"type": "Feature", "geometry": {"type": "Point", "coordinates": [6.0789432, 52.5174273]}, "properties": {"type": "inleverpunt", "locatieNaam": "Shell", "straatNaam": "Blaloweg 2 A", "straatNr": "", "postcode": "8041 AH", "plaats": "Zwolle", "merk": "StatiegeldNederland", "puntType": "balie", "materialen": ["pet-groot", "pet-klein", "blik"], "uitbetaling": [], "vrijToegankelijk": true, "gemeenteBeperking": null, "openingstijden": {"ma": "24 uur geopend", "di": "24 uur geopend", "wo": "24 uur geopend", "do": "24 uur geopend", "vr": "24 uur geopend", "za": "24 uur geopend", "zo": "24 uur geopend"}, "latitude": 52.5174273, "longitude": 6.0789432, "bronId": "258033"}}, {"type": "Feature", "geometry": {"type": "Point", "coordinates": [6.168222, 52.546071]}, "properties": {"type": "inleverpunt", "locatieNaam": "Shell", "straatNaam": "Rijksweg A28 WZ", "straatNr": "", "postcode": "8035 QQ", "plaats": "Zwolle", "merk": "StatiegeldNederland", "puntType": "balie", "materialen": ["pet-groot", "pet-klein", "blik"], "uitbetaling": [], "vrijToegankelijk": true, "gemeenteBeperking": null, "openingstijden": {"ma": "24 uur geopend", "di": "24 uur geopend", "wo": "24 uur geopend", "do": "24 uur geopend", "vr": "24 uur geopend", "za": "24 uur geopend", "zo": "24 uur geopend"}, "latitude": 52.546071, "longitude": 6.168222, "bronId": "258195"}}, {"type": "Feature", "geometry": {"type": "Point", "coordinates": [6.0952234, 52.5117847]}, "properties": {"type": "inleverpunt", "locatieNaam": "Spar", "straatNaam": "Oude Vismarkt", "straatNr": "46", "postcode": "8011 TB", "plaats": "Zwolle", "merk": "StatiegeldNederland", "puntType": "automaat", "materialen": ["pet-groot", "pet-klein", "blik", "glas"], "uitbetaling": ["bonnetje", "donatie"], "vrijToegankelijk": true, "gemeenteBeperking": null, "openingstijden": {"ma": "07:00–23:00", "di": "07:00–23:00", "wo": "07:00–23:00", "do": "07:00–23:00", "vr": "07:00–23:00", "za": "08:00–23:00", "zo": "09:00–23:00"}, "latitude": 52.5117847, "longitude": 6.0952234, "bronId": "258437"}}, {"type": "Feature", "geometry": {"type": "Point", "coordinates": [6.1150146, 52.5144479]}, "properties": {"type": "inleverpunt", "locatieNaam": "Spar", "straatNaam": "Roemer Visscherstraat", "straatNr": "19", "postcode": "8023 AL", "plaats": "Zwolle", "merk": "StatiegeldNederland", "puntType": "automaat", "materialen": ["pet-groot", "pet-klein", "blik", "glas"], "uitbetaling": ["bonnetje", "donatie"], "vrijToegankelijk": true, "gemeenteBeperking": null, "openingstijden": {"ma": "07:00–20:00", "di": "07:00–20:00", "wo": "07:00–20:00", "do": "07:00–20:00", "vr": "07:00–20:00", "za": "07:00–20:00", "zo": "10:00–18:00"}, "latitude": 52.5144479, "longitude": 6.1150146, "bronId": "258460"}}, {"type": "Feature", "geometry": {"type": "Point", "coordinates": [6.090645, 52.503601]}, "properties": {"type": "inleverpunt", "locatieNaam": "Spar City", "straatNaam": "Lubeckplein", "straatNr": "19", "postcode": "8017 JZ", "plaats": "Zwolle", "merk": "StatiegeldNederland", "puntType": "automaat", "materialen": ["pet-groot", "pet-klein", "blik"], "uitbetaling": [], "vrijToegankelijk": true, "gemeenteBeperking": null, "openingstijden": null, "latitude": 52.503601, "longitude": 6.090645, "bronId": "258519"}}, {"type": "Feature", "geometry": {"type": "Point", "coordinates": [6.1130528, 52.4835521]}, "properties": {"type": "inleverpunt", "locatieNaam": "Statiegeld Retourshop", "straatNaam": "Van Der Capellenstraat", "straatNr": "55", "postcode": "8014 VV", "plaats": "Zwolle", "merk": "StatiegeldNederland", "puntType": "automaat", "materialen": ["pet-groot", "pet-klein", "blik", "krat"], "uitbetaling": ["bonnetje", "donatie", "tikkie", "contant"], "vrijToegankelijk": true, "gemeenteBeperking": null, "openingstijden": {"ma": "07:00–21:00", "di": "07:00–21:00", "wo": "07:00–21:00", "do": "07:00–21:00", "vr": "07:00–21:00", "za": "08:00–18:00", "zo": "10:00–17:00"}, "latitude": 52.4835521, "longitude": 6.1130528, "bronId": "258695"}}, {"type": "Feature", "geometry": {"type": "Point", "coordinates": [6.1199155, 52.5170931]}, "properties": {"type": "inleverpunt", "locatieNaam": "Supportershome Pec Zwolle", "straatNaam": "Stadionplein", "straatNr": "5", "postcode": "8014 TE", "plaats": "Zwolle", "merk": "StatiegeldNederland", "puntType": "balie", "materialen": ["pet-groot", "pet-klein", "blik"], "uitbetaling": [], "vrijToegankelijk": false, "gemeenteBeperking": null, "openingstijden": {"ma": "08:30–17:00", "di": "08:30–17:00", "wo": "08:30–17:00", "do": "08:30–17:00", "vr": "08:30–17:00", "za": "Gesloten", "zo": "Gesloten"}, "latitude": 52.5170931, "longitude": 6.1199155, "bronId": "258795"}}, {"type": "Feature", "geometry": {"type": "Point", "coordinates": [6.121303, 52.5293895]}, "properties": {"type": "inleverpunt", "locatieNaam": "Sv Htc", "straatNaam": "Albert Cuypstraat", "straatNr": "6", "postcode": "8021 DW", "plaats": "Zwolle", "merk": "StatiegeldNederland", "puntType": "balie", "materialen": ["pet-groot", "pet-klein", "blik"], "uitbetaling": [], "vrijToegankelijk": false, "gemeenteBeperking": null, "openingstijden": {"ma": "20:00–22:00", "di": "19:30–22:30", "wo": "16:00–20:00", "do": "19:00–23:30", "vr": "Gesloten", "za": "08:00–19:00", "zo": "Gesloten"}, "latitude": 52.5293895, "longitude": 6.121303, "bronId": "258819"}}, {"type": "Feature", "geometry": {"type": "Point", "coordinates": [6.0948954, 52.4871574]}, "properties": {"type": "inleverpunt", "locatieNaam": "Sv Zwolsche Boys", "straatNaam": "Landsheerlaan", "straatNr": "44", "postcode": "8014 KH", "plaats": "Zwolle", "merk": "StatiegeldNederland", "puntType": "balie", "materialen": ["pet-groot", "pet-klein", "blik"], "uitbetaling": [], "vrijToegankelijk": false, "gemeenteBeperking": null, "openingstijden": null, "latitude": 52.4871574, "longitude": 6.0948954, "bronId": "258844"}}, {"type": "Feature", "geometry": {"type": "Point", "coordinates": [6.0779842, 52.5348492]}, "properties": {"type": "inleverpunt", "locatieNaam": "Tennisvereniging Zwolle 750", "straatNaam": "Peterskampweg", "straatNr": "8", "postcode": "8031 LK", "plaats": "Zwolle", "merk": "StatiegeldNederland", "puntType": "balie", "materialen": ["pet-groot", "pet-klein", "blik"], "uitbetaling": [], "vrijToegankelijk": false, "gemeenteBeperking": null, "openingstijden": {"ma": "08:00–23:00", "di": "08:00–23:00", "wo": "08:00–23:00", "do": "08:00–23:00", "vr": "08:00–23:00", "za": "08:00–23:00", "zo": "08:00–23:00"}, "latitude": 52.5348492, "longitude": 6.0779842, "bronId": "258958"}}, {"type": "Feature", "geometry": {"type": "Point", "coordinates": [6.0679804, 52.5120799]}, "properties": {"type": "inleverpunt", "locatieNaam": "Thorbecke Scholengemeenschap Vending@Work", "straatNaam": "Russenweg", "straatNr": "3", "postcode": "8041 AL", "plaats": "Zwolle", "merk": "StatiegeldNederland", "puntType": "automaat", "materialen": ["pet-groot", "pet-klein", "blik"], "uitbetaling": ["bonnetje", "donatie", "tikkie"], "vrijToegankelijk": true, "gemeenteBeperking": null, "openingstijden": null, "latitude": 52.5120799, "longitude": 6.0679804, "bronId": "258990"}}, {"type": "Feature", "geometry": {"type": "Point", "coordinates": [6.1065822, 52.5225017]}, "properties": {"type": "inleverpunt", "locatieNaam": "ViaTim", "straatNaam": "Van Ummenstraat", "straatNr": "21", "postcode": "8022 BK", "plaats": "Zwolle", "merk": "StatiegeldNederland", "puntType": "balie", "materialen": ["pet-groot", "pet-klein", "blik"], "uitbetaling": ["tikkie"], "vrijToegankelijk": true, "gemeenteBeperking": null, "openingstijden": {"ma": "09:00–12:00, 16:00–21:00", "di": "16:00–21:00", "wo": "09:00–12:00, 16:00–21:00", "do": "16:00–21:00", "vr": "09:00–12:00, 16:00–21:00", "za": "16:00–21:00", "zo": "16:00–21:00"}, "latitude": 52.5225017, "longitude": 6.1065822, "bronId": "259514"}}, {"type": "Feature", "geometry": {"type": "Point", "coordinates": [6.0583194, 52.5425368]}, "properties": {"type": "inleverpunt", "locatieNaam": "ViaTim", "straatNaam": "Waterbies", "straatNr": "9", "postcode": "8043 LN", "plaats": "Zwolle", "merk": "StatiegeldNederland", "puntType": "balie", "materialen": ["pet-groot", "pet-klein", "blik"], "uitbetaling": ["tikkie"], "vrijToegankelijk": true, "gemeenteBeperking": null, "openingstijden": {"ma": "16:00–21:00", "di": "16:00–21:00", "wo": "16:00–21:00", "do": "16:00–21:00", "vr": "16:00–21:00", "za": "16:00–21:00", "zo": "16:00–21:00"}, "latitude": 52.5425368, "longitude": 6.0583194, "bronId": "259526"}}, {"type": "Feature", "geometry": {"type": "Point", "coordinates": [6.0805269, 52.4998414]}, "properties": {"type": "inleverpunt", "locatieNaam": "Windesheim Zwolle", "straatNaam": "Campus", "straatNr": "2-6", "postcode": "8017 CA", "plaats": "Zwolle", "merk": "StatiegeldNederland", "puntType": "automaat", "materialen": ["pet-groot", "pet-klein", "blik"], "uitbetaling": ["bonnetje", "donatie", "tikkie"], "vrijToegankelijk": false, "gemeenteBeperking": null, "openingstijden": {"ma": "08:00–20:00", "di": "08:00–20:00", "wo": "08:00–20:00", "do": "08:00–20:00", "vr": "08:00–20:00", "za": "08:00–20:00", "zo": "11:00–18:00"}, "latitude": 52.4998414, "longitude": 6.0805269, "bronId": "259872"}}, {"type": "Feature", "geometry": {"type": "Point", "coordinates": [6.0777783, 52.5105404]}, "properties": {"type": "inleverpunt", "locatieNaam": "Zltb", "straatNaam": "Koningin Wilhelminastraat", "straatNr": "32", "postcode": "8019 AN", "plaats": "Zwolle", "merk": "StatiegeldNederland", "puntType": "balie", "materialen": ["pet-groot", "pet-klein", "blik"], "uitbetaling": [], "vrijToegankelijk": false, "gemeenteBeperking": null, "openingstijden": {"ma": "09:00–23:00", "di": "09:00–23:00", "wo": "09:00–23:00", "do": "09:00–23:00", "vr": "09:00–23:00", "za": "09:00–18:30", "zo": "09:00–21:00"}, "latitude": 52.5105404, "longitude": 6.0777783, "bronId": "259894"}}, {"type": "Feature", "geometry": {"type": "Point", "coordinates": [6.0838062, 52.5037783]}, "properties": {"type": "inleverpunt", "locatieNaam": "Zone.college Zwolle", "straatNaam": "Koggelaan", "straatNr": "7", "postcode": "8017 JN", "plaats": "Zwolle", "merk": "StatiegeldNederland", "puntType": "automaat", "materialen": ["pet-klein", "blik"], "uitbetaling": ["donatie"], "vrijToegankelijk": false, "gemeenteBeperking": null, "openingstijden": null, "latitude": 52.5037783, "longitude": 6.0838062, "bronId": "259897"}}, {"type": "Feature", "geometry": {"type": "Point", "coordinates": [6.1264066, 52.5279038]}, "properties": {"type": "inleverpunt", "locatieNaam": "Ztc De Pelikaan", "straatNaam": "Haersterveerweg", "straatNr": "2B", "postcode": "8034 PK", "plaats": "Zwolle", "merk": "StatiegeldNederland", "puntType": "balie", "materialen": ["pet-groot", "pet-klein", "blik"], "uitbetaling": [], "vrijToegankelijk": false, "gemeenteBeperking": null, "openingstijden": {"ma": "08:00–23:00", "di": "08:00–23:00", "wo": "08:00–23:00", "do": "08:00–23:00", "vr": "08:00–23:00", "za": "08:00–23:00", "zo": "08:00–23:00"}, "latitude": 52.5279038, "longitude": 6.1264066, "bronId": "259898"}}, {"type": "Feature", "geometry": {"type": "Point", "coordinates": [6.1195317, 52.4991272]}, "properties": {"type": "inleverpunt", "locatieNaam": "Zwolse Korfbalvereniging Oranje Zwart", "straatNaam": "Marsweg", "straatNr": "2", "postcode": "8013 PD", "plaats": "Zwolle", "merk": "StatiegeldNederland", "puntType": "balie", "materialen": ["pet-groot", "pet-klein", "blik"], "uitbetaling": [], "vrijToegankelijk": false, "gemeenteBeperking": null, "openingstijden": {"ma": "Gesloten", "di": "18:00–22:00", "wo": "Gesloten", "do": "18:00–22:00", "vr": "Gesloten", "za": "09:00–18:00", "zo": "Gesloten"}, "latitude": 52.4991272, "longitude": 6.1195317, "bronId": "259911"}}, {"type": "Feature", "geometry": {"type": "Point", "coordinates": [6.051623, 52.510862]}, "properties": {"type": "inleverpunt", "locatieNaam": "39 - Bouwmaat Zwolle", "straatNaam": "Lichterweg", "straatNr": "1C", "postcode": "8042 PW", "plaats": "Zwolle", "merk": "StichtingOPEN", "puntType": "balie", "materialen": ["elektro-klein", "lampen", "tl-buizen"], "uitbetaling": [], "vrijToegankelijk": false, "gemeenteBeperking": null, "openingstijden": null, "latitude": 52.510862, "longitude": 6.051623, "bronId": "SP00033379"}}, {"type": "Feature", "geometry": {"type": "Point", "coordinates": [6.049382, 52.515299]}, "properties": {"type": "inleverpunt", "locatieNaam": "Oosterberg B.V. Zwolle", "straatNaam": "Schoenerweg", "straatNr": "2", "postcode": "8042 PJ", "plaats": "Zwolle", "merk": "StichtingOPEN", "puntType": "balie", "materialen": ["lampen", "tl-buizen"], "uitbetaling": [], "vrijToegankelijk": false, "gemeenteBeperking": null, "openingstijden": null, "latitude": 52.515299, "longitude": 6.049382, "bronId": "SP00006902"}}, {"type": "Feature", "geometry": {"type": "Point", "coordinates": [6.052165, 52.516165]}, "properties": {"type": "inleverpunt", "locatieNaam": "Technische Unie VK Zwolle - winkel", "straatNaam": "Loggerweg", "straatNr": "5", "postcode": "8042 PG", "plaats": "Zwolle", "merk": "StichtingOPEN", "puntType": "balie", "materialen": ["lampen", "tl-buizen"], "uitbetaling": [], "vrijToegankelijk": false, "gemeenteBeperking": null, "openingstijden": null, "latitude": 52.516165, "longitude": 6.052165, "bronId": "SP00007944"}}, {"type": "Feature", "geometry": {"type": "Point", "coordinates": [6.048631, 52.522454]}, "properties": {"type": "inleverpunt", "locatieNaam": "Jumbo Zwolle", "straatNaam": "Petuniaplein", "straatNr": "23", "postcode": "8042 AV", "plaats": "Zwolle", "merk": "StichtingOPEN", "puntType": "balie", "materialen": ["batterijen", "lampen"], "uitbetaling": [], "vrijToegankelijk": false, "gemeenteBeperking": null, "openingstijden": null, "latitude": 52.522454, "longitude": 6.048631, "bronId": "SP00025330"}}, {"type": "Feature", "geometry": {"type": "Point", "coordinates": [6.067191, 52.51043]}, "properties": {"type": "inleverpunt", "locatieNaam": "Leen Bakker Zwolle", "straatNaam": "Grote Voort", "straatNr": "50", "postcode": "8041 BE", "plaats": "Zwolle", "merk": "StichtingOPEN", "puntType": "balie", "materialen": ["batterijen", "lampen"], "uitbetaling": [], "vrijToegankelijk": false, "gemeenteBeperking": null, "openingstijden": null, "latitude": 52.51043, "longitude": 6.067191, "bronId": "SP00025797"}}, {"type": "Feature", "geometry": {"type": "Point", "coordinates": [6.09322, 52.492928]}, "properties": {"type": "inleverpunt", "locatieNaam": "Wijkboerderij de Schellerhoeve", "straatNaam": "Schellerpark", "straatNr": "101", "postcode": "8017 NZ", "plaats": "Zwolle", "merk": "StichtingOPEN", "puntType": "balie", "materialen": ["elektro-middel"], "uitbetaling": [], "vrijToegankelijk": false, "gemeenteBeperking": null, "openingstijden": null, "latitude": 52.492928, "longitude": 6.09322, "bronId": "SP00021715"}}, {"type": "Feature", "geometry": {"type": "Point", "coordinates": [6.110745, 52.483161]}, "properties": {"type": "inleverpunt", "locatieNaam": "Kruidvat Zwolle", "straatNaam": "Van der Capellenstraat", "straatNr": "244", "postcode": "8014 VZ", "plaats": "Zwolle", "merk": "StichtingOPEN", "puntType": "balie", "materialen": ["batterijen", "lampen"], "uitbetaling": [], "vrijToegankelijk": false, "gemeenteBeperking": null, "openingstijden": null, "latitude": 52.483161, "longitude": 6.110745, "bronId": "SP00024770"}}, {"type": "Feature", "geometry": {"type": "Point", "coordinates": [6.111818, 52.483278]}, "properties": {"type": "inleverpunt", "locatieNaam": "1491 Albert Heijn Zwolle", "straatNaam": "Pijmanstraat", "straatNr": "18", "postcode": "8014 VB", "plaats": "Zwolle", "merk": "StichtingOPEN", "puntType": "balie", "materialen": ["batterijen", "elektro-klein", "lampen"], "uitbetaling": [], "vrijToegankelijk": false, "gemeenteBeperking": null, "openingstijden": null, "latitude": 52.483278, "longitude": 6.111818, "bronId": "SP00023105"}}, {"type": "Feature", "geometry": {"type": "Point", "coordinates": [6.09418, 52.496963]}, "properties": {"type": "inleverpunt", "locatieNaam": "4077 Albert Heijn Zwolle", "straatNaam": "Forelkolk", "straatNr": "108", "postcode": "8017 PK", "plaats": "Zwolle", "merk": "StichtingOPEN", "puntType": "balie", "materialen": ["batterijen", "lampen"], "uitbetaling": [], "vrijToegankelijk": false, "gemeenteBeperking": null, "openingstijden": null, "latitude": 52.496963, "longitude": 6.09418, "bronId": "SP00023108"}}, {"type": "Feature", "geometry": {"type": "Point", "coordinates": [6.112185, 52.483743]}, "properties": {"type": "inleverpunt", "locatieNaam": "Action Zwolle 1308", "straatNaam": "Pijmanstraat", "straatNr": "10", "postcode": "8014 VB", "plaats": "Zwolle", "merk": "StichtingOPEN", "puntType": "balie", "materialen": ["batterijen", "lampen"], "uitbetaling": [], "vrijToegankelijk": false, "gemeenteBeperking": null, "openingstijden": null, "latitude": 52.483743, "longitude": 6.112185, "bronId": "SP00007875"}}, {"type": "Feature", "geometry": {"type": "Point", "coordinates": [6.113976, 52.483626]}, "properties": {"type": "inleverpunt", "locatieNaam": "Lidl Zwolle", "straatNaam": "Van der Capellenstraat", "straatNr": "4547", "postcode": "8014 VV", "plaats": "Zwolle", "merk": "StichtingOPEN", "puntType": "balie", "materialen": ["batterijen", "lampen"], "uitbetaling": [], "vrijToegankelijk": false, "gemeenteBeperking": null, "openingstijden": null, "latitude": 52.483626, "longitude": 6.113976, "bronId": "SP00025688"}}, {"type": "Feature", "geometry": {"type": "Point", "coordinates": [6.090238, 52.503551]}, "properties": {"type": "inleverpunt", "locatieNaam": "Spar Zwolle", "straatNaam": "Lübeckplein", "straatNr": "19", "postcode": "8017 JZ", "plaats": "Zwolle", "merk": "StichtingOPEN", "puntType": "balie", "materialen": ["batterijen", "lampen"], "uitbetaling": [], "vrijToegankelijk": false, "gemeenteBeperking": null, "openingstijden": null, "latitude": 52.503551, "longitude": 6.090238, "bronId": "SP00031488"}}, {"type": "Feature", "geometry": {"type": "Point", "coordinates": [6.073989, 52.516571]}, "properties": {"type": "inleverpunt", "locatieNaam": "GAMMA Zwolle", "straatNaam": "Rieteweg", "straatNr": "16", "postcode": "8041 AK", "plaats": "Zwolle", "merk": "StichtingOPEN", "puntType": "balie", "materialen": ["batterijen", "elektro-klein", "lampen", "tl-buizen"], "uitbetaling": [], "vrijToegankelijk": false, "gemeenteBeperking": null, "openingstijden": null, "latitude": 52.516571, "longitude": 6.073989, "bronId": "SP00000655"}}, {"type": "Feature", "geometry": {"type": "Point", "coordinates": [6.074774, 52.516991]}, "properties": {"type": "inleverpunt", "locatieNaam": "Aldi Zwolle", "straatNaam": "Gasthuisdijk", "straatNr": "1", "postcode": "8041 AE", "plaats": "Zwolle", "merk": "StichtingOPEN", "puntType": "balie", "materialen": ["batterijen", "elektro-klein", "lampen"], "uitbetaling": [], "vrijToegankelijk": false, "gemeenteBeperking": null, "openingstijden": null, "latitude": 52.516991, "longitude": 6.074774, "bronId": "SP00027032"}}, {"type": "Feature", "geometry": {"type": "Point", "coordinates": [6.084636, 52.510066]}, "properties": {"type": "inleverpunt", "locatieNaam": "Jumbo Zwolle", "straatNaam": "Veemarkt", "straatNr": "20", "postcode": "8011 AH", "plaats": "Zwolle", "merk": "StichtingOPEN", "puntType": "balie", "materialen": ["batterijen", "lampen"], "uitbetaling": [], "vrijToegankelijk": false, "gemeenteBeperking": null, "openingstijden": null, "latitude": 52.510066, "longitude": 6.084636, "bronId": "SP00025325"}}, {"type": "Feature", "geometry": {"type": "Point", "coordinates": [6.116723, 52.487979]}, "properties": {"type": "inleverpunt", "locatieNaam": "Jumbo Zwolle", "straatNaam": "Sellekamp", "straatNr": "26", "postcode": "8014 DR", "plaats": "Zwolle", "merk": "StichtingOPEN", "puntType": "balie", "materialen": ["batterijen", "lampen"], "uitbetaling": [], "vrijToegankelijk": false, "gemeenteBeperking": null, "openingstijden": null, "latitude": 52.487979, "longitude": 6.116723, "bronId": "SP00025319"}}, {"type": "Feature", "geometry": {"type": "Point", "coordinates": [6.05627, 52.533096]}, "properties": {"type": "inleverpunt", "locatieNaam": "Kruidvat Zwolle", "straatNaam": "Uiterwaard", "straatNr": "7", "postcode": "8043 LR", "plaats": "Zwolle", "merk": "StichtingOPEN", "puntType": "balie", "materialen": ["batterijen", "lampen"], "uitbetaling": [], "vrijToegankelijk": false, "gemeenteBeperking": null, "openingstijden": null, "latitude": 52.533096, "longitude": 6.05627, "bronId": "SP00024784"}}, {"type": "Feature", "geometry": {"type": "Point", "coordinates": [6.077871, 52.518714]}, "properties": {"type": "inleverpunt", "locatieNaam": "Hornbach Zwolle", "straatNaam": "Katwolderweg", "straatNr": "6", "postcode": "8041 AD", "plaats": "Zwolle", "merk": "StichtingOPEN", "puntType": "balie", "materialen": ["batterijen", "elektro-klein", "elektro-middel", "lampen", "tl-buizen"], "uitbetaling": [], "vrijToegankelijk": false, "gemeenteBeperking": null, "openingstijden": null, "latitude": 52.518714, "longitude": 6.077871, "bronId": "SP00021042"}}, {"type": "Feature", "geometry": {"type": "Point", "coordinates": [6.055935, 52.533606]}, "properties": {"type": "inleverpunt", "locatieNaam": "Jumbo Zwolle", "straatNaam": "Uiterwaard", "straatNr": "102", "postcode": "8043 LS", "plaats": "Zwolle", "merk": "StichtingOPEN", "puntType": "balie", "materialen": ["batterijen"], "uitbetaling": [], "vrijToegankelijk": false, "gemeenteBeperking": null, "openingstijden": null, "latitude": 52.533606, "longitude": 6.055935, "bronId": "SP00025335"}}, {"type": "Feature", "geometry": {"type": "Point", "coordinates": [6.055936, 52.533607]}, "properties": {"type": "inleverpunt", "locatieNaam": "1295 Albert Heijn Zwolle", "straatNaam": "Uiterwaard", "straatNr": "10", "postcode": "8043 LS", "plaats": "Zwolle", "merk": "StichtingOPEN", "puntType": "balie", "materialen": ["batterijen"], "uitbetaling": [], "vrijToegankelijk": false, "gemeenteBeperking": null, "openingstijden": null, "latitude": 52.533607, "longitude": 6.055936, "bronId": "SP00023123"}}, {"type": "Feature", "geometry": {"type": "Point", "coordinates": [6.104388, 52.500576]}, "properties": {"type": "inleverpunt", "locatieNaam": "Boni Zwolle", "straatNaam": "Deventerstraatweg", "straatNr": "20", "postcode": "8012 AH", "plaats": "Zwolle", "merk": "StichtingOPEN", "puntType": "balie", "materialen": ["batterijen", "lampen"], "uitbetaling": [], "vrijToegankelijk": false, "gemeenteBeperking": null, "openingstijden": null, "latitude": 52.500576, "longitude": 6.104388, "bronId": "SP00023731"}}, {"type": "Feature", "geometry": {"type": "Point", "coordinates": [6.088675, 52.513365]}, "properties": {"type": "inleverpunt", "locatieNaam": "Media Markt Zwolle BV", "straatNaam": "Maagjesbolwerk", "straatNr": "44", "postcode": "8011 LL", "plaats": "Zwolle", "merk": "StichtingOPEN", "puntType": "balie", "materialen": ["elektro-middel", "lampen"], "uitbetaling": [], "vrijToegankelijk": false, "gemeenteBeperking": null, "openingstijden": null, "latitude": 52.513365, "longitude": 6.088675, "bronId": "SP00004998"}}, {"type": "Feature", "geometry": {"type": "Point", "coordinates": [6.117401, 52.493673]}, "properties": {"type": "inleverpunt", "locatieNaam": "KARWEI Zwolle", "straatNaam": "George Stephensonstraat", "straatNr": "6", "postcode": "8013 NK", "plaats": "Zwolle", "merk": "StichtingOPEN", "puntType": "balie", "materialen": ["elektro-klein", "lampen", "tl-buizen"], "uitbetaling": [], "vrijToegankelijk": false, "gemeenteBeperking": null, "openingstijden": null, "latitude": 52.493673, "longitude": 6.117401, "bronId": "SP00000763"}}, {"type": "Feature", "geometry": {"type": "Point", "coordinates": [6.093494, 52.511872]}, "properties": {"type": "inleverpunt", "locatieNaam": "Van Heerde Licht", "straatNaam": "Oude Vismarkt", "straatNr": "14", "postcode": "8011 TB", "plaats": "Zwolle", "merk": "StichtingOPEN", "puntType": "balie", "materialen": ["lampen", "tl-buizen"], "uitbetaling": [], "vrijToegankelijk": false, "gemeenteBeperking": null, "openingstijden": null, "latitude": 52.511872, "longitude": 6.093494, "bronId": "SP00033621"}}, {"type": "Feature", "geometry": {"type": "Point", "coordinates": [6.099919, 52.507466]}, "properties": {"type": "inleverpunt", "locatieNaam": "Action Zwolle 1077", "straatNaam": "Assendorperstraat", "straatNr": "64-76", "postcode": "8012 CA", "plaats": "Zwolle", "merk": "StichtingOPEN", "puntType": "balie", "materialen": ["lampen"], "uitbetaling": [], "vrijToegankelijk": false, "gemeenteBeperking": null, "openingstijden": null, "latitude": 52.507466, "longitude": 6.099919, "bronId": "SP00007674"}}, {"type": "Feature", "geometry": {"type": "Point", "coordinates": [6.100283, 52.507203]}, "properties": {"type": "inleverpunt", "locatieNaam": "Action Zwolle", "straatNaam": "Assendorperstraat", "straatNr": "76", "postcode": "8012 CA", "plaats": "Zwolle", "merk": "StichtingOPEN", "puntType": "balie", "materialen": ["batterijen", "lampen"], "uitbetaling": [], "vrijToegankelijk": false, "gemeenteBeperking": null, "openingstijden": null, "latitude": 52.507203, "longitude": 6.100283, "bronId": "SP00025502"}}, {"type": "Feature", "geometry": {"type": "Point", "coordinates": [6.102488, 52.506386]}, "properties": {"type": "inleverpunt", "locatieNaam": "Jumbo Zwolle", "straatNaam": "Assendorperstraat", "straatNr": "71", "postcode": "8012 DG", "plaats": "Zwolle", "merk": "StichtingOPEN", "puntType": "balie", "materialen": ["batterijen", "lampen"], "uitbetaling": [], "vrijToegankelijk": false, "gemeenteBeperking": null, "openingstijden": null, "latitude": 52.506386, "longitude": 6.102488, "bronId": "SP00025323"}}, {"type": "Feature", "geometry": {"type": "Point", "coordinates": [6.095186, 52.511754]}, "properties": {"type": "inleverpunt", "locatieNaam": "Spar Zwolle", "straatNaam": "Oude Vismarkt", "straatNr": "46", "postcode": "8011 TB", "plaats": "Zwolle", "merk": "StichtingOPEN", "puntType": "balie", "materialen": ["batterijen", "lampen"], "uitbetaling": [], "vrijToegankelijk": false, "gemeenteBeperking": null, "openingstijden": null, "latitude": 52.511754, "longitude": 6.095186, "bronId": "SP00025894"}}, {"type": "Feature", "geometry": {"type": "Point", "coordinates": [6.119233, 52.494247]}, "properties": {"type": "inleverpunt", "locatieNaam": "Praxis Zwolle - 2215", "straatNaam": "George Stephensonstraat", "straatNr": "2", "postcode": "8013 NK", "plaats": "Zwolle", "merk": "StichtingOPEN", "puntType": "balie", "materialen": ["elektro-middel", "lampen", "tl-buizen"], "uitbetaling": [], "vrijToegankelijk": false, "gemeenteBeperking": null, "openingstijden": null, "latitude": 52.494247, "longitude": 6.119233, "bronId": "SP00004493"}}, {"type": "Feature", "geometry": {"type": "Point", "coordinates": [6.09405, 52.51362]}, "properties": {"type": "inleverpunt", "locatieNaam": "Kruidvat Zwolle", "straatNaam": "Kleine A", "straatNr": "1-3", "postcode": "8011 VS", "plaats": "Zwolle", "merk": "StichtingOPEN", "puntType": "balie", "materialen": ["batterijen", "lampen"], "uitbetaling": [], "vrijToegankelijk": false, "gemeenteBeperking": null, "openingstijden": null, "latitude": 52.51362, "longitude": 6.09405, "bronId": "SP00029749"}}, {"type": "Feature", "geometry": {"type": "Point", "coordinates": [6.116643, 52.497156]}, "properties": {"type": "inleverpunt", "locatieNaam": "Tuinland Zwolle", "straatNaam": "Charles Storkstraat", "straatNr": "2", "postcode": "8013 NT", "plaats": "Zwolle", "merk": "StichtingOPEN", "puntType": "balie", "materialen": ["batterijen", "elektro-klein", "elektro-middel", "lampen"], "uitbetaling": [], "vrijToegankelijk": false, "gemeenteBeperking": null, "openingstijden": null, "latitude": 52.497156, "longitude": 6.116643, "bronId": "SP00006378"}}, {"type": "Feature", "geometry": {"type": "Point", "coordinates": [6.097144, 52.513403]}, "properties": {"type": "inleverpunt", "locatieNaam": "Used Products Zwolle", "straatNaam": "Korte Smeden", "straatNr": "15", "postcode": "8011 VC", "plaats": "Zwolle", "merk": "StichtingOPEN", "puntType": "balie", "materialen": ["elektro-klein", "elektro-middel"], "uitbetaling": [], "vrijToegankelijk": false, "gemeenteBeperking": null, "openingstijden": null, "latitude": 52.513403, "longitude": 6.097144, "bronId": "SP00034027"}}, {"type": "Feature", "geometry": {"type": "Point", "coordinates": [6.079653, 52.526379]}, "properties": {"type": "inleverpunt", "locatieNaam": "Kruidvat Zwolle", "straatNaam": "Bachlaan", "straatNr": "12", "postcode": "8031 HL", "plaats": "Zwolle", "merk": "StichtingOPEN", "puntType": "balie", "materialen": ["batterijen", "lampen"], "uitbetaling": [], "vrijToegankelijk": false, "gemeenteBeperking": null, "openingstijden": null, "latitude": 52.526379, "longitude": 6.079653, "bronId": "SP00024846"}}, {"type": "Feature", "geometry": {"type": "Point", "coordinates": [6.082411, 52.526536]}, "properties": {"type": "inleverpunt", "locatieNaam": "Jumbo Zwolle", "straatNaam": "Bachplein", "straatNr": "14", "postcode": "8031 HR", "plaats": "Zwolle", "merk": "StichtingOPEN", "puntType": "balie", "materialen": ["batterijen", "lampen"], "uitbetaling": [], "vrijToegankelijk": false, "gemeenteBeperking": null, "openingstijden": null, "latitude": 52.526536, "longitude": 6.082411, "bronId": "SP00025332"}}, {"type": "Feature", "geometry": {"type": "Point", "coordinates": [6.10022, 52.5158]}, "properties": {"type": "inleverpunt", "locatieNaam": "Kruidvat Zwolle", "straatNaam": "Klein Grachtje", "straatNr": "24-26", "postcode": "8021 JC", "plaats": "Zwolle", "merk": "StichtingOPEN", "puntType": "balie", "materialen": ["batterijen", "lampen"], "uitbetaling": [], "vrijToegankelijk": false, "gemeenteBeperking": null, "openingstijden": null, "latitude": 52.5158, "longitude": 6.10022, "bronId": "SP00029689"}}, {"type": "Feature", "geometry": {"type": "Point", "coordinates": [6.100219, 52.515958]}, "properties": {"type": "inleverpunt", "locatieNaam": "1355 Albert Heijn Zwolle", "straatNaam": "Klein Grachtje", "straatNr": "16", "postcode": "8021 JC", "plaats": "Zwolle", "merk": "StichtingOPEN", "puntType": "balie", "materialen": ["batterijen", "lampen"], "uitbetaling": [], "vrijToegankelijk": false, "gemeenteBeperking": null, "openingstijden": null, "latitude": 52.515958, "longitude": 6.100219, "bronId": "SP00023119"}}, {"type": "Feature", "geometry": {"type": "Point", "coordinates": [6.103556, 52.515557]}, "properties": {"type": "inleverpunt", "locatieNaam": "Kruidvat Zwolle", "straatNaam": "Thomas a Kempisstraat", "straatNr": "20", "postcode": "8021 BB", "plaats": "Zwolle", "merk": "StichtingOPEN", "puntType": "balie", "materialen": ["batterijen", "lampen"], "uitbetaling": [], "vrijToegankelijk": false, "gemeenteBeperking": null, "openingstijden": null, "latitude": 52.515557, "longitude": 6.103556, "bronId": "SP00024780"}}, {"type": "Feature", "geometry": {"type": "Point", "coordinates": [6.10477, 52.515526]}, "properties": {"type": "inleverpunt", "locatieNaam": "Action Zwolle 1041", "straatNaam": "Vechtstraat", "straatNr": "18-20", "postcode": "8021 AX", "plaats": "Zwolle", "merk": "StichtingOPEN", "puntType": "balie", "materialen": ["batterijen", "lampen"], "uitbetaling": [], "vrijToegankelijk": false, "gemeenteBeperking": null, "openingstijden": null, "latitude": 52.515526, "longitude": 6.10477, "bronId": "SP00007642"}}, {"type": "Feature", "geometry": {"type": "Point", "coordinates": [6.105223, 52.515693]}, "properties": {"type": "inleverpunt", "locatieNaam": "Elektrocentrum", "straatNaam": "Vechtstraat", "straatNr": "22", "postcode": "8021 AX", "plaats": "Zwolle", "merk": "StichtingOPEN", "puntType": "balie", "materialen": ["elektro-klein", "elektro-middel"], "uitbetaling": [], "vrijToegankelijk": false, "gemeenteBeperking": null, "openingstijden": null, "latitude": 52.515693, "longitude": 6.105223, "bronId": "SP00002603"}}, {"type": "Feature", "geometry": {"type": "Point", "coordinates": [6.106774, 52.515348]}, "properties": {"type": "inleverpunt", "locatieNaam": "Coop Zwolle", "straatNaam": "Vechtstraat", "straatNr": "60-66", "postcode": "8021 AZ", "plaats": "Zwolle", "merk": "StichtingOPEN", "puntType": "balie", "materialen": ["batterijen", "lampen"], "uitbetaling": [], "vrijToegankelijk": false, "gemeenteBeperking": null, "openingstijden": null, "latitude": 52.515348, "longitude": 6.106774, "bronId": "SP00024439"}}, {"type": "Feature", "geometry": {"type": "Point", "coordinates": [6.106406, 52.517264]}, "properties": {"type": "inleverpunt", "locatieNaam": "Aldi Zwolle", "straatNaam": "Biss. Willebrandlaan", "straatNr": "28", "postcode": "8021 GA", "plaats": "Zwolle", "merk": "StichtingOPEN", "puntType": "balie", "materialen": ["batterijen", "elektro-klein", "lampen"], "uitbetaling": [], "vrijToegankelijk": false, "gemeenteBeperking": null, "openingstijden": null, "latitude": 52.517264, "longitude": 6.106406, "bronId": "SP00027037"}}, {"type": "Feature", "geometry": {"type": "Point", "coordinates": [6.129329, 52.500122]}, "properties": {"type": "inleverpunt", "locatieNaam": "Mastermate Zwolle", "straatNaam": "Curieweg", "straatNr": "17", "postcode": "8013 RA", "plaats": "Zwolle", "merk": "StichtingOPEN", "puntType": "balie", "materialen": ["elektro-middel", "lampen", "tl-buizen"], "uitbetaling": [], "vrijToegankelijk": false, "gemeenteBeperking": null, "openingstijden": null, "latitude": 52.500122, "longitude": 6.129329, "bronId": "SP00021542"}}, {"type": "Feature", "geometry": {"type": "Point", "coordinates": [6.134904, 52.496194]}, "properties": {"type": "inleverpunt", "locatieNaam": "DCOV Ahold DC Zwolle", "straatNaam": "Galvaniweg", "straatNr": "1", "postcode": "8013 RG", "plaats": "Zwolle", "merk": "StichtingOPEN", "puntType": "balie", "materialen": ["batterijen", "lampen"], "uitbetaling": [], "vrijToegankelijk": false, "gemeenteBeperking": null, "openingstijden": null, "latitude": 52.496194, "longitude": 6.134904, "bronId": "SP00023365"}}, {"type": "Feature", "geometry": {"type": "Point", "coordinates": [6.115014, 52.514447]}, "properties": {"type": "inleverpunt", "locatieNaam": "Spar Zwolle", "straatNaam": "Roemer Visscherstraat", "straatNr": "19", "postcode": "8023 AL", "plaats": "Zwolle", "merk": "StichtingOPEN", "puntType": "balie", "materialen": ["batterijen", "lampen"], "uitbetaling": [], "vrijToegankelijk": false, "gemeenteBeperking": null, "openingstijden": null, "latitude": 52.514447, "longitude": 6.115014, "bronId": "SP00022451"}}, {"type": "Feature", "geometry": {"type": "Point", "coordinates": [6.106419, 52.521303]}, "properties": {"type": "inleverpunt", "locatieNaam": "Jumbo Zwolle", "straatNaam": "Hogenkampspassage", "straatNr": "10", "postcode": "8022 EL", "plaats": "Zwolle", "merk": "StichtingOPEN", "puntType": "balie", "materialen": ["batterijen", "lampen"], "uitbetaling": [], "vrijToegankelijk": false, "gemeenteBeperking": null, "openingstijden": null, "latitude": 52.521303, "longitude": 6.106419, "bronId": "SP00025329"}}, {"type": "Feature", "geometry": {"type": "Point", "coordinates": [6.101437, 52.529368]}, "properties": {"type": "inleverpunt", "locatieNaam": "Jumbo Zwolle", "straatNaam": "Dobbe", "straatNr": "3", "postcode": "8032 JV", "plaats": "Zwolle", "merk": "StichtingOPEN", "puntType": "balie", "materialen": ["batterijen", "lampen"], "uitbetaling": [], "vrijToegankelijk": false, "gemeenteBeperking": null, "openingstijden": null, "latitude": 52.529368, "longitude": 6.101437, "bronId": "SP00025333"}}, {"type": "Feature", "geometry": {"type": "Point", "coordinates": [6.102202, 52.529046]}, "properties": {"type": "inleverpunt", "locatieNaam": "Kruidvat Zwolle", "straatNaam": "Dobbe", "straatNr": "6", "postcode": "8032 JV", "plaats": "Zwolle", "merk": "StichtingOPEN", "puntType": "balie", "materialen": ["batterijen", "lampen"], "uitbetaling": [], "vrijToegankelijk": false, "gemeenteBeperking": null, "openingstijden": null, "latitude": 52.529046, "longitude": 6.102202, "bronId": "SP00024783"}}, {"type": "Feature", "geometry": {"type": "Point", "coordinates": [6.102744, 52.529026]}, "properties": {"type": "inleverpunt", "locatieNaam": "1220 Albert Heijn Zwolle", "straatNaam": "Dobbe", "straatNr": "61", "postcode": "8032 JX", "plaats": "Zwolle", "merk": "StichtingOPEN", "puntType": "balie", "materialen": ["batterijen", "elektro-klein", "lampen"], "uitbetaling": [], "vrijToegankelijk": false, "gemeenteBeperking": null, "openingstijden": null, "latitude": 52.529026, "longitude": 6.102744, "bronId": "SP00023122"}}, {"type": "Feature", "geometry": {"type": "Point", "coordinates": [6.097835, 52.536328]}, "properties": {"type": "inleverpunt", "locatieNaam": "Aldi Zwolle", "straatNaam": "Rijnlaan", "straatNr": "125-127", "postcode": "8032 MX", "plaats": "Zwolle", "merk": "StichtingOPEN", "puntType": "balie", "materialen": ["batterijen", "elektro-klein", "lampen"], "uitbetaling": [], "vrijToegankelijk": false, "gemeenteBeperking": null, "openingstijden": null, "latitude": 52.536328, "longitude": 6.097835, "bronId": "SP00027003"}}, {"type": "Feature", "geometry": {"type": "Point", "coordinates": [6.134676, 52.52369]}, "properties": {"type": "inleverpunt", "locatieNaam": "Coop Oldengarm Zwolle", "straatNaam": "Campherbeeklaan", "straatNr": "542", "postcode": "8024 BZ", "plaats": "Zwolle", "merk": "StichtingOPEN", "puntType": "balie", "materialen": ["batterijen", "lampen"], "uitbetaling": [], "vrijToegankelijk": false, "gemeenteBeperking": null, "openingstijden": null, "latitude": 52.52369, "longitude": 6.134676, "bronId": "SP00024370"}}, {"type": "Feature", "geometry": {"type": "Point", "coordinates": [6.162876, 52.534012]}, "properties": {"type": "inleverpunt", "locatieNaam": "Intratuin Zwolle", "straatNaam": "Diepholtstraat", "straatNr": "1", "postcode": "8028 PN", "plaats": "Zwolle", "merk": "StichtingOPEN", "puntType": "balie", "materialen": ["elektro-middel", "lampen"], "uitbetaling": [], "vrijToegankelijk": false, "gemeenteBeperking": null, "openingstijden": null, "latitude": 52.534012, "longitude": 6.162876, "bronId": "SP00005575"}}, {"type": "Feature", "geometry": {"type": "Point", "coordinates": [6.180174, 52.53062]}, "properties": {"type": "inleverpunt", "locatieNaam": "ROVA Milieubrengstation Zwolle", "straatNaam": "Rijnlandstraat", "straatNr": "2", "postcode": "8028 PX", "plaats": "Zwolle", "merk": "StichtingOPEN", "puntType": "milieustraat", "materialen": ["batterijen", "elektro-groot", "elektro-klein", "elektro-middel", "lampen", "tl-buizen"], "uitbetaling": [], "vrijToegankelijk": false, "gemeenteBeperking": ["Zwolle", "Dalfsen", "Zwartewaterland"], "openingstijden": null, "latitude": 52.53062, "longitude": 6.180174, "bronId": "SP00001044"}}, {"type": "Feature", "geometry": {"type": "Point", "coordinates": [6.106752, 52.491103]}, "properties": {"type": "inleverpunt", "locatieNaam": "Stichting Kringloop Zwolle", "straatNaam": "Nieuwe Deventerweg", "straatNr": "6", "postcode": "8014 AG", "plaats": "Zwolle", "merk": "StichtingOPEN", "puntType": "milieustraat", "materialen": ["batterijen", "elektro-groot", "elektro-klein", "elektro-middel", "lampen", "tl-buizen"], "uitbetaling": [], "vrijToegankelijk": false, "gemeenteBeperking": ["Zwolle"], "openingstijden": null, "latitude": 52.491103, "longitude": 6.106752, "bronId": "SP00004372"}}, {"type": "Feature", "geometry": {"type": "Point", "coordinates": [6.0511345, 52.5108268]}, "properties": {"type": "inleverpunt", "locatieNaam": "Van Walraven Zwolle", "straatNaam": "Lichterweg", "straatNr": "1D", "postcode": "8042 PW", "plaats": "Zwolle", "merk": "Stibat", "puntType": "inzamelbak", "materialen": ["batterijen"], "uitbetaling": [], "vrijToegankelijk": false, "gemeenteBeperking": null, "openingstijden": null, "latitude": 52.5108268, "longitude": 6.0511345, "bronId": "L046224"}}, {"type": "Feature", "geometry": {"type": "Point", "coordinates": [6.0805269, 52.4998414]}, "properties": {"type": "inleverpunt", "locatieNaam": "Spar University WHZ", "straatNaam": "Campus", "straatNr": "2", "postcode": "8017 CA", "plaats": "Zwolle", "merk": "Stibat", "puntType": "inzamelbak", "materialen": ["batterijen"], "uitbetaling": [], "vrijToegankelijk": false, "gemeenteBeperking": null, "openingstijden": null, "latitude": 52.4998414, "longitude": 6.0805269, "bronId": "L045618"}}, {"type": "Feature", "geometry": {"type": "Point", "coordinates": [6.0486773, 52.522314]}, "properties": {"type": "inleverpunt", "locatieNaam": "Jumbo", "straatNaam": "Petuniaplein", "straatNr": "23", "postcode": "8042 AV", "plaats": "Zwolle", "merk": "Stibat", "puntType": "inzamelbak", "materialen": ["batterijen"], "uitbetaling": [], "vrijToegankelijk": false, "gemeenteBeperking": null, "openingstijden": null, "latitude": 52.522314, "longitude": 6.0486773, "bronId": "L034959"}}, {"type": "Feature", "geometry": {"type": "Point", "coordinates": [6.0674317, 52.509819]}, "properties": {"type": "inleverpunt", "locatieNaam": "Trendhopper", "straatNaam": "Grote Voort", "straatNr": "50", "postcode": "8041 BE", "plaats": "Zwolle", "merk": "Stibat", "puntType": "inzamelbak", "materialen": ["batterijen"], "uitbetaling": [], "vrijToegankelijk": false, "gemeenteBeperking": null, "openingstijden": null, "latitude": 52.509819, "longitude": 6.0674317, "bronId": "L047388"}}, {"type": "Feature", "geometry": {"type": "Point", "coordinates": [6.067265, 52.5103813]}, "properties": {"type": "inleverpunt", "locatieNaam": "Prenatal ZWOLLE", "straatNaam": "Grote Voort", "straatNr": "76-78", "postcode": "8041 BG", "plaats": "Zwolle", "merk": "Stibat", "puntType": "inzamelbak", "materialen": ["batterijen"], "uitbetaling": [], "vrijToegankelijk": false, "gemeenteBeperking": null, "openingstijden": null, "latitude": 52.5103813, "longitude": 6.067265, "bronId": "L039629"}}, {"type": "Feature", "geometry": {"type": "Point", "coordinates": [6.0675926, 52.5102066]}, "properties": {"type": "inleverpunt", "locatieNaam": "Kwantum", "straatNaam": "Grote Voort", "straatNr": "54", "postcode": "8041 BE", "plaats": "Zwolle", "merk": "Stibat", "puntType": "inzamelbak", "materialen": ["batterijen"], "uitbetaling": [], "vrijToegankelijk": false, "gemeenteBeperking": null, "openingstijden": null, "latitude": 52.5102066, "longitude": 6.0675926, "bronId": "L018341"}}, {"type": "Feature", "geometry": {"type": "Point", "coordinates": [6.0501243, 52.5253863]}, "properties": {"type": "inleverpunt", "locatieNaam": "Firma J.H. Schutte", "straatNaam": "Voorsterweg", "straatNr": "57", "postcode": "8042 AB", "plaats": "Zwolle", "merk": "Stibat", "puntType": "inzamelbak", "materialen": ["batterijen"], "uitbetaling": [], "vrijToegankelijk": false, "gemeenteBeperking": null, "openingstijden": null, "latitude": 52.5253863, "longitude": 6.0501243, "bronId": "L034074"}}, {"type": "Feature", "geometry": {"type": "Point", "coordinates": [6.1098269, 52.4828042]}, "properties": {"type": "inleverpunt", "locatieNaam": "Scholten fietsgoed.nl", "straatNaam": "Van der Capellenstraat", "straatNr": "147", "postcode": "8014 VW", "plaats": "Zwolle", "merk": "Stibat", "puntType": "inzamelbak", "materialen": ["batterijen"], "uitbetaling": [], "vrijToegankelijk": false, "gemeenteBeperking": null, "openingstijden": null, "latitude": 52.4828042, "longitude": 6.1098269, "bronId": "L034066"}}, {"type": "Feature", "geometry": {"type": "Point", "coordinates": [6.1096917, 52.4831363]}, "properties": {"type": "inleverpunt", "locatieNaam": "Beter Horen", "straatNaam": "Van der Capellenstraat", "straatNr": "340", "postcode": "8014 VZ", "plaats": "Zwolle", "merk": "Stibat", "puntType": "inzamelbak", "materialen": ["batterijen"], "uitbetaling": [], "vrijToegankelijk": false, "gemeenteBeperking": null, "openingstijden": null, "latitude": 52.4831363, "longitude": 6.1096917, "bronId": "L018968"}}, {"type": "Feature", "geometry": {"type": "Point", "coordinates": [6.110205, 52.4829004]}, "properties": {"type": "inleverpunt", "locatieNaam": "Expert", "straatNaam": "Van de Capellenstraat", "straatNr": "145", "postcode": "8014 VW", "plaats": "Zwolle", "merk": "Stibat", "puntType": "inzamelbak", "materialen": ["batterijen"], "uitbetaling": [], "vrijToegankelijk": false, "gemeenteBeperking": null, "openingstijden": null, "latitude": 52.4829004, "longitude": 6.110205, "bronId": "L010430"}}, {"type": "Feature", "geometry": {"type": "Point", "coordinates": [6.1106533, 52.4828185]}, "properties": {"type": "inleverpunt", "locatieNaam": "Aldi", "straatNaam": "Van der Capellenstraat", "straatNr": "139-145", "postcode": "8014 VW", "plaats": "Zwolle", "merk": "Stibat", "puntType": "inzamelbak", "materialen": ["batterijen"], "uitbetaling": [], "vrijToegankelijk": false, "gemeenteBeperking": null, "openingstijden": null, "latitude": 52.4828185, "longitude": 6.1106533, "bronId": "L047948"}}, {"type": "Feature", "geometry": {"type": "Point", "coordinates": [6.1109804, 52.4827921]}, "properties": {"type": "inleverpunt", "locatieNaam": "Specsavers", "straatNaam": "Van der Capellenstraat", "straatNr": "105B", "postcode": "8014 VW", "plaats": "Zwolle", "merk": "Stibat", "puntType": "inzamelbak", "materialen": ["batterijen"], "uitbetaling": [], "vrijToegankelijk": false, "gemeenteBeperking": null, "openingstijden": null, "latitude": 52.4827921, "longitude": 6.1109804, "bronId": "L045087"}}, {"type": "Feature", "geometry": {"type": "Point", "coordinates": [6.0318167, 52.5388308]}, "properties": {"type": "inleverpunt", "locatieNaam": "De Haan", "straatNaam": "Stadshagenallee", "straatNr": "1", "postcode": "8042 PS", "plaats": "Zwolle", "merk": "Stibat", "puntType": "inzamelbak", "materialen": ["batterijen"], "uitbetaling": [], "vrijToegankelijk": false, "gemeenteBeperking": null, "openingstijden": null, "latitude": 52.5388308, "longitude": 6.0318167, "bronId": "L044822"}}, {"type": "Feature", "geometry": {"type": "Point", "coordinates": [6.1107746, 52.4831609]}, "properties": {"type": "inleverpunt", "locatieNaam": "Wibra", "straatNaam": "Van der Capellenstraat", "straatNr": "250", "postcode": "8014 VZ", "plaats": "Zwolle", "merk": "Stibat", "puntType": "inzamelbak", "materialen": ["batterijen"], "uitbetaling": [], "vrijToegankelijk": false, "gemeenteBeperking": null, "openingstijden": null, "latitude": 52.4831609, "longitude": 6.1107746, "bronId": "L040806"}}, {"type": "Feature", "geometry": {"type": "Point", "coordinates": [6.1107458, 52.483197]}, "properties": {"type": "inleverpunt", "locatieNaam": "Primera", "straatNaam": "Van der Capellenstraat", "straatNr": "240", "postcode": "8014 VZ", "plaats": "Zwolle", "merk": "Stibat", "puntType": "inzamelbak", "materialen": ["batterijen"], "uitbetaling": [], "vrijToegankelijk": false, "gemeenteBeperking": null, "openingstijden": null, "latitude": 52.483197, "longitude": 6.1107458, "bronId": "L024540"}}, {"type": "Feature", "geometry": {"type": "Point", "coordinates": [6.1109278, 52.4830657]}, "properties": {"type": "inleverpunt", "locatieNaam": "Kruidvat", "straatNaam": "Van der Capellenstraat", "straatNr": "244", "postcode": "8014 VZ", "plaats": "Zwolle", "merk": "Stibat", "puntType": "inzamelbak", "materialen": ["batterijen"], "uitbetaling": [], "vrijToegankelijk": false, "gemeenteBeperking": null, "openingstijden": null, "latitude": 52.4830657, "longitude": 6.1109278, "bronId": "L031656"}}, {"type": "Feature", "geometry": {"type": "Point", "coordinates": [6.1116477, 52.4830146]}, "properties": {"type": "inleverpunt", "locatieNaam": "Zeeman TextielSupers", "straatNaam": "van der Capellenstraat", "straatNr": "99", "postcode": "8014 VW", "plaats": "Zwolle", "merk": "Stibat", "puntType": "inzamelbak", "materialen": ["batterijen"], "uitbetaling": [], "vrijToegankelijk": false, "gemeenteBeperking": null, "openingstijden": null, "latitude": 52.4830146, "longitude": 6.1116477, "bronId": "L020092"}}, {"type": "Feature", "geometry": {"type": "Point", "coordinates": [6.1118673, 52.4831823]}, "properties": {"type": "inleverpunt", "locatieNaam": "7397 Etos", "straatNaam": "Van der Capellenstraat", "straatNr": "97", "postcode": "8014 VW", "plaats": "Zwolle", "merk": "Stibat", "puntType": "inzamelbak", "materialen": ["batterijen"], "uitbetaling": [], "vrijToegankelijk": false, "gemeenteBeperking": null, "openingstijden": null, "latitude": 52.4831823, "longitude": 6.1118673, "bronId": "L024258"}}, {"type": "Feature", "geometry": {"type": "Point", "coordinates": [6.111818, 52.4832784]}, "properties": {"type": "inleverpunt", "locatieNaam": "1491 Albert Heijn", "straatNaam": "Pijmanstraat", "straatNr": "18", "postcode": "8014 VB", "plaats": "Zwolle", "merk": "Stibat", "puntType": "inzamelbak", "materialen": ["batterijen"], "uitbetaling": [], "vrijToegankelijk": false, "gemeenteBeperking": null, "openingstijden": null, "latitude": 52.4832784, "longitude": 6.111818, "bronId": "L008095"}}, {"type": "Feature", "geometry": {"type": "Point", "coordinates": [6.0940268, 52.4972827]}, "properties": {"type": "inleverpunt", "locatieNaam": "4077 Albert Heijn", "straatNaam": "Forelkolk", "straatNr": "108", "postcode": "8017 PK", "plaats": "Zwolle", "merk": "Stibat", "puntType": "inzamelbak", "materialen": ["batterijen"], "uitbetaling": [], "vrijToegankelijk": false, "gemeenteBeperking": null, "openingstijden": null, "latitude": 52.4972827, "longitude": 6.0940268, "bronId": "L036530"}}, {"type": "Feature", "geometry": {"type": "Point", "coordinates": [6.1119314, 52.4837552]}, "properties": {"type": "inleverpunt", "locatieNaam": "Xenos", "straatNaam": "Pijmanstraat", "straatNr": "12 (unit 1.17)", "postcode": "8014 VB", "plaats": "Zwolle", "merk": "Stibat", "puntType": "inzamelbak", "materialen": ["batterijen"], "uitbetaling": [], "vrijToegankelijk": false, "gemeenteBeperking": null, "openingstijden": null, "latitude": 52.4837552, "longitude": 6.1119314, "bronId": "L037040"}}, {"type": "Feature", "geometry": {"type": "Point", "coordinates": [6.1121856, 52.4837436]}, "properties": {"type": "inleverpunt", "locatieNaam": "1308 Action", "straatNaam": "Pijmanstraat", "straatNr": "10", "postcode": "8014 VB", "plaats": "Zwolle", "merk": "Stibat", "puntType": "inzamelbak", "materialen": ["batterijen"], "uitbetaling": [], "vrijToegankelijk": false, "gemeenteBeperking": null, "openingstijden": null, "latitude": 52.4837436, "longitude": 6.1121856, "bronId": "L034380"}}, {"type": "Feature", "geometry": {"type": "Point", "coordinates": [6.1124839, 52.4838893]}, "properties": {"type": "inleverpunt", "locatieNaam": "Bruna", "straatNaam": "Pijmanstraat", "straatNr": "6", "postcode": "8014 VB", "plaats": "Zwolle", "merk": "Stibat", "puntType": "inzamelbak", "materialen": ["batterijen"], "uitbetaling": [], "vrijToegankelijk": false, "gemeenteBeperking": null, "openingstijden": null, "latitude": 52.4838893, "longitude": 6.1124839, "bronId": "L024192"}}, {"type": "Feature", "geometry": {"type": "Point", "coordinates": [6.1127252, 52.483931]}, "properties": {"type": "inleverpunt", "locatieNaam": "HEMA Zwolle-zuid", "straatNaam": "Pijmanstraat", "straatNr": "4", "postcode": "8014 VB", "plaats": "Zwolle", "merk": "Stibat", "puntType": "inzamelbak", "materialen": ["batterijen"], "uitbetaling": [], "vrijToegankelijk": false, "gemeenteBeperking": null, "openingstijden": null, "latitude": 52.483931, "longitude": 6.1127252, "bronId": "L046813"}}, {"type": "Feature", "geometry": {"type": "Point", "coordinates": [6.1139768, 52.4836267]}, "properties": {"type": "inleverpunt", "locatieNaam": "Lidl", "straatNaam": "Van der Capellenstraat", "straatNr": "45", "postcode": "8014 VV", "plaats": "Zwolle", "merk": "Stibat", "puntType": "inzamelbak", "materialen": ["batterijen"], "uitbetaling": [], "vrijToegankelijk": false, "gemeenteBeperking": null, "openingstijden": null, "latitude": 52.4836267, "longitude": 6.1139768, "bronId": "L031951"}}, {"type": "Feature", "geometry": {"type": "Point", "coordinates": [6.081651, 52.508299]}, "properties": {"type": "inleverpunt", "locatieNaam": "Vakfietsen", "straatNaam": "Nieuwe Veerallee", "straatNr": "10", "postcode": "8019 AG", "plaats": "Zwolle", "merk": "Stibat", "puntType": "inzamelbak", "materialen": ["batterijen"], "uitbetaling": [], "vrijToegankelijk": false, "gemeenteBeperking": null, "openingstijden": null, "latitude": 52.508299, "longitude": 6.081651, "bronId": "L049622"}}, {"type": "Feature", "geometry": {"type": "Point", "coordinates": [6.081588, 52.5083739]}, "properties": {"type": "inleverpunt", "locatieNaam": "Stichting Kringloop Zwoll", "straatNaam": "Nieuwe Veerallee", "straatNr": "12", "postcode": "8019 AG", "plaats": "Zwolle", "merk": "Stibat", "puntType": "inzamelbak", "materialen": ["batterijen"], "uitbetaling": [], "vrijToegankelijk": false, "gemeenteBeperking": null, "openingstijden": null, "latitude": 52.5083739, "longitude": 6.081588, "bronId": "L031837"}}, {"type": "Feature", "geometry": {"type": "Point", "coordinates": [6.0784171, 52.5112831]}, "properties": {"type": "inleverpunt", "locatieNaam": "De Haan", "straatNaam": "Rieteweg", "straatNr": "6", "postcode": "8011 AB", "plaats": "Zwolle", "merk": "Stibat", "puntType": "inzamelbak", "materialen": ["batterijen"], "uitbetaling": [], "vrijToegankelijk": false, "gemeenteBeperking": null, "openingstijden": null, "latitude": 52.5112831, "longitude": 6.0784171, "bronId": "L044820"}}, {"type": "Feature", "geometry": {"type": "Point", "coordinates": [6.0893277, 52.5036059]}, "properties": {"type": "inleverpunt", "locatieNaam": "Primera", "straatNaam": "Lubeckplein", "straatNr": "30", "postcode": "8017 JZ", "plaats": "Zwolle", "merk": "Stibat", "puntType": "inzamelbak", "materialen": ["batterijen"], "uitbetaling": [], "vrijToegankelijk": false, "gemeenteBeperking": null, "openingstijden": null, "latitude": 52.5036059, "longitude": 6.0893277, "bronId": "L024698"}}, {"type": "Feature", "geometry": {"type": "Point", "coordinates": [6.1096253, 52.4888729]}, "properties": {"type": "inleverpunt", "locatieNaam": "BART DE FIETSENMAKER", "straatNaam": "Nieuwe Deventerweg", "straatNr": "58", "postcode": "8014 AJ", "plaats": "Zwolle", "merk": "Stibat", "puntType": "inzamelbak", "materialen": ["batterijen"], "uitbetaling": [], "vrijToegankelijk": false, "gemeenteBeperking": null, "openingstijden": null, "latitude": 52.4888729, "longitude": 6.1096253, "bronId": "L034065"}}, {"type": "Feature", "geometry": {"type": "Point", "coordinates": [6.1067651, 52.4911321]}, "properties": {"type": "inleverpunt", "locatieNaam": "Stichting Kringloop Zwolle", "straatNaam": "Nieuwe Deventerweg", "straatNr": "6", "postcode": "8014 AG", "plaats": "Zwolle", "merk": "Stibat", "puntType": "inzamelbak", "materialen": ["batterijen"], "uitbetaling": [], "vrijToegankelijk": false, "gemeenteBeperking": null, "openingstijden": null, "latitude": 52.4911321, "longitude": 6.1067651, "bronId": "L031071"}}, {"type": "Feature", "geometry": {"type": "Point", "coordinates": [6.0732934, 52.5164838]}, "properties": {"type": "inleverpunt", "locatieNaam": "Gamma", "straatNaam": "Rieteweg", "straatNr": "16", "postcode": "8041 AK", "plaats": "Zwolle", "merk": "Stibat", "puntType": "inzamelbak", "materialen": ["batterijen"], "uitbetaling": [], "vrijToegankelijk": false, "gemeenteBeperking": null, "openingstijden": null, "latitude": 52.5164838, "longitude": 6.0732934, "bronId": "L007367"}}, {"type": "Feature", "geometry": {"type": "Point", "coordinates": [6.0905894, 52.5040939]}, "properties": {"type": "inleverpunt", "locatieNaam": "AKO", "straatNaam": "Stationspassage", "straatNr": "4-6", "postcode": "8017 JR", "plaats": "Zwolle", "merk": "Stibat", "puntType": "inzamelbak", "materialen": ["batterijen"], "uitbetaling": [], "vrijToegankelijk": false, "gemeenteBeperking": null, "openingstijden": null, "latitude": 52.5040939, "longitude": 6.0905894, "bronId": "L045368"}}, {"type": "Feature", "geometry": {"type": "Point", "coordinates": [6.08436, 52.5101359]}, "properties": {"type": "inleverpunt", "locatieNaam": "Jumbo", "straatNaam": "Veemarkt", "straatNr": "20", "postcode": "8011 AH", "plaats": "Zwolle", "merk": "Stibat", "puntType": "inzamelbak", "materialen": ["batterijen"], "uitbetaling": [], "vrijToegankelijk": false, "gemeenteBeperking": null, "openingstijden": null, "latitude": 52.5101359, "longitude": 6.08436, "bronId": "L017220"}}, {"type": "Feature", "geometry": {"type": "Point", "coordinates": [6.0747749, 52.5169912]}, "properties": {"type": "inleverpunt", "locatieNaam": "Aldi", "straatNaam": "Gasthuisdijk", "straatNr": "1", "postcode": "8041 AE", "plaats": "Zwolle", "merk": "Stibat", "puntType": "inzamelbak", "materialen": ["batterijen"], "uitbetaling": [], "vrijToegankelijk": false, "gemeenteBeperking": null, "openingstijden": null, "latitude": 52.5169912, "longitude": 6.0747749, "bronId": "L041530"}}, {"type": "Feature", "geometry": {"type": "Point", "coordinates": [6.0918171, 52.5053264]}, "properties": {"type": "inleverpunt", "locatieNaam": "7587 Etos", "straatNaam": "Stationsplein", "straatNr": "24", "postcode": "8011 CW", "plaats": "Zwolle", "merk": "Stibat", "puntType": "inzamelbak", "materialen": ["batterijen"], "uitbetaling": [], "vrijToegankelijk": false, "gemeenteBeperking": null, "openingstijden": null, "latitude": 52.5053264, "longitude": 6.0918171, "bronId": "L022424"}}, {"type": "Feature", "geometry": {"type": "Point", "coordinates": [6.0921201, 52.5052324]}, "properties": {"type": "inleverpunt", "locatieNaam": "AKO", "straatNaam": "Stationspassage", "straatNr": "3", "postcode": "5038 CA", "plaats": "Tilburg", "merk": "Stibat", "puntType": "inzamelbak", "materialen": ["batterijen"], "uitbetaling": [], "vrijToegankelijk": false, "gemeenteBeperking": null, "openingstijden": null, "latitude": 52.5052324, "longitude": 6.0921201, "bronId": "L045314"}}, {"type": "Feature", "geometry": {"type": "Point", "coordinates": [6.0943417, 52.5047346]}, "properties": {"type": "inleverpunt", "locatieNaam": "Audiologisch Centrum Zwolle / Pento", "straatNaam": "Oosterlaan", "straatNr": "20", "postcode": "8011 GC", "plaats": "Zwolle", "merk": "Stibat", "puntType": "inzamelbak", "materialen": ["batterijen"], "uitbetaling": [], "vrijToegankelijk": false, "gemeenteBeperking": null, "openingstijden": null, "latitude": 52.5047346, "longitude": 6.0943417, "bronId": "L030300"}}, {"type": "Feature", "geometry": {"type": "Point", "coordinates": [6.117058, 52.4878054]}, "properties": {"type": "inleverpunt", "locatieNaam": "Jumbo", "straatNaam": "Sellekamp", "straatNr": "26", "postcode": "8014 DR", "plaats": "Zwolle", "merk": "Stibat", "puntType": "inzamelbak", "materialen": ["batterijen"], "uitbetaling": [], "vrijToegankelijk": false, "gemeenteBeperking": null, "openingstijden": null, "latitude": 52.4878054, "longitude": 6.117058, "bronId": "L035132"}}, {"type": "Feature", "geometry": {"type": "Point", "coordinates": [6.0551232, 52.5334304]}, "properties": {"type": "inleverpunt", "locatieNaam": "HEMA Wade", "straatNaam": "Wade", "straatNr": "27", "postcode": "8043 LR", "plaats": "Zwolle", "merk": "Stibat", "puntType": "inzamelbak", "materialen": ["batterijen"], "uitbetaling": [], "vrijToegankelijk": false, "gemeenteBeperking": null, "openingstijden": null, "latitude": 52.5334304, "longitude": 6.0551232, "bronId": "L015966"}}, {"type": "Feature", "geometry": {"type": "Point", "coordinates": [6.0553544, 52.5333699]}, "properties": {"type": "inleverpunt", "locatieNaam": "DA", "straatNaam": "Wade", "straatNr": "23-25", "postcode": "8043 LR", "plaats": "Zwolle", "merk": "Stibat", "puntType": "inzamelbak", "materialen": ["batterijen"], "uitbetaling": [], "vrijToegankelijk": false, "gemeenteBeperking": null, "openingstijden": null, "latitude": 52.5333699, "longitude": 6.0553544, "bronId": "L022548"}}, {"type": "Feature", "geometry": {"type": "Point", "coordinates": [6.0556115, 52.5332833]}, "properties": {"type": "inleverpunt", "locatieNaam": "Zeeman", "straatNaam": "Wade", "straatNr": "17-19", "postcode": "8043 LR", "plaats": "Zwolle", "merk": "Stibat", "puntType": "inzamelbak", "materialen": ["batterijen"], "uitbetaling": [], "vrijToegankelijk": false, "gemeenteBeperking": null, "openingstijden": null, "latitude": 52.5332833, "longitude": 6.0556115, "bronId": "L020269"}}, {"type": "Feature", "geometry": {"type": "Point", "coordinates": [6.0552854, 52.5335929]}, "properties": {"type": "inleverpunt", "locatieNaam": "Jumbo", "straatNaam": "Wade", "straatNr": "102", "postcode": "8043 LS", "plaats": "Zwolle", "merk": "Stibat", "puntType": "inzamelbak", "materialen": ["batterijen"], "uitbetaling": [], "vrijToegankelijk": false, "gemeenteBeperking": null, "openingstijden": null, "latitude": 52.5335929, "longitude": 6.0552854, "bronId": "L031516"}}, {"type": "Feature", "geometry": {"type": "Point", "coordinates": [6.0562856, 52.5331587]}, "properties": {"type": "inleverpunt", "locatieNaam": "Kruidvat", "straatNaam": "Wade", "straatNr": "7", "postcode": "8043 LR", "plaats": "Zwolle", "merk": "Stibat", "puntType": "inzamelbak", "materialen": ["batterijen"], "uitbetaling": [], "vrijToegankelijk": false, "gemeenteBeperking": null, "openingstijden": null, "latitude": 52.5331587, "longitude": 6.0562856, "bronId": "L015661"}}, {"type": "Feature", "geometry": {"type": "Point", "coordinates": [6.0778717, 52.5187142]}, "properties": {"type": "inleverpunt", "locatieNaam": "Hornbach", "straatNaam": "Katwolderweg", "straatNr": "6", "postcode": "8041 AD", "plaats": "Zwolle", "merk": "Stibat", "puntType": "inzamelbak", "materialen": ["batterijen"], "uitbetaling": [], "vrijToegankelijk": false, "gemeenteBeperking": null, "openingstijden": null, "latitude": 52.5187142, "longitude": 6.0778717, "bronId": "L039929"}}, {"type": "Feature", "geometry": {"type": "Point", "coordinates": [6.0562862, 52.5333282]}, "properties": {"type": "inleverpunt", "locatieNaam": "1295 Albert Heijn", "straatNaam": "Wade", "straatNr": "10", "postcode": "8043 LS", "plaats": "Zwolle", "merk": "Stibat", "puntType": "inzamelbak", "materialen": ["batterijen"], "uitbetaling": [], "vrijToegankelijk": false, "gemeenteBeperking": null, "openingstijden": null, "latitude": 52.5333282, "longitude": 6.0562862, "bronId": "L006037"}}, {"type": "Feature", "geometry": {"type": "Point", "coordinates": [6.0565814, 52.5332861]}, "properties": {"type": "inleverpunt", "locatieNaam": "Primera", "straatNaam": "Wade", "straatNr": "4", "postcode": "8043 LS", "plaats": "Zwolle", "merk": "Stibat", "puntType": "inzamelbak", "materialen": ["batterijen"], "uitbetaling": [], "vrijToegankelijk": false, "gemeenteBeperking": null, "openingstijden": null, "latitude": 52.5332861, "longitude": 6.0565814, "bronId": "L023934"}}, {"type": "Feature", "geometry": {"type": "Point", "coordinates": [6.0863833, 52.5139046]}, "properties": {"type": "inleverpunt", "locatieNaam": "2279 Albert Heijn", "straatNaam": "Katwolderplein", "straatNr": "1", "postcode": "8011 BT", "plaats": "Zwolle", "merk": "Stibat", "puntType": "inzamelbak", "materialen": ["batterijen"], "uitbetaling": [], "vrijToegankelijk": false, "gemeenteBeperking": null, "openingstijden": null, "latitude": 52.5139046, "longitude": 6.0863833, "bronId": "L044004"}}, {"type": "Feature", "geometry": {"type": "Point", "coordinates": [6.0904644, 52.5110709]}, "properties": {"type": "inleverpunt", "locatieNaam": "Primera", "straatNaam": "Luttekestraat", "straatNr": "52", "postcode": "8011 LS", "plaats": "Zwolle", "merk": "Stibat", "puntType": "inzamelbak", "materialen": ["batterijen"], "uitbetaling": [], "vrijToegankelijk": false, "gemeenteBeperking": null, "openingstijden": null, "latitude": 52.5110709, "longitude": 6.0904644, "bronId": "L030076"}}, {"type": "Feature", "geometry": {"type": "Point", "coordinates": [6.0572454, 52.5344531]}, "properties": {"type": "inleverpunt", "locatieNaam": "Fietsgoed.nl-Scholten", "straatNaam": "Werkerlaan", "straatNr": "95", "postcode": "8043 LT", "plaats": "Zwolle", "merk": "Stibat", "puntType": "inzamelbak", "materialen": ["batterijen"], "uitbetaling": [], "vrijToegankelijk": false, "gemeenteBeperking": null, "openingstijden": null, "latitude": 52.5344531, "longitude": 6.0572454, "bronId": "L034075"}}, {"type": "Feature", "geometry": {"type": "Point", "coordinates": [6.0883881, 52.5131432]}, "properties": {"type": "inleverpunt", "locatieNaam": "MediaMarkt", "straatNaam": "Maagjesbolwerk", "straatNr": "44", "postcode": "8011 LL", "plaats": "Zwolle", "merk": "Stibat", "puntType": "inzamelbak", "materialen": ["batterijen"], "uitbetaling": [], "vrijToegankelijk": false, "gemeenteBeperking": null, "openingstijden": null, "latitude": 52.5131432, "longitude": 6.0883881, "bronId": "L015020"}}, {"type": "Feature", "geometry": {"type": "Point", "coordinates": [6.1059803, 52.5002206]}, "properties": {"type": "inleverpunt", "locatieNaam": "4190 Albert Heijn", "straatNaam": "Deventerstraatweg", "straatNr": "24", "postcode": "8012 AH", "plaats": "Zwolle", "merk": "Stibat", "puntType": "inzamelbak", "materialen": ["batterijen"], "uitbetaling": [], "vrijToegankelijk": false, "gemeenteBeperking": null, "openingstijden": null, "latitude": 52.5002206, "longitude": 6.1059803, "bronId": "L048885"}}, {"type": "Feature", "geometry": {"type": "Point", "coordinates": [6.0911987, 52.5112126]}, "properties": {"type": "inleverpunt", "locatieNaam": "Fietsgoed.nl - Scholten Centrum", "straatNaam": "Luttekestraat", "straatNr": "13", "postcode": "8011 LN", "plaats": "Zwolle", "merk": "Stibat", "puntType": "inzamelbak", "materialen": ["batterijen"], "uitbetaling": [], "vrijToegankelijk": false, "gemeenteBeperking": null, "openingstijden": null, "latitude": 52.5112126, "longitude": 6.0911987, "bronId": "L034061"}}, {"type": "Feature", "geometry": {"type": "Point", "coordinates": [6.0961694, 52.508455]}, "properties": {"type": "inleverpunt", "locatieNaam": "Foto Voerman Zwolle BV", "straatNaam": "Van Karnebeekstraat", "straatNr": "7", "postcode": "8011 JA", "plaats": "Zwolle", "merk": "Stibat", "puntType": "inzamelbak", "materialen": ["batterijen"], "uitbetaling": [], "vrijToegankelijk": false, "gemeenteBeperking": null, "openingstijden": null, "latitude": 52.508455, "longitude": 6.0961694, "bronId": "L000535"}}, {"type": "Feature", "geometry": {"type": "Point", "coordinates": [6.0962218, 52.5086214]}, "properties": {"type": "inleverpunt", "locatieNaam": "Beter Horen", "straatNaam": "Van Karnebeekstraat", "straatNr": "1", "postcode": "8011 JA", "plaats": "Zwolle", "merk": "Stibat", "puntType": "inzamelbak", "materialen": ["batterijen"], "uitbetaling": [], "vrijToegankelijk": false, "gemeenteBeperking": null, "openingstijden": null, "latitude": 52.5086214, "longitude": 6.0962218, "bronId": "L018333"}}, {"type": "Feature", "geometry": {"type": "Point", "coordinates": [6.091071, 52.5131884]}, "properties": {"type": "inleverpunt", "locatieNaam": "Ten Koppel Electro", "straatNaam": "Melkmarkt", "straatNr": "34", "postcode": "8011 MD", "plaats": "Zwolle", "merk": "Stibat", "puntType": "inzamelbak", "materialen": ["batterijen"], "uitbetaling": [], "vrijToegankelijk": false, "gemeenteBeperking": null, "openingstijden": null, "latitude": 52.5131884, "longitude": 6.091071, "bronId": "L021912"}}, {"type": "Feature", "geometry": {"type": "Point", "coordinates": [6.0921464, 52.5124492]}, "properties": {"type": "inleverpunt", "locatieNaam": "Primark", "straatNaam": "Melkmarkt", "straatNr": "3", "postcode": "8011 MA", "plaats": "Zwolle", "merk": "Stibat", "puntType": "inzamelbak", "materialen": ["batterijen"], "uitbetaling": [], "vrijToegankelijk": false, "gemeenteBeperking": null, "openingstijden": null, "latitude": 52.5124492, "longitude": 6.0921464, "bronId": "L039273"}}, {"type": "Feature", "geometry": {"type": "Point", "coordinates": [6.1176842, 52.4935706]}, "properties": {"type": "inleverpunt", "locatieNaam": "Karwei", "straatNaam": "George Stephensonstraat", "straatNr": "6", "postcode": "8013 NK", "plaats": "Zwolle", "merk": "Stibat", "puntType": "inzamelbak", "materialen": ["batterijen"], "uitbetaling": [], "vrijToegankelijk": false, "gemeenteBeperking": null, "openingstijden": null, "latitude": 52.4935706, "longitude": 6.1176842, "bronId": "L007472"}}, {"type": "Feature", "geometry": {"type": "Point", "coordinates": [6.1042364, 52.5039082]}, "properties": {"type": "inleverpunt", "locatieNaam": "Cartridge Europe", "straatNaam": "Assendorperstraat", "straatNr": "166-168", "postcode": "8012 CD", "plaats": "Zwolle", "merk": "Stibat", "puntType": "inzamelbak", "materialen": ["batterijen"], "uitbetaling": [], "vrijToegankelijk": false, "gemeenteBeperking": null, "openingstijden": null, "latitude": 52.5039082, "longitude": 6.1042364, "bronId": "L036301"}}, {"type": "Feature", "geometry": {"type": "Point", "coordinates": [6.0938168, 52.5117719]}, "properties": {"type": "inleverpunt", "locatieNaam": "Foto Hans Keuzekamp", "straatNaam": "Oude Vismarkt", "straatNr": "22", "postcode": "8011 TB", "plaats": "Zwolle", "merk": "Stibat", "puntType": "inzamelbak", "materialen": ["batterijen"], "uitbetaling": [], "vrijToegankelijk": false, "gemeenteBeperking": null, "openingstijden": null, "latitude": 52.5117719, "longitude": 6.0938168, "bronId": "L009610"}}, {"type": "Feature", "geometry": {"type": "Point", "coordinates": [6.1017445, 52.5060072]}, "properties": {"type": "inleverpunt", "locatieNaam": "Trekpleister", "straatNaam": "Assendorperstraat", "straatNr": "110", "postcode": "8012 CC", "plaats": "Zwolle", "merk": "Stibat", "puntType": "inzamelbak", "materialen": ["batterijen"], "uitbetaling": [], "vrijToegankelijk": false, "gemeenteBeperking": null, "openingstijden": null, "latitude": 52.5060072, "longitude": 6.1017445, "bronId": "L030730"}}, {"type": "Feature", "geometry": {"type": "Point", "coordinates": [6.0999132, 52.5074659]}, "properties": {"type": "inleverpunt", "locatieNaam": "1077 Action", "straatNaam": "Assendorperstraat", "straatNr": "64 - 76", "postcode": "8012 CA", "plaats": "Zwolle", "merk": "Stibat", "puntType": "inzamelbak", "materialen": ["batterijen"], "uitbetaling": [], "vrijToegankelijk": false, "gemeenteBeperking": null, "openingstijden": null, "latitude": 52.5074659, "longitude": 6.0999132, "bronId": "L018399"}}, {"type": "Feature", "geometry": {"type": "Point", "coordinates": [6.1004553, 52.5070671]}, "properties": {"type": "inleverpunt", "locatieNaam": "Cartridge World", "straatNaam": "Assendorperstraat", "straatNr": "78", "postcode": "8012 CB", "plaats": "Zwolle", "merk": "Stibat", "puntType": "inzamelbak", "materialen": ["batterijen"], "uitbetaling": [], "vrijToegankelijk": false, "gemeenteBeperking": null, "openingstijden": null, "latitude": 52.5070671, "longitude": 6.1004553, "bronId": "L026509"}}, {"type": "Feature", "geometry": {"type": "Point", "coordinates": [6.0933221, 52.5123374]}, "properties": {"type": "inleverpunt", "locatieNaam": "7339 Etos", "straatNaam": "Diezerstraat", "straatNr": "27", "postcode": "8011 RA", "plaats": "Zwolle", "merk": "Stibat", "puntType": "inzamelbak", "materialen": ["batterijen"], "uitbetaling": [], "vrijToegankelijk": false, "gemeenteBeperking": null, "openingstijden": null, "latitude": 52.5123374, "longitude": 6.0933221, "bronId": "L023922"}}, {"type": "Feature", "geometry": {"type": "Point", "coordinates": [6.0934902, 52.5122409]}, "properties": {"type": "inleverpunt", "locatieNaam": "Phone House", "straatNaam": "Diezerstraat", "straatNr": "10", "postcode": "8011 RG", "plaats": "Zwolle", "merk": "Stibat", "puntType": "inzamelbak", "materialen": ["batterijen"], "uitbetaling": [], "vrijToegankelijk": false, "gemeenteBeperking": null, "openingstijden": null, "latitude": 52.5122409, "longitude": 6.0934902, "bronId": "L023859"}}, {"type": "Feature", "geometry": {"type": "Point", "coordinates": [6.0933965, 52.5124148]}, "properties": {"type": "inleverpunt", "locatieNaam": "Specsavers", "straatNaam": "Diezerstraat", "straatNr": "3", "postcode": "8011 RA", "plaats": "Zwolle", "merk": "Stibat", "puntType": "inzamelbak", "materialen": ["batterijen"], "uitbetaling": [], "vrijToegankelijk": false, "gemeenteBeperking": null, "openingstijden": null, "latitude": 52.5124148, "longitude": 6.0933965, "bronId": "L045086"}}, {"type": "Feature", "geometry": {"type": "Point", "coordinates": [6.100685, 52.5071636]}, "properties": {"type": "inleverpunt", "locatieNaam": "Bever", "straatNaam": "Assendorperstraat", "straatNr": "31", "postcode": "8012 DE", "plaats": "Zwolle", "merk": "Stibat", "puntType": "inzamelbak", "materialen": ["batterijen"], "uitbetaling": [], "vrijToegankelijk": false, "gemeenteBeperking": null, "openingstijden": null, "latitude": 52.5071636, "longitude": 6.100685, "bronId": "L020809"}}, {"type": "Feature", "geometry": {"type": "Point", "coordinates": [6.0936037, 52.5125087]}, "properties": {"type": "inleverpunt", "locatieNaam": "DOUGLAS", "straatNaam": "Diezerstraat", "straatNr": "7", "postcode": "8011 RA", "plaats": "Zwolle", "merk": "Stibat", "puntType": "inzamelbak", "materialen": ["batterijen"], "uitbetaling": [], "vrijToegankelijk": false, "gemeenteBeperking": null, "openingstijden": null, "latitude": 52.5125087, "longitude": 6.0936037, "bronId": "L049220"}}, {"type": "Feature", "geometry": {"type": "Point", "coordinates": [6.0937866, 52.5124007]}, "properties": {"type": "inleverpunt", "locatieNaam": "HEMA Diezerstraat", "straatNaam": "Diezerstraat", "straatNr": "11", "postcode": "8011 RA", "plaats": "Zwolle", "merk": "Stibat", "puntType": "inzamelbak", "materialen": ["batterijen"], "uitbetaling": [], "vrijToegankelijk": false, "gemeenteBeperking": null, "openingstijden": null, "latitude": 52.5124007, "longitude": 6.0937866, "bronId": "L005573"}}, {"type": "Feature", "geometry": {"type": "Point", "coordinates": [6.0932883, 52.5128087]}, "properties": {"type": "inleverpunt", "locatieNaam": "Hans Anders", "straatNaam": "Roggenstraat", "straatNr": "12", "postcode": "8011 TG", "plaats": "Zwolle", "merk": "Stibat", "puntType": "inzamelbak", "materialen": ["batterijen"], "uitbetaling": [], "vrijToegankelijk": false, "gemeenteBeperking": null, "openingstijden": null, "latitude": 52.5128087, "longitude": 6.0932883, "bronId": "L041032"}}, {"type": "Feature", "geometry": {"type": "Point", "coordinates": [6.1023584, 52.50647]}, "properties": {"type": "inleverpunt", "locatieNaam": "Jumbo", "straatNaam": "Assendorperstraat", "straatNr": "71", "postcode": "8012 DG", "plaats": "Zwolle", "merk": "Stibat", "puntType": "inzamelbak", "materialen": ["batterijen"], "uitbetaling": [], "vrijToegankelijk": false, "gemeenteBeperking": null, "openingstijden": null, "latitude": 52.50647, "longitude": 6.1023584, "bronId": "L031344"}}, {"type": "Feature", "geometry": {"type": "Point", "coordinates": [6.0946216, 52.5125269]}, "properties": {"type": "inleverpunt", "locatieNaam": "KPN winkel", "straatNaam": "Diezerstraat", "straatNr": "29", "postcode": "8011 RB", "plaats": "Zwolle", "merk": "Stibat", "puntType": "inzamelbak", "materialen": ["batterijen"], "uitbetaling": [], "vrijToegankelijk": false, "gemeenteBeperking": null, "openingstijden": null, "latitude": 52.5125269, "longitude": 6.0946216, "bronId": "L006460"}}, {"type": "Feature", "geometry": {"type": "Point", "coordinates": [6.0948743, 52.5123912]}, "properties": {"type": "inleverpunt", "locatieNaam": "Kruidvat", "straatNaam": "Diezerstraat", "straatNr": "52", "postcode": "8011 RH", "plaats": "Zwolle", "merk": "Stibat", "puntType": "inzamelbak", "materialen": ["batterijen"], "uitbetaling": [], "vrijToegankelijk": false, "gemeenteBeperking": null, "openingstijden": null, "latitude": 52.5123912, "longitude": 6.0948743, "bronId": "L016480"}}, {"type": "Feature", "geometry": {"type": "Point", "coordinates": [6.1192882, 52.4941005]}, "properties": {"type": "inleverpunt", "locatieNaam": "Praxis 2215", "straatNaam": "George Stephensonstraat", "straatNr": "2", "postcode": "8013 NK", "plaats": "Zwolle", "merk": "Stibat", "puntType": "inzamelbak", "materialen": ["batterijen"], "uitbetaling": [], "vrijToegankelijk": false, "gemeenteBeperking": null, "openingstijden": null, "latitude": 52.4941005, "longitude": 6.1192882, "bronId": "L014915"}}, {"type": "Feature", "geometry": {"type": "Point", "coordinates": [6.1253323, 52.4896873]}, "properties": {"type": "inleverpunt", "locatieNaam": "De Haan", "straatNaam": "Oldeneelallee", "straatNr": "99", "postcode": "8013 NM", "plaats": "Zwolle", "merk": "Stibat", "puntType": "inzamelbak", "materialen": ["batterijen"], "uitbetaling": [], "vrijToegankelijk": false, "gemeenteBeperking": null, "openingstijden": null, "latitude": 52.4896873, "longitude": 6.1253323, "bronId": "L044821"}}, {"type": "Feature", "geometry": {"type": "Point", "coordinates": [6.0940566, 52.5136196]}, "properties": {"type": "inleverpunt", "locatieNaam": "Kruidvat", "straatNaam": "Kleine A", "straatNr": "1-3", "postcode": "8011 VS", "plaats": "Zwolle", "merk": "Stibat", "puntType": "inzamelbak", "materialen": ["batterijen"], "uitbetaling": [], "vrijToegankelijk": false, "gemeenteBeperking": null, "openingstijden": null, "latitude": 52.5136196, "longitude": 6.0940566, "bronId": "L015461"}}, {"type": "Feature", "geometry": {"type": "Point", "coordinates": [6.1255492, 52.4898465]}, "properties": {"type": "inleverpunt", "locatieNaam": "Esso", "straatNaam": "Oldeneelallee", "straatNr": "99", "postcode": "8013 NM", "plaats": "Zwolle", "merk": "Stibat", "puntType": "inzamelbak", "materialen": ["batterijen"], "uitbetaling": [], "vrijToegankelijk": false, "gemeenteBeperking": null, "openingstijden": null, "latitude": 52.4898465, "longitude": 6.1255492, "bronId": "L026474"}}, {"type": "Feature", "geometry": {"type": "Point", "coordinates": [6.0955419, 52.5127862]}, "properties": {"type": "inleverpunt", "locatieNaam": "Quick Fix Repair", "straatNaam": "Broerenstraat", "straatNr": "3", "postcode": "8011 VB", "plaats": "Zwolle", "merk": "Stibat", "puntType": "inzamelbak", "materialen": ["batterijen"], "uitbetaling": [], "vrijToegankelijk": false, "gemeenteBeperking": null, "openingstijden": null, "latitude": 52.5127862, "longitude": 6.0955419, "bronId": "L040070"}}, {"type": "Feature", "geometry": {"type": "Point", "coordinates": [6.0960543, 52.5125646]}, "properties": {"type": "inleverpunt", "locatieNaam": "SoLow", "straatNaam": "Diezerstraat", "straatNr": "64", "postcode": "8011 RH", "plaats": "Zwolle", "merk": "Stibat", "puntType": "inzamelbak", "materialen": ["batterijen"], "uitbetaling": [], "vrijToegankelijk": false, "gemeenteBeperking": null, "openingstijden": null, "latitude": 52.5125646, "longitude": 6.0960543, "bronId": "L044126"}}, {"type": "Feature", "geometry": {"type": "Point", "coordinates": [6.0958646, 52.5127034]}, "properties": {"type": "inleverpunt", "locatieNaam": "Amac", "straatNaam": "Diezerstraat", "straatNr": "59", "postcode": "8011 RC", "plaats": "Zwolle", "merk": "Stibat", "puntType": "inzamelbak", "materialen": ["batterijen"], "uitbetaling": [], "vrijToegankelijk": false, "gemeenteBeperking": null, "openingstijden": null, "latitude": 52.5127034, "longitude": 6.0958646, "bronId": "L046561"}}, {"type": "Feature", "geometry": {"type": "Point", "coordinates": [6.0763258, 52.5265246]}, "properties": {"type": "inleverpunt", "locatieNaam": "Lidl", "straatNaam": "Bachplein", "straatNr": "11", "postcode": "8031 HR", "plaats": "Zwolle", "merk": "Stibat", "puntType": "inzamelbak", "materialen": ["batterijen"], "uitbetaling": [], "vrijToegankelijk": false, "gemeenteBeperking": null, "openingstijden": null, "latitude": 52.5265246, "longitude": 6.0763258, "bronId": "L023316"}}, {"type": "Feature", "geometry": {"type": "Point", "coordinates": [6.1169348, 52.4969956]}, "properties": {"type": "inleverpunt", "locatieNaam": "Tuinland", "straatNaam": "Charles Storkstraat", "straatNr": "2", "postcode": "8013 NT", "plaats": "Zwolle", "merk": "Stibat", "puntType": "inzamelbak", "materialen": ["batterijen"], "uitbetaling": [], "vrijToegankelijk": false, "gemeenteBeperking": null, "openingstijden": null, "latitude": 52.4969956, "longitude": 6.1169348, "bronId": "L027740"}}, {"type": "Feature", "geometry": {"type": "Point", "coordinates": [6.0950657, 52.5134092]}, "properties": {"type": "inleverpunt", "locatieNaam": "Xenos", "straatNaam": "Weeshuisstraat", "straatNr": "13", "postcode": "8011 TZ", "plaats": "Zwolle", "merk": "Stibat", "puntType": "inzamelbak", "materialen": ["batterijen"], "uitbetaling": [], "vrijToegankelijk": false, "gemeenteBeperking": null, "openingstijden": null, "latitude": 52.5134092, "longitude": 6.0950657, "bronId": "L037061"}}, {"type": "Feature", "geometry": {"type": "Point", "coordinates": [6.0931858, 52.5151596]}, "properties": {"type": "inleverpunt", "locatieNaam": "ANWB", "straatNaam": "Dijkstraat", "straatNr": "53", "postcode": "8011 XS", "plaats": "Zwolle", "merk": "Stibat", "puntType": "inzamelbak", "materialen": ["batterijen"], "uitbetaling": [], "vrijToegankelijk": false, "gemeenteBeperking": null, "openingstijden": null, "latitude": 52.5151596, "longitude": 6.0931858, "bronId": "L044578"}}, {"type": "Feature", "geometry": {"type": "Point", "coordinates": [6.0931983, 52.5154695]}, "properties": {"type": "inleverpunt", "locatieNaam": "Kamera Express", "straatNaam": "Dijkstraat", "straatNr": "49", "postcode": "8011 XS", "plaats": "Zwolle", "merk": "Stibat", "puntType": "inzamelbak", "materialen": ["batterijen"], "uitbetaling": [], "vrijToegankelijk": false, "gemeenteBeperking": null, "openingstijden": null, "latitude": 52.5154695, "longitude": 6.0931983, "bronId": "L039766"}}, {"type": "Feature", "geometry": {"type": "Point", "coordinates": [6.0969613, 52.5127538]}, "properties": {"type": "inleverpunt", "locatieNaam": "Zara", "straatNaam": "Diezerstraat", "straatNr": "80a", "postcode": "8011 RJ", "plaats": "Zwolle", "merk": "Stibat", "puntType": "inzamelbak", "materialen": ["batterijen"], "uitbetaling": [], "vrijToegankelijk": false, "gemeenteBeperking": null, "openingstijden": null, "latitude": 52.5127538, "longitude": 6.0969613, "bronId": "L045697"}}, {"type": "Feature", "geometry": {"type": "Point", "coordinates": [6.0967654, 52.5129521]}, "properties": {"type": "inleverpunt", "locatieNaam": "Bershka", "straatNaam": "Diezerstraat", "straatNr": "81", "postcode": "8011 RC", "plaats": "Zwolle", "merk": "Stibat", "puntType": "inzamelbak", "materialen": ["batterijen"], "uitbetaling": [], "vrijToegankelijk": false, "gemeenteBeperking": null, "openingstijden": null, "latitude": 52.5129521, "longitude": 6.0967654, "bronId": "L045665"}}, {"type": "Feature", "geometry": {"type": "Point", "coordinates": [6.1243082, 52.4922538]}, "properties": {"type": "inleverpunt", "locatieNaam": "DA Retailgroep B.V.", "straatNaam": "Benjamin Franklinstraat", "straatNr": "2", "postcode": "8013 NC", "plaats": "Zwolle", "merk": "Stibat", "puntType": "inzamelbak", "materialen": ["batterijen"], "uitbetaling": [], "vrijToegankelijk": false, "gemeenteBeperking": null, "openingstijden": null, "latitude": 52.4922538, "longitude": 6.1243082, "bronId": "L025863"}}, {"type": "Feature", "geometry": {"type": "Point", "coordinates": [6.0969853, 52.5129826]}, "properties": {"type": "inleverpunt", "locatieNaam": "Telephone Point", "straatNaam": "Diezerstraat", "straatNr": "87", "postcode": "8011 RD", "plaats": "Zwolle", "merk": "Stibat", "puntType": "inzamelbak", "materialen": ["batterijen"], "uitbetaling": [], "vrijToegankelijk": false, "gemeenteBeperking": null, "openingstijden": null, "latitude": 52.5129826, "longitude": 6.0969853, "bronId": "L044450"}}, {"type": "Feature", "geometry": {"type": "Point", "coordinates": [6.0975002, 52.512841]}, "properties": {"type": "inleverpunt", "locatieNaam": "Leapp store", "straatNaam": "Diezerstraat", "straatNr": "84", "postcode": "8011 RJ", "plaats": "Zwolle", "merk": "Stibat", "puntType": "inzamelbak", "materialen": ["batterijen"], "uitbetaling": [], "vrijToegankelijk": false, "gemeenteBeperking": null, "openingstijden": null, "latitude": 52.512841, "longitude": 6.0975002, "bronId": "L039752"}}, {"type": "Feature", "geometry": {"type": "Point", "coordinates": [6.0974577, 52.5128823]}, "properties": {"type": "inleverpunt", "locatieNaam": "Xando/Apple Store", "straatNaam": "Diezerstraat", "straatNr": "84", "postcode": "8011 RJ", "plaats": "Zwolle", "merk": "Stibat", "puntType": "inzamelbak", "materialen": ["batterijen"], "uitbetaling": [], "vrijToegankelijk": false, "gemeenteBeperking": null, "openingstijden": null, "latitude": 52.5128823, "longitude": 6.0974577, "bronId": "L029927"}}, {"type": "Feature", "geometry": {"type": "Point", "coordinates": [6.0970802, 52.5137939]}, "properties": {"type": "inleverpunt", "locatieNaam": "Perry", "straatNaam": "Drietrommeltjessteeg", "straatNr": "2", "postcode": "8011 VK", "plaats": "Zwolle", "merk": "Stibat", "puntType": "inzamelbak", "materialen": ["batterijen"], "uitbetaling": [], "vrijToegankelijk": false, "gemeenteBeperking": null, "openingstijden": null, "latitude": 52.5137939, "longitude": 6.0970802, "bronId": "L023546"}}, {"type": "Feature", "geometry": {"type": "Point", "coordinates": [6.0816585, 52.5265975]}, "properties": {"type": "inleverpunt", "locatieNaam": "Wibra", "straatNaam": "Bachplein", "straatNr": "6", "postcode": "8031 HR", "plaats": "Zwolle", "merk": "Stibat", "puntType": "inzamelbak", "materialen": ["batterijen"], "uitbetaling": [], "vrijToegankelijk": false, "gemeenteBeperking": null, "openingstijden": null, "latitude": 52.5265975, "longitude": 6.0816585, "bronId": "L022859"}}, {"type": "Feature", "geometry": {"type": "Point", "coordinates": [6.0995992, 52.5140831]}, "properties": {"type": "inleverpunt", "locatieNaam": "Van Boxtel hoorwinkel", "straatNaam": "Diezerpoortenplas", "straatNr": "6", "postcode": "8011 VW", "plaats": "Zwolle", "merk": "Stibat", "puntType": "inzamelbak", "materialen": ["batterijen"], "uitbetaling": [], "vrijToegankelijk": false, "gemeenteBeperking": null, "openingstijden": null, "latitude": 52.5140831, "longitude": 6.0995992, "bronId": "L024839"}}, {"type": "Feature", "geometry": {"type": "Point", "coordinates": [6.0820879, 52.526532]}, "properties": {"type": "inleverpunt", "locatieNaam": "Kruidvat", "straatNaam": "Bachplein", "straatNr": "12", "postcode": "8031 HR", "plaats": "Zwolle", "merk": "Stibat", "puntType": "inzamelbak", "materialen": ["batterijen"], "uitbetaling": [], "vrijToegankelijk": false, "gemeenteBeperking": null, "openingstijden": null, "latitude": 52.526532, "longitude": 6.0820879, "bronId": "L044209"}}, {"type": "Feature", "geometry": {"type": "Point", "coordinates": [6.0824336, 52.5266975]}, "properties": {"type": "inleverpunt", "locatieNaam": "Jumbo", "straatNaam": "Bachplein", "straatNr": "14", "postcode": "8031 HR", "plaats": "Zwolle", "merk": "Stibat", "puntType": "inzamelbak", "materialen": ["batterijen"], "uitbetaling": [], "vrijToegankelijk": false, "gemeenteBeperking": null, "openingstijden": null, "latitude": 52.5266975, "longitude": 6.0824336, "bronId": "L032213"}}, {"type": "Feature", "geometry": {"type": "Point", "coordinates": [6.0826864, 52.5265384]}, "properties": {"type": "inleverpunt", "locatieNaam": "Primera", "straatNaam": "Bachplein", "straatNr": "16", "postcode": "8031 HR", "plaats": "Zwolle", "merk": "Stibat", "puntType": "inzamelbak", "materialen": ["batterijen"], "uitbetaling": [], "vrijToegankelijk": false, "gemeenteBeperking": null, "openingstijden": null, "latitude": 52.5265384, "longitude": 6.0826864, "bronId": "L021199"}}, {"type": "Feature", "geometry": {"type": "Point", "coordinates": [6.1299645, 52.4914854]}, "properties": {"type": "inleverpunt", "locatieNaam": "Toolstation", "straatNaam": "Voltastraat", "straatNr": "11d", "postcode": "8013 PM", "plaats": "Zwolle", "merk": "Stibat", "puntType": "inzamelbak", "materialen": ["batterijen"], "uitbetaling": [], "vrijToegankelijk": false, "gemeenteBeperking": null, "openingstijden": null, "latitude": 52.4914854, "longitude": 6.1299645, "bronId": "L042549"}}, {"type": "Feature", "geometry": {"type": "Point", "coordinates": [6.0927817, 52.5204174]}, "properties": {"type": "inleverpunt", "locatieNaam": "Bike Totaal Gait Rigter", "straatNaam": "Rembrandtlaan", "straatNr": "70", "postcode": "8021 DJ", "plaats": "Zwolle", "merk": "Stibat", "puntType": "inzamelbak", "materialen": ["batterijen"], "uitbetaling": [], "vrijToegankelijk": false, "gemeenteBeperking": null, "openingstijden": null, "latitude": 52.5204174, "longitude": 6.0927817, "bronId": "L034068"}}, {"type": "Feature", "geometry": {"type": "Point", "coordinates": [6.1002173, 52.5157996]}, "properties": {"type": "inleverpunt", "locatieNaam": "Kruidvat", "straatNaam": "Klein Grachtje", "straatNr": "24-26", "postcode": "8021 JC", "plaats": "Zwolle", "merk": "Stibat", "puntType": "inzamelbak", "materialen": ["batterijen"], "uitbetaling": [], "vrijToegankelijk": false, "gemeenteBeperking": null, "openingstijden": null, "latitude": 52.5157996, "longitude": 6.1002173, "bronId": "L017760"}}, {"type": "Feature", "geometry": {"type": "Point", "coordinates": [6.1002679, 52.5159552]}, "properties": {"type": "inleverpunt", "locatieNaam": "7395 Etos", "straatNaam": "Klein Grachtje", "straatNr": "16 A", "postcode": "8021 JC", "plaats": "Zwolle", "merk": "Stibat", "puntType": "inzamelbak", "materialen": ["batterijen"], "uitbetaling": [], "vrijToegankelijk": false, "gemeenteBeperking": null, "openingstijden": null, "latitude": 52.5159552, "longitude": 6.1002679, "bronId": "L023753"}}, {"type": "Feature", "geometry": {"type": "Point", "coordinates": [6.1003089, 52.5160345]}, "properties": {"type": "inleverpunt", "locatieNaam": "Wibra", "straatNaam": "Klein Grachtje", "straatNr": "10-12", "postcode": "8021 JC", "plaats": "Zwolle", "merk": "Stibat", "puntType": "inzamelbak", "materialen": ["batterijen"], "uitbetaling": [], "vrijToegankelijk": false, "gemeenteBeperking": null, "openingstijden": null, "latitude": 52.5160345, "longitude": 6.1003089, "bronId": "L024719"}}, {"type": "Feature", "geometry": {"type": "Point", "coordinates": [6.1001925, 52.5163233]}, "properties": {"type": "inleverpunt", "locatieNaam": "1355 Albert Heijn", "straatNaam": "Klein Grachtje", "straatNr": "16", "postcode": "8021 JC", "plaats": "Zwolle", "merk": "Stibat", "puntType": "inzamelbak", "materialen": ["batterijen"], "uitbetaling": [], "vrijToegankelijk": false, "gemeenteBeperking": null, "openingstijden": null, "latitude": 52.5163233, "longitude": 6.1001925, "bronId": "L006225"}}, {"type": "Feature", "geometry": {"type": "Point", "coordinates": [6.1016786, 52.5152672]}, "properties": {"type": "inleverpunt", "locatieNaam": "You Mobile", "straatNaam": "Diezerkade", "straatNr": "15", "postcode": "8021 CW", "plaats": "Zwolle", "merk": "Stibat", "puntType": "inzamelbak", "materialen": ["batterijen"], "uitbetaling": [], "vrijToegankelijk": false, "gemeenteBeperking": null, "openingstijden": null, "latitude": 52.5152672, "longitude": 6.1016786, "bronId": "L039405"}}, {"type": "Feature", "geometry": {"type": "Point", "coordinates": [6.1018386, 52.515409]}, "properties": {"type": "inleverpunt", "locatieNaam": "Schoonenberg Hoorcomfort", "straatNaam": "Th A Kempisstraat", "straatNr": "3", "postcode": "8021 BG", "plaats": "Zwolle", "merk": "Stibat", "puntType": "inzamelbak", "materialen": ["batterijen"], "uitbetaling": [], "vrijToegankelijk": false, "gemeenteBeperking": null, "openingstijden": null, "latitude": 52.515409, "longitude": 6.1018386, "bronId": "L021732"}}, {"type": "Feature", "geometry": {"type": "Point", "coordinates": [6.1009879, 52.5160605]}, "properties": {"type": "inleverpunt", "locatieNaam": "Schakelaar Tweewielers", "straatNaam": "Diezerplein", "straatNr": "17", "postcode": "8021 CS", "plaats": "Zwolle", "merk": "Stibat", "puntType": "inzamelbak", "materialen": ["batterijen"], "uitbetaling": [], "vrijToegankelijk": false, "gemeenteBeperking": null, "openingstijden": null, "latitude": 52.5160605, "longitude": 6.1009879, "bronId": "L019385"}}, {"type": "Feature", "geometry": {"type": "Point", "coordinates": [6.1013184, 52.5161888]}, "properties": {"type": "inleverpunt", "locatieNaam": "Xycletrack", "straatNaam": "Diezerplein", "straatNr": "24", "postcode": "8021 CV", "plaats": "Zwolle", "merk": "Stibat", "puntType": "inzamelbak", "materialen": ["batterijen"], "uitbetaling": [], "vrijToegankelijk": false, "gemeenteBeperking": null, "openingstijden": null, "latitude": 52.5161888, "longitude": 6.1013184, "bronId": "L049489"}}, {"type": "Feature", "geometry": {"type": "Point", "coordinates": [6.1028436, 52.5155809]}, "properties": {"type": "inleverpunt", "locatieNaam": "Van Rossum IJzerhandel", "straatNaam": "Thomas A Kempisstraat", "straatNr": "29", "postcode": "8021 BH", "plaats": "Zwolle", "merk": "Stibat", "puntType": "inzamelbak", "materialen": ["batterijen"], "uitbetaling": [], "vrijToegankelijk": false, "gemeenteBeperking": null, "openingstijden": null, "latitude": 52.5155809, "longitude": 6.1028436, "bronId": "L018418"}}, {"type": "Feature", "geometry": {"type": "Point", "coordinates": [6.1035581, 52.5155889]}, "properties": {"type": "inleverpunt", "locatieNaam": "Kruidvat", "straatNaam": "Thomas A Kempisstraat", "straatNr": "20", "postcode": "8021 BB", "plaats": "Zwolle", "merk": "Stibat", "puntType": "inzamelbak", "materialen": ["batterijen"], "uitbetaling": [], "vrijToegankelijk": false, "gemeenteBeperking": null, "openingstijden": null, "latitude": 52.5155889, "longitude": 6.1035581, "bronId": "L014805"}}, {"type": "Feature", "geometry": {"type": "Point", "coordinates": [6.1037935, 52.5156397]}, "properties": {"type": "inleverpunt", "locatieNaam": "Onderdelenshop", "straatNaam": "Th A Kempisstraat", "straatNr": "26-28", "postcode": "8021 BC", "plaats": "Zwolle", "merk": "Stibat", "puntType": "inzamelbak", "materialen": ["batterijen"], "uitbetaling": [], "vrijToegankelijk": false, "gemeenteBeperking": null, "openingstijden": null, "latitude": 52.5156397, "longitude": 6.1037935, "bronId": "L037376"}}, {"type": "Feature", "geometry": {"type": "Point", "coordinates": [6.1392964, 52.4887033]}, "properties": {"type": "inleverpunt", "locatieNaam": "Dunnink Gereedschappen en IJzerwaren", "straatNaam": "Paxtonstraat", "straatNr": "6", "postcode": "8013 RP", "plaats": "Zwolle", "merk": "Stibat", "puntType": "inzamelbak", "materialen": ["batterijen"], "uitbetaling": [], "vrijToegankelijk": false, "gemeenteBeperking": null, "openingstijden": null, "latitude": 52.4887033, "longitude": 6.1392964, "bronId": "L023949"}}, {"type": "Feature", "geometry": {"type": "Point", "coordinates": [6.1043505, 52.5157966]}, "properties": {"type": "inleverpunt", "locatieNaam": "DA", "straatNaam": "Th A Kempisstraat", "straatNr": "42", "postcode": "8021 BC", "plaats": "Zwolle", "merk": "Stibat", "puntType": "inzamelbak", "materialen": ["batterijen"], "uitbetaling": [], "vrijToegankelijk": false, "gemeenteBeperking": null, "openingstijden": null, "latitude": 52.5157966, "longitude": 6.1043505, "bronId": "L022265"}}, {"type": "Feature", "geometry": {"type": "Point", "coordinates": [6.1046191, 52.5158059]}, "properties": {"type": "inleverpunt", "locatieNaam": "Top1Toys", "straatNaam": "Vechtstraat", "straatNr": "4-6", "postcode": "8021 AX", "plaats": "Zwolle", "merk": "Stibat", "puntType": "inzamelbak", "materialen": ["batterijen"], "uitbetaling": [], "vrijToegankelijk": false, "gemeenteBeperking": null, "openingstijden": null, "latitude": 52.5158059, "longitude": 6.1046191, "bronId": "L016057"}}, {"type": "Feature", "geometry": {"type": "Point", "coordinates": [6.1049077, 52.5156968]}, "properties": {"type": "inleverpunt", "locatieNaam": "1041 Action", "straatNaam": "Vechtstraat", "straatNr": "18-20", "postcode": "8021 AX", "plaats": "Zwolle", "merk": "Stibat", "puntType": "inzamelbak", "materialen": ["batterijen"], "uitbetaling": [], "vrijToegankelijk": false, "gemeenteBeperking": null, "openingstijden": null, "latitude": 52.5156968, "longitude": 6.1049077, "bronId": "L016861"}}, {"type": "Feature", "geometry": {"type": "Point", "coordinates": [6.1052234, 52.5156939]}, "properties": {"type": "inleverpunt", "locatieNaam": "Elektro Centrum Zwolle", "straatNaam": "Vechtstraat", "straatNr": "22", "postcode": "8021 AX", "plaats": "Zwolle", "merk": "Stibat", "puntType": "inzamelbak", "materialen": ["batterijen"], "uitbetaling": [], "vrijToegankelijk": false, "gemeenteBeperking": null, "openingstijden": null, "latitude": 52.5156939, "longitude": 6.1052234, "bronId": "L036817"}}, {"type": "Feature", "geometry": {"type": "Point", "coordinates": [6.1053975, 52.5158473]}, "properties": {"type": "inleverpunt", "locatieNaam": "RB Wheels", "straatNaam": "Vechtstraat", "straatNr": "15", "postcode": "8021 AS", "plaats": "Zwolle", "merk": "Stibat", "puntType": "inzamelbak", "materialen": ["batterijen"], "uitbetaling": [], "vrijToegankelijk": false, "gemeenteBeperking": null, "openingstijden": null, "latitude": 52.5158473, "longitude": 6.1053975, "bronId": "L034067"}}, {"type": "Feature", "geometry": {"type": "Point", "coordinates": [6.1064643, 52.5152702]}, "properties": {"type": "inleverpunt", "locatieNaam": "Plus", "straatNaam": "Vechtstraat", "straatNr": "60-66", "postcode": "8021 AZ", "plaats": "Zwolle", "merk": "Stibat", "puntType": "inzamelbak", "materialen": ["batterijen"], "uitbetaling": [], "vrijToegankelijk": false, "gemeenteBeperking": null, "openingstijden": null, "latitude": 52.5152702, "longitude": 6.1064643, "bronId": "L045634"}}, {"type": "Feature", "geometry": {"type": "Point", "coordinates": [6.1319036, 52.4964846]}, "properties": {"type": "inleverpunt", "locatieNaam": "VN Tweewielers", "straatNaam": "Newtonweg", "straatNr": "1G", "postcode": "8013 RD", "plaats": "Zwolle", "merk": "Stibat", "puntType": "inzamelbak", "materialen": ["batterijen"], "uitbetaling": [], "vrijToegankelijk": false, "gemeenteBeperking": null, "openingstijden": null, "latitude": 52.4964846, "longitude": 6.1319036, "bronId": "L049496"}}, {"type": "Feature", "geometry": {"type": "Point", "coordinates": [6.1064066, 52.5172645]}, "properties": {"type": "inleverpunt", "locatieNaam": "Aldi", "straatNaam": "Bisschop Willebrandlaan", "straatNr": "28", "postcode": "8021 GA", "plaats": "Zwolle", "merk": "Stibat", "puntType": "inzamelbak", "materialen": ["batterijen"], "uitbetaling": [], "vrijToegankelijk": false, "gemeenteBeperking": null, "openingstijden": null, "latitude": 52.5172645, "longitude": 6.1064066, "bronId": "L041528"}}, {"type": "Feature", "geometry": {"type": "Point", "coordinates": [6.107896, 52.517072]}, "properties": {"type": "inleverpunt", "locatieNaam": "Fakkert Electronica", "straatNaam": "Th A Kempisstraat", "straatNr": "126-128", "postcode": "8022 AC", "plaats": "Zwolle", "merk": "Stibat", "puntType": "inzamelbak", "materialen": ["batterijen"], "uitbetaling": [], "vrijToegankelijk": false, "gemeenteBeperking": null, "openingstijden": null, "latitude": 52.517072, "longitude": 6.107896, "bronId": "L042707"}}, {"type": "Feature", "geometry": {"type": "Point", "coordinates": [6.1052236, 52.5213561]}, "properties": {"type": "inleverpunt", "locatieNaam": "Primera", "straatNaam": "Hogenkampsweg", "straatNr": "41", "postcode": "8022 DA", "plaats": "Zwolle", "merk": "Stibat", "puntType": "inzamelbak", "materialen": ["batterijen"], "uitbetaling": [], "vrijToegankelijk": false, "gemeenteBeperking": null, "openingstijden": null, "latitude": 52.5213561, "longitude": 6.1052236, "bronId": "L023378"}}, {"type": "Feature", "geometry": {"type": "Point", "coordinates": [6.1149522, 52.5144382]}, "properties": {"type": "inleverpunt", "locatieNaam": "Spar", "straatNaam": "Roemer Visscherstraat", "straatNr": "19", "postcode": "8023 AL", "plaats": "Zwolle", "merk": "Stibat", "puntType": "inzamelbak", "materialen": ["batterijen"], "uitbetaling": [], "vrijToegankelijk": false, "gemeenteBeperking": null, "openingstijden": null, "latitude": 52.5144382, "longitude": 6.1149522, "bronId": "L008604"}}, {"type": "Feature", "geometry": {"type": "Point", "coordinates": [6.1064197, 52.5213039]}, "properties": {"type": "inleverpunt", "locatieNaam": "Jumbo", "straatNaam": "Hogenkampspassage", "straatNr": "10", "postcode": "8022 EL", "plaats": "Zwolle", "merk": "Stibat", "puntType": "inzamelbak", "materialen": ["batterijen"], "uitbetaling": [], "vrijToegankelijk": false, "gemeenteBeperking": null, "openingstijden": null, "latitude": 52.5213039, "longitude": 6.1064197, "bronId": "L032214"}}, {"type": "Feature", "geometry": {"type": "Point", "coordinates": [6.1016397, 52.5291161]}, "properties": {"type": "inleverpunt", "locatieNaam": "Lidl", "straatNaam": "Dobbe", "straatNr": "10", "postcode": "8032 JV", "plaats": "Zwolle", "merk": "Stibat", "puntType": "inzamelbak", "materialen": ["batterijen"], "uitbetaling": [], "vrijToegankelijk": false, "gemeenteBeperking": null, "openingstijden": null, "latitude": 52.5291161, "longitude": 6.1016397, "bronId": "L016564"}}, {"type": "Feature", "geometry": {"type": "Point", "coordinates": [6.1016701, 52.5291698]}, "properties": {"type": "inleverpunt", "locatieNaam": "Beter Horen", "straatNaam": "Dobbe", "straatNr": "13", "postcode": "8032 JV", "plaats": "Zwolle", "merk": "Stibat", "puntType": "inzamelbak", "materialen": ["batterijen"], "uitbetaling": [], "vrijToegankelijk": false, "gemeenteBeperking": null, "openingstijden": null, "latitude": 52.5291698, "longitude": 6.1016701, "bronId": "L032186"}}, {"type": "Feature", "geometry": {"type": "Point", "coordinates": [6.1021786, 52.5290064]}, "properties": {"type": "inleverpunt", "locatieNaam": "Kruidvat", "straatNaam": "Dobbe", "straatNr": "6", "postcode": "8032 JV", "plaats": "Zwolle", "merk": "Stibat", "puntType": "inzamelbak", "materialen": ["batterijen"], "uitbetaling": [], "vrijToegankelijk": false, "gemeenteBeperking": null, "openingstijden": null, "latitude": 52.5290064, "longitude": 6.1021786, "bronId": "L014742"}}, {"type": "Feature", "geometry": {"type": "Point", "coordinates": [6.1015624, 52.5295543]}, "properties": {"type": "inleverpunt", "locatieNaam": "Bruna", "straatNaam": "Dobbe", "straatNr": "24", "postcode": "8032 JW", "plaats": "Zwolle", "merk": "Stibat", "puntType": "inzamelbak", "materialen": ["batterijen"], "uitbetaling": [], "vrijToegankelijk": false, "gemeenteBeperking": null, "openingstijden": null, "latitude": 52.5295543, "longitude": 6.1015624, "bronId": "L022068"}}, {"type": "Feature", "geometry": {"type": "Point", "coordinates": [6.1028539, 52.5286695]}, "properties": {"type": "inleverpunt", "locatieNaam": "Zeeman", "straatNaam": "Dobbe", "straatNr": "65", "postcode": "8032 JX", "plaats": "Zwolle", "merk": "Stibat", "puntType": "inzamelbak", "materialen": ["batterijen"], "uitbetaling": [], "vrijToegankelijk": false, "gemeenteBeperking": null, "openingstijden": null, "latitude": 52.5286695, "longitude": 6.1028539, "bronId": "L030248"}}, {"type": "Feature", "geometry": {"type": "Point", "coordinates": [6.1027364, 52.5289998]}, "properties": {"type": "inleverpunt", "locatieNaam": "1220 Albert Heijn", "straatNaam": "Dobbe", "straatNr": "61", "postcode": "8032 JX", "plaats": "Zwolle", "merk": "Stibat", "puntType": "inzamelbak", "materialen": ["batterijen"], "uitbetaling": [], "vrijToegankelijk": false, "gemeenteBeperking": null, "openingstijden": null, "latitude": 52.5289998, "longitude": 6.1027364, "bronId": "L006373"}}, {"type": "Feature", "geometry": {"type": "Point", "coordinates": [6.1018261, 52.5296556]}, "properties": {"type": "inleverpunt", "locatieNaam": "Jumbo", "straatNaam": "Dobbe", "straatNr": "3", "postcode": "8032 JV", "plaats": "Zwolle", "merk": "Stibat", "puntType": "inzamelbak", "materialen": ["batterijen"], "uitbetaling": [], "vrijToegankelijk": false, "gemeenteBeperking": null, "openingstijden": null, "latitude": 52.5296556, "longitude": 6.1018261, "bronId": "L030198"}}, {"type": "Feature", "geometry": {"type": "Point", "coordinates": [6.1025265, 52.5292725]}, "properties": {"type": "inleverpunt", "locatieNaam": "HEMA Zwolle AA-landen", "straatNaam": "Dobbe", "straatNr": "38", "postcode": "8032 JW", "plaats": "Zwolle", "merk": "Stibat", "puntType": "inzamelbak", "materialen": ["batterijen"], "uitbetaling": [], "vrijToegankelijk": false, "gemeenteBeperking": null, "openingstijden": null, "latitude": 52.5292725, "longitude": 6.1025265, "bronId": "L046907"}}, {"type": "Feature", "geometry": {"type": "Point", "coordinates": [6.1027017, 52.5291726]}, "properties": {"type": "inleverpunt", "locatieNaam": "Hans Anders", "straatNaam": "Dobbe", "straatNr": "59", "postcode": "8032 JX", "plaats": "Zwolle", "merk": "Stibat", "puntType": "inzamelbak", "materialen": ["batterijen"], "uitbetaling": [], "vrijToegankelijk": false, "gemeenteBeperking": null, "openingstijden": null, "latitude": 52.5291726, "longitude": 6.1027017, "bronId": "L041033"}}, {"type": "Feature", "geometry": {"type": "Point", "coordinates": [6.1207653, 52.5161644]}, "properties": {"type": "inleverpunt", "locatieNaam": "Fietsvoordeelshop Zwolle", "straatNaam": "Stadionplein", "straatNr": "19", "postcode": "8025 CP", "plaats": "Zwolle", "merk": "Stibat", "puntType": "inzamelbak", "materialen": ["batterijen"], "uitbetaling": [], "vrijToegankelijk": false, "gemeenteBeperking": null, "openingstijden": null, "latitude": 52.5161644, "longitude": 6.1207653, "bronId": "L049439"}}, {"type": "Feature", "geometry": {"type": "Point", "coordinates": [6.1027229, 52.5296074]}, "properties": {"type": "inleverpunt", "locatieNaam": "8440 Etos", "straatNaam": "Dobbe", "straatNr": "26", "postcode": "8032 JX", "plaats": "Zwolle", "merk": "Stibat", "puntType": "inzamelbak", "materialen": ["batterijen"], "uitbetaling": [], "vrijToegankelijk": false, "gemeenteBeperking": null, "openingstijden": null, "latitude": 52.5296074, "longitude": 6.1027229, "bronId": "L025639"}}, {"type": "Feature", "geometry": {"type": "Point", "coordinates": [6.1218659, 52.5168273]}, "properties": {"type": "inleverpunt", "locatieNaam": "Fietsenwinkel.nl Zwolle", "straatNaam": "Stadionplein", "straatNr": "14", "postcode": "8025 CP", "plaats": "Zwolle", "merk": "Stibat", "puntType": "inzamelbak", "materialen": ["batterijen"], "uitbetaling": [], "vrijToegankelijk": false, "gemeenteBeperking": null, "openingstijden": null, "latitude": 52.5168273, "longitude": 6.1218659, "bronId": "L043982"}}, {"type": "Feature", "geometry": {"type": "Point", "coordinates": [6.1222844, 52.5168289]}, "properties": {"type": "inleverpunt", "locatieNaam": "ToyChamp", "straatNaam": "Stadionplein", "straatNr": "8", "postcode": "8025 CP", "plaats": "Zwolle", "merk": "Stibat", "puntType": "inzamelbak", "materialen": ["batterijen"], "uitbetaling": [], "vrijToegankelijk": false, "gemeenteBeperking": null, "openingstijden": null, "latitude": 52.5168289, "longitude": 6.1222844, "bronId": "L044429"}}, {"type": "Feature", "geometry": {"type": "Point", "coordinates": [6.1168625, 52.521601]}, "properties": {"type": "inleverpunt", "locatieNaam": "Picnic", "straatNaam": "Ceintuurbaan", "straatNr": "15", "postcode": "8022 AW", "plaats": "Zwolle", "merk": "Stibat", "puntType": "inzamelbak", "materialen": ["batterijen"], "uitbetaling": [], "vrijToegankelijk": false, "gemeenteBeperking": null, "openingstijden": null, "latitude": 52.521601, "longitude": 6.1168625, "bronId": "L043738"}}, {"type": "Feature", "geometry": {"type": "Point", "coordinates": [6.119165, 52.52071]}, "properties": {"type": "inleverpunt", "locatieNaam": "Cargobikes.nl BV", "straatNaam": "Ceintuurbaan", "straatNr": "14H", "postcode": "8024 AA", "plaats": "Zwolle", "merk": "Stibat", "puntType": "inzamelbak", "materialen": ["batterijen"], "uitbetaling": [], "vrijToegankelijk": false, "gemeenteBeperking": null, "openingstijden": null, "latitude": 52.52071, "longitude": 6.119165, "bronId": "L048870"}}, {"type": "Feature", "geometry": {"type": "Point", "coordinates": [6.0974039, 52.5361987]}, "properties": {"type": "inleverpunt", "locatieNaam": "Aldi", "straatNaam": "Rijnlaan", "straatNr": "125", "postcode": "8032 MX", "plaats": "Zwolle", "merk": "Stibat", "puntType": "inzamelbak", "materialen": ["batterijen"], "uitbetaling": [], "vrijToegankelijk": false, "gemeenteBeperking": null, "openingstijden": null, "latitude": 52.5361987, "longitude": 6.0974039, "bronId": "L041529"}}, {"type": "Feature", "geometry": {"type": "Point", "coordinates": [6.1236411, 52.5193917]}, "properties": {"type": "inleverpunt", "locatieNaam": "Sligro", "straatNaam": "Boerendanserdijk", "straatNr": "45", "postcode": "8024 AE", "plaats": "Zwolle", "merk": "Stibat", "puntType": "inzamelbak", "materialen": ["batterijen"], "uitbetaling": [], "vrijToegankelijk": false, "gemeenteBeperking": null, "openingstijden": null, "latitude": 52.5193917, "longitude": 6.1236411, "bronId": "L024783"}}, {"type": "Feature", "geometry": {"type": "Point", "coordinates": [6.1171761, 52.5247331]}, "properties": {"type": "inleverpunt", "locatieNaam": "Esso", "straatNaam": "Ceintuurbaan", "straatNr": "54", "postcode": "8024 AA", "plaats": "Zwolle", "merk": "Stibat", "puntType": "inzamelbak", "materialen": ["batterijen"], "uitbetaling": [], "vrijToegankelijk": false, "gemeenteBeperking": null, "openingstijden": null, "latitude": 52.5247331, "longitude": 6.1171761, "bronId": "L029537"}}, {"type": "Feature", "geometry": {"type": "Point", "coordinates": [6.1172114, 52.5247583]}, "properties": {"type": "inleverpunt", "locatieNaam": "De Haan", "straatNaam": "Ceintuurbaan", "straatNr": "54", "postcode": "8024 AA", "plaats": "Zwolle", "merk": "Stibat", "puntType": "inzamelbak", "materialen": ["batterijen"], "uitbetaling": [], "vrijToegankelijk": false, "gemeenteBeperking": null, "openingstijden": null, "latitude": 52.5247583, "longitude": 6.1172114, "bronId": "L044819"}}, {"type": "Feature", "geometry": {"type": "Point", "coordinates": [6.1345454, 52.5237845]}, "properties": {"type": "inleverpunt", "locatieNaam": "DA ReadShop Oldengarm", "straatNaam": "Campherbeeklaan", "straatNr": "54", "postcode": "8024 BZ", "plaats": "Zwolle", "merk": "Stibat", "puntType": "inzamelbak", "materialen": ["batterijen"], "uitbetaling": [], "vrijToegankelijk": false, "gemeenteBeperking": null, "openingstijden": null, "latitude": 52.5237845, "longitude": 6.1345454, "bronId": "L046697"}}, {"type": "Feature", "geometry": {"type": "Point", "coordinates": [6.134676, 52.5236907]}, "properties": {"type": "inleverpunt", "locatieNaam": "Plus", "straatNaam": "Campherbeeklaan", "straatNr": "54-2", "postcode": "8024 BZ", "plaats": "Zwolle", "merk": "Stibat", "puntType": "inzamelbak", "materialen": ["batterijen"], "uitbetaling": [], "vrijToegankelijk": false, "gemeenteBeperking": null, "openingstijden": null, "latitude": 52.5236907, "longitude": 6.134676, "bronId": "L036181"}}, {"type": "Feature", "geometry": {"type": "Point", "coordinates": [6.1334404, 52.5270255]}, "properties": {"type": "inleverpunt", "locatieNaam": "Takman", "straatNaam": "Campherbeeklaan", "straatNr": "1", "postcode": "8024 BR", "plaats": "Zwolle", "merk": "Stibat", "puntType": "inzamelbak", "materialen": ["batterijen"], "uitbetaling": [], "vrijToegankelijk": false, "gemeenteBeperking": null, "openingstijden": null, "latitude": 52.5270255, "longitude": 6.1334404, "bronId": "L028437"}}, {"type": "Feature", "geometry": {"type": "Point", "coordinates": [6.1291313, 52.5363458]}, "properties": {"type": "inleverpunt", "locatieNaam": "Agnietenberg Camping Winkel", "straatNaam": "Haesterveerweg", "straatNr": "23", "postcode": "8034 PJ", "plaats": "Zwolle", "merk": "Stibat", "puntType": "inzamelbak", "materialen": ["batterijen"], "uitbetaling": [], "vrijToegankelijk": false, "gemeenteBeperking": null, "openingstijden": null, "latitude": 52.5363458, "longitude": 6.1291313, "bronId": "L003978"}}, {"type": "Feature", "geometry": {"type": "Point", "coordinates": [6.1624719, 52.5327411]}, "properties": {"type": "inleverpunt", "locatieNaam": "Ikea", "straatNaam": "Diepholtstraat", "straatNr": "3", "postcode": "8028 PN", "plaats": "Zwolle", "merk": "Stibat", "puntType": "inzamelbak", "materialen": ["batterijen"], "uitbetaling": [], "vrijToegankelijk": false, "gemeenteBeperking": null, "openingstijden": null, "latitude": 52.5327411, "longitude": 6.1624719, "bronId": "L039758"}}, {"type": "Feature", "geometry": {"type": "Point", "coordinates": [6.1631543, 52.5338162]}, "properties": {"type": "inleverpunt", "locatieNaam": "Intratuin", "straatNaam": "Diepholtstraat", "straatNr": "1", "postcode": "8028 PN", "plaats": "Zwolle", "merk": "Stibat", "puntType": "inzamelbak", "materialen": ["batterijen"], "uitbetaling": [], "vrijToegankelijk": false, "gemeenteBeperking": null, "openingstijden": null, "latitude": 52.5338162, "longitude": 6.1631543, "bronId": "L023237"}}, {"type": "Feature", "geometry": {"type": "Point", "coordinates": [6.1660312, 52.5325538]}, "properties": {"type": "inleverpunt", "locatieNaam": "Transferro", "straatNaam": "Lingenstraat", "straatNr": "4", "postcode": "8028 PM", "plaats": "Zwolle", "merk": "Stibat", "puntType": "inzamelbak", "materialen": ["batterijen"], "uitbetaling": [], "vrijToegankelijk": false, "gemeenteBeperking": null, "openingstijden": null, "latitude": 52.5325538, "longitude": 6.1660312, "bronId": "L024938"}}, {"type": "Feature", "geometry": {"type": "Point", "coordinates": [6.1778423, 52.5304613]}, "properties": {"type": "inleverpunt", "locatieNaam": "Afvalbrengstation ROVA Zwolle", "straatNaam": "Rijnlandstraat", "straatNr": "2", "postcode": "8028 PX", "plaats": "Zwolle", "merk": "Stibat", "puntType": "inzamelbak", "materialen": ["batterijen"], "uitbetaling": [], "vrijToegankelijk": false, "gemeenteBeperking": null, "openingstijden": null, "latitude": 52.5304613, "longitude": 6.1778423, "bronId": "L035871"}}, {"type": "Feature", "geometry": {"type": "Point", "coordinates": [6.0912, 52.5048]}, "properties": {"type": "inleverpunt", "locatieNaam": "Zwolle XL Statiegeld Retourshop", "straatNaam": "Capellenstraat", "straatNr": "55", "postcode": "8014 VV", "plaats": "Zwolle", "merk": "StatieDrive", "puntType": "automaat", "materialen": ["pet-groot", "pet-klein", "blik", "krat"], "uitbetaling": ["bonnetje"], "vrijToegankelijk": true, "gemeenteBeperking": null, "openingstijden": null, "latitude": 52.5048, "longitude": 6.0912, "bronId": "statiegeld-inleveren-zwolle-zuid-business"}}, {"type": "Feature", "geometry": {"type": "Polygon", "coordinates": [[[6.101516002438264, 52.46690000417639], [6.103559002439927, 52.453082004168294], [6.101934002438152, 52.44691700416477], [6.103083002439227, 52.4444190041633], [6.105024002441107, 52.44258700416215], [6.109580002445575, 52.44053100416081], [6.120608002456571, 52.442314004161474], [6.123613002459554, 52.44229800416143], [6.12651900246242, 52.44167300416093], [6.135907002471738, 52.4415660041606], [6.137141002472945, 52.440758004160095], [6.139991002475804, 52.44191000416066], [6.140640002476516, 52.44456600416216], [6.141058002476934, 52.444704004162226], [6.141817002477665, 52.443714004161606], [6.147676002483497, 52.444441004161874], [6.151833002487765, 52.449952004164935], [6.15304300248897, 52.45019200416503], [6.153529002489464, 52.45060300416525], [6.153770002489734, 52.451819004165955], [6.154656002490633, 52.452594004166365], [6.155085002491085, 52.45365800416696], [6.15495700249098, 52.45452200416747], [6.153269002489341, 52.455900004168335], [6.152197002488316, 52.457439004169274], [6.1524340024886, 52.45926000417035], [6.1516650024878725, 52.46056600417111], [6.152365002488568, 52.460692004171165], [6.152516002488724, 52.46113500417138], [6.150099002486378, 52.46299000417255], [6.147492002483862, 52.46573200417422], [6.14414600248059, 52.467665004175466], [6.151315002487792, 52.471087004177186], [6.151899002488359, 52.470722004177], [6.167296002503767, 52.47598100417952], [6.169200002505659, 52.47612600417954], [6.170018002506465, 52.475879004179376], [6.171247002507721, 52.477395004180224], [6.1734960025099435, 52.47708700417997], [6.173627002510064, 52.476803004179786], [6.174727002511194, 52.47821300418057], [6.177661002514092, 52.47785600418026], [6.17795600251439, 52.47798200418033], [6.176965002513442, 52.47937400418114], [6.17752900251401, 52.479822004181415], [6.182076002518503, 52.4790570041808], [6.182881002519324, 52.48002800418137], [6.182832002519296, 52.48080700418179], [6.184975002521421, 52.48080400418173], [6.185128002521563, 52.480532004181605], [6.188756002525163, 52.48061100418149], [6.1895280025259325, 52.48068400418151], [6.19051800252694, 52.481746004182064], [6.192551002528953, 52.481632004181975], [6.193248002529676, 52.48287700418267], [6.193730002530154, 52.48289200418265], [6.192351002528852, 52.48557500418421], [6.193683002530193, 52.48625100418465], [6.195652002532205, 52.488845004186025], [6.19682500253338, 52.48943500418635], [6.196520002533086, 52.4896790041865], [6.198456002535024, 52.49045900418686], [6.201003002537564, 52.4909950041871], [6.200167002536733, 52.49088200418706], [6.198743002535368, 52.492817004188204], [6.199946002536571, 52.4931770041884], [6.199713002536388, 52.49527400418958], [6.197960002534665, 52.495771004189955], [6.196893002533603, 52.49547100418983], [6.19254800252934, 52.49742400419109], [6.192043002528855, 52.49808200419148], [6.191156002527975, 52.49798600419146], [6.19093300252777, 52.49864500419182], [6.189806002526659, 52.499014004192055], [6.189290002526147, 52.498805004191986], [6.188150002525034, 52.49955700419246], [6.187655002524578, 52.5010010041933], [6.18658200252353, 52.50154100419367], [6.186420002523417, 52.50345600419478], [6.183912002520981, 52.505589004196075], [6.184488002521579, 52.506633004196686], [6.184071002521195, 52.50774100419731], [6.173322002510814, 52.518830004204055], [6.178655002516114, 52.519409004204206], [6.1829530025203745, 52.51933500420403], [6.182577002520006, 52.51951100420413], [6.183109002520565, 52.52088700420489], [6.18785100252533, 52.52351600420628], [6.187442002524957, 52.52477900420698], [6.193050002530686, 52.53184800421088], [6.189631002527404, 52.53616000421346], [6.210811002549143, 52.56779800423082], [6.209478002547841, 52.568525004231276], [6.205456002544022, 52.5752500042352], [6.202138002540971, 52.584949004240855], [6.194533002533428, 52.58415100424067], [6.190092002529057, 52.58512600424138], [6.182788002521894, 52.58778700424314], [6.179901002519043, 52.58794000424331], [6.147583002486982, 52.58520400424284], [6.147532002486898, 52.58380000424204], [6.150408002489743, 52.58374700424192], [6.153148002492432, 52.58276900424125], [6.155070002494332, 52.58270600424118], [6.157425002496618, 52.580777004240005], [6.158812002497855, 52.57540600423689], [6.166814002505524, 52.56525200423085], [6.164711002503424, 52.564515004230486], [6.140527002479158, 52.55210200422418], [6.132014002470801, 52.555123004226196], [6.13030300246911, 52.55531600422638], [6.1286790024675355, 52.55658100422714], [6.12774300246661, 52.556713004227234], [6.126751002465612, 52.556130004226915], [6.125978002464847, 52.55610500422696], [6.122272002461203, 52.557217004227674], [6.121453002460388, 52.5569820042276], [6.118998002457974, 52.55767500422807], [6.118081002457057, 52.55739700422794], [6.11721900245623, 52.558496004228566], [6.116538002455556, 52.558461004228604], [6.115794002454831, 52.55899100422892], [6.114589002453675, 52.56045700422981], [6.113267002452375, 52.56077300423001], [6.113134002452247, 52.56104600423017], [6.1121560024512736, 52.56079500423006], [6.109925002449069, 52.561049004230284], [6.110383002449618, 52.56466200423233], [6.110060002449368, 52.5674120042339], [6.1080720024474, 52.56749400423403], [6.108028002447345, 52.56708900423381], [6.103336002442708, 52.56738800423415], [6.100787002440087, 52.5637620042321], [6.099044002438324, 52.56235200423138], [6.0976840024368775, 52.55862900422928], [6.096007002435201, 52.557928004228934], [6.09335000243251, 52.555788004227814], [6.09241100243152, 52.55351600422652], [6.089400002428491, 52.55184100422567], [6.086616002425758, 52.552829004226325], [6.081128002420344, 52.55384700422706], [6.078226002417497, 52.554983004227815], [6.077876002417161, 52.5554180042281], [6.074186002413533, 52.55640200422876], [6.076163002415505, 52.556963004229004], [6.0751830024145645, 52.55814900422969], [6.073544002412969, 52.55917600423035], [6.070156002409585, 52.558226004229915], [6.0631540024028885, 52.56728000423529], [6.033365002373134, 52.55898000423145], [6.033038002372823, 52.559403004231704], [6.018010002357808, 52.55516100422973], [6.018451002358228, 52.55454900422938], [6.003619002343401, 52.55039100422743], [6.007288002346894, 52.5451180042243], [6.019510002358927, 52.541939004222144], [6.030455002369676, 52.5380610042196], [6.029898002368918, 52.5305530042153], [6.030171002369084, 52.52675400421311], [6.028187002367107, 52.52634300421292], [6.024832002363778, 52.526308004213014], [6.023643002362627, 52.527366004213654], [6.018670002357649, 52.52591900421298], [6.017055002356013, 52.52458400421226], [6.015510002354428, 52.522771004211236], [6.014714002353544, 52.51943000420935], [6.015296002354072, 52.51749500420823], [6.017085002355783, 52.515251004206895], [6.020470002359076, 52.512854004205394], [6.024570002363085, 52.51078200420407], [6.029556002367987, 52.50903900420295], [6.0366510023749775, 52.50738700420177], [6.042409002380647, 52.50559600420055], [6.054666002392643, 52.4995470041967], [6.057419002395311, 52.49719500419527], [6.063200002400808, 52.48834400418997], [6.0666720024041645, 52.48494700418791], [6.069659002407077, 52.4830070041867], [6.073717002411054, 52.48114100418548], [6.078084002415351, 52.47976700418459], [6.085987002423147, 52.477996004183304], [6.089268002426371, 52.47681100418251], [6.092990002430016, 52.474853004181256], [6.097492002434403, 52.47181500417936], [6.09990000243673, 52.469518004177935], [6.101516002438264, 52.46690000417639]]]}, "properties": {"type": "boundary", "gemeente": "Zwolle"}}]}